[0.100s] Invoking command in '/root/ros_ws/src/Rescue_Car_ws/build/std_msgs': CMAKE_PREFIX_PATH=/root/ros_ws/src/Rescue_Car_ws/install/builtin_interfaces:/root/ros_ws/src/Rescue_Car_ws/install/micro_ros_demos_rclc:/root/ros_ws/src/Rescue_Car_ws/install/common_interfaces:/root/ros_ws/src/Rescue_Car_ws/install/visualization_msgs:/root/ros_ws/src/Rescue_Car_ws/install/test_msgs:/root/ros_ws/src/Rescue_Car_ws/install/example_interfaces:/root/ros_ws/src/Rescue_Car_ws/install/action_msgs:/root/ros_ws/src/Rescue_Car_ws/install/unique_identifier_msgs:/root/ros_ws/src/Rescue_Car_ws/install/trajectory_msgs:/root/ros_ws/src/Rescue_Car_ws/install/stereo_msgs:/root/ros_ws/src/Rescue_Car_ws/install/std_srvs:/root/ros_ws/src/Rescue_Car_ws/install/shape_msgs:/root/ros_ws/src/Rescue_Car_ws/install/sensor_msgs:/root/ros_ws/src/Rescue_Car_ws/install/nav_msgs:/root/ros_ws/src/Rescue_Car_ws/install/diagnostic_msgs:/root/ros_ws/src/Rescue_Car_ws/install/geometry_msgs:/root/ros_ws/src/Rescue_Car_ws/install/actionlib_msgs:/root/ros_ws/src/Rescue_Car_ws/install/std_msgs:/root/ros_ws/src/Rescue_Car_ws/install/statistics_msgs:/root/ros_ws/src/Rescue_Car_ws/install/rosidl_typesupport_microxrcedds_test_msg:/root/ros_ws/src/Rescue_Car_ws/install/rosidl_typesupport_microxrcedds_cpp_tests:/root/ros_ws/src/Rescue_Car_ws/install/rmw_microxrcedds:/root/ros_ws/src/Rescue_Car_ws/install/rosidl_typesupport_microxrcedds_cpp:/root/ros_ws/src/Rescue_Car_ws/install/rosidl_typesupport_microxrcedds_c_tests:/root/ros_ws/src/Rescue_Car_ws/install/rosidl_typesupport_microxrcedds_c:/root/ros_ws/src/Rescue_Car_ws/install/rosgraph_msgs:/root/ros_ws/src/Rescue_Car_ws/install/rclc_parameter:/root/ros_ws/src/Rescue_Car_ws/install/rclc:/root/ros_ws/src/Rescue_Car_ws/install/composition_interfaces:/root/ros_ws/src/Rescue_Car_ws/install/rcl_interfaces:/root/ros_ws/src/Rescue_Car_ws/install/microxrcedds_client:/root/ros_ws/src/Rescue_Car_ws/install/microcdr:/root/ros_ws/src/Rescue_Car_ws/install/micro_ros_utilities:/root/ros_ws/src/Rescue_Car_ws/install/micro_ros_setup:/root/ros_ws/src/Rescue_Car_ws/install/micro_ros_agent:/root/ros_ws/src/Rescue_Car_ws/install/micro_ros_msgs:/root/ros_ws/src/Rescue_Car_ws/install/lifecycle_msgs:/root/ros_ws/src/Rescue_Car_ws/install/complex_msgs:/root/ros_ws/src/Rescue_Car_ws/install/car:/root/ros_ws/src/Rescue_Car_ws/install/sensor_msgs_py:/opt/ros/humble LD_LIBRARY_PATH=/root/ros_ws/src/Rescue_Car_ws/install/builtin_interfaces/lib:/root/ros_ws/src/Rescue_Car_ws/install/visualization_msgs/lib:/root/ros_ws/src/Rescue_Car_ws/install/test_msgs/lib:/root/ros_ws/src/Rescue_Car_ws/install/example_interfaces/lib:/root/ros_ws/src/Rescue_Car_ws/install/action_msgs/lib:/root/ros_ws/src/Rescue_Car_ws/install/unique_identifier_msgs/lib:/root/ros_ws/src/Rescue_Car_ws/install/trajectory_msgs/lib:/root/ros_ws/src/Rescue_Car_ws/install/stereo_msgs/lib:/root/ros_ws/src/Rescue_Car_ws/install/std_srvs/lib:/root/ros_ws/src/Rescue_Car_ws/install/shape_msgs/lib:/root/ros_ws/src/Rescue_Car_ws/install/sensor_msgs/lib:/root/ros_ws/src/Rescue_Car_ws/install/nav_msgs/lib:/root/ros_ws/src/Rescue_Car_ws/install/diagnostic_msgs/lib:/root/ros_ws/src/Rescue_Car_ws/install/geometry_msgs/lib:/root/ros_ws/src/Rescue_Car_ws/install/actionlib_msgs/lib:/root/ros_ws/src/Rescue_Car_ws/install/std_msgs/lib:/root/ros_ws/src/Rescue_Car_ws/install/statistics_msgs/lib:/root/ros_ws/src/Rescue_Car_ws/install/rosidl_typesupport_microxrcedds_test_msg/lib:/root/ros_ws/src/Rescue_Car_ws/install/rmw_microxrcedds/lib:/root/ros_ws/src/Rescue_Car_ws/install/rosidl_typesupport_microxrcedds_cpp/lib:/root/ros_ws/src/Rescue_Car_ws/install/rosidl_typesupport_microxrcedds_c/lib:/root/ros_ws/src/Rescue_Car_ws/install/rosgraph_msgs/lib:/root/ros_ws/src/Rescue_Car_ws/install/rclc_parameter/lib:/root/ros_ws/src/Rescue_Car_ws/install/rclc/lib:/root/ros_ws/src/Rescue_Car_ws/install/composition_interfaces/lib:/root/ros_ws/src/Rescue_Car_ws/install/rcl_interfaces/lib:/root/ros_ws/src/Rescue_Car_ws/install/micro_ros_utilities/lib:/root/ros_ws/src/Rescue_Car_ws/install/micro_ros_agent/lib:/root/ros_ws/src/Rescue_Car_ws/install/micro_ros_msgs/lib:/root/ros_ws/src/Rescue_Car_ws/install/lifecycle_msgs/lib:/root/ros_ws/src/Rescue_Car_ws/install/complex_msgs/lib:/usr/lib/x86_64-linux-gnu/gazebo-11/plugins:/opt/ros/humble/opt/rviz_ogre_vendor/lib:/opt/ros/humble/lib/x86_64-linux-gnu:/opt/ros/humble/lib /usr/bin/cmake --build /root/ros_ws/src/Rescue_Car_ws/build/std_msgs -- -j20 -l20
[0.167s] [  0%] Built target std_msgs__cpp
[0.184s] [ 12%] Built target std_msgs__rosidl_generator_c
[0.188s] [ 12%] Built target ament_cmake_python_copy_std_msgs
[0.230s] [ 24%] Built target std_msgs__rosidl_typesupport_cpp
[0.236s] [ 37%] Built target std_msgs__rosidl_typesupport_introspection_cpp
[0.238s] [ 49%] Built target std_msgs__rosidl_typesupport_fastrtps_cpp
[0.239s] [ 62%] Built target std_msgs__rosidl_typesupport_introspection_c
[0.242s] [ 74%] Built target std_msgs__rosidl_typesupport_fastrtps_c
[0.261s] [ 86%] Built target std_msgs__rosidl_typesupport_c
[0.289s] [ 86%] Built target std_msgs
[0.319s] [ 86%] Built target std_msgs__py
[0.373s] [ 98%] Built target std_msgs__rosidl_generator_py
[0.413s] [ 99%] Built target std_msgs__rosidl_typesupport_c__pyext
[0.416s] [100%] Built target std_msgs__rosidl_typesupport_fastrtps_c__pyext
[0.418s] [100%] Built target std_msgs__rosidl_typesupport_introspection_c__pyext
[0.505s] running egg_info
[0.505s] writing std_msgs.egg-info/PKG-INFO
[0.505s] writing dependency_links to std_msgs.egg-info/dependency_links.txt
[0.505s] writing top-level names to std_msgs.egg-info/top_level.txt
[0.507s] reading manifest file 'std_msgs.egg-info/SOURCES.txt'
[0.508s] writing manifest file 'std_msgs.egg-info/SOURCES.txt'
[0.542s] [100%] Built target ament_cmake_python_build_std_msgs_egg
[0.568s] Invoked command in '/root/ros_ws/src/Rescue_Car_ws/build/std_msgs' returned '0': CMAKE_PREFIX_PATH=/root/ros_ws/src/Rescue_Car_ws/install/builtin_interfaces:/root/ros_ws/src/Rescue_Car_ws/install/micro_ros_demos_rclc:/root/ros_ws/src/Rescue_Car_ws/install/common_interfaces:/root/ros_ws/src/Rescue_Car_ws/install/visualization_msgs:/root/ros_ws/src/Rescue_Car_ws/install/test_msgs:/root/ros_ws/src/Rescue_Car_ws/install/example_interfaces:/root/ros_ws/src/Rescue_Car_ws/install/action_msgs:/root/ros_ws/src/Rescue_Car_ws/install/unique_identifier_msgs:/root/ros_ws/src/Rescue_Car_ws/install/trajectory_msgs:/root/ros_ws/src/Rescue_Car_ws/install/stereo_msgs:/root/ros_ws/src/Rescue_Car_ws/install/std_srvs:/root/ros_ws/src/Rescue_Car_ws/install/shape_msgs:/root/ros_ws/src/Rescue_Car_ws/install/sensor_msgs:/root/ros_ws/src/Rescue_Car_ws/install/nav_msgs:/root/ros_ws/src/Rescue_Car_ws/install/diagnostic_msgs:/root/ros_ws/src/Rescue_Car_ws/install/geometry_msgs:/root/ros_ws/src/Rescue_Car_ws/install/actionlib_msgs:/root/ros_ws/src/Rescue_Car_ws/install/std_msgs:/root/ros_ws/src/Rescue_Car_ws/install/statistics_msgs:/root/ros_ws/src/Rescue_Car_ws/install/rosidl_typesupport_microxrcedds_test_msg:/root/ros_ws/src/Rescue_Car_ws/install/rosidl_typesupport_microxrcedds_cpp_tests:/root/ros_ws/src/Rescue_Car_ws/install/rmw_microxrcedds:/root/ros_ws/src/Rescue_Car_ws/install/rosidl_typesupport_microxrcedds_cpp:/root/ros_ws/src/Rescue_Car_ws/install/rosidl_typesupport_microxrcedds_c_tests:/root/ros_ws/src/Rescue_Car_ws/install/rosidl_typesupport_microxrcedds_c:/root/ros_ws/src/Rescue_Car_ws/install/rosgraph_msgs:/root/ros_ws/src/Rescue_Car_ws/install/rclc_parameter:/root/ros_ws/src/Rescue_Car_ws/install/rclc:/root/ros_ws/src/Rescue_Car_ws/install/composition_interfaces:/root/ros_ws/src/Rescue_Car_ws/install/rcl_interfaces:/root/ros_ws/src/Rescue_Car_ws/install/microxrcedds_client:/root/ros_ws/src/Rescue_Car_ws/install/microcdr:/root/ros_ws/src/Rescue_Car_ws/install/micro_ros_utilities:/root/ros_ws/src/Rescue_Car_ws/install/micro_ros_setup:/root/ros_ws/src/Rescue_Car_ws/install/micro_ros_agent:/root/ros_ws/src/Rescue_Car_ws/install/micro_ros_msgs:/root/ros_ws/src/Rescue_Car_ws/install/lifecycle_msgs:/root/ros_ws/src/Rescue_Car_ws/install/complex_msgs:/root/ros_ws/src/Rescue_Car_ws/install/car:/root/ros_ws/src/Rescue_Car_ws/install/sensor_msgs_py:/opt/ros/humble LD_LIBRARY_PATH=/root/ros_ws/src/Rescue_Car_ws/install/builtin_interfaces/lib:/root/ros_ws/src/Rescue_Car_ws/install/visualization_msgs/lib:/root/ros_ws/src/Rescue_Car_ws/install/test_msgs/lib:/root/ros_ws/src/Rescue_Car_ws/install/example_interfaces/lib:/root/ros_ws/src/Rescue_Car_ws/install/action_msgs/lib:/root/ros_ws/src/Rescue_Car_ws/install/unique_identifier_msgs/lib:/root/ros_ws/src/Rescue_Car_ws/install/trajectory_msgs/lib:/root/ros_ws/src/Rescue_Car_ws/install/stereo_msgs/lib:/root/ros_ws/src/Rescue_Car_ws/install/std_srvs/lib:/root/ros_ws/src/Rescue_Car_ws/install/shape_msgs/lib:/root/ros_ws/src/Rescue_Car_ws/install/sensor_msgs/lib:/root/ros_ws/src/Rescue_Car_ws/install/nav_msgs/lib:/root/ros_ws/src/Rescue_Car_ws/install/diagnostic_msgs/lib:/root/ros_ws/src/Rescue_Car_ws/install/geometry_msgs/lib:/root/ros_ws/src/Rescue_Car_ws/install/actionlib_msgs/lib:/root/ros_ws/src/Rescue_Car_ws/install/std_msgs/lib:/root/ros_ws/src/Rescue_Car_ws/install/statistics_msgs/lib:/root/ros_ws/src/Rescue_Car_ws/install/rosidl_typesupport_microxrcedds_test_msg/lib:/root/ros_ws/src/Rescue_Car_ws/install/rmw_microxrcedds/lib:/root/ros_ws/src/Rescue_Car_ws/install/rosidl_typesupport_microxrcedds_cpp/lib:/root/ros_ws/src/Rescue_Car_ws/install/rosidl_typesupport_microxrcedds_c/lib:/root/ros_ws/src/Rescue_Car_ws/install/rosgraph_msgs/lib:/root/ros_ws/src/Rescue_Car_ws/install/rclc_parameter/lib:/root/ros_ws/src/Rescue_Car_ws/install/rclc/lib:/root/ros_ws/src/Rescue_Car_ws/install/composition_interfaces/lib:/root/ros_ws/src/Rescue_Car_ws/install/rcl_interfaces/lib:/root/ros_ws/src/Rescue_Car_ws/install/micro_ros_utilities/lib:/root/ros_ws/src/Rescue_Car_ws/install/micro_ros_agent/lib:/root/ros_ws/src/Rescue_Car_ws/install/micro_ros_msgs/lib:/root/ros_ws/src/Rescue_Car_ws/install/lifecycle_msgs/lib:/root/ros_ws/src/Rescue_Car_ws/install/complex_msgs/lib:/usr/lib/x86_64-linux-gnu/gazebo-11/plugins:/opt/ros/humble/opt/rviz_ogre_vendor/lib:/opt/ros/humble/lib/x86_64-linux-gnu:/opt/ros/humble/lib /usr/bin/cmake --build /root/ros_ws/src/Rescue_Car_ws/build/std_msgs -- -j20 -l20
[0.569s] Invoking command in '/root/ros_ws/src/Rescue_Car_ws/build/std_msgs': CMAKE_PREFIX_PATH=/root/ros_ws/src/Rescue_Car_ws/install/builtin_interfaces:/root/ros_ws/src/Rescue_Car_ws/install/micro_ros_demos_rclc:/root/ros_ws/src/Rescue_Car_ws/install/common_interfaces:/root/ros_ws/src/Rescue_Car_ws/install/visualization_msgs:/root/ros_ws/src/Rescue_Car_ws/install/test_msgs:/root/ros_ws/src/Rescue_Car_ws/install/example_interfaces:/root/ros_ws/src/Rescue_Car_ws/install/action_msgs:/root/ros_ws/src/Rescue_Car_ws/install/unique_identifier_msgs:/root/ros_ws/src/Rescue_Car_ws/install/trajectory_msgs:/root/ros_ws/src/Rescue_Car_ws/install/stereo_msgs:/root/ros_ws/src/Rescue_Car_ws/install/std_srvs:/root/ros_ws/src/Rescue_Car_ws/install/shape_msgs:/root/ros_ws/src/Rescue_Car_ws/install/sensor_msgs:/root/ros_ws/src/Rescue_Car_ws/install/nav_msgs:/root/ros_ws/src/Rescue_Car_ws/install/diagnostic_msgs:/root/ros_ws/src/Rescue_Car_ws/install/geometry_msgs:/root/ros_ws/src/Rescue_Car_ws/install/actionlib_msgs:/root/ros_ws/src/Rescue_Car_ws/install/std_msgs:/root/ros_ws/src/Rescue_Car_ws/install/statistics_msgs:/root/ros_ws/src/Rescue_Car_ws/install/rosidl_typesupport_microxrcedds_test_msg:/root/ros_ws/src/Rescue_Car_ws/install/rosidl_typesupport_microxrcedds_cpp_tests:/root/ros_ws/src/Rescue_Car_ws/install/rmw_microxrcedds:/root/ros_ws/src/Rescue_Car_ws/install/rosidl_typesupport_microxrcedds_cpp:/root/ros_ws/src/Rescue_Car_ws/install/rosidl_typesupport_microxrcedds_c_tests:/root/ros_ws/src/Rescue_Car_ws/install/rosidl_typesupport_microxrcedds_c:/root/ros_ws/src/Rescue_Car_ws/install/rosgraph_msgs:/root/ros_ws/src/Rescue_Car_ws/install/rclc_parameter:/root/ros_ws/src/Rescue_Car_ws/install/rclc:/root/ros_ws/src/Rescue_Car_ws/install/composition_interfaces:/root/ros_ws/src/Rescue_Car_ws/install/rcl_interfaces:/root/ros_ws/src/Rescue_Car_ws/install/microxrcedds_client:/root/ros_ws/src/Rescue_Car_ws/install/microcdr:/root/ros_ws/src/Rescue_Car_ws/install/micro_ros_utilities:/root/ros_ws/src/Rescue_Car_ws/install/micro_ros_setup:/root/ros_ws/src/Rescue_Car_ws/install/micro_ros_agent:/root/ros_ws/src/Rescue_Car_ws/install/micro_ros_msgs:/root/ros_ws/src/Rescue_Car_ws/install/lifecycle_msgs:/root/ros_ws/src/Rescue_Car_ws/install/complex_msgs:/root/ros_ws/src/Rescue_Car_ws/install/car:/root/ros_ws/src/Rescue_Car_ws/install/sensor_msgs_py:/opt/ros/humble LD_LIBRARY_PATH=/root/ros_ws/src/Rescue_Car_ws/install/builtin_interfaces/lib:/root/ros_ws/src/Rescue_Car_ws/install/visualization_msgs/lib:/root/ros_ws/src/Rescue_Car_ws/install/test_msgs/lib:/root/ros_ws/src/Rescue_Car_ws/install/example_interfaces/lib:/root/ros_ws/src/Rescue_Car_ws/install/action_msgs/lib:/root/ros_ws/src/Rescue_Car_ws/install/unique_identifier_msgs/lib:/root/ros_ws/src/Rescue_Car_ws/install/trajectory_msgs/lib:/root/ros_ws/src/Rescue_Car_ws/install/stereo_msgs/lib:/root/ros_ws/src/Rescue_Car_ws/install/std_srvs/lib:/root/ros_ws/src/Rescue_Car_ws/install/shape_msgs/lib:/root/ros_ws/src/Rescue_Car_ws/install/sensor_msgs/lib:/root/ros_ws/src/Rescue_Car_ws/install/nav_msgs/lib:/root/ros_ws/src/Rescue_Car_ws/install/diagnostic_msgs/lib:/root/ros_ws/src/Rescue_Car_ws/install/geometry_msgs/lib:/root/ros_ws/src/Rescue_Car_ws/install/actionlib_msgs/lib:/root/ros_ws/src/Rescue_Car_ws/install/std_msgs/lib:/root/ros_ws/src/Rescue_Car_ws/install/statistics_msgs/lib:/root/ros_ws/src/Rescue_Car_ws/install/rosidl_typesupport_microxrcedds_test_msg/lib:/root/ros_ws/src/Rescue_Car_ws/install/rmw_microxrcedds/lib:/root/ros_ws/src/Rescue_Car_ws/install/rosidl_typesupport_microxrcedds_cpp/lib:/root/ros_ws/src/Rescue_Car_ws/install/rosidl_typesupport_microxrcedds_c/lib:/root/ros_ws/src/Rescue_Car_ws/install/rosgraph_msgs/lib:/root/ros_ws/src/Rescue_Car_ws/install/rclc_parameter/lib:/root/ros_ws/src/Rescue_Car_ws/install/rclc/lib:/root/ros_ws/src/Rescue_Car_ws/install/composition_interfaces/lib:/root/ros_ws/src/Rescue_Car_ws/install/rcl_interfaces/lib:/root/ros_ws/src/Rescue_Car_ws/install/micro_ros_utilities/lib:/root/ros_ws/src/Rescue_Car_ws/install/micro_ros_agent/lib:/root/ros_ws/src/Rescue_Car_ws/install/micro_ros_msgs/lib:/root/ros_ws/src/Rescue_Car_ws/install/lifecycle_msgs/lib:/root/ros_ws/src/Rescue_Car_ws/install/complex_msgs/lib:/usr/lib/x86_64-linux-gnu/gazebo-11/plugins:/opt/ros/humble/opt/rviz_ogre_vendor/lib:/opt/ros/humble/lib/x86_64-linux-gnu:/opt/ros/humble/lib /usr/bin/cmake --install /root/ros_ws/src/Rescue_Car_ws/build/std_msgs
[0.598s] -- Install configuration: ""
[0.598s] -- Up-to-date: /root/ros_ws/src/Rescue_Car_ws/install/std_msgs/share/ament_index/resource_index/rosidl_interfaces/std_msgs
[0.599s] -- Up-to-date: /root/ros_ws/src/Rescue_Car_ws/install/std_msgs/include/std_msgs/std_msgs
[0.599s] -- Up-to-date: /root/ros_ws/src/Rescue_Car_ws/install/std_msgs/include/std_msgs/std_msgs/msg
[0.599s] -- Up-to-date: /root/ros_ws/src/Rescue_Car_ws/install/std_msgs/include/std_msgs/std_msgs/msg/u_int32.h
[0.600s] -- Up-to-date: /root/ros_ws/src/Rescue_Car_ws/install/std_msgs/include/std_msgs/std_msgs/msg/int8.h
[0.601s] -- Up-to-date: /root/ros_ws/src/Rescue_Car_ws/install/std_msgs/include/std_msgs/std_msgs/msg/byte.h
[0.601s] -- Up-to-date: /root/ros_ws/src/Rescue_Car_ws/install/std_msgs/include/std_msgs/std_msgs/msg/u_int16_multi_array.h
[0.601s] -- Up-to-date: /root/ros_ws/src/Rescue_Car_ws/install/std_msgs/include/std_msgs/std_msgs/msg/color_rgba.h
[0.601s] -- Up-to-date: /root/ros_ws/src/Rescue_Car_ws/install/std_msgs/include/std_msgs/std_msgs/msg/byte_multi_array.h
[0.601s] -- Up-to-date: /root/ros_ws/src/Rescue_Car_ws/install/std_msgs/include/std_msgs/std_msgs/msg/int16.h
[0.602s] -- Up-to-date: /root/ros_ws/src/Rescue_Car_ws/install/std_msgs/include/std_msgs/std_msgs/msg/char.h
[0.602s] -- Up-to-date: /root/ros_ws/src/Rescue_Car_ws/install/std_msgs/include/std_msgs/std_msgs/msg/int64_multi_array.h
[0.602s] -- Up-to-date: /root/ros_ws/src/Rescue_Car_ws/install/std_msgs/include/std_msgs/std_msgs/msg/int8_multi_array.h
[0.602s] -- Up-to-date: /root/ros_ws/src/Rescue_Car_ws/install/std_msgs/include/std_msgs/std_msgs/msg/u_int64.h
[0.603s] -- Up-to-date: /root/ros_ws/src/Rescue_Car_ws/install/std_msgs/include/std_msgs/std_msgs/msg/int32_multi_array.h
[0.603s] -- Up-to-date: /root/ros_ws/src/Rescue_Car_ws/install/std_msgs/include/std_msgs/std_msgs/msg/int32.h
[0.603s] -- Up-to-date: /root/ros_ws/src/Rescue_Car_ws/install/std_msgs/include/std_msgs/std_msgs/msg/float64_multi_array.h
[0.603s] -- Up-to-date: /root/ros_ws/src/Rescue_Car_ws/install/std_msgs/include/std_msgs/std_msgs/msg/float32_multi_array.h
[0.604s] -- Up-to-date: /root/ros_ws/src/Rescue_Car_ws/install/std_msgs/include/std_msgs/std_msgs/msg/float64.h
[0.604s] -- Up-to-date: /root/ros_ws/src/Rescue_Car_ws/install/std_msgs/include/std_msgs/std_msgs/msg/bool.h
[0.604s] -- Up-to-date: /root/ros_ws/src/Rescue_Car_ws/install/std_msgs/include/std_msgs/std_msgs/msg/detail
[0.604s] -- Up-to-date: /root/ros_ws/src/Rescue_Car_ws/install/std_msgs/include/std_msgs/std_msgs/msg/detail/byte_multi_array__struct.h
[0.604s] -- Up-to-date: /root/ros_ws/src/Rescue_Car_ws/install/std_msgs/include/std_msgs/std_msgs/msg/detail/char__functions.c
[0.604s] -- Up-to-date: /root/ros_ws/src/Rescue_Car_ws/install/std_msgs/include/std_msgs/std_msgs/msg/detail/u_int16_multi_array__functions.c
[0.604s] -- Up-to-date: /root/ros_ws/src/Rescue_Car_ws/install/std_msgs/include/std_msgs/std_msgs/msg/detail/u_int8_multi_array__functions.h
[0.605s] -- Up-to-date: /root/ros_ws/src/Rescue_Car_ws/install/std_msgs/include/std_msgs/std_msgs/msg/detail/u_int32__type_support.h
[0.605s] -- Up-to-date: /root/ros_ws/src/Rescue_Car_ws/install/std_msgs/include/std_msgs/std_msgs/msg/detail/int16_multi_array__struct.h
[0.605s] -- Up-to-date: /root/ros_ws/src/Rescue_Car_ws/install/std_msgs/include/std_msgs/std_msgs/msg/detail/header__functions.h
[0.605s] -- Up-to-date: /root/ros_ws/src/Rescue_Car_ws/install/std_msgs/include/std_msgs/std_msgs/msg/detail/int8_multi_array__functions.c
[0.605s] -- Up-to-date: /root/ros_ws/src/Rescue_Car_ws/install/std_msgs/include/std_msgs/std_msgs/msg/detail/bool__type_support.h
[0.605s] -- Up-to-date: /root/ros_ws/src/Rescue_Car_ws/install/std_msgs/include/std_msgs/std_msgs/msg/detail/color_rgba__struct.h
[0.605s] -- Up-to-date: /root/ros_ws/src/Rescue_Car_ws/install/std_msgs/include/std_msgs/std_msgs/msg/detail/u_int32__struct.h
[0.606s] -- Up-to-date: /root/ros_ws/src/Rescue_Car_ws/install/std_msgs/include/std_msgs/std_msgs/msg/detail/u_int16_multi_array__type_support.h
[0.606s] -- Up-to-date: /root/ros_ws/src/Rescue_Car_ws/install/std_msgs/include/std_msgs/std_msgs/msg/detail/u_int8_multi_array__functions.c
[0.606s] -- Up-to-date: /root/ros_ws/src/Rescue_Car_ws/install/std_msgs/include/std_msgs/std_msgs/msg/detail/char__struct.h
[0.607s] -- Up-to-date: /root/ros_ws/src/Rescue_Car_ws/install/std_msgs/include/std_msgs/std_msgs/msg/detail/float64_multi_array__functions.c
[0.607s] -- Up-to-date: /root/ros_ws/src/Rescue_Car_ws/install/std_msgs/include/std_msgs/std_msgs/msg/detail/u_int8_multi_array__type_support.h
[0.608s] -- Up-to-date: /root/ros_ws/src/Rescue_Car_ws/install/std_msgs/include/std_msgs/std_msgs/msg/detail/u_int64__functions.h
[0.608s] -- Up-to-date: /root/ros_ws/src/Rescue_Car_ws/install/std_msgs/include/std_msgs/std_msgs/msg/detail/float32_multi_array__struct.h
[0.608s] -- Up-to-date: /root/ros_ws/src/Rescue_Car_ws/install/std_msgs/include/std_msgs/std_msgs/msg/detail/int64_multi_array__type_support.h
[0.608s] -- Up-to-date: /root/ros_ws/src/Rescue_Car_ws/install/std_msgs/include/std_msgs/std_msgs/msg/detail/empty__struct.h
[0.608s] -- Up-to-date: /root/ros_ws/src/Rescue_Car_ws/install/std_msgs/include/std_msgs/std_msgs/msg/detail/int16__functions.h
[0.609s] -- Up-to-date: /root/ros_ws/src/Rescue_Car_ws/install/std_msgs/include/std_msgs/std_msgs/msg/detail/header__struct.h
[0.609s] -- Up-to-date: /root/ros_ws/src/Rescue_Car_ws/install/std_msgs/include/std_msgs/std_msgs/msg/detail/u_int64_multi_array__functions.h
[0.609s] -- Up-to-date: /root/ros_ws/src/Rescue_Car_ws/install/std_msgs/include/std_msgs/std_msgs/msg/detail/int16__functions.c
[0.609s] -- Up-to-date: /root/ros_ws/src/Rescue_Car_ws/install/std_msgs/include/std_msgs/std_msgs/msg/detail/int16_multi_array__functions.h
[0.610s] -- Up-to-date: /root/ros_ws/src/Rescue_Car_ws/install/std_msgs/include/std_msgs/std_msgs/msg/detail/int64__struct.h
[0.610s] -- Up-to-date: /root/ros_ws/src/Rescue_Car_ws/install/std_msgs/include/std_msgs/std_msgs/msg/detail/color_rgba__functions.c
[0.610s] -- Up-to-date: /root/ros_ws/src/Rescue_Car_ws/install/std_msgs/include/std_msgs/std_msgs/msg/detail/int32__functions.h
[0.610s] -- Up-to-date: /root/ros_ws/src/Rescue_Car_ws/install/std_msgs/include/std_msgs/std_msgs/msg/detail/float32__struct.h
[0.610s] -- Up-to-date: /root/ros_ws/src/Rescue_Car_ws/install/std_msgs/include/std_msgs/std_msgs/msg/detail/float32_multi_array__functions.c
[0.611s] -- Up-to-date: /root/ros_ws/src/Rescue_Car_ws/install/std_msgs/include/std_msgs/std_msgs/msg/detail/int64_multi_array__functions.c
[0.611s] -- Up-to-date: /root/ros_ws/src/Rescue_Car_ws/install/std_msgs/include/std_msgs/std_msgs/msg/detail/int8_multi_array__functions.h
[0.611s] -- Up-to-date: /root/ros_ws/src/Rescue_Car_ws/install/std_msgs/include/std_msgs/std_msgs/msg/detail/float32_multi_array__functions.h
[0.612s] -- Up-to-date: /root/ros_ws/src/Rescue_Car_ws/install/std_msgs/include/std_msgs/std_msgs/msg/detail/color_rgba__functions.h
[0.612s] -- Up-to-date: /root/ros_ws/src/Rescue_Car_ws/install/std_msgs/include/std_msgs/std_msgs/msg/detail/u_int16__struct.h
[0.612s] -- Up-to-date: /root/ros_ws/src/Rescue_Car_ws/install/std_msgs/include/std_msgs/std_msgs/msg/detail/int16_multi_array__functions.c
[0.612s] -- Up-to-date: /root/ros_ws/src/Rescue_Car_ws/install/std_msgs/include/std_msgs/std_msgs/msg/detail/int32_multi_array__functions.c
[0.613s] -- Up-to-date: /root/ros_ws/src/Rescue_Car_ws/install/std_msgs/include/std_msgs/std_msgs/msg/detail/u_int16_multi_array__struct.h
[0.613s] -- Up-to-date: /root/ros_ws/src/Rescue_Car_ws/install/std_msgs/include/std_msgs/std_msgs/msg/detail/byte__struct.h
[0.613s] -- Up-to-date: /root/ros_ws/src/Rescue_Car_ws/install/std_msgs/include/std_msgs/std_msgs/msg/detail/int8__type_support.h
[0.613s] -- Up-to-date: /root/ros_ws/src/Rescue_Car_ws/install/std_msgs/include/std_msgs/std_msgs/msg/detail/int8_multi_array__type_support.h
[0.613s] -- Up-to-date: /root/ros_ws/src/Rescue_Car_ws/install/std_msgs/include/std_msgs/std_msgs/msg/detail/float32__type_support.h
[0.614s] -- Up-to-date: /root/ros_ws/src/Rescue_Car_ws/install/std_msgs/include/std_msgs/std_msgs/msg/detail/u_int8_multi_array__struct.h
[0.614s] -- Up-to-date: /root/ros_ws/src/Rescue_Car_ws/install/std_msgs/include/std_msgs/std_msgs/msg/detail/float64_multi_array__type_support.h
[0.614s] -- Up-to-date: /root/ros_ws/src/Rescue_Car_ws/install/std_msgs/include/std_msgs/std_msgs/msg/detail/byte__functions.c
[0.614s] -- Up-to-date: /root/ros_ws/src/Rescue_Car_ws/install/std_msgs/include/std_msgs/std_msgs/msg/detail/multi_array_layout__functions.h
[0.614s] -- Up-to-date: /root/ros_ws/src/Rescue_Car_ws/install/std_msgs/include/std_msgs/std_msgs/msg/detail/u_int64_multi_array__type_support.h
[0.614s] -- Up-to-date: /root/ros_ws/src/Rescue_Car_ws/install/std_msgs/include/std_msgs/std_msgs/msg/detail/u_int8__functions.h
[0.614s] -- Up-to-date: /root/ros_ws/src/Rescue_Car_ws/install/std_msgs/include/std_msgs/std_msgs/msg/detail/string__functions.c
[0.615s] -- Up-to-date: /root/ros_ws/src/Rescue_Car_ws/install/std_msgs/include/std_msgs/std_msgs/msg/detail/float32__functions.c
[0.615s] -- Up-to-date: /root/ros_ws/src/Rescue_Car_ws/install/std_msgs/include/std_msgs/std_msgs/msg/detail/u_int64__functions.c
[0.615s] -- Up-to-date: /root/ros_ws/src/Rescue_Car_ws/install/std_msgs/include/std_msgs/std_msgs/msg/detail/int64__functions.c
[0.616s] -- Up-to-date: /root/ros_ws/src/Rescue_Car_ws/install/std_msgs/include/std_msgs/std_msgs/msg/detail/u_int32__functions.h
[0.616s] -- Up-to-date: /root/ros_ws/src/Rescue_Car_ws/install/std_msgs/include/std_msgs/std_msgs/msg/detail/multi_array_layout__struct.h
[0.617s] -- Up-to-date: /root/ros_ws/src/Rescue_Car_ws/install/std_msgs/include/std_msgs/std_msgs/msg/detail/u_int64__type_support.h
[0.617s] -- Up-to-date: /root/ros_ws/src/Rescue_Car_ws/install/std_msgs/include/std_msgs/std_msgs/msg/detail/u_int32_multi_array__functions.c
[0.617s] -- Up-to-date: /root/ros_ws/src/Rescue_Car_ws/install/std_msgs/include/std_msgs/std_msgs/msg/detail/int64__functions.h
[0.617s] -- Up-to-date: /root/ros_ws/src/Rescue_Car_ws/install/std_msgs/include/std_msgs/std_msgs/msg/detail/bool__functions.c
[0.617s] -- Up-to-date: /root/ros_ws/src/Rescue_Car_ws/install/std_msgs/include/std_msgs/std_msgs/msg/detail/float64__type_support.h
[0.617s] -- Up-to-date: /root/ros_ws/src/Rescue_Car_ws/install/std_msgs/include/std_msgs/std_msgs/msg/detail/bool__functions.h
[0.617s] -- Up-to-date: /root/ros_ws/src/Rescue_Car_ws/install/std_msgs/include/std_msgs/std_msgs/msg/detail/multi_array_layout__functions.c
[0.617s] -- Up-to-date: /root/ros_ws/src/Rescue_Car_ws/install/std_msgs/include/std_msgs/std_msgs/msg/detail/byte__functions.h
[0.617s] -- Up-to-date: /root/ros_ws/src/Rescue_Car_ws/install/std_msgs/include/std_msgs/std_msgs/msg/detail/multi_array_dimension__struct.h
[0.617s] -- Up-to-date: /root/ros_ws/src/Rescue_Car_ws/install/std_msgs/include/std_msgs/std_msgs/msg/detail/bool__struct.h
[0.618s] -- Up-to-date: /root/ros_ws/src/Rescue_Car_ws/install/std_msgs/include/std_msgs/std_msgs/msg/detail/multi_array_dimension__functions.h
[0.618s] -- Up-to-date: /root/ros_ws/src/Rescue_Car_ws/install/std_msgs/include/std_msgs/std_msgs/msg/detail/int8__functions.h
[0.618s] -- Up-to-date: /root/ros_ws/src/Rescue_Car_ws/install/std_msgs/include/std_msgs/std_msgs/msg/detail/u_int16__functions.h
[0.619s] -- Up-to-date: /root/ros_ws/src/Rescue_Car_ws/install/std_msgs/include/std_msgs/std_msgs/msg/detail/u_int8__functions.c
[0.619s] -- Up-to-date: /root/ros_ws/src/Rescue_Car_ws/install/std_msgs/include/std_msgs/std_msgs/msg/detail/string__type_support.h
[0.619s] -- Up-to-date: /root/ros_ws/src/Rescue_Car_ws/install/std_msgs/include/std_msgs/std_msgs/msg/detail/u_int32_multi_array__type_support.h
[0.619s] -- Up-to-date: /root/ros_ws/src/Rescue_Car_ws/install/std_msgs/include/std_msgs/std_msgs/msg/detail/empty__type_support.h
[0.620s] -- Up-to-date: /root/ros_ws/src/Rescue_Car_ws/install/std_msgs/include/std_msgs/std_msgs/msg/detail/int16__struct.h
[0.620s] -- Up-to-date: /root/ros_ws/src/Rescue_Car_ws/install/std_msgs/include/std_msgs/std_msgs/msg/detail/int32__functions.c
[0.620s] -- Up-to-date: /root/ros_ws/src/Rescue_Car_ws/install/std_msgs/include/std_msgs/std_msgs/msg/detail/int64_multi_array__struct.h
[0.620s] -- Up-to-date: /root/ros_ws/src/Rescue_Car_ws/install/std_msgs/include/std_msgs/std_msgs/msg/detail/int32__type_support.h
[0.621s] -- Up-to-date: /root/ros_ws/src/Rescue_Car_ws/install/std_msgs/include/std_msgs/std_msgs/msg/detail/u_int16__type_support.h
[0.621s] -- Up-to-date: /root/ros_ws/src/Rescue_Car_ws/install/std_msgs/include/std_msgs/std_msgs/msg/detail/u_int8__type_support.h
[0.621s] -- Up-to-date: /root/ros_ws/src/Rescue_Car_ws/install/std_msgs/include/std_msgs/std_msgs/msg/detail/byte_multi_array__functions.c
[0.621s] -- Up-to-date: /root/ros_ws/src/Rescue_Car_ws/install/std_msgs/include/std_msgs/std_msgs/msg/detail/u_int16__functions.c
[0.622s] -- Up-to-date: /root/ros_ws/src/Rescue_Car_ws/install/std_msgs/include/std_msgs/std_msgs/msg/detail/int32_multi_array__type_support.h
[0.622s] -- Up-to-date: /root/ros_ws/src/Rescue_Car_ws/install/std_msgs/include/std_msgs/std_msgs/msg/detail/empty__functions.c
[0.622s] -- Up-to-date: /root/ros_ws/src/Rescue_Car_ws/install/std_msgs/include/std_msgs/std_msgs/msg/detail/empty__functions.h
[0.622s] -- Up-to-date: /root/ros_ws/src/Rescue_Car_ws/install/std_msgs/include/std_msgs/std_msgs/msg/detail/multi_array_dimension__functions.c
[0.622s] -- Up-to-date: /root/ros_ws/src/Rescue_Car_ws/install/std_msgs/include/std_msgs/std_msgs/msg/detail/int64_multi_array__functions.h
[0.623s] -- Up-to-date: /root/ros_ws/src/Rescue_Car_ws/install/std_msgs/include/std_msgs/std_msgs/msg/detail/float32__functions.h
[0.623s] -- Up-to-date: /root/ros_ws/src/Rescue_Car_ws/install/std_msgs/include/std_msgs/std_msgs/msg/detail/header__functions.c
[0.623s] -- Up-to-date: /root/ros_ws/src/Rescue_Car_ws/install/std_msgs/include/std_msgs/std_msgs/msg/detail/byte_multi_array__type_support.h
[0.624s] -- Up-to-date: /root/ros_ws/src/Rescue_Car_ws/install/std_msgs/include/std_msgs/std_msgs/msg/detail/multi_array_dimension__type_support.h
[0.624s] -- Up-to-date: /root/ros_ws/src/Rescue_Car_ws/install/std_msgs/include/std_msgs/std_msgs/msg/detail/u_int64_multi_array__functions.c
[0.624s] -- Up-to-date: /root/ros_ws/src/Rescue_Car_ws/install/std_msgs/include/std_msgs/std_msgs/msg/detail/float64__functions.c
[0.624s] -- Up-to-date: /root/ros_ws/src/Rescue_Car_ws/install/std_msgs/include/std_msgs/std_msgs/msg/detail/u_int32_multi_array__functions.h
[0.624s] -- Up-to-date: /root/ros_ws/src/Rescue_Car_ws/install/std_msgs/include/std_msgs/std_msgs/msg/detail/u_int64_multi_array__struct.h
[0.625s] -- Up-to-date: /root/ros_ws/src/Rescue_Car_ws/install/std_msgs/include/std_msgs/std_msgs/msg/detail/float64_multi_array__struct.h
[0.625s] -- Up-to-date: /root/ros_ws/src/Rescue_Car_ws/install/std_msgs/include/std_msgs/std_msgs/msg/detail/int32_multi_array__functions.h
[0.625s] -- Up-to-date: /root/ros_ws/src/Rescue_Car_ws/install/std_msgs/include/std_msgs/std_msgs/msg/detail/byte__type_support.h
[0.625s] -- Up-to-date: /root/ros_ws/src/Rescue_Car_ws/install/std_msgs/include/std_msgs/std_msgs/msg/detail/char__functions.h
[0.626s] -- Up-to-date: /root/ros_ws/src/Rescue_Car_ws/install/std_msgs/include/std_msgs/std_msgs/msg/detail/int16__type_support.h
[0.626s] -- Up-to-date: /root/ros_ws/src/Rescue_Car_ws/install/std_msgs/include/std_msgs/std_msgs/msg/detail/u_int64__struct.h
[0.626s] -- Up-to-date: /root/ros_ws/src/Rescue_Car_ws/install/std_msgs/include/std_msgs/std_msgs/msg/detail/string__functions.h
[0.626s] -- Up-to-date: /root/ros_ws/src/Rescue_Car_ws/install/std_msgs/include/std_msgs/std_msgs/msg/detail/int64__type_support.h
[0.626s] -- Up-to-date: /root/ros_ws/src/Rescue_Car_ws/install/std_msgs/include/std_msgs/std_msgs/msg/detail/float32_multi_array__type_support.h
[0.626s] -- Up-to-date: /root/ros_ws/src/Rescue_Car_ws/install/std_msgs/include/std_msgs/std_msgs/msg/detail/header__type_support.h
[0.627s] -- Up-to-date: /root/ros_ws/src/Rescue_Car_ws/install/std_msgs/include/std_msgs/std_msgs/msg/detail/multi_array_layout__type_support.h
[0.627s] -- Up-to-date: /root/ros_ws/src/Rescue_Car_ws/install/std_msgs/include/std_msgs/std_msgs/msg/detail/float64__functions.h
[0.627s] -- Up-to-date: /root/ros_ws/src/Rescue_Car_ws/install/std_msgs/include/std_msgs/std_msgs/msg/detail/int32__struct.h
[0.627s] -- Up-to-date: /root/ros_ws/src/Rescue_Car_ws/install/std_msgs/include/std_msgs/std_msgs/msg/detail/int16_multi_array__type_support.h
[0.627s] -- Up-to-date: /root/ros_ws/src/Rescue_Car_ws/install/std_msgs/include/std_msgs/std_msgs/msg/detail/char__type_support.h
[0.627s] -- Up-to-date: /root/ros_ws/src/Rescue_Car_ws/install/std_msgs/include/std_msgs/std_msgs/msg/detail/u_int32__functions.c
[0.627s] -- Up-to-date: /root/ros_ws/src/Rescue_Car_ws/install/std_msgs/include/std_msgs/std_msgs/msg/detail/int8__functions.c
[0.627s] -- Up-to-date: /root/ros_ws/src/Rescue_Car_ws/install/std_msgs/include/std_msgs/std_msgs/msg/detail/float64_multi_array__functions.h
[0.627s] -- Up-to-date: /root/ros_ws/src/Rescue_Car_ws/install/std_msgs/include/std_msgs/std_msgs/msg/detail/color_rgba__type_support.h
[0.628s] -- Up-to-date: /root/ros_ws/src/Rescue_Car_ws/install/std_msgs/include/std_msgs/std_msgs/msg/detail/byte_multi_array__functions.h
[0.628s] -- Up-to-date: /root/ros_ws/src/Rescue_Car_ws/install/std_msgs/include/std_msgs/std_msgs/msg/detail/u_int32_multi_array__struct.h
[0.628s] -- Up-to-date: /root/ros_ws/src/Rescue_Car_ws/install/std_msgs/include/std_msgs/std_msgs/msg/detail/int8__struct.h
[0.628s] -- Up-to-date: /root/ros_ws/src/Rescue_Car_ws/install/std_msgs/include/std_msgs/std_msgs/msg/detail/string__struct.h
[0.628s] -- Up-to-date: /root/ros_ws/src/Rescue_Car_ws/install/std_msgs/include/std_msgs/std_msgs/msg/detail/float64__struct.h
[0.628s] -- Up-to-date: /root/ros_ws/src/Rescue_Car_ws/install/std_msgs/include/std_msgs/std_msgs/msg/detail/int32_multi_array__struct.h
[0.629s] -- Up-to-date: /root/ros_ws/src/Rescue_Car_ws/install/std_msgs/include/std_msgs/std_msgs/msg/detail/u_int8__struct.h
[0.629s] -- Up-to-date: /root/ros_ws/src/Rescue_Car_ws/install/std_msgs/include/std_msgs/std_msgs/msg/detail/u_int16_multi_array__functions.h
[0.629s] -- Up-to-date: /root/ros_ws/src/Rescue_Car_ws/install/std_msgs/include/std_msgs/std_msgs/msg/detail/int8_multi_array__struct.h
[0.629s] -- Up-to-date: /root/ros_ws/src/Rescue_Car_ws/install/std_msgs/include/std_msgs/std_msgs/msg/int16_multi_array.h
[0.629s] -- Up-to-date: /root/ros_ws/src/Rescue_Car_ws/install/std_msgs/include/std_msgs/std_msgs/msg/u_int32_multi_array.h
[0.630s] -- Up-to-date: /root/ros_ws/src/Rescue_Car_ws/install/std_msgs/include/std_msgs/std_msgs/msg/multi_array_layout.h
[0.630s] -- Up-to-date: /root/ros_ws/src/Rescue_Car_ws/install/std_msgs/include/std_msgs/std_msgs/msg/u_int8.h
[0.630s] -- Up-to-date: /root/ros_ws/src/Rescue_Car_ws/install/std_msgs/include/std_msgs/std_msgs/msg/rosidl_generator_c__visibility_control.h
[0.630s] -- Up-to-date: /root/ros_ws/src/Rescue_Car_ws/install/std_msgs/include/std_msgs/std_msgs/msg/int64.h
[0.630s] -- Up-to-date: /root/ros_ws/src/Rescue_Car_ws/install/std_msgs/include/std_msgs/std_msgs/msg/string.h
[0.631s] -- Up-to-date: /root/ros_ws/src/Rescue_Car_ws/install/std_msgs/include/std_msgs/std_msgs/msg/header.h
[0.632s] -- Up-to-date: /root/ros_ws/src/Rescue_Car_ws/install/std_msgs/include/std_msgs/std_msgs/msg/u_int64_multi_array.h
[0.633s] -- Up-to-date: /root/ros_ws/src/Rescue_Car_ws/install/std_msgs/include/std_msgs/std_msgs/msg/float32.h
[0.633s] -- Up-to-date: /root/ros_ws/src/Rescue_Car_ws/install/std_msgs/include/std_msgs/std_msgs/msg/multi_array_dimension.h
[0.633s] -- Up-to-date: /root/ros_ws/src/Rescue_Car_ws/install/std_msgs/include/std_msgs/std_msgs/msg/u_int16.h
[0.633s] -- Up-to-date: /root/ros_ws/src/Rescue_Car_ws/install/std_msgs/include/std_msgs/std_msgs/msg/u_int8_multi_array.h
[0.633s] -- Up-to-date: /root/ros_ws/src/Rescue_Car_ws/install/std_msgs/include/std_msgs/std_msgs/msg/empty.h
[0.633s] -- Up-to-date: /root/ros_ws/src/Rescue_Car_ws/install/std_msgs/share/std_msgs/environment/library_path.sh
[0.633s] -- Up-to-date: /root/ros_ws/src/Rescue_Car_ws/install/std_msgs/share/std_msgs/environment/library_path.dsv
[0.634s] -- Up-to-date: /root/ros_ws/src/Rescue_Car_ws/install/std_msgs/lib/libstd_msgs__rosidl_generator_c.so
[0.634s] -- Up-to-date: /root/ros_ws/src/Rescue_Car_ws/install/std_msgs/include/std_msgs/std_msgs
[0.634s] -- Up-to-date: /root/ros_ws/src/Rescue_Car_ws/install/std_msgs/include/std_msgs/std_msgs/msg
[0.636s] -- Up-to-date: /root/ros_ws/src/Rescue_Car_ws/install/std_msgs/include/std_msgs/std_msgs/msg/detail
[0.636s] -- Up-to-date: /root/ros_ws/src/Rescue_Car_ws/install/std_msgs/include/std_msgs/std_msgs/msg/detail/int64_multi_array__rosidl_typesupport_fastrtps_c.h
[0.636s] -- Up-to-date: /root/ros_ws/src/Rescue_Car_ws/install/std_msgs/include/std_msgs/std_msgs/msg/detail/empty__rosidl_typesupport_fastrtps_c.h
[0.636s] -- Up-to-date: /root/ros_ws/src/Rescue_Car_ws/install/std_msgs/include/std_msgs/std_msgs/msg/detail/u_int64__rosidl_typesupport_fastrtps_c.h
[0.636s] -- Up-to-date: /root/ros_ws/src/Rescue_Car_ws/install/std_msgs/include/std_msgs/std_msgs/msg/detail/u_int64_multi_array__rosidl_typesupport_fastrtps_c.h
[0.638s] -- Up-to-date: /root/ros_ws/src/Rescue_Car_ws/install/std_msgs/include/std_msgs/std_msgs/msg/detail/u_int16_multi_array__rosidl_typesupport_fastrtps_c.h
[0.638s] -- Up-to-date: /root/ros_ws/src/Rescue_Car_ws/install/std_msgs/include/std_msgs/std_msgs/msg/detail/u_int8__rosidl_typesupport_fastrtps_c.h
[0.639s] -- Up-to-date: /root/ros_ws/src/Rescue_Car_ws/install/std_msgs/include/std_msgs/std_msgs/msg/detail/byte__rosidl_typesupport_fastrtps_c.h
[0.639s] -- Up-to-date: /root/ros_ws/src/Rescue_Car_ws/install/std_msgs/include/std_msgs/std_msgs/msg/detail/int32__rosidl_typesupport_fastrtps_c.h
[0.639s] -- Up-to-date: /root/ros_ws/src/Rescue_Car_ws/install/std_msgs/include/std_msgs/std_msgs/msg/detail/int8_multi_array__rosidl_typesupport_fastrtps_c.h
[0.639s] -- Up-to-date: /root/ros_ws/src/Rescue_Car_ws/install/std_msgs/include/std_msgs/std_msgs/msg/detail/float64__rosidl_typesupport_fastrtps_c.h
[0.639s] -- Up-to-date: /root/ros_ws/src/Rescue_Car_ws/install/std_msgs/include/std_msgs/std_msgs/msg/detail/multi_array_dimension__rosidl_typesupport_fastrtps_c.h
[0.640s] -- Up-to-date: /root/ros_ws/src/Rescue_Car_ws/install/std_msgs/include/std_msgs/std_msgs/msg/detail/multi_array_layout__rosidl_typesupport_fastrtps_c.h
[0.640s] -- Up-to-date: /root/ros_ws/src/Rescue_Car_ws/install/std_msgs/include/std_msgs/std_msgs/msg/detail/u_int32__rosidl_typesupport_fastrtps_c.h
[0.640s] -- Up-to-date: /root/ros_ws/src/Rescue_Car_ws/install/std_msgs/include/std_msgs/std_msgs/msg/detail/int32_multi_array__rosidl_typesupport_fastrtps_c.h
[0.640s] -- Up-to-date: /root/ros_ws/src/Rescue_Car_ws/install/std_msgs/include/std_msgs/std_msgs/msg/detail/byte_multi_array__rosidl_typesupport_fastrtps_c.h
[0.641s] -- Up-to-date: /root/ros_ws/src/Rescue_Car_ws/install/std_msgs/include/std_msgs/std_msgs/msg/detail/bool__rosidl_typesupport_fastrtps_c.h
[0.642s] -- Up-to-date: /root/ros_ws/src/Rescue_Car_ws/install/std_msgs/include/std_msgs/std_msgs/msg/detail/u_int8_multi_array__rosidl_typesupport_fastrtps_c.h
[0.642s] -- Up-to-date: /root/ros_ws/src/Rescue_Car_ws/install/std_msgs/include/std_msgs/std_msgs/msg/detail/float32__rosidl_typesupport_fastrtps_c.h
[0.642s] -- Up-to-date: /root/ros_ws/src/Rescue_Car_ws/install/std_msgs/include/std_msgs/std_msgs/msg/detail/char__rosidl_typesupport_fastrtps_c.h
[0.643s] -- Up-to-date: /root/ros_ws/src/Rescue_Car_ws/install/std_msgs/include/std_msgs/std_msgs/msg/detail/int64__rosidl_typesupport_fastrtps_c.h
[0.643s] -- Up-to-date: /root/ros_ws/src/Rescue_Car_ws/install/std_msgs/include/std_msgs/std_msgs/msg/detail/float64_multi_array__rosidl_typesupport_fastrtps_c.h
[0.643s] -- Up-to-date: /root/ros_ws/src/Rescue_Car_ws/install/std_msgs/include/std_msgs/std_msgs/msg/detail/u_int32_multi_array__rosidl_typesupport_fastrtps_c.h
[0.644s] -- Up-to-date: /root/ros_ws/src/Rescue_Car_ws/install/std_msgs/include/std_msgs/std_msgs/msg/detail/u_int16__rosidl_typesupport_fastrtps_c.h
[0.644s] -- Up-to-date: /root/ros_ws/src/Rescue_Car_ws/install/std_msgs/include/std_msgs/std_msgs/msg/detail/int16__rosidl_typesupport_fastrtps_c.h
[0.644s] -- Up-to-date: /root/ros_ws/src/Rescue_Car_ws/install/std_msgs/include/std_msgs/std_msgs/msg/detail/header__rosidl_typesupport_fastrtps_c.h
[0.645s] -- Up-to-date: /root/ros_ws/src/Rescue_Car_ws/install/std_msgs/include/std_msgs/std_msgs/msg/detail/color_rgba__rosidl_typesupport_fastrtps_c.h
[0.646s] -- Up-to-date: /root/ros_ws/src/Rescue_Car_ws/install/std_msgs/include/std_msgs/std_msgs/msg/detail/int16_multi_array__rosidl_typesupport_fastrtps_c.h
[0.647s] -- Up-to-date: /root/ros_ws/src/Rescue_Car_ws/install/std_msgs/include/std_msgs/std_msgs/msg/detail/string__rosidl_typesupport_fastrtps_c.h
[0.647s] -- Up-to-date: /root/ros_ws/src/Rescue_Car_ws/install/std_msgs/include/std_msgs/std_msgs/msg/detail/float32_multi_array__rosidl_typesupport_fastrtps_c.h
[0.648s] -- Up-to-date: /root/ros_ws/src/Rescue_Car_ws/install/std_msgs/include/std_msgs/std_msgs/msg/detail/int8__rosidl_typesupport_fastrtps_c.h
[0.648s] -- Up-to-date: /root/ros_ws/src/Rescue_Car_ws/install/std_msgs/include/std_msgs/std_msgs/msg/rosidl_typesupport_fastrtps_c__visibility_control.h
[0.649s] -- Up-to-date: /root/ros_ws/src/Rescue_Car_ws/install/std_msgs/lib/libstd_msgs__rosidl_typesupport_fastrtps_c.so
[0.650s] -- Up-to-date: /root/ros_ws/src/Rescue_Car_ws/install/std_msgs/include/std_msgs/std_msgs
[0.651s] -- Up-to-date: /root/ros_ws/src/Rescue_Car_ws/install/std_msgs/include/std_msgs/std_msgs/msg
[0.651s] -- Up-to-date: /root/ros_ws/src/Rescue_Car_ws/install/std_msgs/include/std_msgs/std_msgs/msg/multi_array_layout.hpp
[0.652s] -- Up-to-date: /root/ros_ws/src/Rescue_Car_ws/install/std_msgs/include/std_msgs/std_msgs/msg/int64.hpp
[0.652s] -- Up-to-date: /root/ros_ws/src/Rescue_Car_ws/install/std_msgs/include/std_msgs/std_msgs/msg/float64.hpp
[0.652s] -- Up-to-date: /root/ros_ws/src/Rescue_Car_ws/install/std_msgs/include/std_msgs/std_msgs/msg/u_int8_multi_array.hpp
[0.652s] -- Up-to-date: /root/ros_ws/src/Rescue_Car_ws/install/std_msgs/include/std_msgs/std_msgs/msg/bool.hpp
[0.652s] -- Up-to-date: /root/ros_ws/src/Rescue_Car_ws/install/std_msgs/include/std_msgs/std_msgs/msg/char.hpp
[0.652s] -- Up-to-date: /root/ros_ws/src/Rescue_Car_ws/install/std_msgs/include/std_msgs/std_msgs/msg/float32.hpp
[0.652s] -- Up-to-date: /root/ros_ws/src/Rescue_Car_ws/install/std_msgs/include/std_msgs/std_msgs/msg/int8.hpp
[0.652s] -- Up-to-date: /root/ros_ws/src/Rescue_Car_ws/install/std_msgs/include/std_msgs/std_msgs/msg/rosidl_generator_cpp__visibility_control.hpp
[0.653s] -- Up-to-date: /root/ros_ws/src/Rescue_Car_ws/install/std_msgs/include/std_msgs/std_msgs/msg/empty.hpp
[0.653s] -- Up-to-date: /root/ros_ws/src/Rescue_Car_ws/install/std_msgs/include/std_msgs/std_msgs/msg/int16_multi_array.hpp
[0.653s] -- Up-to-date: /root/ros_ws/src/Rescue_Car_ws/install/std_msgs/include/std_msgs/std_msgs/msg/float32_multi_array.hpp
[0.653s] -- Up-to-date: /root/ros_ws/src/Rescue_Car_ws/install/std_msgs/include/std_msgs/std_msgs/msg/u_int32.hpp
[0.653s] -- Up-to-date: /root/ros_ws/src/Rescue_Car_ws/install/std_msgs/include/std_msgs/std_msgs/msg/color_rgba.hpp
[0.653s] -- Up-to-date: /root/ros_ws/src/Rescue_Car_ws/install/std_msgs/include/std_msgs/std_msgs/msg/u_int32_multi_array.hpp
[0.653s] -- Up-to-date: /root/ros_ws/src/Rescue_Car_ws/install/std_msgs/include/std_msgs/std_msgs/msg/u_int8.hpp
[0.653s] -- Up-to-date: /root/ros_ws/src/Rescue_Car_ws/install/std_msgs/include/std_msgs/std_msgs/msg/header.hpp
[0.653s] -- Up-to-date: /root/ros_ws/src/Rescue_Car_ws/install/std_msgs/include/std_msgs/std_msgs/msg/u_int64.hpp
[0.653s] -- Up-to-date: /root/ros_ws/src/Rescue_Car_ws/install/std_msgs/include/std_msgs/std_msgs/msg/int32.hpp
[0.654s] -- Up-to-date: /root/ros_ws/src/Rescue_Car_ws/install/std_msgs/include/std_msgs/std_msgs/msg/detail
[0.654s] -- Up-to-date: /root/ros_ws/src/Rescue_Car_ws/install/std_msgs/include/std_msgs/std_msgs/msg/detail/u_int16_multi_array__builder.hpp
[0.654s] -- Up-to-date: /root/ros_ws/src/Rescue_Car_ws/install/std_msgs/include/std_msgs/std_msgs/msg/detail/int8__traits.hpp
[0.654s] -- Up-to-date: /root/ros_ws/src/Rescue_Car_ws/install/std_msgs/include/std_msgs/std_msgs/msg/detail/float32__builder.hpp
[0.654s] -- Up-to-date: /root/ros_ws/src/Rescue_Car_ws/install/std_msgs/include/std_msgs/std_msgs/msg/detail/float64__builder.hpp
[0.654s] -- Up-to-date: /root/ros_ws/src/Rescue_Car_ws/install/std_msgs/include/std_msgs/std_msgs/msg/detail/u_int32__type_support.hpp
[0.654s] -- Up-to-date: /root/ros_ws/src/Rescue_Car_ws/install/std_msgs/include/std_msgs/std_msgs/msg/detail/multi_array_layout__type_support.hpp
[0.654s] -- Up-to-date: /root/ros_ws/src/Rescue_Car_ws/install/std_msgs/include/std_msgs/std_msgs/msg/detail/int8__type_support.hpp
[0.654s] -- Up-to-date: /root/ros_ws/src/Rescue_Car_ws/install/std_msgs/include/std_msgs/std_msgs/msg/detail/float32_multi_array__builder.hpp
[0.654s] -- Up-to-date: /root/ros_ws/src/Rescue_Car_ws/install/std_msgs/include/std_msgs/std_msgs/msg/detail/byte__struct.hpp
[0.655s] -- Up-to-date: /root/ros_ws/src/Rescue_Car_ws/install/std_msgs/include/std_msgs/std_msgs/msg/detail/multi_array_layout__struct.hpp
[0.655s] -- Up-to-date: /root/ros_ws/src/Rescue_Car_ws/install/std_msgs/include/std_msgs/std_msgs/msg/detail/int32_multi_array__traits.hpp
[0.655s] -- Up-to-date: /root/ros_ws/src/Rescue_Car_ws/install/std_msgs/include/std_msgs/std_msgs/msg/detail/empty__builder.hpp
[0.655s] -- Up-to-date: /root/ros_ws/src/Rescue_Car_ws/install/std_msgs/include/std_msgs/std_msgs/msg/detail/byte_multi_array__struct.hpp
[0.655s] -- Up-to-date: /root/ros_ws/src/Rescue_Car_ws/install/std_msgs/include/std_msgs/std_msgs/msg/detail/int64__traits.hpp
[0.655s] -- Up-to-date: /root/ros_ws/src/Rescue_Car_ws/install/std_msgs/include/std_msgs/std_msgs/msg/detail/int8_multi_array__type_support.hpp
[0.655s] -- Up-to-date: /root/ros_ws/src/Rescue_Car_ws/install/std_msgs/include/std_msgs/std_msgs/msg/detail/bool__struct.hpp
[0.655s] -- Up-to-date: /root/ros_ws/src/Rescue_Car_ws/install/std_msgs/include/std_msgs/std_msgs/msg/detail/multi_array_layout__builder.hpp
[0.655s] -- Up-to-date: /root/ros_ws/src/Rescue_Car_ws/install/std_msgs/include/std_msgs/std_msgs/msg/detail/u_int16_multi_array__struct.hpp
[0.655s] -- Up-to-date: /root/ros_ws/src/Rescue_Car_ws/install/std_msgs/include/std_msgs/std_msgs/msg/detail/u_int64_multi_array__builder.hpp
[0.655s] -- Up-to-date: /root/ros_ws/src/Rescue_Car_ws/install/std_msgs/include/std_msgs/std_msgs/msg/detail/u_int64__struct.hpp
[0.655s] -- Up-to-date: /root/ros_ws/src/Rescue_Car_ws/install/std_msgs/include/std_msgs/std_msgs/msg/detail/u_int8_multi_array__struct.hpp
[0.656s] -- Up-to-date: /root/ros_ws/src/Rescue_Car_ws/install/std_msgs/include/std_msgs/std_msgs/msg/detail/u_int32__traits.hpp
[0.656s] -- Up-to-date: /root/ros_ws/src/Rescue_Car_ws/install/std_msgs/include/std_msgs/std_msgs/msg/detail/u_int64__builder.hpp
[0.656s] -- Up-to-date: /root/ros_ws/src/Rescue_Car_ws/install/std_msgs/include/std_msgs/std_msgs/msg/detail/int32_multi_array__builder.hpp
[0.656s] -- Up-to-date: /root/ros_ws/src/Rescue_Car_ws/install/std_msgs/include/std_msgs/std_msgs/msg/detail/header__builder.hpp
[0.656s] -- Up-to-date: /root/ros_ws/src/Rescue_Car_ws/install/std_msgs/include/std_msgs/std_msgs/msg/detail/u_int64_multi_array__struct.hpp
[0.656s] -- Up-to-date: /root/ros_ws/src/Rescue_Car_ws/install/std_msgs/include/std_msgs/std_msgs/msg/detail/byte_multi_array__builder.hpp
[0.656s] -- Up-to-date: /root/ros_ws/src/Rescue_Car_ws/install/std_msgs/include/std_msgs/std_msgs/msg/detail/int32_multi_array__struct.hpp
[0.656s] -- Up-to-date: /root/ros_ws/src/Rescue_Car_ws/install/std_msgs/include/std_msgs/std_msgs/msg/detail/float32_multi_array__traits.hpp
[0.656s] -- Up-to-date: /root/ros_ws/src/Rescue_Car_ws/install/std_msgs/include/std_msgs/std_msgs/msg/detail/u_int8__traits.hpp
[0.656s] -- Up-to-date: /root/ros_ws/src/Rescue_Car_ws/install/std_msgs/include/std_msgs/std_msgs/msg/detail/float32__type_support.hpp
[0.656s] -- Up-to-date: /root/ros_ws/src/Rescue_Car_ws/install/std_msgs/include/std_msgs/std_msgs/msg/detail/char__traits.hpp
[0.656s] -- Up-to-date: /root/ros_ws/src/Rescue_Car_ws/install/std_msgs/include/std_msgs/std_msgs/msg/detail/float64__type_support.hpp
[0.657s] -- Up-to-date: /root/ros_ws/src/Rescue_Car_ws/install/std_msgs/include/std_msgs/std_msgs/msg/detail/u_int8__builder.hpp
[0.657s] -- Up-to-date: /root/ros_ws/src/Rescue_Car_ws/install/std_msgs/include/std_msgs/std_msgs/msg/detail/int64_multi_array__struct.hpp
[0.657s] -- Up-to-date: /root/ros_ws/src/Rescue_Car_ws/install/std_msgs/include/std_msgs/std_msgs/msg/detail/u_int32_multi_array__builder.hpp
[0.657s] -- Up-to-date: /root/ros_ws/src/Rescue_Car_ws/install/std_msgs/include/std_msgs/std_msgs/msg/detail/byte__type_support.hpp
[0.657s] -- Up-to-date: /root/ros_ws/src/Rescue_Car_ws/install/std_msgs/include/std_msgs/std_msgs/msg/detail/char__type_support.hpp
[0.657s] -- Up-to-date: /root/ros_ws/src/Rescue_Car_ws/install/std_msgs/include/std_msgs/std_msgs/msg/detail/float64_multi_array__traits.hpp
[0.658s] -- Up-to-date: /root/ros_ws/src/Rescue_Car_ws/install/std_msgs/include/std_msgs/std_msgs/msg/detail/u_int16__struct.hpp
[0.658s] -- Up-to-date: /root/ros_ws/src/Rescue_Car_ws/install/std_msgs/include/std_msgs/std_msgs/msg/detail/header__type_support.hpp
[0.658s] -- Up-to-date: /root/ros_ws/src/Rescue_Car_ws/install/std_msgs/include/std_msgs/std_msgs/msg/detail/u_int8_multi_array__builder.hpp
[0.658s] -- Up-to-date: /root/ros_ws/src/Rescue_Car_ws/install/std_msgs/include/std_msgs/std_msgs/msg/detail/int32__traits.hpp
[0.658s] -- Up-to-date: /root/ros_ws/src/Rescue_Car_ws/install/std_msgs/include/std_msgs/std_msgs/msg/detail/color_rgba__type_support.hpp
[0.659s] -- Up-to-date: /root/ros_ws/src/Rescue_Car_ws/install/std_msgs/include/std_msgs/std_msgs/msg/detail/int8__builder.hpp
[0.659s] -- Up-to-date: /root/ros_ws/src/Rescue_Car_ws/install/std_msgs/include/std_msgs/std_msgs/msg/detail/int16_multi_array__struct.hpp
[0.659s] -- Up-to-date: /root/ros_ws/src/Rescue_Car_ws/install/std_msgs/include/std_msgs/std_msgs/msg/detail/int16__type_support.hpp
[0.659s] -- Up-to-date: /root/ros_ws/src/Rescue_Car_ws/install/std_msgs/include/std_msgs/std_msgs/msg/detail/multi_array_dimension__struct.hpp
[0.659s] -- Up-to-date: /root/ros_ws/src/Rescue_Car_ws/install/std_msgs/include/std_msgs/std_msgs/msg/detail/u_int64__traits.hpp
[0.659s] -- Up-to-date: /root/ros_ws/src/Rescue_Car_ws/install/std_msgs/include/std_msgs/std_msgs/msg/detail/int64_multi_array__type_support.hpp
[0.659s] -- Up-to-date: /root/ros_ws/src/Rescue_Car_ws/install/std_msgs/include/std_msgs/std_msgs/msg/detail/float64__traits.hpp
[0.659s] -- Up-to-date: /root/ros_ws/src/Rescue_Car_ws/install/std_msgs/include/std_msgs/std_msgs/msg/detail/byte__builder.hpp
[0.660s] -- Up-to-date: /root/ros_ws/src/Rescue_Car_ws/install/std_msgs/include/std_msgs/std_msgs/msg/detail/int32_multi_array__type_support.hpp
[0.660s] -- Up-to-date: /root/ros_ws/src/Rescue_Car_ws/install/std_msgs/include/std_msgs/std_msgs/msg/detail/char__builder.hpp
[0.660s] -- Up-to-date: /root/ros_ws/src/Rescue_Car_ws/install/std_msgs/include/std_msgs/std_msgs/msg/detail/int16_multi_array__builder.hpp
[0.660s] -- Up-to-date: /root/ros_ws/src/Rescue_Car_ws/install/std_msgs/include/std_msgs/std_msgs/msg/detail/color_rgba__traits.hpp
[0.660s] -- Up-to-date: /root/ros_ws/src/Rescue_Car_ws/install/std_msgs/include/std_msgs/std_msgs/msg/detail/u_int32_multi_array__type_support.hpp
[0.660s] -- Up-to-date: /root/ros_ws/src/Rescue_Car_ws/install/std_msgs/include/std_msgs/std_msgs/msg/detail/empty__traits.hpp
[0.660s] -- Up-to-date: /root/ros_ws/src/Rescue_Car_ws/install/std_msgs/include/std_msgs/std_msgs/msg/detail/int8_multi_array__struct.hpp
[0.660s] -- Up-to-date: /root/ros_ws/src/Rescue_Car_ws/install/std_msgs/include/std_msgs/std_msgs/msg/detail/bool__traits.hpp
[0.660s] -- Up-to-date: /root/ros_ws/src/Rescue_Car_ws/install/std_msgs/include/std_msgs/std_msgs/msg/detail/int16__builder.hpp
[0.660s] -- Up-to-date: /root/ros_ws/src/Rescue_Car_ws/install/std_msgs/include/std_msgs/std_msgs/msg/detail/u_int16_multi_array__traits.hpp
[0.660s] -- Up-to-date: /root/ros_ws/src/Rescue_Car_ws/install/std_msgs/include/std_msgs/std_msgs/msg/detail/u_int64_multi_array__type_support.hpp
[0.661s] -- Up-to-date: /root/ros_ws/src/Rescue_Car_ws/install/std_msgs/include/std_msgs/std_msgs/msg/detail/color_rgba__builder.hpp
[0.661s] -- Up-to-date: /root/ros_ws/src/Rescue_Car_ws/install/std_msgs/include/std_msgs/std_msgs/msg/detail/multi_array_dimension__type_support.hpp
[0.661s] -- Up-to-date: /root/ros_ws/src/Rescue_Car_ws/install/std_msgs/include/std_msgs/std_msgs/msg/detail/int32__type_support.hpp
[0.661s] -- Up-to-date: /root/ros_ws/src/Rescue_Car_ws/install/std_msgs/include/std_msgs/std_msgs/msg/detail/empty__struct.hpp
[0.661s] -- Up-to-date: /root/ros_ws/src/Rescue_Car_ws/install/std_msgs/include/std_msgs/std_msgs/msg/detail/u_int64_multi_array__traits.hpp
[0.661s] -- Up-to-date: /root/ros_ws/src/Rescue_Car_ws/install/std_msgs/include/std_msgs/std_msgs/msg/detail/header__struct.hpp
[0.661s] -- Up-to-date: /root/ros_ws/src/Rescue_Car_ws/install/std_msgs/include/std_msgs/std_msgs/msg/detail/u_int8_multi_array__traits.hpp
[0.661s] -- Up-to-date: /root/ros_ws/src/Rescue_Car_ws/install/std_msgs/include/std_msgs/std_msgs/msg/detail/u_int16__traits.hpp
[0.661s] -- Up-to-date: /root/ros_ws/src/Rescue_Car_ws/install/std_msgs/include/std_msgs/std_msgs/msg/detail/byte__traits.hpp
[0.661s] -- Up-to-date: /root/ros_ws/src/Rescue_Car_ws/install/std_msgs/include/std_msgs/std_msgs/msg/detail/byte_multi_array__type_support.hpp
[0.661s] -- Up-to-date: /root/ros_ws/src/Rescue_Car_ws/install/std_msgs/include/std_msgs/std_msgs/msg/detail/u_int8__struct.hpp
[0.662s] -- Up-to-date: /root/ros_ws/src/Rescue_Car_ws/install/std_msgs/include/std_msgs/std_msgs/msg/detail/color_rgba__struct.hpp
[0.662s] -- Up-to-date: /root/ros_ws/src/Rescue_Car_ws/install/std_msgs/include/std_msgs/std_msgs/msg/detail/u_int32_multi_array__traits.hpp
[0.662s] -- Up-to-date: /root/ros_ws/src/Rescue_Car_ws/install/std_msgs/include/std_msgs/std_msgs/msg/detail/int64_multi_array__builder.hpp
[0.662s] -- Up-to-date: /root/ros_ws/src/Rescue_Car_ws/install/std_msgs/include/std_msgs/std_msgs/msg/detail/char__struct.hpp
[0.662s] -- Up-to-date: /root/ros_ws/src/Rescue_Car_ws/install/std_msgs/include/std_msgs/std_msgs/msg/detail/u_int64__type_support.hpp
[0.662s] -- Up-to-date: /root/ros_ws/src/Rescue_Car_ws/install/std_msgs/include/std_msgs/std_msgs/msg/detail/int8__struct.hpp
[0.662s] -- Up-to-date: /root/ros_ws/src/Rescue_Car_ws/install/std_msgs/include/std_msgs/std_msgs/msg/detail/int64__type_support.hpp
[0.662s] -- Up-to-date: /root/ros_ws/src/Rescue_Car_ws/install/std_msgs/include/std_msgs/std_msgs/msg/detail/string__builder.hpp
[0.662s] -- Up-to-date: /root/ros_ws/src/Rescue_Car_ws/install/std_msgs/include/std_msgs/std_msgs/msg/detail/int16_multi_array__type_support.hpp
[0.662s] -- Up-to-date: /root/ros_ws/src/Rescue_Car_ws/install/std_msgs/include/std_msgs/std_msgs/msg/detail/bool__builder.hpp
[0.663s] -- Up-to-date: /root/ros_ws/src/Rescue_Car_ws/install/std_msgs/include/std_msgs/std_msgs/msg/detail/u_int32__builder.hpp
[0.663s] -- Up-to-date: /root/ros_ws/src/Rescue_Car_ws/install/std_msgs/include/std_msgs/std_msgs/msg/detail/float64_multi_array__struct.hpp
[0.663s] -- Up-to-date: /root/ros_ws/src/Rescue_Car_ws/install/std_msgs/include/std_msgs/std_msgs/msg/detail/float32_multi_array__struct.hpp
[0.663s] -- Up-to-date: /root/ros_ws/src/Rescue_Car_ws/install/std_msgs/include/std_msgs/std_msgs/msg/detail/header__traits.hpp
[0.663s] -- Up-to-date: /root/ros_ws/src/Rescue_Car_ws/install/std_msgs/include/std_msgs/std_msgs/msg/detail/int32__struct.hpp
[0.663s] -- Up-to-date: /root/ros_ws/src/Rescue_Car_ws/install/std_msgs/include/std_msgs/std_msgs/msg/detail/u_int16__type_support.hpp
[0.663s] -- Up-to-date: /root/ros_ws/src/Rescue_Car_ws/install/std_msgs/include/std_msgs/std_msgs/msg/detail/int32__builder.hpp
[0.663s] -- Up-to-date: /root/ros_ws/src/Rescue_Car_ws/install/std_msgs/include/std_msgs/std_msgs/msg/detail/int16_multi_array__traits.hpp
[0.664s] -- Up-to-date: /root/ros_ws/src/Rescue_Car_ws/install/std_msgs/include/std_msgs/std_msgs/msg/detail/u_int16__builder.hpp
[0.664s] -- Up-to-date: /root/ros_ws/src/Rescue_Car_ws/install/std_msgs/include/std_msgs/std_msgs/msg/detail/float32_multi_array__type_support.hpp
[0.664s] -- Up-to-date: /root/ros_ws/src/Rescue_Car_ws/install/std_msgs/include/std_msgs/std_msgs/msg/detail/int8_multi_array__traits.hpp
[0.664s] -- Up-to-date: /root/ros_ws/src/Rescue_Car_ws/install/std_msgs/include/std_msgs/std_msgs/msg/detail/multi_array_dimension__traits.hpp
[0.664s] -- Up-to-date: /root/ros_ws/src/Rescue_Car_ws/install/std_msgs/include/std_msgs/std_msgs/msg/detail/string__traits.hpp
[0.664s] -- Up-to-date: /root/ros_ws/src/Rescue_Car_ws/install/std_msgs/include/std_msgs/std_msgs/msg/detail/multi_array_dimension__builder.hpp
[0.664s] -- Up-to-date: /root/ros_ws/src/Rescue_Car_ws/install/std_msgs/include/std_msgs/std_msgs/msg/detail/float64_multi_array__type_support.hpp
[0.664s] -- Up-to-date: /root/ros_ws/src/Rescue_Car_ws/install/std_msgs/include/std_msgs/std_msgs/msg/detail/int64_multi_array__traits.hpp
[0.664s] -- Up-to-date: /root/ros_ws/src/Rescue_Car_ws/install/std_msgs/include/std_msgs/std_msgs/msg/detail/float32__traits.hpp
[0.664s] -- Up-to-date: /root/ros_ws/src/Rescue_Car_ws/install/std_msgs/include/std_msgs/std_msgs/msg/detail/int16__traits.hpp
[0.664s] -- Up-to-date: /root/ros_ws/src/Rescue_Car_ws/install/std_msgs/include/std_msgs/std_msgs/msg/detail/float32__struct.hpp
[0.665s] -- Up-to-date: /root/ros_ws/src/Rescue_Car_ws/install/std_msgs/include/std_msgs/std_msgs/msg/detail/byte_multi_array__traits.hpp
[0.665s] -- Up-to-date: /root/ros_ws/src/Rescue_Car_ws/install/std_msgs/include/std_msgs/std_msgs/msg/detail/string__type_support.hpp
[0.665s] -- Up-to-date: /root/ros_ws/src/Rescue_Car_ws/install/std_msgs/include/std_msgs/std_msgs/msg/detail/string__struct.hpp
[0.665s] -- Up-to-date: /root/ros_ws/src/Rescue_Car_ws/install/std_msgs/include/std_msgs/std_msgs/msg/detail/int64__builder.hpp
[0.665s] -- Up-to-date: /root/ros_ws/src/Rescue_Car_ws/install/std_msgs/include/std_msgs/std_msgs/msg/detail/u_int16_multi_array__type_support.hpp
[0.665s] -- Up-to-date: /root/ros_ws/src/Rescue_Car_ws/install/std_msgs/include/std_msgs/std_msgs/msg/detail/u_int8_multi_array__type_support.hpp
[0.665s] -- Up-to-date: /root/ros_ws/src/Rescue_Car_ws/install/std_msgs/include/std_msgs/std_msgs/msg/detail/u_int32__struct.hpp
[0.665s] -- Up-to-date: /root/ros_ws/src/Rescue_Car_ws/install/std_msgs/include/std_msgs/std_msgs/msg/detail/u_int32_multi_array__struct.hpp
[0.665s] -- Up-to-date: /root/ros_ws/src/Rescue_Car_ws/install/std_msgs/include/std_msgs/std_msgs/msg/detail/u_int8__type_support.hpp
[0.665s] -- Up-to-date: /root/ros_ws/src/Rescue_Car_ws/install/std_msgs/include/std_msgs/std_msgs/msg/detail/bool__type_support.hpp
[0.665s] -- Up-to-date: /root/ros_ws/src/Rescue_Car_ws/install/std_msgs/include/std_msgs/std_msgs/msg/detail/int16__struct.hpp
[0.665s] -- Up-to-date: /root/ros_ws/src/Rescue_Car_ws/install/std_msgs/include/std_msgs/std_msgs/msg/detail/multi_array_layout__traits.hpp
[0.666s] -- Up-to-date: /root/ros_ws/src/Rescue_Car_ws/install/std_msgs/include/std_msgs/std_msgs/msg/detail/int8_multi_array__builder.hpp
[0.666s] -- Up-to-date: /root/ros_ws/src/Rescue_Car_ws/install/std_msgs/include/std_msgs/std_msgs/msg/detail/float64_multi_array__builder.hpp
[0.666s] -- Up-to-date: /root/ros_ws/src/Rescue_Car_ws/install/std_msgs/include/std_msgs/std_msgs/msg/detail/int64__struct.hpp
[0.666s] -- Up-to-date: /root/ros_ws/src/Rescue_Car_ws/install/std_msgs/include/std_msgs/std_msgs/msg/detail/empty__type_support.hpp
[0.666s] -- Up-to-date: /root/ros_ws/src/Rescue_Car_ws/install/std_msgs/include/std_msgs/std_msgs/msg/detail/float64__struct.hpp
[0.666s] -- Up-to-date: /root/ros_ws/src/Rescue_Car_ws/install/std_msgs/include/std_msgs/std_msgs/msg/byte.hpp
[0.666s] -- Up-to-date: /root/ros_ws/src/Rescue_Car_ws/install/std_msgs/include/std_msgs/std_msgs/msg/int8_multi_array.hpp
[0.666s] -- Up-to-date: /root/ros_ws/src/Rescue_Car_ws/install/std_msgs/include/std_msgs/std_msgs/msg/byte_multi_array.hpp
[0.666s] -- Up-to-date: /root/ros_ws/src/Rescue_Car_ws/install/std_msgs/include/std_msgs/std_msgs/msg/u_int64_multi_array.hpp
[0.666s] -- Up-to-date: /root/ros_ws/src/Rescue_Car_ws/install/std_msgs/include/std_msgs/std_msgs/msg/string.hpp
[0.666s] -- Up-to-date: /root/ros_ws/src/Rescue_Car_ws/install/std_msgs/include/std_msgs/std_msgs/msg/int32_multi_array.hpp
[0.666s] -- Up-to-date: /root/ros_ws/src/Rescue_Car_ws/install/std_msgs/include/std_msgs/std_msgs/msg/u_int16_multi_array.hpp
[0.666s] -- Up-to-date: /root/ros_ws/src/Rescue_Car_ws/install/std_msgs/include/std_msgs/std_msgs/msg/multi_array_dimension.hpp
[0.666s] -- Up-to-date: /root/ros_ws/src/Rescue_Car_ws/install/std_msgs/include/std_msgs/std_msgs/msg/int64_multi_array.hpp
[0.667s] -- Up-to-date: /root/ros_ws/src/Rescue_Car_ws/install/std_msgs/include/std_msgs/std_msgs/msg/float64_multi_array.hpp
[0.667s] -- Up-to-date: /root/ros_ws/src/Rescue_Car_ws/install/std_msgs/include/std_msgs/std_msgs/msg/u_int16.hpp
[0.667s] -- Up-to-date: /root/ros_ws/src/Rescue_Car_ws/install/std_msgs/include/std_msgs/std_msgs/msg/int16.hpp
[0.667s] -- Up-to-date: /root/ros_ws/src/Rescue_Car_ws/install/std_msgs/include/std_msgs/std_msgs
[0.667s] -- Up-to-date: /root/ros_ws/src/Rescue_Car_ws/install/std_msgs/include/std_msgs/std_msgs/msg
[0.667s] -- Up-to-date: /root/ros_ws/src/Rescue_Car_ws/install/std_msgs/include/std_msgs/std_msgs/msg/rosidl_typesupport_fastrtps_cpp__visibility_control.h
[0.667s] -- Up-to-date: /root/ros_ws/src/Rescue_Car_ws/install/std_msgs/include/std_msgs/std_msgs/msg/detail
[0.667s] -- Up-to-date: /root/ros_ws/src/Rescue_Car_ws/install/std_msgs/include/std_msgs/std_msgs/msg/detail/byte_multi_array__rosidl_typesupport_fastrtps_cpp.hpp
[0.667s] -- Up-to-date: /root/ros_ws/src/Rescue_Car_ws/install/std_msgs/include/std_msgs/std_msgs/msg/detail/multi_array_dimension__rosidl_typesupport_fastrtps_cpp.hpp
[0.667s] -- Up-to-date: /root/ros_ws/src/Rescue_Car_ws/install/std_msgs/include/std_msgs/std_msgs/msg/detail/float64_multi_array__rosidl_typesupport_fastrtps_cpp.hpp
[0.668s] -- Up-to-date: /root/ros_ws/src/Rescue_Car_ws/install/std_msgs/include/std_msgs/std_msgs/msg/detail/color_rgba__rosidl_typesupport_fastrtps_cpp.hpp
[0.668s] -- Up-to-date: /root/ros_ws/src/Rescue_Car_ws/install/std_msgs/include/std_msgs/std_msgs/msg/detail/u_int16_multi_array__rosidl_typesupport_fastrtps_cpp.hpp
[0.668s] -- Up-to-date: /root/ros_ws/src/Rescue_Car_ws/install/std_msgs/include/std_msgs/std_msgs/msg/detail/int16__rosidl_typesupport_fastrtps_cpp.hpp
[0.668s] -- Up-to-date: /root/ros_ws/src/Rescue_Car_ws/install/std_msgs/include/std_msgs/std_msgs/msg/detail/u_int8_multi_array__rosidl_typesupport_fastrtps_cpp.hpp
[0.668s] -- Up-to-date: /root/ros_ws/src/Rescue_Car_ws/install/std_msgs/include/std_msgs/std_msgs/msg/detail/empty__rosidl_typesupport_fastrtps_cpp.hpp
[0.668s] -- Up-to-date: /root/ros_ws/src/Rescue_Car_ws/install/std_msgs/include/std_msgs/std_msgs/msg/detail/float32__rosidl_typesupport_fastrtps_cpp.hpp
[0.668s] -- Up-to-date: /root/ros_ws/src/Rescue_Car_ws/install/std_msgs/include/std_msgs/std_msgs/msg/detail/header__rosidl_typesupport_fastrtps_cpp.hpp
[0.668s] -- Up-to-date: /root/ros_ws/src/Rescue_Car_ws/install/std_msgs/include/std_msgs/std_msgs/msg/detail/int64_multi_array__rosidl_typesupport_fastrtps_cpp.hpp
[0.669s] -- Up-to-date: /root/ros_ws/src/Rescue_Car_ws/install/std_msgs/include/std_msgs/std_msgs/msg/detail/u_int32__rosidl_typesupport_fastrtps_cpp.hpp
[0.669s] -- Up-to-date: /root/ros_ws/src/Rescue_Car_ws/install/std_msgs/include/std_msgs/std_msgs/msg/detail/float64__rosidl_typesupport_fastrtps_cpp.hpp
[0.669s] -- Up-to-date: /root/ros_ws/src/Rescue_Car_ws/install/std_msgs/include/std_msgs/std_msgs/msg/detail/dds_fastrtps
[0.669s] -- Up-to-date: /root/ros_ws/src/Rescue_Car_ws/install/std_msgs/include/std_msgs/std_msgs/msg/detail/float32_multi_array__rosidl_typesupport_fastrtps_cpp.hpp
[0.669s] -- Up-to-date: /root/ros_ws/src/Rescue_Car_ws/install/std_msgs/include/std_msgs/std_msgs/msg/detail/int32_multi_array__rosidl_typesupport_fastrtps_cpp.hpp
[0.669s] -- Up-to-date: /root/ros_ws/src/Rescue_Car_ws/install/std_msgs/include/std_msgs/std_msgs/msg/detail/int32__rosidl_typesupport_fastrtps_cpp.hpp
[0.669s] -- Up-to-date: /root/ros_ws/src/Rescue_Car_ws/install/std_msgs/include/std_msgs/std_msgs/msg/detail/u_int16__rosidl_typesupport_fastrtps_cpp.hpp
[0.669s] -- Up-to-date: /root/ros_ws/src/Rescue_Car_ws/install/std_msgs/include/std_msgs/std_msgs/msg/detail/u_int8__rosidl_typesupport_fastrtps_cpp.hpp
[0.669s] -- Up-to-date: /root/ros_ws/src/Rescue_Car_ws/install/std_msgs/include/std_msgs/std_msgs/msg/detail/multi_array_layout__rosidl_typesupport_fastrtps_cpp.hpp
[0.669s] -- Up-to-date: /root/ros_ws/src/Rescue_Car_ws/install/std_msgs/include/std_msgs/std_msgs/msg/detail/int64__rosidl_typesupport_fastrtps_cpp.hpp
[0.669s] -- Up-to-date: /root/ros_ws/src/Rescue_Car_ws/install/std_msgs/include/std_msgs/std_msgs/msg/detail/byte__rosidl_typesupport_fastrtps_cpp.hpp
[0.669s] -- Up-to-date: /root/ros_ws/src/Rescue_Car_ws/install/std_msgs/include/std_msgs/std_msgs/msg/detail/bool__rosidl_typesupport_fastrtps_cpp.hpp
[0.670s] -- Up-to-date: /root/ros_ws/src/Rescue_Car_ws/install/std_msgs/include/std_msgs/std_msgs/msg/detail/int8__rosidl_typesupport_fastrtps_cpp.hpp
[0.670s] -- Up-to-date: /root/ros_ws/src/Rescue_Car_ws/install/std_msgs/include/std_msgs/std_msgs/msg/detail/u_int32_multi_array__rosidl_typesupport_fastrtps_cpp.hpp
[0.670s] -- Up-to-date: /root/ros_ws/src/Rescue_Car_ws/install/std_msgs/include/std_msgs/std_msgs/msg/detail/char__rosidl_typesupport_fastrtps_cpp.hpp
[0.670s] -- Up-to-date: /root/ros_ws/src/Rescue_Car_ws/install/std_msgs/include/std_msgs/std_msgs/msg/detail/string__rosidl_typesupport_fastrtps_cpp.hpp
[0.670s] -- Up-to-date: /root/ros_ws/src/Rescue_Car_ws/install/std_msgs/include/std_msgs/std_msgs/msg/detail/int16_multi_array__rosidl_typesupport_fastrtps_cpp.hpp
[0.670s] -- Up-to-date: /root/ros_ws/src/Rescue_Car_ws/install/std_msgs/include/std_msgs/std_msgs/msg/detail/int8_multi_array__rosidl_typesupport_fastrtps_cpp.hpp
[0.670s] -- Up-to-date: /root/ros_ws/src/Rescue_Car_ws/install/std_msgs/include/std_msgs/std_msgs/msg/detail/u_int64__rosidl_typesupport_fastrtps_cpp.hpp
[0.670s] -- Up-to-date: /root/ros_ws/src/Rescue_Car_ws/install/std_msgs/include/std_msgs/std_msgs/msg/detail/u_int64_multi_array__rosidl_typesupport_fastrtps_cpp.hpp
[0.670s] -- Up-to-date: /root/ros_ws/src/Rescue_Car_ws/install/std_msgs/lib/libstd_msgs__rosidl_typesupport_fastrtps_cpp.so
[0.680s] -- Up-to-date: /root/ros_ws/src/Rescue_Car_ws/install/std_msgs/include/std_msgs/std_msgs
[0.681s] -- Up-to-date: /root/ros_ws/src/Rescue_Car_ws/install/std_msgs/include/std_msgs/std_msgs/msg
[0.681s] -- Up-to-date: /root/ros_ws/src/Rescue_Car_ws/install/std_msgs/include/std_msgs/std_msgs/msg/rosidl_typesupport_introspection_c__visibility_control.h
[0.681s] -- Up-to-date: /root/ros_ws/src/Rescue_Car_ws/install/std_msgs/include/std_msgs/std_msgs/msg/detail
[0.685s] -- Up-to-date: /root/ros_ws/src/Rescue_Car_ws/install/std_msgs/include/std_msgs/std_msgs/msg/detail/multi_array_dimension__rosidl_typesupport_introspection_c.h
[0.685s] -- Up-to-date: /root/ros_ws/src/Rescue_Car_ws/install/std_msgs/include/std_msgs/std_msgs/msg/detail/int32_multi_array__type_support.c
[0.685s] -- Up-to-date: /root/ros_ws/src/Rescue_Car_ws/install/std_msgs/include/std_msgs/std_msgs/msg/detail/u_int64__type_support.c
[0.685s] -- Up-to-date: /root/ros_ws/src/Rescue_Car_ws/install/std_msgs/include/std_msgs/std_msgs/msg/detail/bool__type_support.c
[0.685s] -- Up-to-date: /root/ros_ws/src/Rescue_Car_ws/install/std_msgs/include/std_msgs/std_msgs/msg/detail/float64__rosidl_typesupport_introspection_c.h
[0.685s] -- Up-to-date: /root/ros_ws/src/Rescue_Car_ws/install/std_msgs/include/std_msgs/std_msgs/msg/detail/string__type_support.c
[0.685s] -- Up-to-date: /root/ros_ws/src/Rescue_Car_ws/install/std_msgs/include/std_msgs/std_msgs/msg/detail/empty__rosidl_typesupport_introspection_c.h
[0.685s] -- Up-to-date: /root/ros_ws/src/Rescue_Car_ws/install/std_msgs/include/std_msgs/std_msgs/msg/detail/u_int16__rosidl_typesupport_introspection_c.h
[0.685s] -- Up-to-date: /root/ros_ws/src/Rescue_Car_ws/install/std_msgs/include/std_msgs/std_msgs/msg/detail/int16__type_support.c
[0.685s] -- Up-to-date: /root/ros_ws/src/Rescue_Car_ws/install/std_msgs/include/std_msgs/std_msgs/msg/detail/u_int8_multi_array__rosidl_typesupport_introspection_c.h
[0.686s] -- Up-to-date: /root/ros_ws/src/Rescue_Car_ws/install/std_msgs/include/std_msgs/std_msgs/msg/detail/float32_multi_array__rosidl_typesupport_introspection_c.h
[0.686s] -- Up-to-date: /root/ros_ws/src/Rescue_Car_ws/install/std_msgs/include/std_msgs/std_msgs/msg/detail/int64_multi_array__type_support.c
[0.686s] -- Up-to-date: /root/ros_ws/src/Rescue_Car_ws/install/std_msgs/include/std_msgs/std_msgs/msg/detail/bool__rosidl_typesupport_introspection_c.h
[0.686s] -- Up-to-date: /root/ros_ws/src/Rescue_Car_ws/install/std_msgs/include/std_msgs/std_msgs/msg/detail/u_int8__type_support.c
[0.686s] -- Up-to-date: /root/ros_ws/src/Rescue_Car_ws/install/std_msgs/include/std_msgs/std_msgs/msg/detail/int16_multi_array__rosidl_typesupport_introspection_c.h
[0.686s] -- Up-to-date: /root/ros_ws/src/Rescue_Car_ws/install/std_msgs/include/std_msgs/std_msgs/msg/detail/int8_multi_array__type_support.c
[0.686s] -- Up-to-date: /root/ros_ws/src/Rescue_Car_ws/install/std_msgs/include/std_msgs/std_msgs/msg/detail/byte__type_support.c
[0.686s] -- Up-to-date: /root/ros_ws/src/Rescue_Car_ws/install/std_msgs/include/std_msgs/std_msgs/msg/detail/byte__rosidl_typesupport_introspection_c.h
[0.686s] -- Up-to-date: /root/ros_ws/src/Rescue_Car_ws/install/std_msgs/include/std_msgs/std_msgs/msg/detail/float32__rosidl_typesupport_introspection_c.h
[0.686s] -- Up-to-date: /root/ros_ws/src/Rescue_Car_ws/install/std_msgs/include/std_msgs/std_msgs/msg/detail/byte_multi_array__type_support.c
[0.686s] -- Up-to-date: /root/ros_ws/src/Rescue_Car_ws/install/std_msgs/include/std_msgs/std_msgs/msg/detail/int16__rosidl_typesupport_introspection_c.h
[0.686s] -- Up-to-date: /root/ros_ws/src/Rescue_Car_ws/install/std_msgs/include/std_msgs/std_msgs/msg/detail/int64_multi_array__rosidl_typesupport_introspection_c.h
[0.687s] -- Up-to-date: /root/ros_ws/src/Rescue_Car_ws/install/std_msgs/include/std_msgs/std_msgs/msg/detail/int16_multi_array__type_support.c
[0.687s] -- Up-to-date: /root/ros_ws/src/Rescue_Car_ws/install/std_msgs/include/std_msgs/std_msgs/msg/detail/int8__type_support.c
[0.687s] -- Up-to-date: /root/ros_ws/src/Rescue_Car_ws/install/std_msgs/include/std_msgs/std_msgs/msg/detail/int64__type_support.c
[0.687s] -- Up-to-date: /root/ros_ws/src/Rescue_Car_ws/install/std_msgs/include/std_msgs/std_msgs/msg/detail/int32_multi_array__rosidl_typesupport_introspection_c.h
[0.687s] -- Up-to-date: /root/ros_ws/src/Rescue_Car_ws/install/std_msgs/include/std_msgs/std_msgs/msg/detail/u_int32_multi_array__type_support.c
[0.687s] -- Up-to-date: /root/ros_ws/src/Rescue_Car_ws/install/std_msgs/include/std_msgs/std_msgs/msg/detail/u_int64_multi_array__rosidl_typesupport_introspection_c.h
[0.687s] -- Up-to-date: /root/ros_ws/src/Rescue_Car_ws/install/std_msgs/include/std_msgs/std_msgs/msg/detail/empty__type_support.c
[0.687s] -- Up-to-date: /root/ros_ws/src/Rescue_Car_ws/install/std_msgs/include/std_msgs/std_msgs/msg/detail/float64__type_support.c
[0.688s] -- Up-to-date: /root/ros_ws/src/Rescue_Car_ws/install/std_msgs/include/std_msgs/std_msgs/msg/detail/char__rosidl_typesupport_introspection_c.h
[0.688s] -- Up-to-date: /root/ros_ws/src/Rescue_Car_ws/install/std_msgs/include/std_msgs/std_msgs/msg/detail/u_int16_multi_array__rosidl_typesupport_introspection_c.h
[0.688s] -- Up-to-date: /root/ros_ws/src/Rescue_Car_ws/install/std_msgs/include/std_msgs/std_msgs/msg/detail/color_rgba__rosidl_typesupport_introspection_c.h
[0.688s] -- Up-to-date: /root/ros_ws/src/Rescue_Car_ws/install/std_msgs/include/std_msgs/std_msgs/msg/detail/header__rosidl_typesupport_introspection_c.h
[0.688s] -- Up-to-date: /root/ros_ws/src/Rescue_Car_ws/install/std_msgs/include/std_msgs/std_msgs/msg/detail/u_int8__rosidl_typesupport_introspection_c.h
[0.688s] -- Up-to-date: /root/ros_ws/src/Rescue_Car_ws/install/std_msgs/include/std_msgs/std_msgs/msg/detail/multi_array_dimension__type_support.c
[0.688s] -- Up-to-date: /root/ros_ws/src/Rescue_Car_ws/install/std_msgs/include/std_msgs/std_msgs/msg/detail/multi_array_layout__rosidl_typesupport_introspection_c.h
[0.688s] -- Up-to-date: /root/ros_ws/src/Rescue_Car_ws/install/std_msgs/include/std_msgs/std_msgs/msg/detail/u_int32_multi_array__rosidl_typesupport_introspection_c.h
[0.688s] -- Up-to-date: /root/ros_ws/src/Rescue_Car_ws/install/std_msgs/include/std_msgs/std_msgs/msg/detail/u_int8_multi_array__type_support.c
[0.688s] -- Up-to-date: /root/ros_ws/src/Rescue_Car_ws/install/std_msgs/include/std_msgs/std_msgs/msg/detail/int32__type_support.c
[0.688s] -- Up-to-date: /root/ros_ws/src/Rescue_Car_ws/install/std_msgs/include/std_msgs/std_msgs/msg/detail/char__type_support.c
[0.689s] -- Up-to-date: /root/ros_ws/src/Rescue_Car_ws/install/std_msgs/include/std_msgs/std_msgs/msg/detail/int8__rosidl_typesupport_introspection_c.h
[0.689s] -- Up-to-date: /root/ros_ws/src/Rescue_Car_ws/install/std_msgs/include/std_msgs/std_msgs/msg/detail/header__type_support.c
[0.689s] -- Up-to-date: /root/ros_ws/src/Rescue_Car_ws/install/std_msgs/include/std_msgs/std_msgs/msg/detail/u_int32__rosidl_typesupport_introspection_c.h
[0.689s] -- Up-to-date: /root/ros_ws/src/Rescue_Car_ws/install/std_msgs/include/std_msgs/std_msgs/msg/detail/float32_multi_array__type_support.c
[0.689s] -- Up-to-date: /root/ros_ws/src/Rescue_Car_ws/install/std_msgs/include/std_msgs/std_msgs/msg/detail/float32__type_support.c
[0.689s] -- Up-to-date: /root/ros_ws/src/Rescue_Car_ws/install/std_msgs/include/std_msgs/std_msgs/msg/detail/float64_multi_array__type_support.c
[0.689s] -- Up-to-date: /root/ros_ws/src/Rescue_Car_ws/install/std_msgs/include/std_msgs/std_msgs/msg/detail/u_int16_multi_array__type_support.c
[0.689s] -- Up-to-date: /root/ros_ws/src/Rescue_Car_ws/install/std_msgs/include/std_msgs/std_msgs/msg/detail/int64__rosidl_typesupport_introspection_c.h
[0.690s] -- Up-to-date: /root/ros_ws/src/Rescue_Car_ws/install/std_msgs/include/std_msgs/std_msgs/msg/detail/byte_multi_array__rosidl_typesupport_introspection_c.h
[0.690s] -- Up-to-date: /root/ros_ws/src/Rescue_Car_ws/install/std_msgs/include/std_msgs/std_msgs/msg/detail/float64_multi_array__rosidl_typesupport_introspection_c.h
[0.690s] -- Up-to-date: /root/ros_ws/src/Rescue_Car_ws/install/std_msgs/include/std_msgs/std_msgs/msg/detail/string__rosidl_typesupport_introspection_c.h
[0.690s] -- Up-to-date: /root/ros_ws/src/Rescue_Car_ws/install/std_msgs/include/std_msgs/std_msgs/msg/detail/u_int32__type_support.c
[0.690s] -- Up-to-date: /root/ros_ws/src/Rescue_Car_ws/install/std_msgs/include/std_msgs/std_msgs/msg/detail/multi_array_layout__type_support.c
[0.690s] -- Up-to-date: /root/ros_ws/src/Rescue_Car_ws/install/std_msgs/include/std_msgs/std_msgs/msg/detail/u_int16__type_support.c
[0.690s] -- Up-to-date: /root/ros_ws/src/Rescue_Car_ws/install/std_msgs/include/std_msgs/std_msgs/msg/detail/color_rgba__type_support.c
[0.690s] -- Up-to-date: /root/ros_ws/src/Rescue_Car_ws/install/std_msgs/include/std_msgs/std_msgs/msg/detail/u_int64__rosidl_typesupport_introspection_c.h
[0.690s] -- Up-to-date: /root/ros_ws/src/Rescue_Car_ws/install/std_msgs/include/std_msgs/std_msgs/msg/detail/u_int64_multi_array__type_support.c
[0.701s] -- Up-to-date: /root/ros_ws/src/Rescue_Car_ws/install/std_msgs/include/std_msgs/std_msgs/msg/detail/int8_multi_array__rosidl_typesupport_introspection_c.h
[0.701s] -- Up-to-date: /root/ros_ws/src/Rescue_Car_ws/install/std_msgs/include/std_msgs/std_msgs/msg/detail/int32__rosidl_typesupport_introspection_c.h
[0.701s] -- Up-to-date: /root/ros_ws/src/Rescue_Car_ws/install/std_msgs/lib/libstd_msgs__rosidl_typesupport_introspection_c.so
[0.701s] -- Up-to-date: /root/ros_ws/src/Rescue_Car_ws/install/std_msgs/lib/libstd_msgs__rosidl_typesupport_c.so
[0.701s] -- Up-to-date: /root/ros_ws/src/Rescue_Car_ws/install/std_msgs/include/std_msgs/std_msgs
[0.701s] -- Up-to-date: /root/ros_ws/src/Rescue_Car_ws/install/std_msgs/include/std_msgs/std_msgs/msg
[0.701s] -- Up-to-date: /root/ros_ws/src/Rescue_Car_ws/install/std_msgs/include/std_msgs/std_msgs/msg/detail
[0.701s] -- Up-to-date: /root/ros_ws/src/Rescue_Car_ws/install/std_msgs/include/std_msgs/std_msgs/msg/detail/int16__rosidl_typesupport_introspection_cpp.hpp
[0.702s] -- Up-to-date: /root/ros_ws/src/Rescue_Car_ws/install/std_msgs/include/std_msgs/std_msgs/msg/detail/u_int8_multi_array__type_support.cpp
[0.702s] -- Up-to-date: /root/ros_ws/src/Rescue_Car_ws/install/std_msgs/include/std_msgs/std_msgs/msg/detail/float32__type_support.cpp
[0.702s] -- Up-to-date: /root/ros_ws/src/Rescue_Car_ws/install/std_msgs/include/std_msgs/std_msgs/msg/detail/color_rgba__rosidl_typesupport_introspection_cpp.hpp
[0.702s] -- Up-to-date: /root/ros_ws/src/Rescue_Car_ws/install/std_msgs/include/std_msgs/std_msgs/msg/detail/bool__rosidl_typesupport_introspection_cpp.hpp
[0.702s] -- Up-to-date: /root/ros_ws/src/Rescue_Car_ws/install/std_msgs/include/std_msgs/std_msgs/msg/detail/u_int8_multi_array__rosidl_typesupport_introspection_cpp.hpp
[0.702s] -- Up-to-date: /root/ros_ws/src/Rescue_Car_ws/install/std_msgs/include/std_msgs/std_msgs/msg/detail/multi_array_layout__rosidl_typesupport_introspection_cpp.hpp
[0.702s] -- Up-to-date: /root/ros_ws/src/Rescue_Car_ws/install/std_msgs/include/std_msgs/std_msgs/msg/detail/float64__rosidl_typesupport_introspection_cpp.hpp
[0.702s] -- Up-to-date: /root/ros_ws/src/Rescue_Car_ws/install/std_msgs/include/std_msgs/std_msgs/msg/detail/int64__type_support.cpp
[0.702s] -- Up-to-date: /root/ros_ws/src/Rescue_Car_ws/install/std_msgs/include/std_msgs/std_msgs/msg/detail/u_int32_multi_array__type_support.cpp
[0.702s] -- Up-to-date: /root/ros_ws/src/Rescue_Car_ws/install/std_msgs/include/std_msgs/std_msgs/msg/detail/int32__rosidl_typesupport_introspection_cpp.hpp
[0.702s] -- Up-to-date: /root/ros_ws/src/Rescue_Car_ws/install/std_msgs/include/std_msgs/std_msgs/msg/detail/int64_multi_array__rosidl_typesupport_introspection_cpp.hpp
[0.703s] -- Up-to-date: /root/ros_ws/src/Rescue_Car_ws/install/std_msgs/include/std_msgs/std_msgs/msg/detail/color_rgba__type_support.cpp
[0.703s] -- Up-to-date: /root/ros_ws/src/Rescue_Car_ws/install/std_msgs/include/std_msgs/std_msgs/msg/detail/int64_multi_array__type_support.cpp
[0.703s] -- Up-to-date: /root/ros_ws/src/Rescue_Car_ws/install/std_msgs/include/std_msgs/std_msgs/msg/detail/int16_multi_array__rosidl_typesupport_introspection_cpp.hpp
[0.703s] -- Up-to-date: /root/ros_ws/src/Rescue_Car_ws/install/std_msgs/include/std_msgs/std_msgs/msg/detail/float32__rosidl_typesupport_introspection_cpp.hpp
[0.703s] -- Up-to-date: /root/ros_ws/src/Rescue_Car_ws/install/std_msgs/include/std_msgs/std_msgs/msg/detail/string__rosidl_typesupport_introspection_cpp.hpp
[0.703s] -- Up-to-date: /root/ros_ws/src/Rescue_Car_ws/install/std_msgs/include/std_msgs/std_msgs/msg/detail/u_int16_multi_array__type_support.cpp
[0.703s] -- Up-to-date: /root/ros_ws/src/Rescue_Car_ws/install/std_msgs/include/std_msgs/std_msgs/msg/detail/multi_array_layout__type_support.cpp
[0.703s] -- Up-to-date: /root/ros_ws/src/Rescue_Car_ws/install/std_msgs/include/std_msgs/std_msgs/msg/detail/u_int32_multi_array__rosidl_typesupport_introspection_cpp.hpp
[0.703s] -- Up-to-date: /root/ros_ws/src/Rescue_Car_ws/install/std_msgs/include/std_msgs/std_msgs/msg/detail/header__type_support.cpp
[0.704s] -- Up-to-date: /root/ros_ws/src/Rescue_Car_ws/install/std_msgs/include/std_msgs/std_msgs/msg/detail/u_int16__type_support.cpp
[0.704s] -- Up-to-date: /root/ros_ws/src/Rescue_Car_ws/install/std_msgs/include/std_msgs/std_msgs/msg/detail/int16__type_support.cpp
[0.704s] -- Up-to-date: /root/ros_ws/src/Rescue_Car_ws/install/std_msgs/include/std_msgs/std_msgs/msg/detail/multi_array_dimension__type_support.cpp
[0.704s] -- Up-to-date: /root/ros_ws/src/Rescue_Car_ws/install/std_msgs/include/std_msgs/std_msgs/msg/detail/byte_multi_array__rosidl_typesupport_introspection_cpp.hpp
[0.704s] -- Up-to-date: /root/ros_ws/src/Rescue_Car_ws/install/std_msgs/include/std_msgs/std_msgs/msg/detail/byte__rosidl_typesupport_introspection_cpp.hpp
[0.704s] -- Up-to-date: /root/ros_ws/src/Rescue_Car_ws/install/std_msgs/include/std_msgs/std_msgs/msg/detail/u_int16__rosidl_typesupport_introspection_cpp.hpp
[0.704s] -- Up-to-date: /root/ros_ws/src/Rescue_Car_ws/install/std_msgs/include/std_msgs/std_msgs/msg/detail/u_int32__rosidl_typesupport_introspection_cpp.hpp
[0.704s] -- Up-to-date: /root/ros_ws/src/Rescue_Car_ws/install/std_msgs/include/std_msgs/std_msgs/msg/detail/byte_multi_array__type_support.cpp
[0.705s] -- Up-to-date: /root/ros_ws/src/Rescue_Car_ws/install/std_msgs/include/std_msgs/std_msgs/msg/detail/int8_multi_array__rosidl_typesupport_introspection_cpp.hpp
[0.705s] -- Up-to-date: /root/ros_ws/src/Rescue_Car_ws/install/std_msgs/include/std_msgs/std_msgs/msg/detail/int32_multi_array__type_support.cpp
[0.705s] -- Up-to-date: /root/ros_ws/src/Rescue_Car_ws/install/std_msgs/include/std_msgs/std_msgs/msg/detail/int16_multi_array__type_support.cpp
[0.705s] -- Up-to-date: /root/ros_ws/src/Rescue_Car_ws/install/std_msgs/include/std_msgs/std_msgs/msg/detail/u_int16_multi_array__rosidl_typesupport_introspection_cpp.hpp
[0.705s] -- Up-to-date: /root/ros_ws/src/Rescue_Car_ws/install/std_msgs/include/std_msgs/std_msgs/msg/detail/float32_multi_array__type_support.cpp
[0.705s] -- Up-to-date: /root/ros_ws/src/Rescue_Car_ws/install/std_msgs/include/std_msgs/std_msgs/msg/detail/float32_multi_array__rosidl_typesupport_introspection_cpp.hpp
[0.705s] -- Up-to-date: /root/ros_ws/src/Rescue_Car_ws/install/std_msgs/include/std_msgs/std_msgs/msg/detail/char__type_support.cpp
[0.705s] -- Up-to-date: /root/ros_ws/src/Rescue_Car_ws/install/std_msgs/include/std_msgs/std_msgs/msg/detail/string__type_support.cpp
[0.705s] -- Up-to-date: /root/ros_ws/src/Rescue_Car_ws/install/std_msgs/include/std_msgs/std_msgs/msg/detail/int32_multi_array__rosidl_typesupport_introspection_cpp.hpp
[0.705s] -- Up-to-date: /root/ros_ws/src/Rescue_Car_ws/install/std_msgs/include/std_msgs/std_msgs/msg/detail/u_int32__type_support.cpp
[0.705s] -- Up-to-date: /root/ros_ws/src/Rescue_Car_ws/install/std_msgs/include/std_msgs/std_msgs/msg/detail/byte__type_support.cpp
[0.706s] -- Up-to-date: /root/ros_ws/src/Rescue_Car_ws/install/std_msgs/include/std_msgs/std_msgs/msg/detail/float64_multi_array__rosidl_typesupport_introspection_cpp.hpp
[0.706s] -- Up-to-date: /root/ros_ws/src/Rescue_Car_ws/install/std_msgs/include/std_msgs/std_msgs/msg/detail/empty__rosidl_typesupport_introspection_cpp.hpp
[0.706s] -- Up-to-date: /root/ros_ws/src/Rescue_Car_ws/install/std_msgs/include/std_msgs/std_msgs/msg/detail/u_int8__rosidl_typesupport_introspection_cpp.hpp
[0.706s] -- Up-to-date: /root/ros_ws/src/Rescue_Car_ws/install/std_msgs/include/std_msgs/std_msgs/msg/detail/int32__type_support.cpp
[0.706s] -- Up-to-date: /root/ros_ws/src/Rescue_Car_ws/install/std_msgs/include/std_msgs/std_msgs/msg/detail/int8_multi_array__type_support.cpp
[0.706s] -- Up-to-date: /root/ros_ws/src/Rescue_Car_ws/install/std_msgs/include/std_msgs/std_msgs/msg/detail/u_int64__type_support.cpp
[0.706s] -- Up-to-date: /root/ros_ws/src/Rescue_Car_ws/install/std_msgs/include/std_msgs/std_msgs/msg/detail/header__rosidl_typesupport_introspection_cpp.hpp
[0.706s] -- Up-to-date: /root/ros_ws/src/Rescue_Car_ws/install/std_msgs/include/std_msgs/std_msgs/msg/detail/u_int8__type_support.cpp
[0.706s] -- Up-to-date: /root/ros_ws/src/Rescue_Car_ws/install/std_msgs/include/std_msgs/std_msgs/msg/detail/multi_array_dimension__rosidl_typesupport_introspection_cpp.hpp
[0.706s] -- Up-to-date: /root/ros_ws/src/Rescue_Car_ws/install/std_msgs/include/std_msgs/std_msgs/msg/detail/u_int64_multi_array__type_support.cpp
[0.706s] -- Up-to-date: /root/ros_ws/src/Rescue_Car_ws/install/std_msgs/include/std_msgs/std_msgs/msg/detail/u_int64__rosidl_typesupport_introspection_cpp.hpp
[0.707s] -- Up-to-date: /root/ros_ws/src/Rescue_Car_ws/install/std_msgs/include/std_msgs/std_msgs/msg/detail/u_int64_multi_array__rosidl_typesupport_introspection_cpp.hpp
[0.707s] -- Up-to-date: /root/ros_ws/src/Rescue_Car_ws/install/std_msgs/include/std_msgs/std_msgs/msg/detail/int8__rosidl_typesupport_introspection_cpp.hpp
[0.707s] -- Up-to-date: /root/ros_ws/src/Rescue_Car_ws/install/std_msgs/include/std_msgs/std_msgs/msg/detail/int64__rosidl_typesupport_introspection_cpp.hpp
[0.707s] -- Up-to-date: /root/ros_ws/src/Rescue_Car_ws/install/std_msgs/include/std_msgs/std_msgs/msg/detail/empty__type_support.cpp
[0.707s] -- Up-to-date: /root/ros_ws/src/Rescue_Car_ws/install/std_msgs/include/std_msgs/std_msgs/msg/detail/bool__type_support.cpp
[0.707s] -- Up-to-date: /root/ros_ws/src/Rescue_Car_ws/install/std_msgs/include/std_msgs/std_msgs/msg/detail/char__rosidl_typesupport_introspection_cpp.hpp
[0.707s] -- Up-to-date: /root/ros_ws/src/Rescue_Car_ws/install/std_msgs/include/std_msgs/std_msgs/msg/detail/int8__type_support.cpp
[0.707s] -- Up-to-date: /root/ros_ws/src/Rescue_Car_ws/install/std_msgs/include/std_msgs/std_msgs/msg/detail/float64__type_support.cpp
[0.707s] -- Up-to-date: /root/ros_ws/src/Rescue_Car_ws/install/std_msgs/include/std_msgs/std_msgs/msg/detail/float64_multi_array__type_support.cpp
[0.707s] -- Up-to-date: /root/ros_ws/src/Rescue_Car_ws/install/std_msgs/lib/libstd_msgs__rosidl_typesupport_introspection_cpp.so
[0.707s] -- Up-to-date: /root/ros_ws/src/Rescue_Car_ws/install/std_msgs/lib/libstd_msgs__rosidl_typesupport_cpp.so
[0.708s] -- Up-to-date: /root/ros_ws/src/Rescue_Car_ws/install/std_msgs/share/std_msgs/environment/pythonpath.sh
[0.708s] -- Up-to-date: /root/ros_ws/src/Rescue_Car_ws/install/std_msgs/share/std_msgs/environment/pythonpath.dsv
[0.708s] -- Up-to-date: /root/ros_ws/src/Rescue_Car_ws/install/std_msgs/local/lib/python3.10/dist-packages/std_msgs-4.9.0-py3.10.egg-info
[0.708s] -- Installing: /root/ros_ws/src/Rescue_Car_ws/install/std_msgs/local/lib/python3.10/dist-packages/std_msgs-4.9.0-py3.10.egg-info/dependency_links.txt
[0.708s] -- Installing: /root/ros_ws/src/Rescue_Car_ws/install/std_msgs/local/lib/python3.10/dist-packages/std_msgs-4.9.0-py3.10.egg-info/SOURCES.txt
[0.708s] -- Installing: /root/ros_ws/src/Rescue_Car_ws/install/std_msgs/local/lib/python3.10/dist-packages/std_msgs-4.9.0-py3.10.egg-info/PKG-INFO
[0.708s] -- Installing: /root/ros_ws/src/Rescue_Car_ws/install/std_msgs/local/lib/python3.10/dist-packages/std_msgs-4.9.0-py3.10.egg-info/top_level.txt
[0.708s] -- Up-to-date: /root/ros_ws/src/Rescue_Car_ws/install/std_msgs/local/lib/python3.10/dist-packages/std_msgs
[0.708s] -- Up-to-date: /root/ros_ws/src/Rescue_Car_ws/install/std_msgs/local/lib/python3.10/dist-packages/std_msgs/_std_msgs_s.ep.rosidl_typesupport_c.c
[0.708s] -- Up-to-date: /root/ros_ws/src/Rescue_Car_ws/install/std_msgs/local/lib/python3.10/dist-packages/std_msgs/std_msgs_s__rosidl_typesupport_introspection_c.cpython-310-x86_64-linux-gnu.so
[0.708s] -- Up-to-date: /root/ros_ws/src/Rescue_Car_ws/install/std_msgs/local/lib/python3.10/dist-packages/std_msgs/_std_msgs_s.ep.rosidl_typesupport_fastrtps_c.c
[0.708s] -- Up-to-date: /root/ros_ws/src/Rescue_Car_ws/install/std_msgs/local/lib/python3.10/dist-packages/std_msgs/libstd_msgs__rosidl_generator_py.so
[0.709s] -- Up-to-date: /root/ros_ws/src/Rescue_Car_ws/install/std_msgs/local/lib/python3.10/dist-packages/std_msgs/std_msgs_s__rosidl_typesupport_c.cpython-310-x86_64-linux-gnu.so
[0.709s] -- Up-to-date: /root/ros_ws/src/Rescue_Car_ws/install/std_msgs/local/lib/python3.10/dist-packages/std_msgs/std_msgs_s__rosidl_typesupport_fastrtps_c.cpython-310-x86_64-linux-gnu.so
[0.709s] -- Up-to-date: /root/ros_ws/src/Rescue_Car_ws/install/std_msgs/local/lib/python3.10/dist-packages/std_msgs/__init__.py
[0.709s] -- Up-to-date: /root/ros_ws/src/Rescue_Car_ws/install/std_msgs/local/lib/python3.10/dist-packages/std_msgs/msg
[0.709s] -- Up-to-date: /root/ros_ws/src/Rescue_Car_ws/install/std_msgs/local/lib/python3.10/dist-packages/std_msgs/msg/_multi_array_dimension_s.c
[0.709s] -- Up-to-date: /root/ros_ws/src/Rescue_Car_ws/install/std_msgs/local/lib/python3.10/dist-packages/std_msgs/msg/_int16_s.c
[0.709s] -- Up-to-date: /root/ros_ws/src/Rescue_Car_ws/install/std_msgs/local/lib/python3.10/dist-packages/std_msgs/msg/_char.py
[0.709s] -- Up-to-date: /root/ros_ws/src/Rescue_Car_ws/install/std_msgs/local/lib/python3.10/dist-packages/std_msgs/msg/_int8_multi_array.py
[0.709s] -- Up-to-date: /root/ros_ws/src/Rescue_Car_ws/install/std_msgs/local/lib/python3.10/dist-packages/std_msgs/msg/_header.py
[0.709s] -- Up-to-date: /root/ros_ws/src/Rescue_Car_ws/install/std_msgs/local/lib/python3.10/dist-packages/std_msgs/msg/_u_int8_s.c
[0.709s] -- Up-to-date: /root/ros_ws/src/Rescue_Car_ws/install/std_msgs/local/lib/python3.10/dist-packages/std_msgs/msg/_int8_multi_array_s.c
[0.709s] -- Up-to-date: /root/ros_ws/src/Rescue_Car_ws/install/std_msgs/local/lib/python3.10/dist-packages/std_msgs/msg/_multi_array_layout_s.c
[0.710s] -- Up-to-date: /root/ros_ws/src/Rescue_Car_ws/install/std_msgs/local/lib/python3.10/dist-packages/std_msgs/msg/_byte_multi_array.py
[0.710s] -- Up-to-date: /root/ros_ws/src/Rescue_Car_ws/install/std_msgs/local/lib/python3.10/dist-packages/std_msgs/msg/_u_int32_multi_array.py
[0.710s] -- Up-to-date: /root/ros_ws/src/Rescue_Car_ws/install/std_msgs/local/lib/python3.10/dist-packages/std_msgs/msg/_float32_s.c
[0.710s] -- Up-to-date: /root/ros_ws/src/Rescue_Car_ws/install/std_msgs/local/lib/python3.10/dist-packages/std_msgs/msg/_byte_s.c
[0.710s] -- Up-to-date: /root/ros_ws/src/Rescue_Car_ws/install/std_msgs/local/lib/python3.10/dist-packages/std_msgs/msg/_int8_s.c
[0.710s] -- Up-to-date: /root/ros_ws/src/Rescue_Car_ws/install/std_msgs/local/lib/python3.10/dist-packages/std_msgs/msg/_int16_multi_array_s.c
[0.710s] -- Up-to-date: /root/ros_ws/src/Rescue_Car_ws/install/std_msgs/local/lib/python3.10/dist-packages/std_msgs/msg/_u_int64_multi_array_s.c
[0.710s] -- Up-to-date: /root/ros_ws/src/Rescue_Car_ws/install/std_msgs/local/lib/python3.10/dist-packages/std_msgs/msg/_empty_s.c
[0.710s] -- Up-to-date: /root/ros_ws/src/Rescue_Car_ws/install/std_msgs/local/lib/python3.10/dist-packages/std_msgs/msg/_header_s.c
[0.710s] -- Up-to-date: /root/ros_ws/src/Rescue_Car_ws/install/std_msgs/local/lib/python3.10/dist-packages/std_msgs/msg/_u_int32.py
[0.710s] -- Up-to-date: /root/ros_ws/src/Rescue_Car_ws/install/std_msgs/local/lib/python3.10/dist-packages/std_msgs/msg/_multi_array_layout.py
[0.710s] -- Up-to-date: /root/ros_ws/src/Rescue_Car_ws/install/std_msgs/local/lib/python3.10/dist-packages/std_msgs/msg/_u_int32_s.c
[0.711s] -- Up-to-date: /root/ros_ws/src/Rescue_Car_ws/install/std_msgs/local/lib/python3.10/dist-packages/std_msgs/msg/_float32.py
[0.711s] -- Up-to-date: /root/ros_ws/src/Rescue_Car_ws/install/std_msgs/local/lib/python3.10/dist-packages/std_msgs/msg/_int64_s.c
[0.711s] -- Up-to-date: /root/ros_ws/src/Rescue_Car_ws/install/std_msgs/local/lib/python3.10/dist-packages/std_msgs/msg/_int16_multi_array.py
[0.711s] -- Up-to-date: /root/ros_ws/src/Rescue_Car_ws/install/std_msgs/local/lib/python3.10/dist-packages/std_msgs/msg/_float32_multi_array.py
[0.711s] -- Up-to-date: /root/ros_ws/src/Rescue_Car_ws/install/std_msgs/local/lib/python3.10/dist-packages/std_msgs/msg/_u_int8.py
[0.711s] -- Up-to-date: /root/ros_ws/src/Rescue_Car_ws/install/std_msgs/local/lib/python3.10/dist-packages/std_msgs/msg/_int32_multi_array.py
[0.711s] -- Up-to-date: /root/ros_ws/src/Rescue_Car_ws/install/std_msgs/local/lib/python3.10/dist-packages/std_msgs/msg/_string.py
[0.711s] -- Up-to-date: /root/ros_ws/src/Rescue_Car_ws/install/std_msgs/local/lib/python3.10/dist-packages/std_msgs/msg/_float64_multi_array_s.c
[0.711s] -- Up-to-date: /root/ros_ws/src/Rescue_Car_ws/install/std_msgs/local/lib/python3.10/dist-packages/std_msgs/msg/_int32_multi_array_s.c
[0.711s] -- Up-to-date: /root/ros_ws/src/Rescue_Car_ws/install/std_msgs/local/lib/python3.10/dist-packages/std_msgs/msg/_u_int32_multi_array_s.c
[0.711s] -- Up-to-date: /root/ros_ws/src/Rescue_Car_ws/install/std_msgs/local/lib/python3.10/dist-packages/std_msgs/msg/_u_int8_multi_array_s.c
[0.711s] -- Up-to-date: /root/ros_ws/src/Rescue_Car_ws/install/std_msgs/local/lib/python3.10/dist-packages/std_msgs/msg/_u_int16_multi_array.py
[0.712s] -- Up-to-date: /root/ros_ws/src/Rescue_Car_ws/install/std_msgs/local/lib/python3.10/dist-packages/std_msgs/msg/_float64_multi_array.py
[0.712s] -- Up-to-date: /root/ros_ws/src/Rescue_Car_ws/install/std_msgs/local/lib/python3.10/dist-packages/std_msgs/msg/_int64_multi_array.py
[0.712s] -- Up-to-date: /root/ros_ws/src/Rescue_Car_ws/install/std_msgs/local/lib/python3.10/dist-packages/std_msgs/msg/_float32_multi_array_s.c
[0.712s] -- Up-to-date: /root/ros_ws/src/Rescue_Car_ws/install/std_msgs/local/lib/python3.10/dist-packages/std_msgs/msg/_int32.py
[0.712s] -- Up-to-date: /root/ros_ws/src/Rescue_Car_ws/install/std_msgs/local/lib/python3.10/dist-packages/std_msgs/msg/_bool.py
[0.712s] -- Up-to-date: /root/ros_ws/src/Rescue_Car_ws/install/std_msgs/local/lib/python3.10/dist-packages/std_msgs/msg/_int8.py
[0.712s] -- Up-to-date: /root/ros_ws/src/Rescue_Car_ws/install/std_msgs/local/lib/python3.10/dist-packages/std_msgs/msg/_int64_multi_array_s.c
[0.712s] -- Up-to-date: /root/ros_ws/src/Rescue_Car_ws/install/std_msgs/local/lib/python3.10/dist-packages/std_msgs/msg/_string_s.c
[0.712s] -- Up-to-date: /root/ros_ws/src/Rescue_Car_ws/install/std_msgs/local/lib/python3.10/dist-packages/std_msgs/msg/_int64.py
[0.712s] -- Up-to-date: /root/ros_ws/src/Rescue_Car_ws/install/std_msgs/local/lib/python3.10/dist-packages/std_msgs/msg/_bool_s.c
[0.712s] -- Up-to-date: /root/ros_ws/src/Rescue_Car_ws/install/std_msgs/local/lib/python3.10/dist-packages/std_msgs/msg/_int16.py
[0.712s] -- Up-to-date: /root/ros_ws/src/Rescue_Car_ws/install/std_msgs/local/lib/python3.10/dist-packages/std_msgs/msg/_u_int16.py
[0.713s] -- Up-to-date: /root/ros_ws/src/Rescue_Car_ws/install/std_msgs/local/lib/python3.10/dist-packages/std_msgs/msg/_color_rgba_s.c
[0.713s] -- Up-to-date: /root/ros_ws/src/Rescue_Car_ws/install/std_msgs/local/lib/python3.10/dist-packages/std_msgs/msg/__init__.py
[0.713s] -- Up-to-date: /root/ros_ws/src/Rescue_Car_ws/install/std_msgs/local/lib/python3.10/dist-packages/std_msgs/msg/_u_int8_multi_array.py
[0.713s] -- Up-to-date: /root/ros_ws/src/Rescue_Car_ws/install/std_msgs/local/lib/python3.10/dist-packages/std_msgs/msg/_float64.py
[0.713s] -- Up-to-date: /root/ros_ws/src/Rescue_Car_ws/install/std_msgs/local/lib/python3.10/dist-packages/std_msgs/msg/_char_s.c
[0.713s] -- Up-to-date: /root/ros_ws/src/Rescue_Car_ws/install/std_msgs/local/lib/python3.10/dist-packages/std_msgs/msg/_byte.py
[0.713s] -- Up-to-date: /root/ros_ws/src/Rescue_Car_ws/install/std_msgs/local/lib/python3.10/dist-packages/std_msgs/msg/_u_int64_multi_array.py
[0.713s] -- Up-to-date: /root/ros_ws/src/Rescue_Car_ws/install/std_msgs/local/lib/python3.10/dist-packages/std_msgs/msg/_color_rgba.py
[0.713s] -- Up-to-date: /root/ros_ws/src/Rescue_Car_ws/install/std_msgs/local/lib/python3.10/dist-packages/std_msgs/msg/_u_int16_s.c
[0.713s] -- Up-to-date: /root/ros_ws/src/Rescue_Car_ws/install/std_msgs/local/lib/python3.10/dist-packages/std_msgs/msg/_int32_s.c
[0.713s] -- Up-to-date: /root/ros_ws/src/Rescue_Car_ws/install/std_msgs/local/lib/python3.10/dist-packages/std_msgs/msg/_float64_s.c
[0.714s] -- Up-to-date: /root/ros_ws/src/Rescue_Car_ws/install/std_msgs/local/lib/python3.10/dist-packages/std_msgs/msg/_u_int64.py
[0.714s] -- Up-to-date: /root/ros_ws/src/Rescue_Car_ws/install/std_msgs/local/lib/python3.10/dist-packages/std_msgs/msg/_empty.py
[0.714s] -- Up-to-date: /root/ros_ws/src/Rescue_Car_ws/install/std_msgs/local/lib/python3.10/dist-packages/std_msgs/msg/_multi_array_dimension.py
[0.714s] -- Up-to-date: /root/ros_ws/src/Rescue_Car_ws/install/std_msgs/local/lib/python3.10/dist-packages/std_msgs/msg/_byte_multi_array_s.c
[0.714s] -- Up-to-date: /root/ros_ws/src/Rescue_Car_ws/install/std_msgs/local/lib/python3.10/dist-packages/std_msgs/msg/_u_int64_s.c
[0.714s] -- Up-to-date: /root/ros_ws/src/Rescue_Car_ws/install/std_msgs/local/lib/python3.10/dist-packages/std_msgs/msg/_u_int16_multi_array_s.c
[0.714s] -- Up-to-date: /root/ros_ws/src/Rescue_Car_ws/install/std_msgs/local/lib/python3.10/dist-packages/std_msgs/_std_msgs_s.ep.rosidl_typesupport_introspection_c.c
[0.743s] Listing '/root/ros_ws/src/Rescue_Car_ws/install/std_msgs/local/lib/python3.10/dist-packages/std_msgs'...
[0.743s] Listing '/root/ros_ws/src/Rescue_Car_ws/install/std_msgs/local/lib/python3.10/dist-packages/std_msgs/msg'...
[0.743s] -- Up-to-date: /root/ros_ws/src/Rescue_Car_ws/install/std_msgs/local/lib/python3.10/dist-packages/std_msgs/std_msgs_s__rosidl_typesupport_fastrtps_c.cpython-310-x86_64-linux-gnu.so
[0.743s] -- Up-to-date: /root/ros_ws/src/Rescue_Car_ws/install/std_msgs/local/lib/python3.10/dist-packages/std_msgs/std_msgs_s__rosidl_typesupport_introspection_c.cpython-310-x86_64-linux-gnu.so
[0.743s] -- Up-to-date: /root/ros_ws/src/Rescue_Car_ws/install/std_msgs/local/lib/python3.10/dist-packages/std_msgs/std_msgs_s__rosidl_typesupport_c.cpython-310-x86_64-linux-gnu.so
[0.743s] -- Up-to-date: /root/ros_ws/src/Rescue_Car_ws/install/std_msgs/lib/libstd_msgs__rosidl_generator_py.so
[0.743s] -- Up-to-date: /root/ros_ws/src/Rescue_Car_ws/install/std_msgs/share/std_msgs/msg/Bool.idl
[0.744s] -- Up-to-date: /root/ros_ws/src/Rescue_Car_ws/install/std_msgs/share/std_msgs/msg/Byte.idl
[0.744s] -- Up-to-date: /root/ros_ws/src/Rescue_Car_ws/install/std_msgs/share/std_msgs/msg/ByteMultiArray.idl
[0.744s] -- Up-to-date: /root/ros_ws/src/Rescue_Car_ws/install/std_msgs/share/std_msgs/msg/Char.idl
[0.744s] -- Up-to-date: /root/ros_ws/src/Rescue_Car_ws/install/std_msgs/share/std_msgs/msg/ColorRGBA.idl
[0.744s] -- Up-to-date: /root/ros_ws/src/Rescue_Car_ws/install/std_msgs/share/std_msgs/msg/Empty.idl
[0.744s] -- Up-to-date: /root/ros_ws/src/Rescue_Car_ws/install/std_msgs/share/std_msgs/msg/Float32.idl
[0.744s] -- Up-to-date: /root/ros_ws/src/Rescue_Car_ws/install/std_msgs/share/std_msgs/msg/Float32MultiArray.idl
[0.744s] -- Up-to-date: /root/ros_ws/src/Rescue_Car_ws/install/std_msgs/share/std_msgs/msg/Float64.idl
[0.744s] -- Up-to-date: /root/ros_ws/src/Rescue_Car_ws/install/std_msgs/share/std_msgs/msg/Float64MultiArray.idl
[0.744s] -- Up-to-date: /root/ros_ws/src/Rescue_Car_ws/install/std_msgs/share/std_msgs/msg/Header.idl
[0.744s] -- Up-to-date: /root/ros_ws/src/Rescue_Car_ws/install/std_msgs/share/std_msgs/msg/Int16.idl
[0.744s] -- Up-to-date: /root/ros_ws/src/Rescue_Car_ws/install/std_msgs/share/std_msgs/msg/Int16MultiArray.idl
[0.745s] -- Up-to-date: /root/ros_ws/src/Rescue_Car_ws/install/std_msgs/share/std_msgs/msg/Int32.idl
[0.745s] -- Up-to-date: /root/ros_ws/src/Rescue_Car_ws/install/std_msgs/share/std_msgs/msg/Int32MultiArray.idl
[0.745s] -- Up-to-date: /root/ros_ws/src/Rescue_Car_ws/install/std_msgs/share/std_msgs/msg/Int64.idl
[0.745s] -- Up-to-date: /root/ros_ws/src/Rescue_Car_ws/install/std_msgs/share/std_msgs/msg/Int64MultiArray.idl
[0.745s] -- Up-to-date: /root/ros_ws/src/Rescue_Car_ws/install/std_msgs/share/std_msgs/msg/Int8.idl
[0.745s] -- Up-to-date: /root/ros_ws/src/Rescue_Car_ws/install/std_msgs/share/std_msgs/msg/Int8MultiArray.idl
[0.745s] -- Up-to-date: /root/ros_ws/src/Rescue_Car_ws/install/std_msgs/share/std_msgs/msg/MultiArrayDimension.idl
[0.745s] -- Up-to-date: /root/ros_ws/src/Rescue_Car_ws/install/std_msgs/share/std_msgs/msg/MultiArrayLayout.idl
[0.745s] -- Up-to-date: /root/ros_ws/src/Rescue_Car_ws/install/std_msgs/share/std_msgs/msg/String.idl
[0.745s] -- Up-to-date: /root/ros_ws/src/Rescue_Car_ws/install/std_msgs/share/std_msgs/msg/UInt16.idl
[0.746s] -- Up-to-date: /root/ros_ws/src/Rescue_Car_ws/install/std_msgs/share/std_msgs/msg/UInt16MultiArray.idl
[0.746s] -- Up-to-date: /root/ros_ws/src/Rescue_Car_ws/install/std_msgs/share/std_msgs/msg/UInt32.idl
[0.746s] -- Up-to-date: /root/ros_ws/src/Rescue_Car_ws/install/std_msgs/share/std_msgs/msg/UInt32MultiArray.idl
[0.746s] -- Up-to-date: /root/ros_ws/src/Rescue_Car_ws/install/std_msgs/share/std_msgs/msg/UInt64.idl
[0.746s] -- Up-to-date: /root/ros_ws/src/Rescue_Car_ws/install/std_msgs/share/std_msgs/msg/UInt64MultiArray.idl
[0.746s] -- Up-to-date: /root/ros_ws/src/Rescue_Car_ws/install/std_msgs/share/std_msgs/msg/UInt8.idl
[0.747s] -- Up-to-date: /root/ros_ws/src/Rescue_Car_ws/install/std_msgs/share/std_msgs/msg/UInt8MultiArray.idl
[0.747s] -- Up-to-date: /root/ros_ws/src/Rescue_Car_ws/install/std_msgs/share/std_msgs/msg/Bool.msg
[0.747s] -- Up-to-date: /root/ros_ws/src/Rescue_Car_ws/install/std_msgs/share/std_msgs/msg/Byte.msg
[0.747s] -- Up-to-date: /root/ros_ws/src/Rescue_Car_ws/install/std_msgs/share/std_msgs/msg/ByteMultiArray.msg
[0.747s] -- Up-to-date: /root/ros_ws/src/Rescue_Car_ws/install/std_msgs/share/std_msgs/msg/Char.msg
[0.747s] -- Up-to-date: /root/ros_ws/src/Rescue_Car_ws/install/std_msgs/share/std_msgs/msg/ColorRGBA.msg
[0.747s] -- Up-to-date: /root/ros_ws/src/Rescue_Car_ws/install/std_msgs/share/std_msgs/msg/Empty.msg
[0.747s] -- Up-to-date: /root/ros_ws/src/Rescue_Car_ws/install/std_msgs/share/std_msgs/msg/Float32.msg
[0.747s] -- Up-to-date: /root/ros_ws/src/Rescue_Car_ws/install/std_msgs/share/std_msgs/msg/Float32MultiArray.msg
[0.747s] -- Up-to-date: /root/ros_ws/src/Rescue_Car_ws/install/std_msgs/share/std_msgs/msg/Float64.msg
[0.748s] -- Up-to-date: /root/ros_ws/src/Rescue_Car_ws/install/std_msgs/share/std_msgs/msg/Float64MultiArray.msg
[0.748s] -- Up-to-date: /root/ros_ws/src/Rescue_Car_ws/install/std_msgs/share/std_msgs/msg/Header.msg
[0.748s] -- Up-to-date: /root/ros_ws/src/Rescue_Car_ws/install/std_msgs/share/std_msgs/msg/Int16.msg
[0.748s] -- Up-to-date: /root/ros_ws/src/Rescue_Car_ws/install/std_msgs/share/std_msgs/msg/Int16MultiArray.msg
[0.748s] -- Up-to-date: /root/ros_ws/src/Rescue_Car_ws/install/std_msgs/share/std_msgs/msg/Int32.msg
[0.748s] -- Up-to-date: /root/ros_ws/src/Rescue_Car_ws/install/std_msgs/share/std_msgs/msg/Int32MultiArray.msg
[0.748s] -- Up-to-date: /root/ros_ws/src/Rescue_Car_ws/install/std_msgs/share/std_msgs/msg/Int64.msg
[0.748s] -- Up-to-date: /root/ros_ws/src/Rescue_Car_ws/install/std_msgs/share/std_msgs/msg/Int64MultiArray.msg
[0.748s] -- Up-to-date: /root/ros_ws/src/Rescue_Car_ws/install/std_msgs/share/std_msgs/msg/Int8.msg
[0.748s] -- Up-to-date: /root/ros_ws/src/Rescue_Car_ws/install/std_msgs/share/std_msgs/msg/Int8MultiArray.msg
[0.748s] -- Up-to-date: /root/ros_ws/src/Rescue_Car_ws/install/std_msgs/share/std_msgs/msg/MultiArrayDimension.msg
[0.748s] -- Up-to-date: /root/ros_ws/src/Rescue_Car_ws/install/std_msgs/share/std_msgs/msg/MultiArrayLayout.msg
[0.749s] -- Up-to-date: /root/ros_ws/src/Rescue_Car_ws/install/std_msgs/share/std_msgs/msg/String.msg
[0.749s] -- Up-to-date: /root/ros_ws/src/Rescue_Car_ws/install/std_msgs/share/std_msgs/msg/UInt16.msg
[0.749s] -- Up-to-date: /root/ros_ws/src/Rescue_Car_ws/install/std_msgs/share/std_msgs/msg/UInt16MultiArray.msg
[0.749s] -- Up-to-date: /root/ros_ws/src/Rescue_Car_ws/install/std_msgs/share/std_msgs/msg/UInt32.msg
[0.749s] -- Up-to-date: /root/ros_ws/src/Rescue_Car_ws/install/std_msgs/share/std_msgs/msg/UInt32MultiArray.msg
[0.749s] -- Up-to-date: /root/ros_ws/src/Rescue_Car_ws/install/std_msgs/share/std_msgs/msg/UInt64.msg
[0.749s] -- Up-to-date: /root/ros_ws/src/Rescue_Car_ws/install/std_msgs/share/std_msgs/msg/UInt64MultiArray.msg
[0.749s] -- Up-to-date: /root/ros_ws/src/Rescue_Car_ws/install/std_msgs/share/std_msgs/msg/UInt8.msg
[0.749s] -- Up-to-date: /root/ros_ws/src/Rescue_Car_ws/install/std_msgs/share/std_msgs/msg/UInt8MultiArray.msg
[0.749s] -- Up-to-date: /root/ros_ws/src/Rescue_Car_ws/install/std_msgs/share/ament_index/resource_index/package_run_dependencies/std_msgs
[0.749s] -- Up-to-date: /root/ros_ws/src/Rescue_Car_ws/install/std_msgs/share/ament_index/resource_index/parent_prefix_path/std_msgs
[0.749s] -- Up-to-date: /root/ros_ws/src/Rescue_Car_ws/install/std_msgs/share/std_msgs/environment/ament_prefix_path.sh
[0.750s] -- Up-to-date: /root/ros_ws/src/Rescue_Car_ws/install/std_msgs/share/std_msgs/environment/ament_prefix_path.dsv
[0.750s] -- Up-to-date: /root/ros_ws/src/Rescue_Car_ws/install/std_msgs/share/std_msgs/environment/path.sh
[0.750s] -- Up-to-date: /root/ros_ws/src/Rescue_Car_ws/install/std_msgs/share/std_msgs/environment/path.dsv
[0.750s] -- Up-to-date: /root/ros_ws/src/Rescue_Car_ws/install/std_msgs/share/std_msgs/local_setup.bash
[0.750s] -- Up-to-date: /root/ros_ws/src/Rescue_Car_ws/install/std_msgs/share/std_msgs/local_setup.sh
[0.750s] -- Up-to-date: /root/ros_ws/src/Rescue_Car_ws/install/std_msgs/share/std_msgs/local_setup.zsh
[0.750s] -- Up-to-date: /root/ros_ws/src/Rescue_Car_ws/install/std_msgs/share/std_msgs/local_setup.dsv
[0.750s] -- Installing: /root/ros_ws/src/Rescue_Car_ws/install/std_msgs/share/std_msgs/package.dsv
[0.750s] -- Up-to-date: /root/ros_ws/src/Rescue_Car_ws/install/std_msgs/share/ament_index/resource_index/packages/std_msgs
[0.750s] -- Up-to-date: /root/ros_ws/src/Rescue_Car_ws/install/std_msgs/share/std_msgs/cmake/export_std_msgs__rosidl_generator_cExport.cmake
[0.750s] -- Up-to-date: /root/ros_ws/src/Rescue_Car_ws/install/std_msgs/share/std_msgs/cmake/export_std_msgs__rosidl_generator_cExport-noconfig.cmake
[0.750s] -- Up-to-date: /root/ros_ws/src/Rescue_Car_ws/install/std_msgs/share/std_msgs/cmake/export_std_msgs__rosidl_typesupport_fastrtps_cExport.cmake
[0.750s] -- Up-to-date: /root/ros_ws/src/Rescue_Car_ws/install/std_msgs/share/std_msgs/cmake/export_std_msgs__rosidl_typesupport_fastrtps_cExport-noconfig.cmake
[0.750s] -- Up-to-date: /root/ros_ws/src/Rescue_Car_ws/install/std_msgs/share/std_msgs/cmake/export_std_msgs__rosidl_generator_cppExport.cmake
[0.751s] -- Up-to-date: /root/ros_ws/src/Rescue_Car_ws/install/std_msgs/share/std_msgs/cmake/export_std_msgs__rosidl_typesupport_fastrtps_cppExport.cmake
[0.751s] -- Up-to-date: /root/ros_ws/src/Rescue_Car_ws/install/std_msgs/share/std_msgs/cmake/export_std_msgs__rosidl_typesupport_fastrtps_cppExport-noconfig.cmake
[0.751s] -- Up-to-date: /root/ros_ws/src/Rescue_Car_ws/install/std_msgs/share/std_msgs/cmake/std_msgs__rosidl_typesupport_introspection_cExport.cmake
[0.751s] -- Up-to-date: /root/ros_ws/src/Rescue_Car_ws/install/std_msgs/share/std_msgs/cmake/std_msgs__rosidl_typesupport_introspection_cExport-noconfig.cmake
[0.751s] -- Up-to-date: /root/ros_ws/src/Rescue_Car_ws/install/std_msgs/share/std_msgs/cmake/std_msgs__rosidl_typesupport_cExport.cmake
[0.752s] -- Up-to-date: /root/ros_ws/src/Rescue_Car_ws/install/std_msgs/share/std_msgs/cmake/std_msgs__rosidl_typesupport_cExport-noconfig.cmake
[0.752s] -- Up-to-date: /root/ros_ws/src/Rescue_Car_ws/install/std_msgs/share/std_msgs/cmake/std_msgs__rosidl_typesupport_introspection_cppExport.cmake
[0.752s] -- Up-to-date: /root/ros_ws/src/Rescue_Car_ws/install/std_msgs/share/std_msgs/cmake/std_msgs__rosidl_typesupport_introspection_cppExport-noconfig.cmake
[0.752s] -- Up-to-date: /root/ros_ws/src/Rescue_Car_ws/install/std_msgs/share/std_msgs/cmake/std_msgs__rosidl_typesupport_cppExport.cmake
[0.753s] -- Up-to-date: /root/ros_ws/src/Rescue_Car_ws/install/std_msgs/share/std_msgs/cmake/std_msgs__rosidl_typesupport_cppExport-noconfig.cmake
[0.753s] -- Up-to-date: /root/ros_ws/src/Rescue_Car_ws/install/std_msgs/share/std_msgs/cmake/export_std_msgs__rosidl_generator_pyExport.cmake
[0.753s] -- Up-to-date: /root/ros_ws/src/Rescue_Car_ws/install/std_msgs/share/std_msgs/cmake/export_std_msgs__rosidl_generator_pyExport-noconfig.cmake
[0.753s] -- Up-to-date: /root/ros_ws/src/Rescue_Car_ws/install/std_msgs/share/std_msgs/cmake/rosidl_cmake-extras.cmake
[0.754s] -- Up-to-date: /root/ros_ws/src/Rescue_Car_ws/install/std_msgs/share/std_msgs/cmake/ament_cmake_export_dependencies-extras.cmake
[0.754s] -- Up-to-date: /root/ros_ws/src/Rescue_Car_ws/install/std_msgs/share/std_msgs/cmake/ament_cmake_export_include_directories-extras.cmake
[0.754s] -- Up-to-date: /root/ros_ws/src/Rescue_Car_ws/install/std_msgs/share/std_msgs/cmake/ament_cmake_export_libraries-extras.cmake
[0.754s] -- Up-to-date: /root/ros_ws/src/Rescue_Car_ws/install/std_msgs/share/std_msgs/cmake/ament_cmake_export_targets-extras.cmake
[0.754s] -- Up-to-date: /root/ros_ws/src/Rescue_Car_ws/install/std_msgs/share/std_msgs/cmake/rosidl_cmake_export_typesupport_targets-extras.cmake
[0.754s] -- Up-to-date: /root/ros_ws/src/Rescue_Car_ws/install/std_msgs/share/std_msgs/cmake/rosidl_cmake_export_typesupport_libraries-extras.cmake
[0.754s] -- Up-to-date: /root/ros_ws/src/Rescue_Car_ws/install/std_msgs/share/std_msgs/cmake/std_msgsConfig.cmake
[0.754s] -- Up-to-date: /root/ros_ws/src/Rescue_Car_ws/install/std_msgs/share/std_msgs/cmake/std_msgsConfig-version.cmake
[0.755s] -- Up-to-date: /root/ros_ws/src/Rescue_Car_ws/install/std_msgs/share/std_msgs/package.xml
[0.787s] Invoked command in '/root/ros_ws/src/Rescue_Car_ws/build/std_msgs' returned '0': CMAKE_PREFIX_PATH=/root/ros_ws/src/Rescue_Car_ws/install/builtin_interfaces:/root/ros_ws/src/Rescue_Car_ws/install/micro_ros_demos_rclc:/root/ros_ws/src/Rescue_Car_ws/install/common_interfaces:/root/ros_ws/src/Rescue_Car_ws/install/visualization_msgs:/root/ros_ws/src/Rescue_Car_ws/install/test_msgs:/root/ros_ws/src/Rescue_Car_ws/install/example_interfaces:/root/ros_ws/src/Rescue_Car_ws/install/action_msgs:/root/ros_ws/src/Rescue_Car_ws/install/unique_identifier_msgs:/root/ros_ws/src/Rescue_Car_ws/install/trajectory_msgs:/root/ros_ws/src/Rescue_Car_ws/install/stereo_msgs:/root/ros_ws/src/Rescue_Car_ws/install/std_srvs:/root/ros_ws/src/Rescue_Car_ws/install/shape_msgs:/root/ros_ws/src/Rescue_Car_ws/install/sensor_msgs:/root/ros_ws/src/Rescue_Car_ws/install/nav_msgs:/root/ros_ws/src/Rescue_Car_ws/install/diagnostic_msgs:/root/ros_ws/src/Rescue_Car_ws/install/geometry_msgs:/root/ros_ws/src/Rescue_Car_ws/install/actionlib_msgs:/root/ros_ws/src/Rescue_Car_ws/install/std_msgs:/root/ros_ws/src/Rescue_Car_ws/install/statistics_msgs:/root/ros_ws/src/Rescue_Car_ws/install/rosidl_typesupport_microxrcedds_test_msg:/root/ros_ws/src/Rescue_Car_ws/install/rosidl_typesupport_microxrcedds_cpp_tests:/root/ros_ws/src/Rescue_Car_ws/install/rmw_microxrcedds:/root/ros_ws/src/Rescue_Car_ws/install/rosidl_typesupport_microxrcedds_cpp:/root/ros_ws/src/Rescue_Car_ws/install/rosidl_typesupport_microxrcedds_c_tests:/root/ros_ws/src/Rescue_Car_ws/install/rosidl_typesupport_microxrcedds_c:/root/ros_ws/src/Rescue_Car_ws/install/rosgraph_msgs:/root/ros_ws/src/Rescue_Car_ws/install/rclc_parameter:/root/ros_ws/src/Rescue_Car_ws/install/rclc:/root/ros_ws/src/Rescue_Car_ws/install/composition_interfaces:/root/ros_ws/src/Rescue_Car_ws/install/rcl_interfaces:/root/ros_ws/src/Rescue_Car_ws/install/microxrcedds_client:/root/ros_ws/src/Rescue_Car_ws/install/microcdr:/root/ros_ws/src/Rescue_Car_ws/install/micro_ros_utilities:/root/ros_ws/src/Rescue_Car_ws/install/micro_ros_setup:/root/ros_ws/src/Rescue_Car_ws/install/micro_ros_agent:/root/ros_ws/src/Rescue_Car_ws/install/micro_ros_msgs:/root/ros_ws/src/Rescue_Car_ws/install/lifecycle_msgs:/root/ros_ws/src/Rescue_Car_ws/install/complex_msgs:/root/ros_ws/src/Rescue_Car_ws/install/car:/root/ros_ws/src/Rescue_Car_ws/install/sensor_msgs_py:/opt/ros/humble LD_LIBRARY_PATH=/root/ros_ws/src/Rescue_Car_ws/install/builtin_interfaces/lib:/root/ros_ws/src/Rescue_Car_ws/install/visualization_msgs/lib:/root/ros_ws/src/Rescue_Car_ws/install/test_msgs/lib:/root/ros_ws/src/Rescue_Car_ws/install/example_interfaces/lib:/root/ros_ws/src/Rescue_Car_ws/install/action_msgs/lib:/root/ros_ws/src/Rescue_Car_ws/install/unique_identifier_msgs/lib:/root/ros_ws/src/Rescue_Car_ws/install/trajectory_msgs/lib:/root/ros_ws/src/Rescue_Car_ws/install/stereo_msgs/lib:/root/ros_ws/src/Rescue_Car_ws/install/std_srvs/lib:/root/ros_ws/src/Rescue_Car_ws/install/shape_msgs/lib:/root/ros_ws/src/Rescue_Car_ws/install/sensor_msgs/lib:/root/ros_ws/src/Rescue_Car_ws/install/nav_msgs/lib:/root/ros_ws/src/Rescue_Car_ws/install/diagnostic_msgs/lib:/root/ros_ws/src/Rescue_Car_ws/install/geometry_msgs/lib:/root/ros_ws/src/Rescue_Car_ws/install/actionlib_msgs/lib:/root/ros_ws/src/Rescue_Car_ws/install/std_msgs/lib:/root/ros_ws/src/Rescue_Car_ws/install/statistics_msgs/lib:/root/ros_ws/src/Rescue_Car_ws/install/rosidl_typesupport_microxrcedds_test_msg/lib:/root/ros_ws/src/Rescue_Car_ws/install/rmw_microxrcedds/lib:/root/ros_ws/src/Rescue_Car_ws/install/rosidl_typesupport_microxrcedds_cpp/lib:/root/ros_ws/src/Rescue_Car_ws/install/rosidl_typesupport_microxrcedds_c/lib:/root/ros_ws/src/Rescue_Car_ws/install/rosgraph_msgs/lib:/root/ros_ws/src/Rescue_Car_ws/install/rclc_parameter/lib:/root/ros_ws/src/Rescue_Car_ws/install/rclc/lib:/root/ros_ws/src/Rescue_Car_ws/install/composition_interfaces/lib:/root/ros_ws/src/Rescue_Car_ws/install/rcl_interfaces/lib:/root/ros_ws/src/Rescue_Car_ws/install/micro_ros_utilities/lib:/root/ros_ws/src/Rescue_Car_ws/install/micro_ros_agent/lib:/root/ros_ws/src/Rescue_Car_ws/install/micro_ros_msgs/lib:/root/ros_ws/src/Rescue_Car_ws/install/lifecycle_msgs/lib:/root/ros_ws/src/Rescue_Car_ws/install/complex_msgs/lib:/usr/lib/x86_64-linux-gnu/gazebo-11/plugins:/opt/ros/humble/opt/rviz_ogre_vendor/lib:/opt/ros/humble/lib/x86_64-linux-gnu:/opt/ros/humble/lib /usr/bin/cmake --install /root/ros_ws/src/Rescue_Car_ws/build/std_msgs
