[1.798s] Invoking command in '/root/ros_ws/src/Rescue_Car_ws/build/geometry_msgs': AMENT_PREFIX_PATH=/root/ros_ws/src/Rescue_Car_ws/install/std_msgs:/root/ros_ws/src/Rescue_Car_ws/install/builtin_interfaces:${AMENT_PREFIX_PATH} CMAKE_PREFIX_PATH=/root/ros_ws/src/Rescue_Car_ws/install/std_msgs:/root/ros_ws/src/Rescue_Car_ws/install/builtin_interfaces:/opt/ros/humble LD_LIBRARY_PATH=/root/ros_ws/src/Rescue_Car_ws/install/std_msgs/lib:/root/ros_ws/src/Rescue_Car_ws/install/builtin_interfaces/lib:${LD_LIBRARY_PATH} PYTHONPATH=/root/ros_ws/src/Rescue_Car_ws/install/std_msgs/local/lib/python3.10/dist-packages:/root/ros_ws/src/Rescue_Car_ws/install/builtin_interfaces/local/lib/python3.10/dist-packages:${PYTHONPATH} /usr/bin/cmake /root/ros_ws/src/Rescue_Car_ws/src/microros/src/ros2/common_interfaces/geometry_msgs -DCMAKE_INSTALL_PREFIX=/root/ros_ws/src/Rescue_Car_ws/install/geometry_msgs
[3.219s] -- The C compiler identification is GNU 11.4.0
[8.819s] -- The CXX compiler identification is GNU 11.4.0
[10.271s] -- Detecting C compiler ABI info
[11.607s] -- Detecting C compiler ABI info - done
[11.619s] -- Check for working C compiler: /usr/bin/cc - skipped
[11.627s] -- Detecting C compile features
[11.627s] -- Detecting C compile features - done
[11.636s] -- Detecting CXX compiler ABI info
[13.919s] -- Detecting CXX compiler ABI info - done
[13.936s] -- Check for working CXX compiler: /usr/bin/c++ - skipped
[13.937s] -- Detecting CXX compile features
[13.939s] -- Detecting CXX compile features - done
[13.956s] -- Found ament_cmake: 1.3.12 (/opt/ros/humble/share/ament_cmake/cmake)
[14.490s] -- Found Python3: /usr/bin/python3 (found version "3.10.12") found components: Interpreter 
[14.840s] -- Found rosidl_default_generators: 1.2.0 (/opt/ros/humble/share/rosidl_default_generators/cmake)
[14.848s] -- Using all available rosidl_typesupport_c: rosidl_typesupport_fastrtps_c;rosidl_typesupport_introspection_c
[14.859s] -- Found rosidl_adapter: 3.1.7 (/opt/ros/humble/share/rosidl_adapter/cmake)
[15.897s] -- Using all available rosidl_typesupport_cpp: rosidl_typesupport_fastrtps_cpp;rosidl_typesupport_introspection_cpp
[15.944s] -- Found std_msgs: 4.9.0 (/root/ros_ws/src/Rescue_Car_ws/install/std_msgs/share/std_msgs/cmake)
[16.922s] -- Found ament_cmake_cppcheck: 0.12.14 (/opt/ros/humble/share/ament_cmake_cppcheck/cmake)
[16.925s] -- Found ament_cmake_cpplint: 0.12.14 (/opt/ros/humble/share/ament_cmake_cpplint/cmake)
[16.928s] -- Found ament_cmake_uncrustify: 0.12.14 (/opt/ros/humble/share/ament_cmake_uncrustify/cmake)
[16.931s] -- Found ament_cmake_ros: 0.10.0 (/opt/ros/humble/share/ament_cmake_ros/cmake)
[17.385s] -- Using all available rosidl_typesupport_c: rosidl_typesupport_fastrtps_c;rosidl_typesupport_introspection_c
[18.002s] -- Using all available rosidl_typesupport_cpp: rosidl_typesupport_fastrtps_cpp;rosidl_typesupport_introspection_cpp
[18.299s] -- Found PythonInterp: /usr/bin/python3 (found suitable version "3.10.12", minimum required is "3.6") 
[18.304s] -- Found python_cmake_module: 0.10.0 (/opt/ros/humble/share/python_cmake_module/cmake)
[19.254s] -- Found PythonLibs: /usr/lib/x86_64-linux-gnu/libpython3.10.so (found suitable version "3.10.12", minimum required is "3.5") 
[19.254s] -- Using PYTHON_EXECUTABLE: /usr/bin/python3
[19.255s] -- Using PYTHON_INCLUDE_DIRS: /usr/include/python3.10
[19.255s] -- Using PYTHON_LIBRARIES: /usr/lib/x86_64-linux-gnu/libpython3.10.so
[19.286s] -- Found PythonExtra: .so  
[19.471s] -- Found ament_cmake_flake8: 0.12.14 (/opt/ros/humble/share/ament_cmake_flake8/cmake)
[19.471s] -- Found ament_cmake_pep257: 0.12.14 (/opt/ros/humble/share/ament_cmake_pep257/cmake)
[19.487s] -- Configuring done
[19.639s] -- Generating done
[19.667s] -- Build files have been written to: /root/ros_ws/src/Rescue_Car_ws/build/geometry_msgs
[19.681s] Invoked command in '/root/ros_ws/src/Rescue_Car_ws/build/geometry_msgs' returned '0': AMENT_PREFIX_PATH=/root/ros_ws/src/Rescue_Car_ws/install/std_msgs:/root/ros_ws/src/Rescue_Car_ws/install/builtin_interfaces:${AMENT_PREFIX_PATH} CMAKE_PREFIX_PATH=/root/ros_ws/src/Rescue_Car_ws/install/std_msgs:/root/ros_ws/src/Rescue_Car_ws/install/builtin_interfaces:/opt/ros/humble LD_LIBRARY_PATH=/root/ros_ws/src/Rescue_Car_ws/install/std_msgs/lib:/root/ros_ws/src/Rescue_Car_ws/install/builtin_interfaces/lib:${LD_LIBRARY_PATH} PYTHONPATH=/root/ros_ws/src/Rescue_Car_ws/install/std_msgs/local/lib/python3.10/dist-packages:/root/ros_ws/src/Rescue_Car_ws/install/builtin_interfaces/local/lib/python3.10/dist-packages:${PYTHONPATH} /usr/bin/cmake /root/ros_ws/src/Rescue_Car_ws/src/microros/src/ros2/common_interfaces/geometry_msgs -DCMAKE_INSTALL_PREFIX=/root/ros_ws/src/Rescue_Car_ws/install/geometry_msgs
[19.682s] Invoking command in '/root/ros_ws/src/Rescue_Car_ws/build/geometry_msgs': AMENT_PREFIX_PATH=/root/ros_ws/src/Rescue_Car_ws/install/std_msgs:/root/ros_ws/src/Rescue_Car_ws/install/builtin_interfaces:${AMENT_PREFIX_PATH} CMAKE_PREFIX_PATH=/root/ros_ws/src/Rescue_Car_ws/install/std_msgs:/root/ros_ws/src/Rescue_Car_ws/install/builtin_interfaces:/opt/ros/humble LD_LIBRARY_PATH=/root/ros_ws/src/Rescue_Car_ws/install/std_msgs/lib:/root/ros_ws/src/Rescue_Car_ws/install/builtin_interfaces/lib:${LD_LIBRARY_PATH} PYTHONPATH=/root/ros_ws/src/Rescue_Car_ws/install/std_msgs/local/lib/python3.10/dist-packages:/root/ros_ws/src/Rescue_Car_ws/install/builtin_interfaces/local/lib/python3.10/dist-packages:${PYTHONPATH} /usr/bin/cmake --build /root/ros_ws/src/Rescue_Car_ws/build/geometry_msgs -- -j20 -l20
[19.783s] [  0%] [34m[1mGenerating C++ code for ROS interfaces[0m
[23.825s] [  0%] Built target geometry_msgs__cpp
[23.864s] [  0%] Built target ament_cmake_python_copy_geometry_msgs
[23.877s] [  1%] [34m[1mGenerating C++ introspection for ROS interfaces[0m
[26.224s] [  1%] [32mBuilding CXX object CMakeFiles/geometry_msgs__rosidl_typesupport_introspection_cpp.dir/rosidl_typesupport_introspection_cpp/geometry_msgs/msg/detail/accel__type_support.cpp.o[0m
[26.685s] [  1%] [32mBuilding CXX object CMakeFiles/geometry_msgs__rosidl_typesupport_introspection_cpp.dir/rosidl_typesupport_introspection_cpp/geometry_msgs/msg/detail/pose_array__type_support.cpp.o[0m
[27.206s] [  2%] [32mBuilding CXX object CMakeFiles/geometry_msgs__rosidl_typesupport_introspection_cpp.dir/rosidl_typesupport_introspection_cpp/geometry_msgs/msg/detail/pose_stamped__type_support.cpp.o[0m
[27.622s] [  2%] [32mBuilding CXX object CMakeFiles/geometry_msgs__rosidl_typesupport_introspection_cpp.dir/rosidl_typesupport_introspection_cpp/geometry_msgs/msg/detail/pose_with_covariance__type_support.cpp.o[0m
[28.046s] [  2%] [32mBuilding CXX object CMakeFiles/geometry_msgs__rosidl_typesupport_introspection_cpp.dir/rosidl_typesupport_introspection_cpp/geometry_msgs/msg/detail/pose_with_covariance_stamped__type_support.cpp.o[0m
[28.490s] [  3%] [32mBuilding CXX object CMakeFiles/geometry_msgs__rosidl_typesupport_introspection_cpp.dir/rosidl_typesupport_introspection_cpp/geometry_msgs/msg/detail/quaternion__type_support.cpp.o[0m
[28.911s] [  3%] [32mBuilding CXX object CMakeFiles/geometry_msgs__rosidl_typesupport_introspection_cpp.dir/rosidl_typesupport_introspection_cpp/geometry_msgs/msg/detail/quaternion_stamped__type_support.cpp.o[0m
[29.334s] [  4%] [32mBuilding CXX object CMakeFiles/geometry_msgs__rosidl_typesupport_introspection_cpp.dir/rosidl_typesupport_introspection_cpp/geometry_msgs/msg/detail/transform__type_support.cpp.o[0m
[29.739s] [  4%] [32mBuilding CXX object CMakeFiles/geometry_msgs__rosidl_typesupport_introspection_cpp.dir/rosidl_typesupport_introspection_cpp/geometry_msgs/msg/detail/transform_stamped__type_support.cpp.o[0m
[30.113s] [  4%] [32mBuilding CXX object CMakeFiles/geometry_msgs__rosidl_typesupport_introspection_cpp.dir/rosidl_typesupport_introspection_cpp/geometry_msgs/msg/detail/twist__type_support.cpp.o[0m
[30.463s] [  5%] [32mBuilding CXX object CMakeFiles/geometry_msgs__rosidl_typesupport_introspection_cpp.dir/rosidl_typesupport_introspection_cpp/geometry_msgs/msg/detail/twist_stamped__type_support.cpp.o[0m
[30.797s] [  5%] [32mBuilding CXX object CMakeFiles/geometry_msgs__rosidl_typesupport_introspection_cpp.dir/rosidl_typesupport_introspection_cpp/geometry_msgs/msg/detail/twist_with_covariance__type_support.cpp.o[0m
[31.187s] [  5%] [32mBuilding CXX object CMakeFiles/geometry_msgs__rosidl_typesupport_introspection_cpp.dir/rosidl_typesupport_introspection_cpp/geometry_msgs/msg/detail/twist_with_covariance_stamped__type_support.cpp.o[0m
[31.560s] [  6%] [32mBuilding CXX object CMakeFiles/geometry_msgs__rosidl_typesupport_introspection_cpp.dir/rosidl_typesupport_introspection_cpp/geometry_msgs/msg/detail/vector3__type_support.cpp.o[0m
[31.910s] [  6%] [32mBuilding CXX object CMakeFiles/geometry_msgs__rosidl_typesupport_introspection_cpp.dir/rosidl_typesupport_introspection_cpp/geometry_msgs/msg/detail/vector3_stamped__type_support.cpp.o[0m
[32.297s] [  6%] [32mBuilding CXX object CMakeFiles/geometry_msgs__rosidl_typesupport_introspection_cpp.dir/rosidl_typesupport_introspection_cpp/geometry_msgs/msg/detail/velocity_stamped__type_support.cpp.o[0m
[32.633s] [  7%] [32mBuilding CXX object CMakeFiles/geometry_msgs__rosidl_typesupport_introspection_cpp.dir/rosidl_typesupport_introspection_cpp/geometry_msgs/msg/detail/wrench__type_support.cpp.o[0m
[32.955s] [  7%] [32mBuilding CXX object CMakeFiles/geometry_msgs__rosidl_typesupport_introspection_cpp.dir/rosidl_typesupport_introspection_cpp/geometry_msgs/msg/detail/wrench_stamped__type_support.cpp.o[0m
[33.289s] [  7%] [32mBuilding CXX object CMakeFiles/geometry_msgs__rosidl_typesupport_introspection_cpp.dir/rosidl_typesupport_introspection_cpp/geometry_msgs/msg/detail/pose2_d__type_support.cpp.o[0m
[33.586s] [  8%] [32mBuilding CXX object CMakeFiles/geometry_msgs__rosidl_typesupport_introspection_cpp.dir/rosidl_typesupport_introspection_cpp/geometry_msgs/msg/detail/pose__type_support.cpp.o[0m
[33.893s] [  8%] [32mBuilding CXX object CMakeFiles/geometry_msgs__rosidl_typesupport_introspection_cpp.dir/rosidl_typesupport_introspection_cpp/geometry_msgs/msg/detail/polygon_stamped__type_support.cpp.o[0m
[34.219s] [  8%] [32mBuilding CXX object CMakeFiles/geometry_msgs__rosidl_typesupport_introspection_cpp.dir/rosidl_typesupport_introspection_cpp/geometry_msgs/msg/detail/polygon_instance_stamped__type_support.cpp.o[0m
[34.542s] [  9%] [32mBuilding CXX object CMakeFiles/geometry_msgs__rosidl_typesupport_introspection_cpp.dir/rosidl_typesupport_introspection_cpp/geometry_msgs/msg/detail/polygon_instance__type_support.cpp.o[0m
[34.838s] [  9%] [32mBuilding CXX object CMakeFiles/geometry_msgs__rosidl_typesupport_introspection_cpp.dir/rosidl_typesupport_introspection_cpp/geometry_msgs/msg/detail/polygon__type_support.cpp.o[0m
[35.150s] [  9%] [32mBuilding CXX object CMakeFiles/geometry_msgs__rosidl_typesupport_introspection_cpp.dir/rosidl_typesupport_introspection_cpp/geometry_msgs/msg/detail/point_stamped__type_support.cpp.o[0m
[35.463s] [ 10%] [32mBuilding CXX object CMakeFiles/geometry_msgs__rosidl_typesupport_introspection_cpp.dir/rosidl_typesupport_introspection_cpp/geometry_msgs/msg/detail/point32__type_support.cpp.o[0m
[35.794s] [ 10%] [32mBuilding CXX object CMakeFiles/geometry_msgs__rosidl_typesupport_introspection_cpp.dir/rosidl_typesupport_introspection_cpp/geometry_msgs/msg/detail/point__type_support.cpp.o[0m
[36.130s] [ 11%] [32mBuilding CXX object CMakeFiles/geometry_msgs__rosidl_typesupport_introspection_cpp.dir/rosidl_typesupport_introspection_cpp/geometry_msgs/msg/detail/inertia_stamped__type_support.cpp.o[0m
[36.484s] [ 11%] [32mBuilding CXX object CMakeFiles/geometry_msgs__rosidl_typesupport_introspection_cpp.dir/rosidl_typesupport_introspection_cpp/geometry_msgs/msg/detail/inertia__type_support.cpp.o[0m
[36.854s] [ 11%] [32mBuilding CXX object CMakeFiles/geometry_msgs__rosidl_typesupport_introspection_cpp.dir/rosidl_typesupport_introspection_cpp/geometry_msgs/msg/detail/accel_with_covariance_stamped__type_support.cpp.o[0m
[36.855s] [ 12%] [32mBuilding CXX object CMakeFiles/geometry_msgs__rosidl_typesupport_introspection_cpp.dir/rosidl_typesupport_introspection_cpp/geometry_msgs/msg/detail/accel_with_covariance__type_support.cpp.o[0m
[37.187s] [ 12%] [32mBuilding CXX object CMakeFiles/geometry_msgs__rosidl_typesupport_introspection_cpp.dir/rosidl_typesupport_introspection_cpp/geometry_msgs/msg/detail/accel_stamped__type_support.cpp.o[0m
[37.561s] [ 13%] [32m[1mLinking CXX shared library libgeometry_msgs__rosidl_typesupport_introspection_cpp.so[0m
[37.750s] [ 13%] Built target geometry_msgs__rosidl_typesupport_introspection_cpp
[37.761s] [ 14%] [34m[1mGenerating C++ type support for eProsima Fast-RTPS[0m
[37.761s] [ 14%] [34m[1mGenerating C++ type support dispatch for ROS interfaces[0m
[37.994s] running egg_info
[37.995s] creating geometry_msgs.egg-info
[37.996s] writing geometry_msgs.egg-info/PKG-INFO
[37.996s] writing dependency_links to geometry_msgs.egg-info/dependency_links.txt
[37.996s] writing top-level names to geometry_msgs.egg-info/top_level.txt
[37.996s] writing manifest file 'geometry_msgs.egg-info/SOURCES.txt'
[37.999s] reading manifest file 'geometry_msgs.egg-info/SOURCES.txt'
[37.999s] writing manifest file 'geometry_msgs.egg-info/SOURCES.txt'
[38.042s] [ 14%] Built target ament_cmake_python_build_geometry_msgs_egg
[38.057s] [ 15%] [34m[1mGenerating C code for ROS interfaces[0m
[39.073s] [ 16%] [32mBuilding CXX object CMakeFiles/geometry_msgs__rosidl_typesupport_cpp.dir/rosidl_typesupport_cpp/geometry_msgs/msg/accel_with_covariance__type_support.cpp.o[0m
[39.073s] [ 16%] [32mBuilding CXX object CMakeFiles/geometry_msgs__rosidl_typesupport_cpp.dir/rosidl_typesupport_cpp/geometry_msgs/msg/accel_stamped__type_support.cpp.o[0m
[39.073s] [ 17%] [32mBuilding CXX object CMakeFiles/geometry_msgs__rosidl_typesupport_cpp.dir/rosidl_typesupport_cpp/geometry_msgs/msg/accel__type_support.cpp.o[0m
[39.323s] [ 17%] [32mBuilding CXX object CMakeFiles/geometry_msgs__rosidl_typesupport_cpp.dir/rosidl_typesupport_cpp/geometry_msgs/msg/pose_with_covariance__type_support.cpp.o[0m
[39.333s] [ 17%] [32mBuilding CXX object CMakeFiles/geometry_msgs__rosidl_typesupport_cpp.dir/rosidl_typesupport_cpp/geometry_msgs/msg/pose_with_covariance_stamped__type_support.cpp.o[0m
[39.361s] [ 18%] [32mBuilding CXX object CMakeFiles/geometry_msgs__rosidl_typesupport_cpp.dir/rosidl_typesupport_cpp/geometry_msgs/msg/quaternion__type_support.cpp.o[0m
[39.591s] [ 18%] [32mBuilding CXX object CMakeFiles/geometry_msgs__rosidl_typesupport_cpp.dir/rosidl_typesupport_cpp/geometry_msgs/msg/quaternion_stamped__type_support.cpp.o[0m
[39.619s] [ 19%] [32mBuilding CXX object CMakeFiles/geometry_msgs__rosidl_typesupport_cpp.dir/rosidl_typesupport_cpp/geometry_msgs/msg/pose_stamped__type_support.cpp.o[0m
[39.627s] [ 19%] [32mBuilding CXX object CMakeFiles/geometry_msgs__rosidl_typesupport_cpp.dir/rosidl_typesupport_cpp/geometry_msgs/msg/pose_array__type_support.cpp.o[0m
[39.887s] [ 19%] [32mBuilding CXX object CMakeFiles/geometry_msgs__rosidl_typesupport_cpp.dir/rosidl_typesupport_cpp/geometry_msgs/msg/twist__type_support.cpp.o[0m
[39.891s] [ 20%] [32mBuilding CXX object CMakeFiles/geometry_msgs__rosidl_typesupport_cpp.dir/rosidl_typesupport_cpp/geometry_msgs/msg/twist_with_covariance__type_support.cpp.o[0m
[39.892s] [ 20%] [32mBuilding CXX object CMakeFiles/geometry_msgs__rosidl_typesupport_fastrtps_cpp.dir/rosidl_typesupport_fastrtps_cpp/geometry_msgs/msg/detail/dds_fastrtps/accel_stamped__type_support.cpp.o[0m
[39.892s] [ 20%] [32mBuilding CXX object CMakeFiles/geometry_msgs__rosidl_typesupport_fastrtps_cpp.dir/rosidl_typesupport_fastrtps_cpp/geometry_msgs/msg/detail/dds_fastrtps/accel__type_support.cpp.o[0m
[39.892s] [ 20%] [32mBuilding CXX object CMakeFiles/geometry_msgs__rosidl_typesupport_cpp.dir/rosidl_typesupport_cpp/geometry_msgs/msg/twist_stamped__type_support.cpp.o[0m
[40.145s] [ 21%] [32mBuilding CXX object CMakeFiles/geometry_msgs__rosidl_typesupport_cpp.dir/rosidl_typesupport_cpp/geometry_msgs/msg/transform_stamped__type_support.cpp.o[0m
[40.157s] [ 21%] [32mBuilding CXX object CMakeFiles/geometry_msgs__rosidl_typesupport_cpp.dir/rosidl_typesupport_cpp/geometry_msgs/msg/twist_with_covariance_stamped__type_support.cpp.o[0m
[40.199s] [ 22%] [32mBuilding CXX object CMakeFiles/geometry_msgs__rosidl_typesupport_cpp.dir/rosidl_typesupport_cpp/geometry_msgs/msg/vector3__type_support.cpp.o[0m
[40.276s] [ 23%] [32mBuilding CXX object CMakeFiles/geometry_msgs__rosidl_typesupport_fastrtps_cpp.dir/rosidl_typesupport_fastrtps_cpp/geometry_msgs/msg/detail/dds_fastrtps/accel_with_covariance__type_support.cpp.o[0m
[40.298s] [ 23%] [32mBuilding CXX object CMakeFiles/geometry_msgs__rosidl_typesupport_fastrtps_cpp.dir/rosidl_typesupport_fastrtps_cpp/geometry_msgs/msg/detail/dds_fastrtps/accel_with_covariance_stamped__type_support.cpp.o[0m
[40.400s] [ 23%] [32mBuilding CXX object CMakeFiles/geometry_msgs__rosidl_typesupport_cpp.dir/rosidl_typesupport_cpp/geometry_msgs/msg/vector3_stamped__type_support.cpp.o[0m
[40.404s] [ 23%] [32mBuilding CXX object CMakeFiles/geometry_msgs__rosidl_typesupport_cpp.dir/rosidl_typesupport_cpp/geometry_msgs/msg/transform__type_support.cpp.o[0m
[40.488s] [ 25%] [32mBuilding CXX object CMakeFiles/geometry_msgs__rosidl_typesupport_cpp.dir/rosidl_typesupport_cpp/geometry_msgs/msg/wrench__type_support.cpp.o[0m
[40.488s] [ 25%] [32mBuilding CXX object CMakeFiles/geometry_msgs__rosidl_typesupport_cpp.dir/rosidl_typesupport_cpp/geometry_msgs/msg/velocity_stamped__type_support.cpp.o[0m
[40.488s] [ 25%] [32mBuilding CXX object CMakeFiles/geometry_msgs__rosidl_typesupport_cpp.dir/rosidl_typesupport_cpp/geometry_msgs/msg/pose__type_support.cpp.o[0m
[40.489s] [ 25%] [32mBuilding CXX object CMakeFiles/geometry_msgs__rosidl_typesupport_cpp.dir/rosidl_typesupport_cpp/geometry_msgs/msg/pose2_d__type_support.cpp.o[0m
[40.500s] [ 25%] [32mBuilding CXX object CMakeFiles/geometry_msgs__rosidl_typesupport_fastrtps_cpp.dir/rosidl_typesupport_fastrtps_cpp/geometry_msgs/msg/detail/dds_fastrtps/inertia__type_support.cpp.o[0m
[40.687s] [ 26%] [32mBuilding CXX object CMakeFiles/geometry_msgs__rosidl_typesupport_fastrtps_cpp.dir/rosidl_typesupport_fastrtps_cpp/geometry_msgs/msg/detail/dds_fastrtps/inertia_stamped__type_support.cpp.o[0m
[40.697s] [ 26%] [32mBuilding CXX object CMakeFiles/geometry_msgs__rosidl_typesupport_cpp.dir/rosidl_typesupport_cpp/geometry_msgs/msg/polygon_stamped__type_support.cpp.o[0m
[40.704s] [ 26%] [32mBuilding CXX object CMakeFiles/geometry_msgs__rosidl_typesupport_fastrtps_cpp.dir/rosidl_typesupport_fastrtps_cpp/geometry_msgs/msg/detail/dds_fastrtps/point__type_support.cpp.o[0m
[40.709s] [ 26%] [32mBuilding CXX object CMakeFiles/geometry_msgs__rosidl_typesupport_cpp.dir/rosidl_typesupport_cpp/geometry_msgs/msg/wrench_stamped__type_support.cpp.o[0m
[40.709s] [ 26%] [32mBuilding CXX object CMakeFiles/geometry_msgs__rosidl_typesupport_fastrtps_cpp.dir/rosidl_typesupport_fastrtps_cpp/geometry_msgs/msg/detail/dds_fastrtps/point32__type_support.cpp.o[0m
[40.780s] [ 27%] [32mBuilding CXX object CMakeFiles/geometry_msgs__rosidl_typesupport_cpp.dir/rosidl_typesupport_cpp/geometry_msgs/msg/point_stamped__type_support.cpp.o[0m
[40.780s] [ 28%] [32mBuilding CXX object CMakeFiles/geometry_msgs__rosidl_typesupport_fastrtps_cpp.dir/rosidl_typesupport_fastrtps_cpp/geometry_msgs/msg/detail/dds_fastrtps/point_stamped__type_support.cpp.o[0m
[40.782s] [ 29%] [32mBuilding CXX object CMakeFiles/geometry_msgs__rosidl_typesupport_cpp.dir/rosidl_typesupport_cpp/geometry_msgs/msg/polygon_instance_stamped__type_support.cpp.o[0m
[40.782s] [ 29%] [32mBuilding CXX object CMakeFiles/geometry_msgs__rosidl_typesupport_cpp.dir/rosidl_typesupport_cpp/geometry_msgs/msg/polygon__type_support.cpp.o[0m
[40.783s] [ 29%] [32mBuilding CXX object CMakeFiles/geometry_msgs__rosidl_typesupport_cpp.dir/rosidl_typesupport_cpp/geometry_msgs/msg/polygon_instance__type_support.cpp.o[0m
[40.796s] [ 30%] [32mBuilding CXX object CMakeFiles/geometry_msgs__rosidl_typesupport_fastrtps_cpp.dir/rosidl_typesupport_fastrtps_cpp/geometry_msgs/msg/detail/dds_fastrtps/polygon_instance__type_support.cpp.o[0m
[40.796s] [ 30%] [32mBuilding CXX object CMakeFiles/geometry_msgs__rosidl_typesupport_fastrtps_cpp.dir/rosidl_typesupport_fastrtps_cpp/geometry_msgs/msg/detail/dds_fastrtps/polygon__type_support.cpp.o[0m
[40.804s] [ 30%] [32mBuilding CXX object CMakeFiles/geometry_msgs__rosidl_typesupport_cpp.dir/rosidl_typesupport_cpp/geometry_msgs/msg/point32__type_support.cpp.o[0m
[40.813s] [ 30%] [32mBuilding CXX object CMakeFiles/geometry_msgs__rosidl_typesupport_cpp.dir/rosidl_typesupport_cpp/geometry_msgs/msg/point__type_support.cpp.o[0m
[41.028s] [ 31%] [32mBuilding CXX object CMakeFiles/geometry_msgs__rosidl_typesupport_cpp.dir/rosidl_typesupport_cpp/geometry_msgs/msg/inertia_stamped__type_support.cpp.o[0m
[41.064s] [ 31%] [32mBuilding CXX object CMakeFiles/geometry_msgs__rosidl_typesupport_fastrtps_cpp.dir/rosidl_typesupport_fastrtps_cpp/geometry_msgs/msg/detail/dds_fastrtps/polygon_instance_stamped__type_support.cpp.o[0m
[41.064s] [ 31%] [32mBuilding CXX object CMakeFiles/geometry_msgs__rosidl_typesupport_cpp.dir/rosidl_typesupport_cpp/geometry_msgs/msg/inertia__type_support.cpp.o[0m
[41.119s] [ 31%] [32mBuilding CXX object CMakeFiles/geometry_msgs__rosidl_typesupport_cpp.dir/rosidl_typesupport_cpp/geometry_msgs/msg/accel_with_covariance_stamped__type_support.cpp.o[0m
[41.189s] [ 31%] [32mBuilding CXX object CMakeFiles/geometry_msgs__rosidl_typesupport_fastrtps_cpp.dir/rosidl_typesupport_fastrtps_cpp/geometry_msgs/msg/detail/dds_fastrtps/pose_with_covariance_stamped__type_support.cpp.o[0m
[41.195s] [ 32%] [32mBuilding CXX object CMakeFiles/geometry_msgs__rosidl_typesupport_fastrtps_cpp.dir/rosidl_typesupport_fastrtps_cpp/geometry_msgs/msg/detail/dds_fastrtps/quaternion__type_support.cpp.o[0m
[41.244s] [ 33%] [32mBuilding CXX object CMakeFiles/geometry_msgs__rosidl_typesupport_fastrtps_cpp.dir/rosidl_typesupport_fastrtps_cpp/geometry_msgs/msg/detail/dds_fastrtps/transform_stamped__type_support.cpp.o[0m
[41.277s] [ 33%] [32mBuilding CXX object CMakeFiles/geometry_msgs__rosidl_typesupport_fastrtps_cpp.dir/rosidl_typesupport_fastrtps_cpp/geometry_msgs/msg/detail/dds_fastrtps/twist__type_support.cpp.o[0m
[41.282s] [ 33%] [32mBuilding CXX object CMakeFiles/geometry_msgs__rosidl_typesupport_fastrtps_cpp.dir/rosidl_typesupport_fastrtps_cpp/geometry_msgs/msg/detail/dds_fastrtps/transform__type_support.cpp.o[0m
[41.383s] [ 33%] [32mBuilding CXX object CMakeFiles/geometry_msgs__rosidl_typesupport_fastrtps_cpp.dir/rosidl_typesupport_fastrtps_cpp/geometry_msgs/msg/detail/dds_fastrtps/twist_with_covariance__type_support.cpp.o[0m
[41.423s] [ 33%] [32m[1mLinking CXX shared library libgeometry_msgs__rosidl_typesupport_cpp.so[0m
[41.503s] [ 33%] [32mBuilding C object CMakeFiles/geometry_msgs__rosidl_generator_c.dir/rosidl_generator_c/geometry_msgs/msg/detail/accel__functions.c.o[0m
[41.545s] [ 33%] [32mBuilding C object CMakeFiles/geometry_msgs__rosidl_generator_c.dir/rosidl_generator_c/geometry_msgs/msg/detail/accel_stamped__functions.c.o[0m
[41.545s] [ 33%] [32mBuilding CXX object CMakeFiles/geometry_msgs__rosidl_typesupport_fastrtps_cpp.dir/rosidl_typesupport_fastrtps_cpp/geometry_msgs/msg/detail/dds_fastrtps/vector3_stamped__type_support.cpp.o[0m
[41.554s] [ 34%] [32mBuilding C object CMakeFiles/geometry_msgs__rosidl_generator_c.dir/rosidl_generator_c/geometry_msgs/msg/detail/accel_with_covariance__functions.c.o[0m
[41.593s] [ 34%] [32mBuilding C object CMakeFiles/geometry_msgs__rosidl_generator_c.dir/rosidl_generator_c/geometry_msgs/msg/detail/accel_with_covariance_stamped__functions.c.o[0m
[41.619s] [ 34%] Built target geometry_msgs__rosidl_typesupport_cpp
[41.627s] [ 34%] [32mBuilding C object CMakeFiles/geometry_msgs__rosidl_generator_c.dir/rosidl_generator_c/geometry_msgs/msg/detail/inertia__functions.c.o[0m
[41.640s] [ 34%] [32mBuilding CXX object CMakeFiles/geometry_msgs__rosidl_typesupport_fastrtps_cpp.dir/rosidl_typesupport_fastrtps_cpp/geometry_msgs/msg/detail/dds_fastrtps/velocity_stamped__type_support.cpp.o[0m
[41.641s] [ 35%] [32mBuilding C object CMakeFiles/geometry_msgs__rosidl_generator_c.dir/rosidl_generator_c/geometry_msgs/msg/detail/inertia_stamped__functions.c.o[0m
[41.646s] [ 35%] [32mBuilding C object CMakeFiles/geometry_msgs__rosidl_generator_c.dir/rosidl_generator_c/geometry_msgs/msg/detail/point__functions.c.o[0m
[41.654s] [ 36%] [32mBuilding CXX object CMakeFiles/geometry_msgs__rosidl_typesupport_fastrtps_cpp.dir/rosidl_typesupport_fastrtps_cpp/geometry_msgs/msg/detail/dds_fastrtps/vector3__type_support.cpp.o[0m
[41.683s] [ 36%] [32mBuilding C object CMakeFiles/geometry_msgs__rosidl_generator_c.dir/rosidl_generator_c/geometry_msgs/msg/detail/point32__functions.c.o[0m
[41.696s] [ 37%] [32mBuilding C object CMakeFiles/geometry_msgs__rosidl_generator_c.dir/rosidl_generator_c/geometry_msgs/msg/detail/point_stamped__functions.c.o[0m
[41.716s] [ 37%] [32mBuilding CXX object CMakeFiles/geometry_msgs__rosidl_typesupport_fastrtps_cpp.dir/rosidl_typesupport_fastrtps_cpp/geometry_msgs/msg/detail/dds_fastrtps/wrench_stamped__type_support.cpp.o[0m
[41.716s] [ 38%] [32mBuilding CXX object CMakeFiles/geometry_msgs__rosidl_typesupport_fastrtps_cpp.dir/rosidl_typesupport_fastrtps_cpp/geometry_msgs/msg/detail/dds_fastrtps/wrench__type_support.cpp.o[0m
[41.716s] [ 38%] [32mBuilding C object CMakeFiles/geometry_msgs__rosidl_generator_c.dir/rosidl_generator_c/geometry_msgs/msg/detail/polygon__functions.c.o[0m
[41.720s] [ 39%] [32mBuilding C object CMakeFiles/geometry_msgs__rosidl_generator_c.dir/rosidl_generator_c/geometry_msgs/msg/detail/polygon_instance__functions.c.o[0m
[41.727s] [ 39%] [32mBuilding CXX object CMakeFiles/geometry_msgs__rosidl_typesupport_fastrtps_cpp.dir/rosidl_typesupport_fastrtps_cpp/geometry_msgs/msg/detail/dds_fastrtps/twist_with_covariance_stamped__type_support.cpp.o[0m
[41.737s] [ 39%] [32mBuilding C object CMakeFiles/geometry_msgs__rosidl_generator_c.dir/rosidl_generator_c/geometry_msgs/msg/detail/polygon_instance_stamped__functions.c.o[0m
[41.746s] [ 39%] [32mBuilding C object CMakeFiles/geometry_msgs__rosidl_generator_c.dir/rosidl_generator_c/geometry_msgs/msg/detail/polygon_stamped__functions.c.o[0m
[41.770s] [ 40%] [32mBuilding C object CMakeFiles/geometry_msgs__rosidl_generator_c.dir/rosidl_generator_c/geometry_msgs/msg/detail/pose__functions.c.o[0m
[41.775s] [ 40%] [32mBuilding C object CMakeFiles/geometry_msgs__rosidl_generator_c.dir/rosidl_generator_c/geometry_msgs/msg/detail/pose2_d__functions.c.o[0m
[41.781s] [ 40%] [32mBuilding C object CMakeFiles/geometry_msgs__rosidl_generator_c.dir/rosidl_generator_c/geometry_msgs/msg/detail/pose_array__functions.c.o[0m
[41.790s] [ 41%] [32mBuilding C object CMakeFiles/geometry_msgs__rosidl_generator_c.dir/rosidl_generator_c/geometry_msgs/msg/detail/pose_stamped__functions.c.o[0m
[41.800s] [ 41%] [32mBuilding C object CMakeFiles/geometry_msgs__rosidl_generator_c.dir/rosidl_generator_c/geometry_msgs/msg/detail/pose_with_covariance__functions.c.o[0m
[41.823s] [ 41%] [32mBuilding C object CMakeFiles/geometry_msgs__rosidl_generator_c.dir/rosidl_generator_c/geometry_msgs/msg/detail/pose_with_covariance_stamped__functions.c.o[0m
[41.823s] [ 42%] [32mBuilding C object CMakeFiles/geometry_msgs__rosidl_generator_c.dir/rosidl_generator_c/geometry_msgs/msg/detail/quaternion__functions.c.o[0m
[41.834s] [ 42%] [32mBuilding C object CMakeFiles/geometry_msgs__rosidl_generator_c.dir/rosidl_generator_c/geometry_msgs/msg/detail/quaternion_stamped__functions.c.o[0m
[41.843s] [ 43%] [32mBuilding CXX object CMakeFiles/geometry_msgs__rosidl_typesupport_fastrtps_cpp.dir/rosidl_typesupport_fastrtps_cpp/geometry_msgs/msg/detail/dds_fastrtps/twist_stamped__type_support.cpp.o[0m
[41.843s] [ 43%] [32mBuilding C object CMakeFiles/geometry_msgs__rosidl_generator_c.dir/rosidl_generator_c/geometry_msgs/msg/detail/transform__functions.c.o[0m
[41.843s] [ 43%] [32mBuilding CXX object CMakeFiles/geometry_msgs__rosidl_typesupport_fastrtps_cpp.dir/rosidl_typesupport_fastrtps_cpp/geometry_msgs/msg/detail/dds_fastrtps/pose_with_covariance__type_support.cpp.o[0m
[41.843s] [ 43%] [32mBuilding CXX object CMakeFiles/geometry_msgs__rosidl_typesupport_fastrtps_cpp.dir/rosidl_typesupport_fastrtps_cpp/geometry_msgs/msg/detail/dds_fastrtps/quaternion_stamped__type_support.cpp.o[0m
[41.850s] [ 44%] [32mBuilding C object CMakeFiles/geometry_msgs__rosidl_generator_c.dir/rosidl_generator_c/geometry_msgs/msg/detail/transform_stamped__functions.c.o[0m
[41.867s] [ 44%] [32mBuilding C object CMakeFiles/geometry_msgs__rosidl_generator_c.dir/rosidl_generator_c/geometry_msgs/msg/detail/twist__functions.c.o[0m
[41.874s] [ 45%] [32mBuilding C object CMakeFiles/geometry_msgs__rosidl_generator_c.dir/rosidl_generator_c/geometry_msgs/msg/detail/twist_stamped__functions.c.o[0m
[41.881s] [ 45%] [32mBuilding C object CMakeFiles/geometry_msgs__rosidl_generator_c.dir/rosidl_generator_c/geometry_msgs/msg/detail/twist_with_covariance__functions.c.o[0m
[41.897s] [ 45%] [32mBuilding C object CMakeFiles/geometry_msgs__rosidl_generator_c.dir/rosidl_generator_c/geometry_msgs/msg/detail/twist_with_covariance_stamped__functions.c.o[0m
[41.905s] [ 46%] [32mBuilding C object CMakeFiles/geometry_msgs__rosidl_generator_c.dir/rosidl_generator_c/geometry_msgs/msg/detail/vector3__functions.c.o[0m
[41.921s] [ 46%] [32mBuilding C object CMakeFiles/geometry_msgs__rosidl_generator_c.dir/rosidl_generator_c/geometry_msgs/msg/detail/vector3_stamped__functions.c.o[0m
[41.934s] [ 46%] [32mBuilding C object CMakeFiles/geometry_msgs__rosidl_generator_c.dir/rosidl_generator_c/geometry_msgs/msg/detail/velocity_stamped__functions.c.o[0m
[41.935s] [ 47%] [32mBuilding C object CMakeFiles/geometry_msgs__rosidl_generator_c.dir/rosidl_generator_c/geometry_msgs/msg/detail/wrench__functions.c.o[0m
[41.942s] [ 47%] [32mBuilding C object CMakeFiles/geometry_msgs__rosidl_generator_c.dir/rosidl_generator_c/geometry_msgs/msg/detail/wrench_stamped__functions.c.o[0m
[42.003s] [ 48%] [32mBuilding CXX object CMakeFiles/geometry_msgs__rosidl_typesupport_fastrtps_cpp.dir/rosidl_typesupport_fastrtps_cpp/geometry_msgs/msg/detail/dds_fastrtps/pose_stamped__type_support.cpp.o[0m
[42.009s] [ 48%] [32m[1mLinking C shared library libgeometry_msgs__rosidl_generator_c.so[0m
[42.109s] [ 48%] [32mBuilding CXX object CMakeFiles/geometry_msgs__rosidl_typesupport_fastrtps_cpp.dir/rosidl_typesupport_fastrtps_cpp/geometry_msgs/msg/detail/dds_fastrtps/pose_array__type_support.cpp.o[0m
[42.114s] [ 48%] [32mBuilding CXX object CMakeFiles/geometry_msgs__rosidl_typesupport_fastrtps_cpp.dir/rosidl_typesupport_fastrtps_cpp/geometry_msgs/msg/detail/dds_fastrtps/pose2_d__type_support.cpp.o[0m
[42.131s] [ 49%] [32mBuilding CXX object CMakeFiles/geometry_msgs__rosidl_typesupport_fastrtps_cpp.dir/rosidl_typesupport_fastrtps_cpp/geometry_msgs/msg/detail/dds_fastrtps/pose__type_support.cpp.o[0m
[42.180s] [ 49%] [32mBuilding CXX object CMakeFiles/geometry_msgs__rosidl_typesupport_fastrtps_cpp.dir/rosidl_typesupport_fastrtps_cpp/geometry_msgs/msg/detail/dds_fastrtps/polygon_stamped__type_support.cpp.o[0m
[42.190s] [ 49%] Built target geometry_msgs__rosidl_generator_c
[42.206s] [ 52%] [34m[1mGenerating C type support for eProsima Fast-RTPS[0m
[42.206s] [ 52%] [34m[1mGenerating C introspection for ROS interfaces[0m
[42.206s] [ 52%] [34m[1mGenerating C type support dispatch for ROS interfaces[0m
[42.583s] [ 52%] [32m[1mLinking CXX shared library libgeometry_msgs__rosidl_typesupport_fastrtps_cpp.so[0m
[42.750s] [ 52%] Built target geometry_msgs__rosidl_typesupport_fastrtps_cpp
[43.275s] [ 52%] [32mBuilding CXX object CMakeFiles/geometry_msgs__rosidl_typesupport_c.dir/rosidl_typesupport_c/geometry_msgs/msg/inertia__type_support.cpp.o[0m
[43.276s] [ 52%] [32mBuilding CXX object CMakeFiles/geometry_msgs__rosidl_typesupport_c.dir/rosidl_typesupport_c/geometry_msgs/msg/accel_stamped__type_support.cpp.o[0m
[43.277s] [ 52%] [32mBuilding CXX object CMakeFiles/geometry_msgs__rosidl_typesupport_c.dir/rosidl_typesupport_c/geometry_msgs/msg/accel__type_support.cpp.o[0m
[43.277s] [ 53%] [32mBuilding CXX object CMakeFiles/geometry_msgs__rosidl_typesupport_c.dir/rosidl_typesupport_c/geometry_msgs/msg/accel_with_covariance__type_support.cpp.o[0m
[43.278s] [ 53%] [32mBuilding CXX object CMakeFiles/geometry_msgs__rosidl_typesupport_c.dir/rosidl_typesupport_c/geometry_msgs/msg/accel_with_covariance_stamped__type_support.cpp.o[0m
[43.303s] [ 53%] [32mBuilding CXX object CMakeFiles/geometry_msgs__rosidl_typesupport_c.dir/rosidl_typesupport_c/geometry_msgs/msg/pose_with_covariance_stamped__type_support.cpp.o[0m
[43.304s] [ 53%] [32mBuilding CXX object CMakeFiles/geometry_msgs__rosidl_typesupport_c.dir/rosidl_typesupport_c/geometry_msgs/msg/pose_with_covariance__type_support.cpp.o[0m
[43.305s] [ 54%] [32mBuilding CXX object CMakeFiles/geometry_msgs__rosidl_typesupport_c.dir/rosidl_typesupport_c/geometry_msgs/msg/quaternion__type_support.cpp.o[0m
[43.306s] [ 55%] [32mBuilding CXX object CMakeFiles/geometry_msgs__rosidl_typesupport_c.dir/rosidl_typesupport_c/geometry_msgs/msg/pose_stamped__type_support.cpp.o[0m
[43.309s] [ 55%] [32mBuilding CXX object CMakeFiles/geometry_msgs__rosidl_typesupport_c.dir/rosidl_typesupport_c/geometry_msgs/msg/transform__type_support.cpp.o[0m
[43.331s] [ 56%] [32mBuilding CXX object CMakeFiles/geometry_msgs__rosidl_typesupport_c.dir/rosidl_typesupport_c/geometry_msgs/msg/transform_stamped__type_support.cpp.o[0m
[43.335s] [ 56%] [32mBuilding CXX object CMakeFiles/geometry_msgs__rosidl_typesupport_c.dir/rosidl_typesupport_c/geometry_msgs/msg/twist__type_support.cpp.o[0m
[43.336s] [ 57%] [32mBuilding CXX object CMakeFiles/geometry_msgs__rosidl_typesupport_c.dir/rosidl_typesupport_c/geometry_msgs/msg/quaternion_stamped__type_support.cpp.o[0m
[43.337s] [ 57%] [32mBuilding CXX object CMakeFiles/geometry_msgs__rosidl_typesupport_c.dir/rosidl_typesupport_c/geometry_msgs/msg/twist_stamped__type_support.cpp.o[0m
[43.340s] [ 57%] [32mBuilding CXX object CMakeFiles/geometry_msgs__rosidl_typesupport_c.dir/rosidl_typesupport_c/geometry_msgs/msg/twist_with_covariance_stamped__type_support.cpp.o[0m
[43.360s] [ 58%] [32mBuilding CXX object CMakeFiles/geometry_msgs__rosidl_typesupport_c.dir/rosidl_typesupport_c/geometry_msgs/msg/vector3__type_support.cpp.o[0m
[43.367s] [ 59%] [32mBuilding CXX object CMakeFiles/geometry_msgs__rosidl_typesupport_c.dir/rosidl_typesupport_c/geometry_msgs/msg/wrench__type_support.cpp.o[0m
[43.368s] [ 59%] [32mBuilding CXX object CMakeFiles/geometry_msgs__rosidl_typesupport_c.dir/rosidl_typesupport_c/geometry_msgs/msg/velocity_stamped__type_support.cpp.o[0m
[43.368s] [ 59%] [32mBuilding CXX object CMakeFiles/geometry_msgs__rosidl_typesupport_c.dir/rosidl_typesupport_c/geometry_msgs/msg/vector3_stamped__type_support.cpp.o[0m
[43.368s] [ 59%] [32mBuilding CXX object CMakeFiles/geometry_msgs__rosidl_typesupport_c.dir/rosidl_typesupport_c/geometry_msgs/msg/wrench_stamped__type_support.cpp.o[0m
[43.392s] [ 59%] [32mBuilding CXX object CMakeFiles/geometry_msgs__rosidl_typesupport_c.dir/rosidl_typesupport_c/geometry_msgs/msg/twist_with_covariance__type_support.cpp.o[0m
[43.393s] [ 59%] [32mBuilding CXX object CMakeFiles/geometry_msgs__rosidl_typesupport_c.dir/rosidl_typesupport_c/geometry_msgs/msg/pose_array__type_support.cpp.o[0m
[43.395s] [ 60%] [32mBuilding CXX object CMakeFiles/geometry_msgs__rosidl_typesupport_c.dir/rosidl_typesupport_c/geometry_msgs/msg/pose__type_support.cpp.o[0m
[43.395s] [ 60%] [32mBuilding CXX object CMakeFiles/geometry_msgs__rosidl_typesupport_c.dir/rosidl_typesupport_c/geometry_msgs/msg/pose2_d__type_support.cpp.o[0m
[43.404s] [ 60%] [32mBuilding CXX object CMakeFiles/geometry_msgs__rosidl_typesupport_c.dir/rosidl_typesupport_c/geometry_msgs/msg/polygon_stamped__type_support.cpp.o[0m
[43.421s] [ 60%] [32mBuilding CXX object CMakeFiles/geometry_msgs__rosidl_typesupport_c.dir/rosidl_typesupport_c/geometry_msgs/msg/polygon_instance_stamped__type_support.cpp.o[0m
[43.422s] [ 61%] [32mBuilding CXX object CMakeFiles/geometry_msgs__rosidl_typesupport_c.dir/rosidl_typesupport_c/geometry_msgs/msg/polygon_instance__type_support.cpp.o[0m
[43.423s] [ 61%] [32mBuilding CXX object CMakeFiles/geometry_msgs__rosidl_typesupport_c.dir/rosidl_typesupport_c/geometry_msgs/msg/polygon__type_support.cpp.o[0m
[43.423s] [ 62%] [32mBuilding CXX object CMakeFiles/geometry_msgs__rosidl_typesupport_c.dir/rosidl_typesupport_c/geometry_msgs/msg/point_stamped__type_support.cpp.o[0m
[43.439s] [ 62%] [32mBuilding CXX object CMakeFiles/geometry_msgs__rosidl_typesupport_c.dir/rosidl_typesupport_c/geometry_msgs/msg/point32__type_support.cpp.o[0m
[43.450s] [ 62%] [32mBuilding CXX object CMakeFiles/geometry_msgs__rosidl_typesupport_c.dir/rosidl_typesupport_c/geometry_msgs/msg/point__type_support.cpp.o[0m
[43.452s] [ 63%] [32mBuilding CXX object CMakeFiles/geometry_msgs__rosidl_typesupport_c.dir/rosidl_typesupport_c/geometry_msgs/msg/inertia_stamped__type_support.cpp.o[0m
[43.473s] [ 63%] [32m[1mLinking CXX shared library libgeometry_msgs__rosidl_typesupport_c.so[0m
[43.628s] [ 63%] [32mBuilding C object CMakeFiles/geometry_msgs__rosidl_typesupport_introspection_c.dir/rosidl_typesupport_introspection_c/geometry_msgs/msg/detail/accel__type_support.c.o[0m
[43.630s] [ 63%] [32mBuilding C object CMakeFiles/geometry_msgs__rosidl_typesupport_introspection_c.dir/rosidl_typesupport_introspection_c/geometry_msgs/msg/detail/accel_stamped__type_support.c.o[0m
[43.631s] [ 64%] [32mBuilding C object CMakeFiles/geometry_msgs__rosidl_typesupport_introspection_c.dir/rosidl_typesupport_introspection_c/geometry_msgs/msg/detail/accel_with_covariance__type_support.c.o[0m
[43.634s] [ 64%] [32mBuilding C object CMakeFiles/geometry_msgs__rosidl_typesupport_introspection_c.dir/rosidl_typesupport_introspection_c/geometry_msgs/msg/detail/accel_with_covariance_stamped__type_support.c.o[0m
[43.638s] [ 65%] [32mBuilding C object CMakeFiles/geometry_msgs__rosidl_typesupport_introspection_c.dir/rosidl_typesupport_introspection_c/geometry_msgs/msg/detail/inertia__type_support.c.o[0m
[43.654s] [ 65%] Built target geometry_msgs__rosidl_typesupport_c
[43.659s] [ 65%] [32mBuilding C object CMakeFiles/geometry_msgs__rosidl_typesupport_introspection_c.dir/rosidl_typesupport_introspection_c/geometry_msgs/msg/detail/pose_stamped__type_support.c.o[0m
[43.665s] [ 65%] [32mBuilding C object CMakeFiles/geometry_msgs__rosidl_typesupport_introspection_c.dir/rosidl_typesupport_introspection_c/geometry_msgs/msg/detail/quaternion__type_support.c.o[0m
[43.665s] [ 65%] [32mBuilding C object CMakeFiles/geometry_msgs__rosidl_typesupport_introspection_c.dir/rosidl_typesupport_introspection_c/geometry_msgs/msg/detail/quaternion_stamped__type_support.c.o[0m
[43.668s] [ 66%] [32mBuilding C object CMakeFiles/geometry_msgs__rosidl_typesupport_introspection_c.dir/rosidl_typesupport_introspection_c/geometry_msgs/msg/detail/transform__type_support.c.o[0m
[43.672s] [ 66%] [32mBuilding C object CMakeFiles/geometry_msgs__rosidl_typesupport_introspection_c.dir/rosidl_typesupport_introspection_c/geometry_msgs/msg/detail/transform_stamped__type_support.c.o[0m
[43.675s] [ 66%] [32mBuilding CXX object CMakeFiles/geometry_msgs__rosidl_typesupport_fastrtps_c.dir/rosidl_typesupport_fastrtps_c/geometry_msgs/msg/detail/accel__type_support_c.cpp.o[0m
[43.693s] [ 67%] [32mBuilding C object CMakeFiles/geometry_msgs__rosidl_typesupport_introspection_c.dir/rosidl_typesupport_introspection_c/geometry_msgs/msg/detail/pose_with_covariance_stamped__type_support.c.o[0m
[43.695s] [ 67%] [32mBuilding CXX object CMakeFiles/geometry_msgs__rosidl_typesupport_fastrtps_c.dir/rosidl_typesupport_fastrtps_c/geometry_msgs/msg/detail/accel_stamped__type_support_c.cpp.o[0m
[43.696s] [ 67%] [32mBuilding C object CMakeFiles/geometry_msgs__rosidl_typesupport_introspection_c.dir/rosidl_typesupport_introspection_c/geometry_msgs/msg/detail/twist__type_support.c.o[0m
[43.696s] [ 68%] [32mBuilding CXX object CMakeFiles/geometry_msgs__rosidl_typesupport_fastrtps_c.dir/rosidl_typesupport_fastrtps_c/geometry_msgs/msg/detail/accel_with_covariance__type_support_c.cpp.o[0m
[43.698s] [ 68%] [32mBuilding CXX object CMakeFiles/geometry_msgs__rosidl_typesupport_fastrtps_c.dir/rosidl_typesupport_fastrtps_c/geometry_msgs/msg/detail/accel_with_covariance_stamped__type_support_c.cpp.o[0m
[43.698s] [ 68%] [32mBuilding CXX object CMakeFiles/geometry_msgs__rosidl_typesupport_fastrtps_c.dir/rosidl_typesupport_fastrtps_c/geometry_msgs/msg/detail/inertia__type_support_c.cpp.o[0m
[43.698s] [ 68%] [32mBuilding C object CMakeFiles/geometry_msgs__rosidl_typesupport_introspection_c.dir/rosidl_typesupport_introspection_c/geometry_msgs/msg/detail/pose_with_covariance__type_support.c.o[0m
[43.698s] [ 69%] [32mBuilding C object CMakeFiles/geometry_msgs__rosidl_typesupport_introspection_c.dir/rosidl_typesupport_introspection_c/geometry_msgs/msg/detail/pose_array__type_support.c.o[0m
[43.708s] [ 69%] [32mBuilding C object CMakeFiles/geometry_msgs__rosidl_typesupport_introspection_c.dir/rosidl_typesupport_introspection_c/geometry_msgs/msg/detail/pose2_d__type_support.c.o[0m
[43.728s] [ 69%] [32mBuilding C object CMakeFiles/geometry_msgs__rosidl_typesupport_introspection_c.dir/rosidl_typesupport_introspection_c/geometry_msgs/msg/detail/polygon_stamped__type_support.c.o[0m
[43.730s] [ 70%] [32mBuilding C object CMakeFiles/geometry_msgs__rosidl_typesupport_introspection_c.dir/rosidl_typesupport_introspection_c/geometry_msgs/msg/detail/pose__type_support.c.o[0m
[43.732s] [ 70%] [32mBuilding C object CMakeFiles/geometry_msgs__rosidl_typesupport_introspection_c.dir/rosidl_typesupport_introspection_c/geometry_msgs/msg/detail/polygon_instance_stamped__type_support.c.o[0m
[43.737s] [ 71%] [32mBuilding C object CMakeFiles/geometry_msgs__rosidl_typesupport_introspection_c.dir/rosidl_typesupport_introspection_c/geometry_msgs/msg/detail/polygon_instance__type_support.c.o[0m
[43.743s] [ 71%] [32mBuilding C object CMakeFiles/geometry_msgs__rosidl_typesupport_introspection_c.dir/rosidl_typesupport_introspection_c/geometry_msgs/msg/detail/polygon__type_support.c.o[0m
[43.759s] [ 71%] [32mBuilding C object CMakeFiles/geometry_msgs__rosidl_typesupport_introspection_c.dir/rosidl_typesupport_introspection_c/geometry_msgs/msg/detail/point_stamped__type_support.c.o[0m
[43.768s] [ 71%] [32mBuilding C object CMakeFiles/geometry_msgs__rosidl_typesupport_introspection_c.dir/rosidl_typesupport_introspection_c/geometry_msgs/msg/detail/point__type_support.c.o[0m
[43.769s] [ 72%] [32mBuilding C object CMakeFiles/geometry_msgs__rosidl_typesupport_introspection_c.dir/rosidl_typesupport_introspection_c/geometry_msgs/msg/detail/point32__type_support.c.o[0m
[43.772s] [ 72%] [32mBuilding C object CMakeFiles/geometry_msgs__rosidl_typesupport_introspection_c.dir/rosidl_typesupport_introspection_c/geometry_msgs/msg/detail/inertia_stamped__type_support.c.o[0m
[43.786s] [ 73%] [32mBuilding C object CMakeFiles/geometry_msgs__rosidl_typesupport_introspection_c.dir/rosidl_typesupport_introspection_c/geometry_msgs/msg/detail/twist_stamped__type_support.c.o[0m
[43.794s] [ 73%] [32mBuilding C object CMakeFiles/geometry_msgs__rosidl_typesupport_introspection_c.dir/rosidl_typesupport_introspection_c/geometry_msgs/msg/detail/twist_with_covariance__type_support.c.o[0m
[43.797s] [ 73%] [32mBuilding C object CMakeFiles/geometry_msgs__rosidl_typesupport_introspection_c.dir/rosidl_typesupport_introspection_c/geometry_msgs/msg/detail/twist_with_covariance_stamped__type_support.c.o[0m
[43.809s] [ 74%] [32mBuilding C object CMakeFiles/geometry_msgs__rosidl_typesupport_introspection_c.dir/rosidl_typesupport_introspection_c/geometry_msgs/msg/detail/vector3__type_support.c.o[0m
[43.813s] [ 74%] [32mBuilding C object CMakeFiles/geometry_msgs__rosidl_typesupport_introspection_c.dir/rosidl_typesupport_introspection_c/geometry_msgs/msg/detail/vector3_stamped__type_support.c.o[0m
[43.829s] [ 75%] [32mBuilding C object CMakeFiles/geometry_msgs__rosidl_typesupport_introspection_c.dir/rosidl_typesupport_introspection_c/geometry_msgs/msg/detail/velocity_stamped__type_support.c.o[0m
[43.835s] [ 75%] [32mBuilding C object CMakeFiles/geometry_msgs__rosidl_typesupport_introspection_c.dir/rosidl_typesupport_introspection_c/geometry_msgs/msg/detail/wrench__type_support.c.o[0m
[43.835s] [ 75%] [32mBuilding C object CMakeFiles/geometry_msgs__rosidl_typesupport_introspection_c.dir/rosidl_typesupport_introspection_c/geometry_msgs/msg/detail/wrench_stamped__type_support.c.o[0m
[43.844s] [ 75%] [32mBuilding CXX object CMakeFiles/geometry_msgs__rosidl_typesupport_fastrtps_c.dir/rosidl_typesupport_fastrtps_c/geometry_msgs/msg/detail/pose2_d__type_support_c.cpp.o[0m
[43.846s] [ 76%] [32mBuilding CXX object CMakeFiles/geometry_msgs__rosidl_typesupport_fastrtps_c.dir/rosidl_typesupport_fastrtps_c/geometry_msgs/msg/detail/pose__type_support_c.cpp.o[0m
[43.846s] [ 76%] [32mBuilding CXX object CMakeFiles/geometry_msgs__rosidl_typesupport_fastrtps_c.dir/rosidl_typesupport_fastrtps_c/geometry_msgs/msg/detail/pose_array__type_support_c.cpp.o[0m
[43.869s] [ 77%] [32m[1mLinking C shared library libgeometry_msgs__rosidl_typesupport_introspection_c.so[0m
[44.005s] [ 77%] [32mBuilding CXX object CMakeFiles/geometry_msgs__rosidl_typesupport_fastrtps_c.dir/rosidl_typesupport_fastrtps_c/geometry_msgs/msg/detail/pose_with_covariance_stamped__type_support_c.cpp.o[0m
[44.020s] [ 78%] [32mBuilding CXX object CMakeFiles/geometry_msgs__rosidl_typesupport_fastrtps_c.dir/rosidl_typesupport_fastrtps_c/geometry_msgs/msg/detail/quaternion__type_support_c.cpp.o[0m
[44.030s] [ 78%] Built target geometry_msgs__rosidl_typesupport_introspection_c
[44.036s] [ 78%] [32mBuilding CXX object CMakeFiles/geometry_msgs__rosidl_typesupport_fastrtps_c.dir/rosidl_typesupport_fastrtps_c/geometry_msgs/msg/detail/quaternion_stamped__type_support_c.cpp.o[0m
[44.046s] [ 78%] [32mBuilding CXX object CMakeFiles/geometry_msgs__rosidl_typesupport_fastrtps_c.dir/rosidl_typesupport_fastrtps_c/geometry_msgs/msg/detail/transform_stamped__type_support_c.cpp.o[0m
[44.059s] [ 78%] [32mBuilding CXX object CMakeFiles/geometry_msgs__rosidl_typesupport_fastrtps_c.dir/rosidl_typesupport_fastrtps_c/geometry_msgs/msg/detail/twist__type_support_c.cpp.o[0m
[44.146s] [ 79%] [32mBuilding CXX object CMakeFiles/geometry_msgs__rosidl_typesupport_fastrtps_c.dir/rosidl_typesupport_fastrtps_c/geometry_msgs/msg/detail/twist_stamped__type_support_c.cpp.o[0m
[44.175s] [ 79%] [32mBuilding CXX object CMakeFiles/geometry_msgs__rosidl_typesupport_fastrtps_c.dir/rosidl_typesupport_fastrtps_c/geometry_msgs/msg/detail/twist_with_covariance__type_support_c.cpp.o[0m
[44.184s] [ 79%] [32mBuilding CXX object CMakeFiles/geometry_msgs__rosidl_typesupport_fastrtps_c.dir/rosidl_typesupport_fastrtps_c/geometry_msgs/msg/detail/twist_with_covariance_stamped__type_support_c.cpp.o[0m
[44.347s] [ 80%] [32mBuilding CXX object CMakeFiles/geometry_msgs__rosidl_typesupport_fastrtps_c.dir/rosidl_typesupport_fastrtps_c/geometry_msgs/msg/detail/vector3__type_support_c.cpp.o[0m
[44.361s] [ 80%] [32mBuilding CXX object CMakeFiles/geometry_msgs__rosidl_typesupport_fastrtps_c.dir/rosidl_typesupport_fastrtps_c/geometry_msgs/msg/detail/vector3_stamped__type_support_c.cpp.o[0m
[44.364s] [ 80%] [32mBuilding CXX object CMakeFiles/geometry_msgs__rosidl_typesupport_fastrtps_c.dir/rosidl_typesupport_fastrtps_c/geometry_msgs/msg/detail/velocity_stamped__type_support_c.cpp.o[0m
[44.382s] [ 81%] [32mBuilding CXX object CMakeFiles/geometry_msgs__rosidl_typesupport_fastrtps_c.dir/rosidl_typesupport_fastrtps_c/geometry_msgs/msg/detail/wrench_stamped__type_support_c.cpp.o[0m
[44.382s] [ 81%] [32mBuilding CXX object CMakeFiles/geometry_msgs__rosidl_typesupport_fastrtps_c.dir/rosidl_typesupport_fastrtps_c/geometry_msgs/msg/detail/wrench__type_support_c.cpp.o[0m
[44.458s] [ 82%] [32mBuilding CXX object CMakeFiles/geometry_msgs__rosidl_typesupport_fastrtps_c.dir/rosidl_typesupport_fastrtps_c/geometry_msgs/msg/detail/transform__type_support_c.cpp.o[0m
[44.518s] [ 82%] [32mBuilding CXX object CMakeFiles/geometry_msgs__rosidl_typesupport_fastrtps_c.dir/rosidl_typesupport_fastrtps_c/geometry_msgs/msg/detail/pose_with_covariance__type_support_c.cpp.o[0m
[44.519s] [ 83%] [32mBuilding CXX object CMakeFiles/geometry_msgs__rosidl_typesupport_fastrtps_c.dir/rosidl_typesupport_fastrtps_c/geometry_msgs/msg/detail/pose_stamped__type_support_c.cpp.o[0m
[44.646s] [ 83%] [32mBuilding CXX object CMakeFiles/geometry_msgs__rosidl_typesupport_fastrtps_c.dir/rosidl_typesupport_fastrtps_c/geometry_msgs/msg/detail/polygon_stamped__type_support_c.cpp.o[0m
[44.663s] [ 83%] [32mBuilding CXX object CMakeFiles/geometry_msgs__rosidl_typesupport_fastrtps_c.dir/rosidl_typesupport_fastrtps_c/geometry_msgs/msg/detail/polygon_instance_stamped__type_support_c.cpp.o[0m
[44.672s] [ 84%] [32mBuilding CXX object CMakeFiles/geometry_msgs__rosidl_typesupport_fastrtps_c.dir/rosidl_typesupport_fastrtps_c/geometry_msgs/msg/detail/polygon_instance__type_support_c.cpp.o[0m
[44.720s] [ 84%] [32mBuilding CXX object CMakeFiles/geometry_msgs__rosidl_typesupport_fastrtps_c.dir/rosidl_typesupport_fastrtps_c/geometry_msgs/msg/detail/polygon__type_support_c.cpp.o[0m
[44.739s] [ 84%] [32mBuilding CXX object CMakeFiles/geometry_msgs__rosidl_typesupport_fastrtps_c.dir/rosidl_typesupport_fastrtps_c/geometry_msgs/msg/detail/point_stamped__type_support_c.cpp.o[0m
[44.804s] [ 85%] [32mBuilding CXX object CMakeFiles/geometry_msgs__rosidl_typesupport_fastrtps_c.dir/rosidl_typesupport_fastrtps_c/geometry_msgs/msg/detail/point__type_support_c.cpp.o[0m
[44.804s] [ 85%] [32mBuilding CXX object CMakeFiles/geometry_msgs__rosidl_typesupport_fastrtps_c.dir/rosidl_typesupport_fastrtps_c/geometry_msgs/msg/detail/point32__type_support_c.cpp.o[0m
[44.805s] [ 86%] [32mBuilding CXX object CMakeFiles/geometry_msgs__rosidl_typesupport_fastrtps_c.dir/rosidl_typesupport_fastrtps_c/geometry_msgs/msg/detail/inertia_stamped__type_support_c.cpp.o[0m
[45.138s] [ 87%] [32m[1mLinking CXX shared library libgeometry_msgs__rosidl_typesupport_fastrtps_c.so[0m
[45.301s] [ 87%] Built target geometry_msgs__rosidl_typesupport_fastrtps_c
[45.317s] [ 87%] Built target geometry_msgs
[45.336s] [ 87%] [34m[1mGenerating Python code for ROS interfaces[0m
[47.685s] [ 87%] Built target geometry_msgs__py
[47.703s] [ 88%] [32mBuilding C object CMakeFiles/geometry_msgs__rosidl_generator_py.dir/rosidl_generator_py/geometry_msgs/msg/_accel_with_covariance_stamped_s.c.o[0m
[47.703s] [ 88%] [32mBuilding C object CMakeFiles/geometry_msgs__rosidl_generator_py.dir/rosidl_generator_py/geometry_msgs/msg/_accel_stamped_s.c.o[0m
[47.704s] [ 88%] [32mBuilding C object CMakeFiles/geometry_msgs__rosidl_generator_py.dir/rosidl_generator_py/geometry_msgs/msg/_inertia_s.c.o[0m
[47.704s] [ 88%] [32mBuilding C object CMakeFiles/geometry_msgs__rosidl_generator_py.dir/rosidl_generator_py/geometry_msgs/msg/_accel_with_covariance_s.c.o[0m
[47.704s] [ 89%] [32mBuilding C object CMakeFiles/geometry_msgs__rosidl_generator_py.dir/rosidl_generator_py/geometry_msgs/msg/_accel_s.c.o[0m
[47.704s] [ 90%] [32mBuilding C object CMakeFiles/geometry_msgs__rosidl_generator_py.dir/rosidl_generator_py/geometry_msgs/msg/_inertia_stamped_s.c.o[0m
[47.704s] [ 91%] [32mBuilding C object CMakeFiles/geometry_msgs__rosidl_generator_py.dir/rosidl_generator_py/geometry_msgs/msg/_point_stamped_s.c.o[0m
[47.705s] [ 91%] [32mBuilding C object CMakeFiles/geometry_msgs__rosidl_generator_py.dir/rosidl_generator_py/geometry_msgs/msg/_point32_s.c.o[0m
[47.706s] [ 91%] [32mBuilding C object CMakeFiles/geometry_msgs__rosidl_generator_py.dir/rosidl_generator_py/geometry_msgs/msg/_point_s.c.o[0m
[47.797s] [ 92%] [32mBuilding C object CMakeFiles/geometry_msgs__rosidl_generator_py.dir/rosidl_generator_py/geometry_msgs/msg/_pose_with_covariance_stamped_s.c.o[0m
[47.797s] [ 92%] [32mBuilding C object CMakeFiles/geometry_msgs__rosidl_generator_py.dir/rosidl_generator_py/geometry_msgs/msg/_pose_with_covariance_s.c.o[0m
[47.797s] [ 92%] [32mBuilding C object CMakeFiles/geometry_msgs__rosidl_generator_py.dir/rosidl_generator_py/geometry_msgs/msg/_pose_stamped_s.c.o[0m
[47.797s] [ 93%] [32mBuilding C object CMakeFiles/geometry_msgs__rosidl_generator_py.dir/rosidl_generator_py/geometry_msgs/msg/_pose2_d_s.c.o[0m
[47.797s] [ 93%] [32mBuilding C object CMakeFiles/geometry_msgs__rosidl_generator_py.dir/rosidl_generator_py/geometry_msgs/msg/_pose_s.c.o[0m
[47.800s] [ 93%] [32mBuilding C object CMakeFiles/geometry_msgs__rosidl_generator_py.dir/rosidl_generator_py/geometry_msgs/msg/_quaternion_stamped_s.c.o[0m
[47.800s] [ 93%] [32mBuilding C object CMakeFiles/geometry_msgs__rosidl_generator_py.dir/rosidl_generator_py/geometry_msgs/msg/_pose_array_s.c.o[0m
[47.803s] [ 94%] [32mBuilding C object CMakeFiles/geometry_msgs__rosidl_generator_py.dir/rosidl_generator_py/geometry_msgs/msg/_quaternion_s.c.o[0m
[47.807s] [ 94%] [32mBuilding C object CMakeFiles/geometry_msgs__rosidl_generator_py.dir/rosidl_generator_py/geometry_msgs/msg/_transform_s.c.o[0m
[47.807s] [ 95%] [32mBuilding C object CMakeFiles/geometry_msgs__rosidl_generator_py.dir/rosidl_generator_py/geometry_msgs/msg/_polygon_instance_stamped_s.c.o[0m
[47.809s] [ 95%] [32mBuilding C object CMakeFiles/geometry_msgs__rosidl_generator_py.dir/rosidl_generator_py/geometry_msgs/msg/_polygon_stamped_s.c.o[0m
[47.809s] [ 95%] [32mBuilding C object CMakeFiles/geometry_msgs__rosidl_generator_py.dir/rosidl_generator_py/geometry_msgs/msg/_polygon_instance_s.c.o[0m
[47.809s] [ 95%] [32mBuilding C object CMakeFiles/geometry_msgs__rosidl_generator_py.dir/rosidl_generator_py/geometry_msgs/msg/_polygon_s.c.o[0m
[47.813s] [ 96%] [32mBuilding C object CMakeFiles/geometry_msgs__rosidl_generator_py.dir/rosidl_generator_py/geometry_msgs/msg/_transform_stamped_s.c.o[0m
[47.821s] [ 96%] [32mBuilding C object CMakeFiles/geometry_msgs__rosidl_generator_py.dir/rosidl_generator_py/geometry_msgs/msg/_vector3_s.c.o[0m
[47.911s] [ 97%] [32mBuilding C object CMakeFiles/geometry_msgs__rosidl_generator_py.dir/rosidl_generator_py/geometry_msgs/msg/_vector3_stamped_s.c.o[0m
[47.912s] [ 97%] [32mBuilding C object CMakeFiles/geometry_msgs__rosidl_generator_py.dir/rosidl_generator_py/geometry_msgs/msg/_twist_stamped_s.c.o[0m
[47.912s] [ 97%] [32mBuilding C object CMakeFiles/geometry_msgs__rosidl_generator_py.dir/rosidl_generator_py/geometry_msgs/msg/_twist_with_covariance_stamped_s.c.o[0m
[47.912s] [ 98%] [32mBuilding C object CMakeFiles/geometry_msgs__rosidl_generator_py.dir/rosidl_generator_py/geometry_msgs/msg/_twist_with_covariance_s.c.o[0m
[47.921s] [ 98%] [32mBuilding C object CMakeFiles/geometry_msgs__rosidl_generator_py.dir/rosidl_generator_py/geometry_msgs/msg/_wrench_stamped_s.c.o[0m
[47.924s] [ 99%] [32mBuilding C object CMakeFiles/geometry_msgs__rosidl_generator_py.dir/rosidl_generator_py/geometry_msgs/msg/_wrench_s.c.o[0m
[47.925s] [ 99%] [32mBuilding C object CMakeFiles/geometry_msgs__rosidl_generator_py.dir/rosidl_generator_py/geometry_msgs/msg/_twist_s.c.o[0m
[47.925s] [ 99%] [32mBuilding C object CMakeFiles/geometry_msgs__rosidl_generator_py.dir/rosidl_generator_py/geometry_msgs/msg/_velocity_stamped_s.c.o[0m
[48.024s] [ 99%] [32m[1mLinking C shared library rosidl_generator_py/geometry_msgs/libgeometry_msgs__rosidl_generator_py.so[0m
[48.151s] [ 99%] Built target geometry_msgs__rosidl_generator_py
[48.167s] [100%] [32mBuilding C object CMakeFiles/geometry_msgs__rosidl_typesupport_c__pyext.dir/rosidl_generator_py/geometry_msgs/_geometry_msgs_s.ep.rosidl_typesupport_c.c.o[0m
[48.167s] [ 99%] [32mBuilding C object CMakeFiles/geometry_msgs__rosidl_typesupport_introspection_c__pyext.dir/rosidl_generator_py/geometry_msgs/_geometry_msgs_s.ep.rosidl_typesupport_introspection_c.c.o[0m
[48.171s] [100%] [32mBuilding C object CMakeFiles/geometry_msgs__rosidl_typesupport_fastrtps_c__pyext.dir/rosidl_generator_py/geometry_msgs/_geometry_msgs_s.ep.rosidl_typesupport_fastrtps_c.c.o[0m
[48.301s] [100%] [32m[1mLinking C shared library rosidl_generator_py/geometry_msgs/geometry_msgs_s__rosidl_typesupport_c.cpython-310-x86_64-linux-gnu.so[0m
[48.308s] [100%] [32m[1mLinking C shared library rosidl_generator_py/geometry_msgs/geometry_msgs_s__rosidl_typesupport_introspection_c.cpython-310-x86_64-linux-gnu.so[0m
[48.333s] [100%] [32m[1mLinking C shared library rosidl_generator_py/geometry_msgs/geometry_msgs_s__rosidl_typesupport_fastrtps_c.cpython-310-x86_64-linux-gnu.so[0m
[48.434s] [100%] Built target geometry_msgs__rosidl_typesupport_c__pyext
[48.440s] [100%] Built target geometry_msgs__rosidl_typesupport_introspection_c__pyext
[48.461s] [100%] Built target geometry_msgs__rosidl_typesupport_fastrtps_c__pyext
[48.472s] Invoked command in '/root/ros_ws/src/Rescue_Car_ws/build/geometry_msgs' returned '0': AMENT_PREFIX_PATH=/root/ros_ws/src/Rescue_Car_ws/install/std_msgs:/root/ros_ws/src/Rescue_Car_ws/install/builtin_interfaces:${AMENT_PREFIX_PATH} CMAKE_PREFIX_PATH=/root/ros_ws/src/Rescue_Car_ws/install/std_msgs:/root/ros_ws/src/Rescue_Car_ws/install/builtin_interfaces:/opt/ros/humble LD_LIBRARY_PATH=/root/ros_ws/src/Rescue_Car_ws/install/std_msgs/lib:/root/ros_ws/src/Rescue_Car_ws/install/builtin_interfaces/lib:${LD_LIBRARY_PATH} PYTHONPATH=/root/ros_ws/src/Rescue_Car_ws/install/std_msgs/local/lib/python3.10/dist-packages:/root/ros_ws/src/Rescue_Car_ws/install/builtin_interfaces/local/lib/python3.10/dist-packages:${PYTHONPATH} /usr/bin/cmake --build /root/ros_ws/src/Rescue_Car_ws/build/geometry_msgs -- -j20 -l20
[48.473s] Invoking command in '/root/ros_ws/src/Rescue_Car_ws/build/geometry_msgs': AMENT_PREFIX_PATH=/root/ros_ws/src/Rescue_Car_ws/install/std_msgs:/root/ros_ws/src/Rescue_Car_ws/install/builtin_interfaces:${AMENT_PREFIX_PATH} CMAKE_PREFIX_PATH=/root/ros_ws/src/Rescue_Car_ws/install/std_msgs:/root/ros_ws/src/Rescue_Car_ws/install/builtin_interfaces:/opt/ros/humble LD_LIBRARY_PATH=/root/ros_ws/src/Rescue_Car_ws/install/std_msgs/lib:/root/ros_ws/src/Rescue_Car_ws/install/builtin_interfaces/lib:${LD_LIBRARY_PATH} PYTHONPATH=/root/ros_ws/src/Rescue_Car_ws/install/std_msgs/local/lib/python3.10/dist-packages:/root/ros_ws/src/Rescue_Car_ws/install/builtin_interfaces/local/lib/python3.10/dist-packages:${PYTHONPATH} /usr/bin/cmake --install /root/ros_ws/src/Rescue_Car_ws/build/geometry_msgs
[48.480s] -- Install configuration: ""
[48.481s] -- Installing: /root/ros_ws/src/Rescue_Car_ws/install/geometry_msgs/share/ament_index/resource_index/rosidl_interfaces/geometry_msgs
[48.481s] -- Installing: /root/ros_ws/src/Rescue_Car_ws/install/geometry_msgs/include/geometry_msgs/geometry_msgs
[48.481s] -- Installing: /root/ros_ws/src/Rescue_Car_ws/install/geometry_msgs/include/geometry_msgs/geometry_msgs/msg
[48.481s] -- Installing: /root/ros_ws/src/Rescue_Car_ws/install/geometry_msgs/include/geometry_msgs/geometry_msgs/msg/wrench_stamped.h
[48.481s] -- Installing: /root/ros_ws/src/Rescue_Car_ws/install/geometry_msgs/include/geometry_msgs/geometry_msgs/msg/pose_with_covariance_stamped.h
[48.482s] -- Installing: /root/ros_ws/src/Rescue_Car_ws/install/geometry_msgs/include/geometry_msgs/geometry_msgs/msg/accel_with_covariance.h
[48.482s] -- Installing: /root/ros_ws/src/Rescue_Car_ws/install/geometry_msgs/include/geometry_msgs/geometry_msgs/msg/polygon_instance_stamped.h
[48.482s] -- Installing: /root/ros_ws/src/Rescue_Car_ws/install/geometry_msgs/include/geometry_msgs/geometry_msgs/msg/polygon_stamped.h
[48.482s] -- Installing: /root/ros_ws/src/Rescue_Car_ws/install/geometry_msgs/include/geometry_msgs/geometry_msgs/msg/pose.h
[48.482s] -- Installing: /root/ros_ws/src/Rescue_Car_ws/install/geometry_msgs/include/geometry_msgs/geometry_msgs/msg/point.h
[48.482s] -- Installing: /root/ros_ws/src/Rescue_Car_ws/install/geometry_msgs/include/geometry_msgs/geometry_msgs/msg/pose_with_covariance.h
[48.482s] -- Installing: /root/ros_ws/src/Rescue_Car_ws/install/geometry_msgs/include/geometry_msgs/geometry_msgs/msg/polygon.h
[48.483s] -- Installing: /root/ros_ws/src/Rescue_Car_ws/install/geometry_msgs/include/geometry_msgs/geometry_msgs/msg/twist.h
[48.483s] -- Installing: /root/ros_ws/src/Rescue_Car_ws/install/geometry_msgs/include/geometry_msgs/geometry_msgs/msg/twist_with_covariance_stamped.h
[48.483s] -- Installing: /root/ros_ws/src/Rescue_Car_ws/install/geometry_msgs/include/geometry_msgs/geometry_msgs/msg/pose_stamped.h
[48.483s] -- Installing: /root/ros_ws/src/Rescue_Car_ws/install/geometry_msgs/include/geometry_msgs/geometry_msgs/msg/twist_with_covariance.h
[48.483s] -- Installing: /root/ros_ws/src/Rescue_Car_ws/install/geometry_msgs/include/geometry_msgs/geometry_msgs/msg/polygon_instance.h
[48.483s] -- Installing: /root/ros_ws/src/Rescue_Car_ws/install/geometry_msgs/include/geometry_msgs/geometry_msgs/msg/inertia.h
[48.484s] -- Installing: /root/ros_ws/src/Rescue_Car_ws/install/geometry_msgs/include/geometry_msgs/geometry_msgs/msg/accel_stamped.h
[48.484s] -- Installing: /root/ros_ws/src/Rescue_Car_ws/install/geometry_msgs/include/geometry_msgs/geometry_msgs/msg/accel_with_covariance_stamped.h
[48.484s] -- Installing: /root/ros_ws/src/Rescue_Car_ws/install/geometry_msgs/include/geometry_msgs/geometry_msgs/msg/detail
[48.484s] -- Installing: /root/ros_ws/src/Rescue_Car_ws/install/geometry_msgs/include/geometry_msgs/geometry_msgs/msg/detail/twist_with_covariance__type_support.h
[48.484s] -- Installing: /root/ros_ws/src/Rescue_Car_ws/install/geometry_msgs/include/geometry_msgs/geometry_msgs/msg/detail/vector3_stamped__functions.c
[48.484s] -- Installing: /root/ros_ws/src/Rescue_Car_ws/install/geometry_msgs/include/geometry_msgs/geometry_msgs/msg/detail/inertia__type_support.h
[48.484s] -- Installing: /root/ros_ws/src/Rescue_Car_ws/install/geometry_msgs/include/geometry_msgs/geometry_msgs/msg/detail/polygon_instance_stamped__functions.c
[48.484s] -- Installing: /root/ros_ws/src/Rescue_Car_ws/install/geometry_msgs/include/geometry_msgs/geometry_msgs/msg/detail/twist__struct.h
[48.484s] -- Installing: /root/ros_ws/src/Rescue_Car_ws/install/geometry_msgs/include/geometry_msgs/geometry_msgs/msg/detail/pose_with_covariance__struct.h
[48.485s] -- Installing: /root/ros_ws/src/Rescue_Car_ws/install/geometry_msgs/include/geometry_msgs/geometry_msgs/msg/detail/vector3__functions.c
[48.485s] -- Installing: /root/ros_ws/src/Rescue_Car_ws/install/geometry_msgs/include/geometry_msgs/geometry_msgs/msg/detail/vector3__functions.h
[48.485s] -- Installing: /root/ros_ws/src/Rescue_Car_ws/install/geometry_msgs/include/geometry_msgs/geometry_msgs/msg/detail/pose_with_covariance_stamped__type_support.h
[48.485s] -- Installing: /root/ros_ws/src/Rescue_Car_ws/install/geometry_msgs/include/geometry_msgs/geometry_msgs/msg/detail/transform__functions.c
[48.485s] -- Installing: /root/ros_ws/src/Rescue_Car_ws/install/geometry_msgs/include/geometry_msgs/geometry_msgs/msg/detail/wrench__functions.h
[48.485s] -- Installing: /root/ros_ws/src/Rescue_Car_ws/install/geometry_msgs/include/geometry_msgs/geometry_msgs/msg/detail/polygon_instance_stamped__struct.h
[48.485s] -- Installing: /root/ros_ws/src/Rescue_Car_ws/install/geometry_msgs/include/geometry_msgs/geometry_msgs/msg/detail/polygon_instance_stamped__type_support.h
[48.485s] -- Installing: /root/ros_ws/src/Rescue_Car_ws/install/geometry_msgs/include/geometry_msgs/geometry_msgs/msg/detail/velocity_stamped__type_support.h
[48.485s] -- Installing: /root/ros_ws/src/Rescue_Car_ws/install/geometry_msgs/include/geometry_msgs/geometry_msgs/msg/detail/accel_stamped__struct.h
[48.485s] -- Installing: /root/ros_ws/src/Rescue_Car_ws/install/geometry_msgs/include/geometry_msgs/geometry_msgs/msg/detail/pose_stamped__type_support.h
[48.485s] -- Installing: /root/ros_ws/src/Rescue_Car_ws/install/geometry_msgs/include/geometry_msgs/geometry_msgs/msg/detail/pose_with_covariance_stamped__struct.h
[48.486s] -- Installing: /root/ros_ws/src/Rescue_Car_ws/install/geometry_msgs/include/geometry_msgs/geometry_msgs/msg/detail/polygon_stamped__type_support.h
[48.486s] -- Installing: /root/ros_ws/src/Rescue_Car_ws/install/geometry_msgs/include/geometry_msgs/geometry_msgs/msg/detail/polygon_instance__type_support.h
[48.486s] -- Installing: /root/ros_ws/src/Rescue_Car_ws/install/geometry_msgs/include/geometry_msgs/geometry_msgs/msg/detail/point_stamped__functions.h
[48.486s] -- Installing: /root/ros_ws/src/Rescue_Car_ws/install/geometry_msgs/include/geometry_msgs/geometry_msgs/msg/detail/accel_with_covariance__struct.h
[48.486s] -- Installing: /root/ros_ws/src/Rescue_Car_ws/install/geometry_msgs/include/geometry_msgs/geometry_msgs/msg/detail/wrench__functions.c
[48.487s] -- Installing: /root/ros_ws/src/Rescue_Car_ws/install/geometry_msgs/include/geometry_msgs/geometry_msgs/msg/detail/inertia__struct.h
[48.487s] -- Installing: /root/ros_ws/src/Rescue_Car_ws/install/geometry_msgs/include/geometry_msgs/geometry_msgs/msg/detail/twist__type_support.h
[48.487s] -- Installing: /root/ros_ws/src/Rescue_Car_ws/install/geometry_msgs/include/geometry_msgs/geometry_msgs/msg/detail/pose_stamped__struct.h
[48.487s] -- Installing: /root/ros_ws/src/Rescue_Car_ws/install/geometry_msgs/include/geometry_msgs/geometry_msgs/msg/detail/polygon_instance__functions.h
[48.487s] -- Installing: /root/ros_ws/src/Rescue_Car_ws/install/geometry_msgs/include/geometry_msgs/geometry_msgs/msg/detail/transform__type_support.h
[48.487s] -- Installing: /root/ros_ws/src/Rescue_Car_ws/install/geometry_msgs/include/geometry_msgs/geometry_msgs/msg/detail/pose2_d__functions.h
[48.488s] -- Installing: /root/ros_ws/src/Rescue_Car_ws/install/geometry_msgs/include/geometry_msgs/geometry_msgs/msg/detail/pose__type_support.h
[48.488s] -- Installing: /root/ros_ws/src/Rescue_Car_ws/install/geometry_msgs/include/geometry_msgs/geometry_msgs/msg/detail/polygon__type_support.h
[48.488s] -- Installing: /root/ros_ws/src/Rescue_Car_ws/install/geometry_msgs/include/geometry_msgs/geometry_msgs/msg/detail/quaternion_stamped__functions.h
[48.488s] -- Installing: /root/ros_ws/src/Rescue_Car_ws/install/geometry_msgs/include/geometry_msgs/geometry_msgs/msg/detail/accel__functions.c
[48.488s] -- Installing: /root/ros_ws/src/Rescue_Car_ws/install/geometry_msgs/include/geometry_msgs/geometry_msgs/msg/detail/twist_with_covariance_stamped__struct.h
[48.488s] -- Installing: /root/ros_ws/src/Rescue_Car_ws/install/geometry_msgs/include/geometry_msgs/geometry_msgs/msg/detail/twist_with_covariance__struct.h
[48.489s] -- Installing: /root/ros_ws/src/Rescue_Car_ws/install/geometry_msgs/include/geometry_msgs/geometry_msgs/msg/detail/pose2_d__struct.h
[48.489s] -- Installing: /root/ros_ws/src/Rescue_Car_ws/install/geometry_msgs/include/geometry_msgs/geometry_msgs/msg/detail/pose2_d__type_support.h
[48.489s] -- Installing: /root/ros_ws/src/Rescue_Car_ws/install/geometry_msgs/include/geometry_msgs/geometry_msgs/msg/detail/quaternion__functions.h
[48.489s] -- Installing: /root/ros_ws/src/Rescue_Car_ws/install/geometry_msgs/include/geometry_msgs/geometry_msgs/msg/detail/vector3__type_support.h
[48.489s] -- Installing: /root/ros_ws/src/Rescue_Car_ws/install/geometry_msgs/include/geometry_msgs/geometry_msgs/msg/detail/pose2_d__functions.c
[48.489s] -- Installing: /root/ros_ws/src/Rescue_Car_ws/install/geometry_msgs/include/geometry_msgs/geometry_msgs/msg/detail/point__functions.h
[48.489s] -- Installing: /root/ros_ws/src/Rescue_Car_ws/install/geometry_msgs/include/geometry_msgs/geometry_msgs/msg/detail/polygon__struct.h
[48.489s] -- Installing: /root/ros_ws/src/Rescue_Car_ws/install/geometry_msgs/include/geometry_msgs/geometry_msgs/msg/detail/pose_with_covariance_stamped__functions.h
[48.490s] -- Installing: /root/ros_ws/src/Rescue_Car_ws/install/geometry_msgs/include/geometry_msgs/geometry_msgs/msg/detail/wrench_stamped__type_support.h
[48.490s] -- Installing: /root/ros_ws/src/Rescue_Car_ws/install/geometry_msgs/include/geometry_msgs/geometry_msgs/msg/detail/pose__functions.c
[48.490s] -- Installing: /root/ros_ws/src/Rescue_Car_ws/install/geometry_msgs/include/geometry_msgs/geometry_msgs/msg/detail/pose_with_covariance__functions.c
[48.490s] -- Installing: /root/ros_ws/src/Rescue_Car_ws/install/geometry_msgs/include/geometry_msgs/geometry_msgs/msg/detail/velocity_stamped__functions.h
[48.490s] -- Installing: /root/ros_ws/src/Rescue_Car_ws/install/geometry_msgs/include/geometry_msgs/geometry_msgs/msg/detail/pose_stamped__functions.h
[48.490s] -- Installing: /root/ros_ws/src/Rescue_Car_ws/install/geometry_msgs/include/geometry_msgs/geometry_msgs/msg/detail/pose_with_covariance__type_support.h
[48.490s] -- Installing: /root/ros_ws/src/Rescue_Car_ws/install/geometry_msgs/include/geometry_msgs/geometry_msgs/msg/detail/polygon_instance__functions.c
[48.490s] -- Installing: /root/ros_ws/src/Rescue_Car_ws/install/geometry_msgs/include/geometry_msgs/geometry_msgs/msg/detail/accel_with_covariance_stamped__functions.h
[48.490s] -- Installing: /root/ros_ws/src/Rescue_Car_ws/install/geometry_msgs/include/geometry_msgs/geometry_msgs/msg/detail/transform_stamped__type_support.h
[48.491s] -- Installing: /root/ros_ws/src/Rescue_Car_ws/install/geometry_msgs/include/geometry_msgs/geometry_msgs/msg/detail/inertia_stamped__functions.h
[48.491s] -- Installing: /root/ros_ws/src/Rescue_Car_ws/install/geometry_msgs/include/geometry_msgs/geometry_msgs/msg/detail/pose__functions.h
[48.491s] -- Installing: /root/ros_ws/src/Rescue_Car_ws/install/geometry_msgs/include/geometry_msgs/geometry_msgs/msg/detail/accel_with_covariance_stamped__struct.h
[48.491s] -- Installing: /root/ros_ws/src/Rescue_Car_ws/install/geometry_msgs/include/geometry_msgs/geometry_msgs/msg/detail/pose_stamped__functions.c
[48.491s] -- Installing: /root/ros_ws/src/Rescue_Car_ws/install/geometry_msgs/include/geometry_msgs/geometry_msgs/msg/detail/twist_stamped__functions.h
[48.491s] -- Installing: /root/ros_ws/src/Rescue_Car_ws/install/geometry_msgs/include/geometry_msgs/geometry_msgs/msg/detail/twist_with_covariance_stamped__functions.c
[48.491s] -- Installing: /root/ros_ws/src/Rescue_Car_ws/install/geometry_msgs/include/geometry_msgs/geometry_msgs/msg/detail/point__functions.c
[48.491s] -- Installing: /root/ros_ws/src/Rescue_Car_ws/install/geometry_msgs/include/geometry_msgs/geometry_msgs/msg/detail/twist__functions.c
[48.492s] -- Installing: /root/ros_ws/src/Rescue_Car_ws/install/geometry_msgs/include/geometry_msgs/geometry_msgs/msg/detail/pose_array__functions.c
[48.492s] -- Installing: /root/ros_ws/src/Rescue_Car_ws/install/geometry_msgs/include/geometry_msgs/geometry_msgs/msg/detail/polygon_instance__struct.h
[48.492s] -- Installing: /root/ros_ws/src/Rescue_Car_ws/install/geometry_msgs/include/geometry_msgs/geometry_msgs/msg/detail/inertia__functions.h
[48.492s] -- Installing: /root/ros_ws/src/Rescue_Car_ws/install/geometry_msgs/include/geometry_msgs/geometry_msgs/msg/detail/point_stamped__type_support.h
[48.492s] -- Installing: /root/ros_ws/src/Rescue_Car_ws/install/geometry_msgs/include/geometry_msgs/geometry_msgs/msg/detail/polygon_instance_stamped__functions.h
[48.492s] -- Installing: /root/ros_ws/src/Rescue_Car_ws/install/geometry_msgs/include/geometry_msgs/geometry_msgs/msg/detail/wrench__struct.h
[48.492s] -- Installing: /root/ros_ws/src/Rescue_Car_ws/install/geometry_msgs/include/geometry_msgs/geometry_msgs/msg/detail/twist_with_covariance__functions.c
[48.492s] -- Installing: /root/ros_ws/src/Rescue_Car_ws/install/geometry_msgs/include/geometry_msgs/geometry_msgs/msg/detail/wrench_stamped__functions.h
[48.493s] -- Installing: /root/ros_ws/src/Rescue_Car_ws/install/geometry_msgs/include/geometry_msgs/geometry_msgs/msg/detail/twist__functions.h
[48.493s] -- Installing: /root/ros_ws/src/Rescue_Car_ws/install/geometry_msgs/include/geometry_msgs/geometry_msgs/msg/detail/pose_array__struct.h
[48.493s] -- Installing: /root/ros_ws/src/Rescue_Car_ws/install/geometry_msgs/include/geometry_msgs/geometry_msgs/msg/detail/accel__functions.h
[48.493s] -- Installing: /root/ros_ws/src/Rescue_Car_ws/install/geometry_msgs/include/geometry_msgs/geometry_msgs/msg/detail/inertia_stamped__type_support.h
[48.493s] -- Installing: /root/ros_ws/src/Rescue_Car_ws/install/geometry_msgs/include/geometry_msgs/geometry_msgs/msg/detail/point__struct.h
[48.493s] -- Installing: /root/ros_ws/src/Rescue_Car_ws/install/geometry_msgs/include/geometry_msgs/geometry_msgs/msg/detail/pose__struct.h
[48.493s] -- Installing: /root/ros_ws/src/Rescue_Car_ws/install/geometry_msgs/include/geometry_msgs/geometry_msgs/msg/detail/twist_with_covariance_stamped__type_support.h
[48.493s] -- Installing: /root/ros_ws/src/Rescue_Car_ws/install/geometry_msgs/include/geometry_msgs/geometry_msgs/msg/detail/twist_stamped__struct.h
[48.493s] -- Installing: /root/ros_ws/src/Rescue_Car_ws/install/geometry_msgs/include/geometry_msgs/geometry_msgs/msg/detail/polygon_stamped__functions.h
[48.493s] -- Installing: /root/ros_ws/src/Rescue_Car_ws/install/geometry_msgs/include/geometry_msgs/geometry_msgs/msg/detail/accel_with_covariance__functions.c
[48.494s] -- Installing: /root/ros_ws/src/Rescue_Car_ws/install/geometry_msgs/include/geometry_msgs/geometry_msgs/msg/detail/quaternion_stamped__functions.c
[48.494s] -- Installing: /root/ros_ws/src/Rescue_Car_ws/install/geometry_msgs/include/geometry_msgs/geometry_msgs/msg/detail/polygon__functions.c
[48.494s] -- Installing: /root/ros_ws/src/Rescue_Car_ws/install/geometry_msgs/include/geometry_msgs/geometry_msgs/msg/detail/point32__type_support.h
[48.494s] -- Installing: /root/ros_ws/src/Rescue_Car_ws/install/geometry_msgs/include/geometry_msgs/geometry_msgs/msg/detail/accel_stamped__functions.c
[48.495s] -- Installing: /root/ros_ws/src/Rescue_Car_ws/install/geometry_msgs/include/geometry_msgs/geometry_msgs/msg/detail/accel_stamped__type_support.h
[48.495s] -- Installing: /root/ros_ws/src/Rescue_Car_ws/install/geometry_msgs/include/geometry_msgs/geometry_msgs/msg/detail/transform__struct.h
[48.495s] -- Installing: /root/ros_ws/src/Rescue_Car_ws/install/geometry_msgs/include/geometry_msgs/geometry_msgs/msg/detail/accel__struct.h
[48.495s] -- Installing: /root/ros_ws/src/Rescue_Car_ws/install/geometry_msgs/include/geometry_msgs/geometry_msgs/msg/detail/vector3__struct.h
[48.495s] -- Installing: /root/ros_ws/src/Rescue_Car_ws/install/geometry_msgs/include/geometry_msgs/geometry_msgs/msg/detail/accel_with_covariance_stamped__type_support.h
[48.495s] -- Installing: /root/ros_ws/src/Rescue_Car_ws/install/geometry_msgs/include/geometry_msgs/geometry_msgs/msg/detail/velocity_stamped__functions.c
[48.495s] -- Installing: /root/ros_ws/src/Rescue_Car_ws/install/geometry_msgs/include/geometry_msgs/geometry_msgs/msg/detail/point32__functions.h
[48.495s] -- Installing: /root/ros_ws/src/Rescue_Car_ws/install/geometry_msgs/include/geometry_msgs/geometry_msgs/msg/detail/accel__type_support.h
[48.495s] -- Installing: /root/ros_ws/src/Rescue_Car_ws/install/geometry_msgs/include/geometry_msgs/geometry_msgs/msg/detail/quaternion__type_support.h
[48.495s] -- Installing: /root/ros_ws/src/Rescue_Car_ws/install/geometry_msgs/include/geometry_msgs/geometry_msgs/msg/detail/vector3_stamped__type_support.h
[48.496s] -- Installing: /root/ros_ws/src/Rescue_Car_ws/install/geometry_msgs/include/geometry_msgs/geometry_msgs/msg/detail/polygon__functions.h
[48.496s] -- Installing: /root/ros_ws/src/Rescue_Car_ws/install/geometry_msgs/include/geometry_msgs/geometry_msgs/msg/detail/pose_array__type_support.h
[48.496s] -- Installing: /root/ros_ws/src/Rescue_Car_ws/install/geometry_msgs/include/geometry_msgs/geometry_msgs/msg/detail/transform_stamped__functions.c
[48.496s] -- Installing: /root/ros_ws/src/Rescue_Car_ws/install/geometry_msgs/include/geometry_msgs/geometry_msgs/msg/detail/quaternion_stamped__type_support.h
[48.496s] -- Installing: /root/ros_ws/src/Rescue_Car_ws/install/geometry_msgs/include/geometry_msgs/geometry_msgs/msg/detail/twist_stamped__functions.c
[48.496s] -- Installing: /root/ros_ws/src/Rescue_Car_ws/install/geometry_msgs/include/geometry_msgs/geometry_msgs/msg/detail/quaternion__functions.c
[48.496s] -- Installing: /root/ros_ws/src/Rescue_Car_ws/install/geometry_msgs/include/geometry_msgs/geometry_msgs/msg/detail/twist_with_covariance_stamped__functions.h
[48.497s] -- Installing: /root/ros_ws/src/Rescue_Car_ws/install/geometry_msgs/include/geometry_msgs/geometry_msgs/msg/detail/inertia__functions.c
[48.497s] -- Installing: /root/ros_ws/src/Rescue_Car_ws/install/geometry_msgs/include/geometry_msgs/geometry_msgs/msg/detail/wrench__type_support.h
[48.497s] -- Installing: /root/ros_ws/src/Rescue_Car_ws/install/geometry_msgs/include/geometry_msgs/geometry_msgs/msg/detail/quaternion__struct.h
[48.497s] -- Installing: /root/ros_ws/src/Rescue_Car_ws/install/geometry_msgs/include/geometry_msgs/geometry_msgs/msg/detail/wrench_stamped__struct.h
[48.497s] -- Installing: /root/ros_ws/src/Rescue_Car_ws/install/geometry_msgs/include/geometry_msgs/geometry_msgs/msg/detail/point32__functions.c
[48.498s] -- Installing: /root/ros_ws/src/Rescue_Car_ws/install/geometry_msgs/include/geometry_msgs/geometry_msgs/msg/detail/velocity_stamped__struct.h
[48.498s] -- Installing: /root/ros_ws/src/Rescue_Car_ws/install/geometry_msgs/include/geometry_msgs/geometry_msgs/msg/detail/quaternion_stamped__struct.h
[48.498s] -- Installing: /root/ros_ws/src/Rescue_Car_ws/install/geometry_msgs/include/geometry_msgs/geometry_msgs/msg/detail/vector3_stamped__struct.h
[48.498s] -- Installing: /root/ros_ws/src/Rescue_Car_ws/install/geometry_msgs/include/geometry_msgs/geometry_msgs/msg/detail/transform_stamped__functions.h
[48.498s] -- Installing: /root/ros_ws/src/Rescue_Car_ws/install/geometry_msgs/include/geometry_msgs/geometry_msgs/msg/detail/point__type_support.h
[48.499s] -- Installing: /root/ros_ws/src/Rescue_Car_ws/install/geometry_msgs/include/geometry_msgs/geometry_msgs/msg/detail/accel_stamped__functions.h
[48.499s] -- Installing: /root/ros_ws/src/Rescue_Car_ws/install/geometry_msgs/include/geometry_msgs/geometry_msgs/msg/detail/accel_with_covariance__type_support.h
[48.499s] -- Installing: /root/ros_ws/src/Rescue_Car_ws/install/geometry_msgs/include/geometry_msgs/geometry_msgs/msg/detail/twist_stamped__type_support.h
[48.499s] -- Installing: /root/ros_ws/src/Rescue_Car_ws/install/geometry_msgs/include/geometry_msgs/geometry_msgs/msg/detail/wrench_stamped__functions.c
[48.499s] -- Installing: /root/ros_ws/src/Rescue_Car_ws/install/geometry_msgs/include/geometry_msgs/geometry_msgs/msg/detail/polygon_stamped__functions.c
[48.499s] -- Installing: /root/ros_ws/src/Rescue_Car_ws/install/geometry_msgs/include/geometry_msgs/geometry_msgs/msg/detail/inertia_stamped__functions.c
[48.500s] -- Installing: /root/ros_ws/src/Rescue_Car_ws/install/geometry_msgs/include/geometry_msgs/geometry_msgs/msg/detail/vector3_stamped__functions.h
[48.500s] -- Installing: /root/ros_ws/src/Rescue_Car_ws/install/geometry_msgs/include/geometry_msgs/geometry_msgs/msg/detail/point32__struct.h
[48.500s] -- Installing: /root/ros_ws/src/Rescue_Car_ws/install/geometry_msgs/include/geometry_msgs/geometry_msgs/msg/detail/inertia_stamped__struct.h
[48.501s] -- Installing: /root/ros_ws/src/Rescue_Car_ws/install/geometry_msgs/include/geometry_msgs/geometry_msgs/msg/detail/point_stamped__struct.h
[48.501s] -- Installing: /root/ros_ws/src/Rescue_Car_ws/install/geometry_msgs/include/geometry_msgs/geometry_msgs/msg/detail/point_stamped__functions.c
[48.501s] -- Installing: /root/ros_ws/src/Rescue_Car_ws/install/geometry_msgs/include/geometry_msgs/geometry_msgs/msg/detail/polygon_stamped__struct.h
[48.501s] -- Installing: /root/ros_ws/src/Rescue_Car_ws/install/geometry_msgs/include/geometry_msgs/geometry_msgs/msg/detail/twist_with_covariance__functions.h
[48.501s] -- Installing: /root/ros_ws/src/Rescue_Car_ws/install/geometry_msgs/include/geometry_msgs/geometry_msgs/msg/detail/transform_stamped__struct.h
[48.501s] -- Installing: /root/ros_ws/src/Rescue_Car_ws/install/geometry_msgs/include/geometry_msgs/geometry_msgs/msg/detail/pose_with_covariance_stamped__functions.c
[48.502s] -- Installing: /root/ros_ws/src/Rescue_Car_ws/install/geometry_msgs/include/geometry_msgs/geometry_msgs/msg/detail/pose_with_covariance__functions.h
[48.502s] -- Installing: /root/ros_ws/src/Rescue_Car_ws/install/geometry_msgs/include/geometry_msgs/geometry_msgs/msg/detail/accel_with_covariance_stamped__functions.c
[48.502s] -- Installing: /root/ros_ws/src/Rescue_Car_ws/install/geometry_msgs/include/geometry_msgs/geometry_msgs/msg/detail/accel_with_covariance__functions.h
[48.502s] -- Installing: /root/ros_ws/src/Rescue_Car_ws/install/geometry_msgs/include/geometry_msgs/geometry_msgs/msg/detail/pose_array__functions.h
[48.502s] -- Installing: /root/ros_ws/src/Rescue_Car_ws/install/geometry_msgs/include/geometry_msgs/geometry_msgs/msg/detail/transform__functions.h
[48.503s] -- Installing: /root/ros_ws/src/Rescue_Car_ws/install/geometry_msgs/include/geometry_msgs/geometry_msgs/msg/twist_stamped.h
[48.503s] -- Installing: /root/ros_ws/src/Rescue_Car_ws/install/geometry_msgs/include/geometry_msgs/geometry_msgs/msg/vector3_stamped.h
[48.503s] -- Installing: /root/ros_ws/src/Rescue_Car_ws/install/geometry_msgs/include/geometry_msgs/geometry_msgs/msg/rosidl_generator_c__visibility_control.h
[48.503s] -- Installing: /root/ros_ws/src/Rescue_Car_ws/install/geometry_msgs/include/geometry_msgs/geometry_msgs/msg/transform.h
[48.503s] -- Installing: /root/ros_ws/src/Rescue_Car_ws/install/geometry_msgs/include/geometry_msgs/geometry_msgs/msg/quaternion_stamped.h
[48.503s] -- Installing: /root/ros_ws/src/Rescue_Car_ws/install/geometry_msgs/include/geometry_msgs/geometry_msgs/msg/transform_stamped.h
[48.503s] -- Installing: /root/ros_ws/src/Rescue_Car_ws/install/geometry_msgs/include/geometry_msgs/geometry_msgs/msg/inertia_stamped.h
[48.503s] -- Installing: /root/ros_ws/src/Rescue_Car_ws/install/geometry_msgs/include/geometry_msgs/geometry_msgs/msg/vector3.h
[48.503s] -- Installing: /root/ros_ws/src/Rescue_Car_ws/install/geometry_msgs/include/geometry_msgs/geometry_msgs/msg/point32.h
[48.503s] -- Installing: /root/ros_ws/src/Rescue_Car_ws/install/geometry_msgs/include/geometry_msgs/geometry_msgs/msg/point_stamped.h
[48.503s] -- Installing: /root/ros_ws/src/Rescue_Car_ws/install/geometry_msgs/include/geometry_msgs/geometry_msgs/msg/pose2_d.h
[48.503s] -- Installing: /root/ros_ws/src/Rescue_Car_ws/install/geometry_msgs/include/geometry_msgs/geometry_msgs/msg/pose_array.h
[48.503s] -- Installing: /root/ros_ws/src/Rescue_Car_ws/install/geometry_msgs/include/geometry_msgs/geometry_msgs/msg/accel.h
[48.504s] -- Installing: /root/ros_ws/src/Rescue_Car_ws/install/geometry_msgs/include/geometry_msgs/geometry_msgs/msg/quaternion.h
[48.504s] -- Installing: /root/ros_ws/src/Rescue_Car_ws/install/geometry_msgs/include/geometry_msgs/geometry_msgs/msg/velocity_stamped.h
[48.504s] -- Installing: /root/ros_ws/src/Rescue_Car_ws/install/geometry_msgs/include/geometry_msgs/geometry_msgs/msg/wrench.h
[48.504s] -- Installing: /root/ros_ws/src/Rescue_Car_ws/install/geometry_msgs/share/geometry_msgs/environment/library_path.sh
[48.504s] -- Installing: /root/ros_ws/src/Rescue_Car_ws/install/geometry_msgs/share/geometry_msgs/environment/library_path.dsv
[48.504s] -- Installing: /root/ros_ws/src/Rescue_Car_ws/install/geometry_msgs/lib/libgeometry_msgs__rosidl_generator_c.so
[48.504s] -- Set runtime path of "/root/ros_ws/src/Rescue_Car_ws/install/geometry_msgs/lib/libgeometry_msgs__rosidl_generator_c.so" to ""
[48.505s] -- Up-to-date: /root/ros_ws/src/Rescue_Car_ws/install/geometry_msgs/include/geometry_msgs/geometry_msgs
[48.505s] -- Up-to-date: /root/ros_ws/src/Rescue_Car_ws/install/geometry_msgs/include/geometry_msgs/geometry_msgs/msg
[48.505s] -- Up-to-date: /root/ros_ws/src/Rescue_Car_ws/install/geometry_msgs/include/geometry_msgs/geometry_msgs/msg/detail
[48.505s] -- Installing: /root/ros_ws/src/Rescue_Car_ws/install/geometry_msgs/include/geometry_msgs/geometry_msgs/msg/detail/velocity_stamped__rosidl_typesupport_fastrtps_c.h
[48.505s] -- Installing: /root/ros_ws/src/Rescue_Car_ws/install/geometry_msgs/include/geometry_msgs/geometry_msgs/msg/detail/twist_with_covariance_stamped__rosidl_typesupport_fastrtps_c.h
[48.505s] -- Installing: /root/ros_ws/src/Rescue_Car_ws/install/geometry_msgs/include/geometry_msgs/geometry_msgs/msg/detail/point_stamped__rosidl_typesupport_fastrtps_c.h
[48.506s] -- Installing: /root/ros_ws/src/Rescue_Car_ws/install/geometry_msgs/include/geometry_msgs/geometry_msgs/msg/detail/vector3__rosidl_typesupport_fastrtps_c.h
[48.506s] -- Installing: /root/ros_ws/src/Rescue_Car_ws/install/geometry_msgs/include/geometry_msgs/geometry_msgs/msg/detail/twist_stamped__rosidl_typesupport_fastrtps_c.h
[48.506s] -- Installing: /root/ros_ws/src/Rescue_Car_ws/install/geometry_msgs/include/geometry_msgs/geometry_msgs/msg/detail/point32__rosidl_typesupport_fastrtps_c.h
[48.506s] -- Installing: /root/ros_ws/src/Rescue_Car_ws/install/geometry_msgs/include/geometry_msgs/geometry_msgs/msg/detail/quaternion__rosidl_typesupport_fastrtps_c.h
[48.506s] -- Installing: /root/ros_ws/src/Rescue_Car_ws/install/geometry_msgs/include/geometry_msgs/geometry_msgs/msg/detail/accel_stamped__rosidl_typesupport_fastrtps_c.h
[48.507s] -- Installing: /root/ros_ws/src/Rescue_Car_ws/install/geometry_msgs/include/geometry_msgs/geometry_msgs/msg/detail/wrench__rosidl_typesupport_fastrtps_c.h
[48.507s] -- Installing: /root/ros_ws/src/Rescue_Car_ws/install/geometry_msgs/include/geometry_msgs/geometry_msgs/msg/detail/twist__rosidl_typesupport_fastrtps_c.h
[48.507s] -- Installing: /root/ros_ws/src/Rescue_Car_ws/install/geometry_msgs/include/geometry_msgs/geometry_msgs/msg/detail/pose_stamped__rosidl_typesupport_fastrtps_c.h
[48.507s] -- Installing: /root/ros_ws/src/Rescue_Car_ws/install/geometry_msgs/include/geometry_msgs/geometry_msgs/msg/detail/wrench_stamped__rosidl_typesupport_fastrtps_c.h
[48.507s] -- Installing: /root/ros_ws/src/Rescue_Car_ws/install/geometry_msgs/include/geometry_msgs/geometry_msgs/msg/detail/inertia__rosidl_typesupport_fastrtps_c.h
[48.508s] -- Installing: /root/ros_ws/src/Rescue_Car_ws/install/geometry_msgs/include/geometry_msgs/geometry_msgs/msg/detail/pose_with_covariance__rosidl_typesupport_fastrtps_c.h
[48.508s] -- Installing: /root/ros_ws/src/Rescue_Car_ws/install/geometry_msgs/include/geometry_msgs/geometry_msgs/msg/detail/quaternion_stamped__rosidl_typesupport_fastrtps_c.h
[48.508s] -- Installing: /root/ros_ws/src/Rescue_Car_ws/install/geometry_msgs/include/geometry_msgs/geometry_msgs/msg/detail/point__rosidl_typesupport_fastrtps_c.h
[48.508s] -- Installing: /root/ros_ws/src/Rescue_Car_ws/install/geometry_msgs/include/geometry_msgs/geometry_msgs/msg/detail/polygon_instance_stamped__rosidl_typesupport_fastrtps_c.h
[48.508s] -- Installing: /root/ros_ws/src/Rescue_Car_ws/install/geometry_msgs/include/geometry_msgs/geometry_msgs/msg/detail/polygon__rosidl_typesupport_fastrtps_c.h
[48.508s] -- Installing: /root/ros_ws/src/Rescue_Car_ws/install/geometry_msgs/include/geometry_msgs/geometry_msgs/msg/detail/vector3_stamped__rosidl_typesupport_fastrtps_c.h
[48.508s] -- Installing: /root/ros_ws/src/Rescue_Car_ws/install/geometry_msgs/include/geometry_msgs/geometry_msgs/msg/detail/pose_array__rosidl_typesupport_fastrtps_c.h
[48.508s] -- Installing: /root/ros_ws/src/Rescue_Car_ws/install/geometry_msgs/include/geometry_msgs/geometry_msgs/msg/detail/twist_with_covariance__rosidl_typesupport_fastrtps_c.h
[48.508s] -- Installing: /root/ros_ws/src/Rescue_Car_ws/install/geometry_msgs/include/geometry_msgs/geometry_msgs/msg/detail/transform__rosidl_typesupport_fastrtps_c.h
[48.508s] -- Installing: /root/ros_ws/src/Rescue_Car_ws/install/geometry_msgs/include/geometry_msgs/geometry_msgs/msg/detail/inertia_stamped__rosidl_typesupport_fastrtps_c.h
[48.509s] -- Installing: /root/ros_ws/src/Rescue_Car_ws/install/geometry_msgs/include/geometry_msgs/geometry_msgs/msg/detail/polygon_stamped__rosidl_typesupport_fastrtps_c.h
[48.509s] -- Installing: /root/ros_ws/src/Rescue_Car_ws/install/geometry_msgs/include/geometry_msgs/geometry_msgs/msg/detail/accel__rosidl_typesupport_fastrtps_c.h
[48.509s] -- Installing: /root/ros_ws/src/Rescue_Car_ws/install/geometry_msgs/include/geometry_msgs/geometry_msgs/msg/detail/pose__rosidl_typesupport_fastrtps_c.h
[48.509s] -- Installing: /root/ros_ws/src/Rescue_Car_ws/install/geometry_msgs/include/geometry_msgs/geometry_msgs/msg/detail/pose2_d__rosidl_typesupport_fastrtps_c.h
[48.510s] -- Installing: /root/ros_ws/src/Rescue_Car_ws/install/geometry_msgs/include/geometry_msgs/geometry_msgs/msg/detail/accel_with_covariance__rosidl_typesupport_fastrtps_c.h
[48.510s] -- Installing: /root/ros_ws/src/Rescue_Car_ws/install/geometry_msgs/include/geometry_msgs/geometry_msgs/msg/detail/transform_stamped__rosidl_typesupport_fastrtps_c.h
[48.510s] -- Installing: /root/ros_ws/src/Rescue_Car_ws/install/geometry_msgs/include/geometry_msgs/geometry_msgs/msg/detail/pose_with_covariance_stamped__rosidl_typesupport_fastrtps_c.h
[48.510s] -- Installing: /root/ros_ws/src/Rescue_Car_ws/install/geometry_msgs/include/geometry_msgs/geometry_msgs/msg/detail/accel_with_covariance_stamped__rosidl_typesupport_fastrtps_c.h
[48.510s] -- Installing: /root/ros_ws/src/Rescue_Car_ws/install/geometry_msgs/include/geometry_msgs/geometry_msgs/msg/detail/polygon_instance__rosidl_typesupport_fastrtps_c.h
[48.510s] -- Installing: /root/ros_ws/src/Rescue_Car_ws/install/geometry_msgs/include/geometry_msgs/geometry_msgs/msg/rosidl_typesupport_fastrtps_c__visibility_control.h
[48.510s] -- Installing: /root/ros_ws/src/Rescue_Car_ws/install/geometry_msgs/lib/libgeometry_msgs__rosidl_typesupport_fastrtps_c.so
[48.510s] -- Set runtime path of "/root/ros_ws/src/Rescue_Car_ws/install/geometry_msgs/lib/libgeometry_msgs__rosidl_typesupport_fastrtps_c.so" to ""
[48.510s] -- Up-to-date: /root/ros_ws/src/Rescue_Car_ws/install/geometry_msgs/include/geometry_msgs/geometry_msgs
[48.510s] -- Up-to-date: /root/ros_ws/src/Rescue_Car_ws/install/geometry_msgs/include/geometry_msgs/geometry_msgs/msg
[48.510s] -- Installing: /root/ros_ws/src/Rescue_Car_ws/install/geometry_msgs/include/geometry_msgs/geometry_msgs/msg/rosidl_typesupport_introspection_c__visibility_control.h
[48.511s] -- Up-to-date: /root/ros_ws/src/Rescue_Car_ws/install/geometry_msgs/include/geometry_msgs/geometry_msgs/msg/detail
[48.511s] -- Installing: /root/ros_ws/src/Rescue_Car_ws/install/geometry_msgs/include/geometry_msgs/geometry_msgs/msg/detail/twist_with_covariance_stamped__rosidl_typesupport_introspection_c.h
[48.511s] -- Installing: /root/ros_ws/src/Rescue_Car_ws/install/geometry_msgs/include/geometry_msgs/geometry_msgs/msg/detail/point_stamped__rosidl_typesupport_introspection_c.h
[48.511s] -- Installing: /root/ros_ws/src/Rescue_Car_ws/install/geometry_msgs/include/geometry_msgs/geometry_msgs/msg/detail/point32__type_support.c
[48.511s] -- Installing: /root/ros_ws/src/Rescue_Car_ws/install/geometry_msgs/include/geometry_msgs/geometry_msgs/msg/detail/polygon__type_support.c
[48.511s] -- Installing: /root/ros_ws/src/Rescue_Car_ws/install/geometry_msgs/include/geometry_msgs/geometry_msgs/msg/detail/quaternion_stamped__rosidl_typesupport_introspection_c.h
[48.511s] -- Installing: /root/ros_ws/src/Rescue_Car_ws/install/geometry_msgs/include/geometry_msgs/geometry_msgs/msg/detail/transform__type_support.c
[48.511s] -- Installing: /root/ros_ws/src/Rescue_Car_ws/install/geometry_msgs/include/geometry_msgs/geometry_msgs/msg/detail/twist_with_covariance__rosidl_typesupport_introspection_c.h
[48.511s] -- Installing: /root/ros_ws/src/Rescue_Car_ws/install/geometry_msgs/include/geometry_msgs/geometry_msgs/msg/detail/pose__type_support.c
[48.512s] -- Installing: /root/ros_ws/src/Rescue_Car_ws/install/geometry_msgs/include/geometry_msgs/geometry_msgs/msg/detail/twist_stamped__rosidl_typesupport_introspection_c.h
[48.512s] -- Installing: /root/ros_ws/src/Rescue_Car_ws/install/geometry_msgs/include/geometry_msgs/geometry_msgs/msg/detail/transform_stamped__type_support.c
[48.512s] -- Installing: /root/ros_ws/src/Rescue_Car_ws/install/geometry_msgs/include/geometry_msgs/geometry_msgs/msg/detail/wrench_stamped__type_support.c
[48.512s] -- Installing: /root/ros_ws/src/Rescue_Car_ws/install/geometry_msgs/include/geometry_msgs/geometry_msgs/msg/detail/wrench__type_support.c
[48.512s] -- Installing: /root/ros_ws/src/Rescue_Car_ws/install/geometry_msgs/include/geometry_msgs/geometry_msgs/msg/detail/pose_array__rosidl_typesupport_introspection_c.h
[48.513s] -- Installing: /root/ros_ws/src/Rescue_Car_ws/install/geometry_msgs/include/geometry_msgs/geometry_msgs/msg/detail/transform__rosidl_typesupport_introspection_c.h
[48.513s] -- Installing: /root/ros_ws/src/Rescue_Car_ws/install/geometry_msgs/include/geometry_msgs/geometry_msgs/msg/detail/pose2_d__type_support.c
[48.513s] -- Installing: /root/ros_ws/src/Rescue_Car_ws/install/geometry_msgs/include/geometry_msgs/geometry_msgs/msg/detail/twist__type_support.c
[48.513s] -- Installing: /root/ros_ws/src/Rescue_Car_ws/install/geometry_msgs/include/geometry_msgs/geometry_msgs/msg/detail/inertia__rosidl_typesupport_introspection_c.h
[48.513s] -- Installing: /root/ros_ws/src/Rescue_Car_ws/install/geometry_msgs/include/geometry_msgs/geometry_msgs/msg/detail/vector3__type_support.c
[48.513s] -- Installing: /root/ros_ws/src/Rescue_Car_ws/install/geometry_msgs/include/geometry_msgs/geometry_msgs/msg/detail/point__rosidl_typesupport_introspection_c.h
[48.513s] -- Installing: /root/ros_ws/src/Rescue_Car_ws/install/geometry_msgs/include/geometry_msgs/geometry_msgs/msg/detail/velocity_stamped__type_support.c
[48.513s] -- Installing: /root/ros_ws/src/Rescue_Car_ws/install/geometry_msgs/include/geometry_msgs/geometry_msgs/msg/detail/wrench_stamped__rosidl_typesupport_introspection_c.h
[48.514s] -- Installing: /root/ros_ws/src/Rescue_Car_ws/install/geometry_msgs/include/geometry_msgs/geometry_msgs/msg/detail/accel_with_covariance_stamped__rosidl_typesupport_introspection_c.h
[48.514s] -- Installing: /root/ros_ws/src/Rescue_Car_ws/install/geometry_msgs/include/geometry_msgs/geometry_msgs/msg/detail/velocity_stamped__rosidl_typesupport_introspection_c.h
[48.514s] -- Installing: /root/ros_ws/src/Rescue_Car_ws/install/geometry_msgs/include/geometry_msgs/geometry_msgs/msg/detail/accel_stamped__type_support.c
[48.514s] -- Installing: /root/ros_ws/src/Rescue_Car_ws/install/geometry_msgs/include/geometry_msgs/geometry_msgs/msg/detail/vector3__rosidl_typesupport_introspection_c.h
[48.514s] -- Installing: /root/ros_ws/src/Rescue_Car_ws/install/geometry_msgs/include/geometry_msgs/geometry_msgs/msg/detail/polygon_instance_stamped__type_support.c
[48.515s] -- Installing: /root/ros_ws/src/Rescue_Car_ws/install/geometry_msgs/include/geometry_msgs/geometry_msgs/msg/detail/point_stamped__type_support.c
[48.515s] -- Installing: /root/ros_ws/src/Rescue_Car_ws/install/geometry_msgs/include/geometry_msgs/geometry_msgs/msg/detail/pose_with_covariance__type_support.c
[48.515s] -- Installing: /root/ros_ws/src/Rescue_Car_ws/install/geometry_msgs/include/geometry_msgs/geometry_msgs/msg/detail/inertia_stamped__type_support.c
[48.515s] -- Installing: /root/ros_ws/src/Rescue_Car_ws/install/geometry_msgs/include/geometry_msgs/geometry_msgs/msg/detail/transform_stamped__rosidl_typesupport_introspection_c.h
[48.515s] -- Installing: /root/ros_ws/src/Rescue_Car_ws/install/geometry_msgs/include/geometry_msgs/geometry_msgs/msg/detail/pose_with_covariance_stamped__rosidl_typesupport_introspection_c.h
[48.515s] -- Installing: /root/ros_ws/src/Rescue_Car_ws/install/geometry_msgs/include/geometry_msgs/geometry_msgs/msg/detail/quaternion__type_support.c
[48.515s] -- Installing: /root/ros_ws/src/Rescue_Car_ws/install/geometry_msgs/include/geometry_msgs/geometry_msgs/msg/detail/pose_array__type_support.c
[48.515s] -- Installing: /root/ros_ws/src/Rescue_Car_ws/install/geometry_msgs/include/geometry_msgs/geometry_msgs/msg/detail/pose2_d__rosidl_typesupport_introspection_c.h
[48.515s] -- Installing: /root/ros_ws/src/Rescue_Car_ws/install/geometry_msgs/include/geometry_msgs/geometry_msgs/msg/detail/accel__type_support.c
[48.515s] -- Installing: /root/ros_ws/src/Rescue_Car_ws/install/geometry_msgs/include/geometry_msgs/geometry_msgs/msg/detail/polygon__rosidl_typesupport_introspection_c.h
[48.515s] -- Installing: /root/ros_ws/src/Rescue_Car_ws/install/geometry_msgs/include/geometry_msgs/geometry_msgs/msg/detail/twist__rosidl_typesupport_introspection_c.h
[48.516s] -- Installing: /root/ros_ws/src/Rescue_Car_ws/install/geometry_msgs/include/geometry_msgs/geometry_msgs/msg/detail/inertia_stamped__rosidl_typesupport_introspection_c.h
[48.516s] -- Installing: /root/ros_ws/src/Rescue_Car_ws/install/geometry_msgs/include/geometry_msgs/geometry_msgs/msg/detail/accel_with_covariance__rosidl_typesupport_introspection_c.h
[48.516s] -- Installing: /root/ros_ws/src/Rescue_Car_ws/install/geometry_msgs/include/geometry_msgs/geometry_msgs/msg/detail/accel_with_covariance__type_support.c
[48.516s] -- Installing: /root/ros_ws/src/Rescue_Car_ws/install/geometry_msgs/include/geometry_msgs/geometry_msgs/msg/detail/vector3_stamped__rosidl_typesupport_introspection_c.h
[48.516s] -- Installing: /root/ros_ws/src/Rescue_Car_ws/install/geometry_msgs/include/geometry_msgs/geometry_msgs/msg/detail/accel_stamped__rosidl_typesupport_introspection_c.h
[48.516s] -- Installing: /root/ros_ws/src/Rescue_Car_ws/install/geometry_msgs/include/geometry_msgs/geometry_msgs/msg/detail/pose_with_covariance__rosidl_typesupport_introspection_c.h
[48.516s] -- Installing: /root/ros_ws/src/Rescue_Car_ws/install/geometry_msgs/include/geometry_msgs/geometry_msgs/msg/detail/twist_with_covariance_stamped__type_support.c
[48.516s] -- Installing: /root/ros_ws/src/Rescue_Car_ws/install/geometry_msgs/include/geometry_msgs/geometry_msgs/msg/detail/polygon_stamped__rosidl_typesupport_introspection_c.h
[48.516s] -- Installing: /root/ros_ws/src/Rescue_Car_ws/install/geometry_msgs/include/geometry_msgs/geometry_msgs/msg/detail/point32__rosidl_typesupport_introspection_c.h
[48.517s] -- Installing: /root/ros_ws/src/Rescue_Car_ws/install/geometry_msgs/include/geometry_msgs/geometry_msgs/msg/detail/point__type_support.c
[48.517s] -- Installing: /root/ros_ws/src/Rescue_Car_ws/install/geometry_msgs/include/geometry_msgs/geometry_msgs/msg/detail/accel__rosidl_typesupport_introspection_c.h
[48.517s] -- Installing: /root/ros_ws/src/Rescue_Car_ws/install/geometry_msgs/include/geometry_msgs/geometry_msgs/msg/detail/pose_with_covariance_stamped__type_support.c
[48.517s] -- Installing: /root/ros_ws/src/Rescue_Car_ws/install/geometry_msgs/include/geometry_msgs/geometry_msgs/msg/detail/pose__rosidl_typesupport_introspection_c.h
[48.517s] -- Installing: /root/ros_ws/src/Rescue_Car_ws/install/geometry_msgs/include/geometry_msgs/geometry_msgs/msg/detail/polygon_stamped__type_support.c
[48.517s] -- Installing: /root/ros_ws/src/Rescue_Car_ws/install/geometry_msgs/include/geometry_msgs/geometry_msgs/msg/detail/polygon_instance_stamped__rosidl_typesupport_introspection_c.h
[48.517s] -- Installing: /root/ros_ws/src/Rescue_Car_ws/install/geometry_msgs/include/geometry_msgs/geometry_msgs/msg/detail/twist_stamped__type_support.c
[48.518s] -- Installing: /root/ros_ws/src/Rescue_Car_ws/install/geometry_msgs/include/geometry_msgs/geometry_msgs/msg/detail/pose_stamped__type_support.c
[48.518s] -- Installing: /root/ros_ws/src/Rescue_Car_ws/install/geometry_msgs/include/geometry_msgs/geometry_msgs/msg/detail/twist_with_covariance__type_support.c
[48.518s] -- Installing: /root/ros_ws/src/Rescue_Car_ws/install/geometry_msgs/include/geometry_msgs/geometry_msgs/msg/detail/polygon_instance__type_support.c
[48.518s] -- Installing: /root/ros_ws/src/Rescue_Car_ws/install/geometry_msgs/include/geometry_msgs/geometry_msgs/msg/detail/wrench__rosidl_typesupport_introspection_c.h
[48.518s] -- Installing: /root/ros_ws/src/Rescue_Car_ws/install/geometry_msgs/include/geometry_msgs/geometry_msgs/msg/detail/inertia__type_support.c
[48.518s] -- Installing: /root/ros_ws/src/Rescue_Car_ws/install/geometry_msgs/include/geometry_msgs/geometry_msgs/msg/detail/accel_with_covariance_stamped__type_support.c
[48.519s] -- Installing: /root/ros_ws/src/Rescue_Car_ws/install/geometry_msgs/include/geometry_msgs/geometry_msgs/msg/detail/vector3_stamped__type_support.c
[48.519s] -- Installing: /root/ros_ws/src/Rescue_Car_ws/install/geometry_msgs/include/geometry_msgs/geometry_msgs/msg/detail/pose_stamped__rosidl_typesupport_introspection_c.h
[48.519s] -- Installing: /root/ros_ws/src/Rescue_Car_ws/install/geometry_msgs/include/geometry_msgs/geometry_msgs/msg/detail/quaternion_stamped__type_support.c
[48.519s] -- Installing: /root/ros_ws/src/Rescue_Car_ws/install/geometry_msgs/include/geometry_msgs/geometry_msgs/msg/detail/polygon_instance__rosidl_typesupport_introspection_c.h
[48.519s] -- Installing: /root/ros_ws/src/Rescue_Car_ws/install/geometry_msgs/include/geometry_msgs/geometry_msgs/msg/detail/quaternion__rosidl_typesupport_introspection_c.h
[48.519s] -- Installing: /root/ros_ws/src/Rescue_Car_ws/install/geometry_msgs/lib/libgeometry_msgs__rosidl_typesupport_introspection_c.so
[48.520s] -- Set runtime path of "/root/ros_ws/src/Rescue_Car_ws/install/geometry_msgs/lib/libgeometry_msgs__rosidl_typesupport_introspection_c.so" to ""
[48.520s] -- Installing: /root/ros_ws/src/Rescue_Car_ws/install/geometry_msgs/lib/libgeometry_msgs__rosidl_typesupport_c.so
[48.520s] -- Set runtime path of "/root/ros_ws/src/Rescue_Car_ws/install/geometry_msgs/lib/libgeometry_msgs__rosidl_typesupport_c.so" to ""
[48.520s] -- Up-to-date: /root/ros_ws/src/Rescue_Car_ws/install/geometry_msgs/include/geometry_msgs/geometry_msgs
[48.520s] -- Up-to-date: /root/ros_ws/src/Rescue_Car_ws/install/geometry_msgs/include/geometry_msgs/geometry_msgs/msg
[48.520s] -- Installing: /root/ros_ws/src/Rescue_Car_ws/install/geometry_msgs/include/geometry_msgs/geometry_msgs/msg/twist.hpp
[48.520s] -- Installing: /root/ros_ws/src/Rescue_Car_ws/install/geometry_msgs/include/geometry_msgs/geometry_msgs/msg/quaternion_stamped.hpp
[48.520s] -- Installing: /root/ros_ws/src/Rescue_Car_ws/install/geometry_msgs/include/geometry_msgs/geometry_msgs/msg/rosidl_generator_cpp__visibility_control.hpp
[48.521s] -- Installing: /root/ros_ws/src/Rescue_Car_ws/install/geometry_msgs/include/geometry_msgs/geometry_msgs/msg/polygon.hpp
[48.521s] -- Installing: /root/ros_ws/src/Rescue_Car_ws/install/geometry_msgs/include/geometry_msgs/geometry_msgs/msg/transform_stamped.hpp
[48.521s] -- Installing: /root/ros_ws/src/Rescue_Car_ws/install/geometry_msgs/include/geometry_msgs/geometry_msgs/msg/twist_with_covariance.hpp
[48.521s] -- Installing: /root/ros_ws/src/Rescue_Car_ws/install/geometry_msgs/include/geometry_msgs/geometry_msgs/msg/pose.hpp
[48.521s] -- Installing: /root/ros_ws/src/Rescue_Car_ws/install/geometry_msgs/include/geometry_msgs/geometry_msgs/msg/polygon_instance_stamped.hpp
[48.521s] -- Installing: /root/ros_ws/src/Rescue_Car_ws/install/geometry_msgs/include/geometry_msgs/geometry_msgs/msg/vector3_stamped.hpp
[48.522s] -- Installing: /root/ros_ws/src/Rescue_Car_ws/install/geometry_msgs/include/geometry_msgs/geometry_msgs/msg/accel.hpp
[48.522s] -- Installing: /root/ros_ws/src/Rescue_Car_ws/install/geometry_msgs/include/geometry_msgs/geometry_msgs/msg/twist_stamped.hpp
[48.522s] -- Installing: /root/ros_ws/src/Rescue_Car_ws/install/geometry_msgs/include/geometry_msgs/geometry_msgs/msg/pose2_d.hpp
[48.522s] -- Installing: /root/ros_ws/src/Rescue_Car_ws/install/geometry_msgs/include/geometry_msgs/geometry_msgs/msg/inertia_stamped.hpp
[48.522s] -- Up-to-date: /root/ros_ws/src/Rescue_Car_ws/install/geometry_msgs/include/geometry_msgs/geometry_msgs/msg/detail
[48.522s] -- Installing: /root/ros_ws/src/Rescue_Car_ws/install/geometry_msgs/include/geometry_msgs/geometry_msgs/msg/detail/wrench__struct.hpp
[48.522s] -- Installing: /root/ros_ws/src/Rescue_Car_ws/install/geometry_msgs/include/geometry_msgs/geometry_msgs/msg/detail/inertia__builder.hpp
[48.523s] -- Installing: /root/ros_ws/src/Rescue_Car_ws/install/geometry_msgs/include/geometry_msgs/geometry_msgs/msg/detail/accel_with_covariance_stamped__builder.hpp
[48.523s] -- Installing: /root/ros_ws/src/Rescue_Car_ws/install/geometry_msgs/include/geometry_msgs/geometry_msgs/msg/detail/polygon_stamped__type_support.hpp
[48.523s] -- Installing: /root/ros_ws/src/Rescue_Car_ws/install/geometry_msgs/include/geometry_msgs/geometry_msgs/msg/detail/quaternion_stamped__traits.hpp
[48.523s] -- Installing: /root/ros_ws/src/Rescue_Car_ws/install/geometry_msgs/include/geometry_msgs/geometry_msgs/msg/detail/vector3_stamped__struct.hpp
[48.523s] -- Installing: /root/ros_ws/src/Rescue_Car_ws/install/geometry_msgs/include/geometry_msgs/geometry_msgs/msg/detail/accel_stamped__traits.hpp
[48.523s] -- Installing: /root/ros_ws/src/Rescue_Car_ws/install/geometry_msgs/include/geometry_msgs/geometry_msgs/msg/detail/twist_with_covariance_stamped__type_support.hpp
[48.523s] -- Installing: /root/ros_ws/src/Rescue_Car_ws/install/geometry_msgs/include/geometry_msgs/geometry_msgs/msg/detail/polygon_instance__builder.hpp
[48.523s] -- Installing: /root/ros_ws/src/Rescue_Car_ws/install/geometry_msgs/include/geometry_msgs/geometry_msgs/msg/detail/wrench__type_support.hpp
[48.523s] -- Installing: /root/ros_ws/src/Rescue_Car_ws/install/geometry_msgs/include/geometry_msgs/geometry_msgs/msg/detail/quaternion_stamped__type_support.hpp
[48.523s] -- Installing: /root/ros_ws/src/Rescue_Car_ws/install/geometry_msgs/include/geometry_msgs/geometry_msgs/msg/detail/vector3__builder.hpp
[48.523s] -- Installing: /root/ros_ws/src/Rescue_Car_ws/install/geometry_msgs/include/geometry_msgs/geometry_msgs/msg/detail/twist_stamped__type_support.hpp
[48.523s] -- Installing: /root/ros_ws/src/Rescue_Car_ws/install/geometry_msgs/include/geometry_msgs/geometry_msgs/msg/detail/pose_array__traits.hpp
[48.524s] -- Installing: /root/ros_ws/src/Rescue_Car_ws/install/geometry_msgs/include/geometry_msgs/geometry_msgs/msg/detail/accel_with_covariance__type_support.hpp
[48.524s] -- Installing: /root/ros_ws/src/Rescue_Car_ws/install/geometry_msgs/include/geometry_msgs/geometry_msgs/msg/detail/point32__builder.hpp
[48.524s] -- Installing: /root/ros_ws/src/Rescue_Car_ws/install/geometry_msgs/include/geometry_msgs/geometry_msgs/msg/detail/accel_stamped__type_support.hpp
[48.524s] -- Installing: /root/ros_ws/src/Rescue_Car_ws/install/geometry_msgs/include/geometry_msgs/geometry_msgs/msg/detail/twist__traits.hpp
[48.524s] -- Installing: /root/ros_ws/src/Rescue_Car_ws/install/geometry_msgs/include/geometry_msgs/geometry_msgs/msg/detail/wrench_stamped__struct.hpp
[48.524s] -- Installing: /root/ros_ws/src/Rescue_Car_ws/install/geometry_msgs/include/geometry_msgs/geometry_msgs/msg/detail/quaternion__builder.hpp
[48.524s] -- Installing: /root/ros_ws/src/Rescue_Car_ws/install/geometry_msgs/include/geometry_msgs/geometry_msgs/msg/detail/polygon_instance__type_support.hpp
[48.524s] -- Installing: /root/ros_ws/src/Rescue_Car_ws/install/geometry_msgs/include/geometry_msgs/geometry_msgs/msg/detail/pose_with_covariance__traits.hpp
[48.525s] -- Installing: /root/ros_ws/src/Rescue_Car_ws/install/geometry_msgs/include/geometry_msgs/geometry_msgs/msg/detail/twist_with_covariance__struct.hpp
[48.525s] -- Installing: /root/ros_ws/src/Rescue_Car_ws/install/geometry_msgs/include/geometry_msgs/geometry_msgs/msg/detail/quaternion_stamped__builder.hpp
[48.525s] -- Installing: /root/ros_ws/src/Rescue_Car_ws/install/geometry_msgs/include/geometry_msgs/geometry_msgs/msg/detail/accel__type_support.hpp
[48.525s] -- Installing: /root/ros_ws/src/Rescue_Car_ws/install/geometry_msgs/include/geometry_msgs/geometry_msgs/msg/detail/point_stamped__struct.hpp
[48.525s] -- Installing: /root/ros_ws/src/Rescue_Car_ws/install/geometry_msgs/include/geometry_msgs/geometry_msgs/msg/detail/twist__type_support.hpp
[48.525s] -- Installing: /root/ros_ws/src/Rescue_Car_ws/install/geometry_msgs/include/geometry_msgs/geometry_msgs/msg/detail/pose__type_support.hpp
[48.525s] -- Installing: /root/ros_ws/src/Rescue_Car_ws/install/geometry_msgs/include/geometry_msgs/geometry_msgs/msg/detail/twist_with_covariance_stamped__builder.hpp
[48.525s] -- Installing: /root/ros_ws/src/Rescue_Car_ws/install/geometry_msgs/include/geometry_msgs/geometry_msgs/msg/detail/pose_stamped__type_support.hpp
[48.525s] -- Installing: /root/ros_ws/src/Rescue_Car_ws/install/geometry_msgs/include/geometry_msgs/geometry_msgs/msg/detail/pose2_d__traits.hpp
[48.525s] -- Installing: /root/ros_ws/src/Rescue_Car_ws/install/geometry_msgs/include/geometry_msgs/geometry_msgs/msg/detail/point__type_support.hpp
[48.525s] -- Installing: /root/ros_ws/src/Rescue_Car_ws/install/geometry_msgs/include/geometry_msgs/geometry_msgs/msg/detail/quaternion__struct.hpp
[48.525s] -- Installing: /root/ros_ws/src/Rescue_Car_ws/install/geometry_msgs/include/geometry_msgs/geometry_msgs/msg/detail/pose_with_covariance_stamped__traits.hpp
[48.526s] -- Installing: /root/ros_ws/src/Rescue_Car_ws/install/geometry_msgs/include/geometry_msgs/geometry_msgs/msg/detail/pose_with_covariance__struct.hpp
[48.526s] -- Installing: /root/ros_ws/src/Rescue_Car_ws/install/geometry_msgs/include/geometry_msgs/geometry_msgs/msg/detail/vector3_stamped__type_support.hpp
[48.526s] -- Installing: /root/ros_ws/src/Rescue_Car_ws/install/geometry_msgs/include/geometry_msgs/geometry_msgs/msg/detail/velocity_stamped__struct.hpp
[48.526s] -- Installing: /root/ros_ws/src/Rescue_Car_ws/install/geometry_msgs/include/geometry_msgs/geometry_msgs/msg/detail/polygon_instance__struct.hpp
[48.526s] -- Installing: /root/ros_ws/src/Rescue_Car_ws/install/geometry_msgs/include/geometry_msgs/geometry_msgs/msg/detail/inertia__traits.hpp
[48.526s] -- Installing: /root/ros_ws/src/Rescue_Car_ws/install/geometry_msgs/include/geometry_msgs/geometry_msgs/msg/detail/accel__struct.hpp
[48.526s] -- Installing: /root/ros_ws/src/Rescue_Car_ws/install/geometry_msgs/include/geometry_msgs/geometry_msgs/msg/detail/point__struct.hpp
[48.526s] -- Installing: /root/ros_ws/src/Rescue_Car_ws/install/geometry_msgs/include/geometry_msgs/geometry_msgs/msg/detail/pose2_d__struct.hpp
[48.527s] -- Installing: /root/ros_ws/src/Rescue_Car_ws/install/geometry_msgs/include/geometry_msgs/geometry_msgs/msg/detail/polygon_instance_stamped__builder.hpp
[48.527s] -- Installing: /root/ros_ws/src/Rescue_Car_ws/install/geometry_msgs/include/geometry_msgs/geometry_msgs/msg/detail/polygon__type_support.hpp
[48.527s] -- Installing: /root/ros_ws/src/Rescue_Car_ws/install/geometry_msgs/include/geometry_msgs/geometry_msgs/msg/detail/velocity_stamped__traits.hpp
[48.527s] -- Installing: /root/ros_ws/src/Rescue_Car_ws/install/geometry_msgs/include/geometry_msgs/geometry_msgs/msg/detail/wrench__traits.hpp
[48.527s] -- Installing: /root/ros_ws/src/Rescue_Car_ws/install/geometry_msgs/include/geometry_msgs/geometry_msgs/msg/detail/pose_array__struct.hpp
[48.527s] -- Installing: /root/ros_ws/src/Rescue_Car_ws/install/geometry_msgs/include/geometry_msgs/geometry_msgs/msg/detail/transform_stamped__struct.hpp
[48.527s] -- Installing: /root/ros_ws/src/Rescue_Car_ws/install/geometry_msgs/include/geometry_msgs/geometry_msgs/msg/detail/twist_with_covariance_stamped__struct.hpp
[48.527s] -- Installing: /root/ros_ws/src/Rescue_Car_ws/install/geometry_msgs/include/geometry_msgs/geometry_msgs/msg/detail/point_stamped__traits.hpp
[48.527s] -- Installing: /root/ros_ws/src/Rescue_Car_ws/install/geometry_msgs/include/geometry_msgs/geometry_msgs/msg/detail/inertia_stamped__struct.hpp
[48.527s] -- Installing: /root/ros_ws/src/Rescue_Car_ws/install/geometry_msgs/include/geometry_msgs/geometry_msgs/msg/detail/wrench_stamped__type_support.hpp
[48.527s] -- Installing: /root/ros_ws/src/Rescue_Car_ws/install/geometry_msgs/include/geometry_msgs/geometry_msgs/msg/detail/twist_with_covariance__builder.hpp
[48.528s] -- Installing: /root/ros_ws/src/Rescue_Car_ws/install/geometry_msgs/include/geometry_msgs/geometry_msgs/msg/detail/accel_with_covariance_stamped__traits.hpp
[48.528s] -- Installing: /root/ros_ws/src/Rescue_Car_ws/install/geometry_msgs/include/geometry_msgs/geometry_msgs/msg/detail/twist_with_covariance__traits.hpp
[48.528s] -- Installing: /root/ros_ws/src/Rescue_Car_ws/install/geometry_msgs/include/geometry_msgs/geometry_msgs/msg/detail/quaternion__traits.hpp
[48.528s] -- Installing: /root/ros_ws/src/Rescue_Car_ws/install/geometry_msgs/include/geometry_msgs/geometry_msgs/msg/detail/pose_stamped__struct.hpp
[48.528s] -- Installing: /root/ros_ws/src/Rescue_Car_ws/install/geometry_msgs/include/geometry_msgs/geometry_msgs/msg/detail/inertia__type_support.hpp
[48.528s] -- Installing: /root/ros_ws/src/Rescue_Car_ws/install/geometry_msgs/include/geometry_msgs/geometry_msgs/msg/detail/pose_with_covariance__type_support.hpp
[48.528s] -- Installing: /root/ros_ws/src/Rescue_Car_ws/install/geometry_msgs/include/geometry_msgs/geometry_msgs/msg/detail/transform_stamped__type_support.hpp
[48.528s] -- Installing: /root/ros_ws/src/Rescue_Car_ws/install/geometry_msgs/include/geometry_msgs/geometry_msgs/msg/detail/accel__builder.hpp
[48.528s] -- Installing: /root/ros_ws/src/Rescue_Car_ws/install/geometry_msgs/include/geometry_msgs/geometry_msgs/msg/detail/wrench__builder.hpp
[48.529s] -- Installing: /root/ros_ws/src/Rescue_Car_ws/install/geometry_msgs/include/geometry_msgs/geometry_msgs/msg/detail/point_stamped__builder.hpp
[48.529s] -- Installing: /root/ros_ws/src/Rescue_Car_ws/install/geometry_msgs/include/geometry_msgs/geometry_msgs/msg/detail/vector3__traits.hpp
[48.529s] -- Installing: /root/ros_ws/src/Rescue_Car_ws/install/geometry_msgs/include/geometry_msgs/geometry_msgs/msg/detail/wrench_stamped__traits.hpp
[48.529s] -- Installing: /root/ros_ws/src/Rescue_Car_ws/install/geometry_msgs/include/geometry_msgs/geometry_msgs/msg/detail/transform__type_support.hpp
[48.529s] -- Installing: /root/ros_ws/src/Rescue_Car_ws/install/geometry_msgs/include/geometry_msgs/geometry_msgs/msg/detail/pose_with_covariance_stamped__struct.hpp
[48.529s] -- Installing: /root/ros_ws/src/Rescue_Car_ws/install/geometry_msgs/include/geometry_msgs/geometry_msgs/msg/detail/pose_array__type_support.hpp
[48.529s] -- Installing: /root/ros_ws/src/Rescue_Car_ws/install/geometry_msgs/include/geometry_msgs/geometry_msgs/msg/detail/twist_stamped__struct.hpp
[48.529s] -- Installing: /root/ros_ws/src/Rescue_Car_ws/install/geometry_msgs/include/geometry_msgs/geometry_msgs/msg/detail/pose_with_covariance__builder.hpp
[48.529s] -- Installing: /root/ros_ws/src/Rescue_Car_ws/install/geometry_msgs/include/geometry_msgs/geometry_msgs/msg/detail/accel_with_covariance__struct.hpp
[48.529s] -- Installing: /root/ros_ws/src/Rescue_Car_ws/install/geometry_msgs/include/geometry_msgs/geometry_msgs/msg/detail/quaternion_stamped__struct.hpp
[48.529s] -- Installing: /root/ros_ws/src/Rescue_Car_ws/install/geometry_msgs/include/geometry_msgs/geometry_msgs/msg/detail/accel__traits.hpp
[48.529s] -- Installing: /root/ros_ws/src/Rescue_Car_ws/install/geometry_msgs/include/geometry_msgs/geometry_msgs/msg/detail/polygon__builder.hpp
[48.529s] -- Installing: /root/ros_ws/src/Rescue_Car_ws/install/geometry_msgs/include/geometry_msgs/geometry_msgs/msg/detail/point_stamped__type_support.hpp
[48.529s] -- Installing: /root/ros_ws/src/Rescue_Car_ws/install/geometry_msgs/include/geometry_msgs/geometry_msgs/msg/detail/twist__builder.hpp
[48.529s] -- Installing: /root/ros_ws/src/Rescue_Car_ws/install/geometry_msgs/include/geometry_msgs/geometry_msgs/msg/detail/polygon__traits.hpp
[48.529s] -- Installing: /root/ros_ws/src/Rescue_Car_ws/install/geometry_msgs/include/geometry_msgs/geometry_msgs/msg/detail/pose__builder.hpp
[48.529s] -- Installing: /root/ros_ws/src/Rescue_Car_ws/install/geometry_msgs/include/geometry_msgs/geometry_msgs/msg/detail/polygon__struct.hpp
[48.530s] -- Installing: /root/ros_ws/src/Rescue_Car_ws/install/geometry_msgs/include/geometry_msgs/geometry_msgs/msg/detail/accel_stamped__struct.hpp
[48.530s] -- Installing: /root/ros_ws/src/Rescue_Car_ws/install/geometry_msgs/include/geometry_msgs/geometry_msgs/msg/detail/polygon_instance__traits.hpp
[48.530s] -- Installing: /root/ros_ws/src/Rescue_Car_ws/install/geometry_msgs/include/geometry_msgs/geometry_msgs/msg/detail/polygon_instance_stamped__type_support.hpp
[48.530s] -- Installing: /root/ros_ws/src/Rescue_Car_ws/install/geometry_msgs/include/geometry_msgs/geometry_msgs/msg/detail/transform_stamped__traits.hpp
[48.530s] -- Installing: /root/ros_ws/src/Rescue_Car_ws/install/geometry_msgs/include/geometry_msgs/geometry_msgs/msg/detail/transform__struct.hpp
[48.530s] -- Installing: /root/ros_ws/src/Rescue_Car_ws/install/geometry_msgs/include/geometry_msgs/geometry_msgs/msg/detail/inertia_stamped__builder.hpp
[48.530s] -- Installing: /root/ros_ws/src/Rescue_Car_ws/install/geometry_msgs/include/geometry_msgs/geometry_msgs/msg/detail/velocity_stamped__type_support.hpp
[48.530s] -- Installing: /root/ros_ws/src/Rescue_Car_ws/install/geometry_msgs/include/geometry_msgs/geometry_msgs/msg/detail/pose2_d__type_support.hpp
[48.530s] -- Installing: /root/ros_ws/src/Rescue_Car_ws/install/geometry_msgs/include/geometry_msgs/geometry_msgs/msg/detail/pose_stamped__traits.hpp
[48.530s] -- Installing: /root/ros_ws/src/Rescue_Car_ws/install/geometry_msgs/include/geometry_msgs/geometry_msgs/msg/detail/pose_with_covariance_stamped__type_support.hpp
[48.530s] -- Installing: /root/ros_ws/src/Rescue_Car_ws/install/geometry_msgs/include/geometry_msgs/geometry_msgs/msg/detail/velocity_stamped__builder.hpp
[48.530s] -- Installing: /root/ros_ws/src/Rescue_Car_ws/install/geometry_msgs/include/geometry_msgs/geometry_msgs/msg/detail/point32__struct.hpp
[48.530s] -- Installing: /root/ros_ws/src/Rescue_Car_ws/install/geometry_msgs/include/geometry_msgs/geometry_msgs/msg/detail/inertia_stamped__traits.hpp
[48.530s] -- Installing: /root/ros_ws/src/Rescue_Car_ws/install/geometry_msgs/include/geometry_msgs/geometry_msgs/msg/detail/pose_with_covariance_stamped__builder.hpp
[48.530s] -- Installing: /root/ros_ws/src/Rescue_Car_ws/install/geometry_msgs/include/geometry_msgs/geometry_msgs/msg/detail/twist_stamped__traits.hpp
[48.530s] -- Installing: /root/ros_ws/src/Rescue_Car_ws/install/geometry_msgs/include/geometry_msgs/geometry_msgs/msg/detail/transform__builder.hpp
[48.530s] -- Installing: /root/ros_ws/src/Rescue_Car_ws/install/geometry_msgs/include/geometry_msgs/geometry_msgs/msg/detail/twist_stamped__builder.hpp
[48.530s] -- Installing: /root/ros_ws/src/Rescue_Car_ws/install/geometry_msgs/include/geometry_msgs/geometry_msgs/msg/detail/polygon_instance_stamped__struct.hpp
[48.531s] -- Installing: /root/ros_ws/src/Rescue_Car_ws/install/geometry_msgs/include/geometry_msgs/geometry_msgs/msg/detail/point__traits.hpp
[48.531s] -- Installing: /root/ros_ws/src/Rescue_Car_ws/install/geometry_msgs/include/geometry_msgs/geometry_msgs/msg/detail/transform_stamped__builder.hpp
[48.531s] -- Installing: /root/ros_ws/src/Rescue_Car_ws/install/geometry_msgs/include/geometry_msgs/geometry_msgs/msg/detail/point32__type_support.hpp
[48.531s] -- Installing: /root/ros_ws/src/Rescue_Car_ws/install/geometry_msgs/include/geometry_msgs/geometry_msgs/msg/detail/accel_with_covariance_stamped__struct.hpp
[48.531s] -- Installing: /root/ros_ws/src/Rescue_Car_ws/install/geometry_msgs/include/geometry_msgs/geometry_msgs/msg/detail/point32__traits.hpp
[48.531s] -- Installing: /root/ros_ws/src/Rescue_Car_ws/install/geometry_msgs/include/geometry_msgs/geometry_msgs/msg/detail/vector3_stamped__builder.hpp
[48.532s] -- Installing: /root/ros_ws/src/Rescue_Car_ws/install/geometry_msgs/include/geometry_msgs/geometry_msgs/msg/detail/quaternion__type_support.hpp
[48.532s] -- Installing: /root/ros_ws/src/Rescue_Car_ws/install/geometry_msgs/include/geometry_msgs/geometry_msgs/msg/detail/accel_with_covariance_stamped__type_support.hpp
[48.532s] -- Installing: /root/ros_ws/src/Rescue_Car_ws/install/geometry_msgs/include/geometry_msgs/geometry_msgs/msg/detail/twist_with_covariance_stamped__traits.hpp
[48.532s] -- Installing: /root/ros_ws/src/Rescue_Car_ws/install/geometry_msgs/include/geometry_msgs/geometry_msgs/msg/detail/polygon_stamped__traits.hpp
[48.532s] -- Installing: /root/ros_ws/src/Rescue_Car_ws/install/geometry_msgs/include/geometry_msgs/geometry_msgs/msg/detail/pose2_d__builder.hpp
[48.533s] -- Installing: /root/ros_ws/src/Rescue_Car_ws/install/geometry_msgs/include/geometry_msgs/geometry_msgs/msg/detail/vector3_stamped__traits.hpp
[48.533s] -- Installing: /root/ros_ws/src/Rescue_Car_ws/install/geometry_msgs/include/geometry_msgs/geometry_msgs/msg/detail/pose_array__builder.hpp
[48.533s] -- Installing: /root/ros_ws/src/Rescue_Car_ws/install/geometry_msgs/include/geometry_msgs/geometry_msgs/msg/detail/accel_with_covariance__builder.hpp
[48.533s] -- Installing: /root/ros_ws/src/Rescue_Car_ws/install/geometry_msgs/include/geometry_msgs/geometry_msgs/msg/detail/polygon_stamped__struct.hpp
[48.534s] -- Installing: /root/ros_ws/src/Rescue_Car_ws/install/geometry_msgs/include/geometry_msgs/geometry_msgs/msg/detail/pose_stamped__builder.hpp
[48.534s] -- Installing: /root/ros_ws/src/Rescue_Car_ws/install/geometry_msgs/include/geometry_msgs/geometry_msgs/msg/detail/accel_with_covariance__traits.hpp
[48.534s] -- Installing: /root/ros_ws/src/Rescue_Car_ws/install/geometry_msgs/include/geometry_msgs/geometry_msgs/msg/detail/vector3__type_support.hpp
[48.534s] -- Installing: /root/ros_ws/src/Rescue_Car_ws/install/geometry_msgs/include/geometry_msgs/geometry_msgs/msg/detail/polygon_stamped__builder.hpp
[48.535s] -- Installing: /root/ros_ws/src/Rescue_Car_ws/install/geometry_msgs/include/geometry_msgs/geometry_msgs/msg/detail/inertia__struct.hpp
[48.535s] -- Installing: /root/ros_ws/src/Rescue_Car_ws/install/geometry_msgs/include/geometry_msgs/geometry_msgs/msg/detail/point__builder.hpp
[48.535s] -- Installing: /root/ros_ws/src/Rescue_Car_ws/install/geometry_msgs/include/geometry_msgs/geometry_msgs/msg/detail/wrench_stamped__builder.hpp
[48.535s] -- Installing: /root/ros_ws/src/Rescue_Car_ws/install/geometry_msgs/include/geometry_msgs/geometry_msgs/msg/detail/accel_stamped__builder.hpp
[48.535s] -- Installing: /root/ros_ws/src/Rescue_Car_ws/install/geometry_msgs/include/geometry_msgs/geometry_msgs/msg/detail/inertia_stamped__type_support.hpp
[48.536s] -- Installing: /root/ros_ws/src/Rescue_Car_ws/install/geometry_msgs/include/geometry_msgs/geometry_msgs/msg/detail/twist_with_covariance__type_support.hpp
[48.536s] -- Installing: /root/ros_ws/src/Rescue_Car_ws/install/geometry_msgs/include/geometry_msgs/geometry_msgs/msg/detail/transform__traits.hpp
[48.536s] -- Installing: /root/ros_ws/src/Rescue_Car_ws/install/geometry_msgs/include/geometry_msgs/geometry_msgs/msg/detail/pose__traits.hpp
[48.536s] -- Installing: /root/ros_ws/src/Rescue_Car_ws/install/geometry_msgs/include/geometry_msgs/geometry_msgs/msg/detail/pose__struct.hpp
[48.536s] -- Installing: /root/ros_ws/src/Rescue_Car_ws/install/geometry_msgs/include/geometry_msgs/geometry_msgs/msg/detail/polygon_instance_stamped__traits.hpp
[48.536s] -- Installing: /root/ros_ws/src/Rescue_Car_ws/install/geometry_msgs/include/geometry_msgs/geometry_msgs/msg/detail/twist__struct.hpp
[48.536s] -- Installing: /root/ros_ws/src/Rescue_Car_ws/install/geometry_msgs/include/geometry_msgs/geometry_msgs/msg/detail/vector3__struct.hpp
[48.537s] -- Installing: /root/ros_ws/src/Rescue_Car_ws/install/geometry_msgs/include/geometry_msgs/geometry_msgs/msg/point32.hpp
[48.537s] -- Installing: /root/ros_ws/src/Rescue_Car_ws/install/geometry_msgs/include/geometry_msgs/geometry_msgs/msg/twist_with_covariance_stamped.hpp
[48.537s] -- Installing: /root/ros_ws/src/Rescue_Car_ws/install/geometry_msgs/include/geometry_msgs/geometry_msgs/msg/quaternion.hpp
[48.537s] -- Installing: /root/ros_ws/src/Rescue_Car_ws/install/geometry_msgs/include/geometry_msgs/geometry_msgs/msg/vector3.hpp
[48.537s] -- Installing: /root/ros_ws/src/Rescue_Car_ws/install/geometry_msgs/include/geometry_msgs/geometry_msgs/msg/point_stamped.hpp
[48.537s] -- Installing: /root/ros_ws/src/Rescue_Car_ws/install/geometry_msgs/include/geometry_msgs/geometry_msgs/msg/accel_stamped.hpp
[48.537s] -- Installing: /root/ros_ws/src/Rescue_Car_ws/install/geometry_msgs/include/geometry_msgs/geometry_msgs/msg/wrench.hpp
[48.537s] -- Installing: /root/ros_ws/src/Rescue_Car_ws/install/geometry_msgs/include/geometry_msgs/geometry_msgs/msg/polygon_stamped.hpp
[48.537s] -- Installing: /root/ros_ws/src/Rescue_Car_ws/install/geometry_msgs/include/geometry_msgs/geometry_msgs/msg/pose_stamped.hpp
[48.537s] -- Installing: /root/ros_ws/src/Rescue_Car_ws/install/geometry_msgs/include/geometry_msgs/geometry_msgs/msg/wrench_stamped.hpp
[48.537s] -- Installing: /root/ros_ws/src/Rescue_Car_ws/install/geometry_msgs/include/geometry_msgs/geometry_msgs/msg/transform.hpp
[48.537s] -- Installing: /root/ros_ws/src/Rescue_Car_ws/install/geometry_msgs/include/geometry_msgs/geometry_msgs/msg/pose_with_covariance.hpp
[48.538s] -- Installing: /root/ros_ws/src/Rescue_Car_ws/install/geometry_msgs/include/geometry_msgs/geometry_msgs/msg/pose_with_covariance_stamped.hpp
[48.538s] -- Installing: /root/ros_ws/src/Rescue_Car_ws/install/geometry_msgs/include/geometry_msgs/geometry_msgs/msg/point.hpp
[48.538s] -- Installing: /root/ros_ws/src/Rescue_Car_ws/install/geometry_msgs/include/geometry_msgs/geometry_msgs/msg/velocity_stamped.hpp
[48.538s] -- Installing: /root/ros_ws/src/Rescue_Car_ws/install/geometry_msgs/include/geometry_msgs/geometry_msgs/msg/accel_with_covariance.hpp
[48.538s] -- Installing: /root/ros_ws/src/Rescue_Car_ws/install/geometry_msgs/include/geometry_msgs/geometry_msgs/msg/polygon_instance.hpp
[48.538s] -- Installing: /root/ros_ws/src/Rescue_Car_ws/install/geometry_msgs/include/geometry_msgs/geometry_msgs/msg/pose_array.hpp
[48.538s] -- Installing: /root/ros_ws/src/Rescue_Car_ws/install/geometry_msgs/include/geometry_msgs/geometry_msgs/msg/accel_with_covariance_stamped.hpp
[48.538s] -- Installing: /root/ros_ws/src/Rescue_Car_ws/install/geometry_msgs/include/geometry_msgs/geometry_msgs/msg/inertia.hpp
[48.538s] -- Up-to-date: /root/ros_ws/src/Rescue_Car_ws/install/geometry_msgs/include/geometry_msgs/geometry_msgs
[48.538s] -- Up-to-date: /root/ros_ws/src/Rescue_Car_ws/install/geometry_msgs/include/geometry_msgs/geometry_msgs/msg
[48.538s] -- Installing: /root/ros_ws/src/Rescue_Car_ws/install/geometry_msgs/include/geometry_msgs/geometry_msgs/msg/rosidl_typesupport_fastrtps_cpp__visibility_control.h
[48.538s] -- Up-to-date: /root/ros_ws/src/Rescue_Car_ws/install/geometry_msgs/include/geometry_msgs/geometry_msgs/msg/detail
[48.538s] -- Installing: /root/ros_ws/src/Rescue_Car_ws/install/geometry_msgs/include/geometry_msgs/geometry_msgs/msg/detail/pose_array__rosidl_typesupport_fastrtps_cpp.hpp
[48.538s] -- Installing: /root/ros_ws/src/Rescue_Car_ws/install/geometry_msgs/include/geometry_msgs/geometry_msgs/msg/detail/polygon_stamped__rosidl_typesupport_fastrtps_cpp.hpp
[48.538s] -- Installing: /root/ros_ws/src/Rescue_Car_ws/install/geometry_msgs/include/geometry_msgs/geometry_msgs/msg/detail/pose_with_covariance__rosidl_typesupport_fastrtps_cpp.hpp
[48.538s] -- Installing: /root/ros_ws/src/Rescue_Car_ws/install/geometry_msgs/include/geometry_msgs/geometry_msgs/msg/detail/wrench__rosidl_typesupport_fastrtps_cpp.hpp
[48.538s] -- Installing: /root/ros_ws/src/Rescue_Car_ws/install/geometry_msgs/include/geometry_msgs/geometry_msgs/msg/detail/vector3__rosidl_typesupport_fastrtps_cpp.hpp
[48.538s] -- Installing: /root/ros_ws/src/Rescue_Car_ws/install/geometry_msgs/include/geometry_msgs/geometry_msgs/msg/detail/wrench_stamped__rosidl_typesupport_fastrtps_cpp.hpp
[48.538s] -- Installing: /root/ros_ws/src/Rescue_Car_ws/install/geometry_msgs/include/geometry_msgs/geometry_msgs/msg/detail/point32__rosidl_typesupport_fastrtps_cpp.hpp
[48.538s] -- Installing: /root/ros_ws/src/Rescue_Car_ws/install/geometry_msgs/include/geometry_msgs/geometry_msgs/msg/detail/accel__rosidl_typesupport_fastrtps_cpp.hpp
[48.538s] -- Installing: /root/ros_ws/src/Rescue_Car_ws/install/geometry_msgs/include/geometry_msgs/geometry_msgs/msg/detail/polygon_instance__rosidl_typesupport_fastrtps_cpp.hpp
[48.538s] -- Installing: /root/ros_ws/src/Rescue_Car_ws/install/geometry_msgs/include/geometry_msgs/geometry_msgs/msg/detail/transform_stamped__rosidl_typesupport_fastrtps_cpp.hpp
[48.538s] -- Installing: /root/ros_ws/src/Rescue_Car_ws/install/geometry_msgs/include/geometry_msgs/geometry_msgs/msg/detail/inertia__rosidl_typesupport_fastrtps_cpp.hpp
[48.538s] -- Installing: /root/ros_ws/src/Rescue_Car_ws/install/geometry_msgs/include/geometry_msgs/geometry_msgs/msg/detail/twist__rosidl_typesupport_fastrtps_cpp.hpp
[48.538s] -- Installing: /root/ros_ws/src/Rescue_Car_ws/install/geometry_msgs/include/geometry_msgs/geometry_msgs/msg/detail/vector3_stamped__rosidl_typesupport_fastrtps_cpp.hpp
[48.538s] -- Installing: /root/ros_ws/src/Rescue_Car_ws/install/geometry_msgs/include/geometry_msgs/geometry_msgs/msg/detail/dds_fastrtps
[48.538s] -- Installing: /root/ros_ws/src/Rescue_Car_ws/install/geometry_msgs/include/geometry_msgs/geometry_msgs/msg/detail/pose__rosidl_typesupport_fastrtps_cpp.hpp
[48.538s] -- Installing: /root/ros_ws/src/Rescue_Car_ws/install/geometry_msgs/include/geometry_msgs/geometry_msgs/msg/detail/twist_with_covariance__rosidl_typesupport_fastrtps_cpp.hpp
[48.539s] -- Installing: /root/ros_ws/src/Rescue_Car_ws/install/geometry_msgs/include/geometry_msgs/geometry_msgs/msg/detail/twist_with_covariance_stamped__rosidl_typesupport_fastrtps_cpp.hpp
[48.539s] -- Installing: /root/ros_ws/src/Rescue_Car_ws/install/geometry_msgs/include/geometry_msgs/geometry_msgs/msg/detail/accel_with_covariance__rosidl_typesupport_fastrtps_cpp.hpp
[48.539s] -- Installing: /root/ros_ws/src/Rescue_Car_ws/install/geometry_msgs/include/geometry_msgs/geometry_msgs/msg/detail/point__rosidl_typesupport_fastrtps_cpp.hpp
[48.539s] -- Installing: /root/ros_ws/src/Rescue_Car_ws/install/geometry_msgs/include/geometry_msgs/geometry_msgs/msg/detail/quaternion__rosidl_typesupport_fastrtps_cpp.hpp
[48.539s] -- Installing: /root/ros_ws/src/Rescue_Car_ws/install/geometry_msgs/include/geometry_msgs/geometry_msgs/msg/detail/quaternion_stamped__rosidl_typesupport_fastrtps_cpp.hpp
[48.539s] -- Installing: /root/ros_ws/src/Rescue_Car_ws/install/geometry_msgs/include/geometry_msgs/geometry_msgs/msg/detail/pose2_d__rosidl_typesupport_fastrtps_cpp.hpp
[48.539s] -- Installing: /root/ros_ws/src/Rescue_Car_ws/install/geometry_msgs/include/geometry_msgs/geometry_msgs/msg/detail/polygon_instance_stamped__rosidl_typesupport_fastrtps_cpp.hpp
[48.539s] -- Installing: /root/ros_ws/src/Rescue_Car_ws/install/geometry_msgs/include/geometry_msgs/geometry_msgs/msg/detail/pose_stamped__rosidl_typesupport_fastrtps_cpp.hpp
[48.539s] -- Installing: /root/ros_ws/src/Rescue_Car_ws/install/geometry_msgs/include/geometry_msgs/geometry_msgs/msg/detail/inertia_stamped__rosidl_typesupport_fastrtps_cpp.hpp
[48.539s] -- Installing: /root/ros_ws/src/Rescue_Car_ws/install/geometry_msgs/include/geometry_msgs/geometry_msgs/msg/detail/polygon__rosidl_typesupport_fastrtps_cpp.hpp
[48.539s] -- Installing: /root/ros_ws/src/Rescue_Car_ws/install/geometry_msgs/include/geometry_msgs/geometry_msgs/msg/detail/transform__rosidl_typesupport_fastrtps_cpp.hpp
[48.539s] -- Installing: /root/ros_ws/src/Rescue_Car_ws/install/geometry_msgs/include/geometry_msgs/geometry_msgs/msg/detail/accel_stamped__rosidl_typesupport_fastrtps_cpp.hpp
[48.539s] -- Installing: /root/ros_ws/src/Rescue_Car_ws/install/geometry_msgs/include/geometry_msgs/geometry_msgs/msg/detail/velocity_stamped__rosidl_typesupport_fastrtps_cpp.hpp
[48.540s] -- Installing: /root/ros_ws/src/Rescue_Car_ws/install/geometry_msgs/include/geometry_msgs/geometry_msgs/msg/detail/pose_with_covariance_stamped__rosidl_typesupport_fastrtps_cpp.hpp
[48.540s] -- Installing: /root/ros_ws/src/Rescue_Car_ws/install/geometry_msgs/include/geometry_msgs/geometry_msgs/msg/detail/point_stamped__rosidl_typesupport_fastrtps_cpp.hpp
[48.540s] -- Installing: /root/ros_ws/src/Rescue_Car_ws/install/geometry_msgs/include/geometry_msgs/geometry_msgs/msg/detail/accel_with_covariance_stamped__rosidl_typesupport_fastrtps_cpp.hpp
[48.540s] -- Installing: /root/ros_ws/src/Rescue_Car_ws/install/geometry_msgs/include/geometry_msgs/geometry_msgs/msg/detail/twist_stamped__rosidl_typesupport_fastrtps_cpp.hpp
[48.540s] -- Installing: /root/ros_ws/src/Rescue_Car_ws/install/geometry_msgs/lib/libgeometry_msgs__rosidl_typesupport_fastrtps_cpp.so
[48.540s] -- Set runtime path of "/root/ros_ws/src/Rescue_Car_ws/install/geometry_msgs/lib/libgeometry_msgs__rosidl_typesupport_fastrtps_cpp.so" to ""
[48.540s] -- Up-to-date: /root/ros_ws/src/Rescue_Car_ws/install/geometry_msgs/include/geometry_msgs/geometry_msgs
[48.540s] -- Up-to-date: /root/ros_ws/src/Rescue_Car_ws/install/geometry_msgs/include/geometry_msgs/geometry_msgs/msg
[48.540s] -- Up-to-date: /root/ros_ws/src/Rescue_Car_ws/install/geometry_msgs/include/geometry_msgs/geometry_msgs/msg/detail
[48.540s] -- Installing: /root/ros_ws/src/Rescue_Car_ws/install/geometry_msgs/include/geometry_msgs/geometry_msgs/msg/detail/pose_with_covariance_stamped__rosidl_typesupport_introspection_cpp.hpp
[48.540s] -- Installing: /root/ros_ws/src/Rescue_Car_ws/install/geometry_msgs/include/geometry_msgs/geometry_msgs/msg/detail/pose2_d__type_support.cpp
[48.540s] -- Installing: /root/ros_ws/src/Rescue_Car_ws/install/geometry_msgs/include/geometry_msgs/geometry_msgs/msg/detail/velocity_stamped__rosidl_typesupport_introspection_cpp.hpp
[48.540s] -- Installing: /root/ros_ws/src/Rescue_Car_ws/install/geometry_msgs/include/geometry_msgs/geometry_msgs/msg/detail/twist_with_covariance__type_support.cpp
[48.540s] -- Installing: /root/ros_ws/src/Rescue_Car_ws/install/geometry_msgs/include/geometry_msgs/geometry_msgs/msg/detail/polygon_stamped__type_support.cpp
[48.540s] -- Installing: /root/ros_ws/src/Rescue_Car_ws/install/geometry_msgs/include/geometry_msgs/geometry_msgs/msg/detail/point_stamped__rosidl_typesupport_introspection_cpp.hpp
[48.540s] -- Installing: /root/ros_ws/src/Rescue_Car_ws/install/geometry_msgs/include/geometry_msgs/geometry_msgs/msg/detail/inertia__type_support.cpp
[48.541s] -- Installing: /root/ros_ws/src/Rescue_Car_ws/install/geometry_msgs/include/geometry_msgs/geometry_msgs/msg/detail/pose_stamped__rosidl_typesupport_introspection_cpp.hpp
[48.541s] -- Installing: /root/ros_ws/src/Rescue_Car_ws/install/geometry_msgs/include/geometry_msgs/geometry_msgs/msg/detail/pose_stamped__type_support.cpp
[48.541s] -- Installing: /root/ros_ws/src/Rescue_Car_ws/install/geometry_msgs/include/geometry_msgs/geometry_msgs/msg/detail/quaternion_stamped__type_support.cpp
[48.541s] -- Installing: /root/ros_ws/src/Rescue_Car_ws/install/geometry_msgs/include/geometry_msgs/geometry_msgs/msg/detail/quaternion_stamped__rosidl_typesupport_introspection_cpp.hpp
[48.541s] -- Installing: /root/ros_ws/src/Rescue_Car_ws/install/geometry_msgs/include/geometry_msgs/geometry_msgs/msg/detail/polygon_instance_stamped__type_support.cpp
[48.541s] -- Installing: /root/ros_ws/src/Rescue_Car_ws/install/geometry_msgs/include/geometry_msgs/geometry_msgs/msg/detail/polygon_instance__type_support.cpp
[48.541s] -- Installing: /root/ros_ws/src/Rescue_Car_ws/install/geometry_msgs/include/geometry_msgs/geometry_msgs/msg/detail/accel__rosidl_typesupport_introspection_cpp.hpp
[48.541s] -- Installing: /root/ros_ws/src/Rescue_Car_ws/install/geometry_msgs/include/geometry_msgs/geometry_msgs/msg/detail/vector3__type_support.cpp
[48.541s] -- Installing: /root/ros_ws/src/Rescue_Car_ws/install/geometry_msgs/include/geometry_msgs/geometry_msgs/msg/detail/twist_stamped__rosidl_typesupport_introspection_cpp.hpp
[48.541s] -- Installing: /root/ros_ws/src/Rescue_Car_ws/install/geometry_msgs/include/geometry_msgs/geometry_msgs/msg/detail/transform__rosidl_typesupport_introspection_cpp.hpp
[48.541s] -- Installing: /root/ros_ws/src/Rescue_Car_ws/install/geometry_msgs/include/geometry_msgs/geometry_msgs/msg/detail/point__type_support.cpp
[48.541s] -- Installing: /root/ros_ws/src/Rescue_Car_ws/install/geometry_msgs/include/geometry_msgs/geometry_msgs/msg/detail/vector3_stamped__rosidl_typesupport_introspection_cpp.hpp
[48.541s] -- Installing: /root/ros_ws/src/Rescue_Car_ws/install/geometry_msgs/include/geometry_msgs/geometry_msgs/msg/detail/inertia_stamped__rosidl_typesupport_introspection_cpp.hpp
[48.541s] -- Installing: /root/ros_ws/src/Rescue_Car_ws/install/geometry_msgs/include/geometry_msgs/geometry_msgs/msg/detail/inertia__rosidl_typesupport_introspection_cpp.hpp
[48.541s] -- Installing: /root/ros_ws/src/Rescue_Car_ws/install/geometry_msgs/include/geometry_msgs/geometry_msgs/msg/detail/point__rosidl_typesupport_introspection_cpp.hpp
[48.541s] -- Installing: /root/ros_ws/src/Rescue_Car_ws/install/geometry_msgs/include/geometry_msgs/geometry_msgs/msg/detail/pose__type_support.cpp
[48.541s] -- Installing: /root/ros_ws/src/Rescue_Car_ws/install/geometry_msgs/include/geometry_msgs/geometry_msgs/msg/detail/accel__type_support.cpp
[48.542s] -- Installing: /root/ros_ws/src/Rescue_Car_ws/install/geometry_msgs/include/geometry_msgs/geometry_msgs/msg/detail/vector3__rosidl_typesupport_introspection_cpp.hpp
[48.542s] -- Installing: /root/ros_ws/src/Rescue_Car_ws/install/geometry_msgs/include/geometry_msgs/geometry_msgs/msg/detail/wrench_stamped__type_support.cpp
[48.542s] -- Installing: /root/ros_ws/src/Rescue_Car_ws/install/geometry_msgs/include/geometry_msgs/geometry_msgs/msg/detail/transform_stamped__type_support.cpp
[48.542s] -- Installing: /root/ros_ws/src/Rescue_Car_ws/install/geometry_msgs/include/geometry_msgs/geometry_msgs/msg/detail/transform__type_support.cpp
[48.542s] -- Installing: /root/ros_ws/src/Rescue_Car_ws/install/geometry_msgs/include/geometry_msgs/geometry_msgs/msg/detail/wrench__rosidl_typesupport_introspection_cpp.hpp
[48.542s] -- Installing: /root/ros_ws/src/Rescue_Car_ws/install/geometry_msgs/include/geometry_msgs/geometry_msgs/msg/detail/twist_with_covariance_stamped__rosidl_typesupport_introspection_cpp.hpp
[48.542s] -- Installing: /root/ros_ws/src/Rescue_Car_ws/install/geometry_msgs/include/geometry_msgs/geometry_msgs/msg/detail/pose_with_covariance_stamped__type_support.cpp
[48.542s] -- Installing: /root/ros_ws/src/Rescue_Car_ws/install/geometry_msgs/include/geometry_msgs/geometry_msgs/msg/detail/transform_stamped__rosidl_typesupport_introspection_cpp.hpp
[48.542s] -- Installing: /root/ros_ws/src/Rescue_Car_ws/install/geometry_msgs/include/geometry_msgs/geometry_msgs/msg/detail/pose_with_covariance__rosidl_typesupport_introspection_cpp.hpp
[48.542s] -- Installing: /root/ros_ws/src/Rescue_Car_ws/install/geometry_msgs/include/geometry_msgs/geometry_msgs/msg/detail/wrench__type_support.cpp
[48.542s] -- Installing: /root/ros_ws/src/Rescue_Car_ws/install/geometry_msgs/include/geometry_msgs/geometry_msgs/msg/detail/vector3_stamped__type_support.cpp
[48.542s] -- Installing: /root/ros_ws/src/Rescue_Car_ws/install/geometry_msgs/include/geometry_msgs/geometry_msgs/msg/detail/pose2_d__rosidl_typesupport_introspection_cpp.hpp
[48.542s] -- Installing: /root/ros_ws/src/Rescue_Car_ws/install/geometry_msgs/include/geometry_msgs/geometry_msgs/msg/detail/accel_with_covariance__type_support.cpp
[48.542s] -- Installing: /root/ros_ws/src/Rescue_Car_ws/install/geometry_msgs/include/geometry_msgs/geometry_msgs/msg/detail/accel_with_covariance__rosidl_typesupport_introspection_cpp.hpp
[48.542s] -- Installing: /root/ros_ws/src/Rescue_Car_ws/install/geometry_msgs/include/geometry_msgs/geometry_msgs/msg/detail/accel_with_covariance_stamped__rosidl_typesupport_introspection_cpp.hpp
[48.542s] -- Installing: /root/ros_ws/src/Rescue_Car_ws/install/geometry_msgs/include/geometry_msgs/geometry_msgs/msg/detail/pose_array__rosidl_typesupport_introspection_cpp.hpp
[48.543s] -- Installing: /root/ros_ws/src/Rescue_Car_ws/install/geometry_msgs/include/geometry_msgs/geometry_msgs/msg/detail/accel_stamped__type_support.cpp
[48.543s] -- Installing: /root/ros_ws/src/Rescue_Car_ws/install/geometry_msgs/include/geometry_msgs/geometry_msgs/msg/detail/velocity_stamped__type_support.cpp
[48.543s] -- Installing: /root/ros_ws/src/Rescue_Car_ws/install/geometry_msgs/include/geometry_msgs/geometry_msgs/msg/detail/accel_with_covariance_stamped__type_support.cpp
[48.543s] -- Installing: /root/ros_ws/src/Rescue_Car_ws/install/geometry_msgs/include/geometry_msgs/geometry_msgs/msg/detail/quaternion__rosidl_typesupport_introspection_cpp.hpp
[48.543s] -- Installing: /root/ros_ws/src/Rescue_Car_ws/install/geometry_msgs/include/geometry_msgs/geometry_msgs/msg/detail/polygon_instance_stamped__rosidl_typesupport_introspection_cpp.hpp
[48.543s] -- Installing: /root/ros_ws/src/Rescue_Car_ws/install/geometry_msgs/include/geometry_msgs/geometry_msgs/msg/detail/polygon_stamped__rosidl_typesupport_introspection_cpp.hpp
[48.543s] -- Installing: /root/ros_ws/src/Rescue_Car_ws/install/geometry_msgs/include/geometry_msgs/geometry_msgs/msg/detail/accel_stamped__rosidl_typesupport_introspection_cpp.hpp
[48.543s] -- Installing: /root/ros_ws/src/Rescue_Car_ws/install/geometry_msgs/include/geometry_msgs/geometry_msgs/msg/detail/twist__type_support.cpp
[48.543s] -- Installing: /root/ros_ws/src/Rescue_Car_ws/install/geometry_msgs/include/geometry_msgs/geometry_msgs/msg/detail/twist_with_covariance__rosidl_typesupport_introspection_cpp.hpp
[48.543s] -- Installing: /root/ros_ws/src/Rescue_Car_ws/install/geometry_msgs/include/geometry_msgs/geometry_msgs/msg/detail/twist_stamped__type_support.cpp
[48.543s] -- Installing: /root/ros_ws/src/Rescue_Car_ws/install/geometry_msgs/include/geometry_msgs/geometry_msgs/msg/detail/inertia_stamped__type_support.cpp
[48.543s] -- Installing: /root/ros_ws/src/Rescue_Car_ws/install/geometry_msgs/include/geometry_msgs/geometry_msgs/msg/detail/point32__rosidl_typesupport_introspection_cpp.hpp
[48.543s] -- Installing: /root/ros_ws/src/Rescue_Car_ws/install/geometry_msgs/include/geometry_msgs/geometry_msgs/msg/detail/wrench_stamped__rosidl_typesupport_introspection_cpp.hpp
[48.543s] -- Installing: /root/ros_ws/src/Rescue_Car_ws/install/geometry_msgs/include/geometry_msgs/geometry_msgs/msg/detail/point_stamped__type_support.cpp
[48.543s] -- Installing: /root/ros_ws/src/Rescue_Car_ws/install/geometry_msgs/include/geometry_msgs/geometry_msgs/msg/detail/point32__type_support.cpp
[48.543s] -- Installing: /root/ros_ws/src/Rescue_Car_ws/install/geometry_msgs/include/geometry_msgs/geometry_msgs/msg/detail/pose_array__type_support.cpp
[48.543s] -- Installing: /root/ros_ws/src/Rescue_Car_ws/install/geometry_msgs/include/geometry_msgs/geometry_msgs/msg/detail/pose_with_covariance__type_support.cpp
[48.543s] -- Installing: /root/ros_ws/src/Rescue_Car_ws/install/geometry_msgs/include/geometry_msgs/geometry_msgs/msg/detail/polygon__rosidl_typesupport_introspection_cpp.hpp
[48.543s] -- Installing: /root/ros_ws/src/Rescue_Car_ws/install/geometry_msgs/include/geometry_msgs/geometry_msgs/msg/detail/quaternion__type_support.cpp
[48.543s] -- Installing: /root/ros_ws/src/Rescue_Car_ws/install/geometry_msgs/include/geometry_msgs/geometry_msgs/msg/detail/twist_with_covariance_stamped__type_support.cpp
[48.544s] -- Installing: /root/ros_ws/src/Rescue_Car_ws/install/geometry_msgs/include/geometry_msgs/geometry_msgs/msg/detail/polygon_instance__rosidl_typesupport_introspection_cpp.hpp
[48.544s] -- Installing: /root/ros_ws/src/Rescue_Car_ws/install/geometry_msgs/include/geometry_msgs/geometry_msgs/msg/detail/pose__rosidl_typesupport_introspection_cpp.hpp
[48.544s] -- Installing: /root/ros_ws/src/Rescue_Car_ws/install/geometry_msgs/include/geometry_msgs/geometry_msgs/msg/detail/twist__rosidl_typesupport_introspection_cpp.hpp
[48.544s] -- Installing: /root/ros_ws/src/Rescue_Car_ws/install/geometry_msgs/include/geometry_msgs/geometry_msgs/msg/detail/polygon__type_support.cpp
[48.544s] -- Installing: /root/ros_ws/src/Rescue_Car_ws/install/geometry_msgs/lib/libgeometry_msgs__rosidl_typesupport_introspection_cpp.so
[48.544s] -- Set runtime path of "/root/ros_ws/src/Rescue_Car_ws/install/geometry_msgs/lib/libgeometry_msgs__rosidl_typesupport_introspection_cpp.so" to ""
[48.544s] -- Installing: /root/ros_ws/src/Rescue_Car_ws/install/geometry_msgs/lib/libgeometry_msgs__rosidl_typesupport_cpp.so
[48.544s] -- Set runtime path of "/root/ros_ws/src/Rescue_Car_ws/install/geometry_msgs/lib/libgeometry_msgs__rosidl_typesupport_cpp.so" to ""
[48.544s] -- Installing: /root/ros_ws/src/Rescue_Car_ws/install/geometry_msgs/share/geometry_msgs/environment/pythonpath.sh
[48.544s] -- Installing: /root/ros_ws/src/Rescue_Car_ws/install/geometry_msgs/share/geometry_msgs/environment/pythonpath.dsv
[48.544s] -- Installing: /root/ros_ws/src/Rescue_Car_ws/install/geometry_msgs/local/lib/python3.10/dist-packages/geometry_msgs-4.9.0-py3.10.egg-info
[48.544s] -- Installing: /root/ros_ws/src/Rescue_Car_ws/install/geometry_msgs/local/lib/python3.10/dist-packages/geometry_msgs-4.9.0-py3.10.egg-info/dependency_links.txt
[48.544s] -- Installing: /root/ros_ws/src/Rescue_Car_ws/install/geometry_msgs/local/lib/python3.10/dist-packages/geometry_msgs-4.9.0-py3.10.egg-info/SOURCES.txt
[48.544s] -- Installing: /root/ros_ws/src/Rescue_Car_ws/install/geometry_msgs/local/lib/python3.10/dist-packages/geometry_msgs-4.9.0-py3.10.egg-info/PKG-INFO
[48.544s] -- Installing: /root/ros_ws/src/Rescue_Car_ws/install/geometry_msgs/local/lib/python3.10/dist-packages/geometry_msgs-4.9.0-py3.10.egg-info/top_level.txt
[48.544s] -- Installing: /root/ros_ws/src/Rescue_Car_ws/install/geometry_msgs/local/lib/python3.10/dist-packages/geometry_msgs
[48.544s] -- Installing: /root/ros_ws/src/Rescue_Car_ws/install/geometry_msgs/local/lib/python3.10/dist-packages/geometry_msgs/libgeometry_msgs__rosidl_generator_py.so
[48.544s] -- Installing: /root/ros_ws/src/Rescue_Car_ws/install/geometry_msgs/local/lib/python3.10/dist-packages/geometry_msgs/geometry_msgs_s__rosidl_typesupport_introspection_c.cpython-310-x86_64-linux-gnu.so
[48.544s] -- Installing: /root/ros_ws/src/Rescue_Car_ws/install/geometry_msgs/local/lib/python3.10/dist-packages/geometry_msgs/geometry_msgs_s__rosidl_typesupport_fastrtps_c.cpython-310-x86_64-linux-gnu.so
[48.544s] -- Installing: /root/ros_ws/src/Rescue_Car_ws/install/geometry_msgs/local/lib/python3.10/dist-packages/geometry_msgs/_geometry_msgs_s.ep.rosidl_typesupport_fastrtps_c.c
[48.544s] -- Installing: /root/ros_ws/src/Rescue_Car_ws/install/geometry_msgs/local/lib/python3.10/dist-packages/geometry_msgs/_geometry_msgs_s.ep.rosidl_typesupport_introspection_c.c
[48.544s] -- Installing: /root/ros_ws/src/Rescue_Car_ws/install/geometry_msgs/local/lib/python3.10/dist-packages/geometry_msgs/_geometry_msgs_s.ep.rosidl_typesupport_c.c
[48.544s] -- Installing: /root/ros_ws/src/Rescue_Car_ws/install/geometry_msgs/local/lib/python3.10/dist-packages/geometry_msgs/__init__.py
[48.544s] -- Installing: /root/ros_ws/src/Rescue_Car_ws/install/geometry_msgs/local/lib/python3.10/dist-packages/geometry_msgs/geometry_msgs_s__rosidl_typesupport_c.cpython-310-x86_64-linux-gnu.so
[48.544s] -- Installing: /root/ros_ws/src/Rescue_Car_ws/install/geometry_msgs/local/lib/python3.10/dist-packages/geometry_msgs/msg
[48.544s] -- Installing: /root/ros_ws/src/Rescue_Car_ws/install/geometry_msgs/local/lib/python3.10/dist-packages/geometry_msgs/msg/_pose_with_covariance_s.c
[48.544s] -- Installing: /root/ros_ws/src/Rescue_Car_ws/install/geometry_msgs/local/lib/python3.10/dist-packages/geometry_msgs/msg/_accel_s.c
[48.544s] -- Installing: /root/ros_ws/src/Rescue_Car_ws/install/geometry_msgs/local/lib/python3.10/dist-packages/geometry_msgs/msg/_pose2_d.py
[48.544s] -- Installing: /root/ros_ws/src/Rescue_Car_ws/install/geometry_msgs/local/lib/python3.10/dist-packages/geometry_msgs/msg/_polygon_stamped_s.c
[48.544s] -- Installing: /root/ros_ws/src/Rescue_Car_ws/install/geometry_msgs/local/lib/python3.10/dist-packages/geometry_msgs/msg/_point32.py
[48.544s] -- Installing: /root/ros_ws/src/Rescue_Car_ws/install/geometry_msgs/local/lib/python3.10/dist-packages/geometry_msgs/msg/_pose_stamped_s.c
[48.544s] -- Installing: /root/ros_ws/src/Rescue_Car_ws/install/geometry_msgs/local/lib/python3.10/dist-packages/geometry_msgs/msg/_pose_stamped.py
[48.544s] -- Installing: /root/ros_ws/src/Rescue_Car_ws/install/geometry_msgs/local/lib/python3.10/dist-packages/geometry_msgs/msg/_polygon_instance_s.c
[48.544s] -- Installing: /root/ros_ws/src/Rescue_Car_ws/install/geometry_msgs/local/lib/python3.10/dist-packages/geometry_msgs/msg/_wrench_stamped.py
[48.544s] -- Installing: /root/ros_ws/src/Rescue_Car_ws/install/geometry_msgs/local/lib/python3.10/dist-packages/geometry_msgs/msg/_wrench_stamped_s.c
[48.544s] -- Installing: /root/ros_ws/src/Rescue_Car_ws/install/geometry_msgs/local/lib/python3.10/dist-packages/geometry_msgs/msg/_transform_stamped.py
[48.544s] -- Installing: /root/ros_ws/src/Rescue_Car_ws/install/geometry_msgs/local/lib/python3.10/dist-packages/geometry_msgs/msg/_polygon_instance_stamped.py
[48.544s] -- Installing: /root/ros_ws/src/Rescue_Car_ws/install/geometry_msgs/local/lib/python3.10/dist-packages/geometry_msgs/msg/_velocity_stamped.py
[48.545s] -- Installing: /root/ros_ws/src/Rescue_Car_ws/install/geometry_msgs/local/lib/python3.10/dist-packages/geometry_msgs/msg/_quaternion_stamped.py
[48.545s] -- Installing: /root/ros_ws/src/Rescue_Car_ws/install/geometry_msgs/local/lib/python3.10/dist-packages/geometry_msgs/msg/_polygon_instance.py
[48.545s] -- Installing: /root/ros_ws/src/Rescue_Car_ws/install/geometry_msgs/local/lib/python3.10/dist-packages/geometry_msgs/msg/_wrench.py
[48.545s] -- Installing: /root/ros_ws/src/Rescue_Car_ws/install/geometry_msgs/local/lib/python3.10/dist-packages/geometry_msgs/msg/_accel_with_covariance_stamped_s.c
[48.545s] -- Installing: /root/ros_ws/src/Rescue_Car_ws/install/geometry_msgs/local/lib/python3.10/dist-packages/geometry_msgs/msg/_pose_with_covariance_stamped_s.c
[48.545s] -- Installing: /root/ros_ws/src/Rescue_Car_ws/install/geometry_msgs/local/lib/python3.10/dist-packages/geometry_msgs/msg/_quaternion_s.c
[48.545s] -- Installing: /root/ros_ws/src/Rescue_Car_ws/install/geometry_msgs/local/lib/python3.10/dist-packages/geometry_msgs/msg/_polygon.py
[48.545s] -- Installing: /root/ros_ws/src/Rescue_Car_ws/install/geometry_msgs/local/lib/python3.10/dist-packages/geometry_msgs/msg/_point_stamped.py
[48.545s] -- Installing: /root/ros_ws/src/Rescue_Car_ws/install/geometry_msgs/local/lib/python3.10/dist-packages/geometry_msgs/msg/_pose_s.c
[48.545s] -- Installing: /root/ros_ws/src/Rescue_Car_ws/install/geometry_msgs/local/lib/python3.10/dist-packages/geometry_msgs/msg/_wrench_s.c
[48.545s] -- Installing: /root/ros_ws/src/Rescue_Car_ws/install/geometry_msgs/local/lib/python3.10/dist-packages/geometry_msgs/msg/_pose_with_covariance_stamped.py
[48.545s] -- Installing: /root/ros_ws/src/Rescue_Car_ws/install/geometry_msgs/local/lib/python3.10/dist-packages/geometry_msgs/msg/_polygon_instance_stamped_s.c
[48.545s] -- Installing: /root/ros_ws/src/Rescue_Car_ws/install/geometry_msgs/local/lib/python3.10/dist-packages/geometry_msgs/msg/_twist_s.c
[48.545s] -- Installing: /root/ros_ws/src/Rescue_Car_ws/install/geometry_msgs/local/lib/python3.10/dist-packages/geometry_msgs/msg/_pose_array.py
[48.545s] -- Installing: /root/ros_ws/src/Rescue_Car_ws/install/geometry_msgs/local/lib/python3.10/dist-packages/geometry_msgs/msg/_twist_with_covariance_stamped.py
[48.546s] -- Installing: /root/ros_ws/src/Rescue_Car_ws/install/geometry_msgs/local/lib/python3.10/dist-packages/geometry_msgs/msg/_accel.py
[48.546s] -- Installing: /root/ros_ws/src/Rescue_Car_ws/install/geometry_msgs/local/lib/python3.10/dist-packages/geometry_msgs/msg/_twist_stamped_s.c
[48.546s] -- Installing: /root/ros_ws/src/Rescue_Car_ws/install/geometry_msgs/local/lib/python3.10/dist-packages/geometry_msgs/msg/_point_s.c
[48.546s] -- Installing: /root/ros_ws/src/Rescue_Car_ws/install/geometry_msgs/local/lib/python3.10/dist-packages/geometry_msgs/msg/_point_stamped_s.c
[48.546s] -- Installing: /root/ros_ws/src/Rescue_Car_ws/install/geometry_msgs/local/lib/python3.10/dist-packages/geometry_msgs/msg/_twist.py
[48.546s] -- Installing: /root/ros_ws/src/Rescue_Car_ws/install/geometry_msgs/local/lib/python3.10/dist-packages/geometry_msgs/msg/_twist_with_covariance.py
[48.546s] -- Installing: /root/ros_ws/src/Rescue_Car_ws/install/geometry_msgs/local/lib/python3.10/dist-packages/geometry_msgs/msg/_twist_stamped.py
[48.546s] -- Installing: /root/ros_ws/src/Rescue_Car_ws/install/geometry_msgs/local/lib/python3.10/dist-packages/geometry_msgs/msg/_transform_stamped_s.c
[48.546s] -- Installing: /root/ros_ws/src/Rescue_Car_ws/install/geometry_msgs/local/lib/python3.10/dist-packages/geometry_msgs/msg/_vector3.py
[48.546s] -- Installing: /root/ros_ws/src/Rescue_Car_ws/install/geometry_msgs/local/lib/python3.10/dist-packages/geometry_msgs/msg/_accel_with_covariance_s.c
[48.546s] -- Installing: /root/ros_ws/src/Rescue_Car_ws/install/geometry_msgs/local/lib/python3.10/dist-packages/geometry_msgs/msg/_inertia_stamped_s.c
[48.546s] -- Installing: /root/ros_ws/src/Rescue_Car_ws/install/geometry_msgs/local/lib/python3.10/dist-packages/geometry_msgs/msg/_inertia.py
[48.546s] -- Installing: /root/ros_ws/src/Rescue_Car_ws/install/geometry_msgs/local/lib/python3.10/dist-packages/geometry_msgs/msg/_polygon_s.c
[48.546s] -- Installing: /root/ros_ws/src/Rescue_Car_ws/install/geometry_msgs/local/lib/python3.10/dist-packages/geometry_msgs/msg/_vector3_s.c
[48.546s] -- Installing: /root/ros_ws/src/Rescue_Car_ws/install/geometry_msgs/local/lib/python3.10/dist-packages/geometry_msgs/msg/_accel_with_covariance.py
[48.546s] -- Installing: /root/ros_ws/src/Rescue_Car_ws/install/geometry_msgs/local/lib/python3.10/dist-packages/geometry_msgs/msg/_vector3_stamped.py
[48.546s] -- Installing: /root/ros_ws/src/Rescue_Car_ws/install/geometry_msgs/local/lib/python3.10/dist-packages/geometry_msgs/msg/_pose2_d_s.c
[48.546s] -- Installing: /root/ros_ws/src/Rescue_Car_ws/install/geometry_msgs/local/lib/python3.10/dist-packages/geometry_msgs/msg/_point.py
[48.546s] -- Installing: /root/ros_ws/src/Rescue_Car_ws/install/geometry_msgs/local/lib/python3.10/dist-packages/geometry_msgs/msg/_twist_with_covariance_s.c
[48.546s] -- Installing: /root/ros_ws/src/Rescue_Car_ws/install/geometry_msgs/local/lib/python3.10/dist-packages/geometry_msgs/msg/_accel_stamped.py
[48.546s] -- Installing: /root/ros_ws/src/Rescue_Car_ws/install/geometry_msgs/local/lib/python3.10/dist-packages/geometry_msgs/msg/_transform_s.c
[48.546s] -- Installing: /root/ros_ws/src/Rescue_Car_ws/install/geometry_msgs/local/lib/python3.10/dist-packages/geometry_msgs/msg/_transform.py
[48.546s] -- Installing: /root/ros_ws/src/Rescue_Car_ws/install/geometry_msgs/local/lib/python3.10/dist-packages/geometry_msgs/msg/_vector3_stamped_s.c
[48.546s] -- Installing: /root/ros_ws/src/Rescue_Car_ws/install/geometry_msgs/local/lib/python3.10/dist-packages/geometry_msgs/msg/__init__.py
[48.546s] -- Installing: /root/ros_ws/src/Rescue_Car_ws/install/geometry_msgs/local/lib/python3.10/dist-packages/geometry_msgs/msg/_accel_with_covariance_stamped.py
[48.546s] -- Installing: /root/ros_ws/src/Rescue_Car_ws/install/geometry_msgs/local/lib/python3.10/dist-packages/geometry_msgs/msg/_quaternion_stamped_s.c
[48.546s] -- Installing: /root/ros_ws/src/Rescue_Car_ws/install/geometry_msgs/local/lib/python3.10/dist-packages/geometry_msgs/msg/_pose.py
[48.546s] -- Installing: /root/ros_ws/src/Rescue_Car_ws/install/geometry_msgs/local/lib/python3.10/dist-packages/geometry_msgs/msg/_inertia_stamped.py
[48.546s] -- Installing: /root/ros_ws/src/Rescue_Car_ws/install/geometry_msgs/local/lib/python3.10/dist-packages/geometry_msgs/msg/_velocity_stamped_s.c
[48.546s] -- Installing: /root/ros_ws/src/Rescue_Car_ws/install/geometry_msgs/local/lib/python3.10/dist-packages/geometry_msgs/msg/_point32_s.c
[48.546s] -- Installing: /root/ros_ws/src/Rescue_Car_ws/install/geometry_msgs/local/lib/python3.10/dist-packages/geometry_msgs/msg/_inertia_s.c
[48.546s] -- Installing: /root/ros_ws/src/Rescue_Car_ws/install/geometry_msgs/local/lib/python3.10/dist-packages/geometry_msgs/msg/_accel_stamped_s.c
[48.546s] -- Installing: /root/ros_ws/src/Rescue_Car_ws/install/geometry_msgs/local/lib/python3.10/dist-packages/geometry_msgs/msg/_quaternion.py
[48.546s] -- Installing: /root/ros_ws/src/Rescue_Car_ws/install/geometry_msgs/local/lib/python3.10/dist-packages/geometry_msgs/msg/_twist_with_covariance_stamped_s.c
[48.546s] -- Installing: /root/ros_ws/src/Rescue_Car_ws/install/geometry_msgs/local/lib/python3.10/dist-packages/geometry_msgs/msg/_pose_array_s.c
[48.546s] -- Installing: /root/ros_ws/src/Rescue_Car_ws/install/geometry_msgs/local/lib/python3.10/dist-packages/geometry_msgs/msg/_polygon_stamped.py
[48.546s] -- Installing: /root/ros_ws/src/Rescue_Car_ws/install/geometry_msgs/local/lib/python3.10/dist-packages/geometry_msgs/msg/_pose_with_covariance.py
[48.586s] Listing '/root/ros_ws/src/Rescue_Car_ws/install/geometry_msgs/local/lib/python3.10/dist-packages/geometry_msgs'...
[48.586s] Compiling '/root/ros_ws/src/Rescue_Car_ws/install/geometry_msgs/local/lib/python3.10/dist-packages/geometry_msgs/__init__.py'...
[48.586s] Listing '/root/ros_ws/src/Rescue_Car_ws/install/geometry_msgs/local/lib/python3.10/dist-packages/geometry_msgs/msg'...
[48.586s] Compiling '/root/ros_ws/src/Rescue_Car_ws/install/geometry_msgs/local/lib/python3.10/dist-packages/geometry_msgs/msg/__init__.py'...
[48.586s] Compiling '/root/ros_ws/src/Rescue_Car_ws/install/geometry_msgs/local/lib/python3.10/dist-packages/geometry_msgs/msg/_accel.py'...
[48.586s] Compiling '/root/ros_ws/src/Rescue_Car_ws/install/geometry_msgs/local/lib/python3.10/dist-packages/geometry_msgs/msg/_accel_stamped.py'...
[48.586s] Compiling '/root/ros_ws/src/Rescue_Car_ws/install/geometry_msgs/local/lib/python3.10/dist-packages/geometry_msgs/msg/_accel_with_covariance.py'...
[48.587s] Compiling '/root/ros_ws/src/Rescue_Car_ws/install/geometry_msgs/local/lib/python3.10/dist-packages/geometry_msgs/msg/_accel_with_covariance_stamped.py'...
[48.587s] Compiling '/root/ros_ws/src/Rescue_Car_ws/install/geometry_msgs/local/lib/python3.10/dist-packages/geometry_msgs/msg/_inertia.py'...
[48.587s] Compiling '/root/ros_ws/src/Rescue_Car_ws/install/geometry_msgs/local/lib/python3.10/dist-packages/geometry_msgs/msg/_inertia_stamped.py'...
[48.587s] Compiling '/root/ros_ws/src/Rescue_Car_ws/install/geometry_msgs/local/lib/python3.10/dist-packages/geometry_msgs/msg/_point.py'...
[48.587s] Compiling '/root/ros_ws/src/Rescue_Car_ws/install/geometry_msgs/local/lib/python3.10/dist-packages/geometry_msgs/msg/_point32.py'...
[48.587s] Compiling '/root/ros_ws/src/Rescue_Car_ws/install/geometry_msgs/local/lib/python3.10/dist-packages/geometry_msgs/msg/_point_stamped.py'...
[48.587s] Compiling '/root/ros_ws/src/Rescue_Car_ws/install/geometry_msgs/local/lib/python3.10/dist-packages/geometry_msgs/msg/_polygon.py'...
[48.587s] Compiling '/root/ros_ws/src/Rescue_Car_ws/install/geometry_msgs/local/lib/python3.10/dist-packages/geometry_msgs/msg/_polygon_instance.py'...
[48.587s] Compiling '/root/ros_ws/src/Rescue_Car_ws/install/geometry_msgs/local/lib/python3.10/dist-packages/geometry_msgs/msg/_polygon_instance_stamped.py'...
[48.587s] Compiling '/root/ros_ws/src/Rescue_Car_ws/install/geometry_msgs/local/lib/python3.10/dist-packages/geometry_msgs/msg/_polygon_stamped.py'...
[48.587s] Compiling '/root/ros_ws/src/Rescue_Car_ws/install/geometry_msgs/local/lib/python3.10/dist-packages/geometry_msgs/msg/_pose.py'...
[48.587s] Compiling '/root/ros_ws/src/Rescue_Car_ws/install/geometry_msgs/local/lib/python3.10/dist-packages/geometry_msgs/msg/_pose2_d.py'...
[48.587s] Compiling '/root/ros_ws/src/Rescue_Car_ws/install/geometry_msgs/local/lib/python3.10/dist-packages/geometry_msgs/msg/_pose_array.py'...
[48.587s] Compiling '/root/ros_ws/src/Rescue_Car_ws/install/geometry_msgs/local/lib/python3.10/dist-packages/geometry_msgs/msg/_pose_stamped.py'...
[48.587s] Compiling '/root/ros_ws/src/Rescue_Car_ws/install/geometry_msgs/local/lib/python3.10/dist-packages/geometry_msgs/msg/_pose_with_covariance.py'...
[48.587s] Compiling '/root/ros_ws/src/Rescue_Car_ws/install/geometry_msgs/local/lib/python3.10/dist-packages/geometry_msgs/msg/_pose_with_covariance_stamped.py'...
[48.587s] Compiling '/root/ros_ws/src/Rescue_Car_ws/install/geometry_msgs/local/lib/python3.10/dist-packages/geometry_msgs/msg/_quaternion.py'...
[48.587s] Compiling '/root/ros_ws/src/Rescue_Car_ws/install/geometry_msgs/local/lib/python3.10/dist-packages/geometry_msgs/msg/_quaternion_stamped.py'...
[48.587s] Compiling '/root/ros_ws/src/Rescue_Car_ws/install/geometry_msgs/local/lib/python3.10/dist-packages/geometry_msgs/msg/_transform.py'...
[48.587s] Compiling '/root/ros_ws/src/Rescue_Car_ws/install/geometry_msgs/local/lib/python3.10/dist-packages/geometry_msgs/msg/_transform_stamped.py'...
[48.587s] Compiling '/root/ros_ws/src/Rescue_Car_ws/install/geometry_msgs/local/lib/python3.10/dist-packages/geometry_msgs/msg/_twist.py'...
[48.587s] Compiling '/root/ros_ws/src/Rescue_Car_ws/install/geometry_msgs/local/lib/python3.10/dist-packages/geometry_msgs/msg/_twist_stamped.py'...
[48.587s] Compiling '/root/ros_ws/src/Rescue_Car_ws/install/geometry_msgs/local/lib/python3.10/dist-packages/geometry_msgs/msg/_twist_with_covariance.py'...
[48.587s] Compiling '/root/ros_ws/src/Rescue_Car_ws/install/geometry_msgs/local/lib/python3.10/dist-packages/geometry_msgs/msg/_twist_with_covariance_stamped.py'...
[48.587s] Compiling '/root/ros_ws/src/Rescue_Car_ws/install/geometry_msgs/local/lib/python3.10/dist-packages/geometry_msgs/msg/_vector3.py'...
[48.587s] Compiling '/root/ros_ws/src/Rescue_Car_ws/install/geometry_msgs/local/lib/python3.10/dist-packages/geometry_msgs/msg/_vector3_stamped.py'...
[48.587s] Compiling '/root/ros_ws/src/Rescue_Car_ws/install/geometry_msgs/local/lib/python3.10/dist-packages/geometry_msgs/msg/_velocity_stamped.py'...
[48.587s] Compiling '/root/ros_ws/src/Rescue_Car_ws/install/geometry_msgs/local/lib/python3.10/dist-packages/geometry_msgs/msg/_wrench.py'...
[48.587s] Compiling '/root/ros_ws/src/Rescue_Car_ws/install/geometry_msgs/local/lib/python3.10/dist-packages/geometry_msgs/msg/_wrench_stamped.py'...
[48.591s] -- Installing: /root/ros_ws/src/Rescue_Car_ws/install/geometry_msgs/local/lib/python3.10/dist-packages/geometry_msgs/geometry_msgs_s__rosidl_typesupport_fastrtps_c.cpython-310-x86_64-linux-gnu.so
[48.591s] -- Set runtime path of "/root/ros_ws/src/Rescue_Car_ws/install/geometry_msgs/local/lib/python3.10/dist-packages/geometry_msgs/geometry_msgs_s__rosidl_typesupport_fastrtps_c.cpython-310-x86_64-linux-gnu.so" to ""
[48.591s] -- Installing: /root/ros_ws/src/Rescue_Car_ws/install/geometry_msgs/local/lib/python3.10/dist-packages/geometry_msgs/geometry_msgs_s__rosidl_typesupport_introspection_c.cpython-310-x86_64-linux-gnu.so
[48.591s] -- Set runtime path of "/root/ros_ws/src/Rescue_Car_ws/install/geometry_msgs/local/lib/python3.10/dist-packages/geometry_msgs/geometry_msgs_s__rosidl_typesupport_introspection_c.cpython-310-x86_64-linux-gnu.so" to ""
[48.592s] -- Installing: /root/ros_ws/src/Rescue_Car_ws/install/geometry_msgs/local/lib/python3.10/dist-packages/geometry_msgs/geometry_msgs_s__rosidl_typesupport_c.cpython-310-x86_64-linux-gnu.so
[48.592s] -- Set runtime path of "/root/ros_ws/src/Rescue_Car_ws/install/geometry_msgs/local/lib/python3.10/dist-packages/geometry_msgs/geometry_msgs_s__rosidl_typesupport_c.cpython-310-x86_64-linux-gnu.so" to ""
[48.592s] -- Installing: /root/ros_ws/src/Rescue_Car_ws/install/geometry_msgs/lib/libgeometry_msgs__rosidl_generator_py.so
[48.592s] -- Set runtime path of "/root/ros_ws/src/Rescue_Car_ws/install/geometry_msgs/lib/libgeometry_msgs__rosidl_generator_py.so" to ""
[48.592s] -- Installing: /root/ros_ws/src/Rescue_Car_ws/install/geometry_msgs/share/geometry_msgs/msg/Accel.idl
[48.593s] -- Installing: /root/ros_ws/src/Rescue_Car_ws/install/geometry_msgs/share/geometry_msgs/msg/AccelStamped.idl
[48.593s] -- Installing: /root/ros_ws/src/Rescue_Car_ws/install/geometry_msgs/share/geometry_msgs/msg/AccelWithCovariance.idl
[48.593s] -- Installing: /root/ros_ws/src/Rescue_Car_ws/install/geometry_msgs/share/geometry_msgs/msg/AccelWithCovarianceStamped.idl
[48.593s] -- Installing: /root/ros_ws/src/Rescue_Car_ws/install/geometry_msgs/share/geometry_msgs/msg/Inertia.idl
[48.593s] -- Installing: /root/ros_ws/src/Rescue_Car_ws/install/geometry_msgs/share/geometry_msgs/msg/InertiaStamped.idl
[48.593s] -- Installing: /root/ros_ws/src/Rescue_Car_ws/install/geometry_msgs/share/geometry_msgs/msg/Point.idl
[48.594s] -- Installing: /root/ros_ws/src/Rescue_Car_ws/install/geometry_msgs/share/geometry_msgs/msg/Point32.idl
[48.594s] -- Installing: /root/ros_ws/src/Rescue_Car_ws/install/geometry_msgs/share/geometry_msgs/msg/PointStamped.idl
[48.594s] -- Installing: /root/ros_ws/src/Rescue_Car_ws/install/geometry_msgs/share/geometry_msgs/msg/Polygon.idl
[48.594s] -- Installing: /root/ros_ws/src/Rescue_Car_ws/install/geometry_msgs/share/geometry_msgs/msg/PolygonInstance.idl
[48.594s] -- Installing: /root/ros_ws/src/Rescue_Car_ws/install/geometry_msgs/share/geometry_msgs/msg/PolygonInstanceStamped.idl
[48.594s] -- Installing: /root/ros_ws/src/Rescue_Car_ws/install/geometry_msgs/share/geometry_msgs/msg/PolygonStamped.idl
[48.594s] -- Installing: /root/ros_ws/src/Rescue_Car_ws/install/geometry_msgs/share/geometry_msgs/msg/Pose.idl
[48.594s] -- Installing: /root/ros_ws/src/Rescue_Car_ws/install/geometry_msgs/share/geometry_msgs/msg/Pose2D.idl
[48.594s] -- Installing: /root/ros_ws/src/Rescue_Car_ws/install/geometry_msgs/share/geometry_msgs/msg/PoseArray.idl
[48.595s] -- Installing: /root/ros_ws/src/Rescue_Car_ws/install/geometry_msgs/share/geometry_msgs/msg/PoseStamped.idl
[48.595s] -- Installing: /root/ros_ws/src/Rescue_Car_ws/install/geometry_msgs/share/geometry_msgs/msg/PoseWithCovariance.idl
[48.595s] -- Installing: /root/ros_ws/src/Rescue_Car_ws/install/geometry_msgs/share/geometry_msgs/msg/PoseWithCovarianceStamped.idl
[48.595s] -- Installing: /root/ros_ws/src/Rescue_Car_ws/install/geometry_msgs/share/geometry_msgs/msg/Quaternion.idl
[48.595s] -- Installing: /root/ros_ws/src/Rescue_Car_ws/install/geometry_msgs/share/geometry_msgs/msg/QuaternionStamped.idl
[48.595s] -- Installing: /root/ros_ws/src/Rescue_Car_ws/install/geometry_msgs/share/geometry_msgs/msg/Transform.idl
[48.595s] -- Installing: /root/ros_ws/src/Rescue_Car_ws/install/geometry_msgs/share/geometry_msgs/msg/TransformStamped.idl
[48.595s] -- Installing: /root/ros_ws/src/Rescue_Car_ws/install/geometry_msgs/share/geometry_msgs/msg/Twist.idl
[48.595s] -- Installing: /root/ros_ws/src/Rescue_Car_ws/install/geometry_msgs/share/geometry_msgs/msg/TwistStamped.idl
[48.596s] -- Installing: /root/ros_ws/src/Rescue_Car_ws/install/geometry_msgs/share/geometry_msgs/msg/TwistWithCovariance.idl
[48.596s] -- Installing: /root/ros_ws/src/Rescue_Car_ws/install/geometry_msgs/share/geometry_msgs/msg/TwistWithCovarianceStamped.idl
[48.596s] -- Installing: /root/ros_ws/src/Rescue_Car_ws/install/geometry_msgs/share/geometry_msgs/msg/Vector3.idl
[48.596s] -- Installing: /root/ros_ws/src/Rescue_Car_ws/install/geometry_msgs/share/geometry_msgs/msg/Vector3Stamped.idl
[48.596s] -- Installing: /root/ros_ws/src/Rescue_Car_ws/install/geometry_msgs/share/geometry_msgs/msg/VelocityStamped.idl
[48.597s] -- Installing: /root/ros_ws/src/Rescue_Car_ws/install/geometry_msgs/share/geometry_msgs/msg/Wrench.idl
[48.597s] -- Installing: /root/ros_ws/src/Rescue_Car_ws/install/geometry_msgs/share/geometry_msgs/msg/WrenchStamped.idl
[48.597s] -- Installing: /root/ros_ws/src/Rescue_Car_ws/install/geometry_msgs/share/geometry_msgs/msg/Accel.msg
[48.597s] -- Installing: /root/ros_ws/src/Rescue_Car_ws/install/geometry_msgs/share/geometry_msgs/msg/AccelStamped.msg
[48.597s] -- Installing: /root/ros_ws/src/Rescue_Car_ws/install/geometry_msgs/share/geometry_msgs/msg/AccelWithCovariance.msg
[48.598s] -- Installing: /root/ros_ws/src/Rescue_Car_ws/install/geometry_msgs/share/geometry_msgs/msg/AccelWithCovarianceStamped.msg
[48.598s] -- Installing: /root/ros_ws/src/Rescue_Car_ws/install/geometry_msgs/share/geometry_msgs/msg/Inertia.msg
[48.598s] -- Installing: /root/ros_ws/src/Rescue_Car_ws/install/geometry_msgs/share/geometry_msgs/msg/InertiaStamped.msg
[48.598s] -- Installing: /root/ros_ws/src/Rescue_Car_ws/install/geometry_msgs/share/geometry_msgs/msg/Point.msg
[48.598s] -- Installing: /root/ros_ws/src/Rescue_Car_ws/install/geometry_msgs/share/geometry_msgs/msg/Point32.msg
[48.598s] -- Installing: /root/ros_ws/src/Rescue_Car_ws/install/geometry_msgs/share/geometry_msgs/msg/PointStamped.msg
[48.598s] -- Installing: /root/ros_ws/src/Rescue_Car_ws/install/geometry_msgs/share/geometry_msgs/msg/Polygon.msg
[48.599s] -- Installing: /root/ros_ws/src/Rescue_Car_ws/install/geometry_msgs/share/geometry_msgs/msg/PolygonInstance.msg
[48.599s] -- Installing: /root/ros_ws/src/Rescue_Car_ws/install/geometry_msgs/share/geometry_msgs/msg/PolygonInstanceStamped.msg
[48.599s] -- Installing: /root/ros_ws/src/Rescue_Car_ws/install/geometry_msgs/share/geometry_msgs/msg/PolygonStamped.msg
[48.599s] -- Installing: /root/ros_ws/src/Rescue_Car_ws/install/geometry_msgs/share/geometry_msgs/msg/Pose.msg
[48.599s] -- Installing: /root/ros_ws/src/Rescue_Car_ws/install/geometry_msgs/share/geometry_msgs/msg/Pose2D.msg
[48.599s] -- Installing: /root/ros_ws/src/Rescue_Car_ws/install/geometry_msgs/share/geometry_msgs/msg/PoseArray.msg
[48.599s] -- Installing: /root/ros_ws/src/Rescue_Car_ws/install/geometry_msgs/share/geometry_msgs/msg/PoseStamped.msg
[48.600s] -- Installing: /root/ros_ws/src/Rescue_Car_ws/install/geometry_msgs/share/geometry_msgs/msg/PoseWithCovariance.msg
[48.600s] -- Installing: /root/ros_ws/src/Rescue_Car_ws/install/geometry_msgs/share/geometry_msgs/msg/PoseWithCovarianceStamped.msg
[48.600s] -- Installing: /root/ros_ws/src/Rescue_Car_ws/install/geometry_msgs/share/geometry_msgs/msg/Quaternion.msg
[48.600s] -- Installing: /root/ros_ws/src/Rescue_Car_ws/install/geometry_msgs/share/geometry_msgs/msg/QuaternionStamped.msg
[48.600s] -- Installing: /root/ros_ws/src/Rescue_Car_ws/install/geometry_msgs/share/geometry_msgs/msg/Transform.msg
[48.600s] -- Installing: /root/ros_ws/src/Rescue_Car_ws/install/geometry_msgs/share/geometry_msgs/msg/TransformStamped.msg
[48.600s] -- Installing: /root/ros_ws/src/Rescue_Car_ws/install/geometry_msgs/share/geometry_msgs/msg/Twist.msg
[48.601s] -- Installing: /root/ros_ws/src/Rescue_Car_ws/install/geometry_msgs/share/geometry_msgs/msg/TwistStamped.msg
[48.601s] -- Installing: /root/ros_ws/src/Rescue_Car_ws/install/geometry_msgs/share/geometry_msgs/msg/TwistWithCovariance.msg
[48.601s] -- Installing: /root/ros_ws/src/Rescue_Car_ws/install/geometry_msgs/share/geometry_msgs/msg/TwistWithCovarianceStamped.msg
[48.601s] -- Installing: /root/ros_ws/src/Rescue_Car_ws/install/geometry_msgs/share/geometry_msgs/msg/Vector3.msg
[48.601s] -- Installing: /root/ros_ws/src/Rescue_Car_ws/install/geometry_msgs/share/geometry_msgs/msg/Vector3Stamped.msg
[48.601s] -- Installing: /root/ros_ws/src/Rescue_Car_ws/install/geometry_msgs/share/geometry_msgs/msg/VelocityStamped.msg
[48.602s] -- Installing: /root/ros_ws/src/Rescue_Car_ws/install/geometry_msgs/share/geometry_msgs/msg/Wrench.msg
[48.602s] -- Installing: /root/ros_ws/src/Rescue_Car_ws/install/geometry_msgs/share/geometry_msgs/msg/WrenchStamped.msg
[48.602s] -- Installing: /root/ros_ws/src/Rescue_Car_ws/install/geometry_msgs/share/ament_index/resource_index/package_run_dependencies/geometry_msgs
[48.603s] -- Installing: /root/ros_ws/src/Rescue_Car_ws/install/geometry_msgs/share/ament_index/resource_index/parent_prefix_path/geometry_msgs
[48.603s] -- Installing: /root/ros_ws/src/Rescue_Car_ws/install/geometry_msgs/share/geometry_msgs/environment/ament_prefix_path.sh
[48.603s] -- Installing: /root/ros_ws/src/Rescue_Car_ws/install/geometry_msgs/share/geometry_msgs/environment/ament_prefix_path.dsv
[48.603s] -- Installing: /root/ros_ws/src/Rescue_Car_ws/install/geometry_msgs/share/geometry_msgs/environment/path.sh
[48.604s] -- Installing: /root/ros_ws/src/Rescue_Car_ws/install/geometry_msgs/share/geometry_msgs/environment/path.dsv
[48.604s] -- Installing: /root/ros_ws/src/Rescue_Car_ws/install/geometry_msgs/share/geometry_msgs/local_setup.bash
[48.604s] -- Installing: /root/ros_ws/src/Rescue_Car_ws/install/geometry_msgs/share/geometry_msgs/local_setup.sh
[48.604s] -- Installing: /root/ros_ws/src/Rescue_Car_ws/install/geometry_msgs/share/geometry_msgs/local_setup.zsh
[48.604s] -- Installing: /root/ros_ws/src/Rescue_Car_ws/install/geometry_msgs/share/geometry_msgs/local_setup.dsv
[48.604s] -- Installing: /root/ros_ws/src/Rescue_Car_ws/install/geometry_msgs/share/geometry_msgs/package.dsv
[48.604s] -- Installing: /root/ros_ws/src/Rescue_Car_ws/install/geometry_msgs/share/ament_index/resource_index/packages/geometry_msgs
[48.605s] -- Installing: /root/ros_ws/src/Rescue_Car_ws/install/geometry_msgs/share/geometry_msgs/cmake/export_geometry_msgs__rosidl_generator_cExport.cmake
[48.605s] -- Installing: /root/ros_ws/src/Rescue_Car_ws/install/geometry_msgs/share/geometry_msgs/cmake/export_geometry_msgs__rosidl_generator_cExport-noconfig.cmake
[48.605s] -- Installing: /root/ros_ws/src/Rescue_Car_ws/install/geometry_msgs/share/geometry_msgs/cmake/export_geometry_msgs__rosidl_typesupport_fastrtps_cExport.cmake
[48.605s] -- Installing: /root/ros_ws/src/Rescue_Car_ws/install/geometry_msgs/share/geometry_msgs/cmake/export_geometry_msgs__rosidl_typesupport_fastrtps_cExport-noconfig.cmake
[48.605s] -- Installing: /root/ros_ws/src/Rescue_Car_ws/install/geometry_msgs/share/geometry_msgs/cmake/geometry_msgs__rosidl_typesupport_introspection_cExport.cmake
[48.606s] -- Installing: /root/ros_ws/src/Rescue_Car_ws/install/geometry_msgs/share/geometry_msgs/cmake/geometry_msgs__rosidl_typesupport_introspection_cExport-noconfig.cmake
[48.606s] -- Installing: /root/ros_ws/src/Rescue_Car_ws/install/geometry_msgs/share/geometry_msgs/cmake/geometry_msgs__rosidl_typesupport_cExport.cmake
[48.606s] -- Installing: /root/ros_ws/src/Rescue_Car_ws/install/geometry_msgs/share/geometry_msgs/cmake/geometry_msgs__rosidl_typesupport_cExport-noconfig.cmake
[48.606s] -- Installing: /root/ros_ws/src/Rescue_Car_ws/install/geometry_msgs/share/geometry_msgs/cmake/export_geometry_msgs__rosidl_generator_cppExport.cmake
[48.606s] -- Installing: /root/ros_ws/src/Rescue_Car_ws/install/geometry_msgs/share/geometry_msgs/cmake/export_geometry_msgs__rosidl_typesupport_fastrtps_cppExport.cmake
[48.607s] -- Installing: /root/ros_ws/src/Rescue_Car_ws/install/geometry_msgs/share/geometry_msgs/cmake/export_geometry_msgs__rosidl_typesupport_fastrtps_cppExport-noconfig.cmake
[48.607s] -- Installing: /root/ros_ws/src/Rescue_Car_ws/install/geometry_msgs/share/geometry_msgs/cmake/geometry_msgs__rosidl_typesupport_introspection_cppExport.cmake
[48.607s] -- Installing: /root/ros_ws/src/Rescue_Car_ws/install/geometry_msgs/share/geometry_msgs/cmake/geometry_msgs__rosidl_typesupport_introspection_cppExport-noconfig.cmake
[48.607s] -- Installing: /root/ros_ws/src/Rescue_Car_ws/install/geometry_msgs/share/geometry_msgs/cmake/geometry_msgs__rosidl_typesupport_cppExport.cmake
[48.608s] -- Installing: /root/ros_ws/src/Rescue_Car_ws/install/geometry_msgs/share/geometry_msgs/cmake/geometry_msgs__rosidl_typesupport_cppExport-noconfig.cmake
[48.608s] -- Installing: /root/ros_ws/src/Rescue_Car_ws/install/geometry_msgs/share/geometry_msgs/cmake/export_geometry_msgs__rosidl_generator_pyExport.cmake
[48.608s] -- Installing: /root/ros_ws/src/Rescue_Car_ws/install/geometry_msgs/share/geometry_msgs/cmake/export_geometry_msgs__rosidl_generator_pyExport-noconfig.cmake
[48.608s] -- Installing: /root/ros_ws/src/Rescue_Car_ws/install/geometry_msgs/share/geometry_msgs/cmake/rosidl_cmake-extras.cmake
[48.608s] -- Installing: /root/ros_ws/src/Rescue_Car_ws/install/geometry_msgs/share/geometry_msgs/cmake/ament_cmake_export_dependencies-extras.cmake
[48.608s] -- Installing: /root/ros_ws/src/Rescue_Car_ws/install/geometry_msgs/share/geometry_msgs/cmake/ament_cmake_export_include_directories-extras.cmake
[48.608s] -- Installing: /root/ros_ws/src/Rescue_Car_ws/install/geometry_msgs/share/geometry_msgs/cmake/ament_cmake_export_libraries-extras.cmake
[48.608s] -- Installing: /root/ros_ws/src/Rescue_Car_ws/install/geometry_msgs/share/geometry_msgs/cmake/ament_cmake_export_targets-extras.cmake
[48.608s] -- Installing: /root/ros_ws/src/Rescue_Car_ws/install/geometry_msgs/share/geometry_msgs/cmake/rosidl_cmake_export_typesupport_targets-extras.cmake
[48.608s] -- Installing: /root/ros_ws/src/Rescue_Car_ws/install/geometry_msgs/share/geometry_msgs/cmake/rosidl_cmake_export_typesupport_libraries-extras.cmake
[48.609s] -- Installing: /root/ros_ws/src/Rescue_Car_ws/install/geometry_msgs/share/geometry_msgs/cmake/geometry_msgsConfig.cmake
[48.609s] -- Installing: /root/ros_ws/src/Rescue_Car_ws/install/geometry_msgs/share/geometry_msgs/cmake/geometry_msgsConfig-version.cmake
[48.609s] -- Installing: /root/ros_ws/src/Rescue_Car_ws/install/geometry_msgs/share/geometry_msgs/package.xml
[48.611s] Invoked command in '/root/ros_ws/src/Rescue_Car_ws/build/geometry_msgs' returned '0': AMENT_PREFIX_PATH=/root/ros_ws/src/Rescue_Car_ws/install/std_msgs:/root/ros_ws/src/Rescue_Car_ws/install/builtin_interfaces:${AMENT_PREFIX_PATH} CMAKE_PREFIX_PATH=/root/ros_ws/src/Rescue_Car_ws/install/std_msgs:/root/ros_ws/src/Rescue_Car_ws/install/builtin_interfaces:/opt/ros/humble LD_LIBRARY_PATH=/root/ros_ws/src/Rescue_Car_ws/install/std_msgs/lib:/root/ros_ws/src/Rescue_Car_ws/install/builtin_interfaces/lib:${LD_LIBRARY_PATH} PYTHONPATH=/root/ros_ws/src/Rescue_Car_ws/install/std_msgs/local/lib/python3.10/dist-packages:/root/ros_ws/src/Rescue_Car_ws/install/builtin_interfaces/local/lib/python3.10/dist-packages:${PYTHONPATH} /usr/bin/cmake --install /root/ros_ws/src/Rescue_Car_ws/build/geometry_msgs
