[0.237s] DEBUG:colcon:Command line arguments: ['/usr/bin/colcon', 'build']
[0.237s] DEBUG:colcon:Parsed command line arguments: Namespace(log_base=None, log_level=None, verb_name='build', build_base='build', install_base='install', merge_install=False, symlink_install=False, test_result_base=None, continue_on_error=False, executor='parallel', parallel_workers=20, event_handlers=None, ignore_user_meta=False, metas=['./colcon.meta'], base_paths=['.'], packages_ignore=None, packages_ignore_regex=None, paths=None, packages_up_to=None, packages_up_to_regex=None, packages_above=None, packages_above_and_dependencies=None, packages_above_depth=None, packages_select_by_dep=None, packages_skip_by_dep=None, packages_skip_up_to=None, packages_select_build_failed=False, packages_skip_build_finished=False, packages_select_test_failures=False, packages_skip_test_passed=False, packages_select=None, packages_skip=None, packages_select_regex=None, packages_skip_regex=None, packages_start=None, packages_end=None, allow_overriding=[], cmake_args=None, cmake_target=None, cmake_target_skip_unavailable=False, cmake_clean_cache=False, cmake_clean_first=False, cmake_force_configure=False, ament_cmake_args=None, catkin_cmake_args=None, catkin_skip_building_tests=False, verb_parser=<colcon_defaults.argument_parser.defaults.DefaultArgumentsDecorator object at 0x79b013427f70>, verb_extension=<colcon_core.verb.build.BuildVerb object at 0x79b013426ec0>, main=<bound method BuildVerb.main of <colcon_core.verb.build.BuildVerb object at 0x79b013426ec0>>)
[0.451s] Level 1:colcon.colcon_core.package_discovery:discover_packages(colcon_meta) check parameters
[0.452s] Level 1:colcon.colcon_core.package_discovery:discover_packages(recursive) check parameters
[0.452s] Level 1:colcon.colcon_core.package_discovery:discover_packages(ignore) check parameters
[0.452s] Level 1:colcon.colcon_core.package_discovery:discover_packages(path) check parameters
[0.452s] Level 1:colcon.colcon_core.package_discovery:discover_packages(colcon_meta) discover
[0.452s] Level 1:colcon.colcon_core.package_discovery:discover_packages(recursive) discover
[0.452s] INFO:colcon.colcon_core.package_discovery:Crawling recursively for packages in '/root/ros_ws/src/Rescue_Car_ws'
[0.452s] Level 1:colcon.colcon_core.package_identification:_identify(.) by extensions ['ignore', 'ignore_ament_install']
[0.452s] Level 1:colcon.colcon_core.package_identification:_identify(.) by extension 'ignore'
[0.452s] Level 1:colcon.colcon_core.package_identification:_identify(.) by extension 'ignore_ament_install'
[0.452s] Level 1:colcon.colcon_core.package_identification:_identify(.) by extensions ['colcon_pkg']
[0.452s] Level 1:colcon.colcon_core.package_identification:_identify(.) by extension 'colcon_pkg'
[0.452s] Level 1:colcon.colcon_core.package_identification:_identify(.) by extensions ['colcon_meta']
[0.452s] Level 1:colcon.colcon_core.package_identification:_identify(.) by extension 'colcon_meta'
[0.452s] Level 1:colcon.colcon_core.package_identification:_identify(.) by extensions ['ros']
[0.452s] Level 1:colcon.colcon_core.package_identification:_identify(.) by extension 'ros'
[0.463s] Level 1:colcon.colcon_core.package_identification:_identify(.) by extensions ['cmake', 'python']
[0.463s] Level 1:colcon.colcon_core.package_identification:_identify(.) by extension 'cmake'
[0.463s] Level 1:colcon.colcon_core.package_identification:_identify(.) by extension 'python'
[0.463s] Level 1:colcon.colcon_core.package_identification:_identify(.) by extensions ['python_setup_py']
[0.463s] Level 1:colcon.colcon_core.package_identification:_identify(.) by extension 'python_setup_py'
[0.463s] Level 1:colcon.colcon_core.package_identification:_identify(build) by extensions ['ignore', 'ignore_ament_install']
[0.463s] Level 1:colcon.colcon_core.package_identification:_identify(build) by extension 'ignore'
[0.463s] Level 1:colcon.colcon_core.package_identification:_identify(build) ignored
[0.463s] Level 1:colcon.colcon_core.package_identification:_identify(install) by extensions ['ignore', 'ignore_ament_install']
[0.463s] Level 1:colcon.colcon_core.package_identification:_identify(install) by extension 'ignore'
[0.463s] Level 1:colcon.colcon_core.package_identification:_identify(install) ignored
[0.463s] Level 1:colcon.colcon_core.package_identification:_identify(log) by extensions ['ignore', 'ignore_ament_install']
[0.464s] Level 1:colcon.colcon_core.package_identification:_identify(log) by extension 'ignore'
[0.464s] Level 1:colcon.colcon_core.package_identification:_identify(log) ignored
[0.464s] Level 1:colcon.colcon_core.package_identification:_identify(src) by extensions ['ignore', 'ignore_ament_install']
[0.464s] Level 1:colcon.colcon_core.package_identification:_identify(src) by extension 'ignore'
[0.464s] Level 1:colcon.colcon_core.package_identification:_identify(src) by extension 'ignore_ament_install'
[0.464s] Level 1:colcon.colcon_core.package_identification:_identify(src) by extensions ['colcon_pkg']
[0.464s] Level 1:colcon.colcon_core.package_identification:_identify(src) by extension 'colcon_pkg'
[0.464s] Level 1:colcon.colcon_core.package_identification:_identify(src) by extensions ['colcon_meta']
[0.464s] Level 1:colcon.colcon_core.package_identification:_identify(src) by extension 'colcon_meta'
[0.464s] Level 1:colcon.colcon_core.package_identification:_identify(src) by extensions ['ros']
[0.464s] Level 1:colcon.colcon_core.package_identification:_identify(src) by extension 'ros'
[0.464s] Level 1:colcon.colcon_core.package_identification:_identify(src) by extensions ['cmake', 'python']
[0.464s] Level 1:colcon.colcon_core.package_identification:_identify(src) by extension 'cmake'
[0.464s] Level 1:colcon.colcon_core.package_identification:_identify(src) by extension 'python'
[0.464s] Level 1:colcon.colcon_core.package_identification:_identify(src) by extensions ['python_setup_py']
[0.464s] Level 1:colcon.colcon_core.package_identification:_identify(src) by extension 'python_setup_py'
[0.464s] Level 1:colcon.colcon_core.package_identification:_identify(src/car) by extensions ['ignore', 'ignore_ament_install']
[0.464s] Level 1:colcon.colcon_core.package_identification:_identify(src/car) by extension 'ignore'
[0.464s] Level 1:colcon.colcon_core.package_identification:_identify(src/car) by extension 'ignore_ament_install'
[0.464s] Level 1:colcon.colcon_core.package_identification:_identify(src/car) by extensions ['colcon_pkg']
[0.464s] Level 1:colcon.colcon_core.package_identification:_identify(src/car) by extension 'colcon_pkg'
[0.464s] Level 1:colcon.colcon_core.package_identification:_identify(src/car) by extensions ['colcon_meta']
[0.464s] Level 1:colcon.colcon_core.package_identification:_identify(src/car) by extension 'colcon_meta'
[0.464s] Level 1:colcon.colcon_core.package_identification:_identify(src/car) by extensions ['ros']
[0.464s] Level 1:colcon.colcon_core.package_identification:_identify(src/car) by extension 'ros'
[0.467s] DEBUG:colcon.colcon_core.package_identification:Package 'src/car' with type 'ros.ament_cmake' and name 'car'
[0.467s] Level 1:colcon.colcon_core.package_identification:_identify(src/microros) by extensions ['ignore', 'ignore_ament_install']
[0.467s] Level 1:colcon.colcon_core.package_identification:_identify(src/microros) by extension 'ignore'
[0.467s] Level 1:colcon.colcon_core.package_identification:_identify(src/microros) by extension 'ignore_ament_install'
[0.467s] Level 1:colcon.colcon_core.package_identification:_identify(src/microros) by extensions ['colcon_pkg']
[0.467s] Level 1:colcon.colcon_core.package_identification:_identify(src/microros) by extension 'colcon_pkg'
[0.467s] Level 1:colcon.colcon_core.package_identification:_identify(src/microros) by extensions ['colcon_meta']
[0.467s] Level 1:colcon.colcon_core.package_identification:_identify(src/microros) by extension 'colcon_meta'
[0.468s] Level 1:colcon.colcon_core.package_identification:_identify(src/microros) by extensions ['ros']
[0.468s] Level 1:colcon.colcon_core.package_identification:_identify(src/microros) by extension 'ros'
[0.468s] Level 1:colcon.colcon_core.package_identification:_identify(src/microros) by extensions ['cmake', 'python']
[0.468s] Level 1:colcon.colcon_core.package_identification:_identify(src/microros) by extension 'cmake'
[0.468s] Level 1:colcon.colcon_core.package_identification:_identify(src/microros) by extension 'python'
[0.468s] Level 1:colcon.colcon_core.package_identification:_identify(src/microros) by extensions ['python_setup_py']
[0.468s] Level 1:colcon.colcon_core.package_identification:_identify(src/microros) by extension 'python_setup_py'
[0.468s] Level 1:colcon.colcon_core.package_identification:_identify(src/microros/firmware) by extensions ['ignore', 'ignore_ament_install']
[0.468s] Level 1:colcon.colcon_core.package_identification:_identify(src/microros/firmware) by extension 'ignore'
[0.468s] Level 1:colcon.colcon_core.package_identification:_identify(src/microros/firmware) ignored
[0.468s] Level 1:colcon.colcon_core.package_identification:_identify(src/microros/src) by extensions ['ignore', 'ignore_ament_install']
[0.468s] Level 1:colcon.colcon_core.package_identification:_identify(src/microros/src) by extension 'ignore'
[0.468s] Level 1:colcon.colcon_core.package_identification:_identify(src/microros/src) by extension 'ignore_ament_install'
[0.468s] Level 1:colcon.colcon_core.package_identification:_identify(src/microros/src) by extensions ['colcon_pkg']
[0.468s] Level 1:colcon.colcon_core.package_identification:_identify(src/microros/src) by extension 'colcon_pkg'
[0.468s] Level 1:colcon.colcon_core.package_identification:_identify(src/microros/src) by extensions ['colcon_meta']
[0.468s] Level 1:colcon.colcon_core.package_identification:_identify(src/microros/src) by extension 'colcon_meta'
[0.468s] Level 1:colcon.colcon_core.package_identification:_identify(src/microros/src) by extensions ['ros']
[0.468s] Level 1:colcon.colcon_core.package_identification:_identify(src/microros/src) by extension 'ros'
[0.468s] Level 1:colcon.colcon_core.package_identification:_identify(src/microros/src) by extensions ['cmake', 'python']
[0.468s] Level 1:colcon.colcon_core.package_identification:_identify(src/microros/src) by extension 'cmake'
[0.468s] Level 1:colcon.colcon_core.package_identification:_identify(src/microros/src) by extension 'python'
[0.468s] Level 1:colcon.colcon_core.package_identification:_identify(src/microros/src) by extensions ['python_setup_py']
[0.468s] Level 1:colcon.colcon_core.package_identification:_identify(src/microros/src) by extension 'python_setup_py'
[0.468s] Level 1:colcon.colcon_core.package_identification:_identify(src/microros/src/eProsima) by extensions ['ignore', 'ignore_ament_install']
[0.468s] Level 1:colcon.colcon_core.package_identification:_identify(src/microros/src/eProsima) by extension 'ignore'
[0.468s] Level 1:colcon.colcon_core.package_identification:_identify(src/microros/src/eProsima) by extension 'ignore_ament_install'
[0.468s] Level 1:colcon.colcon_core.package_identification:_identify(src/microros/src/eProsima) by extensions ['colcon_pkg']
[0.468s] Level 1:colcon.colcon_core.package_identification:_identify(src/microros/src/eProsima) by extension 'colcon_pkg'
[0.468s] Level 1:colcon.colcon_core.package_identification:_identify(src/microros/src/eProsima) by extensions ['colcon_meta']
[0.468s] Level 1:colcon.colcon_core.package_identification:_identify(src/microros/src/eProsima) by extension 'colcon_meta'
[0.468s] Level 1:colcon.colcon_core.package_identification:_identify(src/microros/src/eProsima) by extensions ['ros']
[0.469s] Level 1:colcon.colcon_core.package_identification:_identify(src/microros/src/eProsima) by extension 'ros'
[0.469s] Level 1:colcon.colcon_core.package_identification:_identify(src/microros/src/eProsima) by extensions ['cmake', 'python']
[0.469s] Level 1:colcon.colcon_core.package_identification:_identify(src/microros/src/eProsima) by extension 'cmake'
[0.469s] Level 1:colcon.colcon_core.package_identification:_identify(src/microros/src/eProsima) by extension 'python'
[0.469s] Level 1:colcon.colcon_core.package_identification:_identify(src/microros/src/eProsima) by extensions ['python_setup_py']
[0.469s] Level 1:colcon.colcon_core.package_identification:_identify(src/microros/src/eProsima) by extension 'python_setup_py'
[0.469s] Level 1:colcon.colcon_core.package_identification:_identify(src/microros/src/eProsima/Micro-CDR) by extensions ['ignore', 'ignore_ament_install']
[0.469s] Level 1:colcon.colcon_core.package_identification:_identify(src/microros/src/eProsima/Micro-CDR) by extension 'ignore'
[0.469s] Level 1:colcon.colcon_core.package_identification:_identify(src/microros/src/eProsima/Micro-CDR) by extension 'ignore_ament_install'
[0.469s] Level 1:colcon.colcon_core.package_identification:_identify(src/microros/src/eProsima/Micro-CDR) by extensions ['colcon_pkg']
[0.469s] Level 1:colcon.colcon_core.package_identification:_identify(src/microros/src/eProsima/Micro-CDR) by extension 'colcon_pkg'
[0.470s] INFO:colcon.colcon_metadata.metadata.colcon_pkg:Setting type 'cmake' of package 'src/microros/src/eProsima/Micro-CDR' from colcon.pkg
[0.470s] INFO:colcon.colcon_metadata.metadata.colcon_pkg:Setting name 'microcdr' of package 'src/microros/src/eProsima/Micro-CDR' from colcon.pkg
[0.470s] DEBUG:colcon.colcon_core.package_identification:Package 'src/microros/src/eProsima/Micro-CDR' with type 'cmake' and name 'microcdr'
[0.470s] Level 1:colcon.colcon_core.package_identification:_identify(src/microros/src/eProsima/Micro-XRCE-DDS-Client) by extensions ['ignore', 'ignore_ament_install']
[0.470s] Level 1:colcon.colcon_core.package_identification:_identify(src/microros/src/eProsima/Micro-XRCE-DDS-Client) by extension 'ignore'
[0.470s] Level 1:colcon.colcon_core.package_identification:_identify(src/microros/src/eProsima/Micro-XRCE-DDS-Client) by extension 'ignore_ament_install'
[0.470s] Level 1:colcon.colcon_core.package_identification:_identify(src/microros/src/eProsima/Micro-XRCE-DDS-Client) by extensions ['colcon_pkg']
[0.470s] Level 1:colcon.colcon_core.package_identification:_identify(src/microros/src/eProsima/Micro-XRCE-DDS-Client) by extension 'colcon_pkg'
[0.471s] INFO:colcon.colcon_metadata.metadata.colcon_pkg:Setting type 'cmake' of package 'src/microros/src/eProsima/Micro-XRCE-DDS-Client' from colcon.pkg
[0.471s] INFO:colcon.colcon_metadata.metadata.colcon_pkg:Setting name 'microxrcedds_client' of package 'src/microros/src/eProsima/Micro-XRCE-DDS-Client' from colcon.pkg
[0.471s] DEBUG:colcon.colcon_core.package_identification:Package 'src/microros/src/eProsima/Micro-XRCE-DDS-Client' with type 'cmake' and name 'microxrcedds_client'
[0.471s] Level 1:colcon.colcon_core.package_identification:_identify(src/microros/src/micro_ros_setup) by extensions ['ignore', 'ignore_ament_install']
[0.471s] Level 1:colcon.colcon_core.package_identification:_identify(src/microros/src/micro_ros_setup) by extension 'ignore'
[0.471s] Level 1:colcon.colcon_core.package_identification:_identify(src/microros/src/micro_ros_setup) by extension 'ignore_ament_install'
[0.471s] Level 1:colcon.colcon_core.package_identification:_identify(src/microros/src/micro_ros_setup) by extensions ['colcon_pkg']
[0.471s] Level 1:colcon.colcon_core.package_identification:_identify(src/microros/src/micro_ros_setup) by extension 'colcon_pkg'
[0.471s] Level 1:colcon.colcon_core.package_identification:_identify(src/microros/src/micro_ros_setup) by extensions ['colcon_meta']
[0.471s] Level 1:colcon.colcon_core.package_identification:_identify(src/microros/src/micro_ros_setup) by extension 'colcon_meta'
[0.471s] Level 1:colcon.colcon_core.package_identification:_identify(src/microros/src/micro_ros_setup) by extensions ['ros']
[0.471s] Level 1:colcon.colcon_core.package_identification:_identify(src/microros/src/micro_ros_setup) by extension 'ros'
[0.472s] DEBUG:colcon.colcon_core.package_identification:Package 'src/microros/src/micro_ros_setup' with type 'ros.ament_cmake' and name 'micro_ros_setup'
[0.473s] Level 1:colcon.colcon_core.package_identification:_identify(src/microros/src/ros2) by extensions ['ignore', 'ignore_ament_install']
[0.473s] Level 1:colcon.colcon_core.package_identification:_identify(src/microros/src/ros2) by extension 'ignore'
[0.473s] Level 1:colcon.colcon_core.package_identification:_identify(src/microros/src/ros2) by extension 'ignore_ament_install'
[0.473s] Level 1:colcon.colcon_core.package_identification:_identify(src/microros/src/ros2) by extensions ['colcon_pkg']
[0.473s] Level 1:colcon.colcon_core.package_identification:_identify(src/microros/src/ros2) by extension 'colcon_pkg'
[0.473s] Level 1:colcon.colcon_core.package_identification:_identify(src/microros/src/ros2) by extensions ['colcon_meta']
[0.473s] Level 1:colcon.colcon_core.package_identification:_identify(src/microros/src/ros2) by extension 'colcon_meta'
[0.473s] Level 1:colcon.colcon_core.package_identification:_identify(src/microros/src/ros2) by extensions ['ros']
[0.473s] Level 1:colcon.colcon_core.package_identification:_identify(src/microros/src/ros2) by extension 'ros'
[0.473s] Level 1:colcon.colcon_core.package_identification:_identify(src/microros/src/ros2) by extensions ['cmake', 'python']
[0.473s] Level 1:colcon.colcon_core.package_identification:_identify(src/microros/src/ros2) by extension 'cmake'
[0.473s] Level 1:colcon.colcon_core.package_identification:_identify(src/microros/src/ros2) by extension 'python'
[0.473s] Level 1:colcon.colcon_core.package_identification:_identify(src/microros/src/ros2) by extensions ['python_setup_py']
[0.473s] Level 1:colcon.colcon_core.package_identification:_identify(src/microros/src/ros2) by extension 'python_setup_py'
[0.473s] Level 1:colcon.colcon_core.package_identification:_identify(src/microros/src/ros2/common_interfaces) by extensions ['ignore', 'ignore_ament_install']
[0.473s] Level 1:colcon.colcon_core.package_identification:_identify(src/microros/src/ros2/common_interfaces) by extension 'ignore'
[0.473s] Level 1:colcon.colcon_core.package_identification:_identify(src/microros/src/ros2/common_interfaces) by extension 'ignore_ament_install'
[0.473s] Level 1:colcon.colcon_core.package_identification:_identify(src/microros/src/ros2/common_interfaces) by extensions ['colcon_pkg']
[0.473s] Level 1:colcon.colcon_core.package_identification:_identify(src/microros/src/ros2/common_interfaces) by extension 'colcon_pkg'
[0.473s] Level 1:colcon.colcon_core.package_identification:_identify(src/microros/src/ros2/common_interfaces) by extensions ['colcon_meta']
[0.473s] Level 1:colcon.colcon_core.package_identification:_identify(src/microros/src/ros2/common_interfaces) by extension 'colcon_meta'
[0.473s] Level 1:colcon.colcon_core.package_identification:_identify(src/microros/src/ros2/common_interfaces) by extensions ['ros']
[0.473s] Level 1:colcon.colcon_core.package_identification:_identify(src/microros/src/ros2/common_interfaces) by extension 'ros'
[0.473s] Level 1:colcon.colcon_core.package_identification:_identify(src/microros/src/ros2/common_interfaces) by extensions ['cmake', 'python']
[0.473s] Level 1:colcon.colcon_core.package_identification:_identify(src/microros/src/ros2/common_interfaces) by extension 'cmake'
[0.473s] Level 1:colcon.colcon_core.package_identification:_identify(src/microros/src/ros2/common_interfaces) by extension 'python'
[0.473s] Level 1:colcon.colcon_core.package_identification:_identify(src/microros/src/ros2/common_interfaces) by extensions ['python_setup_py']
[0.473s] Level 1:colcon.colcon_core.package_identification:_identify(src/microros/src/ros2/common_interfaces) by extension 'python_setup_py'
[0.473s] Level 1:colcon.colcon_core.package_identification:_identify(src/microros/src/ros2/common_interfaces/actionlib_msgs) by extensions ['ignore', 'ignore_ament_install']
[0.473s] Level 1:colcon.colcon_core.package_identification:_identify(src/microros/src/ros2/common_interfaces/actionlib_msgs) by extension 'ignore'
[0.473s] Level 1:colcon.colcon_core.package_identification:_identify(src/microros/src/ros2/common_interfaces/actionlib_msgs) by extension 'ignore_ament_install'
[0.474s] Level 1:colcon.colcon_core.package_identification:_identify(src/microros/src/ros2/common_interfaces/actionlib_msgs) by extensions ['colcon_pkg']
[0.474s] Level 1:colcon.colcon_core.package_identification:_identify(src/microros/src/ros2/common_interfaces/actionlib_msgs) by extension 'colcon_pkg'
[0.474s] Level 1:colcon.colcon_core.package_identification:_identify(src/microros/src/ros2/common_interfaces/actionlib_msgs) by extensions ['colcon_meta']
[0.474s] Level 1:colcon.colcon_core.package_identification:_identify(src/microros/src/ros2/common_interfaces/actionlib_msgs) by extension 'colcon_meta'
[0.474s] Level 1:colcon.colcon_core.package_identification:_identify(src/microros/src/ros2/common_interfaces/actionlib_msgs) by extensions ['ros']
[0.474s] Level 1:colcon.colcon_core.package_identification:_identify(src/microros/src/ros2/common_interfaces/actionlib_msgs) by extension 'ros'
[0.474s] DEBUG:colcon.colcon_core.package_identification:Package 'src/microros/src/ros2/common_interfaces/actionlib_msgs' with type 'ros.ament_cmake' and name 'actionlib_msgs'
[0.474s] Level 1:colcon.colcon_core.package_identification:_identify(src/microros/src/ros2/common_interfaces/common_interfaces) by extensions ['ignore', 'ignore_ament_install']
[0.474s] Level 1:colcon.colcon_core.package_identification:_identify(src/microros/src/ros2/common_interfaces/common_interfaces) by extension 'ignore'
[0.475s] Level 1:colcon.colcon_core.package_identification:_identify(src/microros/src/ros2/common_interfaces/common_interfaces) by extension 'ignore_ament_install'
[0.475s] Level 1:colcon.colcon_core.package_identification:_identify(src/microros/src/ros2/common_interfaces/common_interfaces) by extensions ['colcon_pkg']
[0.475s] Level 1:colcon.colcon_core.package_identification:_identify(src/microros/src/ros2/common_interfaces/common_interfaces) by extension 'colcon_pkg'
[0.475s] Level 1:colcon.colcon_core.package_identification:_identify(src/microros/src/ros2/common_interfaces/common_interfaces) by extensions ['colcon_meta']
[0.475s] Level 1:colcon.colcon_core.package_identification:_identify(src/microros/src/ros2/common_interfaces/common_interfaces) by extension 'colcon_meta'
[0.475s] Level 1:colcon.colcon_core.package_identification:_identify(src/microros/src/ros2/common_interfaces/common_interfaces) by extensions ['ros']
[0.475s] Level 1:colcon.colcon_core.package_identification:_identify(src/microros/src/ros2/common_interfaces/common_interfaces) by extension 'ros'
[0.475s] DEBUG:colcon.colcon_core.package_identification:Package 'src/microros/src/ros2/common_interfaces/common_interfaces' with type 'ros.ament_cmake' and name 'common_interfaces'
[0.475s] Level 1:colcon.colcon_core.package_identification:_identify(src/microros/src/ros2/common_interfaces/diagnostic_msgs) by extensions ['ignore', 'ignore_ament_install']
[0.476s] Level 1:colcon.colcon_core.package_identification:_identify(src/microros/src/ros2/common_interfaces/diagnostic_msgs) by extension 'ignore'
[0.476s] Level 1:colcon.colcon_core.package_identification:_identify(src/microros/src/ros2/common_interfaces/diagnostic_msgs) by extension 'ignore_ament_install'
[0.476s] Level 1:colcon.colcon_core.package_identification:_identify(src/microros/src/ros2/common_interfaces/diagnostic_msgs) by extensions ['colcon_pkg']
[0.476s] Level 1:colcon.colcon_core.package_identification:_identify(src/microros/src/ros2/common_interfaces/diagnostic_msgs) by extension 'colcon_pkg'
[0.476s] Level 1:colcon.colcon_core.package_identification:_identify(src/microros/src/ros2/common_interfaces/diagnostic_msgs) by extensions ['colcon_meta']
[0.476s] Level 1:colcon.colcon_core.package_identification:_identify(src/microros/src/ros2/common_interfaces/diagnostic_msgs) by extension 'colcon_meta'
[0.476s] Level 1:colcon.colcon_core.package_identification:_identify(src/microros/src/ros2/common_interfaces/diagnostic_msgs) by extensions ['ros']
[0.476s] Level 1:colcon.colcon_core.package_identification:_identify(src/microros/src/ros2/common_interfaces/diagnostic_msgs) by extension 'ros'
[0.476s] DEBUG:colcon.colcon_core.package_identification:Package 'src/microros/src/ros2/common_interfaces/diagnostic_msgs' with type 'ros.ament_cmake' and name 'diagnostic_msgs'
[0.476s] Level 1:colcon.colcon_core.package_identification:_identify(src/microros/src/ros2/common_interfaces/docs) by extensions ['ignore', 'ignore_ament_install']
[0.476s] Level 1:colcon.colcon_core.package_identification:_identify(src/microros/src/ros2/common_interfaces/docs) by extension 'ignore'
[0.477s] Level 1:colcon.colcon_core.package_identification:_identify(src/microros/src/ros2/common_interfaces/docs) by extension 'ignore_ament_install'
[0.477s] Level 1:colcon.colcon_core.package_identification:_identify(src/microros/src/ros2/common_interfaces/docs) by extensions ['colcon_pkg']
[0.477s] Level 1:colcon.colcon_core.package_identification:_identify(src/microros/src/ros2/common_interfaces/docs) by extension 'colcon_pkg'
[0.477s] Level 1:colcon.colcon_core.package_identification:_identify(src/microros/src/ros2/common_interfaces/docs) by extensions ['colcon_meta']
[0.477s] Level 1:colcon.colcon_core.package_identification:_identify(src/microros/src/ros2/common_interfaces/docs) by extension 'colcon_meta'
[0.477s] Level 1:colcon.colcon_core.package_identification:_identify(src/microros/src/ros2/common_interfaces/docs) by extensions ['ros']
[0.477s] Level 1:colcon.colcon_core.package_identification:_identify(src/microros/src/ros2/common_interfaces/docs) by extension 'ros'
[0.477s] Level 1:colcon.colcon_core.package_identification:_identify(src/microros/src/ros2/common_interfaces/docs) by extensions ['cmake', 'python']
[0.477s] Level 1:colcon.colcon_core.package_identification:_identify(src/microros/src/ros2/common_interfaces/docs) by extension 'cmake'
[0.477s] Level 1:colcon.colcon_core.package_identification:_identify(src/microros/src/ros2/common_interfaces/docs) by extension 'python'
[0.477s] Level 1:colcon.colcon_core.package_identification:_identify(src/microros/src/ros2/common_interfaces/docs) by extensions ['python_setup_py']
[0.477s] Level 1:colcon.colcon_core.package_identification:_identify(src/microros/src/ros2/common_interfaces/docs) by extension 'python_setup_py'
[0.477s] Level 1:colcon.colcon_core.package_identification:_identify(src/microros/src/ros2/common_interfaces/geometry_msgs) by extensions ['ignore', 'ignore_ament_install']
[0.477s] Level 1:colcon.colcon_core.package_identification:_identify(src/microros/src/ros2/common_interfaces/geometry_msgs) by extension 'ignore'
[0.477s] Level 1:colcon.colcon_core.package_identification:_identify(src/microros/src/ros2/common_interfaces/geometry_msgs) by extension 'ignore_ament_install'
[0.477s] Level 1:colcon.colcon_core.package_identification:_identify(src/microros/src/ros2/common_interfaces/geometry_msgs) by extensions ['colcon_pkg']
[0.477s] Level 1:colcon.colcon_core.package_identification:_identify(src/microros/src/ros2/common_interfaces/geometry_msgs) by extension 'colcon_pkg'
[0.477s] Level 1:colcon.colcon_core.package_identification:_identify(src/microros/src/ros2/common_interfaces/geometry_msgs) by extensions ['colcon_meta']
[0.477s] Level 1:colcon.colcon_core.package_identification:_identify(src/microros/src/ros2/common_interfaces/geometry_msgs) by extension 'colcon_meta'
[0.477s] Level 1:colcon.colcon_core.package_identification:_identify(src/microros/src/ros2/common_interfaces/geometry_msgs) by extensions ['ros']
[0.477s] Level 1:colcon.colcon_core.package_identification:_identify(src/microros/src/ros2/common_interfaces/geometry_msgs) by extension 'ros'
[0.478s] DEBUG:colcon.colcon_core.package_identification:Package 'src/microros/src/ros2/common_interfaces/geometry_msgs' with type 'ros.ament_cmake' and name 'geometry_msgs'
[0.478s] Level 1:colcon.colcon_core.package_identification:_identify(src/microros/src/ros2/common_interfaces/nav_msgs) by extensions ['ignore', 'ignore_ament_install']
[0.478s] Level 1:colcon.colcon_core.package_identification:_identify(src/microros/src/ros2/common_interfaces/nav_msgs) by extension 'ignore'
[0.478s] Level 1:colcon.colcon_core.package_identification:_identify(src/microros/src/ros2/common_interfaces/nav_msgs) by extension 'ignore_ament_install'
[0.478s] Level 1:colcon.colcon_core.package_identification:_identify(src/microros/src/ros2/common_interfaces/nav_msgs) by extensions ['colcon_pkg']
[0.478s] Level 1:colcon.colcon_core.package_identification:_identify(src/microros/src/ros2/common_interfaces/nav_msgs) by extension 'colcon_pkg'
[0.478s] Level 1:colcon.colcon_core.package_identification:_identify(src/microros/src/ros2/common_interfaces/nav_msgs) by extensions ['colcon_meta']
[0.478s] Level 1:colcon.colcon_core.package_identification:_identify(src/microros/src/ros2/common_interfaces/nav_msgs) by extension 'colcon_meta'
[0.478s] Level 1:colcon.colcon_core.package_identification:_identify(src/microros/src/ros2/common_interfaces/nav_msgs) by extensions ['ros']
[0.478s] Level 1:colcon.colcon_core.package_identification:_identify(src/microros/src/ros2/common_interfaces/nav_msgs) by extension 'ros'
[0.479s] DEBUG:colcon.colcon_core.package_identification:Package 'src/microros/src/ros2/common_interfaces/nav_msgs' with type 'ros.ament_cmake' and name 'nav_msgs'
[0.479s] Level 1:colcon.colcon_core.package_identification:_identify(src/microros/src/ros2/common_interfaces/sensor_msgs) by extensions ['ignore', 'ignore_ament_install']
[0.479s] Level 1:colcon.colcon_core.package_identification:_identify(src/microros/src/ros2/common_interfaces/sensor_msgs) by extension 'ignore'
[0.479s] Level 1:colcon.colcon_core.package_identification:_identify(src/microros/src/ros2/common_interfaces/sensor_msgs) by extension 'ignore_ament_install'
[0.479s] Level 1:colcon.colcon_core.package_identification:_identify(src/microros/src/ros2/common_interfaces/sensor_msgs) by extensions ['colcon_pkg']
[0.479s] Level 1:colcon.colcon_core.package_identification:_identify(src/microros/src/ros2/common_interfaces/sensor_msgs) by extension 'colcon_pkg'
[0.479s] Level 1:colcon.colcon_core.package_identification:_identify(src/microros/src/ros2/common_interfaces/sensor_msgs) by extensions ['colcon_meta']
[0.479s] Level 1:colcon.colcon_core.package_identification:_identify(src/microros/src/ros2/common_interfaces/sensor_msgs) by extension 'colcon_meta'
[0.479s] Level 1:colcon.colcon_core.package_identification:_identify(src/microros/src/ros2/common_interfaces/sensor_msgs) by extensions ['ros']
[0.479s] Level 1:colcon.colcon_core.package_identification:_identify(src/microros/src/ros2/common_interfaces/sensor_msgs) by extension 'ros'
[0.480s] DEBUG:colcon.colcon_core.package_identification:Package 'src/microros/src/ros2/common_interfaces/sensor_msgs' with type 'ros.ament_cmake' and name 'sensor_msgs'
[0.480s] Level 1:colcon.colcon_core.package_identification:_identify(src/microros/src/ros2/common_interfaces/sensor_msgs_py) by extensions ['ignore', 'ignore_ament_install']
[0.480s] Level 1:colcon.colcon_core.package_identification:_identify(src/microros/src/ros2/common_interfaces/sensor_msgs_py) by extension 'ignore'
[0.480s] Level 1:colcon.colcon_core.package_identification:_identify(src/microros/src/ros2/common_interfaces/sensor_msgs_py) by extension 'ignore_ament_install'
[0.480s] Level 1:colcon.colcon_core.package_identification:_identify(src/microros/src/ros2/common_interfaces/sensor_msgs_py) by extensions ['colcon_pkg']
[0.480s] Level 1:colcon.colcon_core.package_identification:_identify(src/microros/src/ros2/common_interfaces/sensor_msgs_py) by extension 'colcon_pkg'
[0.480s] Level 1:colcon.colcon_core.package_identification:_identify(src/microros/src/ros2/common_interfaces/sensor_msgs_py) by extensions ['colcon_meta']
[0.480s] Level 1:colcon.colcon_core.package_identification:_identify(src/microros/src/ros2/common_interfaces/sensor_msgs_py) by extension 'colcon_meta'
[0.480s] Level 1:colcon.colcon_core.package_identification:_identify(src/microros/src/ros2/common_interfaces/sensor_msgs_py) by extensions ['ros']
[0.480s] Level 1:colcon.colcon_core.package_identification:_identify(src/microros/src/ros2/common_interfaces/sensor_msgs_py) by extension 'ros'
[0.481s] DEBUG:colcon.colcon_core.package_identification:Package 'src/microros/src/ros2/common_interfaces/sensor_msgs_py' with type 'ros.ament_python' and name 'sensor_msgs_py'
[0.481s] Level 1:colcon.colcon_core.package_identification:_identify(src/microros/src/ros2/common_interfaces/shape_msgs) by extensions ['ignore', 'ignore_ament_install']
[0.481s] Level 1:colcon.colcon_core.package_identification:_identify(src/microros/src/ros2/common_interfaces/shape_msgs) by extension 'ignore'
[0.481s] Level 1:colcon.colcon_core.package_identification:_identify(src/microros/src/ros2/common_interfaces/shape_msgs) by extension 'ignore_ament_install'
[0.481s] Level 1:colcon.colcon_core.package_identification:_identify(src/microros/src/ros2/common_interfaces/shape_msgs) by extensions ['colcon_pkg']
[0.481s] Level 1:colcon.colcon_core.package_identification:_identify(src/microros/src/ros2/common_interfaces/shape_msgs) by extension 'colcon_pkg'
[0.481s] Level 1:colcon.colcon_core.package_identification:_identify(src/microros/src/ros2/common_interfaces/shape_msgs) by extensions ['colcon_meta']
[0.481s] Level 1:colcon.colcon_core.package_identification:_identify(src/microros/src/ros2/common_interfaces/shape_msgs) by extension 'colcon_meta'
[0.481s] Level 1:colcon.colcon_core.package_identification:_identify(src/microros/src/ros2/common_interfaces/shape_msgs) by extensions ['ros']
[0.481s] Level 1:colcon.colcon_core.package_identification:_identify(src/microros/src/ros2/common_interfaces/shape_msgs) by extension 'ros'
[0.482s] DEBUG:colcon.colcon_core.package_identification:Package 'src/microros/src/ros2/common_interfaces/shape_msgs' with type 'ros.ament_cmake' and name 'shape_msgs'
[0.482s] Level 1:colcon.colcon_core.package_identification:_identify(src/microros/src/ros2/common_interfaces/std_msgs) by extensions ['ignore', 'ignore_ament_install']
[0.482s] Level 1:colcon.colcon_core.package_identification:_identify(src/microros/src/ros2/common_interfaces/std_msgs) by extension 'ignore'
[0.482s] Level 1:colcon.colcon_core.package_identification:_identify(src/microros/src/ros2/common_interfaces/std_msgs) by extension 'ignore_ament_install'
[0.482s] Level 1:colcon.colcon_core.package_identification:_identify(src/microros/src/ros2/common_interfaces/std_msgs) by extensions ['colcon_pkg']
[0.482s] Level 1:colcon.colcon_core.package_identification:_identify(src/microros/src/ros2/common_interfaces/std_msgs) by extension 'colcon_pkg'
[0.482s] Level 1:colcon.colcon_core.package_identification:_identify(src/microros/src/ros2/common_interfaces/std_msgs) by extensions ['colcon_meta']
[0.482s] Level 1:colcon.colcon_core.package_identification:_identify(src/microros/src/ros2/common_interfaces/std_msgs) by extension 'colcon_meta'
[0.482s] Level 1:colcon.colcon_core.package_identification:_identify(src/microros/src/ros2/common_interfaces/std_msgs) by extensions ['ros']
[0.482s] Level 1:colcon.colcon_core.package_identification:_identify(src/microros/src/ros2/common_interfaces/std_msgs) by extension 'ros'
[0.483s] DEBUG:colcon.colcon_core.package_identification:Package 'src/microros/src/ros2/common_interfaces/std_msgs' with type 'ros.ament_cmake' and name 'std_msgs'
[0.483s] Level 1:colcon.colcon_core.package_identification:_identify(src/microros/src/ros2/common_interfaces/std_srvs) by extensions ['ignore', 'ignore_ament_install']
[0.483s] Level 1:colcon.colcon_core.package_identification:_identify(src/microros/src/ros2/common_interfaces/std_srvs) by extension 'ignore'
[0.483s] Level 1:colcon.colcon_core.package_identification:_identify(src/microros/src/ros2/common_interfaces/std_srvs) by extension 'ignore_ament_install'
[0.483s] Level 1:colcon.colcon_core.package_identification:_identify(src/microros/src/ros2/common_interfaces/std_srvs) by extensions ['colcon_pkg']
[0.483s] Level 1:colcon.colcon_core.package_identification:_identify(src/microros/src/ros2/common_interfaces/std_srvs) by extension 'colcon_pkg'
[0.483s] Level 1:colcon.colcon_core.package_identification:_identify(src/microros/src/ros2/common_interfaces/std_srvs) by extensions ['colcon_meta']
[0.483s] Level 1:colcon.colcon_core.package_identification:_identify(src/microros/src/ros2/common_interfaces/std_srvs) by extension 'colcon_meta'
[0.484s] Level 1:colcon.colcon_core.package_identification:_identify(src/microros/src/ros2/common_interfaces/std_srvs) by extensions ['ros']
[0.484s] Level 1:colcon.colcon_core.package_identification:_identify(src/microros/src/ros2/common_interfaces/std_srvs) by extension 'ros'
[0.484s] DEBUG:colcon.colcon_core.package_identification:Package 'src/microros/src/ros2/common_interfaces/std_srvs' with type 'ros.ament_cmake' and name 'std_srvs'
[0.484s] Level 1:colcon.colcon_core.package_identification:_identify(src/microros/src/ros2/common_interfaces/stereo_msgs) by extensions ['ignore', 'ignore_ament_install']
[0.484s] Level 1:colcon.colcon_core.package_identification:_identify(src/microros/src/ros2/common_interfaces/stereo_msgs) by extension 'ignore'
[0.484s] Level 1:colcon.colcon_core.package_identification:_identify(src/microros/src/ros2/common_interfaces/stereo_msgs) by extension 'ignore_ament_install'
[0.484s] Level 1:colcon.colcon_core.package_identification:_identify(src/microros/src/ros2/common_interfaces/stereo_msgs) by extensions ['colcon_pkg']
[0.484s] Level 1:colcon.colcon_core.package_identification:_identify(src/microros/src/ros2/common_interfaces/stereo_msgs) by extension 'colcon_pkg'
[0.484s] Level 1:colcon.colcon_core.package_identification:_identify(src/microros/src/ros2/common_interfaces/stereo_msgs) by extensions ['colcon_meta']
[0.484s] Level 1:colcon.colcon_core.package_identification:_identify(src/microros/src/ros2/common_interfaces/stereo_msgs) by extension 'colcon_meta'
[0.484s] Level 1:colcon.colcon_core.package_identification:_identify(src/microros/src/ros2/common_interfaces/stereo_msgs) by extensions ['ros']
[0.485s] Level 1:colcon.colcon_core.package_identification:_identify(src/microros/src/ros2/common_interfaces/stereo_msgs) by extension 'ros'
[0.485s] DEBUG:colcon.colcon_core.package_identification:Package 'src/microros/src/ros2/common_interfaces/stereo_msgs' with type 'ros.ament_cmake' and name 'stereo_msgs'
[0.485s] Level 1:colcon.colcon_core.package_identification:_identify(src/microros/src/ros2/common_interfaces/trajectory_msgs) by extensions ['ignore', 'ignore_ament_install']
[0.485s] Level 1:colcon.colcon_core.package_identification:_identify(src/microros/src/ros2/common_interfaces/trajectory_msgs) by extension 'ignore'
[0.485s] Level 1:colcon.colcon_core.package_identification:_identify(src/microros/src/ros2/common_interfaces/trajectory_msgs) by extension 'ignore_ament_install'
[0.485s] Level 1:colcon.colcon_core.package_identification:_identify(src/microros/src/ros2/common_interfaces/trajectory_msgs) by extensions ['colcon_pkg']
[0.485s] Level 1:colcon.colcon_core.package_identification:_identify(src/microros/src/ros2/common_interfaces/trajectory_msgs) by extension 'colcon_pkg'
[0.485s] Level 1:colcon.colcon_core.package_identification:_identify(src/microros/src/ros2/common_interfaces/trajectory_msgs) by extensions ['colcon_meta']
[0.485s] Level 1:colcon.colcon_core.package_identification:_identify(src/microros/src/ros2/common_interfaces/trajectory_msgs) by extension 'colcon_meta'
[0.485s] Level 1:colcon.colcon_core.package_identification:_identify(src/microros/src/ros2/common_interfaces/trajectory_msgs) by extensions ['ros']
[0.485s] Level 1:colcon.colcon_core.package_identification:_identify(src/microros/src/ros2/common_interfaces/trajectory_msgs) by extension 'ros'
[0.486s] DEBUG:colcon.colcon_core.package_identification:Package 'src/microros/src/ros2/common_interfaces/trajectory_msgs' with type 'ros.ament_cmake' and name 'trajectory_msgs'
[0.486s] Level 1:colcon.colcon_core.package_identification:_identify(src/microros/src/ros2/common_interfaces/visualization_msgs) by extensions ['ignore', 'ignore_ament_install']
[0.486s] Level 1:colcon.colcon_core.package_identification:_identify(src/microros/src/ros2/common_interfaces/visualization_msgs) by extension 'ignore'
[0.486s] Level 1:colcon.colcon_core.package_identification:_identify(src/microros/src/ros2/common_interfaces/visualization_msgs) by extension 'ignore_ament_install'
[0.486s] Level 1:colcon.colcon_core.package_identification:_identify(src/microros/src/ros2/common_interfaces/visualization_msgs) by extensions ['colcon_pkg']
[0.486s] Level 1:colcon.colcon_core.package_identification:_identify(src/microros/src/ros2/common_interfaces/visualization_msgs) by extension 'colcon_pkg'
[0.486s] Level 1:colcon.colcon_core.package_identification:_identify(src/microros/src/ros2/common_interfaces/visualization_msgs) by extensions ['colcon_meta']
[0.486s] Level 1:colcon.colcon_core.package_identification:_identify(src/microros/src/ros2/common_interfaces/visualization_msgs) by extension 'colcon_meta'
[0.487s] Level 1:colcon.colcon_core.package_identification:_identify(src/microros/src/ros2/common_interfaces/visualization_msgs) by extensions ['ros']
[0.487s] Level 1:colcon.colcon_core.package_identification:_identify(src/microros/src/ros2/common_interfaces/visualization_msgs) by extension 'ros'
[0.487s] DEBUG:colcon.colcon_core.package_identification:Package 'src/microros/src/ros2/common_interfaces/visualization_msgs' with type 'ros.ament_cmake' and name 'visualization_msgs'
[0.487s] Level 1:colcon.colcon_core.package_identification:_identify(src/microros/src/ros2/example_interfaces) by extensions ['ignore', 'ignore_ament_install']
[0.487s] Level 1:colcon.colcon_core.package_identification:_identify(src/microros/src/ros2/example_interfaces) by extension 'ignore'
[0.487s] Level 1:colcon.colcon_core.package_identification:_identify(src/microros/src/ros2/example_interfaces) by extension 'ignore_ament_install'
[0.488s] Level 1:colcon.colcon_core.package_identification:_identify(src/microros/src/ros2/example_interfaces) by extensions ['colcon_pkg']
[0.488s] Level 1:colcon.colcon_core.package_identification:_identify(src/microros/src/ros2/example_interfaces) by extension 'colcon_pkg'
[0.488s] Level 1:colcon.colcon_core.package_identification:_identify(src/microros/src/ros2/example_interfaces) by extensions ['colcon_meta']
[0.488s] Level 1:colcon.colcon_core.package_identification:_identify(src/microros/src/ros2/example_interfaces) by extension 'colcon_meta'
[0.488s] Level 1:colcon.colcon_core.package_identification:_identify(src/microros/src/ros2/example_interfaces) by extensions ['ros']
[0.488s] Level 1:colcon.colcon_core.package_identification:_identify(src/microros/src/ros2/example_interfaces) by extension 'ros'
[0.488s] DEBUG:colcon.colcon_core.package_identification:Package 'src/microros/src/ros2/example_interfaces' with type 'ros.ament_cmake' and name 'example_interfaces'
[0.488s] Level 1:colcon.colcon_core.package_identification:_identify(src/microros/src/ros2/rcl_interfaces) by extensions ['ignore', 'ignore_ament_install']
[0.488s] Level 1:colcon.colcon_core.package_identification:_identify(src/microros/src/ros2/rcl_interfaces) by extension 'ignore'
[0.489s] Level 1:colcon.colcon_core.package_identification:_identify(src/microros/src/ros2/rcl_interfaces) by extension 'ignore_ament_install'
[0.489s] Level 1:colcon.colcon_core.package_identification:_identify(src/microros/src/ros2/rcl_interfaces) by extensions ['colcon_pkg']
[0.489s] Level 1:colcon.colcon_core.package_identification:_identify(src/microros/src/ros2/rcl_interfaces) by extension 'colcon_pkg'
[0.489s] Level 1:colcon.colcon_core.package_identification:_identify(src/microros/src/ros2/rcl_interfaces) by extensions ['colcon_meta']
[0.489s] Level 1:colcon.colcon_core.package_identification:_identify(src/microros/src/ros2/rcl_interfaces) by extension 'colcon_meta'
[0.489s] Level 1:colcon.colcon_core.package_identification:_identify(src/microros/src/ros2/rcl_interfaces) by extensions ['ros']
[0.489s] Level 1:colcon.colcon_core.package_identification:_identify(src/microros/src/ros2/rcl_interfaces) by extension 'ros'
[0.489s] Level 1:colcon.colcon_core.package_identification:_identify(src/microros/src/ros2/rcl_interfaces) by extensions ['cmake', 'python']
[0.489s] Level 1:colcon.colcon_core.package_identification:_identify(src/microros/src/ros2/rcl_interfaces) by extension 'cmake'
[0.489s] Level 1:colcon.colcon_core.package_identification:_identify(src/microros/src/ros2/rcl_interfaces) by extension 'python'
[0.489s] Level 1:colcon.colcon_core.package_identification:_identify(src/microros/src/ros2/rcl_interfaces) by extensions ['python_setup_py']
[0.489s] Level 1:colcon.colcon_core.package_identification:_identify(src/microros/src/ros2/rcl_interfaces) by extension 'python_setup_py'
[0.489s] Level 1:colcon.colcon_core.package_identification:_identify(src/microros/src/ros2/rcl_interfaces/action_msgs) by extensions ['ignore', 'ignore_ament_install']
[0.489s] Level 1:colcon.colcon_core.package_identification:_identify(src/microros/src/ros2/rcl_interfaces/action_msgs) by extension 'ignore'
[0.489s] Level 1:colcon.colcon_core.package_identification:_identify(src/microros/src/ros2/rcl_interfaces/action_msgs) by extension 'ignore_ament_install'
[0.489s] Level 1:colcon.colcon_core.package_identification:_identify(src/microros/src/ros2/rcl_interfaces/action_msgs) by extensions ['colcon_pkg']
[0.489s] Level 1:colcon.colcon_core.package_identification:_identify(src/microros/src/ros2/rcl_interfaces/action_msgs) by extension 'colcon_pkg'
[0.489s] Level 1:colcon.colcon_core.package_identification:_identify(src/microros/src/ros2/rcl_interfaces/action_msgs) by extensions ['colcon_meta']
[0.489s] Level 1:colcon.colcon_core.package_identification:_identify(src/microros/src/ros2/rcl_interfaces/action_msgs) by extension 'colcon_meta'
[0.489s] Level 1:colcon.colcon_core.package_identification:_identify(src/microros/src/ros2/rcl_interfaces/action_msgs) by extensions ['ros']
[0.489s] Level 1:colcon.colcon_core.package_identification:_identify(src/microros/src/ros2/rcl_interfaces/action_msgs) by extension 'ros'
[0.490s] DEBUG:colcon.colcon_core.package_identification:Package 'src/microros/src/ros2/rcl_interfaces/action_msgs' with type 'ros.ament_cmake' and name 'action_msgs'
[0.490s] Level 1:colcon.colcon_core.package_identification:_identify(src/microros/src/ros2/rcl_interfaces/builtin_interfaces) by extensions ['ignore', 'ignore_ament_install']
[0.490s] Level 1:colcon.colcon_core.package_identification:_identify(src/microros/src/ros2/rcl_interfaces/builtin_interfaces) by extension 'ignore'
[0.490s] Level 1:colcon.colcon_core.package_identification:_identify(src/microros/src/ros2/rcl_interfaces/builtin_interfaces) by extension 'ignore_ament_install'
[0.490s] Level 1:colcon.colcon_core.package_identification:_identify(src/microros/src/ros2/rcl_interfaces/builtin_interfaces) by extensions ['colcon_pkg']
[0.490s] Level 1:colcon.colcon_core.package_identification:_identify(src/microros/src/ros2/rcl_interfaces/builtin_interfaces) by extension 'colcon_pkg'
[0.490s] Level 1:colcon.colcon_core.package_identification:_identify(src/microros/src/ros2/rcl_interfaces/builtin_interfaces) by extensions ['colcon_meta']
[0.490s] Level 1:colcon.colcon_core.package_identification:_identify(src/microros/src/ros2/rcl_interfaces/builtin_interfaces) by extension 'colcon_meta'
[0.490s] Level 1:colcon.colcon_core.package_identification:_identify(src/microros/src/ros2/rcl_interfaces/builtin_interfaces) by extensions ['ros']
[0.490s] Level 1:colcon.colcon_core.package_identification:_identify(src/microros/src/ros2/rcl_interfaces/builtin_interfaces) by extension 'ros'
[0.491s] DEBUG:colcon.colcon_core.package_identification:Package 'src/microros/src/ros2/rcl_interfaces/builtin_interfaces' with type 'ros.ament_cmake' and name 'builtin_interfaces'
[0.491s] Level 1:colcon.colcon_core.package_identification:_identify(src/microros/src/ros2/rcl_interfaces/composition_interfaces) by extensions ['ignore', 'ignore_ament_install']
[0.491s] Level 1:colcon.colcon_core.package_identification:_identify(src/microros/src/ros2/rcl_interfaces/composition_interfaces) by extension 'ignore'
[0.491s] Level 1:colcon.colcon_core.package_identification:_identify(src/microros/src/ros2/rcl_interfaces/composition_interfaces) by extension 'ignore_ament_install'
[0.491s] Level 1:colcon.colcon_core.package_identification:_identify(src/microros/src/ros2/rcl_interfaces/composition_interfaces) by extensions ['colcon_pkg']
[0.491s] Level 1:colcon.colcon_core.package_identification:_identify(src/microros/src/ros2/rcl_interfaces/composition_interfaces) by extension 'colcon_pkg'
[0.491s] Level 1:colcon.colcon_core.package_identification:_identify(src/microros/src/ros2/rcl_interfaces/composition_interfaces) by extensions ['colcon_meta']
[0.491s] Level 1:colcon.colcon_core.package_identification:_identify(src/microros/src/ros2/rcl_interfaces/composition_interfaces) by extension 'colcon_meta'
[0.491s] Level 1:colcon.colcon_core.package_identification:_identify(src/microros/src/ros2/rcl_interfaces/composition_interfaces) by extensions ['ros']
[0.491s] Level 1:colcon.colcon_core.package_identification:_identify(src/microros/src/ros2/rcl_interfaces/composition_interfaces) by extension 'ros'
[0.492s] DEBUG:colcon.colcon_core.package_identification:Package 'src/microros/src/ros2/rcl_interfaces/composition_interfaces' with type 'ros.ament_cmake' and name 'composition_interfaces'
[0.492s] Level 1:colcon.colcon_core.package_identification:_identify(src/microros/src/ros2/rcl_interfaces/lifecycle_msgs) by extensions ['ignore', 'ignore_ament_install']
[0.492s] Level 1:colcon.colcon_core.package_identification:_identify(src/microros/src/ros2/rcl_interfaces/lifecycle_msgs) by extension 'ignore'
[0.492s] Level 1:colcon.colcon_core.package_identification:_identify(src/microros/src/ros2/rcl_interfaces/lifecycle_msgs) by extension 'ignore_ament_install'
[0.492s] Level 1:colcon.colcon_core.package_identification:_identify(src/microros/src/ros2/rcl_interfaces/lifecycle_msgs) by extensions ['colcon_pkg']
[0.492s] Level 1:colcon.colcon_core.package_identification:_identify(src/microros/src/ros2/rcl_interfaces/lifecycle_msgs) by extension 'colcon_pkg'
[0.492s] Level 1:colcon.colcon_core.package_identification:_identify(src/microros/src/ros2/rcl_interfaces/lifecycle_msgs) by extensions ['colcon_meta']
[0.492s] Level 1:colcon.colcon_core.package_identification:_identify(src/microros/src/ros2/rcl_interfaces/lifecycle_msgs) by extension 'colcon_meta'
[0.492s] Level 1:colcon.colcon_core.package_identification:_identify(src/microros/src/ros2/rcl_interfaces/lifecycle_msgs) by extensions ['ros']
[0.492s] Level 1:colcon.colcon_core.package_identification:_identify(src/microros/src/ros2/rcl_interfaces/lifecycle_msgs) by extension 'ros'
[0.493s] DEBUG:colcon.colcon_core.package_identification:Package 'src/microros/src/ros2/rcl_interfaces/lifecycle_msgs' with type 'ros.ament_cmake' and name 'lifecycle_msgs'
[0.493s] Level 1:colcon.colcon_core.package_identification:_identify(src/microros/src/ros2/rcl_interfaces/rcl_interfaces) by extensions ['ignore', 'ignore_ament_install']
[0.493s] Level 1:colcon.colcon_core.package_identification:_identify(src/microros/src/ros2/rcl_interfaces/rcl_interfaces) by extension 'ignore'
[0.493s] Level 1:colcon.colcon_core.package_identification:_identify(src/microros/src/ros2/rcl_interfaces/rcl_interfaces) by extension 'ignore_ament_install'
[0.493s] Level 1:colcon.colcon_core.package_identification:_identify(src/microros/src/ros2/rcl_interfaces/rcl_interfaces) by extensions ['colcon_pkg']
[0.493s] Level 1:colcon.colcon_core.package_identification:_identify(src/microros/src/ros2/rcl_interfaces/rcl_interfaces) by extension 'colcon_pkg'
[0.493s] Level 1:colcon.colcon_core.package_identification:_identify(src/microros/src/ros2/rcl_interfaces/rcl_interfaces) by extensions ['colcon_meta']
[0.493s] Level 1:colcon.colcon_core.package_identification:_identify(src/microros/src/ros2/rcl_interfaces/rcl_interfaces) by extension 'colcon_meta'
[0.493s] Level 1:colcon.colcon_core.package_identification:_identify(src/microros/src/ros2/rcl_interfaces/rcl_interfaces) by extensions ['ros']
[0.493s] Level 1:colcon.colcon_core.package_identification:_identify(src/microros/src/ros2/rcl_interfaces/rcl_interfaces) by extension 'ros'
[0.494s] DEBUG:colcon.colcon_core.package_identification:Package 'src/microros/src/ros2/rcl_interfaces/rcl_interfaces' with type 'ros.ament_cmake' and name 'rcl_interfaces'
[0.494s] Level 1:colcon.colcon_core.package_identification:_identify(src/microros/src/ros2/rcl_interfaces/rosgraph_msgs) by extensions ['ignore', 'ignore_ament_install']
[0.494s] Level 1:colcon.colcon_core.package_identification:_identify(src/microros/src/ros2/rcl_interfaces/rosgraph_msgs) by extension 'ignore'
[0.494s] Level 1:colcon.colcon_core.package_identification:_identify(src/microros/src/ros2/rcl_interfaces/rosgraph_msgs) by extension 'ignore_ament_install'
[0.494s] Level 1:colcon.colcon_core.package_identification:_identify(src/microros/src/ros2/rcl_interfaces/rosgraph_msgs) by extensions ['colcon_pkg']
[0.494s] Level 1:colcon.colcon_core.package_identification:_identify(src/microros/src/ros2/rcl_interfaces/rosgraph_msgs) by extension 'colcon_pkg'
[0.494s] Level 1:colcon.colcon_core.package_identification:_identify(src/microros/src/ros2/rcl_interfaces/rosgraph_msgs) by extensions ['colcon_meta']
[0.494s] Level 1:colcon.colcon_core.package_identification:_identify(src/microros/src/ros2/rcl_interfaces/rosgraph_msgs) by extension 'colcon_meta'
[0.494s] Level 1:colcon.colcon_core.package_identification:_identify(src/microros/src/ros2/rcl_interfaces/rosgraph_msgs) by extensions ['ros']
[0.494s] Level 1:colcon.colcon_core.package_identification:_identify(src/microros/src/ros2/rcl_interfaces/rosgraph_msgs) by extension 'ros'
[0.495s] DEBUG:colcon.colcon_core.package_identification:Package 'src/microros/src/ros2/rcl_interfaces/rosgraph_msgs' with type 'ros.ament_cmake' and name 'rosgraph_msgs'
[0.495s] Level 1:colcon.colcon_core.package_identification:_identify(src/microros/src/ros2/rcl_interfaces/statistics_msgs) by extensions ['ignore', 'ignore_ament_install']
[0.495s] Level 1:colcon.colcon_core.package_identification:_identify(src/microros/src/ros2/rcl_interfaces/statistics_msgs) by extension 'ignore'
[0.495s] Level 1:colcon.colcon_core.package_identification:_identify(src/microros/src/ros2/rcl_interfaces/statistics_msgs) by extension 'ignore_ament_install'
[0.495s] Level 1:colcon.colcon_core.package_identification:_identify(src/microros/src/ros2/rcl_interfaces/statistics_msgs) by extensions ['colcon_pkg']
[0.495s] Level 1:colcon.colcon_core.package_identification:_identify(src/microros/src/ros2/rcl_interfaces/statistics_msgs) by extension 'colcon_pkg'
[0.495s] Level 1:colcon.colcon_core.package_identification:_identify(src/microros/src/ros2/rcl_interfaces/statistics_msgs) by extensions ['colcon_meta']
[0.495s] Level 1:colcon.colcon_core.package_identification:_identify(src/microros/src/ros2/rcl_interfaces/statistics_msgs) by extension 'colcon_meta'
[0.495s] Level 1:colcon.colcon_core.package_identification:_identify(src/microros/src/ros2/rcl_interfaces/statistics_msgs) by extensions ['ros']
[0.495s] Level 1:colcon.colcon_core.package_identification:_identify(src/microros/src/ros2/rcl_interfaces/statistics_msgs) by extension 'ros'
[0.496s] DEBUG:colcon.colcon_core.package_identification:Package 'src/microros/src/ros2/rcl_interfaces/statistics_msgs' with type 'ros.ament_cmake' and name 'statistics_msgs'
[0.496s] Level 1:colcon.colcon_core.package_identification:_identify(src/microros/src/ros2/rcl_interfaces/test_msgs) by extensions ['ignore', 'ignore_ament_install']
[0.496s] Level 1:colcon.colcon_core.package_identification:_identify(src/microros/src/ros2/rcl_interfaces/test_msgs) by extension 'ignore'
[0.496s] Level 1:colcon.colcon_core.package_identification:_identify(src/microros/src/ros2/rcl_interfaces/test_msgs) by extension 'ignore_ament_install'
[0.496s] Level 1:colcon.colcon_core.package_identification:_identify(src/microros/src/ros2/rcl_interfaces/test_msgs) by extensions ['colcon_pkg']
[0.496s] Level 1:colcon.colcon_core.package_identification:_identify(src/microros/src/ros2/rcl_interfaces/test_msgs) by extension 'colcon_pkg'
[0.496s] Level 1:colcon.colcon_core.package_identification:_identify(src/microros/src/ros2/rcl_interfaces/test_msgs) by extensions ['colcon_meta']
[0.496s] Level 1:colcon.colcon_core.package_identification:_identify(src/microros/src/ros2/rcl_interfaces/test_msgs) by extension 'colcon_meta'
[0.496s] Level 1:colcon.colcon_core.package_identification:_identify(src/microros/src/ros2/rcl_interfaces/test_msgs) by extensions ['ros']
[0.496s] Level 1:colcon.colcon_core.package_identification:_identify(src/microros/src/ros2/rcl_interfaces/test_msgs) by extension 'ros'
[0.497s] DEBUG:colcon.colcon_core.package_identification:Package 'src/microros/src/ros2/rcl_interfaces/test_msgs' with type 'ros.ament_cmake' and name 'test_msgs'
[0.497s] Level 1:colcon.colcon_core.package_identification:_identify(src/microros/src/ros2/unique_identifier_msgs) by extensions ['ignore', 'ignore_ament_install']
[0.497s] Level 1:colcon.colcon_core.package_identification:_identify(src/microros/src/ros2/unique_identifier_msgs) by extension 'ignore'
[0.497s] Level 1:colcon.colcon_core.package_identification:_identify(src/microros/src/ros2/unique_identifier_msgs) by extension 'ignore_ament_install'
[0.497s] Level 1:colcon.colcon_core.package_identification:_identify(src/microros/src/ros2/unique_identifier_msgs) by extensions ['colcon_pkg']
[0.497s] Level 1:colcon.colcon_core.package_identification:_identify(src/microros/src/ros2/unique_identifier_msgs) by extension 'colcon_pkg'
[0.497s] Level 1:colcon.colcon_core.package_identification:_identify(src/microros/src/ros2/unique_identifier_msgs) by extensions ['colcon_meta']
[0.497s] Level 1:colcon.colcon_core.package_identification:_identify(src/microros/src/ros2/unique_identifier_msgs) by extension 'colcon_meta'
[0.497s] Level 1:colcon.colcon_core.package_identification:_identify(src/microros/src/ros2/unique_identifier_msgs) by extensions ['ros']
[0.497s] Level 1:colcon.colcon_core.package_identification:_identify(src/microros/src/ros2/unique_identifier_msgs) by extension 'ros'
[0.498s] DEBUG:colcon.colcon_core.package_identification:Package 'src/microros/src/ros2/unique_identifier_msgs' with type 'ros.ament_cmake' and name 'unique_identifier_msgs'
[0.498s] Level 1:colcon.colcon_core.package_identification:_identify(src/microros/src/uros) by extensions ['ignore', 'ignore_ament_install']
[0.498s] Level 1:colcon.colcon_core.package_identification:_identify(src/microros/src/uros) by extension 'ignore'
[0.498s] Level 1:colcon.colcon_core.package_identification:_identify(src/microros/src/uros) by extension 'ignore_ament_install'
[0.498s] Level 1:colcon.colcon_core.package_identification:_identify(src/microros/src/uros) by extensions ['colcon_pkg']
[0.498s] Level 1:colcon.colcon_core.package_identification:_identify(src/microros/src/uros) by extension 'colcon_pkg'
[0.498s] Level 1:colcon.colcon_core.package_identification:_identify(src/microros/src/uros) by extensions ['colcon_meta']
[0.498s] Level 1:colcon.colcon_core.package_identification:_identify(src/microros/src/uros) by extension 'colcon_meta'
[0.498s] Level 1:colcon.colcon_core.package_identification:_identify(src/microros/src/uros) by extensions ['ros']
[0.498s] Level 1:colcon.colcon_core.package_identification:_identify(src/microros/src/uros) by extension 'ros'
[0.498s] Level 1:colcon.colcon_core.package_identification:_identify(src/microros/src/uros) by extensions ['cmake', 'python']
[0.498s] Level 1:colcon.colcon_core.package_identification:_identify(src/microros/src/uros) by extension 'cmake'
[0.498s] Level 1:colcon.colcon_core.package_identification:_identify(src/microros/src/uros) by extension 'python'
[0.498s] Level 1:colcon.colcon_core.package_identification:_identify(src/microros/src/uros) by extensions ['python_setup_py']
[0.498s] Level 1:colcon.colcon_core.package_identification:_identify(src/microros/src/uros) by extension 'python_setup_py'
[0.498s] Level 1:colcon.colcon_core.package_identification:_identify(src/microros/src/uros/micro-ROS-Agent) by extensions ['ignore', 'ignore_ament_install']
[0.498s] Level 1:colcon.colcon_core.package_identification:_identify(src/microros/src/uros/micro-ROS-Agent) by extension 'ignore'
[0.498s] Level 1:colcon.colcon_core.package_identification:_identify(src/microros/src/uros/micro-ROS-Agent) by extension 'ignore_ament_install'
[0.498s] Level 1:colcon.colcon_core.package_identification:_identify(src/microros/src/uros/micro-ROS-Agent) by extensions ['colcon_pkg']
[0.498s] Level 1:colcon.colcon_core.package_identification:_identify(src/microros/src/uros/micro-ROS-Agent) by extension 'colcon_pkg'
[0.498s] Level 1:colcon.colcon_core.package_identification:_identify(src/microros/src/uros/micro-ROS-Agent) by extensions ['colcon_meta']
[0.498s] Level 1:colcon.colcon_core.package_identification:_identify(src/microros/src/uros/micro-ROS-Agent) by extension 'colcon_meta'
[0.498s] Level 1:colcon.colcon_core.package_identification:_identify(src/microros/src/uros/micro-ROS-Agent) by extensions ['ros']
[0.498s] Level 1:colcon.colcon_core.package_identification:_identify(src/microros/src/uros/micro-ROS-Agent) by extension 'ros'
[0.498s] Level 1:colcon.colcon_core.package_identification:_identify(src/microros/src/uros/micro-ROS-Agent) by extensions ['cmake', 'python']
[0.498s] Level 1:colcon.colcon_core.package_identification:_identify(src/microros/src/uros/micro-ROS-Agent) by extension 'cmake'
[0.498s] Level 1:colcon.colcon_core.package_identification:_identify(src/microros/src/uros/micro-ROS-Agent) by extension 'python'
[0.498s] Level 1:colcon.colcon_core.package_identification:_identify(src/microros/src/uros/micro-ROS-Agent) by extensions ['python_setup_py']
[0.498s] Level 1:colcon.colcon_core.package_identification:_identify(src/microros/src/uros/micro-ROS-Agent) by extension 'python_setup_py'
[0.499s] Level 1:colcon.colcon_core.package_identification:_identify(src/microros/src/uros/micro-ROS-Agent/micro_ros_agent) by extensions ['ignore', 'ignore_ament_install']
[0.499s] Level 1:colcon.colcon_core.package_identification:_identify(src/microros/src/uros/micro-ROS-Agent/micro_ros_agent) by extension 'ignore'
[0.499s] Level 1:colcon.colcon_core.package_identification:_identify(src/microros/src/uros/micro-ROS-Agent/micro_ros_agent) by extension 'ignore_ament_install'
[0.499s] Level 1:colcon.colcon_core.package_identification:_identify(src/microros/src/uros/micro-ROS-Agent/micro_ros_agent) by extensions ['colcon_pkg']
[0.499s] Level 1:colcon.colcon_core.package_identification:_identify(src/microros/src/uros/micro-ROS-Agent/micro_ros_agent) by extension 'colcon_pkg'
[0.499s] Level 1:colcon.colcon_core.package_identification:_identify(src/microros/src/uros/micro-ROS-Agent/micro_ros_agent) by extensions ['colcon_meta']
[0.499s] Level 1:colcon.colcon_core.package_identification:_identify(src/microros/src/uros/micro-ROS-Agent/micro_ros_agent) by extension 'colcon_meta'
[0.499s] Level 1:colcon.colcon_core.package_identification:_identify(src/microros/src/uros/micro-ROS-Agent/micro_ros_agent) by extensions ['ros']
[0.499s] Level 1:colcon.colcon_core.package_identification:_identify(src/microros/src/uros/micro-ROS-Agent/micro_ros_agent) by extension 'ros'
[0.500s] DEBUG:colcon.colcon_core.package_identification:Package 'src/microros/src/uros/micro-ROS-Agent/micro_ros_agent' with type 'ros.ament_cmake' and name 'micro_ros_agent'
[0.500s] Level 1:colcon.colcon_core.package_identification:_identify(src/microros/src/uros/micro-ROS-Agent/snap) by extensions ['ignore', 'ignore_ament_install']
[0.500s] Level 1:colcon.colcon_core.package_identification:_identify(src/microros/src/uros/micro-ROS-Agent/snap) by extension 'ignore'
[0.500s] Level 1:colcon.colcon_core.package_identification:_identify(src/microros/src/uros/micro-ROS-Agent/snap) by extension 'ignore_ament_install'
[0.500s] Level 1:colcon.colcon_core.package_identification:_identify(src/microros/src/uros/micro-ROS-Agent/snap) by extensions ['colcon_pkg']
[0.500s] Level 1:colcon.colcon_core.package_identification:_identify(src/microros/src/uros/micro-ROS-Agent/snap) by extension 'colcon_pkg'
[0.500s] Level 1:colcon.colcon_core.package_identification:_identify(src/microros/src/uros/micro-ROS-Agent/snap) by extensions ['colcon_meta']
[0.500s] Level 1:colcon.colcon_core.package_identification:_identify(src/microros/src/uros/micro-ROS-Agent/snap) by extension 'colcon_meta'
[0.500s] Level 1:colcon.colcon_core.package_identification:_identify(src/microros/src/uros/micro-ROS-Agent/snap) by extensions ['ros']
[0.500s] Level 1:colcon.colcon_core.package_identification:_identify(src/microros/src/uros/micro-ROS-Agent/snap) by extension 'ros'
[0.500s] Level 1:colcon.colcon_core.package_identification:_identify(src/microros/src/uros/micro-ROS-Agent/snap) by extensions ['cmake', 'python']
[0.501s] Level 1:colcon.colcon_core.package_identification:_identify(src/microros/src/uros/micro-ROS-Agent/snap) by extension 'cmake'
[0.501s] Level 1:colcon.colcon_core.package_identification:_identify(src/microros/src/uros/micro-ROS-Agent/snap) by extension 'python'
[0.501s] Level 1:colcon.colcon_core.package_identification:_identify(src/microros/src/uros/micro-ROS-Agent/snap) by extensions ['python_setup_py']
[0.501s] Level 1:colcon.colcon_core.package_identification:_identify(src/microros/src/uros/micro-ROS-Agent/snap) by extension 'python_setup_py'
[0.501s] Level 1:colcon.colcon_core.package_identification:_identify(src/microros/src/uros/micro-ROS-Agent/snap/hooks) by extensions ['ignore', 'ignore_ament_install']
[0.501s] Level 1:colcon.colcon_core.package_identification:_identify(src/microros/src/uros/micro-ROS-Agent/snap/hooks) by extension 'ignore'
[0.501s] Level 1:colcon.colcon_core.package_identification:_identify(src/microros/src/uros/micro-ROS-Agent/snap/hooks) by extension 'ignore_ament_install'
[0.501s] Level 1:colcon.colcon_core.package_identification:_identify(src/microros/src/uros/micro-ROS-Agent/snap/hooks) by extensions ['colcon_pkg']
[0.501s] Level 1:colcon.colcon_core.package_identification:_identify(src/microros/src/uros/micro-ROS-Agent/snap/hooks) by extension 'colcon_pkg'
[0.501s] Level 1:colcon.colcon_core.package_identification:_identify(src/microros/src/uros/micro-ROS-Agent/snap/hooks) by extensions ['colcon_meta']
[0.501s] Level 1:colcon.colcon_core.package_identification:_identify(src/microros/src/uros/micro-ROS-Agent/snap/hooks) by extension 'colcon_meta'
[0.501s] Level 1:colcon.colcon_core.package_identification:_identify(src/microros/src/uros/micro-ROS-Agent/snap/hooks) by extensions ['ros']
[0.501s] Level 1:colcon.colcon_core.package_identification:_identify(src/microros/src/uros/micro-ROS-Agent/snap/hooks) by extension 'ros'
[0.501s] Level 1:colcon.colcon_core.package_identification:_identify(src/microros/src/uros/micro-ROS-Agent/snap/hooks) by extensions ['cmake', 'python']
[0.501s] Level 1:colcon.colcon_core.package_identification:_identify(src/microros/src/uros/micro-ROS-Agent/snap/hooks) by extension 'cmake'
[0.501s] Level 1:colcon.colcon_core.package_identification:_identify(src/microros/src/uros/micro-ROS-Agent/snap/hooks) by extension 'python'
[0.501s] Level 1:colcon.colcon_core.package_identification:_identify(src/microros/src/uros/micro-ROS-Agent/snap/hooks) by extensions ['python_setup_py']
[0.501s] Level 1:colcon.colcon_core.package_identification:_identify(src/microros/src/uros/micro-ROS-Agent/snap/hooks) by extension 'python_setup_py'
[0.501s] Level 1:colcon.colcon_core.package_identification:_identify(src/microros/src/uros/micro-ROS-Agent/snap/local) by extensions ['ignore', 'ignore_ament_install']
[0.501s] Level 1:colcon.colcon_core.package_identification:_identify(src/microros/src/uros/micro-ROS-Agent/snap/local) by extension 'ignore'
[0.501s] Level 1:colcon.colcon_core.package_identification:_identify(src/microros/src/uros/micro-ROS-Agent/snap/local) by extension 'ignore_ament_install'
[0.501s] Level 1:colcon.colcon_core.package_identification:_identify(src/microros/src/uros/micro-ROS-Agent/snap/local) by extensions ['colcon_pkg']
[0.501s] Level 1:colcon.colcon_core.package_identification:_identify(src/microros/src/uros/micro-ROS-Agent/snap/local) by extension 'colcon_pkg'
[0.501s] Level 1:colcon.colcon_core.package_identification:_identify(src/microros/src/uros/micro-ROS-Agent/snap/local) by extensions ['colcon_meta']
[0.501s] Level 1:colcon.colcon_core.package_identification:_identify(src/microros/src/uros/micro-ROS-Agent/snap/local) by extension 'colcon_meta'
[0.501s] Level 1:colcon.colcon_core.package_identification:_identify(src/microros/src/uros/micro-ROS-Agent/snap/local) by extensions ['ros']
[0.501s] Level 1:colcon.colcon_core.package_identification:_identify(src/microros/src/uros/micro-ROS-Agent/snap/local) by extension 'ros'
[0.501s] Level 1:colcon.colcon_core.package_identification:_identify(src/microros/src/uros/micro-ROS-Agent/snap/local) by extensions ['cmake', 'python']
[0.501s] Level 1:colcon.colcon_core.package_identification:_identify(src/microros/src/uros/micro-ROS-Agent/snap/local) by extension 'cmake'
[0.501s] Level 1:colcon.colcon_core.package_identification:_identify(src/microros/src/uros/micro-ROS-Agent/snap/local) by extension 'python'
[0.501s] Level 1:colcon.colcon_core.package_identification:_identify(src/microros/src/uros/micro-ROS-Agent/snap/local) by extensions ['python_setup_py']
[0.501s] Level 1:colcon.colcon_core.package_identification:_identify(src/microros/src/uros/micro-ROS-Agent/snap/local) by extension 'python_setup_py'
[0.501s] Level 1:colcon.colcon_core.package_identification:_identify(src/microros/src/uros/micro-ROS-demos) by extensions ['ignore', 'ignore_ament_install']
[0.502s] Level 1:colcon.colcon_core.package_identification:_identify(src/microros/src/uros/micro-ROS-demos) by extension 'ignore'
[0.502s] Level 1:colcon.colcon_core.package_identification:_identify(src/microros/src/uros/micro-ROS-demos) by extension 'ignore_ament_install'
[0.502s] Level 1:colcon.colcon_core.package_identification:_identify(src/microros/src/uros/micro-ROS-demos) by extensions ['colcon_pkg']
[0.502s] Level 1:colcon.colcon_core.package_identification:_identify(src/microros/src/uros/micro-ROS-demos) by extension 'colcon_pkg'
[0.502s] Level 1:colcon.colcon_core.package_identification:_identify(src/microros/src/uros/micro-ROS-demos) by extensions ['colcon_meta']
[0.502s] Level 1:colcon.colcon_core.package_identification:_identify(src/microros/src/uros/micro-ROS-demos) by extension 'colcon_meta'
[0.502s] Level 1:colcon.colcon_core.package_identification:_identify(src/microros/src/uros/micro-ROS-demos) by extensions ['ros']
[0.502s] Level 1:colcon.colcon_core.package_identification:_identify(src/microros/src/uros/micro-ROS-demos) by extension 'ros'
[0.502s] Level 1:colcon.colcon_core.package_identification:_identify(src/microros/src/uros/micro-ROS-demos) by extensions ['cmake', 'python']
[0.502s] Level 1:colcon.colcon_core.package_identification:_identify(src/microros/src/uros/micro-ROS-demos) by extension 'cmake'
[0.502s] Level 1:colcon.colcon_core.package_identification:_identify(src/microros/src/uros/micro-ROS-demos) by extension 'python'
[0.502s] Level 1:colcon.colcon_core.package_identification:_identify(src/microros/src/uros/micro-ROS-demos) by extensions ['python_setup_py']
[0.502s] Level 1:colcon.colcon_core.package_identification:_identify(src/microros/src/uros/micro-ROS-demos) by extension 'python_setup_py'
[0.502s] Level 1:colcon.colcon_core.package_identification:_identify(src/microros/src/uros/micro-ROS-demos/messages) by extensions ['ignore', 'ignore_ament_install']
[0.502s] Level 1:colcon.colcon_core.package_identification:_identify(src/microros/src/uros/micro-ROS-demos/messages) by extension 'ignore'
[0.502s] Level 1:colcon.colcon_core.package_identification:_identify(src/microros/src/uros/micro-ROS-demos/messages) by extension 'ignore_ament_install'
[0.502s] Level 1:colcon.colcon_core.package_identification:_identify(src/microros/src/uros/micro-ROS-demos/messages) by extensions ['colcon_pkg']
[0.502s] Level 1:colcon.colcon_core.package_identification:_identify(src/microros/src/uros/micro-ROS-demos/messages) by extension 'colcon_pkg'
[0.502s] Level 1:colcon.colcon_core.package_identification:_identify(src/microros/src/uros/micro-ROS-demos/messages) by extensions ['colcon_meta']
[0.502s] Level 1:colcon.colcon_core.package_identification:_identify(src/microros/src/uros/micro-ROS-demos/messages) by extension 'colcon_meta'
[0.502s] Level 1:colcon.colcon_core.package_identification:_identify(src/microros/src/uros/micro-ROS-demos/messages) by extensions ['ros']
[0.502s] Level 1:colcon.colcon_core.package_identification:_identify(src/microros/src/uros/micro-ROS-demos/messages) by extension 'ros'
[0.502s] Level 1:colcon.colcon_core.package_identification:_identify(src/microros/src/uros/micro-ROS-demos/messages) by extensions ['cmake', 'python']
[0.502s] Level 1:colcon.colcon_core.package_identification:_identify(src/microros/src/uros/micro-ROS-demos/messages) by extension 'cmake'
[0.502s] Level 1:colcon.colcon_core.package_identification:_identify(src/microros/src/uros/micro-ROS-demos/messages) by extension 'python'
[0.502s] Level 1:colcon.colcon_core.package_identification:_identify(src/microros/src/uros/micro-ROS-demos/messages) by extensions ['python_setup_py']
[0.502s] Level 1:colcon.colcon_core.package_identification:_identify(src/microros/src/uros/micro-ROS-demos/messages) by extension 'python_setup_py'
[0.502s] Level 1:colcon.colcon_core.package_identification:_identify(src/microros/src/uros/micro-ROS-demos/messages/complex_msg) by extensions ['ignore', 'ignore_ament_install']
[0.502s] Level 1:colcon.colcon_core.package_identification:_identify(src/microros/src/uros/micro-ROS-demos/messages/complex_msg) by extension 'ignore'
[0.502s] Level 1:colcon.colcon_core.package_identification:_identify(src/microros/src/uros/micro-ROS-demos/messages/complex_msg) by extension 'ignore_ament_install'
[0.502s] Level 1:colcon.colcon_core.package_identification:_identify(src/microros/src/uros/micro-ROS-demos/messages/complex_msg) by extensions ['colcon_pkg']
[0.502s] Level 1:colcon.colcon_core.package_identification:_identify(src/microros/src/uros/micro-ROS-demos/messages/complex_msg) by extension 'colcon_pkg'
[0.502s] Level 1:colcon.colcon_core.package_identification:_identify(src/microros/src/uros/micro-ROS-demos/messages/complex_msg) by extensions ['colcon_meta']
[0.502s] Level 1:colcon.colcon_core.package_identification:_identify(src/microros/src/uros/micro-ROS-demos/messages/complex_msg) by extension 'colcon_meta'
[0.502s] Level 1:colcon.colcon_core.package_identification:_identify(src/microros/src/uros/micro-ROS-demos/messages/complex_msg) by extensions ['ros']
[0.502s] Level 1:colcon.colcon_core.package_identification:_identify(src/microros/src/uros/micro-ROS-demos/messages/complex_msg) by extension 'ros'
[0.503s] DEBUG:colcon.colcon_core.package_identification:Package 'src/microros/src/uros/micro-ROS-demos/messages/complex_msg' with type 'ros.ament_cmake' and name 'complex_msgs'
[0.503s] Level 1:colcon.colcon_core.package_identification:_identify(src/microros/src/uros/micro-ROS-demos/rclc) by extensions ['ignore', 'ignore_ament_install']
[0.503s] Level 1:colcon.colcon_core.package_identification:_identify(src/microros/src/uros/micro-ROS-demos/rclc) by extension 'ignore'
[0.503s] Level 1:colcon.colcon_core.package_identification:_identify(src/microros/src/uros/micro-ROS-demos/rclc) by extension 'ignore_ament_install'
[0.503s] Level 1:colcon.colcon_core.package_identification:_identify(src/microros/src/uros/micro-ROS-demos/rclc) by extensions ['colcon_pkg']
[0.503s] Level 1:colcon.colcon_core.package_identification:_identify(src/microros/src/uros/micro-ROS-demos/rclc) by extension 'colcon_pkg'
[0.503s] Level 1:colcon.colcon_core.package_identification:_identify(src/microros/src/uros/micro-ROS-demos/rclc) by extensions ['colcon_meta']
[0.503s] Level 1:colcon.colcon_core.package_identification:_identify(src/microros/src/uros/micro-ROS-demos/rclc) by extension 'colcon_meta'
[0.503s] Level 1:colcon.colcon_core.package_identification:_identify(src/microros/src/uros/micro-ROS-demos/rclc) by extensions ['ros']
[0.503s] Level 1:colcon.colcon_core.package_identification:_identify(src/microros/src/uros/micro-ROS-demos/rclc) by extension 'ros'
[0.504s] DEBUG:colcon.colcon_core.package_identification:Package 'src/microros/src/uros/micro-ROS-demos/rclc' with type 'ros.ament_cmake' and name 'micro_ros_demos_rclc'
[0.504s] Level 1:colcon.colcon_core.package_identification:_identify(src/microros/src/uros/micro_ros_msgs) by extensions ['ignore', 'ignore_ament_install']
[0.505s] Level 1:colcon.colcon_core.package_identification:_identify(src/microros/src/uros/micro_ros_msgs) by extension 'ignore'
[0.505s] Level 1:colcon.colcon_core.package_identification:_identify(src/microros/src/uros/micro_ros_msgs) by extension 'ignore_ament_install'
[0.505s] Level 1:colcon.colcon_core.package_identification:_identify(src/microros/src/uros/micro_ros_msgs) by extensions ['colcon_pkg']
[0.505s] Level 1:colcon.colcon_core.package_identification:_identify(src/microros/src/uros/micro_ros_msgs) by extension 'colcon_pkg'
[0.505s] Level 1:colcon.colcon_core.package_identification:_identify(src/microros/src/uros/micro_ros_msgs) by extensions ['colcon_meta']
[0.505s] Level 1:colcon.colcon_core.package_identification:_identify(src/microros/src/uros/micro_ros_msgs) by extension 'colcon_meta'
[0.505s] Level 1:colcon.colcon_core.package_identification:_identify(src/microros/src/uros/micro_ros_msgs) by extensions ['ros']
[0.505s] Level 1:colcon.colcon_core.package_identification:_identify(src/microros/src/uros/micro_ros_msgs) by extension 'ros'
[0.505s] DEBUG:colcon.colcon_core.package_identification:Package 'src/microros/src/uros/micro_ros_msgs' with type 'ros.ament_cmake' and name 'micro_ros_msgs'
[0.505s] Level 1:colcon.colcon_core.package_identification:_identify(src/microros/src/uros/micro_ros_utilities) by extensions ['ignore', 'ignore_ament_install']
[0.505s] Level 1:colcon.colcon_core.package_identification:_identify(src/microros/src/uros/micro_ros_utilities) by extension 'ignore'
[0.505s] Level 1:colcon.colcon_core.package_identification:_identify(src/microros/src/uros/micro_ros_utilities) by extension 'ignore_ament_install'
[0.505s] Level 1:colcon.colcon_core.package_identification:_identify(src/microros/src/uros/micro_ros_utilities) by extensions ['colcon_pkg']
[0.505s] Level 1:colcon.colcon_core.package_identification:_identify(src/microros/src/uros/micro_ros_utilities) by extension 'colcon_pkg'
[0.505s] Level 1:colcon.colcon_core.package_identification:_identify(src/microros/src/uros/micro_ros_utilities) by extensions ['colcon_meta']
[0.505s] Level 1:colcon.colcon_core.package_identification:_identify(src/microros/src/uros/micro_ros_utilities) by extension 'colcon_meta'
[0.505s] Level 1:colcon.colcon_core.package_identification:_identify(src/microros/src/uros/micro_ros_utilities) by extensions ['ros']
[0.506s] Level 1:colcon.colcon_core.package_identification:_identify(src/microros/src/uros/micro_ros_utilities) by extension 'ros'
[0.506s] DEBUG:colcon.colcon_core.package_identification:Package 'src/microros/src/uros/micro_ros_utilities' with type 'ros.ament_cmake' and name 'micro_ros_utilities'
[0.506s] Level 1:colcon.colcon_core.package_identification:_identify(src/microros/src/uros/rclc) by extensions ['ignore', 'ignore_ament_install']
[0.506s] Level 1:colcon.colcon_core.package_identification:_identify(src/microros/src/uros/rclc) by extension 'ignore'
[0.506s] Level 1:colcon.colcon_core.package_identification:_identify(src/microros/src/uros/rclc) by extension 'ignore_ament_install'
[0.506s] Level 1:colcon.colcon_core.package_identification:_identify(src/microros/src/uros/rclc) by extensions ['colcon_pkg']
[0.506s] Level 1:colcon.colcon_core.package_identification:_identify(src/microros/src/uros/rclc) by extension 'colcon_pkg'
[0.506s] Level 1:colcon.colcon_core.package_identification:_identify(src/microros/src/uros/rclc) by extensions ['colcon_meta']
[0.506s] Level 1:colcon.colcon_core.package_identification:_identify(src/microros/src/uros/rclc) by extension 'colcon_meta'
[0.506s] Level 1:colcon.colcon_core.package_identification:_identify(src/microros/src/uros/rclc) by extensions ['ros']
[0.506s] Level 1:colcon.colcon_core.package_identification:_identify(src/microros/src/uros/rclc) by extension 'ros'
[0.506s] Level 1:colcon.colcon_core.package_identification:_identify(src/microros/src/uros/rclc) by extensions ['cmake', 'python']
[0.506s] Level 1:colcon.colcon_core.package_identification:_identify(src/microros/src/uros/rclc) by extension 'cmake'
[0.506s] Level 1:colcon.colcon_core.package_identification:_identify(src/microros/src/uros/rclc) by extension 'python'
[0.507s] Level 1:colcon.colcon_core.package_identification:_identify(src/microros/src/uros/rclc) by extensions ['python_setup_py']
[0.507s] Level 1:colcon.colcon_core.package_identification:_identify(src/microros/src/uros/rclc) by extension 'python_setup_py'
[0.507s] Level 1:colcon.colcon_core.package_identification:_identify(src/microros/src/uros/rclc/rclc) by extensions ['ignore', 'ignore_ament_install']
[0.507s] Level 1:colcon.colcon_core.package_identification:_identify(src/microros/src/uros/rclc/rclc) by extension 'ignore'
[0.507s] Level 1:colcon.colcon_core.package_identification:_identify(src/microros/src/uros/rclc/rclc) by extension 'ignore_ament_install'
[0.507s] Level 1:colcon.colcon_core.package_identification:_identify(src/microros/src/uros/rclc/rclc) by extensions ['colcon_pkg']
[0.507s] Level 1:colcon.colcon_core.package_identification:_identify(src/microros/src/uros/rclc/rclc) by extension 'colcon_pkg'
[0.507s] Level 1:colcon.colcon_core.package_identification:_identify(src/microros/src/uros/rclc/rclc) by extensions ['colcon_meta']
[0.507s] Level 1:colcon.colcon_core.package_identification:_identify(src/microros/src/uros/rclc/rclc) by extension 'colcon_meta'
[0.507s] Level 1:colcon.colcon_core.package_identification:_identify(src/microros/src/uros/rclc/rclc) by extensions ['ros']
[0.507s] Level 1:colcon.colcon_core.package_identification:_identify(src/microros/src/uros/rclc/rclc) by extension 'ros'
[0.513s] DEBUG:colcon.colcon_core.package_identification:Package 'src/microros/src/uros/rclc/rclc' with type 'ros.ament_cmake' and name 'rclc'
[0.513s] Level 1:colcon.colcon_core.package_identification:_identify(src/microros/src/uros/rclc/rclc_examples) by extensions ['ignore', 'ignore_ament_install']
[0.513s] Level 1:colcon.colcon_core.package_identification:_identify(src/microros/src/uros/rclc/rclc_examples) by extension 'ignore'
[0.513s] Level 1:colcon.colcon_core.package_identification:_identify(src/microros/src/uros/rclc/rclc_examples) ignored
[0.513s] Level 1:colcon.colcon_core.package_identification:_identify(src/microros/src/uros/rclc/rclc_lifecycle) by extensions ['ignore', 'ignore_ament_install']
[0.513s] Level 1:colcon.colcon_core.package_identification:_identify(src/microros/src/uros/rclc/rclc_lifecycle) by extension 'ignore'
[0.513s] Level 1:colcon.colcon_core.package_identification:_identify(src/microros/src/uros/rclc/rclc_lifecycle) ignored
[0.513s] Level 1:colcon.colcon_core.package_identification:_identify(src/microros/src/uros/rclc/rclc_parameter) by extensions ['ignore', 'ignore_ament_install']
[0.513s] Level 1:colcon.colcon_core.package_identification:_identify(src/microros/src/uros/rclc/rclc_parameter) by extension 'ignore'
[0.513s] Level 1:colcon.colcon_core.package_identification:_identify(src/microros/src/uros/rclc/rclc_parameter) by extension 'ignore_ament_install'
[0.513s] Level 1:colcon.colcon_core.package_identification:_identify(src/microros/src/uros/rclc/rclc_parameter) by extensions ['colcon_pkg']
[0.513s] Level 1:colcon.colcon_core.package_identification:_identify(src/microros/src/uros/rclc/rclc_parameter) by extension 'colcon_pkg'
[0.513s] Level 1:colcon.colcon_core.package_identification:_identify(src/microros/src/uros/rclc/rclc_parameter) by extensions ['colcon_meta']
[0.513s] Level 1:colcon.colcon_core.package_identification:_identify(src/microros/src/uros/rclc/rclc_parameter) by extension 'colcon_meta'
[0.514s] Level 1:colcon.colcon_core.package_identification:_identify(src/microros/src/uros/rclc/rclc_parameter) by extensions ['ros']
[0.514s] Level 1:colcon.colcon_core.package_identification:_identify(src/microros/src/uros/rclc/rclc_parameter) by extension 'ros'
[0.515s] DEBUG:colcon.colcon_core.package_identification:Package 'src/microros/src/uros/rclc/rclc_parameter' with type 'ros.ament_cmake' and name 'rclc_parameter'
[0.515s] Level 1:colcon.colcon_core.package_identification:_identify(src/microros/src/uros/rmw_microxrcedds) by extensions ['ignore', 'ignore_ament_install']
[0.515s] Level 1:colcon.colcon_core.package_identification:_identify(src/microros/src/uros/rmw_microxrcedds) by extension 'ignore'
[0.515s] Level 1:colcon.colcon_core.package_identification:_identify(src/microros/src/uros/rmw_microxrcedds) by extension 'ignore_ament_install'
[0.515s] Level 1:colcon.colcon_core.package_identification:_identify(src/microros/src/uros/rmw_microxrcedds) by extensions ['colcon_pkg']
[0.515s] Level 1:colcon.colcon_core.package_identification:_identify(src/microros/src/uros/rmw_microxrcedds) by extension 'colcon_pkg'
[0.515s] Level 1:colcon.colcon_core.package_identification:_identify(src/microros/src/uros/rmw_microxrcedds) by extensions ['colcon_meta']
[0.515s] Level 1:colcon.colcon_core.package_identification:_identify(src/microros/src/uros/rmw_microxrcedds) by extension 'colcon_meta'
[0.515s] Level 1:colcon.colcon_core.package_identification:_identify(src/microros/src/uros/rmw_microxrcedds) by extensions ['ros']
[0.515s] Level 1:colcon.colcon_core.package_identification:_identify(src/microros/src/uros/rmw_microxrcedds) by extension 'ros'
[0.515s] Level 1:colcon.colcon_core.package_identification:_identify(src/microros/src/uros/rmw_microxrcedds) by extensions ['cmake', 'python']
[0.515s] Level 1:colcon.colcon_core.package_identification:_identify(src/microros/src/uros/rmw_microxrcedds) by extension 'cmake'
[0.515s] Level 1:colcon.colcon_core.package_identification:_identify(src/microros/src/uros/rmw_microxrcedds) by extension 'python'
[0.515s] Level 1:colcon.colcon_core.package_identification:_identify(src/microros/src/uros/rmw_microxrcedds) by extensions ['python_setup_py']
[0.515s] Level 1:colcon.colcon_core.package_identification:_identify(src/microros/src/uros/rmw_microxrcedds) by extension 'python_setup_py'
[0.515s] Level 1:colcon.colcon_core.package_identification:_identify(src/microros/src/uros/rmw_microxrcedds/rmw_microxrcedds_c) by extensions ['ignore', 'ignore_ament_install']
[0.515s] Level 1:colcon.colcon_core.package_identification:_identify(src/microros/src/uros/rmw_microxrcedds/rmw_microxrcedds_c) by extension 'ignore'
[0.515s] Level 1:colcon.colcon_core.package_identification:_identify(src/microros/src/uros/rmw_microxrcedds/rmw_microxrcedds_c) by extension 'ignore_ament_install'
[0.515s] Level 1:colcon.colcon_core.package_identification:_identify(src/microros/src/uros/rmw_microxrcedds/rmw_microxrcedds_c) by extensions ['colcon_pkg']
[0.515s] Level 1:colcon.colcon_core.package_identification:_identify(src/microros/src/uros/rmw_microxrcedds/rmw_microxrcedds_c) by extension 'colcon_pkg'
[0.515s] Level 1:colcon.colcon_core.package_identification:_identify(src/microros/src/uros/rmw_microxrcedds/rmw_microxrcedds_c) by extensions ['colcon_meta']
[0.515s] Level 1:colcon.colcon_core.package_identification:_identify(src/microros/src/uros/rmw_microxrcedds/rmw_microxrcedds_c) by extension 'colcon_meta'
[0.515s] Level 1:colcon.colcon_core.package_identification:_identify(src/microros/src/uros/rmw_microxrcedds/rmw_microxrcedds_c) by extensions ['ros']
[0.515s] Level 1:colcon.colcon_core.package_identification:_identify(src/microros/src/uros/rmw_microxrcedds/rmw_microxrcedds_c) by extension 'ros'
[0.516s] DEBUG:colcon.colcon_core.package_identification:Package 'src/microros/src/uros/rmw_microxrcedds/rmw_microxrcedds_c' with type 'ros.ament_cmake' and name 'rmw_microxrcedds'
[0.516s] Level 1:colcon.colcon_core.package_identification:_identify(src/microros/src/uros/rosidl_typesupport_microxrcedds) by extensions ['ignore', 'ignore_ament_install']
[0.516s] Level 1:colcon.colcon_core.package_identification:_identify(src/microros/src/uros/rosidl_typesupport_microxrcedds) by extension 'ignore'
[0.516s] Level 1:colcon.colcon_core.package_identification:_identify(src/microros/src/uros/rosidl_typesupport_microxrcedds) by extension 'ignore_ament_install'
[0.517s] Level 1:colcon.colcon_core.package_identification:_identify(src/microros/src/uros/rosidl_typesupport_microxrcedds) by extensions ['colcon_pkg']
[0.517s] Level 1:colcon.colcon_core.package_identification:_identify(src/microros/src/uros/rosidl_typesupport_microxrcedds) by extension 'colcon_pkg'
[0.517s] Level 1:colcon.colcon_core.package_identification:_identify(src/microros/src/uros/rosidl_typesupport_microxrcedds) by extensions ['colcon_meta']
[0.517s] Level 1:colcon.colcon_core.package_identification:_identify(src/microros/src/uros/rosidl_typesupport_microxrcedds) by extension 'colcon_meta'
[0.517s] Level 1:colcon.colcon_core.package_identification:_identify(src/microros/src/uros/rosidl_typesupport_microxrcedds) by extensions ['ros']
[0.517s] Level 1:colcon.colcon_core.package_identification:_identify(src/microros/src/uros/rosidl_typesupport_microxrcedds) by extension 'ros'
[0.517s] Level 1:colcon.colcon_core.package_identification:_identify(src/microros/src/uros/rosidl_typesupport_microxrcedds) by extensions ['cmake', 'python']
[0.517s] Level 1:colcon.colcon_core.package_identification:_identify(src/microros/src/uros/rosidl_typesupport_microxrcedds) by extension 'cmake'
[0.517s] Level 1:colcon.colcon_core.package_identification:_identify(src/microros/src/uros/rosidl_typesupport_microxrcedds) by extension 'python'
[0.517s] Level 1:colcon.colcon_core.package_identification:_identify(src/microros/src/uros/rosidl_typesupport_microxrcedds) by extensions ['python_setup_py']
[0.517s] Level 1:colcon.colcon_core.package_identification:_identify(src/microros/src/uros/rosidl_typesupport_microxrcedds) by extension 'python_setup_py'
[0.517s] Level 1:colcon.colcon_core.package_identification:_identify(src/microros/src/uros/rosidl_typesupport_microxrcedds/rosidl_typesupport_microxrcedds_c) by extensions ['ignore', 'ignore_ament_install']
[0.517s] Level 1:colcon.colcon_core.package_identification:_identify(src/microros/src/uros/rosidl_typesupport_microxrcedds/rosidl_typesupport_microxrcedds_c) by extension 'ignore'
[0.517s] Level 1:colcon.colcon_core.package_identification:_identify(src/microros/src/uros/rosidl_typesupport_microxrcedds/rosidl_typesupport_microxrcedds_c) by extension 'ignore_ament_install'
[0.517s] Level 1:colcon.colcon_core.package_identification:_identify(src/microros/src/uros/rosidl_typesupport_microxrcedds/rosidl_typesupport_microxrcedds_c) by extensions ['colcon_pkg']
[0.517s] Level 1:colcon.colcon_core.package_identification:_identify(src/microros/src/uros/rosidl_typesupport_microxrcedds/rosidl_typesupport_microxrcedds_c) by extension 'colcon_pkg'
[0.517s] Level 1:colcon.colcon_core.package_identification:_identify(src/microros/src/uros/rosidl_typesupport_microxrcedds/rosidl_typesupport_microxrcedds_c) by extensions ['colcon_meta']
[0.517s] Level 1:colcon.colcon_core.package_identification:_identify(src/microros/src/uros/rosidl_typesupport_microxrcedds/rosidl_typesupport_microxrcedds_c) by extension 'colcon_meta'
[0.517s] Level 1:colcon.colcon_core.package_identification:_identify(src/microros/src/uros/rosidl_typesupport_microxrcedds/rosidl_typesupport_microxrcedds_c) by extensions ['ros']
[0.517s] Level 1:colcon.colcon_core.package_identification:_identify(src/microros/src/uros/rosidl_typesupport_microxrcedds/rosidl_typesupport_microxrcedds_c) by extension 'ros'
[0.518s] DEBUG:colcon.colcon_core.package_identification:Package 'src/microros/src/uros/rosidl_typesupport_microxrcedds/rosidl_typesupport_microxrcedds_c' with type 'ros.ament_cmake' and name 'rosidl_typesupport_microxrcedds_c'
[0.518s] Level 1:colcon.colcon_core.package_identification:_identify(src/microros/src/uros/rosidl_typesupport_microxrcedds/rosidl_typesupport_microxrcedds_cpp) by extensions ['ignore', 'ignore_ament_install']
[0.518s] Level 1:colcon.colcon_core.package_identification:_identify(src/microros/src/uros/rosidl_typesupport_microxrcedds/rosidl_typesupport_microxrcedds_cpp) by extension 'ignore'
[0.518s] Level 1:colcon.colcon_core.package_identification:_identify(src/microros/src/uros/rosidl_typesupport_microxrcedds/rosidl_typesupport_microxrcedds_cpp) by extension 'ignore_ament_install'
[0.518s] Level 1:colcon.colcon_core.package_identification:_identify(src/microros/src/uros/rosidl_typesupport_microxrcedds/rosidl_typesupport_microxrcedds_cpp) by extensions ['colcon_pkg']
[0.518s] Level 1:colcon.colcon_core.package_identification:_identify(src/microros/src/uros/rosidl_typesupport_microxrcedds/rosidl_typesupport_microxrcedds_cpp) by extension 'colcon_pkg'
[0.518s] Level 1:colcon.colcon_core.package_identification:_identify(src/microros/src/uros/rosidl_typesupport_microxrcedds/rosidl_typesupport_microxrcedds_cpp) by extensions ['colcon_meta']
[0.518s] Level 1:colcon.colcon_core.package_identification:_identify(src/microros/src/uros/rosidl_typesupport_microxrcedds/rosidl_typesupport_microxrcedds_cpp) by extension 'colcon_meta'
[0.518s] Level 1:colcon.colcon_core.package_identification:_identify(src/microros/src/uros/rosidl_typesupport_microxrcedds/rosidl_typesupport_microxrcedds_cpp) by extensions ['ros']
[0.518s] Level 1:colcon.colcon_core.package_identification:_identify(src/microros/src/uros/rosidl_typesupport_microxrcedds/rosidl_typesupport_microxrcedds_cpp) by extension 'ros'
[0.519s] DEBUG:colcon.colcon_core.package_identification:Package 'src/microros/src/uros/rosidl_typesupport_microxrcedds/rosidl_typesupport_microxrcedds_cpp' with type 'ros.ament_cmake' and name 'rosidl_typesupport_microxrcedds_cpp'
[0.519s] Level 1:colcon.colcon_core.package_identification:_identify(src/microros/src/uros/rosidl_typesupport_microxrcedds/test) by extensions ['ignore', 'ignore_ament_install']
[0.519s] Level 1:colcon.colcon_core.package_identification:_identify(src/microros/src/uros/rosidl_typesupport_microxrcedds/test) by extension 'ignore'
[0.519s] Level 1:colcon.colcon_core.package_identification:_identify(src/microros/src/uros/rosidl_typesupport_microxrcedds/test) by extension 'ignore_ament_install'
[0.519s] Level 1:colcon.colcon_core.package_identification:_identify(src/microros/src/uros/rosidl_typesupport_microxrcedds/test) by extensions ['colcon_pkg']
[0.519s] Level 1:colcon.colcon_core.package_identification:_identify(src/microros/src/uros/rosidl_typesupport_microxrcedds/test) by extension 'colcon_pkg'
[0.519s] Level 1:colcon.colcon_core.package_identification:_identify(src/microros/src/uros/rosidl_typesupport_microxrcedds/test) by extensions ['colcon_meta']
[0.519s] Level 1:colcon.colcon_core.package_identification:_identify(src/microros/src/uros/rosidl_typesupport_microxrcedds/test) by extension 'colcon_meta'
[0.519s] Level 1:colcon.colcon_core.package_identification:_identify(src/microros/src/uros/rosidl_typesupport_microxrcedds/test) by extensions ['ros']
[0.519s] Level 1:colcon.colcon_core.package_identification:_identify(src/microros/src/uros/rosidl_typesupport_microxrcedds/test) by extension 'ros'
[0.519s] Level 1:colcon.colcon_core.package_identification:_identify(src/microros/src/uros/rosidl_typesupport_microxrcedds/test) by extensions ['cmake', 'python']
[0.519s] Level 1:colcon.colcon_core.package_identification:_identify(src/microros/src/uros/rosidl_typesupport_microxrcedds/test) by extension 'cmake'
[0.519s] Level 1:colcon.colcon_core.package_identification:_identify(src/microros/src/uros/rosidl_typesupport_microxrcedds/test) by extension 'python'
[0.519s] Level 1:colcon.colcon_core.package_identification:_identify(src/microros/src/uros/rosidl_typesupport_microxrcedds/test) by extensions ['python_setup_py']
[0.520s] Level 1:colcon.colcon_core.package_identification:_identify(src/microros/src/uros/rosidl_typesupport_microxrcedds/test) by extension 'python_setup_py'
[0.520s] Level 1:colcon.colcon_core.package_identification:_identify(src/microros/src/uros/rosidl_typesupport_microxrcedds/test/c) by extensions ['ignore', 'ignore_ament_install']
[0.520s] Level 1:colcon.colcon_core.package_identification:_identify(src/microros/src/uros/rosidl_typesupport_microxrcedds/test/c) by extension 'ignore'
[0.520s] Level 1:colcon.colcon_core.package_identification:_identify(src/microros/src/uros/rosidl_typesupport_microxrcedds/test/c) by extension 'ignore_ament_install'
[0.520s] Level 1:colcon.colcon_core.package_identification:_identify(src/microros/src/uros/rosidl_typesupport_microxrcedds/test/c) by extensions ['colcon_pkg']
[0.520s] Level 1:colcon.colcon_core.package_identification:_identify(src/microros/src/uros/rosidl_typesupport_microxrcedds/test/c) by extension 'colcon_pkg'
[0.520s] Level 1:colcon.colcon_core.package_identification:_identify(src/microros/src/uros/rosidl_typesupport_microxrcedds/test/c) by extensions ['colcon_meta']
[0.520s] Level 1:colcon.colcon_core.package_identification:_identify(src/microros/src/uros/rosidl_typesupport_microxrcedds/test/c) by extension 'colcon_meta'
[0.520s] Level 1:colcon.colcon_core.package_identification:_identify(src/microros/src/uros/rosidl_typesupport_microxrcedds/test/c) by extensions ['ros']
[0.520s] Level 1:colcon.colcon_core.package_identification:_identify(src/microros/src/uros/rosidl_typesupport_microxrcedds/test/c) by extension 'ros'
[0.520s] DEBUG:colcon.colcon_core.package_identification:Package 'src/microros/src/uros/rosidl_typesupport_microxrcedds/test/c' with type 'ros.ament_cmake' and name 'rosidl_typesupport_microxrcedds_c_tests'
[0.520s] Level 1:colcon.colcon_core.package_identification:_identify(src/microros/src/uros/rosidl_typesupport_microxrcedds/test/cpp) by extensions ['ignore', 'ignore_ament_install']
[0.520s] Level 1:colcon.colcon_core.package_identification:_identify(src/microros/src/uros/rosidl_typesupport_microxrcedds/test/cpp) by extension 'ignore'
[0.521s] Level 1:colcon.colcon_core.package_identification:_identify(src/microros/src/uros/rosidl_typesupport_microxrcedds/test/cpp) by extension 'ignore_ament_install'
[0.521s] Level 1:colcon.colcon_core.package_identification:_identify(src/microros/src/uros/rosidl_typesupport_microxrcedds/test/cpp) by extensions ['colcon_pkg']
[0.521s] Level 1:colcon.colcon_core.package_identification:_identify(src/microros/src/uros/rosidl_typesupport_microxrcedds/test/cpp) by extension 'colcon_pkg'
[0.521s] Level 1:colcon.colcon_core.package_identification:_identify(src/microros/src/uros/rosidl_typesupport_microxrcedds/test/cpp) by extensions ['colcon_meta']
[0.521s] Level 1:colcon.colcon_core.package_identification:_identify(src/microros/src/uros/rosidl_typesupport_microxrcedds/test/cpp) by extension 'colcon_meta'
[0.521s] Level 1:colcon.colcon_core.package_identification:_identify(src/microros/src/uros/rosidl_typesupport_microxrcedds/test/cpp) by extensions ['ros']
[0.521s] Level 1:colcon.colcon_core.package_identification:_identify(src/microros/src/uros/rosidl_typesupport_microxrcedds/test/cpp) by extension 'ros'
[0.521s] DEBUG:colcon.colcon_core.package_identification:Package 'src/microros/src/uros/rosidl_typesupport_microxrcedds/test/cpp' with type 'ros.ament_cmake' and name 'rosidl_typesupport_microxrcedds_cpp_tests'
[0.521s] Level 1:colcon.colcon_core.package_identification:_identify(src/microros/src/uros/rosidl_typesupport_microxrcedds/test/msg) by extensions ['ignore', 'ignore_ament_install']
[0.521s] Level 1:colcon.colcon_core.package_identification:_identify(src/microros/src/uros/rosidl_typesupport_microxrcedds/test/msg) by extension 'ignore'
[0.522s] Level 1:colcon.colcon_core.package_identification:_identify(src/microros/src/uros/rosidl_typesupport_microxrcedds/test/msg) by extension 'ignore_ament_install'
[0.522s] Level 1:colcon.colcon_core.package_identification:_identify(src/microros/src/uros/rosidl_typesupport_microxrcedds/test/msg) by extensions ['colcon_pkg']
[0.522s] Level 1:colcon.colcon_core.package_identification:_identify(src/microros/src/uros/rosidl_typesupport_microxrcedds/test/msg) by extension 'colcon_pkg'
[0.522s] Level 1:colcon.colcon_core.package_identification:_identify(src/microros/src/uros/rosidl_typesupport_microxrcedds/test/msg) by extensions ['colcon_meta']
[0.522s] Level 1:colcon.colcon_core.package_identification:_identify(src/microros/src/uros/rosidl_typesupport_microxrcedds/test/msg) by extension 'colcon_meta'
[0.522s] Level 1:colcon.colcon_core.package_identification:_identify(src/microros/src/uros/rosidl_typesupport_microxrcedds/test/msg) by extensions ['ros']
[0.522s] Level 1:colcon.colcon_core.package_identification:_identify(src/microros/src/uros/rosidl_typesupport_microxrcedds/test/msg) by extension 'ros'
[0.522s] DEBUG:colcon.colcon_core.package_identification:Package 'src/microros/src/uros/rosidl_typesupport_microxrcedds/test/msg' with type 'ros.ament_cmake' and name 'rosidl_typesupport_microxrcedds_test_msg'
[0.522s] Level 1:colcon.colcon_core.package_discovery:discover_packages(recursive) using defaults
[0.522s] Level 1:colcon.colcon_core.package_discovery:discover_packages(ignore) discover
[0.522s] Level 1:colcon.colcon_core.package_discovery:discover_packages(ignore) using defaults
[0.522s] Level 1:colcon.colcon_core.package_discovery:discover_packages(path) discover
[0.522s] Level 1:colcon.colcon_core.package_discovery:discover_packages(path) using defaults
[0.545s] INFO:colcon.colcon_metadata.metadata.colcon_pkg:Updating descriptor of package 'src/microros/src/eProsima/Micro-XRCE-DDS-Client' from colcon.pkg: {'name': 'microxrcedds_client', 'type': 'cmake', 'dependencies': ['microcdr'], 'cmake-args': ['-DUCLIENT_ISOLATED_INSTALL=OFF', '-DUCLIENT_SUPERBUILD=OFF']}
[0.545s] INFO:colcon.colcon_metadata.metadata.colcon_pkg:Updating descriptor of package 'src/microros/src/eProsima/Micro-CDR' from colcon.pkg: {'name': 'microcdr', 'type': 'cmake', 'cmake-args': ['-DUCDR_ISOLATED_INSTALL=OFF']}
[0.555s] Level 1:colcon.colcon_core.package_discovery:discover_packages(prefix_path) check parameters
[0.555s] Level 1:colcon.colcon_core.package_discovery:discover_packages(prefix_path) discover
[0.557s] DEBUG:colcon.colcon_installed_package_information.package_discovery:Found 339 installed packages in /opt/ros/humble
[0.558s] Level 1:colcon.colcon_core.package_discovery:discover_packages(prefix_path) using defaults
[0.638s] WARNING:colcon.colcon_core.package_selection:Some selected packages are already built in one or more underlay workspaces:
	'visualization_msgs' is in: /opt/ros/humble
	'rcl_interfaces' is in: /opt/ros/humble
	'std_srvs' is in: /opt/ros/humble
	'builtin_interfaces' is in: /opt/ros/humble
	'sensor_msgs' is in: /opt/ros/humble
	'nav_msgs' is in: /opt/ros/humble
	'rosgraph_msgs' is in: /opt/ros/humble
	'composition_interfaces' is in: /opt/ros/humble
	'lifecycle_msgs' is in: /opt/ros/humble
	'unique_identifier_msgs' is in: /opt/ros/humble
	'trajectory_msgs' is in: /opt/ros/humble
	'common_interfaces' is in: /opt/ros/humble
	'action_msgs' is in: /opt/ros/humble
	'std_msgs' is in: /opt/ros/humble
	'sensor_msgs_py' is in: /opt/ros/humble
	'geometry_msgs' is in: /opt/ros/humble
	'statistics_msgs' is in: /opt/ros/humble
	'diagnostic_msgs' is in: /opt/ros/humble
	'example_interfaces' is in: /opt/ros/humble
If a package in a merged underlay workspace is overridden and it installs headers, then all packages in the overlay must sort their include directories by workspace order. Failure to do so may result in build failures or undefined behavior at run time.
If the overridden package is used by another package in any underlay, then the overriding package in the overlay must be API and ABI compatible or undefined behavior at run time may occur.

If you understand the risks and want to override a package anyways, add the following to the command line:
	--allow-overriding action_msgs builtin_interfaces common_interfaces composition_interfaces diagnostic_msgs example_interfaces geometry_msgs lifecycle_msgs nav_msgs rcl_interfaces rosgraph_msgs sensor_msgs sensor_msgs_py statistics_msgs std_msgs std_srvs trajectory_msgs unique_identifier_msgs visualization_msgs

This may be promoted to an error in a future release of colcon-override-check.
[0.639s] Level 5:colcon.colcon_core.verb:set package 'builtin_interfaces' build argument 'cmake_args' from command line to 'None'
[0.639s] Level 5:colcon.colcon_core.verb:set package 'builtin_interfaces' build argument 'cmake_target' from command line to 'None'
[0.639s] Level 5:colcon.colcon_core.verb:set package 'builtin_interfaces' build argument 'cmake_target_skip_unavailable' from command line to 'False'
[0.639s] Level 5:colcon.colcon_core.verb:set package 'builtin_interfaces' build argument 'cmake_clean_cache' from command line to 'False'
[0.639s] Level 5:colcon.colcon_core.verb:set package 'builtin_interfaces' build argument 'cmake_clean_first' from command line to 'False'
[0.639s] Level 5:colcon.colcon_core.verb:set package 'builtin_interfaces' build argument 'cmake_force_configure' from command line to 'False'
[0.639s] Level 5:colcon.colcon_core.verb:set package 'builtin_interfaces' build argument 'ament_cmake_args' from command line to 'None'
[0.639s] Level 5:colcon.colcon_core.verb:set package 'builtin_interfaces' build argument 'catkin_cmake_args' from command line to 'None'
[0.639s] Level 5:colcon.colcon_core.verb:set package 'builtin_interfaces' build argument 'catkin_skip_building_tests' from command line to 'False'
[0.639s] DEBUG:colcon.colcon_core.verb:Building package 'builtin_interfaces' with the following arguments: {'ament_cmake_args': None, 'build_base': '/root/ros_ws/src/Rescue_Car_ws/build/builtin_interfaces', 'catkin_cmake_args': None, 'catkin_skip_building_tests': False, 'cmake_args': None, 'cmake_clean_cache': False, 'cmake_clean_first': False, 'cmake_force_configure': False, 'cmake_target': None, 'cmake_target_skip_unavailable': False, 'install_base': '/root/ros_ws/src/Rescue_Car_ws/install/builtin_interfaces', 'merge_install': False, 'path': '/root/ros_ws/src/Rescue_Car_ws/src/microros/src/ros2/rcl_interfaces/builtin_interfaces', 'symlink_install': False, 'test_result_base': None}
[0.639s] Level 5:colcon.colcon_core.verb:set package 'car' build argument 'cmake_args' from command line to 'None'
[0.639s] Level 5:colcon.colcon_core.verb:set package 'car' build argument 'cmake_target' from command line to 'None'
[0.639s] Level 5:colcon.colcon_core.verb:set package 'car' build argument 'cmake_target_skip_unavailable' from command line to 'False'
[0.639s] Level 5:colcon.colcon_core.verb:set package 'car' build argument 'cmake_clean_cache' from command line to 'False'
[0.639s] Level 5:colcon.colcon_core.verb:set package 'car' build argument 'cmake_clean_first' from command line to 'False'
[0.639s] Level 5:colcon.colcon_core.verb:set package 'car' build argument 'cmake_force_configure' from command line to 'False'
[0.639s] Level 5:colcon.colcon_core.verb:set package 'car' build argument 'ament_cmake_args' from command line to 'None'
[0.639s] Level 5:colcon.colcon_core.verb:set package 'car' build argument 'catkin_cmake_args' from command line to 'None'
[0.639s] Level 5:colcon.colcon_core.verb:set package 'car' build argument 'catkin_skip_building_tests' from command line to 'False'
[0.639s] DEBUG:colcon.colcon_core.verb:Building package 'car' with the following arguments: {'ament_cmake_args': None, 'build_base': '/root/ros_ws/src/Rescue_Car_ws/build/car', 'catkin_cmake_args': None, 'catkin_skip_building_tests': False, 'cmake_args': None, 'cmake_clean_cache': False, 'cmake_clean_first': False, 'cmake_force_configure': False, 'cmake_target': None, 'cmake_target_skip_unavailable': False, 'install_base': '/root/ros_ws/src/Rescue_Car_ws/install/car', 'merge_install': False, 'path': '/root/ros_ws/src/Rescue_Car_ws/src/car', 'symlink_install': False, 'test_result_base': None}
[0.639s] Level 5:colcon.colcon_core.verb:set package 'lifecycle_msgs' build argument 'cmake_args' from command line to 'None'
[0.639s] Level 5:colcon.colcon_core.verb:set package 'lifecycle_msgs' build argument 'cmake_target' from command line to 'None'
[0.639s] Level 5:colcon.colcon_core.verb:set package 'lifecycle_msgs' build argument 'cmake_target_skip_unavailable' from command line to 'False'
[0.639s] Level 5:colcon.colcon_core.verb:set package 'lifecycle_msgs' build argument 'cmake_clean_cache' from command line to 'False'
[0.639s] Level 5:colcon.colcon_core.verb:set package 'lifecycle_msgs' build argument 'cmake_clean_first' from command line to 'False'
[0.639s] Level 5:colcon.colcon_core.verb:set package 'lifecycle_msgs' build argument 'cmake_force_configure' from command line to 'False'
[0.639s] Level 5:colcon.colcon_core.verb:set package 'lifecycle_msgs' build argument 'ament_cmake_args' from command line to 'None'
[0.639s] Level 5:colcon.colcon_core.verb:set package 'lifecycle_msgs' build argument 'catkin_cmake_args' from command line to 'None'
[0.639s] Level 5:colcon.colcon_core.verb:set package 'lifecycle_msgs' build argument 'catkin_skip_building_tests' from command line to 'False'
[0.639s] DEBUG:colcon.colcon_core.verb:Building package 'lifecycle_msgs' with the following arguments: {'ament_cmake_args': None, 'build_base': '/root/ros_ws/src/Rescue_Car_ws/build/lifecycle_msgs', 'catkin_cmake_args': None, 'catkin_skip_building_tests': False, 'cmake_args': None, 'cmake_clean_cache': False, 'cmake_clean_first': False, 'cmake_force_configure': False, 'cmake_target': None, 'cmake_target_skip_unavailable': False, 'install_base': '/root/ros_ws/src/Rescue_Car_ws/install/lifecycle_msgs', 'merge_install': False, 'path': '/root/ros_ws/src/Rescue_Car_ws/src/microros/src/ros2/rcl_interfaces/lifecycle_msgs', 'symlink_install': False, 'test_result_base': None}
[0.640s] Level 5:colcon.colcon_core.verb:set package 'micro_ros_msgs' build argument 'cmake_args' from command line to 'None'
[0.640s] Level 5:colcon.colcon_core.verb:set package 'micro_ros_msgs' build argument 'cmake_target' from command line to 'None'
[0.640s] Level 5:colcon.colcon_core.verb:set package 'micro_ros_msgs' build argument 'cmake_target_skip_unavailable' from command line to 'False'
[0.640s] Level 5:colcon.colcon_core.verb:set package 'micro_ros_msgs' build argument 'cmake_clean_cache' from command line to 'False'
[0.640s] Level 5:colcon.colcon_core.verb:set package 'micro_ros_msgs' build argument 'cmake_clean_first' from command line to 'False'
[0.640s] Level 5:colcon.colcon_core.verb:set package 'micro_ros_msgs' build argument 'cmake_force_configure' from command line to 'False'
[0.640s] Level 5:colcon.colcon_core.verb:set package 'micro_ros_msgs' build argument 'ament_cmake_args' from command line to 'None'
[0.640s] Level 5:colcon.colcon_core.verb:set package 'micro_ros_msgs' build argument 'catkin_cmake_args' from command line to 'None'
[0.640s] Level 5:colcon.colcon_core.verb:set package 'micro_ros_msgs' build argument 'catkin_skip_building_tests' from command line to 'False'
[0.640s] DEBUG:colcon.colcon_core.verb:Building package 'micro_ros_msgs' with the following arguments: {'ament_cmake_args': None, 'build_base': '/root/ros_ws/src/Rescue_Car_ws/build/micro_ros_msgs', 'catkin_cmake_args': None, 'catkin_skip_building_tests': False, 'cmake_args': None, 'cmake_clean_cache': False, 'cmake_clean_first': False, 'cmake_force_configure': False, 'cmake_target': None, 'cmake_target_skip_unavailable': False, 'install_base': '/root/ros_ws/src/Rescue_Car_ws/install/micro_ros_msgs', 'merge_install': False, 'path': '/root/ros_ws/src/Rescue_Car_ws/src/microros/src/uros/micro_ros_msgs', 'symlink_install': False, 'test_result_base': None}
[0.640s] Level 5:colcon.colcon_core.verb:set package 'micro_ros_setup' build argument 'cmake_args' from command line to 'None'
[0.640s] Level 5:colcon.colcon_core.verb:set package 'micro_ros_setup' build argument 'cmake_target' from command line to 'None'
[0.640s] Level 5:colcon.colcon_core.verb:set package 'micro_ros_setup' build argument 'cmake_target_skip_unavailable' from command line to 'False'
[0.640s] Level 5:colcon.colcon_core.verb:set package 'micro_ros_setup' build argument 'cmake_clean_cache' from command line to 'False'
[0.640s] Level 5:colcon.colcon_core.verb:set package 'micro_ros_setup' build argument 'cmake_clean_first' from command line to 'False'
[0.640s] Level 5:colcon.colcon_core.verb:set package 'micro_ros_setup' build argument 'cmake_force_configure' from command line to 'False'
[0.640s] Level 5:colcon.colcon_core.verb:set package 'micro_ros_setup' build argument 'ament_cmake_args' from command line to 'None'
[0.640s] Level 5:colcon.colcon_core.verb:set package 'micro_ros_setup' build argument 'catkin_cmake_args' from command line to 'None'
[0.640s] Level 5:colcon.colcon_core.verb:set package 'micro_ros_setup' build argument 'catkin_skip_building_tests' from command line to 'False'
[0.640s] DEBUG:colcon.colcon_core.verb:Building package 'micro_ros_setup' with the following arguments: {'ament_cmake_args': None, 'build_base': '/root/ros_ws/src/Rescue_Car_ws/build/micro_ros_setup', 'catkin_cmake_args': None, 'catkin_skip_building_tests': False, 'cmake_args': None, 'cmake_clean_cache': False, 'cmake_clean_first': False, 'cmake_force_configure': False, 'cmake_target': None, 'cmake_target_skip_unavailable': False, 'install_base': '/root/ros_ws/src/Rescue_Car_ws/install/micro_ros_setup', 'merge_install': False, 'path': '/root/ros_ws/src/Rescue_Car_ws/src/microros/src/micro_ros_setup', 'symlink_install': False, 'test_result_base': None}
[0.640s] Level 5:colcon.colcon_core.verb:set package 'micro_ros_utilities' build argument 'cmake_args' from command line to 'None'
[0.640s] Level 5:colcon.colcon_core.verb:set package 'micro_ros_utilities' build argument 'cmake_target' from command line to 'None'
[0.640s] Level 5:colcon.colcon_core.verb:set package 'micro_ros_utilities' build argument 'cmake_target_skip_unavailable' from command line to 'False'
[0.640s] Level 5:colcon.colcon_core.verb:set package 'micro_ros_utilities' build argument 'cmake_clean_cache' from command line to 'False'
[0.640s] Level 5:colcon.colcon_core.verb:set package 'micro_ros_utilities' build argument 'cmake_clean_first' from command line to 'False'
[0.640s] Level 5:colcon.colcon_core.verb:set package 'micro_ros_utilities' build argument 'cmake_force_configure' from command line to 'False'
[0.640s] Level 5:colcon.colcon_core.verb:set package 'micro_ros_utilities' build argument 'ament_cmake_args' from command line to 'None'
[0.640s] Level 5:colcon.colcon_core.verb:set package 'micro_ros_utilities' build argument 'catkin_cmake_args' from command line to 'None'
[0.640s] Level 5:colcon.colcon_core.verb:set package 'micro_ros_utilities' build argument 'catkin_skip_building_tests' from command line to 'False'
[0.640s] DEBUG:colcon.colcon_core.verb:Building package 'micro_ros_utilities' with the following arguments: {'ament_cmake_args': None, 'build_base': '/root/ros_ws/src/Rescue_Car_ws/build/micro_ros_utilities', 'catkin_cmake_args': None, 'catkin_skip_building_tests': False, 'cmake_args': None, 'cmake_clean_cache': False, 'cmake_clean_first': False, 'cmake_force_configure': False, 'cmake_target': None, 'cmake_target_skip_unavailable': False, 'install_base': '/root/ros_ws/src/Rescue_Car_ws/install/micro_ros_utilities', 'merge_install': False, 'path': '/root/ros_ws/src/Rescue_Car_ws/src/microros/src/uros/micro_ros_utilities', 'symlink_install': False, 'test_result_base': None}
[0.641s] Level 5:colcon.colcon_core.verb:set package 'microcdr' build argument 'cmake_args' from command line to 'None'
[0.641s] Level 5:colcon.colcon_core.verb:overwrite package 'microcdr' build argument 'cmake_args' from package metadata with '['-DUCDR_ISOLATED_INSTALL=OFF']' (before: 'None')
[0.641s] Level 5:colcon.colcon_core.verb:set package 'microcdr' build argument 'cmake_target' from command line to 'None'
[0.641s] Level 5:colcon.colcon_core.verb:set package 'microcdr' build argument 'cmake_target_skip_unavailable' from command line to 'False'
[0.641s] Level 5:colcon.colcon_core.verb:set package 'microcdr' build argument 'cmake_clean_cache' from command line to 'False'
[0.641s] Level 5:colcon.colcon_core.verb:set package 'microcdr' build argument 'cmake_clean_first' from command line to 'False'
[0.641s] Level 5:colcon.colcon_core.verb:set package 'microcdr' build argument 'cmake_force_configure' from command line to 'False'
[0.641s] Level 5:colcon.colcon_core.verb:set package 'microcdr' build argument 'ament_cmake_args' from command line to 'None'
[0.641s] Level 5:colcon.colcon_core.verb:set package 'microcdr' build argument 'catkin_cmake_args' from command line to 'None'
[0.641s] Level 5:colcon.colcon_core.verb:set package 'microcdr' build argument 'catkin_skip_building_tests' from command line to 'False'
[0.641s] DEBUG:colcon.colcon_core.verb:Building package 'microcdr' with the following arguments: {'ament_cmake_args': None, 'build_base': '/root/ros_ws/src/Rescue_Car_ws/build/microcdr', 'catkin_cmake_args': None, 'catkin_skip_building_tests': False, 'cmake_args': ['-DUCDR_ISOLATED_INSTALL=OFF'], 'cmake_clean_cache': False, 'cmake_clean_first': False, 'cmake_force_configure': False, 'cmake_target': None, 'cmake_target_skip_unavailable': False, 'install_base': '/root/ros_ws/src/Rescue_Car_ws/install/microcdr', 'merge_install': False, 'path': '/root/ros_ws/src/Rescue_Car_ws/src/microros/src/eProsima/Micro-CDR', 'symlink_install': False, 'test_result_base': None}
[0.641s] Level 5:colcon.colcon_core.verb:set package 'std_srvs' build argument 'cmake_args' from command line to 'None'
[0.641s] Level 5:colcon.colcon_core.verb:set package 'std_srvs' build argument 'cmake_target' from command line to 'None'
[0.641s] Level 5:colcon.colcon_core.verb:set package 'std_srvs' build argument 'cmake_target_skip_unavailable' from command line to 'False'
[0.641s] Level 5:colcon.colcon_core.verb:set package 'std_srvs' build argument 'cmake_clean_cache' from command line to 'False'
[0.641s] Level 5:colcon.colcon_core.verb:set package 'std_srvs' build argument 'cmake_clean_first' from command line to 'False'
[0.641s] Level 5:colcon.colcon_core.verb:set package 'std_srvs' build argument 'cmake_force_configure' from command line to 'False'
[0.641s] Level 5:colcon.colcon_core.verb:set package 'std_srvs' build argument 'ament_cmake_args' from command line to 'None'
[0.641s] Level 5:colcon.colcon_core.verb:set package 'std_srvs' build argument 'catkin_cmake_args' from command line to 'None'
[0.641s] Level 5:colcon.colcon_core.verb:set package 'std_srvs' build argument 'catkin_skip_building_tests' from command line to 'False'
[0.641s] DEBUG:colcon.colcon_core.verb:Building package 'std_srvs' with the following arguments: {'ament_cmake_args': None, 'build_base': '/root/ros_ws/src/Rescue_Car_ws/build/std_srvs', 'catkin_cmake_args': None, 'catkin_skip_building_tests': False, 'cmake_args': None, 'cmake_clean_cache': False, 'cmake_clean_first': False, 'cmake_force_configure': False, 'cmake_target': None, 'cmake_target_skip_unavailable': False, 'install_base': '/root/ros_ws/src/Rescue_Car_ws/install/std_srvs', 'merge_install': False, 'path': '/root/ros_ws/src/Rescue_Car_ws/src/microros/src/ros2/common_interfaces/std_srvs', 'symlink_install': False, 'test_result_base': None}
[0.641s] Level 5:colcon.colcon_core.verb:set package 'unique_identifier_msgs' build argument 'cmake_args' from command line to 'None'
[0.641s] Level 5:colcon.colcon_core.verb:set package 'unique_identifier_msgs' build argument 'cmake_target' from command line to 'None'
[0.641s] Level 5:colcon.colcon_core.verb:set package 'unique_identifier_msgs' build argument 'cmake_target_skip_unavailable' from command line to 'False'
[0.641s] Level 5:colcon.colcon_core.verb:set package 'unique_identifier_msgs' build argument 'cmake_clean_cache' from command line to 'False'
[0.641s] Level 5:colcon.colcon_core.verb:set package 'unique_identifier_msgs' build argument 'cmake_clean_first' from command line to 'False'
[0.641s] Level 5:colcon.colcon_core.verb:set package 'unique_identifier_msgs' build argument 'cmake_force_configure' from command line to 'False'
[0.641s] Level 5:colcon.colcon_core.verb:set package 'unique_identifier_msgs' build argument 'ament_cmake_args' from command line to 'None'
[0.641s] Level 5:colcon.colcon_core.verb:set package 'unique_identifier_msgs' build argument 'catkin_cmake_args' from command line to 'None'
[0.641s] Level 5:colcon.colcon_core.verb:set package 'unique_identifier_msgs' build argument 'catkin_skip_building_tests' from command line to 'False'
[0.641s] DEBUG:colcon.colcon_core.verb:Building package 'unique_identifier_msgs' with the following arguments: {'ament_cmake_args': None, 'build_base': '/root/ros_ws/src/Rescue_Car_ws/build/unique_identifier_msgs', 'catkin_cmake_args': None, 'catkin_skip_building_tests': False, 'cmake_args': None, 'cmake_clean_cache': False, 'cmake_clean_first': False, 'cmake_force_configure': False, 'cmake_target': None, 'cmake_target_skip_unavailable': False, 'install_base': '/root/ros_ws/src/Rescue_Car_ws/install/unique_identifier_msgs', 'merge_install': False, 'path': '/root/ros_ws/src/Rescue_Car_ws/src/microros/src/ros2/unique_identifier_msgs', 'symlink_install': False, 'test_result_base': None}
[0.642s] Level 5:colcon.colcon_core.verb:set package 'action_msgs' build argument 'cmake_args' from command line to 'None'
[0.642s] Level 5:colcon.colcon_core.verb:set package 'action_msgs' build argument 'cmake_target' from command line to 'None'
[0.642s] Level 5:colcon.colcon_core.verb:set package 'action_msgs' build argument 'cmake_target_skip_unavailable' from command line to 'False'
[0.642s] Level 5:colcon.colcon_core.verb:set package 'action_msgs' build argument 'cmake_clean_cache' from command line to 'False'
[0.642s] Level 5:colcon.colcon_core.verb:set package 'action_msgs' build argument 'cmake_clean_first' from command line to 'False'
[0.642s] Level 5:colcon.colcon_core.verb:set package 'action_msgs' build argument 'cmake_force_configure' from command line to 'False'
[0.642s] Level 5:colcon.colcon_core.verb:set package 'action_msgs' build argument 'ament_cmake_args' from command line to 'None'
[0.642s] Level 5:colcon.colcon_core.verb:set package 'action_msgs' build argument 'catkin_cmake_args' from command line to 'None'
[0.642s] Level 5:colcon.colcon_core.verb:set package 'action_msgs' build argument 'catkin_skip_building_tests' from command line to 'False'
[0.642s] DEBUG:colcon.colcon_core.verb:Building package 'action_msgs' with the following arguments: {'ament_cmake_args': None, 'build_base': '/root/ros_ws/src/Rescue_Car_ws/build/action_msgs', 'catkin_cmake_args': None, 'catkin_skip_building_tests': False, 'cmake_args': None, 'cmake_clean_cache': False, 'cmake_clean_first': False, 'cmake_force_configure': False, 'cmake_target': None, 'cmake_target_skip_unavailable': False, 'install_base': '/root/ros_ws/src/Rescue_Car_ws/install/action_msgs', 'merge_install': False, 'path': '/root/ros_ws/src/Rescue_Car_ws/src/microros/src/ros2/rcl_interfaces/action_msgs', 'symlink_install': False, 'test_result_base': None}
[0.642s] Level 5:colcon.colcon_core.verb:set package 'complex_msgs' build argument 'cmake_args' from command line to 'None'
[0.642s] Level 5:colcon.colcon_core.verb:set package 'complex_msgs' build argument 'cmake_target' from command line to 'None'
[0.642s] Level 5:colcon.colcon_core.verb:set package 'complex_msgs' build argument 'cmake_target_skip_unavailable' from command line to 'False'
[0.642s] Level 5:colcon.colcon_core.verb:set package 'complex_msgs' build argument 'cmake_clean_cache' from command line to 'False'
[0.642s] Level 5:colcon.colcon_core.verb:set package 'complex_msgs' build argument 'cmake_clean_first' from command line to 'False'
[0.642s] Level 5:colcon.colcon_core.verb:set package 'complex_msgs' build argument 'cmake_force_configure' from command line to 'False'
[0.642s] Level 5:colcon.colcon_core.verb:set package 'complex_msgs' build argument 'ament_cmake_args' from command line to 'None'
[0.642s] Level 5:colcon.colcon_core.verb:set package 'complex_msgs' build argument 'catkin_cmake_args' from command line to 'None'
[0.642s] Level 5:colcon.colcon_core.verb:set package 'complex_msgs' build argument 'catkin_skip_building_tests' from command line to 'False'
[0.642s] DEBUG:colcon.colcon_core.verb:Building package 'complex_msgs' with the following arguments: {'ament_cmake_args': None, 'build_base': '/root/ros_ws/src/Rescue_Car_ws/build/complex_msgs', 'catkin_cmake_args': None, 'catkin_skip_building_tests': False, 'cmake_args': None, 'cmake_clean_cache': False, 'cmake_clean_first': False, 'cmake_force_configure': False, 'cmake_target': None, 'cmake_target_skip_unavailable': False, 'install_base': '/root/ros_ws/src/Rescue_Car_ws/install/complex_msgs', 'merge_install': False, 'path': '/root/ros_ws/src/Rescue_Car_ws/src/microros/src/uros/micro-ROS-demos/messages/complex_msg', 'symlink_install': False, 'test_result_base': None}
[0.642s] Level 5:colcon.colcon_core.verb:set package 'micro_ros_agent' build argument 'cmake_args' from command line to 'None'
[0.642s] Level 5:colcon.colcon_core.verb:set package 'micro_ros_agent' build argument 'cmake_target' from command line to 'None'
[0.642s] Level 5:colcon.colcon_core.verb:set package 'micro_ros_agent' build argument 'cmake_target_skip_unavailable' from command line to 'False'
[0.642s] Level 5:colcon.colcon_core.verb:set package 'micro_ros_agent' build argument 'cmake_clean_cache' from command line to 'False'
[0.642s] Level 5:colcon.colcon_core.verb:set package 'micro_ros_agent' build argument 'cmake_clean_first' from command line to 'False'
[0.642s] Level 5:colcon.colcon_core.verb:set package 'micro_ros_agent' build argument 'cmake_force_configure' from command line to 'False'
[0.642s] Level 5:colcon.colcon_core.verb:set package 'micro_ros_agent' build argument 'ament_cmake_args' from command line to 'None'
[0.642s] Level 5:colcon.colcon_core.verb:set package 'micro_ros_agent' build argument 'catkin_cmake_args' from command line to 'None'
[0.642s] Level 5:colcon.colcon_core.verb:set package 'micro_ros_agent' build argument 'catkin_skip_building_tests' from command line to 'False'
[0.642s] DEBUG:colcon.colcon_core.verb:Building package 'micro_ros_agent' with the following arguments: {'ament_cmake_args': None, 'build_base': '/root/ros_ws/src/Rescue_Car_ws/build/micro_ros_agent', 'catkin_cmake_args': None, 'catkin_skip_building_tests': False, 'cmake_args': None, 'cmake_clean_cache': False, 'cmake_clean_first': False, 'cmake_force_configure': False, 'cmake_target': None, 'cmake_target_skip_unavailable': False, 'install_base': '/root/ros_ws/src/Rescue_Car_ws/install/micro_ros_agent', 'merge_install': False, 'path': '/root/ros_ws/src/Rescue_Car_ws/src/microros/src/uros/micro-ROS-Agent/micro_ros_agent', 'symlink_install': False, 'test_result_base': None}
[0.643s] Level 5:colcon.colcon_core.verb:set package 'microxrcedds_client' build argument 'cmake_args' from command line to 'None'
[0.643s] Level 5:colcon.colcon_core.verb:overwrite package 'microxrcedds_client' build argument 'cmake_args' from package metadata with '['-DUCLIENT_ISOLATED_INSTALL=OFF', '-DUCLIENT_SUPERBUILD=OFF']' (before: 'None')
[0.643s] Level 5:colcon.colcon_core.verb:set package 'microxrcedds_client' build argument 'cmake_target' from command line to 'None'
[0.643s] Level 5:colcon.colcon_core.verb:set package 'microxrcedds_client' build argument 'cmake_target_skip_unavailable' from command line to 'False'
[0.643s] Level 5:colcon.colcon_core.verb:set package 'microxrcedds_client' build argument 'cmake_clean_cache' from command line to 'False'
[0.643s] Level 5:colcon.colcon_core.verb:set package 'microxrcedds_client' build argument 'cmake_clean_first' from command line to 'False'
[0.643s] Level 5:colcon.colcon_core.verb:set package 'microxrcedds_client' build argument 'cmake_force_configure' from command line to 'False'
[0.643s] Level 5:colcon.colcon_core.verb:set package 'microxrcedds_client' build argument 'ament_cmake_args' from command line to 'None'
[0.643s] Level 5:colcon.colcon_core.verb:set package 'microxrcedds_client' build argument 'catkin_cmake_args' from command line to 'None'
[0.643s] Level 5:colcon.colcon_core.verb:set package 'microxrcedds_client' build argument 'catkin_skip_building_tests' from command line to 'False'
[0.643s] DEBUG:colcon.colcon_core.verb:Building package 'microxrcedds_client' with the following arguments: {'ament_cmake_args': None, 'build_base': '/root/ros_ws/src/Rescue_Car_ws/build/microxrcedds_client', 'catkin_cmake_args': None, 'catkin_skip_building_tests': False, 'cmake_args': ['-DUCLIENT_ISOLATED_INSTALL=OFF', '-DUCLIENT_SUPERBUILD=OFF'], 'cmake_clean_cache': False, 'cmake_clean_first': False, 'cmake_force_configure': False, 'cmake_target': None, 'cmake_target_skip_unavailable': False, 'install_base': '/root/ros_ws/src/Rescue_Car_ws/install/microxrcedds_client', 'merge_install': False, 'path': '/root/ros_ws/src/Rescue_Car_ws/src/microros/src/eProsima/Micro-XRCE-DDS-Client', 'symlink_install': False, 'test_result_base': None}
[0.643s] Level 5:colcon.colcon_core.verb:set package 'rcl_interfaces' build argument 'cmake_args' from command line to 'None'
[0.643s] Level 5:colcon.colcon_core.verb:set package 'rcl_interfaces' build argument 'cmake_target' from command line to 'None'
[0.643s] Level 5:colcon.colcon_core.verb:set package 'rcl_interfaces' build argument 'cmake_target_skip_unavailable' from command line to 'False'
[0.643s] Level 5:colcon.colcon_core.verb:set package 'rcl_interfaces' build argument 'cmake_clean_cache' from command line to 'False'
[0.643s] Level 5:colcon.colcon_core.verb:set package 'rcl_interfaces' build argument 'cmake_clean_first' from command line to 'False'
[0.643s] Level 5:colcon.colcon_core.verb:set package 'rcl_interfaces' build argument 'cmake_force_configure' from command line to 'False'
[0.643s] Level 5:colcon.colcon_core.verb:set package 'rcl_interfaces' build argument 'ament_cmake_args' from command line to 'None'
[0.643s] Level 5:colcon.colcon_core.verb:set package 'rcl_interfaces' build argument 'catkin_cmake_args' from command line to 'None'
[0.643s] Level 5:colcon.colcon_core.verb:set package 'rcl_interfaces' build argument 'catkin_skip_building_tests' from command line to 'False'
[0.643s] DEBUG:colcon.colcon_core.verb:Building package 'rcl_interfaces' with the following arguments: {'ament_cmake_args': None, 'build_base': '/root/ros_ws/src/Rescue_Car_ws/build/rcl_interfaces', 'catkin_cmake_args': None, 'catkin_skip_building_tests': False, 'cmake_args': None, 'cmake_clean_cache': False, 'cmake_clean_first': False, 'cmake_force_configure': False, 'cmake_target': None, 'cmake_target_skip_unavailable': False, 'install_base': '/root/ros_ws/src/Rescue_Car_ws/install/rcl_interfaces', 'merge_install': False, 'path': '/root/ros_ws/src/Rescue_Car_ws/src/microros/src/ros2/rcl_interfaces/rcl_interfaces', 'symlink_install': False, 'test_result_base': None}
[0.643s] Level 5:colcon.colcon_core.verb:set package 'rosgraph_msgs' build argument 'cmake_args' from command line to 'None'
[0.643s] Level 5:colcon.colcon_core.verb:set package 'rosgraph_msgs' build argument 'cmake_target' from command line to 'None'
[0.643s] Level 5:colcon.colcon_core.verb:set package 'rosgraph_msgs' build argument 'cmake_target_skip_unavailable' from command line to 'False'
[0.643s] Level 5:colcon.colcon_core.verb:set package 'rosgraph_msgs' build argument 'cmake_clean_cache' from command line to 'False'
[0.643s] Level 5:colcon.colcon_core.verb:set package 'rosgraph_msgs' build argument 'cmake_clean_first' from command line to 'False'
[0.643s] Level 5:colcon.colcon_core.verb:set package 'rosgraph_msgs' build argument 'cmake_force_configure' from command line to 'False'
[0.643s] Level 5:colcon.colcon_core.verb:set package 'rosgraph_msgs' build argument 'ament_cmake_args' from command line to 'None'
[0.643s] Level 5:colcon.colcon_core.verb:set package 'rosgraph_msgs' build argument 'catkin_cmake_args' from command line to 'None'
[0.643s] Level 5:colcon.colcon_core.verb:set package 'rosgraph_msgs' build argument 'catkin_skip_building_tests' from command line to 'False'
[0.643s] DEBUG:colcon.colcon_core.verb:Building package 'rosgraph_msgs' with the following arguments: {'ament_cmake_args': None, 'build_base': '/root/ros_ws/src/Rescue_Car_ws/build/rosgraph_msgs', 'catkin_cmake_args': None, 'catkin_skip_building_tests': False, 'cmake_args': None, 'cmake_clean_cache': False, 'cmake_clean_first': False, 'cmake_force_configure': False, 'cmake_target': None, 'cmake_target_skip_unavailable': False, 'install_base': '/root/ros_ws/src/Rescue_Car_ws/install/rosgraph_msgs', 'merge_install': False, 'path': '/root/ros_ws/src/Rescue_Car_ws/src/microros/src/ros2/rcl_interfaces/rosgraph_msgs', 'symlink_install': False, 'test_result_base': None}
[0.643s] Level 5:colcon.colcon_core.verb:set package 'rosidl_typesupport_microxrcedds_c' build argument 'cmake_args' from command line to 'None'
[0.643s] Level 5:colcon.colcon_core.verb:set package 'rosidl_typesupport_microxrcedds_c' build argument 'cmake_target' from command line to 'None'
[0.644s] Level 5:colcon.colcon_core.verb:set package 'rosidl_typesupport_microxrcedds_c' build argument 'cmake_target_skip_unavailable' from command line to 'False'
[0.644s] Level 5:colcon.colcon_core.verb:set package 'rosidl_typesupport_microxrcedds_c' build argument 'cmake_clean_cache' from command line to 'False'
[0.644s] Level 5:colcon.colcon_core.verb:set package 'rosidl_typesupport_microxrcedds_c' build argument 'cmake_clean_first' from command line to 'False'
[0.644s] Level 5:colcon.colcon_core.verb:set package 'rosidl_typesupport_microxrcedds_c' build argument 'cmake_force_configure' from command line to 'False'
[0.644s] Level 5:colcon.colcon_core.verb:set package 'rosidl_typesupport_microxrcedds_c' build argument 'ament_cmake_args' from command line to 'None'
[0.644s] Level 5:colcon.colcon_core.verb:set package 'rosidl_typesupport_microxrcedds_c' build argument 'catkin_cmake_args' from command line to 'None'
[0.644s] Level 5:colcon.colcon_core.verb:set package 'rosidl_typesupport_microxrcedds_c' build argument 'catkin_skip_building_tests' from command line to 'False'
[0.644s] DEBUG:colcon.colcon_core.verb:Building package 'rosidl_typesupport_microxrcedds_c' with the following arguments: {'ament_cmake_args': None, 'build_base': '/root/ros_ws/src/Rescue_Car_ws/build/rosidl_typesupport_microxrcedds_c', 'catkin_cmake_args': None, 'catkin_skip_building_tests': False, 'cmake_args': None, 'cmake_clean_cache': False, 'cmake_clean_first': False, 'cmake_force_configure': False, 'cmake_target': None, 'cmake_target_skip_unavailable': False, 'install_base': '/root/ros_ws/src/Rescue_Car_ws/install/rosidl_typesupport_microxrcedds_c', 'merge_install': False, 'path': '/root/ros_ws/src/Rescue_Car_ws/src/microros/src/uros/rosidl_typesupport_microxrcedds/rosidl_typesupport_microxrcedds_c', 'symlink_install': False, 'test_result_base': None}
[0.644s] Level 5:colcon.colcon_core.verb:set package 'statistics_msgs' build argument 'cmake_args' from command line to 'None'
[0.644s] Level 5:colcon.colcon_core.verb:set package 'statistics_msgs' build argument 'cmake_target' from command line to 'None'
[0.644s] Level 5:colcon.colcon_core.verb:set package 'statistics_msgs' build argument 'cmake_target_skip_unavailable' from command line to 'False'
[0.644s] Level 5:colcon.colcon_core.verb:set package 'statistics_msgs' build argument 'cmake_clean_cache' from command line to 'False'
[0.644s] Level 5:colcon.colcon_core.verb:set package 'statistics_msgs' build argument 'cmake_clean_first' from command line to 'False'
[0.644s] Level 5:colcon.colcon_core.verb:set package 'statistics_msgs' build argument 'cmake_force_configure' from command line to 'False'
[0.644s] Level 5:colcon.colcon_core.verb:set package 'statistics_msgs' build argument 'ament_cmake_args' from command line to 'None'
[0.644s] Level 5:colcon.colcon_core.verb:set package 'statistics_msgs' build argument 'catkin_cmake_args' from command line to 'None'
[0.644s] Level 5:colcon.colcon_core.verb:set package 'statistics_msgs' build argument 'catkin_skip_building_tests' from command line to 'False'
[0.644s] DEBUG:colcon.colcon_core.verb:Building package 'statistics_msgs' with the following arguments: {'ament_cmake_args': None, 'build_base': '/root/ros_ws/src/Rescue_Car_ws/build/statistics_msgs', 'catkin_cmake_args': None, 'catkin_skip_building_tests': False, 'cmake_args': None, 'cmake_clean_cache': False, 'cmake_clean_first': False, 'cmake_force_configure': False, 'cmake_target': None, 'cmake_target_skip_unavailable': False, 'install_base': '/root/ros_ws/src/Rescue_Car_ws/install/statistics_msgs', 'merge_install': False, 'path': '/root/ros_ws/src/Rescue_Car_ws/src/microros/src/ros2/rcl_interfaces/statistics_msgs', 'symlink_install': False, 'test_result_base': None}
[0.644s] Level 5:colcon.colcon_core.verb:set package 'std_msgs' build argument 'cmake_args' from command line to 'None'
[0.644s] Level 5:colcon.colcon_core.verb:set package 'std_msgs' build argument 'cmake_target' from command line to 'None'
[0.644s] Level 5:colcon.colcon_core.verb:set package 'std_msgs' build argument 'cmake_target_skip_unavailable' from command line to 'False'
[0.644s] Level 5:colcon.colcon_core.verb:set package 'std_msgs' build argument 'cmake_clean_cache' from command line to 'False'
[0.644s] Level 5:colcon.colcon_core.verb:set package 'std_msgs' build argument 'cmake_clean_first' from command line to 'False'
[0.644s] Level 5:colcon.colcon_core.verb:set package 'std_msgs' build argument 'cmake_force_configure' from command line to 'False'
[0.644s] Level 5:colcon.colcon_core.verb:set package 'std_msgs' build argument 'ament_cmake_args' from command line to 'None'
[0.644s] Level 5:colcon.colcon_core.verb:set package 'std_msgs' build argument 'catkin_cmake_args' from command line to 'None'
[0.644s] Level 5:colcon.colcon_core.verb:set package 'std_msgs' build argument 'catkin_skip_building_tests' from command line to 'False'
[0.644s] DEBUG:colcon.colcon_core.verb:Building package 'std_msgs' with the following arguments: {'ament_cmake_args': None, 'build_base': '/root/ros_ws/src/Rescue_Car_ws/build/std_msgs', 'catkin_cmake_args': None, 'catkin_skip_building_tests': False, 'cmake_args': None, 'cmake_clean_cache': False, 'cmake_clean_first': False, 'cmake_force_configure': False, 'cmake_target': None, 'cmake_target_skip_unavailable': False, 'install_base': '/root/ros_ws/src/Rescue_Car_ws/install/std_msgs', 'merge_install': False, 'path': '/root/ros_ws/src/Rescue_Car_ws/src/microros/src/ros2/common_interfaces/std_msgs', 'symlink_install': False, 'test_result_base': None}
[0.644s] Level 5:colcon.colcon_core.verb:set package 'actionlib_msgs' build argument 'cmake_args' from command line to 'None'
[0.644s] Level 5:colcon.colcon_core.verb:set package 'actionlib_msgs' build argument 'cmake_target' from command line to 'None'
[0.644s] Level 5:colcon.colcon_core.verb:set package 'actionlib_msgs' build argument 'cmake_target_skip_unavailable' from command line to 'False'
[0.644s] Level 5:colcon.colcon_core.verb:set package 'actionlib_msgs' build argument 'cmake_clean_cache' from command line to 'False'
[0.644s] Level 5:colcon.colcon_core.verb:set package 'actionlib_msgs' build argument 'cmake_clean_first' from command line to 'False'
[0.644s] Level 5:colcon.colcon_core.verb:set package 'actionlib_msgs' build argument 'cmake_force_configure' from command line to 'False'
[0.644s] Level 5:colcon.colcon_core.verb:set package 'actionlib_msgs' build argument 'ament_cmake_args' from command line to 'None'
[0.644s] Level 5:colcon.colcon_core.verb:set package 'actionlib_msgs' build argument 'catkin_cmake_args' from command line to 'None'
[0.644s] Level 5:colcon.colcon_core.verb:set package 'actionlib_msgs' build argument 'catkin_skip_building_tests' from command line to 'False'
[0.645s] DEBUG:colcon.colcon_core.verb:Building package 'actionlib_msgs' with the following arguments: {'ament_cmake_args': None, 'build_base': '/root/ros_ws/src/Rescue_Car_ws/build/actionlib_msgs', 'catkin_cmake_args': None, 'catkin_skip_building_tests': False, 'cmake_args': None, 'cmake_clean_cache': False, 'cmake_clean_first': False, 'cmake_force_configure': False, 'cmake_target': None, 'cmake_target_skip_unavailable': False, 'install_base': '/root/ros_ws/src/Rescue_Car_ws/install/actionlib_msgs', 'merge_install': False, 'path': '/root/ros_ws/src/Rescue_Car_ws/src/microros/src/ros2/common_interfaces/actionlib_msgs', 'symlink_install': False, 'test_result_base': None}
[0.645s] Level 5:colcon.colcon_core.verb:set package 'composition_interfaces' build argument 'cmake_args' from command line to 'None'
[0.645s] Level 5:colcon.colcon_core.verb:set package 'composition_interfaces' build argument 'cmake_target' from command line to 'None'
[0.645s] Level 5:colcon.colcon_core.verb:set package 'composition_interfaces' build argument 'cmake_target_skip_unavailable' from command line to 'False'
[0.645s] Level 5:colcon.colcon_core.verb:set package 'composition_interfaces' build argument 'cmake_clean_cache' from command line to 'False'
[0.645s] Level 5:colcon.colcon_core.verb:set package 'composition_interfaces' build argument 'cmake_clean_first' from command line to 'False'
[0.645s] Level 5:colcon.colcon_core.verb:set package 'composition_interfaces' build argument 'cmake_force_configure' from command line to 'False'
[0.645s] Level 5:colcon.colcon_core.verb:set package 'composition_interfaces' build argument 'ament_cmake_args' from command line to 'None'
[0.645s] Level 5:colcon.colcon_core.verb:set package 'composition_interfaces' build argument 'catkin_cmake_args' from command line to 'None'
[0.645s] Level 5:colcon.colcon_core.verb:set package 'composition_interfaces' build argument 'catkin_skip_building_tests' from command line to 'False'
[0.645s] DEBUG:colcon.colcon_core.verb:Building package 'composition_interfaces' with the following arguments: {'ament_cmake_args': None, 'build_base': '/root/ros_ws/src/Rescue_Car_ws/build/composition_interfaces', 'catkin_cmake_args': None, 'catkin_skip_building_tests': False, 'cmake_args': None, 'cmake_clean_cache': False, 'cmake_clean_first': False, 'cmake_force_configure': False, 'cmake_target': None, 'cmake_target_skip_unavailable': False, 'install_base': '/root/ros_ws/src/Rescue_Car_ws/install/composition_interfaces', 'merge_install': False, 'path': '/root/ros_ws/src/Rescue_Car_ws/src/microros/src/ros2/rcl_interfaces/composition_interfaces', 'symlink_install': False, 'test_result_base': None}
[0.645s] Level 5:colcon.colcon_core.verb:set package 'example_interfaces' build argument 'cmake_args' from command line to 'None'
[0.645s] Level 5:colcon.colcon_core.verb:set package 'example_interfaces' build argument 'cmake_target' from command line to 'None'
[0.645s] Level 5:colcon.colcon_core.verb:set package 'example_interfaces' build argument 'cmake_target_skip_unavailable' from command line to 'False'
[0.645s] Level 5:colcon.colcon_core.verb:set package 'example_interfaces' build argument 'cmake_clean_cache' from command line to 'False'
[0.645s] Level 5:colcon.colcon_core.verb:set package 'example_interfaces' build argument 'cmake_clean_first' from command line to 'False'
[0.645s] Level 5:colcon.colcon_core.verb:set package 'example_interfaces' build argument 'cmake_force_configure' from command line to 'False'
[0.645s] Level 5:colcon.colcon_core.verb:set package 'example_interfaces' build argument 'ament_cmake_args' from command line to 'None'
[0.645s] Level 5:colcon.colcon_core.verb:set package 'example_interfaces' build argument 'catkin_cmake_args' from command line to 'None'
[0.645s] Level 5:colcon.colcon_core.verb:set package 'example_interfaces' build argument 'catkin_skip_building_tests' from command line to 'False'
[0.645s] DEBUG:colcon.colcon_core.verb:Building package 'example_interfaces' with the following arguments: {'ament_cmake_args': None, 'build_base': '/root/ros_ws/src/Rescue_Car_ws/build/example_interfaces', 'catkin_cmake_args': None, 'catkin_skip_building_tests': False, 'cmake_args': None, 'cmake_clean_cache': False, 'cmake_clean_first': False, 'cmake_force_configure': False, 'cmake_target': None, 'cmake_target_skip_unavailable': False, 'install_base': '/root/ros_ws/src/Rescue_Car_ws/install/example_interfaces', 'merge_install': False, 'path': '/root/ros_ws/src/Rescue_Car_ws/src/microros/src/ros2/example_interfaces', 'symlink_install': False, 'test_result_base': None}
[0.645s] Level 5:colcon.colcon_core.verb:set package 'geometry_msgs' build argument 'cmake_args' from command line to 'None'
[0.645s] Level 5:colcon.colcon_core.verb:set package 'geometry_msgs' build argument 'cmake_target' from command line to 'None'
[0.645s] Level 5:colcon.colcon_core.verb:set package 'geometry_msgs' build argument 'cmake_target_skip_unavailable' from command line to 'False'
[0.645s] Level 5:colcon.colcon_core.verb:set package 'geometry_msgs' build argument 'cmake_clean_cache' from command line to 'False'
[0.645s] Level 5:colcon.colcon_core.verb:set package 'geometry_msgs' build argument 'cmake_clean_first' from command line to 'False'
[0.645s] Level 5:colcon.colcon_core.verb:set package 'geometry_msgs' build argument 'cmake_force_configure' from command line to 'False'
[0.645s] Level 5:colcon.colcon_core.verb:set package 'geometry_msgs' build argument 'ament_cmake_args' from command line to 'None'
[0.645s] Level 5:colcon.colcon_core.verb:set package 'geometry_msgs' build argument 'catkin_cmake_args' from command line to 'None'
[0.645s] Level 5:colcon.colcon_core.verb:set package 'geometry_msgs' build argument 'catkin_skip_building_tests' from command line to 'False'
[0.645s] DEBUG:colcon.colcon_core.verb:Building package 'geometry_msgs' with the following arguments: {'ament_cmake_args': None, 'build_base': '/root/ros_ws/src/Rescue_Car_ws/build/geometry_msgs', 'catkin_cmake_args': None, 'catkin_skip_building_tests': False, 'cmake_args': None, 'cmake_clean_cache': False, 'cmake_clean_first': False, 'cmake_force_configure': False, 'cmake_target': None, 'cmake_target_skip_unavailable': False, 'install_base': '/root/ros_ws/src/Rescue_Car_ws/install/geometry_msgs', 'merge_install': False, 'path': '/root/ros_ws/src/Rescue_Car_ws/src/microros/src/ros2/common_interfaces/geometry_msgs', 'symlink_install': False, 'test_result_base': None}
[0.646s] Level 5:colcon.colcon_core.verb:set package 'rosidl_typesupport_microxrcedds_cpp' build argument 'cmake_args' from command line to 'None'
[0.646s] Level 5:colcon.colcon_core.verb:set package 'rosidl_typesupport_microxrcedds_cpp' build argument 'cmake_target' from command line to 'None'
[0.646s] Level 5:colcon.colcon_core.verb:set package 'rosidl_typesupport_microxrcedds_cpp' build argument 'cmake_target_skip_unavailable' from command line to 'False'
[0.646s] Level 5:colcon.colcon_core.verb:set package 'rosidl_typesupport_microxrcedds_cpp' build argument 'cmake_clean_cache' from command line to 'False'
[0.646s] Level 5:colcon.colcon_core.verb:set package 'rosidl_typesupport_microxrcedds_cpp' build argument 'cmake_clean_first' from command line to 'False'
[0.646s] Level 5:colcon.colcon_core.verb:set package 'rosidl_typesupport_microxrcedds_cpp' build argument 'cmake_force_configure' from command line to 'False'
[0.646s] Level 5:colcon.colcon_core.verb:set package 'rosidl_typesupport_microxrcedds_cpp' build argument 'ament_cmake_args' from command line to 'None'
[0.646s] Level 5:colcon.colcon_core.verb:set package 'rosidl_typesupport_microxrcedds_cpp' build argument 'catkin_cmake_args' from command line to 'None'
[0.646s] Level 5:colcon.colcon_core.verb:set package 'rosidl_typesupport_microxrcedds_cpp' build argument 'catkin_skip_building_tests' from command line to 'False'
[0.646s] DEBUG:colcon.colcon_core.verb:Building package 'rosidl_typesupport_microxrcedds_cpp' with the following arguments: {'ament_cmake_args': None, 'build_base': '/root/ros_ws/src/Rescue_Car_ws/build/rosidl_typesupport_microxrcedds_cpp', 'catkin_cmake_args': None, 'catkin_skip_building_tests': False, 'cmake_args': None, 'cmake_clean_cache': False, 'cmake_clean_first': False, 'cmake_force_configure': False, 'cmake_target': None, 'cmake_target_skip_unavailable': False, 'install_base': '/root/ros_ws/src/Rescue_Car_ws/install/rosidl_typesupport_microxrcedds_cpp', 'merge_install': False, 'path': '/root/ros_ws/src/Rescue_Car_ws/src/microros/src/uros/rosidl_typesupport_microxrcedds/rosidl_typesupport_microxrcedds_cpp', 'symlink_install': False, 'test_result_base': None}
[0.646s] Level 5:colcon.colcon_core.verb:set package 'test_msgs' build argument 'cmake_args' from command line to 'None'
[0.646s] Level 5:colcon.colcon_core.verb:set package 'test_msgs' build argument 'cmake_target' from command line to 'None'
[0.646s] Level 5:colcon.colcon_core.verb:set package 'test_msgs' build argument 'cmake_target_skip_unavailable' from command line to 'False'
[0.646s] Level 5:colcon.colcon_core.verb:set package 'test_msgs' build argument 'cmake_clean_cache' from command line to 'False'
[0.646s] Level 5:colcon.colcon_core.verb:set package 'test_msgs' build argument 'cmake_clean_first' from command line to 'False'
[0.646s] Level 5:colcon.colcon_core.verb:set package 'test_msgs' build argument 'cmake_force_configure' from command line to 'False'
[0.646s] Level 5:colcon.colcon_core.verb:set package 'test_msgs' build argument 'ament_cmake_args' from command line to 'None'
[0.646s] Level 5:colcon.colcon_core.verb:set package 'test_msgs' build argument 'catkin_cmake_args' from command line to 'None'
[0.646s] Level 5:colcon.colcon_core.verb:set package 'test_msgs' build argument 'catkin_skip_building_tests' from command line to 'False'
[0.646s] DEBUG:colcon.colcon_core.verb:Building package 'test_msgs' with the following arguments: {'ament_cmake_args': None, 'build_base': '/root/ros_ws/src/Rescue_Car_ws/build/test_msgs', 'catkin_cmake_args': None, 'catkin_skip_building_tests': False, 'cmake_args': None, 'cmake_clean_cache': False, 'cmake_clean_first': False, 'cmake_force_configure': False, 'cmake_target': None, 'cmake_target_skip_unavailable': False, 'install_base': '/root/ros_ws/src/Rescue_Car_ws/install/test_msgs', 'merge_install': False, 'path': '/root/ros_ws/src/Rescue_Car_ws/src/microros/src/ros2/rcl_interfaces/test_msgs', 'symlink_install': False, 'test_result_base': None}
[0.646s] Level 5:colcon.colcon_core.verb:set package 'diagnostic_msgs' build argument 'cmake_args' from command line to 'None'
[0.646s] Level 5:colcon.colcon_core.verb:set package 'diagnostic_msgs' build argument 'cmake_target' from command line to 'None'
[0.646s] Level 5:colcon.colcon_core.verb:set package 'diagnostic_msgs' build argument 'cmake_target_skip_unavailable' from command line to 'False'
[0.646s] Level 5:colcon.colcon_core.verb:set package 'diagnostic_msgs' build argument 'cmake_clean_cache' from command line to 'False'
[0.646s] Level 5:colcon.colcon_core.verb:set package 'diagnostic_msgs' build argument 'cmake_clean_first' from command line to 'False'
[0.646s] Level 5:colcon.colcon_core.verb:set package 'diagnostic_msgs' build argument 'cmake_force_configure' from command line to 'False'
[0.646s] Level 5:colcon.colcon_core.verb:set package 'diagnostic_msgs' build argument 'ament_cmake_args' from command line to 'None'
[0.646s] Level 5:colcon.colcon_core.verb:set package 'diagnostic_msgs' build argument 'catkin_cmake_args' from command line to 'None'
[0.646s] Level 5:colcon.colcon_core.verb:set package 'diagnostic_msgs' build argument 'catkin_skip_building_tests' from command line to 'False'
[0.646s] DEBUG:colcon.colcon_core.verb:Building package 'diagnostic_msgs' with the following arguments: {'ament_cmake_args': None, 'build_base': '/root/ros_ws/src/Rescue_Car_ws/build/diagnostic_msgs', 'catkin_cmake_args': None, 'catkin_skip_building_tests': False, 'cmake_args': None, 'cmake_clean_cache': False, 'cmake_clean_first': False, 'cmake_force_configure': False, 'cmake_target': None, 'cmake_target_skip_unavailable': False, 'install_base': '/root/ros_ws/src/Rescue_Car_ws/install/diagnostic_msgs', 'merge_install': False, 'path': '/root/ros_ws/src/Rescue_Car_ws/src/microros/src/ros2/common_interfaces/diagnostic_msgs', 'symlink_install': False, 'test_result_base': None}
[0.647s] Level 5:colcon.colcon_core.verb:set package 'nav_msgs' build argument 'cmake_args' from command line to 'None'
[0.647s] Level 5:colcon.colcon_core.verb:set package 'nav_msgs' build argument 'cmake_target' from command line to 'None'
[0.647s] Level 5:colcon.colcon_core.verb:set package 'nav_msgs' build argument 'cmake_target_skip_unavailable' from command line to 'False'
[0.647s] Level 5:colcon.colcon_core.verb:set package 'nav_msgs' build argument 'cmake_clean_cache' from command line to 'False'
[0.647s] Level 5:colcon.colcon_core.verb:set package 'nav_msgs' build argument 'cmake_clean_first' from command line to 'False'
[0.647s] Level 5:colcon.colcon_core.verb:set package 'nav_msgs' build argument 'cmake_force_configure' from command line to 'False'
[0.647s] Level 5:colcon.colcon_core.verb:set package 'nav_msgs' build argument 'ament_cmake_args' from command line to 'None'
[0.647s] Level 5:colcon.colcon_core.verb:set package 'nav_msgs' build argument 'catkin_cmake_args' from command line to 'None'
[0.647s] Level 5:colcon.colcon_core.verb:set package 'nav_msgs' build argument 'catkin_skip_building_tests' from command line to 'False'
[0.647s] DEBUG:colcon.colcon_core.verb:Building package 'nav_msgs' with the following arguments: {'ament_cmake_args': None, 'build_base': '/root/ros_ws/src/Rescue_Car_ws/build/nav_msgs', 'catkin_cmake_args': None, 'catkin_skip_building_tests': False, 'cmake_args': None, 'cmake_clean_cache': False, 'cmake_clean_first': False, 'cmake_force_configure': False, 'cmake_target': None, 'cmake_target_skip_unavailable': False, 'install_base': '/root/ros_ws/src/Rescue_Car_ws/install/nav_msgs', 'merge_install': False, 'path': '/root/ros_ws/src/Rescue_Car_ws/src/microros/src/ros2/common_interfaces/nav_msgs', 'symlink_install': False, 'test_result_base': None}
[0.647s] Level 5:colcon.colcon_core.verb:set package 'rclc' build argument 'cmake_args' from command line to 'None'
[0.647s] Level 5:colcon.colcon_core.verb:set package 'rclc' build argument 'cmake_target' from command line to 'None'
[0.647s] Level 5:colcon.colcon_core.verb:set package 'rclc' build argument 'cmake_target_skip_unavailable' from command line to 'False'
[0.647s] Level 5:colcon.colcon_core.verb:set package 'rclc' build argument 'cmake_clean_cache' from command line to 'False'
[0.647s] Level 5:colcon.colcon_core.verb:set package 'rclc' build argument 'cmake_clean_first' from command line to 'False'
[0.647s] Level 5:colcon.colcon_core.verb:set package 'rclc' build argument 'cmake_force_configure' from command line to 'False'
[0.647s] Level 5:colcon.colcon_core.verb:set package 'rclc' build argument 'ament_cmake_args' from command line to 'None'
[0.647s] Level 5:colcon.colcon_core.verb:set package 'rclc' build argument 'catkin_cmake_args' from command line to 'None'
[0.647s] Level 5:colcon.colcon_core.verb:set package 'rclc' build argument 'catkin_skip_building_tests' from command line to 'False'
[0.647s] DEBUG:colcon.colcon_core.verb:Building package 'rclc' with the following arguments: {'ament_cmake_args': None, 'build_base': '/root/ros_ws/src/Rescue_Car_ws/build/rclc', 'catkin_cmake_args': None, 'catkin_skip_building_tests': False, 'cmake_args': None, 'cmake_clean_cache': False, 'cmake_clean_first': False, 'cmake_force_configure': False, 'cmake_target': None, 'cmake_target_skip_unavailable': False, 'install_base': '/root/ros_ws/src/Rescue_Car_ws/install/rclc', 'merge_install': False, 'path': '/root/ros_ws/src/Rescue_Car_ws/src/microros/src/uros/rclc/rclc', 'symlink_install': False, 'test_result_base': None}
[0.647s] Level 5:colcon.colcon_core.verb:set package 'rmw_microxrcedds' build argument 'cmake_args' from command line to 'None'
[0.647s] Level 5:colcon.colcon_core.verb:set package 'rmw_microxrcedds' build argument 'cmake_target' from command line to 'None'
[0.647s] Level 5:colcon.colcon_core.verb:set package 'rmw_microxrcedds' build argument 'cmake_target_skip_unavailable' from command line to 'False'
[0.647s] Level 5:colcon.colcon_core.verb:set package 'rmw_microxrcedds' build argument 'cmake_clean_cache' from command line to 'False'
[0.647s] Level 5:colcon.colcon_core.verb:set package 'rmw_microxrcedds' build argument 'cmake_clean_first' from command line to 'False'
[0.647s] Level 5:colcon.colcon_core.verb:set package 'rmw_microxrcedds' build argument 'cmake_force_configure' from command line to 'False'
[0.647s] Level 5:colcon.colcon_core.verb:set package 'rmw_microxrcedds' build argument 'ament_cmake_args' from command line to 'None'
[0.647s] Level 5:colcon.colcon_core.verb:set package 'rmw_microxrcedds' build argument 'catkin_cmake_args' from command line to 'None'
[0.647s] Level 5:colcon.colcon_core.verb:set package 'rmw_microxrcedds' build argument 'catkin_skip_building_tests' from command line to 'False'
[0.648s] DEBUG:colcon.colcon_core.verb:Building package 'rmw_microxrcedds' with the following arguments: {'ament_cmake_args': None, 'build_base': '/root/ros_ws/src/Rescue_Car_ws/build/rmw_microxrcedds', 'catkin_cmake_args': None, 'catkin_skip_building_tests': False, 'cmake_args': None, 'cmake_clean_cache': False, 'cmake_clean_first': False, 'cmake_force_configure': False, 'cmake_target': None, 'cmake_target_skip_unavailable': False, 'install_base': '/root/ros_ws/src/Rescue_Car_ws/install/rmw_microxrcedds', 'merge_install': False, 'path': '/root/ros_ws/src/Rescue_Car_ws/src/microros/src/uros/rmw_microxrcedds/rmw_microxrcedds_c', 'symlink_install': False, 'test_result_base': None}
[0.648s] Level 5:colcon.colcon_core.verb:set package 'sensor_msgs' build argument 'cmake_args' from command line to 'None'
[0.648s] Level 5:colcon.colcon_core.verb:set package 'sensor_msgs' build argument 'cmake_target' from command line to 'None'
[0.648s] Level 5:colcon.colcon_core.verb:set package 'sensor_msgs' build argument 'cmake_target_skip_unavailable' from command line to 'False'
[0.648s] Level 5:colcon.colcon_core.verb:set package 'sensor_msgs' build argument 'cmake_clean_cache' from command line to 'False'
[0.648s] Level 5:colcon.colcon_core.verb:set package 'sensor_msgs' build argument 'cmake_clean_first' from command line to 'False'
[0.648s] Level 5:colcon.colcon_core.verb:set package 'sensor_msgs' build argument 'cmake_force_configure' from command line to 'False'
[0.648s] Level 5:colcon.colcon_core.verb:set package 'sensor_msgs' build argument 'ament_cmake_args' from command line to 'None'
[0.648s] Level 5:colcon.colcon_core.verb:set package 'sensor_msgs' build argument 'catkin_cmake_args' from command line to 'None'
[0.648s] Level 5:colcon.colcon_core.verb:set package 'sensor_msgs' build argument 'catkin_skip_building_tests' from command line to 'False'
[0.648s] DEBUG:colcon.colcon_core.verb:Building package 'sensor_msgs' with the following arguments: {'ament_cmake_args': None, 'build_base': '/root/ros_ws/src/Rescue_Car_ws/build/sensor_msgs', 'catkin_cmake_args': None, 'catkin_skip_building_tests': False, 'cmake_args': None, 'cmake_clean_cache': False, 'cmake_clean_first': False, 'cmake_force_configure': False, 'cmake_target': None, 'cmake_target_skip_unavailable': False, 'install_base': '/root/ros_ws/src/Rescue_Car_ws/install/sensor_msgs', 'merge_install': False, 'path': '/root/ros_ws/src/Rescue_Car_ws/src/microros/src/ros2/common_interfaces/sensor_msgs', 'symlink_install': False, 'test_result_base': None}
[0.648s] Level 5:colcon.colcon_core.verb:set package 'shape_msgs' build argument 'cmake_args' from command line to 'None'
[0.648s] Level 5:colcon.colcon_core.verb:set package 'shape_msgs' build argument 'cmake_target' from command line to 'None'
[0.648s] Level 5:colcon.colcon_core.verb:set package 'shape_msgs' build argument 'cmake_target_skip_unavailable' from command line to 'False'
[0.648s] Level 5:colcon.colcon_core.verb:set package 'shape_msgs' build argument 'cmake_clean_cache' from command line to 'False'
[0.648s] Level 5:colcon.colcon_core.verb:set package 'shape_msgs' build argument 'cmake_clean_first' from command line to 'False'
[0.648s] Level 5:colcon.colcon_core.verb:set package 'shape_msgs' build argument 'cmake_force_configure' from command line to 'False'
[0.648s] Level 5:colcon.colcon_core.verb:set package 'shape_msgs' build argument 'ament_cmake_args' from command line to 'None'
[0.648s] Level 5:colcon.colcon_core.verb:set package 'shape_msgs' build argument 'catkin_cmake_args' from command line to 'None'
[0.648s] Level 5:colcon.colcon_core.verb:set package 'shape_msgs' build argument 'catkin_skip_building_tests' from command line to 'False'
[0.648s] DEBUG:colcon.colcon_core.verb:Building package 'shape_msgs' with the following arguments: {'ament_cmake_args': None, 'build_base': '/root/ros_ws/src/Rescue_Car_ws/build/shape_msgs', 'catkin_cmake_args': None, 'catkin_skip_building_tests': False, 'cmake_args': None, 'cmake_clean_cache': False, 'cmake_clean_first': False, 'cmake_force_configure': False, 'cmake_target': None, 'cmake_target_skip_unavailable': False, 'install_base': '/root/ros_ws/src/Rescue_Car_ws/install/shape_msgs', 'merge_install': False, 'path': '/root/ros_ws/src/Rescue_Car_ws/src/microros/src/ros2/common_interfaces/shape_msgs', 'symlink_install': False, 'test_result_base': None}
[0.648s] Level 5:colcon.colcon_core.verb:set package 'trajectory_msgs' build argument 'cmake_args' from command line to 'None'
[0.648s] Level 5:colcon.colcon_core.verb:set package 'trajectory_msgs' build argument 'cmake_target' from command line to 'None'
[0.648s] Level 5:colcon.colcon_core.verb:set package 'trajectory_msgs' build argument 'cmake_target_skip_unavailable' from command line to 'False'
[0.648s] Level 5:colcon.colcon_core.verb:set package 'trajectory_msgs' build argument 'cmake_clean_cache' from command line to 'False'
[0.648s] Level 5:colcon.colcon_core.verb:set package 'trajectory_msgs' build argument 'cmake_clean_first' from command line to 'False'
[0.648s] Level 5:colcon.colcon_core.verb:set package 'trajectory_msgs' build argument 'cmake_force_configure' from command line to 'False'
[0.648s] Level 5:colcon.colcon_core.verb:set package 'trajectory_msgs' build argument 'ament_cmake_args' from command line to 'None'
[0.648s] Level 5:colcon.colcon_core.verb:set package 'trajectory_msgs' build argument 'catkin_cmake_args' from command line to 'None'
[0.648s] Level 5:colcon.colcon_core.verb:set package 'trajectory_msgs' build argument 'catkin_skip_building_tests' from command line to 'False'
[0.648s] DEBUG:colcon.colcon_core.verb:Building package 'trajectory_msgs' with the following arguments: {'ament_cmake_args': None, 'build_base': '/root/ros_ws/src/Rescue_Car_ws/build/trajectory_msgs', 'catkin_cmake_args': None, 'catkin_skip_building_tests': False, 'cmake_args': None, 'cmake_clean_cache': False, 'cmake_clean_first': False, 'cmake_force_configure': False, 'cmake_target': None, 'cmake_target_skip_unavailable': False, 'install_base': '/root/ros_ws/src/Rescue_Car_ws/install/trajectory_msgs', 'merge_install': False, 'path': '/root/ros_ws/src/Rescue_Car_ws/src/microros/src/ros2/common_interfaces/trajectory_msgs', 'symlink_install': False, 'test_result_base': None}
[0.649s] Level 5:colcon.colcon_core.verb:set package 'rclc_parameter' build argument 'cmake_args' from command line to 'None'
[0.649s] Level 5:colcon.colcon_core.verb:set package 'rclc_parameter' build argument 'cmake_target' from command line to 'None'
[0.649s] Level 5:colcon.colcon_core.verb:set package 'rclc_parameter' build argument 'cmake_target_skip_unavailable' from command line to 'False'
[0.649s] Level 5:colcon.colcon_core.verb:set package 'rclc_parameter' build argument 'cmake_clean_cache' from command line to 'False'
[0.649s] Level 5:colcon.colcon_core.verb:set package 'rclc_parameter' build argument 'cmake_clean_first' from command line to 'False'
[0.649s] Level 5:colcon.colcon_core.verb:set package 'rclc_parameter' build argument 'cmake_force_configure' from command line to 'False'
[0.649s] Level 5:colcon.colcon_core.verb:set package 'rclc_parameter' build argument 'ament_cmake_args' from command line to 'None'
[0.649s] Level 5:colcon.colcon_core.verb:set package 'rclc_parameter' build argument 'catkin_cmake_args' from command line to 'None'
[0.649s] Level 5:colcon.colcon_core.verb:set package 'rclc_parameter' build argument 'catkin_skip_building_tests' from command line to 'False'
[0.649s] DEBUG:colcon.colcon_core.verb:Building package 'rclc_parameter' with the following arguments: {'ament_cmake_args': None, 'build_base': '/root/ros_ws/src/Rescue_Car_ws/build/rclc_parameter', 'catkin_cmake_args': None, 'catkin_skip_building_tests': False, 'cmake_args': None, 'cmake_clean_cache': False, 'cmake_clean_first': False, 'cmake_force_configure': False, 'cmake_target': None, 'cmake_target_skip_unavailable': False, 'install_base': '/root/ros_ws/src/Rescue_Car_ws/install/rclc_parameter', 'merge_install': False, 'path': '/root/ros_ws/src/Rescue_Car_ws/src/microros/src/uros/rclc/rclc_parameter', 'symlink_install': False, 'test_result_base': None}
[0.649s] Level 5:colcon.colcon_core.verb:set package 'rosidl_typesupport_microxrcedds_test_msg' build argument 'cmake_args' from command line to 'None'
[0.649s] Level 5:colcon.colcon_core.verb:set package 'rosidl_typesupport_microxrcedds_test_msg' build argument 'cmake_target' from command line to 'None'
[0.649s] Level 5:colcon.colcon_core.verb:set package 'rosidl_typesupport_microxrcedds_test_msg' build argument 'cmake_target_skip_unavailable' from command line to 'False'
[0.649s] Level 5:colcon.colcon_core.verb:set package 'rosidl_typesupport_microxrcedds_test_msg' build argument 'cmake_clean_cache' from command line to 'False'
[0.649s] Level 5:colcon.colcon_core.verb:set package 'rosidl_typesupport_microxrcedds_test_msg' build argument 'cmake_clean_first' from command line to 'False'
[0.649s] Level 5:colcon.colcon_core.verb:set package 'rosidl_typesupport_microxrcedds_test_msg' build argument 'cmake_force_configure' from command line to 'False'
[0.649s] Level 5:colcon.colcon_core.verb:set package 'rosidl_typesupport_microxrcedds_test_msg' build argument 'ament_cmake_args' from command line to 'None'
[0.649s] Level 5:colcon.colcon_core.verb:set package 'rosidl_typesupport_microxrcedds_test_msg' build argument 'catkin_cmake_args' from command line to 'None'
[0.649s] Level 5:colcon.colcon_core.verb:set package 'rosidl_typesupport_microxrcedds_test_msg' build argument 'catkin_skip_building_tests' from command line to 'False'
[0.649s] DEBUG:colcon.colcon_core.verb:Building package 'rosidl_typesupport_microxrcedds_test_msg' with the following arguments: {'ament_cmake_args': None, 'build_base': '/root/ros_ws/src/Rescue_Car_ws/build/rosidl_typesupport_microxrcedds_test_msg', 'catkin_cmake_args': None, 'catkin_skip_building_tests': False, 'cmake_args': None, 'cmake_clean_cache': False, 'cmake_clean_first': False, 'cmake_force_configure': False, 'cmake_target': None, 'cmake_target_skip_unavailable': False, 'install_base': '/root/ros_ws/src/Rescue_Car_ws/install/rosidl_typesupport_microxrcedds_test_msg', 'merge_install': False, 'path': '/root/ros_ws/src/Rescue_Car_ws/src/microros/src/uros/rosidl_typesupport_microxrcedds/test/msg', 'symlink_install': False, 'test_result_base': None}
[0.649s] Level 5:colcon.colcon_core.verb:set package 'sensor_msgs_py' build argument 'cmake_args' from command line to 'None'
[0.649s] Level 5:colcon.colcon_core.verb:set package 'sensor_msgs_py' build argument 'cmake_target' from command line to 'None'
[0.649s] Level 5:colcon.colcon_core.verb:set package 'sensor_msgs_py' build argument 'cmake_target_skip_unavailable' from command line to 'False'
[0.649s] Level 5:colcon.colcon_core.verb:set package 'sensor_msgs_py' build argument 'cmake_clean_cache' from command line to 'False'
[0.649s] Level 5:colcon.colcon_core.verb:set package 'sensor_msgs_py' build argument 'cmake_clean_first' from command line to 'False'
[0.649s] Level 5:colcon.colcon_core.verb:set package 'sensor_msgs_py' build argument 'cmake_force_configure' from command line to 'False'
[0.649s] Level 5:colcon.colcon_core.verb:set package 'sensor_msgs_py' build argument 'ament_cmake_args' from command line to 'None'
[0.649s] Level 5:colcon.colcon_core.verb:set package 'sensor_msgs_py' build argument 'catkin_cmake_args' from command line to 'None'
[0.649s] Level 5:colcon.colcon_core.verb:set package 'sensor_msgs_py' build argument 'catkin_skip_building_tests' from command line to 'False'
[0.649s] DEBUG:colcon.colcon_core.verb:Building package 'sensor_msgs_py' with the following arguments: {'ament_cmake_args': None, 'build_base': '/root/ros_ws/src/Rescue_Car_ws/build/sensor_msgs_py', 'catkin_cmake_args': None, 'catkin_skip_building_tests': False, 'cmake_args': None, 'cmake_clean_cache': False, 'cmake_clean_first': False, 'cmake_force_configure': False, 'cmake_target': None, 'cmake_target_skip_unavailable': False, 'install_base': '/root/ros_ws/src/Rescue_Car_ws/install/sensor_msgs_py', 'merge_install': False, 'path': '/root/ros_ws/src/Rescue_Car_ws/src/microros/src/ros2/common_interfaces/sensor_msgs_py', 'symlink_install': False, 'test_result_base': None}
[0.650s] Level 5:colcon.colcon_core.verb:set package 'stereo_msgs' build argument 'cmake_args' from command line to 'None'
[0.650s] Level 5:colcon.colcon_core.verb:set package 'stereo_msgs' build argument 'cmake_target' from command line to 'None'
[0.650s] Level 5:colcon.colcon_core.verb:set package 'stereo_msgs' build argument 'cmake_target_skip_unavailable' from command line to 'False'
[0.650s] Level 5:colcon.colcon_core.verb:set package 'stereo_msgs' build argument 'cmake_clean_cache' from command line to 'False'
[0.650s] Level 5:colcon.colcon_core.verb:set package 'stereo_msgs' build argument 'cmake_clean_first' from command line to 'False'
[0.650s] Level 5:colcon.colcon_core.verb:set package 'stereo_msgs' build argument 'cmake_force_configure' from command line to 'False'
[0.650s] Level 5:colcon.colcon_core.verb:set package 'stereo_msgs' build argument 'ament_cmake_args' from command line to 'None'
[0.650s] Level 5:colcon.colcon_core.verb:set package 'stereo_msgs' build argument 'catkin_cmake_args' from command line to 'None'
[0.650s] Level 5:colcon.colcon_core.verb:set package 'stereo_msgs' build argument 'catkin_skip_building_tests' from command line to 'False'
[0.650s] DEBUG:colcon.colcon_core.verb:Building package 'stereo_msgs' with the following arguments: {'ament_cmake_args': None, 'build_base': '/root/ros_ws/src/Rescue_Car_ws/build/stereo_msgs', 'catkin_cmake_args': None, 'catkin_skip_building_tests': False, 'cmake_args': None, 'cmake_clean_cache': False, 'cmake_clean_first': False, 'cmake_force_configure': False, 'cmake_target': None, 'cmake_target_skip_unavailable': False, 'install_base': '/root/ros_ws/src/Rescue_Car_ws/install/stereo_msgs', 'merge_install': False, 'path': '/root/ros_ws/src/Rescue_Car_ws/src/microros/src/ros2/common_interfaces/stereo_msgs', 'symlink_install': False, 'test_result_base': None}
[0.650s] Level 5:colcon.colcon_core.verb:set package 'visualization_msgs' build argument 'cmake_args' from command line to 'None'
[0.650s] Level 5:colcon.colcon_core.verb:set package 'visualization_msgs' build argument 'cmake_target' from command line to 'None'
[0.650s] Level 5:colcon.colcon_core.verb:set package 'visualization_msgs' build argument 'cmake_target_skip_unavailable' from command line to 'False'
[0.650s] Level 5:colcon.colcon_core.verb:set package 'visualization_msgs' build argument 'cmake_clean_cache' from command line to 'False'
[0.650s] Level 5:colcon.colcon_core.verb:set package 'visualization_msgs' build argument 'cmake_clean_first' from command line to 'False'
[0.650s] Level 5:colcon.colcon_core.verb:set package 'visualization_msgs' build argument 'cmake_force_configure' from command line to 'False'
[0.650s] Level 5:colcon.colcon_core.verb:set package 'visualization_msgs' build argument 'ament_cmake_args' from command line to 'None'
[0.650s] Level 5:colcon.colcon_core.verb:set package 'visualization_msgs' build argument 'catkin_cmake_args' from command line to 'None'
[0.650s] Level 5:colcon.colcon_core.verb:set package 'visualization_msgs' build argument 'catkin_skip_building_tests' from command line to 'False'
[0.650s] DEBUG:colcon.colcon_core.verb:Building package 'visualization_msgs' with the following arguments: {'ament_cmake_args': None, 'build_base': '/root/ros_ws/src/Rescue_Car_ws/build/visualization_msgs', 'catkin_cmake_args': None, 'catkin_skip_building_tests': False, 'cmake_args': None, 'cmake_clean_cache': False, 'cmake_clean_first': False, 'cmake_force_configure': False, 'cmake_target': None, 'cmake_target_skip_unavailable': False, 'install_base': '/root/ros_ws/src/Rescue_Car_ws/install/visualization_msgs', 'merge_install': False, 'path': '/root/ros_ws/src/Rescue_Car_ws/src/microros/src/ros2/common_interfaces/visualization_msgs', 'symlink_install': False, 'test_result_base': None}
[0.650s] Level 5:colcon.colcon_core.verb:set package 'common_interfaces' build argument 'cmake_args' from command line to 'None'
[0.650s] Level 5:colcon.colcon_core.verb:set package 'common_interfaces' build argument 'cmake_target' from command line to 'None'
[0.650s] Level 5:colcon.colcon_core.verb:set package 'common_interfaces' build argument 'cmake_target_skip_unavailable' from command line to 'False'
[0.650s] Level 5:colcon.colcon_core.verb:set package 'common_interfaces' build argument 'cmake_clean_cache' from command line to 'False'
[0.650s] Level 5:colcon.colcon_core.verb:set package 'common_interfaces' build argument 'cmake_clean_first' from command line to 'False'
[0.650s] Level 5:colcon.colcon_core.verb:set package 'common_interfaces' build argument 'cmake_force_configure' from command line to 'False'
[0.650s] Level 5:colcon.colcon_core.verb:set package 'common_interfaces' build argument 'ament_cmake_args' from command line to 'None'
[0.650s] Level 5:colcon.colcon_core.verb:set package 'common_interfaces' build argument 'catkin_cmake_args' from command line to 'None'
[0.650s] Level 5:colcon.colcon_core.verb:set package 'common_interfaces' build argument 'catkin_skip_building_tests' from command line to 'False'
[0.650s] DEBUG:colcon.colcon_core.verb:Building package 'common_interfaces' with the following arguments: {'ament_cmake_args': None, 'build_base': '/root/ros_ws/src/Rescue_Car_ws/build/common_interfaces', 'catkin_cmake_args': None, 'catkin_skip_building_tests': False, 'cmake_args': None, 'cmake_clean_cache': False, 'cmake_clean_first': False, 'cmake_force_configure': False, 'cmake_target': None, 'cmake_target_skip_unavailable': False, 'install_base': '/root/ros_ws/src/Rescue_Car_ws/install/common_interfaces', 'merge_install': False, 'path': '/root/ros_ws/src/Rescue_Car_ws/src/microros/src/ros2/common_interfaces/common_interfaces', 'symlink_install': False, 'test_result_base': None}
[0.651s] Level 5:colcon.colcon_core.verb:set package 'micro_ros_demos_rclc' build argument 'cmake_args' from command line to 'None'
[0.651s] Level 5:colcon.colcon_core.verb:set package 'micro_ros_demos_rclc' build argument 'cmake_target' from command line to 'None'
[0.651s] Level 5:colcon.colcon_core.verb:set package 'micro_ros_demos_rclc' build argument 'cmake_target_skip_unavailable' from command line to 'False'
[0.651s] Level 5:colcon.colcon_core.verb:set package 'micro_ros_demos_rclc' build argument 'cmake_clean_cache' from command line to 'False'
[0.651s] Level 5:colcon.colcon_core.verb:set package 'micro_ros_demos_rclc' build argument 'cmake_clean_first' from command line to 'False'
[0.651s] Level 5:colcon.colcon_core.verb:set package 'micro_ros_demos_rclc' build argument 'cmake_force_configure' from command line to 'False'
[0.651s] Level 5:colcon.colcon_core.verb:set package 'micro_ros_demos_rclc' build argument 'ament_cmake_args' from command line to 'None'
[0.651s] Level 5:colcon.colcon_core.verb:set package 'micro_ros_demos_rclc' build argument 'catkin_cmake_args' from command line to 'None'
[0.651s] Level 5:colcon.colcon_core.verb:set package 'micro_ros_demos_rclc' build argument 'catkin_skip_building_tests' from command line to 'False'
[0.651s] DEBUG:colcon.colcon_core.verb:Building package 'micro_ros_demos_rclc' with the following arguments: {'ament_cmake_args': None, 'build_base': '/root/ros_ws/src/Rescue_Car_ws/build/micro_ros_demos_rclc', 'catkin_cmake_args': None, 'catkin_skip_building_tests': False, 'cmake_args': None, 'cmake_clean_cache': False, 'cmake_clean_first': False, 'cmake_force_configure': False, 'cmake_target': None, 'cmake_target_skip_unavailable': False, 'install_base': '/root/ros_ws/src/Rescue_Car_ws/install/micro_ros_demos_rclc', 'merge_install': False, 'path': '/root/ros_ws/src/Rescue_Car_ws/src/microros/src/uros/micro-ROS-demos/rclc', 'symlink_install': False, 'test_result_base': None}
[0.651s] Level 5:colcon.colcon_core.verb:set package 'rosidl_typesupport_microxrcedds_c_tests' build argument 'cmake_args' from command line to 'None'
[0.651s] Level 5:colcon.colcon_core.verb:set package 'rosidl_typesupport_microxrcedds_c_tests' build argument 'cmake_target' from command line to 'None'
[0.651s] Level 5:colcon.colcon_core.verb:set package 'rosidl_typesupport_microxrcedds_c_tests' build argument 'cmake_target_skip_unavailable' from command line to 'False'
[0.651s] Level 5:colcon.colcon_core.verb:set package 'rosidl_typesupport_microxrcedds_c_tests' build argument 'cmake_clean_cache' from command line to 'False'
[0.651s] Level 5:colcon.colcon_core.verb:set package 'rosidl_typesupport_microxrcedds_c_tests' build argument 'cmake_clean_first' from command line to 'False'
[0.651s] Level 5:colcon.colcon_core.verb:set package 'rosidl_typesupport_microxrcedds_c_tests' build argument 'cmake_force_configure' from command line to 'False'
[0.651s] Level 5:colcon.colcon_core.verb:set package 'rosidl_typesupport_microxrcedds_c_tests' build argument 'ament_cmake_args' from command line to 'None'
[0.651s] Level 5:colcon.colcon_core.verb:set package 'rosidl_typesupport_microxrcedds_c_tests' build argument 'catkin_cmake_args' from command line to 'None'
[0.651s] Level 5:colcon.colcon_core.verb:set package 'rosidl_typesupport_microxrcedds_c_tests' build argument 'catkin_skip_building_tests' from command line to 'False'
[0.651s] DEBUG:colcon.colcon_core.verb:Building package 'rosidl_typesupport_microxrcedds_c_tests' with the following arguments: {'ament_cmake_args': None, 'build_base': '/root/ros_ws/src/Rescue_Car_ws/build/rosidl_typesupport_microxrcedds_c_tests', 'catkin_cmake_args': None, 'catkin_skip_building_tests': False, 'cmake_args': None, 'cmake_clean_cache': False, 'cmake_clean_first': False, 'cmake_force_configure': False, 'cmake_target': None, 'cmake_target_skip_unavailable': False, 'install_base': '/root/ros_ws/src/Rescue_Car_ws/install/rosidl_typesupport_microxrcedds_c_tests', 'merge_install': False, 'path': '/root/ros_ws/src/Rescue_Car_ws/src/microros/src/uros/rosidl_typesupport_microxrcedds/test/c', 'symlink_install': False, 'test_result_base': None}
[0.651s] Level 5:colcon.colcon_core.verb:set package 'rosidl_typesupport_microxrcedds_cpp_tests' build argument 'cmake_args' from command line to 'None'
[0.651s] Level 5:colcon.colcon_core.verb:set package 'rosidl_typesupport_microxrcedds_cpp_tests' build argument 'cmake_target' from command line to 'None'
[0.651s] Level 5:colcon.colcon_core.verb:set package 'rosidl_typesupport_microxrcedds_cpp_tests' build argument 'cmake_target_skip_unavailable' from command line to 'False'
[0.651s] Level 5:colcon.colcon_core.verb:set package 'rosidl_typesupport_microxrcedds_cpp_tests' build argument 'cmake_clean_cache' from command line to 'False'
[0.651s] Level 5:colcon.colcon_core.verb:set package 'rosidl_typesupport_microxrcedds_cpp_tests' build argument 'cmake_clean_first' from command line to 'False'
[0.651s] Level 5:colcon.colcon_core.verb:set package 'rosidl_typesupport_microxrcedds_cpp_tests' build argument 'cmake_force_configure' from command line to 'False'
[0.651s] Level 5:colcon.colcon_core.verb:set package 'rosidl_typesupport_microxrcedds_cpp_tests' build argument 'ament_cmake_args' from command line to 'None'
[0.651s] Level 5:colcon.colcon_core.verb:set package 'rosidl_typesupport_microxrcedds_cpp_tests' build argument 'catkin_cmake_args' from command line to 'None'
[0.651s] Level 5:colcon.colcon_core.verb:set package 'rosidl_typesupport_microxrcedds_cpp_tests' build argument 'catkin_skip_building_tests' from command line to 'False'
[0.651s] DEBUG:colcon.colcon_core.verb:Building package 'rosidl_typesupport_microxrcedds_cpp_tests' with the following arguments: {'ament_cmake_args': None, 'build_base': '/root/ros_ws/src/Rescue_Car_ws/build/rosidl_typesupport_microxrcedds_cpp_tests', 'catkin_cmake_args': None, 'catkin_skip_building_tests': False, 'cmake_args': None, 'cmake_clean_cache': False, 'cmake_clean_first': False, 'cmake_force_configure': False, 'cmake_target': None, 'cmake_target_skip_unavailable': False, 'install_base': '/root/ros_ws/src/Rescue_Car_ws/install/rosidl_typesupport_microxrcedds_cpp_tests', 'merge_install': False, 'path': '/root/ros_ws/src/Rescue_Car_ws/src/microros/src/uros/rosidl_typesupport_microxrcedds/test/cpp', 'symlink_install': False, 'test_result_base': None}
[0.651s] INFO:colcon.colcon_core.executor:Executing jobs using 'parallel' executor
[0.653s] DEBUG:colcon.colcon_parallel_executor.executor.parallel:run_until_complete
[0.653s] INFO:colcon.colcon_ros.task.ament_cmake.build:Building ROS package in '/root/ros_ws/src/Rescue_Car_ws/src/microros/src/ros2/rcl_interfaces/builtin_interfaces' with build type 'ament_cmake'
[0.653s] INFO:colcon.colcon_cmake.task.cmake.build:Building CMake package in '/root/ros_ws/src/Rescue_Car_ws/src/microros/src/ros2/rcl_interfaces/builtin_interfaces'
[0.659s] INFO:colcon.colcon_core.plugin_system:Skipping extension 'colcon_core.shell.bat': Not used on non-Windows systems
[0.659s] INFO:colcon.colcon_core.shell:Skip shell extension 'powershell' for command environment: Not usable outside of PowerShell
[0.659s] DEBUG:colcon.colcon_core.shell:Skip shell extension 'dsv' for command environment
[0.661s] INFO:colcon.colcon_cmake.task.cmake.build:Building CMake package in '/root/ros_ws/src/Rescue_Car_ws/src/microros/src/eProsima/Micro-CDR'
[0.661s] INFO:colcon.colcon_core.shell:Skip shell extension 'powershell' for command environment: Not usable outside of PowerShell
[0.662s] DEBUG:colcon.colcon_core.shell:Skip shell extension 'dsv' for command environment
[0.664s] INFO:colcon.colcon_ros.task.ament_cmake.build:Building ROS package in '/root/ros_ws/src/Rescue_Car_ws/src/microros/src/uros/micro_ros_msgs' with build type 'ament_cmake'
[0.664s] INFO:colcon.colcon_cmake.task.cmake.build:Building CMake package in '/root/ros_ws/src/Rescue_Car_ws/src/microros/src/uros/micro_ros_msgs'
[0.664s] INFO:colcon.colcon_core.shell:Skip shell extension 'powershell' for command environment: Not usable outside of PowerShell
[0.664s] DEBUG:colcon.colcon_core.shell:Skip shell extension 'dsv' for command environment
[0.666s] INFO:colcon.colcon_ros.task.ament_cmake.build:Building ROS package in '/root/ros_ws/src/Rescue_Car_ws/src/microros/src/ros2/unique_identifier_msgs' with build type 'ament_cmake'
[0.666s] INFO:colcon.colcon_cmake.task.cmake.build:Building CMake package in '/root/ros_ws/src/Rescue_Car_ws/src/microros/src/ros2/unique_identifier_msgs'
[0.666s] INFO:colcon.colcon_core.shell:Skip shell extension 'powershell' for command environment: Not usable outside of PowerShell
[0.666s] DEBUG:colcon.colcon_core.shell:Skip shell extension 'dsv' for command environment
[0.668s] INFO:colcon.colcon_ros.task.ament_cmake.build:Building ROS package in '/root/ros_ws/src/Rescue_Car_ws/src/microros/src/uros/micro_ros_utilities' with build type 'ament_cmake'
[0.668s] INFO:colcon.colcon_cmake.task.cmake.build:Building CMake package in '/root/ros_ws/src/Rescue_Car_ws/src/microros/src/uros/micro_ros_utilities'
[0.669s] INFO:colcon.colcon_core.shell:Skip shell extension 'powershell' for command environment: Not usable outside of PowerShell
[0.669s] DEBUG:colcon.colcon_core.shell:Skip shell extension 'dsv' for command environment
[0.671s] INFO:colcon.colcon_ros.task.ament_cmake.build:Building ROS package in '/root/ros_ws/src/Rescue_Car_ws/src/microros/src/ros2/common_interfaces/std_srvs' with build type 'ament_cmake'
[0.671s] INFO:colcon.colcon_cmake.task.cmake.build:Building CMake package in '/root/ros_ws/src/Rescue_Car_ws/src/microros/src/ros2/common_interfaces/std_srvs'
[0.671s] INFO:colcon.colcon_core.shell:Skip shell extension 'powershell' for command environment: Not usable outside of PowerShell
[0.671s] DEBUG:colcon.colcon_core.shell:Skip shell extension 'dsv' for command environment
[0.673s] INFO:colcon.colcon_ros.task.ament_cmake.build:Building ROS package in '/root/ros_ws/src/Rescue_Car_ws/src/car' with build type 'ament_cmake'
[0.673s] INFO:colcon.colcon_cmake.task.cmake.build:Building CMake package in '/root/ros_ws/src/Rescue_Car_ws/src/car'
[0.674s] INFO:colcon.colcon_core.shell:Skip shell extension 'powershell' for command environment: Not usable outside of PowerShell
[0.674s] DEBUG:colcon.colcon_core.shell:Skip shell extension 'dsv' for command environment
[0.676s] INFO:colcon.colcon_ros.task.ament_cmake.build:Building ROS package in '/root/ros_ws/src/Rescue_Car_ws/src/microros/src/ros2/rcl_interfaces/lifecycle_msgs' with build type 'ament_cmake'
[0.676s] INFO:colcon.colcon_cmake.task.cmake.build:Building CMake package in '/root/ros_ws/src/Rescue_Car_ws/src/microros/src/ros2/rcl_interfaces/lifecycle_msgs'
[0.676s] INFO:colcon.colcon_core.shell:Skip shell extension 'powershell' for command environment: Not usable outside of PowerShell
[0.676s] DEBUG:colcon.colcon_core.shell:Skip shell extension 'dsv' for command environment
[0.678s] INFO:colcon.colcon_ros.task.ament_cmake.build:Building ROS package in '/root/ros_ws/src/Rescue_Car_ws/src/microros/src/micro_ros_setup' with build type 'ament_cmake'
[0.678s] INFO:colcon.colcon_cmake.task.cmake.build:Building CMake package in '/root/ros_ws/src/Rescue_Car_ws/src/microros/src/micro_ros_setup'
[0.678s] INFO:colcon.colcon_core.shell:Skip shell extension 'powershell' for command environment: Not usable outside of PowerShell
[0.678s] DEBUG:colcon.colcon_core.shell:Skip shell extension 'dsv' for command environment
[0.684s] DEBUG:colcon.colcon_core.event_handler.log_command:Invoking command in '/root/ros_ws/src/Rescue_Car_ws/build/builtin_interfaces': CMAKE_PREFIX_PATH=/opt/ros/humble /usr/bin/cmake /root/ros_ws/src/Rescue_Car_ws/src/microros/src/ros2/rcl_interfaces/builtin_interfaces -DCMAKE_INSTALL_PREFIX=/root/ros_ws/src/Rescue_Car_ws/install/builtin_interfaces
[0.689s] DEBUG:colcon.colcon_core.event_handler.log_command:Invoking command in '/root/ros_ws/src/Rescue_Car_ws/build/microcdr': /usr/bin/cmake /root/ros_ws/src/Rescue_Car_ws/src/microros/src/eProsima/Micro-CDR -DUCDR_ISOLATED_INSTALL=OFF -DCMAKE_INSTALL_PREFIX=/root/ros_ws/src/Rescue_Car_ws/install/microcdr
[0.691s] DEBUG:colcon.colcon_core.event_handler.log_command:Invoking command in '/root/ros_ws/src/Rescue_Car_ws/build/micro_ros_msgs': CMAKE_PREFIX_PATH=/opt/ros/humble /usr/bin/cmake /root/ros_ws/src/Rescue_Car_ws/src/microros/src/uros/micro_ros_msgs -DCMAKE_INSTALL_PREFIX=/root/ros_ws/src/Rescue_Car_ws/install/micro_ros_msgs
[0.694s] DEBUG:colcon.colcon_core.event_handler.log_command:Invoking command in '/root/ros_ws/src/Rescue_Car_ws/build/unique_identifier_msgs': CMAKE_PREFIX_PATH=/opt/ros/humble /usr/bin/cmake /root/ros_ws/src/Rescue_Car_ws/src/microros/src/ros2/unique_identifier_msgs -DCMAKE_INSTALL_PREFIX=/root/ros_ws/src/Rescue_Car_ws/install/unique_identifier_msgs
[0.697s] DEBUG:colcon.colcon_core.event_handler.log_command:Invoking command in '/root/ros_ws/src/Rescue_Car_ws/build/micro_ros_utilities': CMAKE_PREFIX_PATH=/opt/ros/humble /usr/bin/cmake /root/ros_ws/src/Rescue_Car_ws/src/microros/src/uros/micro_ros_utilities -DCMAKE_INSTALL_PREFIX=/root/ros_ws/src/Rescue_Car_ws/install/micro_ros_utilities
[0.699s] DEBUG:colcon.colcon_core.event_handler.log_command:Invoking command in '/root/ros_ws/src/Rescue_Car_ws/build/std_srvs': CMAKE_PREFIX_PATH=/opt/ros/humble /usr/bin/cmake /root/ros_ws/src/Rescue_Car_ws/src/microros/src/ros2/common_interfaces/std_srvs -DCMAKE_INSTALL_PREFIX=/root/ros_ws/src/Rescue_Car_ws/install/std_srvs
[0.702s] DEBUG:colcon.colcon_core.event_handler.log_command:Invoking command in '/root/ros_ws/src/Rescue_Car_ws/build/car': CMAKE_PREFIX_PATH=/opt/ros/humble /usr/bin/cmake /root/ros_ws/src/Rescue_Car_ws/src/car -DCMAKE_INSTALL_PREFIX=/root/ros_ws/src/Rescue_Car_ws/install/car
[0.706s] DEBUG:colcon.colcon_core.event_handler.log_command:Invoking command in '/root/ros_ws/src/Rescue_Car_ws/build/lifecycle_msgs': CMAKE_PREFIX_PATH=/opt/ros/humble /usr/bin/cmake /root/ros_ws/src/Rescue_Car_ws/src/microros/src/ros2/rcl_interfaces/lifecycle_msgs -DCMAKE_INSTALL_PREFIX=/root/ros_ws/src/Rescue_Car_ws/install/lifecycle_msgs
[0.713s] DEBUG:colcon.colcon_core.event_handler.log_command:Invoking command in '/root/ros_ws/src/Rescue_Car_ws/build/micro_ros_setup': CMAKE_PREFIX_PATH=/opt/ros/humble /usr/bin/cmake /root/ros_ws/src/Rescue_Car_ws/src/microros/src/micro_ros_setup -DCMAKE_INSTALL_PREFIX=/root/ros_ws/src/Rescue_Car_ws/install/micro_ros_setup
[2.185s] DEBUG:colcon.colcon_core.event_handler.log_command:Invoked command in '/root/ros_ws/src/Rescue_Car_ws/build/microcdr' returned '0': /usr/bin/cmake /root/ros_ws/src/Rescue_Car_ws/src/microros/src/eProsima/Micro-CDR -DUCDR_ISOLATED_INSTALL=OFF -DCMAKE_INSTALL_PREFIX=/root/ros_ws/src/Rescue_Car_ws/install/microcdr
[2.186s] DEBUG:colcon.colcon_core.event_handler.log_command:Invoking command in '/root/ros_ws/src/Rescue_Car_ws/build/microcdr': /usr/bin/cmake --build /root/ros_ws/src/Rescue_Car_ws/build/microcdr -- -j20 -l20
[2.284s] DEBUG:colcon.colcon_core.event_handler.log_command:Invoked command in '/root/ros_ws/src/Rescue_Car_ws/build/car' returned '0': CMAKE_PREFIX_PATH=/opt/ros/humble /usr/bin/cmake /root/ros_ws/src/Rescue_Car_ws/src/car -DCMAKE_INSTALL_PREFIX=/root/ros_ws/src/Rescue_Car_ws/install/car
[2.285s] DEBUG:colcon.colcon_core.event_handler.log_command:Invoking command in '/root/ros_ws/src/Rescue_Car_ws/build/car': CMAKE_PREFIX_PATH=/opt/ros/humble /usr/bin/cmake --build /root/ros_ws/src/Rescue_Car_ws/build/car -- -j20 -l20
[2.313s] DEBUG:colcon.colcon_core.event_handler.log_command:Invoked command in '/root/ros_ws/src/Rescue_Car_ws/build/car' returned '0': CMAKE_PREFIX_PATH=/opt/ros/humble /usr/bin/cmake --build /root/ros_ws/src/Rescue_Car_ws/build/car -- -j20 -l20
[2.323s] DEBUG:colcon.colcon_core.event_handler.log_command:Invoking command in '/root/ros_ws/src/Rescue_Car_ws/build/car': CMAKE_PREFIX_PATH=/opt/ros/humble /usr/bin/cmake --install /root/ros_ws/src/Rescue_Car_ws/build/car
[2.335s] Level 1:colcon.colcon_core.environment:create_environment_scripts_only(car)
[2.335s] DEBUG:colcon.colcon_core.event_handler.log_command:Invoked command in '/root/ros_ws/src/Rescue_Car_ws/build/car' returned '0': CMAKE_PREFIX_PATH=/opt/ros/humble /usr/bin/cmake --install /root/ros_ws/src/Rescue_Car_ws/build/car
[2.342s] Level 1:colcon.colcon_core.environment:checking '/root/ros_ws/src/Rescue_Car_ws/install/car' for CMake module files
[2.343s] Level 1:colcon.colcon_core.environment:checking '/root/ros_ws/src/Rescue_Car_ws/install/car' for CMake config files
[2.343s] Level 1:colcon.colcon_core.shell:create_environment_hook('car', 'cmake_prefix_path')
[2.343s] INFO:colcon.colcon_core.shell:Creating environment hook '/root/ros_ws/src/Rescue_Car_ws/install/car/share/car/hook/cmake_prefix_path.ps1'
[2.344s] INFO:colcon.colcon_core.shell:Creating environment descriptor '/root/ros_ws/src/Rescue_Car_ws/install/car/share/car/hook/cmake_prefix_path.dsv'
[2.345s] INFO:colcon.colcon_core.shell:Creating environment hook '/root/ros_ws/src/Rescue_Car_ws/install/car/share/car/hook/cmake_prefix_path.sh'
[2.346s] Level 1:colcon.colcon_core.environment:checking '/root/ros_ws/src/Rescue_Car_ws/install/car/bin'
[2.346s] Level 1:colcon.colcon_core.environment:checking '/root/ros_ws/src/Rescue_Car_ws/install/car/lib/pkgconfig/car.pc'
[2.346s] Level 1:colcon.colcon_core.environment:checking '/root/ros_ws/src/Rescue_Car_ws/install/car/lib/python3.10/site-packages'
[2.346s] Level 1:colcon.colcon_core.environment:checking '/root/ros_ws/src/Rescue_Car_ws/install/car/bin'
[2.346s] INFO:colcon.colcon_core.shell:Creating package script '/root/ros_ws/src/Rescue_Car_ws/install/car/share/car/package.ps1'
[2.347s] INFO:colcon.colcon_core.shell:Creating package descriptor '/root/ros_ws/src/Rescue_Car_ws/install/car/share/car/package.dsv'
[2.348s] INFO:colcon.colcon_core.shell:Creating package script '/root/ros_ws/src/Rescue_Car_ws/install/car/share/car/package.sh'
[2.349s] INFO:colcon.colcon_core.shell:Creating package script '/root/ros_ws/src/Rescue_Car_ws/install/car/share/car/package.bash'
[2.351s] INFO:colcon.colcon_core.shell:Creating package script '/root/ros_ws/src/Rescue_Car_ws/install/car/share/car/package.zsh'
[2.352s] Level 1:colcon.colcon_core.environment:create_file_with_runtime_dependencies(/root/ros_ws/src/Rescue_Car_ws/install/car/share/colcon-core/packages/car)
[2.352s] Level 1:colcon.colcon_core.environment:create_environment_scripts_only(car)
[2.353s] Level 1:colcon.colcon_core.environment:checking '/root/ros_ws/src/Rescue_Car_ws/install/car' for CMake module files
[2.353s] Level 1:colcon.colcon_core.environment:checking '/root/ros_ws/src/Rescue_Car_ws/install/car' for CMake config files
[2.353s] Level 1:colcon.colcon_core.shell:create_environment_hook('car', 'cmake_prefix_path')
[2.353s] INFO:colcon.colcon_core.shell:Creating environment hook '/root/ros_ws/src/Rescue_Car_ws/install/car/share/car/hook/cmake_prefix_path.ps1'
[2.354s] INFO:colcon.colcon_core.shell:Creating environment descriptor '/root/ros_ws/src/Rescue_Car_ws/install/car/share/car/hook/cmake_prefix_path.dsv'
[2.354s] INFO:colcon.colcon_core.shell:Creating environment hook '/root/ros_ws/src/Rescue_Car_ws/install/car/share/car/hook/cmake_prefix_path.sh'
[2.355s] Level 1:colcon.colcon_core.environment:checking '/root/ros_ws/src/Rescue_Car_ws/install/car/bin'
[2.355s] Level 1:colcon.colcon_core.environment:checking '/root/ros_ws/src/Rescue_Car_ws/install/car/lib/pkgconfig/car.pc'
[2.355s] Level 1:colcon.colcon_core.environment:checking '/root/ros_ws/src/Rescue_Car_ws/install/car/lib/python3.10/site-packages'
[2.355s] Level 1:colcon.colcon_core.environment:checking '/root/ros_ws/src/Rescue_Car_ws/install/car/bin'
[2.355s] INFO:colcon.colcon_core.shell:Creating package script '/root/ros_ws/src/Rescue_Car_ws/install/car/share/car/package.ps1'
[2.356s] INFO:colcon.colcon_core.shell:Creating package descriptor '/root/ros_ws/src/Rescue_Car_ws/install/car/share/car/package.dsv'
[2.357s] INFO:colcon.colcon_core.shell:Creating package script '/root/ros_ws/src/Rescue_Car_ws/install/car/share/car/package.sh'
[2.358s] INFO:colcon.colcon_core.shell:Creating package script '/root/ros_ws/src/Rescue_Car_ws/install/car/share/car/package.bash'
[2.358s] INFO:colcon.colcon_core.shell:Creating package script '/root/ros_ws/src/Rescue_Car_ws/install/car/share/car/package.zsh'
[2.358s] Level 1:colcon.colcon_core.environment:create_file_with_runtime_dependencies(/root/ros_ws/src/Rescue_Car_ws/install/car/share/colcon-core/packages/car)
[2.365s] DEBUG:colcon.colcon_core.event_handler.log_command:Invoked command in '/root/ros_ws/src/Rescue_Car_ws/build/micro_ros_setup' returned '0': CMAKE_PREFIX_PATH=/opt/ros/humble /usr/bin/cmake /root/ros_ws/src/Rescue_Car_ws/src/microros/src/micro_ros_setup -DCMAKE_INSTALL_PREFIX=/root/ros_ws/src/Rescue_Car_ws/install/micro_ros_setup
[2.366s] DEBUG:colcon.colcon_core.event_handler.log_command:Invoking command in '/root/ros_ws/src/Rescue_Car_ws/build/micro_ros_setup': CMAKE_PREFIX_PATH=/opt/ros/humble /usr/bin/cmake --build /root/ros_ws/src/Rescue_Car_ws/build/micro_ros_setup -- -j20 -l20
[2.394s] DEBUG:colcon.colcon_core.event_handler.log_command:Invoked command in '/root/ros_ws/src/Rescue_Car_ws/build/micro_ros_setup' returned '0': CMAKE_PREFIX_PATH=/opt/ros/humble /usr/bin/cmake --build /root/ros_ws/src/Rescue_Car_ws/build/micro_ros_setup -- -j20 -l20
[2.396s] DEBUG:colcon.colcon_core.event_handler.log_command:Invoking command in '/root/ros_ws/src/Rescue_Car_ws/build/micro_ros_setup': CMAKE_PREFIX_PATH=/opt/ros/humble /usr/bin/cmake --install /root/ros_ws/src/Rescue_Car_ws/build/micro_ros_setup
[2.465s] Level 1:colcon.colcon_core.environment:create_environment_scripts_only(micro_ros_setup)
[2.466s] Level 1:colcon.colcon_core.environment:checking '/root/ros_ws/src/Rescue_Car_ws/install/micro_ros_setup' for CMake module files
[2.466s] DEBUG:colcon.colcon_core.event_handler.log_command:Invoked command in '/root/ros_ws/src/Rescue_Car_ws/build/micro_ros_setup' returned '0': CMAKE_PREFIX_PATH=/opt/ros/humble /usr/bin/cmake --install /root/ros_ws/src/Rescue_Car_ws/build/micro_ros_setup
[2.467s] Level 1:colcon.colcon_core.environment:checking '/root/ros_ws/src/Rescue_Car_ws/install/micro_ros_setup' for CMake config files
[2.468s] Level 1:colcon.colcon_core.shell:create_environment_hook('micro_ros_setup', 'cmake_prefix_path')
[2.468s] INFO:colcon.colcon_core.shell:Creating environment hook '/root/ros_ws/src/Rescue_Car_ws/install/micro_ros_setup/share/micro_ros_setup/hook/cmake_prefix_path.ps1'
[2.468s] INFO:colcon.colcon_core.shell:Creating environment descriptor '/root/ros_ws/src/Rescue_Car_ws/install/micro_ros_setup/share/micro_ros_setup/hook/cmake_prefix_path.dsv'
[2.469s] INFO:colcon.colcon_core.shell:Creating environment hook '/root/ros_ws/src/Rescue_Car_ws/install/micro_ros_setup/share/micro_ros_setup/hook/cmake_prefix_path.sh'
[2.469s] Level 1:colcon.colcon_core.environment:checking '/root/ros_ws/src/Rescue_Car_ws/install/micro_ros_setup/lib'
[2.469s] Level 1:colcon.colcon_core.environment:checking '/root/ros_ws/src/Rescue_Car_ws/install/micro_ros_setup/bin'
[2.470s] Level 1:colcon.colcon_core.environment:checking '/root/ros_ws/src/Rescue_Car_ws/install/micro_ros_setup/lib/pkgconfig/micro_ros_setup.pc'
[2.470s] Level 1:colcon.colcon_core.environment:checking '/root/ros_ws/src/Rescue_Car_ws/install/micro_ros_setup/lib/python3.10/site-packages'
[2.471s] Level 1:colcon.colcon_core.environment:checking '/root/ros_ws/src/Rescue_Car_ws/install/micro_ros_setup/bin'
[2.471s] INFO:colcon.colcon_core.shell:Creating package script '/root/ros_ws/src/Rescue_Car_ws/install/micro_ros_setup/share/micro_ros_setup/package.ps1'
[2.471s] INFO:colcon.colcon_core.shell:Creating package descriptor '/root/ros_ws/src/Rescue_Car_ws/install/micro_ros_setup/share/micro_ros_setup/package.dsv'
[2.472s] INFO:colcon.colcon_core.shell:Creating package script '/root/ros_ws/src/Rescue_Car_ws/install/micro_ros_setup/share/micro_ros_setup/package.sh'
[2.472s] INFO:colcon.colcon_core.shell:Creating package script '/root/ros_ws/src/Rescue_Car_ws/install/micro_ros_setup/share/micro_ros_setup/package.bash'
[2.472s] INFO:colcon.colcon_core.shell:Creating package script '/root/ros_ws/src/Rescue_Car_ws/install/micro_ros_setup/share/micro_ros_setup/package.zsh'
[2.472s] Level 1:colcon.colcon_core.environment:create_file_with_runtime_dependencies(/root/ros_ws/src/Rescue_Car_ws/install/micro_ros_setup/share/colcon-core/packages/micro_ros_setup)
[2.473s] Level 1:colcon.colcon_core.environment:create_environment_scripts_only(micro_ros_setup)
[2.473s] Level 1:colcon.colcon_core.environment:checking '/root/ros_ws/src/Rescue_Car_ws/install/micro_ros_setup' for CMake module files
[2.474s] Level 1:colcon.colcon_core.environment:checking '/root/ros_ws/src/Rescue_Car_ws/install/micro_ros_setup' for CMake config files
[2.474s] Level 1:colcon.colcon_core.shell:create_environment_hook('micro_ros_setup', 'cmake_prefix_path')
[2.475s] INFO:colcon.colcon_core.shell:Creating environment hook '/root/ros_ws/src/Rescue_Car_ws/install/micro_ros_setup/share/micro_ros_setup/hook/cmake_prefix_path.ps1'
[2.475s] INFO:colcon.colcon_core.shell:Creating environment descriptor '/root/ros_ws/src/Rescue_Car_ws/install/micro_ros_setup/share/micro_ros_setup/hook/cmake_prefix_path.dsv'
[2.475s] INFO:colcon.colcon_core.shell:Creating environment hook '/root/ros_ws/src/Rescue_Car_ws/install/micro_ros_setup/share/micro_ros_setup/hook/cmake_prefix_path.sh'
[2.476s] Level 1:colcon.colcon_core.environment:checking '/root/ros_ws/src/Rescue_Car_ws/install/micro_ros_setup/lib'
[2.476s] Level 1:colcon.colcon_core.environment:checking '/root/ros_ws/src/Rescue_Car_ws/install/micro_ros_setup/bin'
[2.476s] Level 1:colcon.colcon_core.environment:checking '/root/ros_ws/src/Rescue_Car_ws/install/micro_ros_setup/lib/pkgconfig/micro_ros_setup.pc'
[2.476s] Level 1:colcon.colcon_core.environment:checking '/root/ros_ws/src/Rescue_Car_ws/install/micro_ros_setup/lib/python3.10/site-packages'
[2.476s] Level 1:colcon.colcon_core.environment:checking '/root/ros_ws/src/Rescue_Car_ws/install/micro_ros_setup/bin'
[2.476s] INFO:colcon.colcon_core.shell:Creating package script '/root/ros_ws/src/Rescue_Car_ws/install/micro_ros_setup/share/micro_ros_setup/package.ps1'
[2.477s] INFO:colcon.colcon_core.shell:Creating package descriptor '/root/ros_ws/src/Rescue_Car_ws/install/micro_ros_setup/share/micro_ros_setup/package.dsv'
[2.477s] INFO:colcon.colcon_core.shell:Creating package script '/root/ros_ws/src/Rescue_Car_ws/install/micro_ros_setup/share/micro_ros_setup/package.sh'
[2.477s] INFO:colcon.colcon_core.shell:Creating package script '/root/ros_ws/src/Rescue_Car_ws/install/micro_ros_setup/share/micro_ros_setup/package.bash'
[2.478s] INFO:colcon.colcon_core.shell:Creating package script '/root/ros_ws/src/Rescue_Car_ws/install/micro_ros_setup/share/micro_ros_setup/package.zsh'
[2.478s] Level 1:colcon.colcon_core.environment:create_file_with_runtime_dependencies(/root/ros_ws/src/Rescue_Car_ws/install/micro_ros_setup/share/colcon-core/packages/micro_ros_setup)
[2.955s] DEBUG:colcon.colcon_core.event_handler.log_command:Invoked command in '/root/ros_ws/src/Rescue_Car_ws/build/micro_ros_utilities' returned '0': CMAKE_PREFIX_PATH=/opt/ros/humble /usr/bin/cmake /root/ros_ws/src/Rescue_Car_ws/src/microros/src/uros/micro_ros_utilities -DCMAKE_INSTALL_PREFIX=/root/ros_ws/src/Rescue_Car_ws/install/micro_ros_utilities
[2.956s] DEBUG:colcon.colcon_core.event_handler.log_command:Invoking command in '/root/ros_ws/src/Rescue_Car_ws/build/micro_ros_utilities': CMAKE_PREFIX_PATH=/opt/ros/humble /usr/bin/cmake --build /root/ros_ws/src/Rescue_Car_ws/build/micro_ros_utilities -- -j20 -l20
[2.964s] DEBUG:colcon.colcon_core.event_handler.log_command:Invoked command in '/root/ros_ws/src/Rescue_Car_ws/build/microcdr' returned '0': /usr/bin/cmake --build /root/ros_ws/src/Rescue_Car_ws/build/microcdr -- -j20 -l20
[2.965s] DEBUG:colcon.colcon_core.event_handler.log_command:Invoking command in '/root/ros_ws/src/Rescue_Car_ws/build/microcdr': /usr/bin/cmake --install /root/ros_ws/src/Rescue_Car_ws/build/microcdr
[2.976s] Level 1:colcon.colcon_core.environment:create_environment_scripts_only(microcdr)
[2.976s] Level 1:colcon.colcon_core.environment:checking '/root/ros_ws/src/Rescue_Car_ws/install/microcdr' for CMake module files
[2.976s] DEBUG:colcon.colcon_core.event_handler.log_command:Invoked command in '/root/ros_ws/src/Rescue_Car_ws/build/microcdr' returned '0': /usr/bin/cmake --install /root/ros_ws/src/Rescue_Car_ws/build/microcdr
[2.976s] Level 1:colcon.colcon_core.environment:checking '/root/ros_ws/src/Rescue_Car_ws/install/microcdr' for CMake config files
[2.976s] Level 1:colcon.colcon_core.shell:create_environment_hook('microcdr', 'cmake_prefix_path')
[2.977s] INFO:colcon.colcon_core.shell:Creating environment hook '/root/ros_ws/src/Rescue_Car_ws/install/microcdr/share/microcdr/hook/cmake_prefix_path.ps1'
[2.977s] INFO:colcon.colcon_core.shell:Creating environment descriptor '/root/ros_ws/src/Rescue_Car_ws/install/microcdr/share/microcdr/hook/cmake_prefix_path.dsv'
[2.978s] INFO:colcon.colcon_core.shell:Creating environment hook '/root/ros_ws/src/Rescue_Car_ws/install/microcdr/share/microcdr/hook/cmake_prefix_path.sh'
[2.978s] Level 1:colcon.colcon_core.environment:checking '/root/ros_ws/src/Rescue_Car_ws/install/microcdr/lib'
[2.979s] Level 1:colcon.colcon_core.environment:checking '/root/ros_ws/src/Rescue_Car_ws/install/microcdr/bin'
[2.979s] Level 1:colcon.colcon_core.environment:checking '/root/ros_ws/src/Rescue_Car_ws/install/microcdr/lib/pkgconfig/microcdr.pc'
[2.979s] Level 1:colcon.colcon_core.environment:checking '/root/ros_ws/src/Rescue_Car_ws/install/microcdr/lib/python3.10/site-packages'
[2.979s] Level 1:colcon.colcon_core.environment:checking '/root/ros_ws/src/Rescue_Car_ws/install/microcdr/bin'
[2.979s] INFO:colcon.colcon_core.shell:Creating package script '/root/ros_ws/src/Rescue_Car_ws/install/microcdr/share/microcdr/package.ps1'
[2.980s] INFO:colcon.colcon_core.shell:Creating package descriptor '/root/ros_ws/src/Rescue_Car_ws/install/microcdr/share/microcdr/package.dsv'
[2.980s] INFO:colcon.colcon_core.shell:Creating package script '/root/ros_ws/src/Rescue_Car_ws/install/microcdr/share/microcdr/package.sh'
[2.980s] INFO:colcon.colcon_core.shell:Creating package script '/root/ros_ws/src/Rescue_Car_ws/install/microcdr/share/microcdr/package.bash'
[2.980s] INFO:colcon.colcon_core.shell:Creating package script '/root/ros_ws/src/Rescue_Car_ws/install/microcdr/share/microcdr/package.zsh'
[2.981s] Level 1:colcon.colcon_core.environment:create_file_with_runtime_dependencies(/root/ros_ws/src/Rescue_Car_ws/install/microcdr/share/colcon-core/packages/microcdr)
[2.981s] INFO:colcon.colcon_ros.task.ament_cmake.build:Building ROS package in '/root/ros_ws/src/Rescue_Car_ws/src/microros/src/uros/rosidl_typesupport_microxrcedds/rosidl_typesupport_microxrcedds_c' with build type 'ament_cmake'
[2.981s] INFO:colcon.colcon_cmake.task.cmake.build:Building CMake package in '/root/ros_ws/src/Rescue_Car_ws/src/microros/src/uros/rosidl_typesupport_microxrcedds/rosidl_typesupport_microxrcedds_c'
[2.982s] INFO:colcon.colcon_core.shell:Skip shell extension 'powershell' for command environment: Not usable outside of PowerShell
[2.982s] DEBUG:colcon.colcon_core.shell:Skip shell extension 'dsv' for command environment
[2.986s] INFO:colcon.colcon_cmake.task.cmake.build:Building CMake package in '/root/ros_ws/src/Rescue_Car_ws/src/microros/src/eProsima/Micro-XRCE-DDS-Client'
[2.987s] INFO:colcon.colcon_core.shell:Skip shell extension 'powershell' for command environment: Not usable outside of PowerShell
[2.987s] DEBUG:colcon.colcon_core.shell:Skip shell extension 'dsv' for command environment
[3.049s] DEBUG:colcon.colcon_core.event_handler.log_command:Invoking command in '/root/ros_ws/src/Rescue_Car_ws/build/rosidl_typesupport_microxrcedds_c': CMAKE_PREFIX_PATH=/root/ros_ws/src/Rescue_Car_ws/install/microcdr:/opt/ros/humble /usr/bin/cmake /root/ros_ws/src/Rescue_Car_ws/src/microros/src/uros/rosidl_typesupport_microxrcedds/rosidl_typesupport_microxrcedds_c -DCMAKE_INSTALL_PREFIX=/root/ros_ws/src/Rescue_Car_ws/install/rosidl_typesupport_microxrcedds_c
[3.055s] DEBUG:colcon.colcon_core.event_handler.log_command:Invoking command in '/root/ros_ws/src/Rescue_Car_ws/build/microxrcedds_client': CMAKE_PREFIX_PATH=/root/ros_ws/src/Rescue_Car_ws/install/microcdr /usr/bin/cmake /root/ros_ws/src/Rescue_Car_ws/src/microros/src/eProsima/Micro-XRCE-DDS-Client -DUCLIENT_ISOLATED_INSTALL=OFF -DUCLIENT_SUPERBUILD=OFF -DCMAKE_INSTALL_PREFIX=/root/ros_ws/src/Rescue_Car_ws/install/microxrcedds_client
[3.687s] DEBUG:colcon.colcon_core.event_handler.log_command:Invoked command in '/root/ros_ws/src/Rescue_Car_ws/build/std_srvs' returned '0': CMAKE_PREFIX_PATH=/opt/ros/humble /usr/bin/cmake /root/ros_ws/src/Rescue_Car_ws/src/microros/src/ros2/common_interfaces/std_srvs -DCMAKE_INSTALL_PREFIX=/root/ros_ws/src/Rescue_Car_ws/install/std_srvs
[3.690s] DEBUG:colcon.colcon_core.event_handler.log_command:Invoking command in '/root/ros_ws/src/Rescue_Car_ws/build/std_srvs': CMAKE_PREFIX_PATH=/opt/ros/humble /usr/bin/cmake --build /root/ros_ws/src/Rescue_Car_ws/build/std_srvs -- -j20 -l20
[3.771s] DEBUG:colcon.colcon_core.event_handler.log_command:Invoked command in '/root/ros_ws/src/Rescue_Car_ws/build/micro_ros_msgs' returned '0': CMAKE_PREFIX_PATH=/opt/ros/humble /usr/bin/cmake /root/ros_ws/src/Rescue_Car_ws/src/microros/src/uros/micro_ros_msgs -DCMAKE_INSTALL_PREFIX=/root/ros_ws/src/Rescue_Car_ws/install/micro_ros_msgs
[3.773s] DEBUG:colcon.colcon_core.event_handler.log_command:Invoking command in '/root/ros_ws/src/Rescue_Car_ws/build/micro_ros_msgs': CMAKE_PREFIX_PATH=/opt/ros/humble /usr/bin/cmake --build /root/ros_ws/src/Rescue_Car_ws/build/micro_ros_msgs -- -j20 -l20
[3.792s] DEBUG:colcon.colcon_core.event_handler.log_command:Invoked command in '/root/ros_ws/src/Rescue_Car_ws/build/builtin_interfaces' returned '0': CMAKE_PREFIX_PATH=/opt/ros/humble /usr/bin/cmake /root/ros_ws/src/Rescue_Car_ws/src/microros/src/ros2/rcl_interfaces/builtin_interfaces -DCMAKE_INSTALL_PREFIX=/root/ros_ws/src/Rescue_Car_ws/install/builtin_interfaces
[3.795s] DEBUG:colcon.colcon_core.event_handler.log_command:Invoking command in '/root/ros_ws/src/Rescue_Car_ws/build/builtin_interfaces': CMAKE_PREFIX_PATH=/opt/ros/humble /usr/bin/cmake --build /root/ros_ws/src/Rescue_Car_ws/build/builtin_interfaces -- -j20 -l20
[3.820s] DEBUG:colcon.colcon_core.event_handler.log_command:Invoked command in '/root/ros_ws/src/Rescue_Car_ws/build/unique_identifier_msgs' returned '0': CMAKE_PREFIX_PATH=/opt/ros/humble /usr/bin/cmake /root/ros_ws/src/Rescue_Car_ws/src/microros/src/ros2/unique_identifier_msgs -DCMAKE_INSTALL_PREFIX=/root/ros_ws/src/Rescue_Car_ws/install/unique_identifier_msgs
[3.823s] DEBUG:colcon.colcon_core.event_handler.log_command:Invoking command in '/root/ros_ws/src/Rescue_Car_ws/build/unique_identifier_msgs': CMAKE_PREFIX_PATH=/opt/ros/humble /usr/bin/cmake --build /root/ros_ws/src/Rescue_Car_ws/build/unique_identifier_msgs -- -j20 -l20
[4.094s] DEBUG:colcon.colcon_core.event_handler.log_command:Invoked command in '/root/ros_ws/src/Rescue_Car_ws/build/lifecycle_msgs' returned '0': CMAKE_PREFIX_PATH=/opt/ros/humble /usr/bin/cmake /root/ros_ws/src/Rescue_Car_ws/src/microros/src/ros2/rcl_interfaces/lifecycle_msgs -DCMAKE_INSTALL_PREFIX=/root/ros_ws/src/Rescue_Car_ws/install/lifecycle_msgs
[4.095s] DEBUG:colcon.colcon_core.event_handler.log_command:Invoking command in '/root/ros_ws/src/Rescue_Car_ws/build/lifecycle_msgs': CMAKE_PREFIX_PATH=/opt/ros/humble /usr/bin/cmake --build /root/ros_ws/src/Rescue_Car_ws/build/lifecycle_msgs -- -j20 -l20
[4.206s] DEBUG:colcon.colcon_core.event_handler.log_command:Invoked command in '/root/ros_ws/src/Rescue_Car_ws/build/microxrcedds_client' returned '0': CMAKE_PREFIX_PATH=/root/ros_ws/src/Rescue_Car_ws/install/microcdr /usr/bin/cmake /root/ros_ws/src/Rescue_Car_ws/src/microros/src/eProsima/Micro-XRCE-DDS-Client -DUCLIENT_ISOLATED_INSTALL=OFF -DUCLIENT_SUPERBUILD=OFF -DCMAKE_INSTALL_PREFIX=/root/ros_ws/src/Rescue_Car_ws/install/microxrcedds_client
[4.207s] DEBUG:colcon.colcon_core.event_handler.log_command:Invoking command in '/root/ros_ws/src/Rescue_Car_ws/build/microxrcedds_client': CMAKE_PREFIX_PATH=/root/ros_ws/src/Rescue_Car_ws/install/microcdr /usr/bin/cmake --build /root/ros_ws/src/Rescue_Car_ws/build/microxrcedds_client -- -j20 -l20
[5.184s] DEBUG:colcon.colcon_core.event_handler.log_command:Invoked command in '/root/ros_ws/src/Rescue_Car_ws/build/rosidl_typesupport_microxrcedds_c' returned '0': CMAKE_PREFIX_PATH=/root/ros_ws/src/Rescue_Car_ws/install/microcdr:/opt/ros/humble /usr/bin/cmake /root/ros_ws/src/Rescue_Car_ws/src/microros/src/uros/rosidl_typesupport_microxrcedds/rosidl_typesupport_microxrcedds_c -DCMAKE_INSTALL_PREFIX=/root/ros_ws/src/Rescue_Car_ws/install/rosidl_typesupport_microxrcedds_c
[5.185s] DEBUG:colcon.colcon_core.event_handler.log_command:Invoking command in '/root/ros_ws/src/Rescue_Car_ws/build/rosidl_typesupport_microxrcedds_c': CMAKE_PREFIX_PATH=/root/ros_ws/src/Rescue_Car_ws/install/microcdr:/opt/ros/humble /usr/bin/cmake --build /root/ros_ws/src/Rescue_Car_ws/build/rosidl_typesupport_microxrcedds_c -- -j20 -l20
[5.470s] DEBUG:colcon.colcon_core.event_handler.log_command:Invoked command in '/root/ros_ws/src/Rescue_Car_ws/build/microxrcedds_client' returned '0': CMAKE_PREFIX_PATH=/root/ros_ws/src/Rescue_Car_ws/install/microcdr /usr/bin/cmake --build /root/ros_ws/src/Rescue_Car_ws/build/microxrcedds_client -- -j20 -l20
[5.470s] DEBUG:colcon.colcon_core.event_handler.log_command:Invoking command in '/root/ros_ws/src/Rescue_Car_ws/build/microxrcedds_client': CMAKE_PREFIX_PATH=/root/ros_ws/src/Rescue_Car_ws/install/microcdr /usr/bin/cmake --install /root/ros_ws/src/Rescue_Car_ws/build/microxrcedds_client
[5.531s] Level 1:colcon.colcon_core.environment:create_environment_scripts_only(microxrcedds_client)
[5.532s] Level 1:colcon.colcon_core.environment:checking '/root/ros_ws/src/Rescue_Car_ws/install/microxrcedds_client' for CMake module files
[5.532s] Level 1:colcon.colcon_core.environment:checking '/root/ros_ws/src/Rescue_Car_ws/install/microxrcedds_client' for CMake config files
[5.533s] Level 1:colcon.colcon_core.shell:create_environment_hook('microxrcedds_client', 'cmake_prefix_path')
[5.533s] INFO:colcon.colcon_core.shell:Creating environment hook '/root/ros_ws/src/Rescue_Car_ws/install/microxrcedds_client/share/microxrcedds_client/hook/cmake_prefix_path.ps1'
[5.535s] DEBUG:colcon.colcon_core.event_handler.log_command:Invoked command in '/root/ros_ws/src/Rescue_Car_ws/build/microxrcedds_client' returned '0': CMAKE_PREFIX_PATH=/root/ros_ws/src/Rescue_Car_ws/install/microcdr /usr/bin/cmake --install /root/ros_ws/src/Rescue_Car_ws/build/microxrcedds_client
[5.536s] INFO:colcon.colcon_core.shell:Creating environment descriptor '/root/ros_ws/src/Rescue_Car_ws/install/microxrcedds_client/share/microxrcedds_client/hook/cmake_prefix_path.dsv'
[5.536s] INFO:colcon.colcon_core.shell:Creating environment hook '/root/ros_ws/src/Rescue_Car_ws/install/microxrcedds_client/share/microxrcedds_client/hook/cmake_prefix_path.sh'
[5.537s] Level 1:colcon.colcon_core.environment:checking '/root/ros_ws/src/Rescue_Car_ws/install/microxrcedds_client/lib'
[5.537s] Level 1:colcon.colcon_core.environment:checking '/root/ros_ws/src/Rescue_Car_ws/install/microxrcedds_client/bin'
[5.537s] Level 1:colcon.colcon_core.environment:checking '/root/ros_ws/src/Rescue_Car_ws/install/microxrcedds_client/lib/pkgconfig/microxrcedds_client.pc'
[5.537s] Level 1:colcon.colcon_core.environment:checking '/root/ros_ws/src/Rescue_Car_ws/install/microxrcedds_client/lib/python3.10/site-packages'
[5.537s] Level 1:colcon.colcon_core.environment:checking '/root/ros_ws/src/Rescue_Car_ws/install/microxrcedds_client/bin'
[5.538s] INFO:colcon.colcon_core.shell:Creating package script '/root/ros_ws/src/Rescue_Car_ws/install/microxrcedds_client/share/microxrcedds_client/package.ps1'
[5.538s] INFO:colcon.colcon_core.shell:Creating package descriptor '/root/ros_ws/src/Rescue_Car_ws/install/microxrcedds_client/share/microxrcedds_client/package.dsv'
[5.539s] INFO:colcon.colcon_core.shell:Creating package script '/root/ros_ws/src/Rescue_Car_ws/install/microxrcedds_client/share/microxrcedds_client/package.sh'
[5.539s] INFO:colcon.colcon_core.shell:Creating package script '/root/ros_ws/src/Rescue_Car_ws/install/microxrcedds_client/share/microxrcedds_client/package.bash'
[5.539s] INFO:colcon.colcon_core.shell:Creating package script '/root/ros_ws/src/Rescue_Car_ws/install/microxrcedds_client/share/microxrcedds_client/package.zsh'
[5.540s] Level 1:colcon.colcon_core.environment:create_file_with_runtime_dependencies(/root/ros_ws/src/Rescue_Car_ws/install/microxrcedds_client/share/colcon-core/packages/microxrcedds_client)
[6.032s] DEBUG:colcon.colcon_core.event_handler.log_command:Invoked command in '/root/ros_ws/src/Rescue_Car_ws/build/rosidl_typesupport_microxrcedds_c' returned '0': CMAKE_PREFIX_PATH=/root/ros_ws/src/Rescue_Car_ws/install/microcdr:/opt/ros/humble /usr/bin/cmake --build /root/ros_ws/src/Rescue_Car_ws/build/rosidl_typesupport_microxrcedds_c -- -j20 -l20
[6.033s] DEBUG:colcon.colcon_core.event_handler.log_command:Invoking command in '/root/ros_ws/src/Rescue_Car_ws/build/rosidl_typesupport_microxrcedds_c': CMAKE_PREFIX_PATH=/root/ros_ws/src/Rescue_Car_ws/install/microcdr:/opt/ros/humble /usr/bin/cmake --install /root/ros_ws/src/Rescue_Car_ws/build/rosidl_typesupport_microxrcedds_c
[6.129s] Level 1:colcon.colcon_core.environment:create_environment_scripts_only(rosidl_typesupport_microxrcedds_c)
[6.129s] Level 1:colcon.colcon_core.environment:checking '/root/ros_ws/src/Rescue_Car_ws/install/rosidl_typesupport_microxrcedds_c' for CMake module files
[6.130s] Level 1:colcon.colcon_core.environment:checking '/root/ros_ws/src/Rescue_Car_ws/install/rosidl_typesupport_microxrcedds_c' for CMake config files
[6.130s] Level 1:colcon.colcon_core.shell:create_environment_hook('rosidl_typesupport_microxrcedds_c', 'cmake_prefix_path')
[6.130s] INFO:colcon.colcon_core.shell:Creating environment hook '/root/ros_ws/src/Rescue_Car_ws/install/rosidl_typesupport_microxrcedds_c/share/rosidl_typesupport_microxrcedds_c/hook/cmake_prefix_path.ps1'
[6.131s] INFO:colcon.colcon_core.shell:Creating environment descriptor '/root/ros_ws/src/Rescue_Car_ws/install/rosidl_typesupport_microxrcedds_c/share/rosidl_typesupport_microxrcedds_c/hook/cmake_prefix_path.dsv'
[6.132s] INFO:colcon.colcon_core.shell:Creating environment hook '/root/ros_ws/src/Rescue_Car_ws/install/rosidl_typesupport_microxrcedds_c/share/rosidl_typesupport_microxrcedds_c/hook/cmake_prefix_path.sh'
[6.132s] Level 1:colcon.colcon_core.environment:checking '/root/ros_ws/src/Rescue_Car_ws/install/rosidl_typesupport_microxrcedds_c/lib'
[6.132s] Level 1:colcon.colcon_core.environment:checking '/root/ros_ws/src/Rescue_Car_ws/install/rosidl_typesupport_microxrcedds_c/bin'
[6.132s] Level 1:colcon.colcon_core.environment:checking '/root/ros_ws/src/Rescue_Car_ws/install/rosidl_typesupport_microxrcedds_c/lib/pkgconfig/rosidl_typesupport_microxrcedds_c.pc'
[6.132s] Level 1:colcon.colcon_core.environment:checking '/root/ros_ws/src/Rescue_Car_ws/install/rosidl_typesupport_microxrcedds_c/lib/python3.10/site-packages'
[6.133s] Level 1:colcon.colcon_core.environment:checking '/root/ros_ws/src/Rescue_Car_ws/install/rosidl_typesupport_microxrcedds_c/bin'
[6.133s] INFO:colcon.colcon_core.shell:Creating package script '/root/ros_ws/src/Rescue_Car_ws/install/rosidl_typesupport_microxrcedds_c/share/rosidl_typesupport_microxrcedds_c/package.ps1'
[6.134s] INFO:colcon.colcon_core.shell:Creating package descriptor '/root/ros_ws/src/Rescue_Car_ws/install/rosidl_typesupport_microxrcedds_c/share/rosidl_typesupport_microxrcedds_c/package.dsv'
[6.134s] INFO:colcon.colcon_core.shell:Creating package script '/root/ros_ws/src/Rescue_Car_ws/install/rosidl_typesupport_microxrcedds_c/share/rosidl_typesupport_microxrcedds_c/package.sh'
[6.135s] DEBUG:colcon.colcon_core.event_handler.log_command:Invoked command in '/root/ros_ws/src/Rescue_Car_ws/build/rosidl_typesupport_microxrcedds_c' returned '0': CMAKE_PREFIX_PATH=/root/ros_ws/src/Rescue_Car_ws/install/microcdr:/opt/ros/humble /usr/bin/cmake --install /root/ros_ws/src/Rescue_Car_ws/build/rosidl_typesupport_microxrcedds_c
[6.136s] INFO:colcon.colcon_core.shell:Creating package script '/root/ros_ws/src/Rescue_Car_ws/install/rosidl_typesupport_microxrcedds_c/share/rosidl_typesupport_microxrcedds_c/package.bash'
[6.137s] INFO:colcon.colcon_core.shell:Creating package script '/root/ros_ws/src/Rescue_Car_ws/install/rosidl_typesupport_microxrcedds_c/share/rosidl_typesupport_microxrcedds_c/package.zsh'
[6.137s] Level 1:colcon.colcon_core.environment:create_file_with_runtime_dependencies(/root/ros_ws/src/Rescue_Car_ws/install/rosidl_typesupport_microxrcedds_c/share/colcon-core/packages/rosidl_typesupport_microxrcedds_c)
[6.138s] Level 1:colcon.colcon_core.environment:create_environment_scripts_only(rosidl_typesupport_microxrcedds_c)
[6.140s] Level 1:colcon.colcon_core.environment:checking '/root/ros_ws/src/Rescue_Car_ws/install/rosidl_typesupport_microxrcedds_c' for CMake module files
[6.141s] Level 1:colcon.colcon_core.environment:checking '/root/ros_ws/src/Rescue_Car_ws/install/rosidl_typesupport_microxrcedds_c' for CMake config files
[6.141s] Level 1:colcon.colcon_core.shell:create_environment_hook('rosidl_typesupport_microxrcedds_c', 'cmake_prefix_path')
[6.141s] INFO:colcon.colcon_core.shell:Creating environment hook '/root/ros_ws/src/Rescue_Car_ws/install/rosidl_typesupport_microxrcedds_c/share/rosidl_typesupport_microxrcedds_c/hook/cmake_prefix_path.ps1'
[6.142s] INFO:colcon.colcon_core.shell:Creating environment descriptor '/root/ros_ws/src/Rescue_Car_ws/install/rosidl_typesupport_microxrcedds_c/share/rosidl_typesupport_microxrcedds_c/hook/cmake_prefix_path.dsv'
[6.142s] INFO:colcon.colcon_core.shell:Creating environment hook '/root/ros_ws/src/Rescue_Car_ws/install/rosidl_typesupport_microxrcedds_c/share/rosidl_typesupport_microxrcedds_c/hook/cmake_prefix_path.sh'
[6.144s] Level 1:colcon.colcon_core.environment:checking '/root/ros_ws/src/Rescue_Car_ws/install/rosidl_typesupport_microxrcedds_c/lib'
[6.144s] Level 1:colcon.colcon_core.environment:checking '/root/ros_ws/src/Rescue_Car_ws/install/rosidl_typesupport_microxrcedds_c/bin'
[6.144s] Level 1:colcon.colcon_core.environment:checking '/root/ros_ws/src/Rescue_Car_ws/install/rosidl_typesupport_microxrcedds_c/lib/pkgconfig/rosidl_typesupport_microxrcedds_c.pc'
[6.144s] Level 1:colcon.colcon_core.environment:checking '/root/ros_ws/src/Rescue_Car_ws/install/rosidl_typesupport_microxrcedds_c/lib/python3.10/site-packages'
[6.145s] Level 1:colcon.colcon_core.environment:checking '/root/ros_ws/src/Rescue_Car_ws/install/rosidl_typesupport_microxrcedds_c/bin'
[6.145s] INFO:colcon.colcon_core.shell:Creating package script '/root/ros_ws/src/Rescue_Car_ws/install/rosidl_typesupport_microxrcedds_c/share/rosidl_typesupport_microxrcedds_c/package.ps1'
[6.146s] INFO:colcon.colcon_core.shell:Creating package descriptor '/root/ros_ws/src/Rescue_Car_ws/install/rosidl_typesupport_microxrcedds_c/share/rosidl_typesupport_microxrcedds_c/package.dsv'
[6.146s] INFO:colcon.colcon_core.shell:Creating package script '/root/ros_ws/src/Rescue_Car_ws/install/rosidl_typesupport_microxrcedds_c/share/rosidl_typesupport_microxrcedds_c/package.sh'
[6.147s] INFO:colcon.colcon_core.shell:Creating package script '/root/ros_ws/src/Rescue_Car_ws/install/rosidl_typesupport_microxrcedds_c/share/rosidl_typesupport_microxrcedds_c/package.bash'
[6.147s] INFO:colcon.colcon_core.shell:Creating package script '/root/ros_ws/src/Rescue_Car_ws/install/rosidl_typesupport_microxrcedds_c/share/rosidl_typesupport_microxrcedds_c/package.zsh'
[6.148s] Level 1:colcon.colcon_core.environment:create_file_with_runtime_dependencies(/root/ros_ws/src/Rescue_Car_ws/install/rosidl_typesupport_microxrcedds_c/share/colcon-core/packages/rosidl_typesupport_microxrcedds_c)
[6.149s] INFO:colcon.colcon_ros.task.ament_cmake.build:Building ROS package in '/root/ros_ws/src/Rescue_Car_ws/src/microros/src/uros/rosidl_typesupport_microxrcedds/rosidl_typesupport_microxrcedds_cpp' with build type 'ament_cmake'
[6.150s] INFO:colcon.colcon_cmake.task.cmake.build:Building CMake package in '/root/ros_ws/src/Rescue_Car_ws/src/microros/src/uros/rosidl_typesupport_microxrcedds/rosidl_typesupport_microxrcedds_cpp'
[6.150s] INFO:colcon.colcon_core.shell:Skip shell extension 'powershell' for command environment: Not usable outside of PowerShell
[6.150s] DEBUG:colcon.colcon_core.shell:Skip shell extension 'dsv' for command environment
[6.452s] DEBUG:colcon.colcon_core.event_handler.log_command:Invoking command in '/root/ros_ws/src/Rescue_Car_ws/build/rosidl_typesupport_microxrcedds_cpp': AMENT_PREFIX_PATH=/root/ros_ws/src/Rescue_Car_ws/install/rosidl_typesupport_microxrcedds_c:${AMENT_PREFIX_PATH} CMAKE_PREFIX_PATH=/root/ros_ws/src/Rescue_Car_ws/install/rosidl_typesupport_microxrcedds_c:/root/ros_ws/src/Rescue_Car_ws/install/microcdr:/opt/ros/humble LD_LIBRARY_PATH=/root/ros_ws/src/Rescue_Car_ws/install/rosidl_typesupport_microxrcedds_c/lib:${LD_LIBRARY_PATH} PYTHONPATH=/root/ros_ws/src/Rescue_Car_ws/install/rosidl_typesupport_microxrcedds_c/local/lib/python3.10/dist-packages:${PYTHONPATH} /usr/bin/cmake /root/ros_ws/src/Rescue_Car_ws/src/microros/src/uros/rosidl_typesupport_microxrcedds/rosidl_typesupport_microxrcedds_cpp -DCMAKE_INSTALL_PREFIX=/root/ros_ws/src/Rescue_Car_ws/install/rosidl_typesupport_microxrcedds_cpp
[8.219s] DEBUG:colcon.colcon_core.event_handler.log_command:Invoked command in '/root/ros_ws/src/Rescue_Car_ws/build/unique_identifier_msgs' returned '0': CMAKE_PREFIX_PATH=/opt/ros/humble /usr/bin/cmake --build /root/ros_ws/src/Rescue_Car_ws/build/unique_identifier_msgs -- -j20 -l20
[8.220s] DEBUG:colcon.colcon_core.event_handler.log_command:Invoking command in '/root/ros_ws/src/Rescue_Car_ws/build/unique_identifier_msgs': CMAKE_PREFIX_PATH=/opt/ros/humble /usr/bin/cmake --install /root/ros_ws/src/Rescue_Car_ws/build/unique_identifier_msgs
[8.355s] Level 1:colcon.colcon_core.environment:create_environment_scripts_only(unique_identifier_msgs)
[8.356s] Level 1:colcon.colcon_core.environment:checking '/root/ros_ws/src/Rescue_Car_ws/install/unique_identifier_msgs' for CMake module files
[8.357s] Level 1:colcon.colcon_core.environment:checking '/root/ros_ws/src/Rescue_Car_ws/install/unique_identifier_msgs' for CMake config files
[8.357s] Level 1:colcon.colcon_core.shell:create_environment_hook('unique_identifier_msgs', 'cmake_prefix_path')
[8.357s] INFO:colcon.colcon_core.shell:Creating environment hook '/root/ros_ws/src/Rescue_Car_ws/install/unique_identifier_msgs/share/unique_identifier_msgs/hook/cmake_prefix_path.ps1'
[8.358s] INFO:colcon.colcon_core.shell:Creating environment descriptor '/root/ros_ws/src/Rescue_Car_ws/install/unique_identifier_msgs/share/unique_identifier_msgs/hook/cmake_prefix_path.dsv'
[8.359s] DEBUG:colcon.colcon_core.event_handler.log_command:Invoked command in '/root/ros_ws/src/Rescue_Car_ws/build/unique_identifier_msgs' returned '0': CMAKE_PREFIX_PATH=/opt/ros/humble /usr/bin/cmake --install /root/ros_ws/src/Rescue_Car_ws/build/unique_identifier_msgs
[8.360s] INFO:colcon.colcon_core.shell:Creating environment hook '/root/ros_ws/src/Rescue_Car_ws/install/unique_identifier_msgs/share/unique_identifier_msgs/hook/cmake_prefix_path.sh'
[8.361s] Level 1:colcon.colcon_core.environment:checking '/root/ros_ws/src/Rescue_Car_ws/install/unique_identifier_msgs/lib'
[8.361s] Level 1:colcon.colcon_core.shell:create_environment_hook('unique_identifier_msgs', 'ld_library_path_lib')
[8.361s] INFO:colcon.colcon_core.shell:Creating environment hook '/root/ros_ws/src/Rescue_Car_ws/install/unique_identifier_msgs/share/unique_identifier_msgs/hook/ld_library_path_lib.ps1'
[8.361s] INFO:colcon.colcon_core.shell:Creating environment descriptor '/root/ros_ws/src/Rescue_Car_ws/install/unique_identifier_msgs/share/unique_identifier_msgs/hook/ld_library_path_lib.dsv'
[8.362s] INFO:colcon.colcon_core.shell:Creating environment hook '/root/ros_ws/src/Rescue_Car_ws/install/unique_identifier_msgs/share/unique_identifier_msgs/hook/ld_library_path_lib.sh'
[8.362s] Level 1:colcon.colcon_core.environment:checking '/root/ros_ws/src/Rescue_Car_ws/install/unique_identifier_msgs/bin'
[8.362s] Level 1:colcon.colcon_core.environment:checking '/root/ros_ws/src/Rescue_Car_ws/install/unique_identifier_msgs/lib/pkgconfig/unique_identifier_msgs.pc'
[8.363s] Level 1:colcon.colcon_core.environment:checking '/root/ros_ws/src/Rescue_Car_ws/install/unique_identifier_msgs/lib/python3.10/site-packages'
[8.363s] Level 1:colcon.colcon_core.environment:checking '/root/ros_ws/src/Rescue_Car_ws/install/unique_identifier_msgs/bin'
[8.363s] INFO:colcon.colcon_core.shell:Creating package script '/root/ros_ws/src/Rescue_Car_ws/install/unique_identifier_msgs/share/unique_identifier_msgs/package.ps1'
[8.364s] INFO:colcon.colcon_core.shell:Creating package descriptor '/root/ros_ws/src/Rescue_Car_ws/install/unique_identifier_msgs/share/unique_identifier_msgs/package.dsv'
[8.364s] INFO:colcon.colcon_core.shell:Creating package script '/root/ros_ws/src/Rescue_Car_ws/install/unique_identifier_msgs/share/unique_identifier_msgs/package.sh'
[8.365s] INFO:colcon.colcon_core.shell:Creating package script '/root/ros_ws/src/Rescue_Car_ws/install/unique_identifier_msgs/share/unique_identifier_msgs/package.bash'
[8.365s] INFO:colcon.colcon_core.shell:Creating package script '/root/ros_ws/src/Rescue_Car_ws/install/unique_identifier_msgs/share/unique_identifier_msgs/package.zsh'
[8.365s] Level 1:colcon.colcon_core.environment:create_file_with_runtime_dependencies(/root/ros_ws/src/Rescue_Car_ws/install/unique_identifier_msgs/share/colcon-core/packages/unique_identifier_msgs)
[8.368s] Level 1:colcon.colcon_core.environment:create_environment_scripts_only(unique_identifier_msgs)
[8.369s] Level 1:colcon.colcon_core.environment:checking '/root/ros_ws/src/Rescue_Car_ws/install/unique_identifier_msgs' for CMake module files
[8.370s] Level 1:colcon.colcon_core.environment:checking '/root/ros_ws/src/Rescue_Car_ws/install/unique_identifier_msgs' for CMake config files
[8.371s] Level 1:colcon.colcon_core.shell:create_environment_hook('unique_identifier_msgs', 'cmake_prefix_path')
[8.374s] INFO:colcon.colcon_core.shell:Creating environment hook '/root/ros_ws/src/Rescue_Car_ws/install/unique_identifier_msgs/share/unique_identifier_msgs/hook/cmake_prefix_path.ps1'
[8.375s] INFO:colcon.colcon_core.shell:Creating environment descriptor '/root/ros_ws/src/Rescue_Car_ws/install/unique_identifier_msgs/share/unique_identifier_msgs/hook/cmake_prefix_path.dsv'
[8.375s] INFO:colcon.colcon_core.shell:Creating environment hook '/root/ros_ws/src/Rescue_Car_ws/install/unique_identifier_msgs/share/unique_identifier_msgs/hook/cmake_prefix_path.sh'
[8.376s] Level 1:colcon.colcon_core.environment:checking '/root/ros_ws/src/Rescue_Car_ws/install/unique_identifier_msgs/lib'
[8.377s] Level 1:colcon.colcon_core.shell:create_environment_hook('unique_identifier_msgs', 'ld_library_path_lib')
[8.377s] INFO:colcon.colcon_core.shell:Creating environment hook '/root/ros_ws/src/Rescue_Car_ws/install/unique_identifier_msgs/share/unique_identifier_msgs/hook/ld_library_path_lib.ps1'
[8.377s] INFO:colcon.colcon_core.shell:Creating environment descriptor '/root/ros_ws/src/Rescue_Car_ws/install/unique_identifier_msgs/share/unique_identifier_msgs/hook/ld_library_path_lib.dsv'
[8.378s] INFO:colcon.colcon_core.shell:Creating environment hook '/root/ros_ws/src/Rescue_Car_ws/install/unique_identifier_msgs/share/unique_identifier_msgs/hook/ld_library_path_lib.sh'
[8.378s] Level 1:colcon.colcon_core.environment:checking '/root/ros_ws/src/Rescue_Car_ws/install/unique_identifier_msgs/bin'
[8.379s] Level 1:colcon.colcon_core.environment:checking '/root/ros_ws/src/Rescue_Car_ws/install/unique_identifier_msgs/lib/pkgconfig/unique_identifier_msgs.pc'
[8.380s] Level 1:colcon.colcon_core.environment:checking '/root/ros_ws/src/Rescue_Car_ws/install/unique_identifier_msgs/lib/python3.10/site-packages'
[8.381s] Level 1:colcon.colcon_core.environment:checking '/root/ros_ws/src/Rescue_Car_ws/install/unique_identifier_msgs/bin'
[8.383s] INFO:colcon.colcon_core.shell:Creating package script '/root/ros_ws/src/Rescue_Car_ws/install/unique_identifier_msgs/share/unique_identifier_msgs/package.ps1'
[8.386s] INFO:colcon.colcon_core.shell:Creating package descriptor '/root/ros_ws/src/Rescue_Car_ws/install/unique_identifier_msgs/share/unique_identifier_msgs/package.dsv'
[8.388s] INFO:colcon.colcon_core.shell:Creating package script '/root/ros_ws/src/Rescue_Car_ws/install/unique_identifier_msgs/share/unique_identifier_msgs/package.sh'
[8.390s] INFO:colcon.colcon_core.shell:Creating package script '/root/ros_ws/src/Rescue_Car_ws/install/unique_identifier_msgs/share/unique_identifier_msgs/package.bash'
[8.390s] INFO:colcon.colcon_core.shell:Creating package script '/root/ros_ws/src/Rescue_Car_ws/install/unique_identifier_msgs/share/unique_identifier_msgs/package.zsh'
[8.391s] Level 1:colcon.colcon_core.environment:create_file_with_runtime_dependencies(/root/ros_ws/src/Rescue_Car_ws/install/unique_identifier_msgs/share/colcon-core/packages/unique_identifier_msgs)
[8.762s] DEBUG:colcon.colcon_core.event_handler.log_command:Invoked command in '/root/ros_ws/src/Rescue_Car_ws/build/builtin_interfaces' returned '0': CMAKE_PREFIX_PATH=/opt/ros/humble /usr/bin/cmake --build /root/ros_ws/src/Rescue_Car_ws/build/builtin_interfaces -- -j20 -l20
[8.764s] DEBUG:colcon.colcon_core.event_handler.log_command:Invoking command in '/root/ros_ws/src/Rescue_Car_ws/build/builtin_interfaces': CMAKE_PREFIX_PATH=/opt/ros/humble /usr/bin/cmake --install /root/ros_ws/src/Rescue_Car_ws/build/builtin_interfaces
[8.804s] DEBUG:colcon.colcon_core.event_handler.log_command:Invoked command in '/root/ros_ws/src/Rescue_Car_ws/build/rosidl_typesupport_microxrcedds_cpp' returned '0': AMENT_PREFIX_PATH=/root/ros_ws/src/Rescue_Car_ws/install/rosidl_typesupport_microxrcedds_c:${AMENT_PREFIX_PATH} CMAKE_PREFIX_PATH=/root/ros_ws/src/Rescue_Car_ws/install/rosidl_typesupport_microxrcedds_c:/root/ros_ws/src/Rescue_Car_ws/install/microcdr:/opt/ros/humble LD_LIBRARY_PATH=/root/ros_ws/src/Rescue_Car_ws/install/rosidl_typesupport_microxrcedds_c/lib:${LD_LIBRARY_PATH} PYTHONPATH=/root/ros_ws/src/Rescue_Car_ws/install/rosidl_typesupport_microxrcedds_c/local/lib/python3.10/dist-packages:${PYTHONPATH} /usr/bin/cmake /root/ros_ws/src/Rescue_Car_ws/src/microros/src/uros/rosidl_typesupport_microxrcedds/rosidl_typesupport_microxrcedds_cpp -DCMAKE_INSTALL_PREFIX=/root/ros_ws/src/Rescue_Car_ws/install/rosidl_typesupport_microxrcedds_cpp
[8.805s] DEBUG:colcon.colcon_core.event_handler.log_command:Invoking command in '/root/ros_ws/src/Rescue_Car_ws/build/rosidl_typesupport_microxrcedds_cpp': AMENT_PREFIX_PATH=/root/ros_ws/src/Rescue_Car_ws/install/rosidl_typesupport_microxrcedds_c:${AMENT_PREFIX_PATH} CMAKE_PREFIX_PATH=/root/ros_ws/src/Rescue_Car_ws/install/rosidl_typesupport_microxrcedds_c:/root/ros_ws/src/Rescue_Car_ws/install/microcdr:/opt/ros/humble LD_LIBRARY_PATH=/root/ros_ws/src/Rescue_Car_ws/install/rosidl_typesupport_microxrcedds_c/lib:${LD_LIBRARY_PATH} PYTHONPATH=/root/ros_ws/src/Rescue_Car_ws/install/rosidl_typesupport_microxrcedds_c/local/lib/python3.10/dist-packages:${PYTHONPATH} /usr/bin/cmake --build /root/ros_ws/src/Rescue_Car_ws/build/rosidl_typesupport_microxrcedds_cpp -- -j20 -l20
[8.834s] DEBUG:colcon.colcon_core.event_handler.log_command:Invoked command in '/root/ros_ws/src/Rescue_Car_ws/build/micro_ros_msgs' returned '0': CMAKE_PREFIX_PATH=/opt/ros/humble /usr/bin/cmake --build /root/ros_ws/src/Rescue_Car_ws/build/micro_ros_msgs -- -j20 -l20
[8.837s] Level 1:colcon.colcon_core.environment:create_environment_scripts_only(builtin_interfaces)
[8.838s] Level 1:colcon.colcon_core.environment:checking '/root/ros_ws/src/Rescue_Car_ws/install/builtin_interfaces' for CMake module files
[8.840s] DEBUG:colcon.colcon_core.event_handler.log_command:Invoking command in '/root/ros_ws/src/Rescue_Car_ws/build/micro_ros_msgs': CMAKE_PREFIX_PATH=/opt/ros/humble /usr/bin/cmake --install /root/ros_ws/src/Rescue_Car_ws/build/micro_ros_msgs
[8.840s] DEBUG:colcon.colcon_core.event_handler.log_command:Invoked command in '/root/ros_ws/src/Rescue_Car_ws/build/builtin_interfaces' returned '0': CMAKE_PREFIX_PATH=/opt/ros/humble /usr/bin/cmake --install /root/ros_ws/src/Rescue_Car_ws/build/builtin_interfaces
[8.841s] Level 1:colcon.colcon_core.environment:checking '/root/ros_ws/src/Rescue_Car_ws/install/builtin_interfaces' for CMake config files
[8.841s] Level 1:colcon.colcon_core.shell:create_environment_hook('builtin_interfaces', 'cmake_prefix_path')
[8.842s] INFO:colcon.colcon_core.shell:Creating environment hook '/root/ros_ws/src/Rescue_Car_ws/install/builtin_interfaces/share/builtin_interfaces/hook/cmake_prefix_path.ps1'
[8.843s] INFO:colcon.colcon_core.shell:Creating environment descriptor '/root/ros_ws/src/Rescue_Car_ws/install/builtin_interfaces/share/builtin_interfaces/hook/cmake_prefix_path.dsv'
[8.843s] INFO:colcon.colcon_core.shell:Creating environment hook '/root/ros_ws/src/Rescue_Car_ws/install/builtin_interfaces/share/builtin_interfaces/hook/cmake_prefix_path.sh'
[8.844s] Level 1:colcon.colcon_core.environment:checking '/root/ros_ws/src/Rescue_Car_ws/install/builtin_interfaces/lib'
[8.847s] Level 1:colcon.colcon_core.shell:create_environment_hook('builtin_interfaces', 'ld_library_path_lib')
[8.847s] INFO:colcon.colcon_core.shell:Creating environment hook '/root/ros_ws/src/Rescue_Car_ws/install/builtin_interfaces/share/builtin_interfaces/hook/ld_library_path_lib.ps1'
[8.851s] INFO:colcon.colcon_core.shell:Creating environment descriptor '/root/ros_ws/src/Rescue_Car_ws/install/builtin_interfaces/share/builtin_interfaces/hook/ld_library_path_lib.dsv'
[8.855s] INFO:colcon.colcon_core.shell:Creating environment hook '/root/ros_ws/src/Rescue_Car_ws/install/builtin_interfaces/share/builtin_interfaces/hook/ld_library_path_lib.sh'
[8.861s] Level 1:colcon.colcon_core.environment:checking '/root/ros_ws/src/Rescue_Car_ws/install/builtin_interfaces/bin'
[8.863s] Level 1:colcon.colcon_core.environment:checking '/root/ros_ws/src/Rescue_Car_ws/install/builtin_interfaces/lib/pkgconfig/builtin_interfaces.pc'
[8.863s] Level 1:colcon.colcon_core.environment:checking '/root/ros_ws/src/Rescue_Car_ws/install/builtin_interfaces/lib/python3.10/site-packages'
[8.864s] Level 1:colcon.colcon_core.environment:checking '/root/ros_ws/src/Rescue_Car_ws/install/builtin_interfaces/bin'
[8.864s] INFO:colcon.colcon_core.shell:Creating package script '/root/ros_ws/src/Rescue_Car_ws/install/builtin_interfaces/share/builtin_interfaces/package.ps1'
[8.869s] INFO:colcon.colcon_core.shell:Creating package descriptor '/root/ros_ws/src/Rescue_Car_ws/install/builtin_interfaces/share/builtin_interfaces/package.dsv'
[8.870s] INFO:colcon.colcon_core.shell:Creating package script '/root/ros_ws/src/Rescue_Car_ws/install/builtin_interfaces/share/builtin_interfaces/package.sh'
[8.871s] INFO:colcon.colcon_core.shell:Creating package script '/root/ros_ws/src/Rescue_Car_ws/install/builtin_interfaces/share/builtin_interfaces/package.bash'
[8.872s] INFO:colcon.colcon_core.shell:Creating package script '/root/ros_ws/src/Rescue_Car_ws/install/builtin_interfaces/share/builtin_interfaces/package.zsh'
[8.873s] Level 1:colcon.colcon_core.environment:create_file_with_runtime_dependencies(/root/ros_ws/src/Rescue_Car_ws/install/builtin_interfaces/share/colcon-core/packages/builtin_interfaces)
[8.879s] Level 1:colcon.colcon_core.environment:create_environment_scripts_only(builtin_interfaces)
[8.880s] Level 1:colcon.colcon_core.environment:checking '/root/ros_ws/src/Rescue_Car_ws/install/builtin_interfaces' for CMake module files
[8.881s] Level 1:colcon.colcon_core.environment:checking '/root/ros_ws/src/Rescue_Car_ws/install/builtin_interfaces' for CMake config files
[8.882s] Level 1:colcon.colcon_core.shell:create_environment_hook('builtin_interfaces', 'cmake_prefix_path')
[8.883s] INFO:colcon.colcon_core.shell:Creating environment hook '/root/ros_ws/src/Rescue_Car_ws/install/builtin_interfaces/share/builtin_interfaces/hook/cmake_prefix_path.ps1'
[8.883s] INFO:colcon.colcon_core.shell:Creating environment descriptor '/root/ros_ws/src/Rescue_Car_ws/install/builtin_interfaces/share/builtin_interfaces/hook/cmake_prefix_path.dsv'
[8.884s] INFO:colcon.colcon_core.shell:Creating environment hook '/root/ros_ws/src/Rescue_Car_ws/install/builtin_interfaces/share/builtin_interfaces/hook/cmake_prefix_path.sh'
[8.884s] Level 1:colcon.colcon_core.environment:checking '/root/ros_ws/src/Rescue_Car_ws/install/builtin_interfaces/lib'
[8.885s] Level 1:colcon.colcon_core.shell:create_environment_hook('builtin_interfaces', 'ld_library_path_lib')
[8.885s] INFO:colcon.colcon_core.shell:Creating environment hook '/root/ros_ws/src/Rescue_Car_ws/install/builtin_interfaces/share/builtin_interfaces/hook/ld_library_path_lib.ps1'
[8.886s] INFO:colcon.colcon_core.shell:Creating environment descriptor '/root/ros_ws/src/Rescue_Car_ws/install/builtin_interfaces/share/builtin_interfaces/hook/ld_library_path_lib.dsv'
[8.886s] INFO:colcon.colcon_core.shell:Creating environment hook '/root/ros_ws/src/Rescue_Car_ws/install/builtin_interfaces/share/builtin_interfaces/hook/ld_library_path_lib.sh'
[8.887s] Level 1:colcon.colcon_core.environment:checking '/root/ros_ws/src/Rescue_Car_ws/install/builtin_interfaces/bin'
[8.887s] Level 1:colcon.colcon_core.environment:checking '/root/ros_ws/src/Rescue_Car_ws/install/builtin_interfaces/lib/pkgconfig/builtin_interfaces.pc'
[8.887s] Level 1:colcon.colcon_core.environment:checking '/root/ros_ws/src/Rescue_Car_ws/install/builtin_interfaces/lib/python3.10/site-packages'
[8.887s] Level 1:colcon.colcon_core.environment:checking '/root/ros_ws/src/Rescue_Car_ws/install/builtin_interfaces/bin'
[8.888s] INFO:colcon.colcon_core.shell:Creating package script '/root/ros_ws/src/Rescue_Car_ws/install/builtin_interfaces/share/builtin_interfaces/package.ps1'
[8.889s] INFO:colcon.colcon_core.shell:Creating package descriptor '/root/ros_ws/src/Rescue_Car_ws/install/builtin_interfaces/share/builtin_interfaces/package.dsv'
[8.889s] INFO:colcon.colcon_core.shell:Creating package script '/root/ros_ws/src/Rescue_Car_ws/install/builtin_interfaces/share/builtin_interfaces/package.sh'
[8.890s] INFO:colcon.colcon_core.shell:Creating package script '/root/ros_ws/src/Rescue_Car_ws/install/builtin_interfaces/share/builtin_interfaces/package.bash'
[8.891s] INFO:colcon.colcon_core.shell:Creating package script '/root/ros_ws/src/Rescue_Car_ws/install/builtin_interfaces/share/builtin_interfaces/package.zsh'
[8.891s] Level 1:colcon.colcon_core.environment:create_file_with_runtime_dependencies(/root/ros_ws/src/Rescue_Car_ws/install/builtin_interfaces/share/colcon-core/packages/builtin_interfaces)
[8.892s] INFO:colcon.colcon_ros.task.ament_cmake.build:Building ROS package in '/root/ros_ws/src/Rescue_Car_ws/src/microros/src/ros2/common_interfaces/std_msgs' with build type 'ament_cmake'
[8.892s] INFO:colcon.colcon_cmake.task.cmake.build:Building CMake package in '/root/ros_ws/src/Rescue_Car_ws/src/microros/src/ros2/common_interfaces/std_msgs'
[8.893s] INFO:colcon.colcon_core.shell:Skip shell extension 'powershell' for command environment: Not usable outside of PowerShell
[8.893s] DEBUG:colcon.colcon_core.shell:Skip shell extension 'dsv' for command environment
[8.898s] INFO:colcon.colcon_ros.task.ament_cmake.build:Building ROS package in '/root/ros_ws/src/Rescue_Car_ws/src/microros/src/ros2/rcl_interfaces/action_msgs' with build type 'ament_cmake'
[8.898s] INFO:colcon.colcon_cmake.task.cmake.build:Building CMake package in '/root/ros_ws/src/Rescue_Car_ws/src/microros/src/ros2/rcl_interfaces/action_msgs'
[8.898s] INFO:colcon.colcon_core.shell:Skip shell extension 'powershell' for command environment: Not usable outside of PowerShell
[8.898s] DEBUG:colcon.colcon_core.shell:Skip shell extension 'dsv' for command environment
[8.904s] INFO:colcon.colcon_ros.task.ament_cmake.build:Building ROS package in '/root/ros_ws/src/Rescue_Car_ws/src/microros/src/ros2/rcl_interfaces/rcl_interfaces' with build type 'ament_cmake'
[8.904s] INFO:colcon.colcon_cmake.task.cmake.build:Building CMake package in '/root/ros_ws/src/Rescue_Car_ws/src/microros/src/ros2/rcl_interfaces/rcl_interfaces'
[8.904s] INFO:colcon.colcon_core.shell:Skip shell extension 'powershell' for command environment: Not usable outside of PowerShell
[8.904s] DEBUG:colcon.colcon_core.shell:Skip shell extension 'dsv' for command environment
[8.915s] INFO:colcon.colcon_ros.task.ament_cmake.build:Building ROS package in '/root/ros_ws/src/Rescue_Car_ws/src/microros/src/uros/micro-ROS-demos/messages/complex_msg' with build type 'ament_cmake'
[8.916s] INFO:colcon.colcon_cmake.task.cmake.build:Building CMake package in '/root/ros_ws/src/Rescue_Car_ws/src/microros/src/uros/micro-ROS-demos/messages/complex_msg'
[8.916s] INFO:colcon.colcon_core.shell:Skip shell extension 'powershell' for command environment: Not usable outside of PowerShell
[8.916s] DEBUG:colcon.colcon_core.shell:Skip shell extension 'dsv' for command environment
[8.927s] INFO:colcon.colcon_ros.task.ament_cmake.build:Building ROS package in '/root/ros_ws/src/Rescue_Car_ws/src/microros/src/ros2/rcl_interfaces/rosgraph_msgs' with build type 'ament_cmake'
[8.927s] INFO:colcon.colcon_cmake.task.cmake.build:Building CMake package in '/root/ros_ws/src/Rescue_Car_ws/src/microros/src/ros2/rcl_interfaces/rosgraph_msgs'
[8.928s] INFO:colcon.colcon_core.shell:Skip shell extension 'powershell' for command environment: Not usable outside of PowerShell
[8.928s] DEBUG:colcon.colcon_core.shell:Skip shell extension 'dsv' for command environment
[8.930s] INFO:colcon.colcon_ros.task.ament_cmake.build:Building ROS package in '/root/ros_ws/src/Rescue_Car_ws/src/microros/src/ros2/rcl_interfaces/statistics_msgs' with build type 'ament_cmake'
[8.931s] INFO:colcon.colcon_cmake.task.cmake.build:Building CMake package in '/root/ros_ws/src/Rescue_Car_ws/src/microros/src/ros2/rcl_interfaces/statistics_msgs'
[8.931s] INFO:colcon.colcon_core.shell:Skip shell extension 'powershell' for command environment: Not usable outside of PowerShell
[8.931s] DEBUG:colcon.colcon_core.shell:Skip shell extension 'dsv' for command environment
[8.938s] Level 1:colcon.colcon_core.environment:create_environment_scripts_only(micro_ros_msgs)
[8.938s] Level 1:colcon.colcon_core.environment:checking '/root/ros_ws/src/Rescue_Car_ws/install/micro_ros_msgs' for CMake module files
[8.938s] DEBUG:colcon.colcon_core.event_handler.log_command:Invoked command in '/root/ros_ws/src/Rescue_Car_ws/build/micro_ros_msgs' returned '0': CMAKE_PREFIX_PATH=/opt/ros/humble /usr/bin/cmake --install /root/ros_ws/src/Rescue_Car_ws/build/micro_ros_msgs
[8.939s] Level 1:colcon.colcon_core.environment:checking '/root/ros_ws/src/Rescue_Car_ws/install/micro_ros_msgs' for CMake config files
[8.941s] Level 1:colcon.colcon_core.shell:create_environment_hook('micro_ros_msgs', 'cmake_prefix_path')
[8.941s] INFO:colcon.colcon_core.shell:Creating environment hook '/root/ros_ws/src/Rescue_Car_ws/install/micro_ros_msgs/share/micro_ros_msgs/hook/cmake_prefix_path.ps1'
[8.942s] INFO:colcon.colcon_core.shell:Creating environment descriptor '/root/ros_ws/src/Rescue_Car_ws/install/micro_ros_msgs/share/micro_ros_msgs/hook/cmake_prefix_path.dsv'
[8.942s] INFO:colcon.colcon_core.shell:Creating environment hook '/root/ros_ws/src/Rescue_Car_ws/install/micro_ros_msgs/share/micro_ros_msgs/hook/cmake_prefix_path.sh'
[8.943s] Level 1:colcon.colcon_core.environment:checking '/root/ros_ws/src/Rescue_Car_ws/install/micro_ros_msgs/lib'
[8.943s] Level 1:colcon.colcon_core.shell:create_environment_hook('micro_ros_msgs', 'ld_library_path_lib')
[8.943s] INFO:colcon.colcon_core.shell:Creating environment hook '/root/ros_ws/src/Rescue_Car_ws/install/micro_ros_msgs/share/micro_ros_msgs/hook/ld_library_path_lib.ps1'
[8.943s] INFO:colcon.colcon_core.shell:Creating environment descriptor '/root/ros_ws/src/Rescue_Car_ws/install/micro_ros_msgs/share/micro_ros_msgs/hook/ld_library_path_lib.dsv'
[8.944s] INFO:colcon.colcon_core.shell:Creating environment hook '/root/ros_ws/src/Rescue_Car_ws/install/micro_ros_msgs/share/micro_ros_msgs/hook/ld_library_path_lib.sh'
[8.944s] Level 1:colcon.colcon_core.environment:checking '/root/ros_ws/src/Rescue_Car_ws/install/micro_ros_msgs/bin'
[8.944s] Level 1:colcon.colcon_core.environment:checking '/root/ros_ws/src/Rescue_Car_ws/install/micro_ros_msgs/lib/pkgconfig/micro_ros_msgs.pc'
[8.944s] Level 1:colcon.colcon_core.environment:checking '/root/ros_ws/src/Rescue_Car_ws/install/micro_ros_msgs/lib/python3.10/site-packages'
[8.944s] Level 1:colcon.colcon_core.environment:checking '/root/ros_ws/src/Rescue_Car_ws/install/micro_ros_msgs/bin'
[8.945s] INFO:colcon.colcon_core.shell:Creating package script '/root/ros_ws/src/Rescue_Car_ws/install/micro_ros_msgs/share/micro_ros_msgs/package.ps1'
[8.945s] INFO:colcon.colcon_core.shell:Creating package descriptor '/root/ros_ws/src/Rescue_Car_ws/install/micro_ros_msgs/share/micro_ros_msgs/package.dsv'
[8.946s] INFO:colcon.colcon_core.shell:Creating package script '/root/ros_ws/src/Rescue_Car_ws/install/micro_ros_msgs/share/micro_ros_msgs/package.sh'
[8.946s] INFO:colcon.colcon_core.shell:Creating package script '/root/ros_ws/src/Rescue_Car_ws/install/micro_ros_msgs/share/micro_ros_msgs/package.bash'
[8.947s] INFO:colcon.colcon_core.shell:Creating package script '/root/ros_ws/src/Rescue_Car_ws/install/micro_ros_msgs/share/micro_ros_msgs/package.zsh'
[8.947s] Level 1:colcon.colcon_core.environment:create_file_with_runtime_dependencies(/root/ros_ws/src/Rescue_Car_ws/install/micro_ros_msgs/share/colcon-core/packages/micro_ros_msgs)
[8.948s] Level 1:colcon.colcon_core.environment:create_environment_scripts_only(micro_ros_msgs)
[8.948s] Level 1:colcon.colcon_core.environment:checking '/root/ros_ws/src/Rescue_Car_ws/install/micro_ros_msgs' for CMake module files
[8.949s] Level 1:colcon.colcon_core.environment:checking '/root/ros_ws/src/Rescue_Car_ws/install/micro_ros_msgs' for CMake config files
[8.949s] Level 1:colcon.colcon_core.shell:create_environment_hook('micro_ros_msgs', 'cmake_prefix_path')
[8.950s] INFO:colcon.colcon_core.shell:Creating environment hook '/root/ros_ws/src/Rescue_Car_ws/install/micro_ros_msgs/share/micro_ros_msgs/hook/cmake_prefix_path.ps1'
[8.950s] INFO:colcon.colcon_core.shell:Creating environment descriptor '/root/ros_ws/src/Rescue_Car_ws/install/micro_ros_msgs/share/micro_ros_msgs/hook/cmake_prefix_path.dsv'
[8.951s] INFO:colcon.colcon_core.shell:Creating environment hook '/root/ros_ws/src/Rescue_Car_ws/install/micro_ros_msgs/share/micro_ros_msgs/hook/cmake_prefix_path.sh'
[8.951s] Level 1:colcon.colcon_core.environment:checking '/root/ros_ws/src/Rescue_Car_ws/install/micro_ros_msgs/lib'
[8.951s] Level 1:colcon.colcon_core.shell:create_environment_hook('micro_ros_msgs', 'ld_library_path_lib')
[8.951s] INFO:colcon.colcon_core.shell:Creating environment hook '/root/ros_ws/src/Rescue_Car_ws/install/micro_ros_msgs/share/micro_ros_msgs/hook/ld_library_path_lib.ps1'
[8.952s] INFO:colcon.colcon_core.shell:Creating environment descriptor '/root/ros_ws/src/Rescue_Car_ws/install/micro_ros_msgs/share/micro_ros_msgs/hook/ld_library_path_lib.dsv'
[8.952s] INFO:colcon.colcon_core.shell:Creating environment hook '/root/ros_ws/src/Rescue_Car_ws/install/micro_ros_msgs/share/micro_ros_msgs/hook/ld_library_path_lib.sh'
[8.952s] Level 1:colcon.colcon_core.environment:checking '/root/ros_ws/src/Rescue_Car_ws/install/micro_ros_msgs/bin'
[8.952s] Level 1:colcon.colcon_core.environment:checking '/root/ros_ws/src/Rescue_Car_ws/install/micro_ros_msgs/lib/pkgconfig/micro_ros_msgs.pc'
[8.952s] Level 1:colcon.colcon_core.environment:checking '/root/ros_ws/src/Rescue_Car_ws/install/micro_ros_msgs/lib/python3.10/site-packages'
[8.952s] Level 1:colcon.colcon_core.environment:checking '/root/ros_ws/src/Rescue_Car_ws/install/micro_ros_msgs/bin'
[8.953s] INFO:colcon.colcon_core.shell:Creating package script '/root/ros_ws/src/Rescue_Car_ws/install/micro_ros_msgs/share/micro_ros_msgs/package.ps1'
[8.953s] INFO:colcon.colcon_core.shell:Creating package descriptor '/root/ros_ws/src/Rescue_Car_ws/install/micro_ros_msgs/share/micro_ros_msgs/package.dsv'
[8.954s] INFO:colcon.colcon_core.shell:Creating package script '/root/ros_ws/src/Rescue_Car_ws/install/micro_ros_msgs/share/micro_ros_msgs/package.sh'
[8.954s] INFO:colcon.colcon_core.shell:Creating package script '/root/ros_ws/src/Rescue_Car_ws/install/micro_ros_msgs/share/micro_ros_msgs/package.bash'
[8.955s] INFO:colcon.colcon_core.shell:Creating package script '/root/ros_ws/src/Rescue_Car_ws/install/micro_ros_msgs/share/micro_ros_msgs/package.zsh'
[8.955s] Level 1:colcon.colcon_core.environment:create_file_with_runtime_dependencies(/root/ros_ws/src/Rescue_Car_ws/install/micro_ros_msgs/share/colcon-core/packages/micro_ros_msgs)
[8.957s] DEBUG:colcon.colcon_core.event_handler.log_command:Invoked command in '/root/ros_ws/src/Rescue_Car_ws/build/std_srvs' returned '0': CMAKE_PREFIX_PATH=/opt/ros/humble /usr/bin/cmake --build /root/ros_ws/src/Rescue_Car_ws/build/std_srvs -- -j20 -l20
[8.960s] INFO:colcon.colcon_ros.task.ament_cmake.build:Building ROS package in '/root/ros_ws/src/Rescue_Car_ws/src/microros/src/uros/micro-ROS-Agent/micro_ros_agent' with build type 'ament_cmake'
[8.960s] DEBUG:colcon.colcon_core.event_handler.log_command:Invoking command in '/root/ros_ws/src/Rescue_Car_ws/build/std_srvs': CMAKE_PREFIX_PATH=/opt/ros/humble /usr/bin/cmake --install /root/ros_ws/src/Rescue_Car_ws/build/std_srvs
[8.960s] INFO:colcon.colcon_cmake.task.cmake.build:Building CMake package in '/root/ros_ws/src/Rescue_Car_ws/src/microros/src/uros/micro-ROS-Agent/micro_ros_agent'
[8.961s] INFO:colcon.colcon_core.shell:Skip shell extension 'powershell' for command environment: Not usable outside of PowerShell
[8.961s] DEBUG:colcon.colcon_core.shell:Skip shell extension 'dsv' for command environment
[8.995s] DEBUG:colcon.colcon_core.event_handler.log_command:Invoking command in '/root/ros_ws/src/Rescue_Car_ws/build/std_msgs': AMENT_PREFIX_PATH=/root/ros_ws/src/Rescue_Car_ws/install/builtin_interfaces:${AMENT_PREFIX_PATH} CMAKE_PREFIX_PATH=/root/ros_ws/src/Rescue_Car_ws/install/builtin_interfaces:/opt/ros/humble LD_LIBRARY_PATH=/root/ros_ws/src/Rescue_Car_ws/install/builtin_interfaces/lib:${LD_LIBRARY_PATH} PYTHONPATH=/root/ros_ws/src/Rescue_Car_ws/install/builtin_interfaces/local/lib/python3.10/dist-packages:${PYTHONPATH} /usr/bin/cmake /root/ros_ws/src/Rescue_Car_ws/src/microros/src/ros2/common_interfaces/std_msgs -DCMAKE_INSTALL_PREFIX=/root/ros_ws/src/Rescue_Car_ws/install/std_msgs
[9.016s] DEBUG:colcon.colcon_core.event_handler.log_command:Invoking command in '/root/ros_ws/src/Rescue_Car_ws/build/rosgraph_msgs': AMENT_PREFIX_PATH=/root/ros_ws/src/Rescue_Car_ws/install/builtin_interfaces:${AMENT_PREFIX_PATH} CMAKE_PREFIX_PATH=/root/ros_ws/src/Rescue_Car_ws/install/builtin_interfaces:/opt/ros/humble LD_LIBRARY_PATH=/root/ros_ws/src/Rescue_Car_ws/install/builtin_interfaces/lib:${LD_LIBRARY_PATH} PYTHONPATH=/root/ros_ws/src/Rescue_Car_ws/install/builtin_interfaces/local/lib/python3.10/dist-packages:${PYTHONPATH} /usr/bin/cmake /root/ros_ws/src/Rescue_Car_ws/src/microros/src/ros2/rcl_interfaces/rosgraph_msgs -DCMAKE_INSTALL_PREFIX=/root/ros_ws/src/Rescue_Car_ws/install/rosgraph_msgs
[9.023s] DEBUG:colcon.colcon_core.event_handler.log_command:Invoking command in '/root/ros_ws/src/Rescue_Car_ws/build/rcl_interfaces': AMENT_PREFIX_PATH=/root/ros_ws/src/Rescue_Car_ws/install/builtin_interfaces:${AMENT_PREFIX_PATH} CMAKE_PREFIX_PATH=/root/ros_ws/src/Rescue_Car_ws/install/builtin_interfaces:/opt/ros/humble LD_LIBRARY_PATH=/root/ros_ws/src/Rescue_Car_ws/install/builtin_interfaces/lib:${LD_LIBRARY_PATH} PYTHONPATH=/root/ros_ws/src/Rescue_Car_ws/install/builtin_interfaces/local/lib/python3.10/dist-packages:${PYTHONPATH} /usr/bin/cmake /root/ros_ws/src/Rescue_Car_ws/src/microros/src/ros2/rcl_interfaces/rcl_interfaces -DCMAKE_INSTALL_PREFIX=/root/ros_ws/src/Rescue_Car_ws/install/rcl_interfaces
[9.029s] DEBUG:colcon.colcon_core.event_handler.log_command:Invoking command in '/root/ros_ws/src/Rescue_Car_ws/build/complex_msgs': AMENT_PREFIX_PATH=/root/ros_ws/src/Rescue_Car_ws/install/builtin_interfaces:${AMENT_PREFIX_PATH} CMAKE_PREFIX_PATH=/root/ros_ws/src/Rescue_Car_ws/install/builtin_interfaces:/opt/ros/humble LD_LIBRARY_PATH=/root/ros_ws/src/Rescue_Car_ws/install/builtin_interfaces/lib:${LD_LIBRARY_PATH} PYTHONPATH=/root/ros_ws/src/Rescue_Car_ws/install/builtin_interfaces/local/lib/python3.10/dist-packages:${PYTHONPATH} /usr/bin/cmake /root/ros_ws/src/Rescue_Car_ws/src/microros/src/uros/micro-ROS-demos/messages/complex_msg -DCMAKE_INSTALL_PREFIX=/root/ros_ws/src/Rescue_Car_ws/install/complex_msgs
[9.038s] Level 1:colcon.colcon_core.environment:create_environment_scripts_only(std_srvs)
[9.039s] DEBUG:colcon.colcon_core.event_handler.log_command:Invoked command in '/root/ros_ws/src/Rescue_Car_ws/build/std_srvs' returned '0': CMAKE_PREFIX_PATH=/opt/ros/humble /usr/bin/cmake --install /root/ros_ws/src/Rescue_Car_ws/build/std_srvs
[9.039s] Level 1:colcon.colcon_core.environment:checking '/root/ros_ws/src/Rescue_Car_ws/install/std_srvs' for CMake module files
[9.040s] Level 1:colcon.colcon_core.environment:checking '/root/ros_ws/src/Rescue_Car_ws/install/std_srvs' for CMake config files
[9.041s] Level 1:colcon.colcon_core.shell:create_environment_hook('std_srvs', 'cmake_prefix_path')
[9.041s] INFO:colcon.colcon_core.shell:Creating environment hook '/root/ros_ws/src/Rescue_Car_ws/install/std_srvs/share/std_srvs/hook/cmake_prefix_path.ps1'
[9.042s] INFO:colcon.colcon_core.shell:Creating environment descriptor '/root/ros_ws/src/Rescue_Car_ws/install/std_srvs/share/std_srvs/hook/cmake_prefix_path.dsv'
[9.043s] INFO:colcon.colcon_core.shell:Creating environment hook '/root/ros_ws/src/Rescue_Car_ws/install/std_srvs/share/std_srvs/hook/cmake_prefix_path.sh'
[9.043s] Level 1:colcon.colcon_core.environment:checking '/root/ros_ws/src/Rescue_Car_ws/install/std_srvs/lib'
[9.043s] Level 1:colcon.colcon_core.shell:create_environment_hook('std_srvs', 'ld_library_path_lib')
[9.044s] INFO:colcon.colcon_core.shell:Creating environment hook '/root/ros_ws/src/Rescue_Car_ws/install/std_srvs/share/std_srvs/hook/ld_library_path_lib.ps1'
[9.044s] INFO:colcon.colcon_core.shell:Creating environment descriptor '/root/ros_ws/src/Rescue_Car_ws/install/std_srvs/share/std_srvs/hook/ld_library_path_lib.dsv'
[9.045s] INFO:colcon.colcon_core.shell:Creating environment hook '/root/ros_ws/src/Rescue_Car_ws/install/std_srvs/share/std_srvs/hook/ld_library_path_lib.sh'
[9.045s] Level 1:colcon.colcon_core.environment:checking '/root/ros_ws/src/Rescue_Car_ws/install/std_srvs/bin'
[9.045s] Level 1:colcon.colcon_core.environment:checking '/root/ros_ws/src/Rescue_Car_ws/install/std_srvs/lib/pkgconfig/std_srvs.pc'
[9.045s] Level 1:colcon.colcon_core.environment:checking '/root/ros_ws/src/Rescue_Car_ws/install/std_srvs/lib/python3.10/site-packages'
[9.045s] Level 1:colcon.colcon_core.environment:checking '/root/ros_ws/src/Rescue_Car_ws/install/std_srvs/bin'
[9.046s] INFO:colcon.colcon_core.shell:Creating package script '/root/ros_ws/src/Rescue_Car_ws/install/std_srvs/share/std_srvs/package.ps1'
[9.046s] INFO:colcon.colcon_core.shell:Creating package descriptor '/root/ros_ws/src/Rescue_Car_ws/install/std_srvs/share/std_srvs/package.dsv'
[9.047s] INFO:colcon.colcon_core.shell:Creating package script '/root/ros_ws/src/Rescue_Car_ws/install/std_srvs/share/std_srvs/package.sh'
[9.047s] INFO:colcon.colcon_core.shell:Creating package script '/root/ros_ws/src/Rescue_Car_ws/install/std_srvs/share/std_srvs/package.bash'
[9.048s] INFO:colcon.colcon_core.shell:Creating package script '/root/ros_ws/src/Rescue_Car_ws/install/std_srvs/share/std_srvs/package.zsh'
[9.048s] Level 1:colcon.colcon_core.environment:create_file_with_runtime_dependencies(/root/ros_ws/src/Rescue_Car_ws/install/std_srvs/share/colcon-core/packages/std_srvs)
[9.050s] Level 1:colcon.colcon_core.environment:create_environment_scripts_only(std_srvs)
[9.050s] Level 1:colcon.colcon_core.environment:checking '/root/ros_ws/src/Rescue_Car_ws/install/std_srvs' for CMake module files
[9.050s] Level 1:colcon.colcon_core.environment:checking '/root/ros_ws/src/Rescue_Car_ws/install/std_srvs' for CMake config files
[9.050s] Level 1:colcon.colcon_core.shell:create_environment_hook('std_srvs', 'cmake_prefix_path')
[9.051s] INFO:colcon.colcon_core.shell:Creating environment hook '/root/ros_ws/src/Rescue_Car_ws/install/std_srvs/share/std_srvs/hook/cmake_prefix_path.ps1'
[9.051s] INFO:colcon.colcon_core.shell:Creating environment descriptor '/root/ros_ws/src/Rescue_Car_ws/install/std_srvs/share/std_srvs/hook/cmake_prefix_path.dsv'
[9.051s] INFO:colcon.colcon_core.shell:Creating environment hook '/root/ros_ws/src/Rescue_Car_ws/install/std_srvs/share/std_srvs/hook/cmake_prefix_path.sh'
[9.052s] Level 1:colcon.colcon_core.environment:checking '/root/ros_ws/src/Rescue_Car_ws/install/std_srvs/lib'
[9.052s] Level 1:colcon.colcon_core.shell:create_environment_hook('std_srvs', 'ld_library_path_lib')
[9.052s] INFO:colcon.colcon_core.shell:Creating environment hook '/root/ros_ws/src/Rescue_Car_ws/install/std_srvs/share/std_srvs/hook/ld_library_path_lib.ps1'
[9.053s] INFO:colcon.colcon_core.shell:Creating environment descriptor '/root/ros_ws/src/Rescue_Car_ws/install/std_srvs/share/std_srvs/hook/ld_library_path_lib.dsv'
[9.053s] INFO:colcon.colcon_core.shell:Creating environment hook '/root/ros_ws/src/Rescue_Car_ws/install/std_srvs/share/std_srvs/hook/ld_library_path_lib.sh'
[9.053s] Level 1:colcon.colcon_core.environment:checking '/root/ros_ws/src/Rescue_Car_ws/install/std_srvs/bin'
[9.053s] Level 1:colcon.colcon_core.environment:checking '/root/ros_ws/src/Rescue_Car_ws/install/std_srvs/lib/pkgconfig/std_srvs.pc'
[9.054s] Level 1:colcon.colcon_core.environment:checking '/root/ros_ws/src/Rescue_Car_ws/install/std_srvs/lib/python3.10/site-packages'
[9.054s] Level 1:colcon.colcon_core.environment:checking '/root/ros_ws/src/Rescue_Car_ws/install/std_srvs/bin'
[9.054s] INFO:colcon.colcon_core.shell:Creating package script '/root/ros_ws/src/Rescue_Car_ws/install/std_srvs/share/std_srvs/package.ps1'
[9.055s] INFO:colcon.colcon_core.shell:Creating package descriptor '/root/ros_ws/src/Rescue_Car_ws/install/std_srvs/share/std_srvs/package.dsv'
[9.055s] INFO:colcon.colcon_core.shell:Creating package script '/root/ros_ws/src/Rescue_Car_ws/install/std_srvs/share/std_srvs/package.sh'
[9.056s] INFO:colcon.colcon_core.shell:Creating package script '/root/ros_ws/src/Rescue_Car_ws/install/std_srvs/share/std_srvs/package.bash'
[9.056s] INFO:colcon.colcon_core.shell:Creating package script '/root/ros_ws/src/Rescue_Car_ws/install/std_srvs/share/std_srvs/package.zsh'
[9.056s] Level 1:colcon.colcon_core.environment:create_file_with_runtime_dependencies(/root/ros_ws/src/Rescue_Car_ws/install/std_srvs/share/colcon-core/packages/std_srvs)
[9.062s] DEBUG:colcon.colcon_core.event_handler.log_command:Invoking command in '/root/ros_ws/src/Rescue_Car_ws/build/statistics_msgs': AMENT_PREFIX_PATH=/root/ros_ws/src/Rescue_Car_ws/install/builtin_interfaces:${AMENT_PREFIX_PATH} CMAKE_PREFIX_PATH=/root/ros_ws/src/Rescue_Car_ws/install/builtin_interfaces:/opt/ros/humble LD_LIBRARY_PATH=/root/ros_ws/src/Rescue_Car_ws/install/builtin_interfaces/lib:${LD_LIBRARY_PATH} PYTHONPATH=/root/ros_ws/src/Rescue_Car_ws/install/builtin_interfaces/local/lib/python3.10/dist-packages:${PYTHONPATH} /usr/bin/cmake /root/ros_ws/src/Rescue_Car_ws/src/microros/src/ros2/rcl_interfaces/statistics_msgs -DCMAKE_INSTALL_PREFIX=/root/ros_ws/src/Rescue_Car_ws/install/statistics_msgs
[9.091s] DEBUG:colcon.colcon_core.event_handler.log_command:Invoking command in '/root/ros_ws/src/Rescue_Car_ws/build/action_msgs': AMENT_PREFIX_PATH=/root/ros_ws/src/Rescue_Car_ws/install/unique_identifier_msgs:/root/ros_ws/src/Rescue_Car_ws/install/builtin_interfaces:${AMENT_PREFIX_PATH} CMAKE_PREFIX_PATH=/root/ros_ws/src/Rescue_Car_ws/install/unique_identifier_msgs:/root/ros_ws/src/Rescue_Car_ws/install/builtin_interfaces:/opt/ros/humble LD_LIBRARY_PATH=/root/ros_ws/src/Rescue_Car_ws/install/unique_identifier_msgs/lib:/root/ros_ws/src/Rescue_Car_ws/install/builtin_interfaces/lib:${LD_LIBRARY_PATH} PYTHONPATH=/root/ros_ws/src/Rescue_Car_ws/install/unique_identifier_msgs/local/lib/python3.10/dist-packages:/root/ros_ws/src/Rescue_Car_ws/install/builtin_interfaces/local/lib/python3.10/dist-packages:${PYTHONPATH} /usr/bin/cmake /root/ros_ws/src/Rescue_Car_ws/src/microros/src/ros2/rcl_interfaces/action_msgs -DCMAKE_INSTALL_PREFIX=/root/ros_ws/src/Rescue_Car_ws/install/action_msgs
[9.125s] DEBUG:colcon.colcon_core.event_handler.log_command:Invoked command in '/root/ros_ws/src/Rescue_Car_ws/build/rosidl_typesupport_microxrcedds_cpp' returned '0': AMENT_PREFIX_PATH=/root/ros_ws/src/Rescue_Car_ws/install/rosidl_typesupport_microxrcedds_c:${AMENT_PREFIX_PATH} CMAKE_PREFIX_PATH=/root/ros_ws/src/Rescue_Car_ws/install/rosidl_typesupport_microxrcedds_c:/root/ros_ws/src/Rescue_Car_ws/install/microcdr:/opt/ros/humble LD_LIBRARY_PATH=/root/ros_ws/src/Rescue_Car_ws/install/rosidl_typesupport_microxrcedds_c/lib:${LD_LIBRARY_PATH} PYTHONPATH=/root/ros_ws/src/Rescue_Car_ws/install/rosidl_typesupport_microxrcedds_c/local/lib/python3.10/dist-packages:${PYTHONPATH} /usr/bin/cmake --build /root/ros_ws/src/Rescue_Car_ws/build/rosidl_typesupport_microxrcedds_cpp -- -j20 -l20
[9.128s] DEBUG:colcon.colcon_core.event_handler.log_command:Invoking command in '/root/ros_ws/src/Rescue_Car_ws/build/rosidl_typesupport_microxrcedds_cpp': AMENT_PREFIX_PATH=/root/ros_ws/src/Rescue_Car_ws/install/rosidl_typesupport_microxrcedds_c:${AMENT_PREFIX_PATH} CMAKE_PREFIX_PATH=/root/ros_ws/src/Rescue_Car_ws/install/rosidl_typesupport_microxrcedds_c:/root/ros_ws/src/Rescue_Car_ws/install/microcdr:/opt/ros/humble LD_LIBRARY_PATH=/root/ros_ws/src/Rescue_Car_ws/install/rosidl_typesupport_microxrcedds_c/lib:${LD_LIBRARY_PATH} PYTHONPATH=/root/ros_ws/src/Rescue_Car_ws/install/rosidl_typesupport_microxrcedds_c/local/lib/python3.10/dist-packages:${PYTHONPATH} /usr/bin/cmake --install /root/ros_ws/src/Rescue_Car_ws/build/rosidl_typesupport_microxrcedds_cpp
[9.179s] Level 1:colcon.colcon_core.environment:create_environment_scripts_only(rosidl_typesupport_microxrcedds_cpp)
[9.180s] Level 1:colcon.colcon_core.environment:checking '/root/ros_ws/src/Rescue_Car_ws/install/rosidl_typesupport_microxrcedds_cpp' for CMake module files
[9.180s] DEBUG:colcon.colcon_core.event_handler.log_command:Invoked command in '/root/ros_ws/src/Rescue_Car_ws/build/rosidl_typesupport_microxrcedds_cpp' returned '0': AMENT_PREFIX_PATH=/root/ros_ws/src/Rescue_Car_ws/install/rosidl_typesupport_microxrcedds_c:${AMENT_PREFIX_PATH} CMAKE_PREFIX_PATH=/root/ros_ws/src/Rescue_Car_ws/install/rosidl_typesupport_microxrcedds_c:/root/ros_ws/src/Rescue_Car_ws/install/microcdr:/opt/ros/humble LD_LIBRARY_PATH=/root/ros_ws/src/Rescue_Car_ws/install/rosidl_typesupport_microxrcedds_c/lib:${LD_LIBRARY_PATH} PYTHONPATH=/root/ros_ws/src/Rescue_Car_ws/install/rosidl_typesupport_microxrcedds_c/local/lib/python3.10/dist-packages:${PYTHONPATH} /usr/bin/cmake --install /root/ros_ws/src/Rescue_Car_ws/build/rosidl_typesupport_microxrcedds_cpp
[9.181s] Level 1:colcon.colcon_core.environment:checking '/root/ros_ws/src/Rescue_Car_ws/install/rosidl_typesupport_microxrcedds_cpp' for CMake config files
[9.181s] Level 1:colcon.colcon_core.shell:create_environment_hook('rosidl_typesupport_microxrcedds_cpp', 'cmake_prefix_path')
[9.182s] INFO:colcon.colcon_core.shell:Creating environment hook '/root/ros_ws/src/Rescue_Car_ws/install/rosidl_typesupport_microxrcedds_cpp/share/rosidl_typesupport_microxrcedds_cpp/hook/cmake_prefix_path.ps1'
[9.183s] INFO:colcon.colcon_core.shell:Creating environment descriptor '/root/ros_ws/src/Rescue_Car_ws/install/rosidl_typesupport_microxrcedds_cpp/share/rosidl_typesupport_microxrcedds_cpp/hook/cmake_prefix_path.dsv'
[9.183s] INFO:colcon.colcon_core.shell:Creating environment hook '/root/ros_ws/src/Rescue_Car_ws/install/rosidl_typesupport_microxrcedds_cpp/share/rosidl_typesupport_microxrcedds_cpp/hook/cmake_prefix_path.sh'
[9.183s] Level 1:colcon.colcon_core.environment:checking '/root/ros_ws/src/Rescue_Car_ws/install/rosidl_typesupport_microxrcedds_cpp/lib'
[9.183s] Level 1:colcon.colcon_core.environment:checking '/root/ros_ws/src/Rescue_Car_ws/install/rosidl_typesupport_microxrcedds_cpp/bin'
[9.183s] Level 1:colcon.colcon_core.environment:checking '/root/ros_ws/src/Rescue_Car_ws/install/rosidl_typesupport_microxrcedds_cpp/lib/pkgconfig/rosidl_typesupport_microxrcedds_cpp.pc'
[9.184s] Level 1:colcon.colcon_core.environment:checking '/root/ros_ws/src/Rescue_Car_ws/install/rosidl_typesupport_microxrcedds_cpp/lib/python3.10/site-packages'
[9.184s] Level 1:colcon.colcon_core.environment:checking '/root/ros_ws/src/Rescue_Car_ws/install/rosidl_typesupport_microxrcedds_cpp/bin'
[9.184s] INFO:colcon.colcon_core.shell:Creating package script '/root/ros_ws/src/Rescue_Car_ws/install/rosidl_typesupport_microxrcedds_cpp/share/rosidl_typesupport_microxrcedds_cpp/package.ps1'
[9.185s] INFO:colcon.colcon_core.shell:Creating package descriptor '/root/ros_ws/src/Rescue_Car_ws/install/rosidl_typesupport_microxrcedds_cpp/share/rosidl_typesupport_microxrcedds_cpp/package.dsv'
[9.186s] INFO:colcon.colcon_core.shell:Creating package script '/root/ros_ws/src/Rescue_Car_ws/install/rosidl_typesupport_microxrcedds_cpp/share/rosidl_typesupport_microxrcedds_cpp/package.sh'
[9.186s] INFO:colcon.colcon_core.shell:Creating package script '/root/ros_ws/src/Rescue_Car_ws/install/rosidl_typesupport_microxrcedds_cpp/share/rosidl_typesupport_microxrcedds_cpp/package.bash'
[9.187s] INFO:colcon.colcon_core.shell:Creating package script '/root/ros_ws/src/Rescue_Car_ws/install/rosidl_typesupport_microxrcedds_cpp/share/rosidl_typesupport_microxrcedds_cpp/package.zsh'
[9.187s] Level 1:colcon.colcon_core.environment:create_file_with_runtime_dependencies(/root/ros_ws/src/Rescue_Car_ws/install/rosidl_typesupport_microxrcedds_cpp/share/colcon-core/packages/rosidl_typesupport_microxrcedds_cpp)
[9.187s] Level 1:colcon.colcon_core.environment:create_environment_scripts_only(rosidl_typesupport_microxrcedds_cpp)
[9.188s] Level 1:colcon.colcon_core.environment:checking '/root/ros_ws/src/Rescue_Car_ws/install/rosidl_typesupport_microxrcedds_cpp' for CMake module files
[9.188s] Level 1:colcon.colcon_core.environment:checking '/root/ros_ws/src/Rescue_Car_ws/install/rosidl_typesupport_microxrcedds_cpp' for CMake config files
[9.188s] Level 1:colcon.colcon_core.shell:create_environment_hook('rosidl_typesupport_microxrcedds_cpp', 'cmake_prefix_path')
[9.188s] INFO:colcon.colcon_core.shell:Creating environment hook '/root/ros_ws/src/Rescue_Car_ws/install/rosidl_typesupport_microxrcedds_cpp/share/rosidl_typesupport_microxrcedds_cpp/hook/cmake_prefix_path.ps1'
[9.189s] INFO:colcon.colcon_core.shell:Creating environment descriptor '/root/ros_ws/src/Rescue_Car_ws/install/rosidl_typesupport_microxrcedds_cpp/share/rosidl_typesupport_microxrcedds_cpp/hook/cmake_prefix_path.dsv'
[9.189s] INFO:colcon.colcon_core.shell:Creating environment hook '/root/ros_ws/src/Rescue_Car_ws/install/rosidl_typesupport_microxrcedds_cpp/share/rosidl_typesupport_microxrcedds_cpp/hook/cmake_prefix_path.sh'
[9.189s] Level 1:colcon.colcon_core.environment:checking '/root/ros_ws/src/Rescue_Car_ws/install/rosidl_typesupport_microxrcedds_cpp/lib'
[9.189s] Level 1:colcon.colcon_core.environment:checking '/root/ros_ws/src/Rescue_Car_ws/install/rosidl_typesupport_microxrcedds_cpp/bin'
[9.189s] Level 1:colcon.colcon_core.environment:checking '/root/ros_ws/src/Rescue_Car_ws/install/rosidl_typesupport_microxrcedds_cpp/lib/pkgconfig/rosidl_typesupport_microxrcedds_cpp.pc'
[9.189s] Level 1:colcon.colcon_core.environment:checking '/root/ros_ws/src/Rescue_Car_ws/install/rosidl_typesupport_microxrcedds_cpp/lib/python3.10/site-packages'
[9.190s] Level 1:colcon.colcon_core.environment:checking '/root/ros_ws/src/Rescue_Car_ws/install/rosidl_typesupport_microxrcedds_cpp/bin'
[9.190s] INFO:colcon.colcon_core.shell:Creating package script '/root/ros_ws/src/Rescue_Car_ws/install/rosidl_typesupport_microxrcedds_cpp/share/rosidl_typesupport_microxrcedds_cpp/package.ps1'
[9.190s] INFO:colcon.colcon_core.shell:Creating package descriptor '/root/ros_ws/src/Rescue_Car_ws/install/rosidl_typesupport_microxrcedds_cpp/share/rosidl_typesupport_microxrcedds_cpp/package.dsv'
[9.190s] INFO:colcon.colcon_core.shell:Creating package script '/root/ros_ws/src/Rescue_Car_ws/install/rosidl_typesupport_microxrcedds_cpp/share/rosidl_typesupport_microxrcedds_cpp/package.sh'
[9.191s] INFO:colcon.colcon_core.shell:Creating package script '/root/ros_ws/src/Rescue_Car_ws/install/rosidl_typesupport_microxrcedds_cpp/share/rosidl_typesupport_microxrcedds_cpp/package.bash'
[9.191s] INFO:colcon.colcon_core.shell:Creating package script '/root/ros_ws/src/Rescue_Car_ws/install/rosidl_typesupport_microxrcedds_cpp/share/rosidl_typesupport_microxrcedds_cpp/package.zsh'
[9.192s] Level 1:colcon.colcon_core.environment:create_file_with_runtime_dependencies(/root/ros_ws/src/Rescue_Car_ws/install/rosidl_typesupport_microxrcedds_cpp/share/colcon-core/packages/rosidl_typesupport_microxrcedds_cpp)
[9.192s] INFO:colcon.colcon_ros.task.ament_cmake.build:Building ROS package in '/root/ros_ws/src/Rescue_Car_ws/src/microros/src/uros/rmw_microxrcedds/rmw_microxrcedds_c' with build type 'ament_cmake'
[9.193s] INFO:colcon.colcon_cmake.task.cmake.build:Building CMake package in '/root/ros_ws/src/Rescue_Car_ws/src/microros/src/uros/rmw_microxrcedds/rmw_microxrcedds_c'
[9.193s] INFO:colcon.colcon_core.shell:Skip shell extension 'powershell' for command environment: Not usable outside of PowerShell
[9.194s] DEBUG:colcon.colcon_core.shell:Skip shell extension 'dsv' for command environment
[9.203s] DEBUG:colcon.colcon_core.event_handler.log_command:Invoking command in '/root/ros_ws/src/Rescue_Car_ws/build/micro_ros_agent': AMENT_PREFIX_PATH=/root/ros_ws/src/Rescue_Car_ws/install/micro_ros_msgs:/root/ros_ws/src/Rescue_Car_ws/install/builtin_interfaces:${AMENT_PREFIX_PATH} CMAKE_PREFIX_PATH=/root/ros_ws/src/Rescue_Car_ws/install/micro_ros_msgs:/root/ros_ws/src/Rescue_Car_ws/install/builtin_interfaces:/opt/ros/humble LD_LIBRARY_PATH=/root/ros_ws/src/Rescue_Car_ws/install/micro_ros_msgs/lib:/root/ros_ws/src/Rescue_Car_ws/install/builtin_interfaces/lib:${LD_LIBRARY_PATH} PYTHONPATH=/root/ros_ws/src/Rescue_Car_ws/install/micro_ros_msgs/local/lib/python3.10/dist-packages:/root/ros_ws/src/Rescue_Car_ws/install/builtin_interfaces/local/lib/python3.10/dist-packages:${PYTHONPATH} /usr/bin/cmake /root/ros_ws/src/Rescue_Car_ws/src/microros/src/uros/micro-ROS-Agent/micro_ros_agent -DCMAKE_INSTALL_PREFIX=/root/ros_ws/src/Rescue_Car_ws/install/micro_ros_agent
[9.516s] DEBUG:colcon.colcon_core.event_handler.log_command:Invoking command in '/root/ros_ws/src/Rescue_Car_ws/build/rmw_microxrcedds': AMENT_PREFIX_PATH=/root/ros_ws/src/Rescue_Car_ws/install/rosidl_typesupport_microxrcedds_cpp:/root/ros_ws/src/Rescue_Car_ws/install/rosidl_typesupport_microxrcedds_c:/root/ros_ws/src/Rescue_Car_ws/install/micro_ros_msgs:${AMENT_PREFIX_PATH} CMAKE_PREFIX_PATH=/root/ros_ws/src/Rescue_Car_ws/install/rosidl_typesupport_microxrcedds_cpp:/root/ros_ws/src/Rescue_Car_ws/install/rosidl_typesupport_microxrcedds_c:/root/ros_ws/src/Rescue_Car_ws/install/microxrcedds_client:/root/ros_ws/src/Rescue_Car_ws/install/microcdr:/root/ros_ws/src/Rescue_Car_ws/install/micro_ros_msgs:/opt/ros/humble LD_LIBRARY_PATH=/root/ros_ws/src/Rescue_Car_ws/install/rosidl_typesupport_microxrcedds_cpp/lib:/root/ros_ws/src/Rescue_Car_ws/install/rosidl_typesupport_microxrcedds_c/lib:/root/ros_ws/src/Rescue_Car_ws/install/micro_ros_msgs/lib:${LD_LIBRARY_PATH} PYTHONPATH=/root/ros_ws/src/Rescue_Car_ws/install/rosidl_typesupport_microxrcedds_cpp/local/lib/python3.10/dist-packages:/root/ros_ws/src/Rescue_Car_ws/install/rosidl_typesupport_microxrcedds_c/local/lib/python3.10/dist-packages:/root/ros_ws/src/Rescue_Car_ws/install/micro_ros_msgs/local/lib/python3.10/dist-packages:${PYTHONPATH} /usr/bin/cmake /root/ros_ws/src/Rescue_Car_ws/src/microros/src/uros/rmw_microxrcedds/rmw_microxrcedds_c -DCMAKE_INSTALL_PREFIX=/root/ros_ws/src/Rescue_Car_ws/install/rmw_microxrcedds
[9.648s] DEBUG:colcon.colcon_core.event_handler.log_command:Invoked command in '/root/ros_ws/src/Rescue_Car_ws/build/micro_ros_utilities' returned '0': CMAKE_PREFIX_PATH=/opt/ros/humble /usr/bin/cmake --build /root/ros_ws/src/Rescue_Car_ws/build/micro_ros_utilities -- -j20 -l20
[9.651s] DEBUG:colcon.colcon_core.event_handler.log_command:Invoking command in '/root/ros_ws/src/Rescue_Car_ws/build/micro_ros_utilities': CMAKE_PREFIX_PATH=/opt/ros/humble /usr/bin/cmake --install /root/ros_ws/src/Rescue_Car_ws/build/micro_ros_utilities
[9.662s] Level 1:colcon.colcon_core.environment:create_environment_scripts_only(micro_ros_utilities)
[9.662s] Level 1:colcon.colcon_core.environment:checking '/root/ros_ws/src/Rescue_Car_ws/install/micro_ros_utilities' for CMake module files
[9.663s] DEBUG:colcon.colcon_core.event_handler.log_command:Invoked command in '/root/ros_ws/src/Rescue_Car_ws/build/micro_ros_utilities' returned '0': CMAKE_PREFIX_PATH=/opt/ros/humble /usr/bin/cmake --install /root/ros_ws/src/Rescue_Car_ws/build/micro_ros_utilities
[9.663s] Level 1:colcon.colcon_core.environment:checking '/root/ros_ws/src/Rescue_Car_ws/install/micro_ros_utilities' for CMake config files
[9.663s] Level 1:colcon.colcon_core.shell:create_environment_hook('micro_ros_utilities', 'cmake_prefix_path')
[9.664s] INFO:colcon.colcon_core.shell:Creating environment hook '/root/ros_ws/src/Rescue_Car_ws/install/micro_ros_utilities/share/micro_ros_utilities/hook/cmake_prefix_path.ps1'
[9.665s] INFO:colcon.colcon_core.shell:Creating environment descriptor '/root/ros_ws/src/Rescue_Car_ws/install/micro_ros_utilities/share/micro_ros_utilities/hook/cmake_prefix_path.dsv'
[9.665s] INFO:colcon.colcon_core.shell:Creating environment hook '/root/ros_ws/src/Rescue_Car_ws/install/micro_ros_utilities/share/micro_ros_utilities/hook/cmake_prefix_path.sh'
[9.666s] Level 1:colcon.colcon_core.environment:checking '/root/ros_ws/src/Rescue_Car_ws/install/micro_ros_utilities/lib'
[9.666s] Level 1:colcon.colcon_core.environment:checking '/root/ros_ws/src/Rescue_Car_ws/install/micro_ros_utilities/bin'
[9.666s] Level 1:colcon.colcon_core.environment:checking '/root/ros_ws/src/Rescue_Car_ws/install/micro_ros_utilities/lib/pkgconfig/micro_ros_utilities.pc'
[9.666s] Level 1:colcon.colcon_core.environment:checking '/root/ros_ws/src/Rescue_Car_ws/install/micro_ros_utilities/lib/python3.10/site-packages'
[9.666s] Level 1:colcon.colcon_core.environment:checking '/root/ros_ws/src/Rescue_Car_ws/install/micro_ros_utilities/bin'
[9.667s] INFO:colcon.colcon_core.shell:Creating package script '/root/ros_ws/src/Rescue_Car_ws/install/micro_ros_utilities/share/micro_ros_utilities/package.ps1'
[9.667s] INFO:colcon.colcon_core.shell:Creating package descriptor '/root/ros_ws/src/Rescue_Car_ws/install/micro_ros_utilities/share/micro_ros_utilities/package.dsv'
[9.668s] INFO:colcon.colcon_core.shell:Creating package script '/root/ros_ws/src/Rescue_Car_ws/install/micro_ros_utilities/share/micro_ros_utilities/package.sh'
[9.668s] INFO:colcon.colcon_core.shell:Creating package script '/root/ros_ws/src/Rescue_Car_ws/install/micro_ros_utilities/share/micro_ros_utilities/package.bash'
[9.668s] INFO:colcon.colcon_core.shell:Creating package script '/root/ros_ws/src/Rescue_Car_ws/install/micro_ros_utilities/share/micro_ros_utilities/package.zsh'
[9.668s] Level 1:colcon.colcon_core.environment:create_file_with_runtime_dependencies(/root/ros_ws/src/Rescue_Car_ws/install/micro_ros_utilities/share/colcon-core/packages/micro_ros_utilities)
[9.669s] Level 1:colcon.colcon_core.environment:create_environment_scripts_only(micro_ros_utilities)
[9.669s] Level 1:colcon.colcon_core.environment:checking '/root/ros_ws/src/Rescue_Car_ws/install/micro_ros_utilities' for CMake module files
[9.670s] Level 1:colcon.colcon_core.environment:checking '/root/ros_ws/src/Rescue_Car_ws/install/micro_ros_utilities' for CMake config files
[9.670s] Level 1:colcon.colcon_core.shell:create_environment_hook('micro_ros_utilities', 'cmake_prefix_path')
[9.670s] INFO:colcon.colcon_core.shell:Creating environment hook '/root/ros_ws/src/Rescue_Car_ws/install/micro_ros_utilities/share/micro_ros_utilities/hook/cmake_prefix_path.ps1'
[9.670s] INFO:colcon.colcon_core.shell:Creating environment descriptor '/root/ros_ws/src/Rescue_Car_ws/install/micro_ros_utilities/share/micro_ros_utilities/hook/cmake_prefix_path.dsv'
[9.670s] INFO:colcon.colcon_core.shell:Creating environment hook '/root/ros_ws/src/Rescue_Car_ws/install/micro_ros_utilities/share/micro_ros_utilities/hook/cmake_prefix_path.sh'
[9.671s] Level 1:colcon.colcon_core.environment:checking '/root/ros_ws/src/Rescue_Car_ws/install/micro_ros_utilities/lib'
[9.671s] Level 1:colcon.colcon_core.environment:checking '/root/ros_ws/src/Rescue_Car_ws/install/micro_ros_utilities/bin'
[9.671s] Level 1:colcon.colcon_core.environment:checking '/root/ros_ws/src/Rescue_Car_ws/install/micro_ros_utilities/lib/pkgconfig/micro_ros_utilities.pc'
[9.671s] Level 1:colcon.colcon_core.environment:checking '/root/ros_ws/src/Rescue_Car_ws/install/micro_ros_utilities/lib/python3.10/site-packages'
[9.671s] Level 1:colcon.colcon_core.environment:checking '/root/ros_ws/src/Rescue_Car_ws/install/micro_ros_utilities/bin'
[9.671s] INFO:colcon.colcon_core.shell:Creating package script '/root/ros_ws/src/Rescue_Car_ws/install/micro_ros_utilities/share/micro_ros_utilities/package.ps1'
[9.672s] INFO:colcon.colcon_core.shell:Creating package descriptor '/root/ros_ws/src/Rescue_Car_ws/install/micro_ros_utilities/share/micro_ros_utilities/package.dsv'
[9.672s] INFO:colcon.colcon_core.shell:Creating package script '/root/ros_ws/src/Rescue_Car_ws/install/micro_ros_utilities/share/micro_ros_utilities/package.sh'
[9.672s] INFO:colcon.colcon_core.shell:Creating package script '/root/ros_ws/src/Rescue_Car_ws/install/micro_ros_utilities/share/micro_ros_utilities/package.bash'
[9.672s] INFO:colcon.colcon_core.shell:Creating package script '/root/ros_ws/src/Rescue_Car_ws/install/micro_ros_utilities/share/micro_ros_utilities/package.zsh'
[9.673s] Level 1:colcon.colcon_core.environment:create_file_with_runtime_dependencies(/root/ros_ws/src/Rescue_Car_ws/install/micro_ros_utilities/share/colcon-core/packages/micro_ros_utilities)
[11.102s] DEBUG:colcon.colcon_core.event_handler.log_command:Invoked command in '/root/ros_ws/src/Rescue_Car_ws/build/lifecycle_msgs' returned '0': CMAKE_PREFIX_PATH=/opt/ros/humble /usr/bin/cmake --build /root/ros_ws/src/Rescue_Car_ws/build/lifecycle_msgs -- -j20 -l20
[11.105s] DEBUG:colcon.colcon_core.event_handler.log_command:Invoking command in '/root/ros_ws/src/Rescue_Car_ws/build/lifecycle_msgs': CMAKE_PREFIX_PATH=/opt/ros/humble /usr/bin/cmake --install /root/ros_ws/src/Rescue_Car_ws/build/lifecycle_msgs
[11.215s] Level 1:colcon.colcon_core.environment:create_environment_scripts_only(lifecycle_msgs)
[11.217s] Level 1:colcon.colcon_core.environment:checking '/root/ros_ws/src/Rescue_Car_ws/install/lifecycle_msgs' for CMake module files
[11.218s] DEBUG:colcon.colcon_core.event_handler.log_command:Invoked command in '/root/ros_ws/src/Rescue_Car_ws/build/lifecycle_msgs' returned '0': CMAKE_PREFIX_PATH=/opt/ros/humble /usr/bin/cmake --install /root/ros_ws/src/Rescue_Car_ws/build/lifecycle_msgs
[11.218s] Level 1:colcon.colcon_core.environment:checking '/root/ros_ws/src/Rescue_Car_ws/install/lifecycle_msgs' for CMake config files
[11.219s] Level 1:colcon.colcon_core.shell:create_environment_hook('lifecycle_msgs', 'cmake_prefix_path')
[11.219s] INFO:colcon.colcon_core.shell:Creating environment hook '/root/ros_ws/src/Rescue_Car_ws/install/lifecycle_msgs/share/lifecycle_msgs/hook/cmake_prefix_path.ps1'
[11.221s] INFO:colcon.colcon_core.shell:Creating environment descriptor '/root/ros_ws/src/Rescue_Car_ws/install/lifecycle_msgs/share/lifecycle_msgs/hook/cmake_prefix_path.dsv'
[11.221s] INFO:colcon.colcon_core.shell:Creating environment hook '/root/ros_ws/src/Rescue_Car_ws/install/lifecycle_msgs/share/lifecycle_msgs/hook/cmake_prefix_path.sh'
[11.223s] Level 1:colcon.colcon_core.environment:checking '/root/ros_ws/src/Rescue_Car_ws/install/lifecycle_msgs/lib'
[11.223s] Level 1:colcon.colcon_core.shell:create_environment_hook('lifecycle_msgs', 'ld_library_path_lib')
[11.223s] INFO:colcon.colcon_core.shell:Creating environment hook '/root/ros_ws/src/Rescue_Car_ws/install/lifecycle_msgs/share/lifecycle_msgs/hook/ld_library_path_lib.ps1'
[11.224s] INFO:colcon.colcon_core.shell:Creating environment descriptor '/root/ros_ws/src/Rescue_Car_ws/install/lifecycle_msgs/share/lifecycle_msgs/hook/ld_library_path_lib.dsv'
[11.224s] INFO:colcon.colcon_core.shell:Creating environment hook '/root/ros_ws/src/Rescue_Car_ws/install/lifecycle_msgs/share/lifecycle_msgs/hook/ld_library_path_lib.sh'
[11.225s] Level 1:colcon.colcon_core.environment:checking '/root/ros_ws/src/Rescue_Car_ws/install/lifecycle_msgs/bin'
[11.225s] Level 1:colcon.colcon_core.environment:checking '/root/ros_ws/src/Rescue_Car_ws/install/lifecycle_msgs/lib/pkgconfig/lifecycle_msgs.pc'
[11.225s] Level 1:colcon.colcon_core.environment:checking '/root/ros_ws/src/Rescue_Car_ws/install/lifecycle_msgs/lib/python3.10/site-packages'
[11.225s] Level 1:colcon.colcon_core.environment:checking '/root/ros_ws/src/Rescue_Car_ws/install/lifecycle_msgs/bin'
[11.225s] INFO:colcon.colcon_core.shell:Creating package script '/root/ros_ws/src/Rescue_Car_ws/install/lifecycle_msgs/share/lifecycle_msgs/package.ps1'
[11.226s] INFO:colcon.colcon_core.shell:Creating package descriptor '/root/ros_ws/src/Rescue_Car_ws/install/lifecycle_msgs/share/lifecycle_msgs/package.dsv'
[11.226s] INFO:colcon.colcon_core.shell:Creating package script '/root/ros_ws/src/Rescue_Car_ws/install/lifecycle_msgs/share/lifecycle_msgs/package.sh'
[11.227s] INFO:colcon.colcon_core.shell:Creating package script '/root/ros_ws/src/Rescue_Car_ws/install/lifecycle_msgs/share/lifecycle_msgs/package.bash'
[11.227s] INFO:colcon.colcon_core.shell:Creating package script '/root/ros_ws/src/Rescue_Car_ws/install/lifecycle_msgs/share/lifecycle_msgs/package.zsh'
[11.228s] Level 1:colcon.colcon_core.environment:create_file_with_runtime_dependencies(/root/ros_ws/src/Rescue_Car_ws/install/lifecycle_msgs/share/colcon-core/packages/lifecycle_msgs)
[11.229s] Level 1:colcon.colcon_core.environment:create_environment_scripts_only(lifecycle_msgs)
[11.230s] Level 1:colcon.colcon_core.environment:checking '/root/ros_ws/src/Rescue_Car_ws/install/lifecycle_msgs' for CMake module files
[11.230s] Level 1:colcon.colcon_core.environment:checking '/root/ros_ws/src/Rescue_Car_ws/install/lifecycle_msgs' for CMake config files
[11.231s] Level 1:colcon.colcon_core.shell:create_environment_hook('lifecycle_msgs', 'cmake_prefix_path')
[11.231s] INFO:colcon.colcon_core.shell:Creating environment hook '/root/ros_ws/src/Rescue_Car_ws/install/lifecycle_msgs/share/lifecycle_msgs/hook/cmake_prefix_path.ps1'
[11.231s] INFO:colcon.colcon_core.shell:Creating environment descriptor '/root/ros_ws/src/Rescue_Car_ws/install/lifecycle_msgs/share/lifecycle_msgs/hook/cmake_prefix_path.dsv'
[11.232s] INFO:colcon.colcon_core.shell:Creating environment hook '/root/ros_ws/src/Rescue_Car_ws/install/lifecycle_msgs/share/lifecycle_msgs/hook/cmake_prefix_path.sh'
[11.232s] Level 1:colcon.colcon_core.environment:checking '/root/ros_ws/src/Rescue_Car_ws/install/lifecycle_msgs/lib'
[11.233s] Level 1:colcon.colcon_core.shell:create_environment_hook('lifecycle_msgs', 'ld_library_path_lib')
[11.233s] INFO:colcon.colcon_core.shell:Creating environment hook '/root/ros_ws/src/Rescue_Car_ws/install/lifecycle_msgs/share/lifecycle_msgs/hook/ld_library_path_lib.ps1'
[11.233s] INFO:colcon.colcon_core.shell:Creating environment descriptor '/root/ros_ws/src/Rescue_Car_ws/install/lifecycle_msgs/share/lifecycle_msgs/hook/ld_library_path_lib.dsv'
[11.234s] INFO:colcon.colcon_core.shell:Creating environment hook '/root/ros_ws/src/Rescue_Car_ws/install/lifecycle_msgs/share/lifecycle_msgs/hook/ld_library_path_lib.sh'
[11.234s] Level 1:colcon.colcon_core.environment:checking '/root/ros_ws/src/Rescue_Car_ws/install/lifecycle_msgs/bin'
[11.234s] Level 1:colcon.colcon_core.environment:checking '/root/ros_ws/src/Rescue_Car_ws/install/lifecycle_msgs/lib/pkgconfig/lifecycle_msgs.pc'
[11.235s] Level 1:colcon.colcon_core.environment:checking '/root/ros_ws/src/Rescue_Car_ws/install/lifecycle_msgs/lib/python3.10/site-packages'
[11.235s] Level 1:colcon.colcon_core.environment:checking '/root/ros_ws/src/Rescue_Car_ws/install/lifecycle_msgs/bin'
[11.235s] INFO:colcon.colcon_core.shell:Creating package script '/root/ros_ws/src/Rescue_Car_ws/install/lifecycle_msgs/share/lifecycle_msgs/package.ps1'
[11.236s] INFO:colcon.colcon_core.shell:Creating package descriptor '/root/ros_ws/src/Rescue_Car_ws/install/lifecycle_msgs/share/lifecycle_msgs/package.dsv'
[11.236s] INFO:colcon.colcon_core.shell:Creating package script '/root/ros_ws/src/Rescue_Car_ws/install/lifecycle_msgs/share/lifecycle_msgs/package.sh'
[11.237s] INFO:colcon.colcon_core.shell:Creating package script '/root/ros_ws/src/Rescue_Car_ws/install/lifecycle_msgs/share/lifecycle_msgs/package.bash'
[11.237s] INFO:colcon.colcon_core.shell:Creating package script '/root/ros_ws/src/Rescue_Car_ws/install/lifecycle_msgs/share/lifecycle_msgs/package.zsh'
[11.238s] Level 1:colcon.colcon_core.environment:create_file_with_runtime_dependencies(/root/ros_ws/src/Rescue_Car_ws/install/lifecycle_msgs/share/colcon-core/packages/lifecycle_msgs)
[12.087s] DEBUG:colcon.colcon_core.event_handler.log_command:Invoked command in '/root/ros_ws/src/Rescue_Car_ws/build/rmw_microxrcedds' returned '0': AMENT_PREFIX_PATH=/root/ros_ws/src/Rescue_Car_ws/install/rosidl_typesupport_microxrcedds_cpp:/root/ros_ws/src/Rescue_Car_ws/install/rosidl_typesupport_microxrcedds_c:/root/ros_ws/src/Rescue_Car_ws/install/micro_ros_msgs:${AMENT_PREFIX_PATH} CMAKE_PREFIX_PATH=/root/ros_ws/src/Rescue_Car_ws/install/rosidl_typesupport_microxrcedds_cpp:/root/ros_ws/src/Rescue_Car_ws/install/rosidl_typesupport_microxrcedds_c:/root/ros_ws/src/Rescue_Car_ws/install/microxrcedds_client:/root/ros_ws/src/Rescue_Car_ws/install/microcdr:/root/ros_ws/src/Rescue_Car_ws/install/micro_ros_msgs:/opt/ros/humble LD_LIBRARY_PATH=/root/ros_ws/src/Rescue_Car_ws/install/rosidl_typesupport_microxrcedds_cpp/lib:/root/ros_ws/src/Rescue_Car_ws/install/rosidl_typesupport_microxrcedds_c/lib:/root/ros_ws/src/Rescue_Car_ws/install/micro_ros_msgs/lib:${LD_LIBRARY_PATH} PYTHONPATH=/root/ros_ws/src/Rescue_Car_ws/install/rosidl_typesupport_microxrcedds_cpp/local/lib/python3.10/dist-packages:/root/ros_ws/src/Rescue_Car_ws/install/rosidl_typesupport_microxrcedds_c/local/lib/python3.10/dist-packages:/root/ros_ws/src/Rescue_Car_ws/install/micro_ros_msgs/local/lib/python3.10/dist-packages:${PYTHONPATH} /usr/bin/cmake /root/ros_ws/src/Rescue_Car_ws/src/microros/src/uros/rmw_microxrcedds/rmw_microxrcedds_c -DCMAKE_INSTALL_PREFIX=/root/ros_ws/src/Rescue_Car_ws/install/rmw_microxrcedds
[12.090s] DEBUG:colcon.colcon_core.event_handler.log_command:Invoking command in '/root/ros_ws/src/Rescue_Car_ws/build/rmw_microxrcedds': AMENT_PREFIX_PATH=/root/ros_ws/src/Rescue_Car_ws/install/rosidl_typesupport_microxrcedds_cpp:/root/ros_ws/src/Rescue_Car_ws/install/rosidl_typesupport_microxrcedds_c:/root/ros_ws/src/Rescue_Car_ws/install/micro_ros_msgs:${AMENT_PREFIX_PATH} CMAKE_PREFIX_PATH=/root/ros_ws/src/Rescue_Car_ws/install/rosidl_typesupport_microxrcedds_cpp:/root/ros_ws/src/Rescue_Car_ws/install/rosidl_typesupport_microxrcedds_c:/root/ros_ws/src/Rescue_Car_ws/install/microxrcedds_client:/root/ros_ws/src/Rescue_Car_ws/install/microcdr:/root/ros_ws/src/Rescue_Car_ws/install/micro_ros_msgs:/opt/ros/humble LD_LIBRARY_PATH=/root/ros_ws/src/Rescue_Car_ws/install/rosidl_typesupport_microxrcedds_cpp/lib:/root/ros_ws/src/Rescue_Car_ws/install/rosidl_typesupport_microxrcedds_c/lib:/root/ros_ws/src/Rescue_Car_ws/install/micro_ros_msgs/lib:${LD_LIBRARY_PATH} PYTHONPATH=/root/ros_ws/src/Rescue_Car_ws/install/rosidl_typesupport_microxrcedds_cpp/local/lib/python3.10/dist-packages:/root/ros_ws/src/Rescue_Car_ws/install/rosidl_typesupport_microxrcedds_c/local/lib/python3.10/dist-packages:/root/ros_ws/src/Rescue_Car_ws/install/micro_ros_msgs/local/lib/python3.10/dist-packages:${PYTHONPATH} /usr/bin/cmake --build /root/ros_ws/src/Rescue_Car_ws/build/rmw_microxrcedds -- -j20 -l20
[12.742s] DEBUG:colcon.colcon_core.event_handler.log_command:Invoked command in '/root/ros_ws/src/Rescue_Car_ws/build/complex_msgs' returned '0': AMENT_PREFIX_PATH=/root/ros_ws/src/Rescue_Car_ws/install/builtin_interfaces:${AMENT_PREFIX_PATH} CMAKE_PREFIX_PATH=/root/ros_ws/src/Rescue_Car_ws/install/builtin_interfaces:/opt/ros/humble LD_LIBRARY_PATH=/root/ros_ws/src/Rescue_Car_ws/install/builtin_interfaces/lib:${LD_LIBRARY_PATH} PYTHONPATH=/root/ros_ws/src/Rescue_Car_ws/install/builtin_interfaces/local/lib/python3.10/dist-packages:${PYTHONPATH} /usr/bin/cmake /root/ros_ws/src/Rescue_Car_ws/src/microros/src/uros/micro-ROS-demos/messages/complex_msg -DCMAKE_INSTALL_PREFIX=/root/ros_ws/src/Rescue_Car_ws/install/complex_msgs
[12.744s] DEBUG:colcon.colcon_core.event_handler.log_command:Invoking command in '/root/ros_ws/src/Rescue_Car_ws/build/complex_msgs': AMENT_PREFIX_PATH=/root/ros_ws/src/Rescue_Car_ws/install/builtin_interfaces:${AMENT_PREFIX_PATH} CMAKE_PREFIX_PATH=/root/ros_ws/src/Rescue_Car_ws/install/builtin_interfaces:/opt/ros/humble LD_LIBRARY_PATH=/root/ros_ws/src/Rescue_Car_ws/install/builtin_interfaces/lib:${LD_LIBRARY_PATH} PYTHONPATH=/root/ros_ws/src/Rescue_Car_ws/install/builtin_interfaces/local/lib/python3.10/dist-packages:${PYTHONPATH} /usr/bin/cmake --build /root/ros_ws/src/Rescue_Car_ws/build/complex_msgs -- -j20 -l20
[12.749s] DEBUG:colcon.colcon_core.event_handler.log_command:Invoked command in '/root/ros_ws/src/Rescue_Car_ws/build/rosgraph_msgs' returned '0': AMENT_PREFIX_PATH=/root/ros_ws/src/Rescue_Car_ws/install/builtin_interfaces:${AMENT_PREFIX_PATH} CMAKE_PREFIX_PATH=/root/ros_ws/src/Rescue_Car_ws/install/builtin_interfaces:/opt/ros/humble LD_LIBRARY_PATH=/root/ros_ws/src/Rescue_Car_ws/install/builtin_interfaces/lib:${LD_LIBRARY_PATH} PYTHONPATH=/root/ros_ws/src/Rescue_Car_ws/install/builtin_interfaces/local/lib/python3.10/dist-packages:${PYTHONPATH} /usr/bin/cmake /root/ros_ws/src/Rescue_Car_ws/src/microros/src/ros2/rcl_interfaces/rosgraph_msgs -DCMAKE_INSTALL_PREFIX=/root/ros_ws/src/Rescue_Car_ws/install/rosgraph_msgs
[12.750s] DEBUG:colcon.colcon_core.event_handler.log_command:Invoking command in '/root/ros_ws/src/Rescue_Car_ws/build/rosgraph_msgs': AMENT_PREFIX_PATH=/root/ros_ws/src/Rescue_Car_ws/install/builtin_interfaces:${AMENT_PREFIX_PATH} CMAKE_PREFIX_PATH=/root/ros_ws/src/Rescue_Car_ws/install/builtin_interfaces:/opt/ros/humble LD_LIBRARY_PATH=/root/ros_ws/src/Rescue_Car_ws/install/builtin_interfaces/lib:${LD_LIBRARY_PATH} PYTHONPATH=/root/ros_ws/src/Rescue_Car_ws/install/builtin_interfaces/local/lib/python3.10/dist-packages:${PYTHONPATH} /usr/bin/cmake --build /root/ros_ws/src/Rescue_Car_ws/build/rosgraph_msgs -- -j20 -l20
[12.875s] DEBUG:colcon.colcon_core.event_handler.log_command:Invoked command in '/root/ros_ws/src/Rescue_Car_ws/build/micro_ros_agent' returned '0': AMENT_PREFIX_PATH=/root/ros_ws/src/Rescue_Car_ws/install/micro_ros_msgs:/root/ros_ws/src/Rescue_Car_ws/install/builtin_interfaces:${AMENT_PREFIX_PATH} CMAKE_PREFIX_PATH=/root/ros_ws/src/Rescue_Car_ws/install/micro_ros_msgs:/root/ros_ws/src/Rescue_Car_ws/install/builtin_interfaces:/opt/ros/humble LD_LIBRARY_PATH=/root/ros_ws/src/Rescue_Car_ws/install/micro_ros_msgs/lib:/root/ros_ws/src/Rescue_Car_ws/install/builtin_interfaces/lib:${LD_LIBRARY_PATH} PYTHONPATH=/root/ros_ws/src/Rescue_Car_ws/install/micro_ros_msgs/local/lib/python3.10/dist-packages:/root/ros_ws/src/Rescue_Car_ws/install/builtin_interfaces/local/lib/python3.10/dist-packages:${PYTHONPATH} /usr/bin/cmake /root/ros_ws/src/Rescue_Car_ws/src/microros/src/uros/micro-ROS-Agent/micro_ros_agent -DCMAKE_INSTALL_PREFIX=/root/ros_ws/src/Rescue_Car_ws/install/micro_ros_agent
[12.878s] DEBUG:colcon.colcon_core.event_handler.log_command:Invoking command in '/root/ros_ws/src/Rescue_Car_ws/build/micro_ros_agent': AMENT_PREFIX_PATH=/root/ros_ws/src/Rescue_Car_ws/install/micro_ros_msgs:/root/ros_ws/src/Rescue_Car_ws/install/builtin_interfaces:${AMENT_PREFIX_PATH} CMAKE_PREFIX_PATH=/root/ros_ws/src/Rescue_Car_ws/install/micro_ros_msgs:/root/ros_ws/src/Rescue_Car_ws/install/builtin_interfaces:/opt/ros/humble LD_LIBRARY_PATH=/root/ros_ws/src/Rescue_Car_ws/install/micro_ros_msgs/lib:/root/ros_ws/src/Rescue_Car_ws/install/builtin_interfaces/lib:${LD_LIBRARY_PATH} PYTHONPATH=/root/ros_ws/src/Rescue_Car_ws/install/micro_ros_msgs/local/lib/python3.10/dist-packages:/root/ros_ws/src/Rescue_Car_ws/install/builtin_interfaces/local/lib/python3.10/dist-packages:${PYTHONPATH} /usr/bin/cmake --build /root/ros_ws/src/Rescue_Car_ws/build/micro_ros_agent -- -j20 -l20
[12.895s] DEBUG:colcon.colcon_core.event_handler.log_command:Invoked command in '/root/ros_ws/src/Rescue_Car_ws/build/statistics_msgs' returned '0': AMENT_PREFIX_PATH=/root/ros_ws/src/Rescue_Car_ws/install/builtin_interfaces:${AMENT_PREFIX_PATH} CMAKE_PREFIX_PATH=/root/ros_ws/src/Rescue_Car_ws/install/builtin_interfaces:/opt/ros/humble LD_LIBRARY_PATH=/root/ros_ws/src/Rescue_Car_ws/install/builtin_interfaces/lib:${LD_LIBRARY_PATH} PYTHONPATH=/root/ros_ws/src/Rescue_Car_ws/install/builtin_interfaces/local/lib/python3.10/dist-packages:${PYTHONPATH} /usr/bin/cmake /root/ros_ws/src/Rescue_Car_ws/src/microros/src/ros2/rcl_interfaces/statistics_msgs -DCMAKE_INSTALL_PREFIX=/root/ros_ws/src/Rescue_Car_ws/install/statistics_msgs
[12.897s] DEBUG:colcon.colcon_core.event_handler.log_command:Invoking command in '/root/ros_ws/src/Rescue_Car_ws/build/statistics_msgs': AMENT_PREFIX_PATH=/root/ros_ws/src/Rescue_Car_ws/install/builtin_interfaces:${AMENT_PREFIX_PATH} CMAKE_PREFIX_PATH=/root/ros_ws/src/Rescue_Car_ws/install/builtin_interfaces:/opt/ros/humble LD_LIBRARY_PATH=/root/ros_ws/src/Rescue_Car_ws/install/builtin_interfaces/lib:${LD_LIBRARY_PATH} PYTHONPATH=/root/ros_ws/src/Rescue_Car_ws/install/builtin_interfaces/local/lib/python3.10/dist-packages:${PYTHONPATH} /usr/bin/cmake --build /root/ros_ws/src/Rescue_Car_ws/build/statistics_msgs -- -j20 -l20
[13.001s] DEBUG:colcon.colcon_core.event_handler.log_command:Invoked command in '/root/ros_ws/src/Rescue_Car_ws/build/rcl_interfaces' returned '0': AMENT_PREFIX_PATH=/root/ros_ws/src/Rescue_Car_ws/install/builtin_interfaces:${AMENT_PREFIX_PATH} CMAKE_PREFIX_PATH=/root/ros_ws/src/Rescue_Car_ws/install/builtin_interfaces:/opt/ros/humble LD_LIBRARY_PATH=/root/ros_ws/src/Rescue_Car_ws/install/builtin_interfaces/lib:${LD_LIBRARY_PATH} PYTHONPATH=/root/ros_ws/src/Rescue_Car_ws/install/builtin_interfaces/local/lib/python3.10/dist-packages:${PYTHONPATH} /usr/bin/cmake /root/ros_ws/src/Rescue_Car_ws/src/microros/src/ros2/rcl_interfaces/rcl_interfaces -DCMAKE_INSTALL_PREFIX=/root/ros_ws/src/Rescue_Car_ws/install/rcl_interfaces
[13.003s] DEBUG:colcon.colcon_core.event_handler.log_command:Invoking command in '/root/ros_ws/src/Rescue_Car_ws/build/rcl_interfaces': AMENT_PREFIX_PATH=/root/ros_ws/src/Rescue_Car_ws/install/builtin_interfaces:${AMENT_PREFIX_PATH} CMAKE_PREFIX_PATH=/root/ros_ws/src/Rescue_Car_ws/install/builtin_interfaces:/opt/ros/humble LD_LIBRARY_PATH=/root/ros_ws/src/Rescue_Car_ws/install/builtin_interfaces/lib:${LD_LIBRARY_PATH} PYTHONPATH=/root/ros_ws/src/Rescue_Car_ws/install/builtin_interfaces/local/lib/python3.10/dist-packages:${PYTHONPATH} /usr/bin/cmake --build /root/ros_ws/src/Rescue_Car_ws/build/rcl_interfaces -- -j20 -l20
[13.039s] DEBUG:colcon.colcon_core.event_handler.log_command:Invoked command in '/root/ros_ws/src/Rescue_Car_ws/build/action_msgs' returned '0': AMENT_PREFIX_PATH=/root/ros_ws/src/Rescue_Car_ws/install/unique_identifier_msgs:/root/ros_ws/src/Rescue_Car_ws/install/builtin_interfaces:${AMENT_PREFIX_PATH} CMAKE_PREFIX_PATH=/root/ros_ws/src/Rescue_Car_ws/install/unique_identifier_msgs:/root/ros_ws/src/Rescue_Car_ws/install/builtin_interfaces:/opt/ros/humble LD_LIBRARY_PATH=/root/ros_ws/src/Rescue_Car_ws/install/unique_identifier_msgs/lib:/root/ros_ws/src/Rescue_Car_ws/install/builtin_interfaces/lib:${LD_LIBRARY_PATH} PYTHONPATH=/root/ros_ws/src/Rescue_Car_ws/install/unique_identifier_msgs/local/lib/python3.10/dist-packages:/root/ros_ws/src/Rescue_Car_ws/install/builtin_interfaces/local/lib/python3.10/dist-packages:${PYTHONPATH} /usr/bin/cmake /root/ros_ws/src/Rescue_Car_ws/src/microros/src/ros2/rcl_interfaces/action_msgs -DCMAKE_INSTALL_PREFIX=/root/ros_ws/src/Rescue_Car_ws/install/action_msgs
[13.047s] DEBUG:colcon.colcon_core.event_handler.log_command:Invoking command in '/root/ros_ws/src/Rescue_Car_ws/build/action_msgs': AMENT_PREFIX_PATH=/root/ros_ws/src/Rescue_Car_ws/install/unique_identifier_msgs:/root/ros_ws/src/Rescue_Car_ws/install/builtin_interfaces:${AMENT_PREFIX_PATH} CMAKE_PREFIX_PATH=/root/ros_ws/src/Rescue_Car_ws/install/unique_identifier_msgs:/root/ros_ws/src/Rescue_Car_ws/install/builtin_interfaces:/opt/ros/humble LD_LIBRARY_PATH=/root/ros_ws/src/Rescue_Car_ws/install/unique_identifier_msgs/lib:/root/ros_ws/src/Rescue_Car_ws/install/builtin_interfaces/lib:${LD_LIBRARY_PATH} PYTHONPATH=/root/ros_ws/src/Rescue_Car_ws/install/unique_identifier_msgs/local/lib/python3.10/dist-packages:/root/ros_ws/src/Rescue_Car_ws/install/builtin_interfaces/local/lib/python3.10/dist-packages:${PYTHONPATH} /usr/bin/cmake --build /root/ros_ws/src/Rescue_Car_ws/build/action_msgs -- -j20 -l20
[13.251s] DEBUG:colcon.colcon_core.event_handler.log_command:Invoked command in '/root/ros_ws/src/Rescue_Car_ws/build/std_msgs' returned '0': AMENT_PREFIX_PATH=/root/ros_ws/src/Rescue_Car_ws/install/builtin_interfaces:${AMENT_PREFIX_PATH} CMAKE_PREFIX_PATH=/root/ros_ws/src/Rescue_Car_ws/install/builtin_interfaces:/opt/ros/humble LD_LIBRARY_PATH=/root/ros_ws/src/Rescue_Car_ws/install/builtin_interfaces/lib:${LD_LIBRARY_PATH} PYTHONPATH=/root/ros_ws/src/Rescue_Car_ws/install/builtin_interfaces/local/lib/python3.10/dist-packages:${PYTHONPATH} /usr/bin/cmake /root/ros_ws/src/Rescue_Car_ws/src/microros/src/ros2/common_interfaces/std_msgs -DCMAKE_INSTALL_PREFIX=/root/ros_ws/src/Rescue_Car_ws/install/std_msgs
[13.252s] DEBUG:colcon.colcon_core.event_handler.log_command:Invoking command in '/root/ros_ws/src/Rescue_Car_ws/build/std_msgs': AMENT_PREFIX_PATH=/root/ros_ws/src/Rescue_Car_ws/install/builtin_interfaces:${AMENT_PREFIX_PATH} CMAKE_PREFIX_PATH=/root/ros_ws/src/Rescue_Car_ws/install/builtin_interfaces:/opt/ros/humble LD_LIBRARY_PATH=/root/ros_ws/src/Rescue_Car_ws/install/builtin_interfaces/lib:${LD_LIBRARY_PATH} PYTHONPATH=/root/ros_ws/src/Rescue_Car_ws/install/builtin_interfaces/local/lib/python3.10/dist-packages:${PYTHONPATH} /usr/bin/cmake --build /root/ros_ws/src/Rescue_Car_ws/build/std_msgs -- -j20 -l20
[18.275s] DEBUG:colcon.colcon_core.event_handler.log_command:Invoked command in '/root/ros_ws/src/Rescue_Car_ws/build/complex_msgs' returned '0': AMENT_PREFIX_PATH=/root/ros_ws/src/Rescue_Car_ws/install/builtin_interfaces:${AMENT_PREFIX_PATH} CMAKE_PREFIX_PATH=/root/ros_ws/src/Rescue_Car_ws/install/builtin_interfaces:/opt/ros/humble LD_LIBRARY_PATH=/root/ros_ws/src/Rescue_Car_ws/install/builtin_interfaces/lib:${LD_LIBRARY_PATH} PYTHONPATH=/root/ros_ws/src/Rescue_Car_ws/install/builtin_interfaces/local/lib/python3.10/dist-packages:${PYTHONPATH} /usr/bin/cmake --build /root/ros_ws/src/Rescue_Car_ws/build/complex_msgs -- -j20 -l20
[18.275s] DEBUG:colcon.colcon_core.event_handler.log_command:Invoking command in '/root/ros_ws/src/Rescue_Car_ws/build/complex_msgs': AMENT_PREFIX_PATH=/root/ros_ws/src/Rescue_Car_ws/install/builtin_interfaces:${AMENT_PREFIX_PATH} CMAKE_PREFIX_PATH=/root/ros_ws/src/Rescue_Car_ws/install/builtin_interfaces:/opt/ros/humble LD_LIBRARY_PATH=/root/ros_ws/src/Rescue_Car_ws/install/builtin_interfaces/lib:${LD_LIBRARY_PATH} PYTHONPATH=/root/ros_ws/src/Rescue_Car_ws/install/builtin_interfaces/local/lib/python3.10/dist-packages:${PYTHONPATH} /usr/bin/cmake --install /root/ros_ws/src/Rescue_Car_ws/build/complex_msgs
[18.458s] Level 1:colcon.colcon_core.environment:create_environment_scripts_only(complex_msgs)
[18.458s] Level 1:colcon.colcon_core.environment:checking '/root/ros_ws/src/Rescue_Car_ws/install/complex_msgs' for CMake module files
[18.459s] Level 1:colcon.colcon_core.environment:checking '/root/ros_ws/src/Rescue_Car_ws/install/complex_msgs' for CMake config files
[18.461s] Level 1:colcon.colcon_core.shell:create_environment_hook('complex_msgs', 'cmake_prefix_path')
[18.461s] INFO:colcon.colcon_core.shell:Creating environment hook '/root/ros_ws/src/Rescue_Car_ws/install/complex_msgs/share/complex_msgs/hook/cmake_prefix_path.ps1'
[18.462s] INFO:colcon.colcon_core.shell:Creating environment descriptor '/root/ros_ws/src/Rescue_Car_ws/install/complex_msgs/share/complex_msgs/hook/cmake_prefix_path.dsv'
[18.462s] INFO:colcon.colcon_core.shell:Creating environment hook '/root/ros_ws/src/Rescue_Car_ws/install/complex_msgs/share/complex_msgs/hook/cmake_prefix_path.sh'
[18.469s] DEBUG:colcon.colcon_core.event_handler.log_command:Invoked command in '/root/ros_ws/src/Rescue_Car_ws/build/complex_msgs' returned '0': AMENT_PREFIX_PATH=/root/ros_ws/src/Rescue_Car_ws/install/builtin_interfaces:${AMENT_PREFIX_PATH} CMAKE_PREFIX_PATH=/root/ros_ws/src/Rescue_Car_ws/install/builtin_interfaces:/opt/ros/humble LD_LIBRARY_PATH=/root/ros_ws/src/Rescue_Car_ws/install/builtin_interfaces/lib:${LD_LIBRARY_PATH} PYTHONPATH=/root/ros_ws/src/Rescue_Car_ws/install/builtin_interfaces/local/lib/python3.10/dist-packages:${PYTHONPATH} /usr/bin/cmake --install /root/ros_ws/src/Rescue_Car_ws/build/complex_msgs
[18.469s] Level 1:colcon.colcon_core.environment:checking '/root/ros_ws/src/Rescue_Car_ws/install/complex_msgs/lib'
[18.470s] Level 1:colcon.colcon_core.shell:create_environment_hook('complex_msgs', 'ld_library_path_lib')
[18.470s] INFO:colcon.colcon_core.shell:Creating environment hook '/root/ros_ws/src/Rescue_Car_ws/install/complex_msgs/share/complex_msgs/hook/ld_library_path_lib.ps1'
[18.470s] INFO:colcon.colcon_core.shell:Creating environment descriptor '/root/ros_ws/src/Rescue_Car_ws/install/complex_msgs/share/complex_msgs/hook/ld_library_path_lib.dsv'
[18.475s] INFO:colcon.colcon_core.shell:Creating environment hook '/root/ros_ws/src/Rescue_Car_ws/install/complex_msgs/share/complex_msgs/hook/ld_library_path_lib.sh'
[18.475s] Level 1:colcon.colcon_core.environment:checking '/root/ros_ws/src/Rescue_Car_ws/install/complex_msgs/bin'
[18.475s] Level 1:colcon.colcon_core.environment:checking '/root/ros_ws/src/Rescue_Car_ws/install/complex_msgs/lib/pkgconfig/complex_msgs.pc'
[18.476s] Level 1:colcon.colcon_core.environment:checking '/root/ros_ws/src/Rescue_Car_ws/install/complex_msgs/lib/python3.10/site-packages'
[18.476s] Level 1:colcon.colcon_core.environment:checking '/root/ros_ws/src/Rescue_Car_ws/install/complex_msgs/bin'
[18.476s] INFO:colcon.colcon_core.shell:Creating package script '/root/ros_ws/src/Rescue_Car_ws/install/complex_msgs/share/complex_msgs/package.ps1'
[18.477s] INFO:colcon.colcon_core.shell:Creating package descriptor '/root/ros_ws/src/Rescue_Car_ws/install/complex_msgs/share/complex_msgs/package.dsv'
[18.478s] INFO:colcon.colcon_core.shell:Creating package script '/root/ros_ws/src/Rescue_Car_ws/install/complex_msgs/share/complex_msgs/package.sh'
[18.483s] INFO:colcon.colcon_core.shell:Creating package script '/root/ros_ws/src/Rescue_Car_ws/install/complex_msgs/share/complex_msgs/package.bash'
[18.483s] INFO:colcon.colcon_core.shell:Creating package script '/root/ros_ws/src/Rescue_Car_ws/install/complex_msgs/share/complex_msgs/package.zsh'
[18.483s] Level 1:colcon.colcon_core.environment:create_file_with_runtime_dependencies(/root/ros_ws/src/Rescue_Car_ws/install/complex_msgs/share/colcon-core/packages/complex_msgs)
[18.484s] Level 1:colcon.colcon_core.environment:create_environment_scripts_only(complex_msgs)
[18.485s] Level 1:colcon.colcon_core.environment:checking '/root/ros_ws/src/Rescue_Car_ws/install/complex_msgs' for CMake module files
[18.485s] Level 1:colcon.colcon_core.environment:checking '/root/ros_ws/src/Rescue_Car_ws/install/complex_msgs' for CMake config files
[18.495s] Level 1:colcon.colcon_core.shell:create_environment_hook('complex_msgs', 'cmake_prefix_path')
[18.496s] INFO:colcon.colcon_core.shell:Creating environment hook '/root/ros_ws/src/Rescue_Car_ws/install/complex_msgs/share/complex_msgs/hook/cmake_prefix_path.ps1'
[18.496s] INFO:colcon.colcon_core.shell:Creating environment descriptor '/root/ros_ws/src/Rescue_Car_ws/install/complex_msgs/share/complex_msgs/hook/cmake_prefix_path.dsv'
[18.497s] INFO:colcon.colcon_core.shell:Creating environment hook '/root/ros_ws/src/Rescue_Car_ws/install/complex_msgs/share/complex_msgs/hook/cmake_prefix_path.sh'
[18.498s] Level 1:colcon.colcon_core.environment:checking '/root/ros_ws/src/Rescue_Car_ws/install/complex_msgs/lib'
[18.498s] Level 1:colcon.colcon_core.shell:create_environment_hook('complex_msgs', 'ld_library_path_lib')
[18.498s] INFO:colcon.colcon_core.shell:Creating environment hook '/root/ros_ws/src/Rescue_Car_ws/install/complex_msgs/share/complex_msgs/hook/ld_library_path_lib.ps1'
[18.499s] INFO:colcon.colcon_core.shell:Creating environment descriptor '/root/ros_ws/src/Rescue_Car_ws/install/complex_msgs/share/complex_msgs/hook/ld_library_path_lib.dsv'
[18.499s] INFO:colcon.colcon_core.shell:Creating environment hook '/root/ros_ws/src/Rescue_Car_ws/install/complex_msgs/share/complex_msgs/hook/ld_library_path_lib.sh'
[18.500s] Level 1:colcon.colcon_core.environment:checking '/root/ros_ws/src/Rescue_Car_ws/install/complex_msgs/bin'
[18.500s] Level 1:colcon.colcon_core.environment:checking '/root/ros_ws/src/Rescue_Car_ws/install/complex_msgs/lib/pkgconfig/complex_msgs.pc'
[18.500s] Level 1:colcon.colcon_core.environment:checking '/root/ros_ws/src/Rescue_Car_ws/install/complex_msgs/lib/python3.10/site-packages'
[18.501s] Level 1:colcon.colcon_core.environment:checking '/root/ros_ws/src/Rescue_Car_ws/install/complex_msgs/bin'
[18.501s] INFO:colcon.colcon_core.shell:Creating package script '/root/ros_ws/src/Rescue_Car_ws/install/complex_msgs/share/complex_msgs/package.ps1'
[18.502s] INFO:colcon.colcon_core.shell:Creating package descriptor '/root/ros_ws/src/Rescue_Car_ws/install/complex_msgs/share/complex_msgs/package.dsv'
[18.512s] INFO:colcon.colcon_core.shell:Creating package script '/root/ros_ws/src/Rescue_Car_ws/install/complex_msgs/share/complex_msgs/package.sh'
[18.513s] INFO:colcon.colcon_core.shell:Creating package script '/root/ros_ws/src/Rescue_Car_ws/install/complex_msgs/share/complex_msgs/package.bash'
[18.514s] INFO:colcon.colcon_core.shell:Creating package script '/root/ros_ws/src/Rescue_Car_ws/install/complex_msgs/share/complex_msgs/package.zsh'
[18.514s] Level 1:colcon.colcon_core.environment:create_file_with_runtime_dependencies(/root/ros_ws/src/Rescue_Car_ws/install/complex_msgs/share/colcon-core/packages/complex_msgs)
[18.620s] DEBUG:colcon.colcon_core.event_handler.log_command:Invoked command in '/root/ros_ws/src/Rescue_Car_ws/build/rosgraph_msgs' returned '0': AMENT_PREFIX_PATH=/root/ros_ws/src/Rescue_Car_ws/install/builtin_interfaces:${AMENT_PREFIX_PATH} CMAKE_PREFIX_PATH=/root/ros_ws/src/Rescue_Car_ws/install/builtin_interfaces:/opt/ros/humble LD_LIBRARY_PATH=/root/ros_ws/src/Rescue_Car_ws/install/builtin_interfaces/lib:${LD_LIBRARY_PATH} PYTHONPATH=/root/ros_ws/src/Rescue_Car_ws/install/builtin_interfaces/local/lib/python3.10/dist-packages:${PYTHONPATH} /usr/bin/cmake --build /root/ros_ws/src/Rescue_Car_ws/build/rosgraph_msgs -- -j20 -l20
[18.627s] DEBUG:colcon.colcon_core.event_handler.log_command:Invoking command in '/root/ros_ws/src/Rescue_Car_ws/build/rosgraph_msgs': AMENT_PREFIX_PATH=/root/ros_ws/src/Rescue_Car_ws/install/builtin_interfaces:${AMENT_PREFIX_PATH} CMAKE_PREFIX_PATH=/root/ros_ws/src/Rescue_Car_ws/install/builtin_interfaces:/opt/ros/humble LD_LIBRARY_PATH=/root/ros_ws/src/Rescue_Car_ws/install/builtin_interfaces/lib:${LD_LIBRARY_PATH} PYTHONPATH=/root/ros_ws/src/Rescue_Car_ws/install/builtin_interfaces/local/lib/python3.10/dist-packages:${PYTHONPATH} /usr/bin/cmake --install /root/ros_ws/src/Rescue_Car_ws/build/rosgraph_msgs
[18.749s] Level 1:colcon.colcon_core.environment:create_environment_scripts_only(rosgraph_msgs)
[18.750s] Level 1:colcon.colcon_core.environment:checking '/root/ros_ws/src/Rescue_Car_ws/install/rosgraph_msgs' for CMake module files
[18.750s] Level 1:colcon.colcon_core.environment:checking '/root/ros_ws/src/Rescue_Car_ws/install/rosgraph_msgs' for CMake config files
[18.751s] Level 1:colcon.colcon_core.shell:create_environment_hook('rosgraph_msgs', 'cmake_prefix_path')
[18.751s] INFO:colcon.colcon_core.shell:Creating environment hook '/root/ros_ws/src/Rescue_Car_ws/install/rosgraph_msgs/share/rosgraph_msgs/hook/cmake_prefix_path.ps1'
[18.752s] INFO:colcon.colcon_core.shell:Creating environment descriptor '/root/ros_ws/src/Rescue_Car_ws/install/rosgraph_msgs/share/rosgraph_msgs/hook/cmake_prefix_path.dsv'
[18.752s] INFO:colcon.colcon_core.shell:Creating environment hook '/root/ros_ws/src/Rescue_Car_ws/install/rosgraph_msgs/share/rosgraph_msgs/hook/cmake_prefix_path.sh'
[18.753s] DEBUG:colcon.colcon_core.event_handler.log_command:Invoked command in '/root/ros_ws/src/Rescue_Car_ws/build/rosgraph_msgs' returned '0': AMENT_PREFIX_PATH=/root/ros_ws/src/Rescue_Car_ws/install/builtin_interfaces:${AMENT_PREFIX_PATH} CMAKE_PREFIX_PATH=/root/ros_ws/src/Rescue_Car_ws/install/builtin_interfaces:/opt/ros/humble LD_LIBRARY_PATH=/root/ros_ws/src/Rescue_Car_ws/install/builtin_interfaces/lib:${LD_LIBRARY_PATH} PYTHONPATH=/root/ros_ws/src/Rescue_Car_ws/install/builtin_interfaces/local/lib/python3.10/dist-packages:${PYTHONPATH} /usr/bin/cmake --install /root/ros_ws/src/Rescue_Car_ws/build/rosgraph_msgs
[18.755s] Level 1:colcon.colcon_core.environment:checking '/root/ros_ws/src/Rescue_Car_ws/install/rosgraph_msgs/lib'
[18.755s] Level 1:colcon.colcon_core.shell:create_environment_hook('rosgraph_msgs', 'ld_library_path_lib')
[18.755s] INFO:colcon.colcon_core.shell:Creating environment hook '/root/ros_ws/src/Rescue_Car_ws/install/rosgraph_msgs/share/rosgraph_msgs/hook/ld_library_path_lib.ps1'
[18.756s] INFO:colcon.colcon_core.shell:Creating environment descriptor '/root/ros_ws/src/Rescue_Car_ws/install/rosgraph_msgs/share/rosgraph_msgs/hook/ld_library_path_lib.dsv'
[18.756s] INFO:colcon.colcon_core.shell:Creating environment hook '/root/ros_ws/src/Rescue_Car_ws/install/rosgraph_msgs/share/rosgraph_msgs/hook/ld_library_path_lib.sh'
[18.757s] Level 1:colcon.colcon_core.environment:checking '/root/ros_ws/src/Rescue_Car_ws/install/rosgraph_msgs/bin'
[18.757s] Level 1:colcon.colcon_core.environment:checking '/root/ros_ws/src/Rescue_Car_ws/install/rosgraph_msgs/lib/pkgconfig/rosgraph_msgs.pc'
[18.757s] Level 1:colcon.colcon_core.environment:checking '/root/ros_ws/src/Rescue_Car_ws/install/rosgraph_msgs/lib/python3.10/site-packages'
[18.758s] Level 1:colcon.colcon_core.environment:checking '/root/ros_ws/src/Rescue_Car_ws/install/rosgraph_msgs/bin'
[18.758s] INFO:colcon.colcon_core.shell:Creating package script '/root/ros_ws/src/Rescue_Car_ws/install/rosgraph_msgs/share/rosgraph_msgs/package.ps1'
[18.763s] INFO:colcon.colcon_core.shell:Creating package descriptor '/root/ros_ws/src/Rescue_Car_ws/install/rosgraph_msgs/share/rosgraph_msgs/package.dsv'
[18.764s] INFO:colcon.colcon_core.shell:Creating package script '/root/ros_ws/src/Rescue_Car_ws/install/rosgraph_msgs/share/rosgraph_msgs/package.sh'
[18.764s] INFO:colcon.colcon_core.shell:Creating package script '/root/ros_ws/src/Rescue_Car_ws/install/rosgraph_msgs/share/rosgraph_msgs/package.bash'
[18.769s] INFO:colcon.colcon_core.shell:Creating package script '/root/ros_ws/src/Rescue_Car_ws/install/rosgraph_msgs/share/rosgraph_msgs/package.zsh'
[18.769s] Level 1:colcon.colcon_core.environment:create_file_with_runtime_dependencies(/root/ros_ws/src/Rescue_Car_ws/install/rosgraph_msgs/share/colcon-core/packages/rosgraph_msgs)
[18.771s] Level 1:colcon.colcon_core.environment:create_environment_scripts_only(rosgraph_msgs)
[18.771s] Level 1:colcon.colcon_core.environment:checking '/root/ros_ws/src/Rescue_Car_ws/install/rosgraph_msgs' for CMake module files
[18.771s] Level 1:colcon.colcon_core.environment:checking '/root/ros_ws/src/Rescue_Car_ws/install/rosgraph_msgs' for CMake config files
[18.772s] Level 1:colcon.colcon_core.shell:create_environment_hook('rosgraph_msgs', 'cmake_prefix_path')
[18.772s] INFO:colcon.colcon_core.shell:Creating environment hook '/root/ros_ws/src/Rescue_Car_ws/install/rosgraph_msgs/share/rosgraph_msgs/hook/cmake_prefix_path.ps1'
[18.773s] INFO:colcon.colcon_core.shell:Creating environment descriptor '/root/ros_ws/src/Rescue_Car_ws/install/rosgraph_msgs/share/rosgraph_msgs/hook/cmake_prefix_path.dsv'
[18.773s] INFO:colcon.colcon_core.shell:Creating environment hook '/root/ros_ws/src/Rescue_Car_ws/install/rosgraph_msgs/share/rosgraph_msgs/hook/cmake_prefix_path.sh'
[18.774s] Level 1:colcon.colcon_core.environment:checking '/root/ros_ws/src/Rescue_Car_ws/install/rosgraph_msgs/lib'
[18.774s] Level 1:colcon.colcon_core.shell:create_environment_hook('rosgraph_msgs', 'ld_library_path_lib')
[18.774s] INFO:colcon.colcon_core.shell:Creating environment hook '/root/ros_ws/src/Rescue_Car_ws/install/rosgraph_msgs/share/rosgraph_msgs/hook/ld_library_path_lib.ps1'
[18.774s] INFO:colcon.colcon_core.shell:Creating environment descriptor '/root/ros_ws/src/Rescue_Car_ws/install/rosgraph_msgs/share/rosgraph_msgs/hook/ld_library_path_lib.dsv'
[18.775s] INFO:colcon.colcon_core.shell:Creating environment hook '/root/ros_ws/src/Rescue_Car_ws/install/rosgraph_msgs/share/rosgraph_msgs/hook/ld_library_path_lib.sh'
[18.775s] Level 1:colcon.colcon_core.environment:checking '/root/ros_ws/src/Rescue_Car_ws/install/rosgraph_msgs/bin'
[18.775s] Level 1:colcon.colcon_core.environment:checking '/root/ros_ws/src/Rescue_Car_ws/install/rosgraph_msgs/lib/pkgconfig/rosgraph_msgs.pc'
[18.776s] Level 1:colcon.colcon_core.environment:checking '/root/ros_ws/src/Rescue_Car_ws/install/rosgraph_msgs/lib/python3.10/site-packages'
[18.776s] Level 1:colcon.colcon_core.environment:checking '/root/ros_ws/src/Rescue_Car_ws/install/rosgraph_msgs/bin'
[18.776s] INFO:colcon.colcon_core.shell:Creating package script '/root/ros_ws/src/Rescue_Car_ws/install/rosgraph_msgs/share/rosgraph_msgs/package.ps1'
[18.777s] INFO:colcon.colcon_core.shell:Creating package descriptor '/root/ros_ws/src/Rescue_Car_ws/install/rosgraph_msgs/share/rosgraph_msgs/package.dsv'
[18.778s] INFO:colcon.colcon_core.shell:Creating package script '/root/ros_ws/src/Rescue_Car_ws/install/rosgraph_msgs/share/rosgraph_msgs/package.sh'
[18.779s] INFO:colcon.colcon_core.shell:Creating package script '/root/ros_ws/src/Rescue_Car_ws/install/rosgraph_msgs/share/rosgraph_msgs/package.bash'
[18.779s] INFO:colcon.colcon_core.shell:Creating package script '/root/ros_ws/src/Rescue_Car_ws/install/rosgraph_msgs/share/rosgraph_msgs/package.zsh'
[18.779s] Level 1:colcon.colcon_core.environment:create_file_with_runtime_dependencies(/root/ros_ws/src/Rescue_Car_ws/install/rosgraph_msgs/share/colcon-core/packages/rosgraph_msgs)
[21.127s] DEBUG:colcon.colcon_core.event_handler.log_command:Invoked command in '/root/ros_ws/src/Rescue_Car_ws/build/statistics_msgs' returned '0': AMENT_PREFIX_PATH=/root/ros_ws/src/Rescue_Car_ws/install/builtin_interfaces:${AMENT_PREFIX_PATH} CMAKE_PREFIX_PATH=/root/ros_ws/src/Rescue_Car_ws/install/builtin_interfaces:/opt/ros/humble LD_LIBRARY_PATH=/root/ros_ws/src/Rescue_Car_ws/install/builtin_interfaces/lib:${LD_LIBRARY_PATH} PYTHONPATH=/root/ros_ws/src/Rescue_Car_ws/install/builtin_interfaces/local/lib/python3.10/dist-packages:${PYTHONPATH} /usr/bin/cmake --build /root/ros_ws/src/Rescue_Car_ws/build/statistics_msgs -- -j20 -l20
[21.128s] DEBUG:colcon.colcon_core.event_handler.log_command:Invoking command in '/root/ros_ws/src/Rescue_Car_ws/build/statistics_msgs': AMENT_PREFIX_PATH=/root/ros_ws/src/Rescue_Car_ws/install/builtin_interfaces:${AMENT_PREFIX_PATH} CMAKE_PREFIX_PATH=/root/ros_ws/src/Rescue_Car_ws/install/builtin_interfaces:/opt/ros/humble LD_LIBRARY_PATH=/root/ros_ws/src/Rescue_Car_ws/install/builtin_interfaces/lib:${LD_LIBRARY_PATH} PYTHONPATH=/root/ros_ws/src/Rescue_Car_ws/install/builtin_interfaces/local/lib/python3.10/dist-packages:${PYTHONPATH} /usr/bin/cmake --install /root/ros_ws/src/Rescue_Car_ws/build/statistics_msgs
[21.438s] Level 1:colcon.colcon_core.environment:create_environment_scripts_only(statistics_msgs)
[21.438s] Level 1:colcon.colcon_core.environment:checking '/root/ros_ws/src/Rescue_Car_ws/install/statistics_msgs' for CMake module files
[21.439s] Level 1:colcon.colcon_core.environment:checking '/root/ros_ws/src/Rescue_Car_ws/install/statistics_msgs' for CMake config files
[21.441s] Level 1:colcon.colcon_core.shell:create_environment_hook('statistics_msgs', 'cmake_prefix_path')
[21.441s] INFO:colcon.colcon_core.shell:Creating environment hook '/root/ros_ws/src/Rescue_Car_ws/install/statistics_msgs/share/statistics_msgs/hook/cmake_prefix_path.ps1'
[21.442s] INFO:colcon.colcon_core.shell:Creating environment descriptor '/root/ros_ws/src/Rescue_Car_ws/install/statistics_msgs/share/statistics_msgs/hook/cmake_prefix_path.dsv'
[21.449s] DEBUG:colcon.colcon_core.event_handler.log_command:Invoked command in '/root/ros_ws/src/Rescue_Car_ws/build/statistics_msgs' returned '0': AMENT_PREFIX_PATH=/root/ros_ws/src/Rescue_Car_ws/install/builtin_interfaces:${AMENT_PREFIX_PATH} CMAKE_PREFIX_PATH=/root/ros_ws/src/Rescue_Car_ws/install/builtin_interfaces:/opt/ros/humble LD_LIBRARY_PATH=/root/ros_ws/src/Rescue_Car_ws/install/builtin_interfaces/lib:${LD_LIBRARY_PATH} PYTHONPATH=/root/ros_ws/src/Rescue_Car_ws/install/builtin_interfaces/local/lib/python3.10/dist-packages:${PYTHONPATH} /usr/bin/cmake --install /root/ros_ws/src/Rescue_Car_ws/build/statistics_msgs
[21.450s] INFO:colcon.colcon_core.shell:Creating environment hook '/root/ros_ws/src/Rescue_Car_ws/install/statistics_msgs/share/statistics_msgs/hook/cmake_prefix_path.sh'
[21.451s] Level 1:colcon.colcon_core.environment:checking '/root/ros_ws/src/Rescue_Car_ws/install/statistics_msgs/lib'
[21.451s] Level 1:colcon.colcon_core.shell:create_environment_hook('statistics_msgs', 'ld_library_path_lib')
[21.455s] INFO:colcon.colcon_core.shell:Creating environment hook '/root/ros_ws/src/Rescue_Car_ws/install/statistics_msgs/share/statistics_msgs/hook/ld_library_path_lib.ps1'
[21.455s] INFO:colcon.colcon_core.shell:Creating environment descriptor '/root/ros_ws/src/Rescue_Car_ws/install/statistics_msgs/share/statistics_msgs/hook/ld_library_path_lib.dsv'
[21.456s] INFO:colcon.colcon_core.shell:Creating environment hook '/root/ros_ws/src/Rescue_Car_ws/install/statistics_msgs/share/statistics_msgs/hook/ld_library_path_lib.sh'
[21.456s] Level 1:colcon.colcon_core.environment:checking '/root/ros_ws/src/Rescue_Car_ws/install/statistics_msgs/bin'
[21.456s] Level 1:colcon.colcon_core.environment:checking '/root/ros_ws/src/Rescue_Car_ws/install/statistics_msgs/lib/pkgconfig/statistics_msgs.pc'
[21.457s] Level 1:colcon.colcon_core.environment:checking '/root/ros_ws/src/Rescue_Car_ws/install/statistics_msgs/lib/python3.10/site-packages'
[21.457s] Level 1:colcon.colcon_core.environment:checking '/root/ros_ws/src/Rescue_Car_ws/install/statistics_msgs/bin'
[21.457s] INFO:colcon.colcon_core.shell:Creating package script '/root/ros_ws/src/Rescue_Car_ws/install/statistics_msgs/share/statistics_msgs/package.ps1'
[21.475s] INFO:colcon.colcon_core.shell:Creating package descriptor '/root/ros_ws/src/Rescue_Car_ws/install/statistics_msgs/share/statistics_msgs/package.dsv'
[21.477s] INFO:colcon.colcon_core.shell:Creating package script '/root/ros_ws/src/Rescue_Car_ws/install/statistics_msgs/share/statistics_msgs/package.sh'
[21.477s] INFO:colcon.colcon_core.shell:Creating package script '/root/ros_ws/src/Rescue_Car_ws/install/statistics_msgs/share/statistics_msgs/package.bash'
[21.478s] INFO:colcon.colcon_core.shell:Creating package script '/root/ros_ws/src/Rescue_Car_ws/install/statistics_msgs/share/statistics_msgs/package.zsh'
[21.478s] Level 1:colcon.colcon_core.environment:create_file_with_runtime_dependencies(/root/ros_ws/src/Rescue_Car_ws/install/statistics_msgs/share/colcon-core/packages/statistics_msgs)
[21.484s] Level 1:colcon.colcon_core.environment:create_environment_scripts_only(statistics_msgs)
[21.484s] Level 1:colcon.colcon_core.environment:checking '/root/ros_ws/src/Rescue_Car_ws/install/statistics_msgs' for CMake module files
[21.486s] Level 1:colcon.colcon_core.environment:checking '/root/ros_ws/src/Rescue_Car_ws/install/statistics_msgs' for CMake config files
[21.486s] Level 1:colcon.colcon_core.shell:create_environment_hook('statistics_msgs', 'cmake_prefix_path')
[21.495s] INFO:colcon.colcon_core.shell:Creating environment hook '/root/ros_ws/src/Rescue_Car_ws/install/statistics_msgs/share/statistics_msgs/hook/cmake_prefix_path.ps1'
[21.496s] INFO:colcon.colcon_core.shell:Creating environment descriptor '/root/ros_ws/src/Rescue_Car_ws/install/statistics_msgs/share/statistics_msgs/hook/cmake_prefix_path.dsv'
[21.496s] INFO:colcon.colcon_core.shell:Creating environment hook '/root/ros_ws/src/Rescue_Car_ws/install/statistics_msgs/share/statistics_msgs/hook/cmake_prefix_path.sh'
[21.497s] Level 1:colcon.colcon_core.environment:checking '/root/ros_ws/src/Rescue_Car_ws/install/statistics_msgs/lib'
[21.497s] Level 1:colcon.colcon_core.shell:create_environment_hook('statistics_msgs', 'ld_library_path_lib')
[21.497s] INFO:colcon.colcon_core.shell:Creating environment hook '/root/ros_ws/src/Rescue_Car_ws/install/statistics_msgs/share/statistics_msgs/hook/ld_library_path_lib.ps1'
[21.498s] INFO:colcon.colcon_core.shell:Creating environment descriptor '/root/ros_ws/src/Rescue_Car_ws/install/statistics_msgs/share/statistics_msgs/hook/ld_library_path_lib.dsv'
[21.507s] INFO:colcon.colcon_core.shell:Creating environment hook '/root/ros_ws/src/Rescue_Car_ws/install/statistics_msgs/share/statistics_msgs/hook/ld_library_path_lib.sh'
[21.508s] Level 1:colcon.colcon_core.environment:checking '/root/ros_ws/src/Rescue_Car_ws/install/statistics_msgs/bin'
[21.508s] Level 1:colcon.colcon_core.environment:checking '/root/ros_ws/src/Rescue_Car_ws/install/statistics_msgs/lib/pkgconfig/statistics_msgs.pc'
[21.508s] Level 1:colcon.colcon_core.environment:checking '/root/ros_ws/src/Rescue_Car_ws/install/statistics_msgs/lib/python3.10/site-packages'
[21.509s] Level 1:colcon.colcon_core.environment:checking '/root/ros_ws/src/Rescue_Car_ws/install/statistics_msgs/bin'
[21.509s] INFO:colcon.colcon_core.shell:Creating package script '/root/ros_ws/src/Rescue_Car_ws/install/statistics_msgs/share/statistics_msgs/package.ps1'
[21.510s] INFO:colcon.colcon_core.shell:Creating package descriptor '/root/ros_ws/src/Rescue_Car_ws/install/statistics_msgs/share/statistics_msgs/package.dsv'
[21.519s] INFO:colcon.colcon_core.shell:Creating package script '/root/ros_ws/src/Rescue_Car_ws/install/statistics_msgs/share/statistics_msgs/package.sh'
[21.520s] INFO:colcon.colcon_core.shell:Creating package script '/root/ros_ws/src/Rescue_Car_ws/install/statistics_msgs/share/statistics_msgs/package.bash'
[21.521s] INFO:colcon.colcon_core.shell:Creating package script '/root/ros_ws/src/Rescue_Car_ws/install/statistics_msgs/share/statistics_msgs/package.zsh'
[21.522s] Level 1:colcon.colcon_core.environment:create_file_with_runtime_dependencies(/root/ros_ws/src/Rescue_Car_ws/install/statistics_msgs/share/colcon-core/packages/statistics_msgs)
[21.539s] DEBUG:colcon.colcon_core.event_handler.log_command:Invoked command in '/root/ros_ws/src/Rescue_Car_ws/build/rmw_microxrcedds' returned '0': AMENT_PREFIX_PATH=/root/ros_ws/src/Rescue_Car_ws/install/rosidl_typesupport_microxrcedds_cpp:/root/ros_ws/src/Rescue_Car_ws/install/rosidl_typesupport_microxrcedds_c:/root/ros_ws/src/Rescue_Car_ws/install/micro_ros_msgs:${AMENT_PREFIX_PATH} CMAKE_PREFIX_PATH=/root/ros_ws/src/Rescue_Car_ws/install/rosidl_typesupport_microxrcedds_cpp:/root/ros_ws/src/Rescue_Car_ws/install/rosidl_typesupport_microxrcedds_c:/root/ros_ws/src/Rescue_Car_ws/install/microxrcedds_client:/root/ros_ws/src/Rescue_Car_ws/install/microcdr:/root/ros_ws/src/Rescue_Car_ws/install/micro_ros_msgs:/opt/ros/humble LD_LIBRARY_PATH=/root/ros_ws/src/Rescue_Car_ws/install/rosidl_typesupport_microxrcedds_cpp/lib:/root/ros_ws/src/Rescue_Car_ws/install/rosidl_typesupport_microxrcedds_c/lib:/root/ros_ws/src/Rescue_Car_ws/install/micro_ros_msgs/lib:${LD_LIBRARY_PATH} PYTHONPATH=/root/ros_ws/src/Rescue_Car_ws/install/rosidl_typesupport_microxrcedds_cpp/local/lib/python3.10/dist-packages:/root/ros_ws/src/Rescue_Car_ws/install/rosidl_typesupport_microxrcedds_c/local/lib/python3.10/dist-packages:/root/ros_ws/src/Rescue_Car_ws/install/micro_ros_msgs/local/lib/python3.10/dist-packages:${PYTHONPATH} /usr/bin/cmake --build /root/ros_ws/src/Rescue_Car_ws/build/rmw_microxrcedds -- -j20 -l20
[21.544s] DEBUG:colcon.colcon_core.event_handler.log_command:Invoking command in '/root/ros_ws/src/Rescue_Car_ws/build/rmw_microxrcedds': AMENT_PREFIX_PATH=/root/ros_ws/src/Rescue_Car_ws/install/rosidl_typesupport_microxrcedds_cpp:/root/ros_ws/src/Rescue_Car_ws/install/rosidl_typesupport_microxrcedds_c:/root/ros_ws/src/Rescue_Car_ws/install/micro_ros_msgs:${AMENT_PREFIX_PATH} CMAKE_PREFIX_PATH=/root/ros_ws/src/Rescue_Car_ws/install/rosidl_typesupport_microxrcedds_cpp:/root/ros_ws/src/Rescue_Car_ws/install/rosidl_typesupport_microxrcedds_c:/root/ros_ws/src/Rescue_Car_ws/install/microxrcedds_client:/root/ros_ws/src/Rescue_Car_ws/install/microcdr:/root/ros_ws/src/Rescue_Car_ws/install/micro_ros_msgs:/opt/ros/humble LD_LIBRARY_PATH=/root/ros_ws/src/Rescue_Car_ws/install/rosidl_typesupport_microxrcedds_cpp/lib:/root/ros_ws/src/Rescue_Car_ws/install/rosidl_typesupport_microxrcedds_c/lib:/root/ros_ws/src/Rescue_Car_ws/install/micro_ros_msgs/lib:${LD_LIBRARY_PATH} PYTHONPATH=/root/ros_ws/src/Rescue_Car_ws/install/rosidl_typesupport_microxrcedds_cpp/local/lib/python3.10/dist-packages:/root/ros_ws/src/Rescue_Car_ws/install/rosidl_typesupport_microxrcedds_c/local/lib/python3.10/dist-packages:/root/ros_ws/src/Rescue_Car_ws/install/micro_ros_msgs/local/lib/python3.10/dist-packages:${PYTHONPATH} /usr/bin/cmake --install /root/ros_ws/src/Rescue_Car_ws/build/rmw_microxrcedds
[21.601s] Level 1:colcon.colcon_core.environment:create_environment_scripts_only(rmw_microxrcedds)
[21.601s] Level 1:colcon.colcon_core.environment:checking '/root/ros_ws/src/Rescue_Car_ws/install/rmw_microxrcedds' for CMake module files
[21.602s] Level 1:colcon.colcon_core.environment:checking '/root/ros_ws/src/Rescue_Car_ws/install/rmw_microxrcedds' for CMake config files
[21.602s] Level 1:colcon.colcon_core.shell:create_environment_hook('rmw_microxrcedds', 'cmake_prefix_path')
[21.603s] INFO:colcon.colcon_core.shell:Creating environment hook '/root/ros_ws/src/Rescue_Car_ws/install/rmw_microxrcedds/share/rmw_microxrcedds/hook/cmake_prefix_path.ps1'
[21.604s] INFO:colcon.colcon_core.shell:Creating environment descriptor '/root/ros_ws/src/Rescue_Car_ws/install/rmw_microxrcedds/share/rmw_microxrcedds/hook/cmake_prefix_path.dsv'
[21.604s] INFO:colcon.colcon_core.shell:Creating environment hook '/root/ros_ws/src/Rescue_Car_ws/install/rmw_microxrcedds/share/rmw_microxrcedds/hook/cmake_prefix_path.sh'
[21.605s] Level 1:colcon.colcon_core.environment:checking '/root/ros_ws/src/Rescue_Car_ws/install/rmw_microxrcedds/lib'
[21.605s] Level 1:colcon.colcon_core.shell:create_environment_hook('rmw_microxrcedds', 'ld_library_path_lib')
[21.605s] INFO:colcon.colcon_core.shell:Creating environment hook '/root/ros_ws/src/Rescue_Car_ws/install/rmw_microxrcedds/share/rmw_microxrcedds/hook/ld_library_path_lib.ps1'
[21.606s] INFO:colcon.colcon_core.shell:Creating environment descriptor '/root/ros_ws/src/Rescue_Car_ws/install/rmw_microxrcedds/share/rmw_microxrcedds/hook/ld_library_path_lib.dsv'
[21.606s] INFO:colcon.colcon_core.shell:Creating environment hook '/root/ros_ws/src/Rescue_Car_ws/install/rmw_microxrcedds/share/rmw_microxrcedds/hook/ld_library_path_lib.sh'
[21.616s] DEBUG:colcon.colcon_core.event_handler.log_command:Invoked command in '/root/ros_ws/src/Rescue_Car_ws/build/rmw_microxrcedds' returned '0': AMENT_PREFIX_PATH=/root/ros_ws/src/Rescue_Car_ws/install/rosidl_typesupport_microxrcedds_cpp:/root/ros_ws/src/Rescue_Car_ws/install/rosidl_typesupport_microxrcedds_c:/root/ros_ws/src/Rescue_Car_ws/install/micro_ros_msgs:${AMENT_PREFIX_PATH} CMAKE_PREFIX_PATH=/root/ros_ws/src/Rescue_Car_ws/install/rosidl_typesupport_microxrcedds_cpp:/root/ros_ws/src/Rescue_Car_ws/install/rosidl_typesupport_microxrcedds_c:/root/ros_ws/src/Rescue_Car_ws/install/microxrcedds_client:/root/ros_ws/src/Rescue_Car_ws/install/microcdr:/root/ros_ws/src/Rescue_Car_ws/install/micro_ros_msgs:/opt/ros/humble LD_LIBRARY_PATH=/root/ros_ws/src/Rescue_Car_ws/install/rosidl_typesupport_microxrcedds_cpp/lib:/root/ros_ws/src/Rescue_Car_ws/install/rosidl_typesupport_microxrcedds_c/lib:/root/ros_ws/src/Rescue_Car_ws/install/micro_ros_msgs/lib:${LD_LIBRARY_PATH} PYTHONPATH=/root/ros_ws/src/Rescue_Car_ws/install/rosidl_typesupport_microxrcedds_cpp/local/lib/python3.10/dist-packages:/root/ros_ws/src/Rescue_Car_ws/install/rosidl_typesupport_microxrcedds_c/local/lib/python3.10/dist-packages:/root/ros_ws/src/Rescue_Car_ws/install/micro_ros_msgs/local/lib/python3.10/dist-packages:${PYTHONPATH} /usr/bin/cmake --install /root/ros_ws/src/Rescue_Car_ws/build/rmw_microxrcedds
[21.624s] Level 1:colcon.colcon_core.environment:checking '/root/ros_ws/src/Rescue_Car_ws/install/rmw_microxrcedds/bin'
[21.624s] Level 1:colcon.colcon_core.environment:checking '/root/ros_ws/src/Rescue_Car_ws/install/rmw_microxrcedds/lib/pkgconfig/rmw_microxrcedds.pc'
[21.624s] Level 1:colcon.colcon_core.environment:checking '/root/ros_ws/src/Rescue_Car_ws/install/rmw_microxrcedds/lib/python3.10/site-packages'
[21.624s] Level 1:colcon.colcon_core.environment:checking '/root/ros_ws/src/Rescue_Car_ws/install/rmw_microxrcedds/bin'
[21.625s] INFO:colcon.colcon_core.shell:Creating package script '/root/ros_ws/src/Rescue_Car_ws/install/rmw_microxrcedds/share/rmw_microxrcedds/package.ps1'
[21.626s] INFO:colcon.colcon_core.shell:Creating package descriptor '/root/ros_ws/src/Rescue_Car_ws/install/rmw_microxrcedds/share/rmw_microxrcedds/package.dsv'
[21.626s] INFO:colcon.colcon_core.shell:Creating package script '/root/ros_ws/src/Rescue_Car_ws/install/rmw_microxrcedds/share/rmw_microxrcedds/package.sh'
[21.631s] INFO:colcon.colcon_core.shell:Creating package script '/root/ros_ws/src/Rescue_Car_ws/install/rmw_microxrcedds/share/rmw_microxrcedds/package.bash'
[21.631s] INFO:colcon.colcon_core.shell:Creating package script '/root/ros_ws/src/Rescue_Car_ws/install/rmw_microxrcedds/share/rmw_microxrcedds/package.zsh'
[21.632s] Level 1:colcon.colcon_core.environment:create_file_with_runtime_dependencies(/root/ros_ws/src/Rescue_Car_ws/install/rmw_microxrcedds/share/colcon-core/packages/rmw_microxrcedds)
[21.633s] Level 1:colcon.colcon_core.environment:create_environment_scripts_only(rmw_microxrcedds)
[21.634s] Level 1:colcon.colcon_core.environment:checking '/root/ros_ws/src/Rescue_Car_ws/install/rmw_microxrcedds' for CMake module files
[21.634s] Level 1:colcon.colcon_core.environment:checking '/root/ros_ws/src/Rescue_Car_ws/install/rmw_microxrcedds' for CMake config files
[21.643s] Level 1:colcon.colcon_core.shell:create_environment_hook('rmw_microxrcedds', 'cmake_prefix_path')
[21.644s] INFO:colcon.colcon_core.shell:Creating environment hook '/root/ros_ws/src/Rescue_Car_ws/install/rmw_microxrcedds/share/rmw_microxrcedds/hook/cmake_prefix_path.ps1'
[21.644s] INFO:colcon.colcon_core.shell:Creating environment descriptor '/root/ros_ws/src/Rescue_Car_ws/install/rmw_microxrcedds/share/rmw_microxrcedds/hook/cmake_prefix_path.dsv'
[21.646s] INFO:colcon.colcon_core.shell:Creating environment hook '/root/ros_ws/src/Rescue_Car_ws/install/rmw_microxrcedds/share/rmw_microxrcedds/hook/cmake_prefix_path.sh'
[21.655s] Level 1:colcon.colcon_core.environment:checking '/root/ros_ws/src/Rescue_Car_ws/install/rmw_microxrcedds/lib'
[21.655s] Level 1:colcon.colcon_core.shell:create_environment_hook('rmw_microxrcedds', 'ld_library_path_lib')
[21.655s] INFO:colcon.colcon_core.shell:Creating environment hook '/root/ros_ws/src/Rescue_Car_ws/install/rmw_microxrcedds/share/rmw_microxrcedds/hook/ld_library_path_lib.ps1'
[21.657s] INFO:colcon.colcon_core.shell:Creating environment descriptor '/root/ros_ws/src/Rescue_Car_ws/install/rmw_microxrcedds/share/rmw_microxrcedds/hook/ld_library_path_lib.dsv'
[21.657s] INFO:colcon.colcon_core.shell:Creating environment hook '/root/ros_ws/src/Rescue_Car_ws/install/rmw_microxrcedds/share/rmw_microxrcedds/hook/ld_library_path_lib.sh'
[21.658s] Level 1:colcon.colcon_core.environment:checking '/root/ros_ws/src/Rescue_Car_ws/install/rmw_microxrcedds/bin'
[21.658s] Level 1:colcon.colcon_core.environment:checking '/root/ros_ws/src/Rescue_Car_ws/install/rmw_microxrcedds/lib/pkgconfig/rmw_microxrcedds.pc'
[21.658s] Level 1:colcon.colcon_core.environment:checking '/root/ros_ws/src/Rescue_Car_ws/install/rmw_microxrcedds/lib/python3.10/site-packages'
[21.658s] Level 1:colcon.colcon_core.environment:checking '/root/ros_ws/src/Rescue_Car_ws/install/rmw_microxrcedds/bin'
[21.671s] INFO:colcon.colcon_core.shell:Creating package script '/root/ros_ws/src/Rescue_Car_ws/install/rmw_microxrcedds/share/rmw_microxrcedds/package.ps1'
[21.672s] INFO:colcon.colcon_core.shell:Creating package descriptor '/root/ros_ws/src/Rescue_Car_ws/install/rmw_microxrcedds/share/rmw_microxrcedds/package.dsv'
[21.673s] INFO:colcon.colcon_core.shell:Creating package script '/root/ros_ws/src/Rescue_Car_ws/install/rmw_microxrcedds/share/rmw_microxrcedds/package.sh'
[21.673s] INFO:colcon.colcon_core.shell:Creating package script '/root/ros_ws/src/Rescue_Car_ws/install/rmw_microxrcedds/share/rmw_microxrcedds/package.bash'
[21.674s] INFO:colcon.colcon_core.shell:Creating package script '/root/ros_ws/src/Rescue_Car_ws/install/rmw_microxrcedds/share/rmw_microxrcedds/package.zsh'
[21.679s] Level 1:colcon.colcon_core.environment:create_file_with_runtime_dependencies(/root/ros_ws/src/Rescue_Car_ws/install/rmw_microxrcedds/share/colcon-core/packages/rmw_microxrcedds)
[21.683s] INFO:colcon.colcon_ros.task.ament_cmake.build:Building ROS package in '/root/ros_ws/src/Rescue_Car_ws/src/microros/src/uros/rosidl_typesupport_microxrcedds/test/msg' with build type 'ament_cmake'
[21.684s] INFO:colcon.colcon_cmake.task.cmake.build:Building CMake package in '/root/ros_ws/src/Rescue_Car_ws/src/microros/src/uros/rosidl_typesupport_microxrcedds/test/msg'
[21.684s] INFO:colcon.colcon_core.shell:Skip shell extension 'powershell' for command environment: Not usable outside of PowerShell
[21.684s] DEBUG:colcon.colcon_core.shell:Skip shell extension 'dsv' for command environment
[23.711s] DEBUG:colcon.colcon_core.event_handler.log_command:Invoked command in '/root/ros_ws/src/Rescue_Car_ws/build/action_msgs' returned '0': AMENT_PREFIX_PATH=/root/ros_ws/src/Rescue_Car_ws/install/unique_identifier_msgs:/root/ros_ws/src/Rescue_Car_ws/install/builtin_interfaces:${AMENT_PREFIX_PATH} CMAKE_PREFIX_PATH=/root/ros_ws/src/Rescue_Car_ws/install/unique_identifier_msgs:/root/ros_ws/src/Rescue_Car_ws/install/builtin_interfaces:/opt/ros/humble LD_LIBRARY_PATH=/root/ros_ws/src/Rescue_Car_ws/install/unique_identifier_msgs/lib:/root/ros_ws/src/Rescue_Car_ws/install/builtin_interfaces/lib:${LD_LIBRARY_PATH} PYTHONPATH=/root/ros_ws/src/Rescue_Car_ws/install/unique_identifier_msgs/local/lib/python3.10/dist-packages:/root/ros_ws/src/Rescue_Car_ws/install/builtin_interfaces/local/lib/python3.10/dist-packages:${PYTHONPATH} /usr/bin/cmake --build /root/ros_ws/src/Rescue_Car_ws/build/action_msgs -- -j20 -l20
[23.718s] DEBUG:colcon.colcon_core.event_handler.log_command:Invoking command in '/root/ros_ws/src/Rescue_Car_ws/build/action_msgs': AMENT_PREFIX_PATH=/root/ros_ws/src/Rescue_Car_ws/install/unique_identifier_msgs:/root/ros_ws/src/Rescue_Car_ws/install/builtin_interfaces:${AMENT_PREFIX_PATH} CMAKE_PREFIX_PATH=/root/ros_ws/src/Rescue_Car_ws/install/unique_identifier_msgs:/root/ros_ws/src/Rescue_Car_ws/install/builtin_interfaces:/opt/ros/humble LD_LIBRARY_PATH=/root/ros_ws/src/Rescue_Car_ws/install/unique_identifier_msgs/lib:/root/ros_ws/src/Rescue_Car_ws/install/builtin_interfaces/lib:${LD_LIBRARY_PATH} PYTHONPATH=/root/ros_ws/src/Rescue_Car_ws/install/unique_identifier_msgs/local/lib/python3.10/dist-packages:/root/ros_ws/src/Rescue_Car_ws/install/builtin_interfaces/local/lib/python3.10/dist-packages:${PYTHONPATH} /usr/bin/cmake --install /root/ros_ws/src/Rescue_Car_ws/build/action_msgs
[24.012s] Level 1:colcon.colcon_core.environment:create_environment_scripts_only(action_msgs)
[24.013s] Level 1:colcon.colcon_core.environment:checking '/root/ros_ws/src/Rescue_Car_ws/install/action_msgs' for CMake module files
[24.013s] Level 1:colcon.colcon_core.environment:checking '/root/ros_ws/src/Rescue_Car_ws/install/action_msgs' for CMake config files
[24.014s] Level 1:colcon.colcon_core.shell:create_environment_hook('action_msgs', 'cmake_prefix_path')
[24.014s] INFO:colcon.colcon_core.shell:Creating environment hook '/root/ros_ws/src/Rescue_Car_ws/install/action_msgs/share/action_msgs/hook/cmake_prefix_path.ps1'
[24.015s] INFO:colcon.colcon_core.shell:Creating environment descriptor '/root/ros_ws/src/Rescue_Car_ws/install/action_msgs/share/action_msgs/hook/cmake_prefix_path.dsv'
[24.016s] INFO:colcon.colcon_core.shell:Creating environment hook '/root/ros_ws/src/Rescue_Car_ws/install/action_msgs/share/action_msgs/hook/cmake_prefix_path.sh'
[24.016s] Level 1:colcon.colcon_core.environment:checking '/root/ros_ws/src/Rescue_Car_ws/install/action_msgs/lib'
[24.016s] Level 1:colcon.colcon_core.shell:create_environment_hook('action_msgs', 'ld_library_path_lib')
[24.017s] INFO:colcon.colcon_core.shell:Creating environment hook '/root/ros_ws/src/Rescue_Car_ws/install/action_msgs/share/action_msgs/hook/ld_library_path_lib.ps1'
[24.017s] INFO:colcon.colcon_core.shell:Creating environment descriptor '/root/ros_ws/src/Rescue_Car_ws/install/action_msgs/share/action_msgs/hook/ld_library_path_lib.dsv'
[24.017s] INFO:colcon.colcon_core.shell:Creating environment hook '/root/ros_ws/src/Rescue_Car_ws/install/action_msgs/share/action_msgs/hook/ld_library_path_lib.sh'
[24.018s] Level 1:colcon.colcon_core.environment:checking '/root/ros_ws/src/Rescue_Car_ws/install/action_msgs/bin'
[24.018s] Level 1:colcon.colcon_core.environment:checking '/root/ros_ws/src/Rescue_Car_ws/install/action_msgs/lib/pkgconfig/action_msgs.pc'
[24.018s] Level 1:colcon.colcon_core.environment:checking '/root/ros_ws/src/Rescue_Car_ws/install/action_msgs/lib/python3.10/site-packages'
[24.018s] Level 1:colcon.colcon_core.environment:checking '/root/ros_ws/src/Rescue_Car_ws/install/action_msgs/bin'
[24.012s] DEBUG:colcon.colcon_core.event_handler.log_command:Invoked command in '/root/ros_ws/src/Rescue_Car_ws/build/action_msgs' returned '0': AMENT_PREFIX_PATH=/root/ros_ws/src/Rescue_Car_ws/install/unique_identifier_msgs:/root/ros_ws/src/Rescue_Car_ws/install/builtin_interfaces:${AMENT_PREFIX_PATH} CMAKE_PREFIX_PATH=/root/ros_ws/src/Rescue_Car_ws/install/unique_identifier_msgs:/root/ros_ws/src/Rescue_Car_ws/install/builtin_interfaces:/opt/ros/humble LD_LIBRARY_PATH=/root/ros_ws/src/Rescue_Car_ws/install/unique_identifier_msgs/lib:/root/ros_ws/src/Rescue_Car_ws/install/builtin_interfaces/lib:${LD_LIBRARY_PATH} PYTHONPATH=/root/ros_ws/src/Rescue_Car_ws/install/unique_identifier_msgs/local/lib/python3.10/dist-packages:/root/ros_ws/src/Rescue_Car_ws/install/builtin_interfaces/local/lib/python3.10/dist-packages:${PYTHONPATH} /usr/bin/cmake --install /root/ros_ws/src/Rescue_Car_ws/build/action_msgs
[24.023s] INFO:colcon.colcon_core.shell:Creating package script '/root/ros_ws/src/Rescue_Car_ws/install/action_msgs/share/action_msgs/package.ps1'
[24.024s] INFO:colcon.colcon_core.shell:Creating package descriptor '/root/ros_ws/src/Rescue_Car_ws/install/action_msgs/share/action_msgs/package.dsv'
[24.024s] INFO:colcon.colcon_core.shell:Creating package script '/root/ros_ws/src/Rescue_Car_ws/install/action_msgs/share/action_msgs/package.sh'
[24.025s] INFO:colcon.colcon_core.shell:Creating package script '/root/ros_ws/src/Rescue_Car_ws/install/action_msgs/share/action_msgs/package.bash'
[24.025s] INFO:colcon.colcon_core.shell:Creating package script '/root/ros_ws/src/Rescue_Car_ws/install/action_msgs/share/action_msgs/package.zsh'
[24.026s] Level 1:colcon.colcon_core.environment:create_file_with_runtime_dependencies(/root/ros_ws/src/Rescue_Car_ws/install/action_msgs/share/colcon-core/packages/action_msgs)
[24.027s] Level 1:colcon.colcon_core.environment:create_environment_scripts_only(action_msgs)
[24.027s] Level 1:colcon.colcon_core.environment:checking '/root/ros_ws/src/Rescue_Car_ws/install/action_msgs' for CMake module files
[24.028s] Level 1:colcon.colcon_core.environment:checking '/root/ros_ws/src/Rescue_Car_ws/install/action_msgs' for CMake config files
[24.029s] Level 1:colcon.colcon_core.shell:create_environment_hook('action_msgs', 'cmake_prefix_path')
[24.029s] INFO:colcon.colcon_core.shell:Creating environment hook '/root/ros_ws/src/Rescue_Car_ws/install/action_msgs/share/action_msgs/hook/cmake_prefix_path.ps1'
[24.030s] INFO:colcon.colcon_core.shell:Creating environment descriptor '/root/ros_ws/src/Rescue_Car_ws/install/action_msgs/share/action_msgs/hook/cmake_prefix_path.dsv'
[24.035s] INFO:colcon.colcon_core.shell:Creating environment hook '/root/ros_ws/src/Rescue_Car_ws/install/action_msgs/share/action_msgs/hook/cmake_prefix_path.sh'
[24.036s] Level 1:colcon.colcon_core.environment:checking '/root/ros_ws/src/Rescue_Car_ws/install/action_msgs/lib'
[24.036s] Level 1:colcon.colcon_core.shell:create_environment_hook('action_msgs', 'ld_library_path_lib')
[24.036s] INFO:colcon.colcon_core.shell:Creating environment hook '/root/ros_ws/src/Rescue_Car_ws/install/action_msgs/share/action_msgs/hook/ld_library_path_lib.ps1'
[24.037s] INFO:colcon.colcon_core.shell:Creating environment descriptor '/root/ros_ws/src/Rescue_Car_ws/install/action_msgs/share/action_msgs/hook/ld_library_path_lib.dsv'
[24.043s] INFO:colcon.colcon_core.shell:Creating environment hook '/root/ros_ws/src/Rescue_Car_ws/install/action_msgs/share/action_msgs/hook/ld_library_path_lib.sh'
[24.045s] Level 1:colcon.colcon_core.environment:checking '/root/ros_ws/src/Rescue_Car_ws/install/action_msgs/bin'
[24.045s] Level 1:colcon.colcon_core.environment:checking '/root/ros_ws/src/Rescue_Car_ws/install/action_msgs/lib/pkgconfig/action_msgs.pc'
[24.046s] Level 1:colcon.colcon_core.environment:checking '/root/ros_ws/src/Rescue_Car_ws/install/action_msgs/lib/python3.10/site-packages'
[24.046s] Level 1:colcon.colcon_core.environment:checking '/root/ros_ws/src/Rescue_Car_ws/install/action_msgs/bin'
[24.046s] INFO:colcon.colcon_core.shell:Creating package script '/root/ros_ws/src/Rescue_Car_ws/install/action_msgs/share/action_msgs/package.ps1'
[24.048s] INFO:colcon.colcon_core.shell:Creating package descriptor '/root/ros_ws/src/Rescue_Car_ws/install/action_msgs/share/action_msgs/package.dsv'
[24.051s] INFO:colcon.colcon_core.shell:Creating package script '/root/ros_ws/src/Rescue_Car_ws/install/action_msgs/share/action_msgs/package.sh'
[24.052s] INFO:colcon.colcon_core.shell:Creating package script '/root/ros_ws/src/Rescue_Car_ws/install/action_msgs/share/action_msgs/package.bash'
[24.055s] INFO:colcon.colcon_core.shell:Creating package script '/root/ros_ws/src/Rescue_Car_ws/install/action_msgs/share/action_msgs/package.zsh'
[24.056s] Level 1:colcon.colcon_core.environment:create_file_with_runtime_dependencies(/root/ros_ws/src/Rescue_Car_ws/install/action_msgs/share/colcon-core/packages/action_msgs)
[24.062s] INFO:colcon.colcon_ros.task.ament_cmake.build:Building ROS package in '/root/ros_ws/src/Rescue_Car_ws/src/microros/src/ros2/example_interfaces' with build type 'ament_cmake'
[24.062s] INFO:colcon.colcon_cmake.task.cmake.build:Building CMake package in '/root/ros_ws/src/Rescue_Car_ws/src/microros/src/ros2/example_interfaces'
[24.063s] INFO:colcon.colcon_core.shell:Skip shell extension 'powershell' for command environment: Not usable outside of PowerShell
[24.063s] DEBUG:colcon.colcon_core.shell:Skip shell extension 'dsv' for command environment
[24.075s] INFO:colcon.colcon_ros.task.ament_cmake.build:Building ROS package in '/root/ros_ws/src/Rescue_Car_ws/src/microros/src/ros2/rcl_interfaces/test_msgs' with build type 'ament_cmake'
[24.076s] INFO:colcon.colcon_cmake.task.cmake.build:Building CMake package in '/root/ros_ws/src/Rescue_Car_ws/src/microros/src/ros2/rcl_interfaces/test_msgs'
[24.076s] INFO:colcon.colcon_core.shell:Skip shell extension 'powershell' for command environment: Not usable outside of PowerShell
[24.076s] DEBUG:colcon.colcon_core.shell:Skip shell extension 'dsv' for command environment
[25.169s] DEBUG:colcon.colcon_core.event_handler.log_command:Invoking command in '/root/ros_ws/src/Rescue_Car_ws/build/rosidl_typesupport_microxrcedds_test_msg': AMENT_PREFIX_PATH=/root/ros_ws/src/Rescue_Car_ws/install/rmw_microxrcedds:/root/ros_ws/src/Rescue_Car_ws/install/rosidl_typesupport_microxrcedds_cpp:/root/ros_ws/src/Rescue_Car_ws/install/rosidl_typesupport_microxrcedds_c:/root/ros_ws/src/Rescue_Car_ws/install/micro_ros_msgs:/root/ros_ws/src/Rescue_Car_ws/install/builtin_interfaces:${AMENT_PREFIX_PATH} CMAKE_PREFIX_PATH=/root/ros_ws/src/Rescue_Car_ws/install/rmw_microxrcedds:/root/ros_ws/src/Rescue_Car_ws/install/rosidl_typesupport_microxrcedds_cpp:/root/ros_ws/src/Rescue_Car_ws/install/rosidl_typesupport_microxrcedds_c:/root/ros_ws/src/Rescue_Car_ws/install/microxrcedds_client:/root/ros_ws/src/Rescue_Car_ws/install/microcdr:/root/ros_ws/src/Rescue_Car_ws/install/micro_ros_msgs:/root/ros_ws/src/Rescue_Car_ws/install/builtin_interfaces:/opt/ros/humble LD_LIBRARY_PATH=/root/ros_ws/src/Rescue_Car_ws/install/rmw_microxrcedds/lib:/root/ros_ws/src/Rescue_Car_ws/install/rosidl_typesupport_microxrcedds_cpp/lib:/root/ros_ws/src/Rescue_Car_ws/install/rosidl_typesupport_microxrcedds_c/lib:/root/ros_ws/src/Rescue_Car_ws/install/micro_ros_msgs/lib:/root/ros_ws/src/Rescue_Car_ws/install/builtin_interfaces/lib:${LD_LIBRARY_PATH} PYTHONPATH=/root/ros_ws/src/Rescue_Car_ws/install/rosidl_typesupport_microxrcedds_cpp/local/lib/python3.10/dist-packages:/root/ros_ws/src/Rescue_Car_ws/install/rosidl_typesupport_microxrcedds_c/local/lib/python3.10/dist-packages:/root/ros_ws/src/Rescue_Car_ws/install/micro_ros_msgs/local/lib/python3.10/dist-packages:/root/ros_ws/src/Rescue_Car_ws/install/builtin_interfaces/local/lib/python3.10/dist-packages:${PYTHONPATH} /usr/bin/cmake /root/ros_ws/src/Rescue_Car_ws/src/microros/src/uros/rosidl_typesupport_microxrcedds/test/msg -DCMAKE_INSTALL_PREFIX=/root/ros_ws/src/Rescue_Car_ws/install/rosidl_typesupport_microxrcedds_test_msg
[25.449s] DEBUG:colcon.colcon_core.event_handler.log_command:Invoking command in '/root/ros_ws/src/Rescue_Car_ws/build/test_msgs': AMENT_PREFIX_PATH=/root/ros_ws/src/Rescue_Car_ws/install/action_msgs:/root/ros_ws/src/Rescue_Car_ws/install/unique_identifier_msgs:/root/ros_ws/src/Rescue_Car_ws/install/builtin_interfaces:${AMENT_PREFIX_PATH} CMAKE_PREFIX_PATH=/root/ros_ws/src/Rescue_Car_ws/install/action_msgs:/root/ros_ws/src/Rescue_Car_ws/install/unique_identifier_msgs:/root/ros_ws/src/Rescue_Car_ws/install/builtin_interfaces:/opt/ros/humble LD_LIBRARY_PATH=/root/ros_ws/src/Rescue_Car_ws/install/action_msgs/lib:/root/ros_ws/src/Rescue_Car_ws/install/unique_identifier_msgs/lib:/root/ros_ws/src/Rescue_Car_ws/install/builtin_interfaces/lib:${LD_LIBRARY_PATH} PYTHONPATH=/root/ros_ws/src/Rescue_Car_ws/install/action_msgs/local/lib/python3.10/dist-packages:/root/ros_ws/src/Rescue_Car_ws/install/unique_identifier_msgs/local/lib/python3.10/dist-packages:/root/ros_ws/src/Rescue_Car_ws/install/builtin_interfaces/local/lib/python3.10/dist-packages:${PYTHONPATH} /usr/bin/cmake /root/ros_ws/src/Rescue_Car_ws/src/microros/src/ros2/rcl_interfaces/test_msgs -DCMAKE_INSTALL_PREFIX=/root/ros_ws/src/Rescue_Car_ws/install/test_msgs
[25.482s] DEBUG:colcon.colcon_core.event_handler.log_command:Invoking command in '/root/ros_ws/src/Rescue_Car_ws/build/example_interfaces': AMENT_PREFIX_PATH=/root/ros_ws/src/Rescue_Car_ws/install/action_msgs:/root/ros_ws/src/Rescue_Car_ws/install/unique_identifier_msgs:/root/ros_ws/src/Rescue_Car_ws/install/builtin_interfaces:${AMENT_PREFIX_PATH} CMAKE_PREFIX_PATH=/root/ros_ws/src/Rescue_Car_ws/install/action_msgs:/root/ros_ws/src/Rescue_Car_ws/install/unique_identifier_msgs:/root/ros_ws/src/Rescue_Car_ws/install/builtin_interfaces:/opt/ros/humble LD_LIBRARY_PATH=/root/ros_ws/src/Rescue_Car_ws/install/action_msgs/lib:/root/ros_ws/src/Rescue_Car_ws/install/unique_identifier_msgs/lib:/root/ros_ws/src/Rescue_Car_ws/install/builtin_interfaces/lib:${LD_LIBRARY_PATH} PYTHONPATH=/root/ros_ws/src/Rescue_Car_ws/install/action_msgs/local/lib/python3.10/dist-packages:/root/ros_ws/src/Rescue_Car_ws/install/unique_identifier_msgs/local/lib/python3.10/dist-packages:/root/ros_ws/src/Rescue_Car_ws/install/builtin_interfaces/local/lib/python3.10/dist-packages:${PYTHONPATH} /usr/bin/cmake /root/ros_ws/src/Rescue_Car_ws/src/microros/src/ros2/example_interfaces -DCMAKE_INSTALL_PREFIX=/root/ros_ws/src/Rescue_Car_ws/install/example_interfaces
[28.736s] DEBUG:colcon.colcon_core.event_handler.log_command:Invoked command in '/root/ros_ws/src/Rescue_Car_ws/build/rcl_interfaces' returned '0': AMENT_PREFIX_PATH=/root/ros_ws/src/Rescue_Car_ws/install/builtin_interfaces:${AMENT_PREFIX_PATH} CMAKE_PREFIX_PATH=/root/ros_ws/src/Rescue_Car_ws/install/builtin_interfaces:/opt/ros/humble LD_LIBRARY_PATH=/root/ros_ws/src/Rescue_Car_ws/install/builtin_interfaces/lib:${LD_LIBRARY_PATH} PYTHONPATH=/root/ros_ws/src/Rescue_Car_ws/install/builtin_interfaces/local/lib/python3.10/dist-packages:${PYTHONPATH} /usr/bin/cmake --build /root/ros_ws/src/Rescue_Car_ws/build/rcl_interfaces -- -j20 -l20
[28.739s] DEBUG:colcon.colcon_core.event_handler.log_command:Invoking command in '/root/ros_ws/src/Rescue_Car_ws/build/rcl_interfaces': AMENT_PREFIX_PATH=/root/ros_ws/src/Rescue_Car_ws/install/builtin_interfaces:${AMENT_PREFIX_PATH} CMAKE_PREFIX_PATH=/root/ros_ws/src/Rescue_Car_ws/install/builtin_interfaces:/opt/ros/humble LD_LIBRARY_PATH=/root/ros_ws/src/Rescue_Car_ws/install/builtin_interfaces/lib:${LD_LIBRARY_PATH} PYTHONPATH=/root/ros_ws/src/Rescue_Car_ws/install/builtin_interfaces/local/lib/python3.10/dist-packages:${PYTHONPATH} /usr/bin/cmake --install /root/ros_ws/src/Rescue_Car_ws/build/rcl_interfaces
[28.887s] Level 1:colcon.colcon_core.environment:create_environment_scripts_only(rcl_interfaces)
[28.887s] Level 1:colcon.colcon_core.environment:checking '/root/ros_ws/src/Rescue_Car_ws/install/rcl_interfaces' for CMake module files
[28.895s] Level 1:colcon.colcon_core.environment:checking '/root/ros_ws/src/Rescue_Car_ws/install/rcl_interfaces' for CMake config files
[28.896s] Level 1:colcon.colcon_core.shell:create_environment_hook('rcl_interfaces', 'cmake_prefix_path')
[28.896s] INFO:colcon.colcon_core.shell:Creating environment hook '/root/ros_ws/src/Rescue_Car_ws/install/rcl_interfaces/share/rcl_interfaces/hook/cmake_prefix_path.ps1'
[28.897s] INFO:colcon.colcon_core.shell:Creating environment descriptor '/root/ros_ws/src/Rescue_Car_ws/install/rcl_interfaces/share/rcl_interfaces/hook/cmake_prefix_path.dsv'
[28.898s] INFO:colcon.colcon_core.shell:Creating environment hook '/root/ros_ws/src/Rescue_Car_ws/install/rcl_interfaces/share/rcl_interfaces/hook/cmake_prefix_path.sh'
[28.904s] Level 1:colcon.colcon_core.environment:checking '/root/ros_ws/src/Rescue_Car_ws/install/rcl_interfaces/lib'
[28.904s] Level 1:colcon.colcon_core.shell:create_environment_hook('rcl_interfaces', 'ld_library_path_lib')
[28.904s] INFO:colcon.colcon_core.shell:Creating environment hook '/root/ros_ws/src/Rescue_Car_ws/install/rcl_interfaces/share/rcl_interfaces/hook/ld_library_path_lib.ps1'
[28.905s] INFO:colcon.colcon_core.shell:Creating environment descriptor '/root/ros_ws/src/Rescue_Car_ws/install/rcl_interfaces/share/rcl_interfaces/hook/ld_library_path_lib.dsv'
[28.905s] INFO:colcon.colcon_core.shell:Creating environment hook '/root/ros_ws/src/Rescue_Car_ws/install/rcl_interfaces/share/rcl_interfaces/hook/ld_library_path_lib.sh'
[28.906s] Level 1:colcon.colcon_core.environment:checking '/root/ros_ws/src/Rescue_Car_ws/install/rcl_interfaces/bin'
[28.906s] Level 1:colcon.colcon_core.environment:checking '/root/ros_ws/src/Rescue_Car_ws/install/rcl_interfaces/lib/pkgconfig/rcl_interfaces.pc'
[28.906s] Level 1:colcon.colcon_core.environment:checking '/root/ros_ws/src/Rescue_Car_ws/install/rcl_interfaces/lib/python3.10/site-packages'
[28.906s] Level 1:colcon.colcon_core.environment:checking '/root/ros_ws/src/Rescue_Car_ws/install/rcl_interfaces/bin'
[28.907s] INFO:colcon.colcon_core.shell:Creating package script '/root/ros_ws/src/Rescue_Car_ws/install/rcl_interfaces/share/rcl_interfaces/package.ps1'
[28.911s] DEBUG:colcon.colcon_core.event_handler.log_command:Invoked command in '/root/ros_ws/src/Rescue_Car_ws/build/rcl_interfaces' returned '0': AMENT_PREFIX_PATH=/root/ros_ws/src/Rescue_Car_ws/install/builtin_interfaces:${AMENT_PREFIX_PATH} CMAKE_PREFIX_PATH=/root/ros_ws/src/Rescue_Car_ws/install/builtin_interfaces:/opt/ros/humble LD_LIBRARY_PATH=/root/ros_ws/src/Rescue_Car_ws/install/builtin_interfaces/lib:${LD_LIBRARY_PATH} PYTHONPATH=/root/ros_ws/src/Rescue_Car_ws/install/builtin_interfaces/local/lib/python3.10/dist-packages:${PYTHONPATH} /usr/bin/cmake --install /root/ros_ws/src/Rescue_Car_ws/build/rcl_interfaces
[28.912s] INFO:colcon.colcon_core.shell:Creating package descriptor '/root/ros_ws/src/Rescue_Car_ws/install/rcl_interfaces/share/rcl_interfaces/package.dsv'
[28.912s] INFO:colcon.colcon_core.shell:Creating package script '/root/ros_ws/src/Rescue_Car_ws/install/rcl_interfaces/share/rcl_interfaces/package.sh'
[28.913s] INFO:colcon.colcon_core.shell:Creating package script '/root/ros_ws/src/Rescue_Car_ws/install/rcl_interfaces/share/rcl_interfaces/package.bash'
[28.913s] INFO:colcon.colcon_core.shell:Creating package script '/root/ros_ws/src/Rescue_Car_ws/install/rcl_interfaces/share/rcl_interfaces/package.zsh'
[28.914s] Level 1:colcon.colcon_core.environment:create_file_with_runtime_dependencies(/root/ros_ws/src/Rescue_Car_ws/install/rcl_interfaces/share/colcon-core/packages/rcl_interfaces)
[28.915s] Level 1:colcon.colcon_core.environment:create_environment_scripts_only(rcl_interfaces)
[28.915s] Level 1:colcon.colcon_core.environment:checking '/root/ros_ws/src/Rescue_Car_ws/install/rcl_interfaces' for CMake module files
[28.916s] Level 1:colcon.colcon_core.environment:checking '/root/ros_ws/src/Rescue_Car_ws/install/rcl_interfaces' for CMake config files
[28.917s] Level 1:colcon.colcon_core.shell:create_environment_hook('rcl_interfaces', 'cmake_prefix_path')
[28.917s] INFO:colcon.colcon_core.shell:Creating environment hook '/root/ros_ws/src/Rescue_Car_ws/install/rcl_interfaces/share/rcl_interfaces/hook/cmake_prefix_path.ps1'
[28.917s] INFO:colcon.colcon_core.shell:Creating environment descriptor '/root/ros_ws/src/Rescue_Car_ws/install/rcl_interfaces/share/rcl_interfaces/hook/cmake_prefix_path.dsv'
[28.918s] INFO:colcon.colcon_core.shell:Creating environment hook '/root/ros_ws/src/Rescue_Car_ws/install/rcl_interfaces/share/rcl_interfaces/hook/cmake_prefix_path.sh'
[28.923s] Level 1:colcon.colcon_core.environment:checking '/root/ros_ws/src/Rescue_Car_ws/install/rcl_interfaces/lib'
[28.923s] Level 1:colcon.colcon_core.shell:create_environment_hook('rcl_interfaces', 'ld_library_path_lib')
[28.923s] INFO:colcon.colcon_core.shell:Creating environment hook '/root/ros_ws/src/Rescue_Car_ws/install/rcl_interfaces/share/rcl_interfaces/hook/ld_library_path_lib.ps1'
[28.924s] INFO:colcon.colcon_core.shell:Creating environment descriptor '/root/ros_ws/src/Rescue_Car_ws/install/rcl_interfaces/share/rcl_interfaces/hook/ld_library_path_lib.dsv'
[28.924s] INFO:colcon.colcon_core.shell:Creating environment hook '/root/ros_ws/src/Rescue_Car_ws/install/rcl_interfaces/share/rcl_interfaces/hook/ld_library_path_lib.sh'
[28.925s] Level 1:colcon.colcon_core.environment:checking '/root/ros_ws/src/Rescue_Car_ws/install/rcl_interfaces/bin'
[28.925s] Level 1:colcon.colcon_core.environment:checking '/root/ros_ws/src/Rescue_Car_ws/install/rcl_interfaces/lib/pkgconfig/rcl_interfaces.pc'
[28.925s] Level 1:colcon.colcon_core.environment:checking '/root/ros_ws/src/Rescue_Car_ws/install/rcl_interfaces/lib/python3.10/site-packages'
[28.925s] Level 1:colcon.colcon_core.environment:checking '/root/ros_ws/src/Rescue_Car_ws/install/rcl_interfaces/bin'
[28.926s] INFO:colcon.colcon_core.shell:Creating package script '/root/ros_ws/src/Rescue_Car_ws/install/rcl_interfaces/share/rcl_interfaces/package.ps1'
[28.931s] INFO:colcon.colcon_core.shell:Creating package descriptor '/root/ros_ws/src/Rescue_Car_ws/install/rcl_interfaces/share/rcl_interfaces/package.dsv'
[28.932s] INFO:colcon.colcon_core.shell:Creating package script '/root/ros_ws/src/Rescue_Car_ws/install/rcl_interfaces/share/rcl_interfaces/package.sh'
[28.932s] INFO:colcon.colcon_core.shell:Creating package script '/root/ros_ws/src/Rescue_Car_ws/install/rcl_interfaces/share/rcl_interfaces/package.bash'
[28.933s] INFO:colcon.colcon_core.shell:Creating package script '/root/ros_ws/src/Rescue_Car_ws/install/rcl_interfaces/share/rcl_interfaces/package.zsh'
[28.933s] Level 1:colcon.colcon_core.environment:create_file_with_runtime_dependencies(/root/ros_ws/src/Rescue_Car_ws/install/rcl_interfaces/share/colcon-core/packages/rcl_interfaces)
[28.934s] INFO:colcon.colcon_ros.task.ament_cmake.build:Building ROS package in '/root/ros_ws/src/Rescue_Car_ws/src/microros/src/ros2/rcl_interfaces/composition_interfaces' with build type 'ament_cmake'
[28.939s] INFO:colcon.colcon_cmake.task.cmake.build:Building CMake package in '/root/ros_ws/src/Rescue_Car_ws/src/microros/src/ros2/rcl_interfaces/composition_interfaces'
[28.939s] INFO:colcon.colcon_core.shell:Skip shell extension 'powershell' for command environment: Not usable outside of PowerShell
[28.939s] DEBUG:colcon.colcon_core.shell:Skip shell extension 'dsv' for command environment
[29.095s] DEBUG:colcon.colcon_core.event_handler.log_command:Invoked command in '/root/ros_ws/src/Rescue_Car_ws/build/example_interfaces' returned '0': AMENT_PREFIX_PATH=/root/ros_ws/src/Rescue_Car_ws/install/action_msgs:/root/ros_ws/src/Rescue_Car_ws/install/unique_identifier_msgs:/root/ros_ws/src/Rescue_Car_ws/install/builtin_interfaces:${AMENT_PREFIX_PATH} CMAKE_PREFIX_PATH=/root/ros_ws/src/Rescue_Car_ws/install/action_msgs:/root/ros_ws/src/Rescue_Car_ws/install/unique_identifier_msgs:/root/ros_ws/src/Rescue_Car_ws/install/builtin_interfaces:/opt/ros/humble LD_LIBRARY_PATH=/root/ros_ws/src/Rescue_Car_ws/install/action_msgs/lib:/root/ros_ws/src/Rescue_Car_ws/install/unique_identifier_msgs/lib:/root/ros_ws/src/Rescue_Car_ws/install/builtin_interfaces/lib:${LD_LIBRARY_PATH} PYTHONPATH=/root/ros_ws/src/Rescue_Car_ws/install/action_msgs/local/lib/python3.10/dist-packages:/root/ros_ws/src/Rescue_Car_ws/install/unique_identifier_msgs/local/lib/python3.10/dist-packages:/root/ros_ws/src/Rescue_Car_ws/install/builtin_interfaces/local/lib/python3.10/dist-packages:${PYTHONPATH} /usr/bin/cmake /root/ros_ws/src/Rescue_Car_ws/src/microros/src/ros2/example_interfaces -DCMAKE_INSTALL_PREFIX=/root/ros_ws/src/Rescue_Car_ws/install/example_interfaces
[29.096s] DEBUG:colcon.colcon_core.event_handler.log_command:Invoking command in '/root/ros_ws/src/Rescue_Car_ws/build/example_interfaces': AMENT_PREFIX_PATH=/root/ros_ws/src/Rescue_Car_ws/install/action_msgs:/root/ros_ws/src/Rescue_Car_ws/install/unique_identifier_msgs:/root/ros_ws/src/Rescue_Car_ws/install/builtin_interfaces:${AMENT_PREFIX_PATH} CMAKE_PREFIX_PATH=/root/ros_ws/src/Rescue_Car_ws/install/action_msgs:/root/ros_ws/src/Rescue_Car_ws/install/unique_identifier_msgs:/root/ros_ws/src/Rescue_Car_ws/install/builtin_interfaces:/opt/ros/humble LD_LIBRARY_PATH=/root/ros_ws/src/Rescue_Car_ws/install/action_msgs/lib:/root/ros_ws/src/Rescue_Car_ws/install/unique_identifier_msgs/lib:/root/ros_ws/src/Rescue_Car_ws/install/builtin_interfaces/lib:${LD_LIBRARY_PATH} PYTHONPATH=/root/ros_ws/src/Rescue_Car_ws/install/action_msgs/local/lib/python3.10/dist-packages:/root/ros_ws/src/Rescue_Car_ws/install/unique_identifier_msgs/local/lib/python3.10/dist-packages:/root/ros_ws/src/Rescue_Car_ws/install/builtin_interfaces/local/lib/python3.10/dist-packages:${PYTHONPATH} /usr/bin/cmake --build /root/ros_ws/src/Rescue_Car_ws/build/example_interfaces -- -j20 -l20
[29.248s] DEBUG:colcon.colcon_core.event_handler.log_command:Invoking command in '/root/ros_ws/src/Rescue_Car_ws/build/composition_interfaces': AMENT_PREFIX_PATH=/root/ros_ws/src/Rescue_Car_ws/install/rcl_interfaces:/root/ros_ws/src/Rescue_Car_ws/install/builtin_interfaces:${AMENT_PREFIX_PATH} CMAKE_PREFIX_PATH=/root/ros_ws/src/Rescue_Car_ws/install/rcl_interfaces:/root/ros_ws/src/Rescue_Car_ws/install/builtin_interfaces:/opt/ros/humble LD_LIBRARY_PATH=/root/ros_ws/src/Rescue_Car_ws/install/rcl_interfaces/lib:/root/ros_ws/src/Rescue_Car_ws/install/builtin_interfaces/lib:${LD_LIBRARY_PATH} PYTHONPATH=/root/ros_ws/src/Rescue_Car_ws/install/rcl_interfaces/local/lib/python3.10/dist-packages:/root/ros_ws/src/Rescue_Car_ws/install/builtin_interfaces/local/lib/python3.10/dist-packages:${PYTHONPATH} /usr/bin/cmake /root/ros_ws/src/Rescue_Car_ws/src/microros/src/ros2/rcl_interfaces/composition_interfaces -DCMAKE_INSTALL_PREFIX=/root/ros_ws/src/Rescue_Car_ws/install/composition_interfaces
[29.264s] DEBUG:colcon.colcon_core.event_handler.log_command:Invoked command in '/root/ros_ws/src/Rescue_Car_ws/build/rosidl_typesupport_microxrcedds_test_msg' returned '0': AMENT_PREFIX_PATH=/root/ros_ws/src/Rescue_Car_ws/install/rmw_microxrcedds:/root/ros_ws/src/Rescue_Car_ws/install/rosidl_typesupport_microxrcedds_cpp:/root/ros_ws/src/Rescue_Car_ws/install/rosidl_typesupport_microxrcedds_c:/root/ros_ws/src/Rescue_Car_ws/install/micro_ros_msgs:/root/ros_ws/src/Rescue_Car_ws/install/builtin_interfaces:${AMENT_PREFIX_PATH} CMAKE_PREFIX_PATH=/root/ros_ws/src/Rescue_Car_ws/install/rmw_microxrcedds:/root/ros_ws/src/Rescue_Car_ws/install/rosidl_typesupport_microxrcedds_cpp:/root/ros_ws/src/Rescue_Car_ws/install/rosidl_typesupport_microxrcedds_c:/root/ros_ws/src/Rescue_Car_ws/install/microxrcedds_client:/root/ros_ws/src/Rescue_Car_ws/install/microcdr:/root/ros_ws/src/Rescue_Car_ws/install/micro_ros_msgs:/root/ros_ws/src/Rescue_Car_ws/install/builtin_interfaces:/opt/ros/humble LD_LIBRARY_PATH=/root/ros_ws/src/Rescue_Car_ws/install/rmw_microxrcedds/lib:/root/ros_ws/src/Rescue_Car_ws/install/rosidl_typesupport_microxrcedds_cpp/lib:/root/ros_ws/src/Rescue_Car_ws/install/rosidl_typesupport_microxrcedds_c/lib:/root/ros_ws/src/Rescue_Car_ws/install/micro_ros_msgs/lib:/root/ros_ws/src/Rescue_Car_ws/install/builtin_interfaces/lib:${LD_LIBRARY_PATH} PYTHONPATH=/root/ros_ws/src/Rescue_Car_ws/install/rosidl_typesupport_microxrcedds_cpp/local/lib/python3.10/dist-packages:/root/ros_ws/src/Rescue_Car_ws/install/rosidl_typesupport_microxrcedds_c/local/lib/python3.10/dist-packages:/root/ros_ws/src/Rescue_Car_ws/install/micro_ros_msgs/local/lib/python3.10/dist-packages:/root/ros_ws/src/Rescue_Car_ws/install/builtin_interfaces/local/lib/python3.10/dist-packages:${PYTHONPATH} /usr/bin/cmake /root/ros_ws/src/Rescue_Car_ws/src/microros/src/uros/rosidl_typesupport_microxrcedds/test/msg -DCMAKE_INSTALL_PREFIX=/root/ros_ws/src/Rescue_Car_ws/install/rosidl_typesupport_microxrcedds_test_msg
[29.266s] DEBUG:colcon.colcon_core.event_handler.log_command:Invoking command in '/root/ros_ws/src/Rescue_Car_ws/build/rosidl_typesupport_microxrcedds_test_msg': AMENT_PREFIX_PATH=/root/ros_ws/src/Rescue_Car_ws/install/rmw_microxrcedds:/root/ros_ws/src/Rescue_Car_ws/install/rosidl_typesupport_microxrcedds_cpp:/root/ros_ws/src/Rescue_Car_ws/install/rosidl_typesupport_microxrcedds_c:/root/ros_ws/src/Rescue_Car_ws/install/micro_ros_msgs:/root/ros_ws/src/Rescue_Car_ws/install/builtin_interfaces:${AMENT_PREFIX_PATH} CMAKE_PREFIX_PATH=/root/ros_ws/src/Rescue_Car_ws/install/rmw_microxrcedds:/root/ros_ws/src/Rescue_Car_ws/install/rosidl_typesupport_microxrcedds_cpp:/root/ros_ws/src/Rescue_Car_ws/install/rosidl_typesupport_microxrcedds_c:/root/ros_ws/src/Rescue_Car_ws/install/microxrcedds_client:/root/ros_ws/src/Rescue_Car_ws/install/microcdr:/root/ros_ws/src/Rescue_Car_ws/install/micro_ros_msgs:/root/ros_ws/src/Rescue_Car_ws/install/builtin_interfaces:/opt/ros/humble LD_LIBRARY_PATH=/root/ros_ws/src/Rescue_Car_ws/install/rmw_microxrcedds/lib:/root/ros_ws/src/Rescue_Car_ws/install/rosidl_typesupport_microxrcedds_cpp/lib:/root/ros_ws/src/Rescue_Car_ws/install/rosidl_typesupport_microxrcedds_c/lib:/root/ros_ws/src/Rescue_Car_ws/install/micro_ros_msgs/lib:/root/ros_ws/src/Rescue_Car_ws/install/builtin_interfaces/lib:${LD_LIBRARY_PATH} PYTHONPATH=/root/ros_ws/src/Rescue_Car_ws/install/rosidl_typesupport_microxrcedds_cpp/local/lib/python3.10/dist-packages:/root/ros_ws/src/Rescue_Car_ws/install/rosidl_typesupport_microxrcedds_c/local/lib/python3.10/dist-packages:/root/ros_ws/src/Rescue_Car_ws/install/micro_ros_msgs/local/lib/python3.10/dist-packages:/root/ros_ws/src/Rescue_Car_ws/install/builtin_interfaces/local/lib/python3.10/dist-packages:${PYTHONPATH} /usr/bin/cmake --build /root/ros_ws/src/Rescue_Car_ws/build/rosidl_typesupport_microxrcedds_test_msg -- -j20 -l20
[29.549s] DEBUG:colcon.colcon_core.event_handler.log_command:Invoked command in '/root/ros_ws/src/Rescue_Car_ws/build/test_msgs' returned '0': AMENT_PREFIX_PATH=/root/ros_ws/src/Rescue_Car_ws/install/action_msgs:/root/ros_ws/src/Rescue_Car_ws/install/unique_identifier_msgs:/root/ros_ws/src/Rescue_Car_ws/install/builtin_interfaces:${AMENT_PREFIX_PATH} CMAKE_PREFIX_PATH=/root/ros_ws/src/Rescue_Car_ws/install/action_msgs:/root/ros_ws/src/Rescue_Car_ws/install/unique_identifier_msgs:/root/ros_ws/src/Rescue_Car_ws/install/builtin_interfaces:/opt/ros/humble LD_LIBRARY_PATH=/root/ros_ws/src/Rescue_Car_ws/install/action_msgs/lib:/root/ros_ws/src/Rescue_Car_ws/install/unique_identifier_msgs/lib:/root/ros_ws/src/Rescue_Car_ws/install/builtin_interfaces/lib:${LD_LIBRARY_PATH} PYTHONPATH=/root/ros_ws/src/Rescue_Car_ws/install/action_msgs/local/lib/python3.10/dist-packages:/root/ros_ws/src/Rescue_Car_ws/install/unique_identifier_msgs/local/lib/python3.10/dist-packages:/root/ros_ws/src/Rescue_Car_ws/install/builtin_interfaces/local/lib/python3.10/dist-packages:${PYTHONPATH} /usr/bin/cmake /root/ros_ws/src/Rescue_Car_ws/src/microros/src/ros2/rcl_interfaces/test_msgs -DCMAKE_INSTALL_PREFIX=/root/ros_ws/src/Rescue_Car_ws/install/test_msgs
[29.551s] DEBUG:colcon.colcon_core.event_handler.log_command:Invoking command in '/root/ros_ws/src/Rescue_Car_ws/build/test_msgs': AMENT_PREFIX_PATH=/root/ros_ws/src/Rescue_Car_ws/install/action_msgs:/root/ros_ws/src/Rescue_Car_ws/install/unique_identifier_msgs:/root/ros_ws/src/Rescue_Car_ws/install/builtin_interfaces:${AMENT_PREFIX_PATH} CMAKE_PREFIX_PATH=/root/ros_ws/src/Rescue_Car_ws/install/action_msgs:/root/ros_ws/src/Rescue_Car_ws/install/unique_identifier_msgs:/root/ros_ws/src/Rescue_Car_ws/install/builtin_interfaces:/opt/ros/humble LD_LIBRARY_PATH=/root/ros_ws/src/Rescue_Car_ws/install/action_msgs/lib:/root/ros_ws/src/Rescue_Car_ws/install/unique_identifier_msgs/lib:/root/ros_ws/src/Rescue_Car_ws/install/builtin_interfaces/lib:${LD_LIBRARY_PATH} PYTHONPATH=/root/ros_ws/src/Rescue_Car_ws/install/action_msgs/local/lib/python3.10/dist-packages:/root/ros_ws/src/Rescue_Car_ws/install/unique_identifier_msgs/local/lib/python3.10/dist-packages:/root/ros_ws/src/Rescue_Car_ws/install/builtin_interfaces/local/lib/python3.10/dist-packages:${PYTHONPATH} /usr/bin/cmake --build /root/ros_ws/src/Rescue_Car_ws/build/test_msgs -- -j20 -l20
[29.734s] DEBUG:colcon.colcon_core.event_handler.log_command:Invoked command in '/root/ros_ws/src/Rescue_Car_ws/build/std_msgs' returned '0': AMENT_PREFIX_PATH=/root/ros_ws/src/Rescue_Car_ws/install/builtin_interfaces:${AMENT_PREFIX_PATH} CMAKE_PREFIX_PATH=/root/ros_ws/src/Rescue_Car_ws/install/builtin_interfaces:/opt/ros/humble LD_LIBRARY_PATH=/root/ros_ws/src/Rescue_Car_ws/install/builtin_interfaces/lib:${LD_LIBRARY_PATH} PYTHONPATH=/root/ros_ws/src/Rescue_Car_ws/install/builtin_interfaces/local/lib/python3.10/dist-packages:${PYTHONPATH} /usr/bin/cmake --build /root/ros_ws/src/Rescue_Car_ws/build/std_msgs -- -j20 -l20
[29.735s] DEBUG:colcon.colcon_core.event_handler.log_command:Invoking command in '/root/ros_ws/src/Rescue_Car_ws/build/std_msgs': AMENT_PREFIX_PATH=/root/ros_ws/src/Rescue_Car_ws/install/builtin_interfaces:${AMENT_PREFIX_PATH} CMAKE_PREFIX_PATH=/root/ros_ws/src/Rescue_Car_ws/install/builtin_interfaces:/opt/ros/humble LD_LIBRARY_PATH=/root/ros_ws/src/Rescue_Car_ws/install/builtin_interfaces/lib:${LD_LIBRARY_PATH} PYTHONPATH=/root/ros_ws/src/Rescue_Car_ws/install/builtin_interfaces/local/lib/python3.10/dist-packages:${PYTHONPATH} /usr/bin/cmake --install /root/ros_ws/src/Rescue_Car_ws/build/std_msgs
[30.263s] Level 1:colcon.colcon_core.environment:create_environment_scripts_only(std_msgs)
[30.263s] DEBUG:colcon.colcon_core.event_handler.log_command:Invoked command in '/root/ros_ws/src/Rescue_Car_ws/build/std_msgs' returned '0': AMENT_PREFIX_PATH=/root/ros_ws/src/Rescue_Car_ws/install/builtin_interfaces:${AMENT_PREFIX_PATH} CMAKE_PREFIX_PATH=/root/ros_ws/src/Rescue_Car_ws/install/builtin_interfaces:/opt/ros/humble LD_LIBRARY_PATH=/root/ros_ws/src/Rescue_Car_ws/install/builtin_interfaces/lib:${LD_LIBRARY_PATH} PYTHONPATH=/root/ros_ws/src/Rescue_Car_ws/install/builtin_interfaces/local/lib/python3.10/dist-packages:${PYTHONPATH} /usr/bin/cmake --install /root/ros_ws/src/Rescue_Car_ws/build/std_msgs
[30.264s] Level 1:colcon.colcon_core.environment:checking '/root/ros_ws/src/Rescue_Car_ws/install/std_msgs' for CMake module files
[30.264s] Level 1:colcon.colcon_core.environment:checking '/root/ros_ws/src/Rescue_Car_ws/install/std_msgs' for CMake config files
[30.265s] Level 1:colcon.colcon_core.shell:create_environment_hook('std_msgs', 'cmake_prefix_path')
[30.266s] INFO:colcon.colcon_core.shell:Creating environment hook '/root/ros_ws/src/Rescue_Car_ws/install/std_msgs/share/std_msgs/hook/cmake_prefix_path.ps1'
[30.271s] INFO:colcon.colcon_core.shell:Creating environment descriptor '/root/ros_ws/src/Rescue_Car_ws/install/std_msgs/share/std_msgs/hook/cmake_prefix_path.dsv'
[30.272s] INFO:colcon.colcon_core.shell:Creating environment hook '/root/ros_ws/src/Rescue_Car_ws/install/std_msgs/share/std_msgs/hook/cmake_prefix_path.sh'
[30.272s] Level 1:colcon.colcon_core.environment:checking '/root/ros_ws/src/Rescue_Car_ws/install/std_msgs/lib'
[30.272s] Level 1:colcon.colcon_core.shell:create_environment_hook('std_msgs', 'ld_library_path_lib')
[30.273s] INFO:colcon.colcon_core.shell:Creating environment hook '/root/ros_ws/src/Rescue_Car_ws/install/std_msgs/share/std_msgs/hook/ld_library_path_lib.ps1'
[30.273s] INFO:colcon.colcon_core.shell:Creating environment descriptor '/root/ros_ws/src/Rescue_Car_ws/install/std_msgs/share/std_msgs/hook/ld_library_path_lib.dsv'
[30.274s] INFO:colcon.colcon_core.shell:Creating environment hook '/root/ros_ws/src/Rescue_Car_ws/install/std_msgs/share/std_msgs/hook/ld_library_path_lib.sh'
[30.274s] Level 1:colcon.colcon_core.environment:checking '/root/ros_ws/src/Rescue_Car_ws/install/std_msgs/bin'
[30.274s] Level 1:colcon.colcon_core.environment:checking '/root/ros_ws/src/Rescue_Car_ws/install/std_msgs/lib/pkgconfig/std_msgs.pc'
[30.279s] Level 1:colcon.colcon_core.environment:checking '/root/ros_ws/src/Rescue_Car_ws/install/std_msgs/lib/python3.10/site-packages'
[30.280s] Level 1:colcon.colcon_core.environment:checking '/root/ros_ws/src/Rescue_Car_ws/install/std_msgs/bin'
[30.280s] INFO:colcon.colcon_core.shell:Creating package script '/root/ros_ws/src/Rescue_Car_ws/install/std_msgs/share/std_msgs/package.ps1'
[30.281s] INFO:colcon.colcon_core.shell:Creating package descriptor '/root/ros_ws/src/Rescue_Car_ws/install/std_msgs/share/std_msgs/package.dsv'
[30.282s] INFO:colcon.colcon_core.shell:Creating package script '/root/ros_ws/src/Rescue_Car_ws/install/std_msgs/share/std_msgs/package.sh'
[30.287s] INFO:colcon.colcon_core.shell:Creating package script '/root/ros_ws/src/Rescue_Car_ws/install/std_msgs/share/std_msgs/package.bash'
[30.287s] INFO:colcon.colcon_core.shell:Creating package script '/root/ros_ws/src/Rescue_Car_ws/install/std_msgs/share/std_msgs/package.zsh'
[30.288s] Level 1:colcon.colcon_core.environment:create_file_with_runtime_dependencies(/root/ros_ws/src/Rescue_Car_ws/install/std_msgs/share/colcon-core/packages/std_msgs)
[30.289s] Level 1:colcon.colcon_core.environment:create_environment_scripts_only(std_msgs)
[30.290s] Level 1:colcon.colcon_core.environment:checking '/root/ros_ws/src/Rescue_Car_ws/install/std_msgs' for CMake module files
[30.295s] Level 1:colcon.colcon_core.environment:checking '/root/ros_ws/src/Rescue_Car_ws/install/std_msgs' for CMake config files
[30.296s] Level 1:colcon.colcon_core.shell:create_environment_hook('std_msgs', 'cmake_prefix_path')
[30.297s] INFO:colcon.colcon_core.shell:Creating environment hook '/root/ros_ws/src/Rescue_Car_ws/install/std_msgs/share/std_msgs/hook/cmake_prefix_path.ps1'
[30.297s] INFO:colcon.colcon_core.shell:Creating environment descriptor '/root/ros_ws/src/Rescue_Car_ws/install/std_msgs/share/std_msgs/hook/cmake_prefix_path.dsv'
[30.298s] INFO:colcon.colcon_core.shell:Creating environment hook '/root/ros_ws/src/Rescue_Car_ws/install/std_msgs/share/std_msgs/hook/cmake_prefix_path.sh'
[30.303s] Level 1:colcon.colcon_core.environment:checking '/root/ros_ws/src/Rescue_Car_ws/install/std_msgs/lib'
[30.303s] Level 1:colcon.colcon_core.shell:create_environment_hook('std_msgs', 'ld_library_path_lib')
[30.303s] INFO:colcon.colcon_core.shell:Creating environment hook '/root/ros_ws/src/Rescue_Car_ws/install/std_msgs/share/std_msgs/hook/ld_library_path_lib.ps1'
[30.304s] INFO:colcon.colcon_core.shell:Creating environment descriptor '/root/ros_ws/src/Rescue_Car_ws/install/std_msgs/share/std_msgs/hook/ld_library_path_lib.dsv'
[30.304s] INFO:colcon.colcon_core.shell:Creating environment hook '/root/ros_ws/src/Rescue_Car_ws/install/std_msgs/share/std_msgs/hook/ld_library_path_lib.sh'
[30.305s] Level 1:colcon.colcon_core.environment:checking '/root/ros_ws/src/Rescue_Car_ws/install/std_msgs/bin'
[30.305s] Level 1:colcon.colcon_core.environment:checking '/root/ros_ws/src/Rescue_Car_ws/install/std_msgs/lib/pkgconfig/std_msgs.pc'
[30.306s] Level 1:colcon.colcon_core.environment:checking '/root/ros_ws/src/Rescue_Car_ws/install/std_msgs/lib/python3.10/site-packages'
[30.306s] Level 1:colcon.colcon_core.environment:checking '/root/ros_ws/src/Rescue_Car_ws/install/std_msgs/bin'
[30.311s] INFO:colcon.colcon_core.shell:Creating package script '/root/ros_ws/src/Rescue_Car_ws/install/std_msgs/share/std_msgs/package.ps1'
[30.312s] INFO:colcon.colcon_core.shell:Creating package descriptor '/root/ros_ws/src/Rescue_Car_ws/install/std_msgs/share/std_msgs/package.dsv'
[30.313s] INFO:colcon.colcon_core.shell:Creating package script '/root/ros_ws/src/Rescue_Car_ws/install/std_msgs/share/std_msgs/package.sh'
[30.313s] INFO:colcon.colcon_core.shell:Creating package script '/root/ros_ws/src/Rescue_Car_ws/install/std_msgs/share/std_msgs/package.bash'
[30.314s] INFO:colcon.colcon_core.shell:Creating package script '/root/ros_ws/src/Rescue_Car_ws/install/std_msgs/share/std_msgs/package.zsh'
[30.314s] Level 1:colcon.colcon_core.environment:create_file_with_runtime_dependencies(/root/ros_ws/src/Rescue_Car_ws/install/std_msgs/share/colcon-core/packages/std_msgs)
[30.320s] INFO:colcon.colcon_ros.task.ament_cmake.build:Building ROS package in '/root/ros_ws/src/Rescue_Car_ws/src/microros/src/ros2/common_interfaces/geometry_msgs' with build type 'ament_cmake'
[30.320s] INFO:colcon.colcon_cmake.task.cmake.build:Building CMake package in '/root/ros_ws/src/Rescue_Car_ws/src/microros/src/ros2/common_interfaces/geometry_msgs'
[30.320s] INFO:colcon.colcon_core.shell:Skip shell extension 'powershell' for command environment: Not usable outside of PowerShell
[30.320s] DEBUG:colcon.colcon_core.shell:Skip shell extension 'dsv' for command environment
[30.343s] INFO:colcon.colcon_ros.task.ament_cmake.build:Building ROS package in '/root/ros_ws/src/Rescue_Car_ws/src/microros/src/ros2/common_interfaces/actionlib_msgs' with build type 'ament_cmake'
[30.344s] INFO:colcon.colcon_cmake.task.cmake.build:Building CMake package in '/root/ros_ws/src/Rescue_Car_ws/src/microros/src/ros2/common_interfaces/actionlib_msgs'
[30.344s] INFO:colcon.colcon_core.shell:Skip shell extension 'powershell' for command environment: Not usable outside of PowerShell
[30.344s] DEBUG:colcon.colcon_core.shell:Skip shell extension 'dsv' for command environment
[32.125s] DEBUG:colcon.colcon_core.event_handler.log_command:Invoking command in '/root/ros_ws/src/Rescue_Car_ws/build/geometry_msgs': AMENT_PREFIX_PATH=/root/ros_ws/src/Rescue_Car_ws/install/std_msgs:/root/ros_ws/src/Rescue_Car_ws/install/builtin_interfaces:${AMENT_PREFIX_PATH} CMAKE_PREFIX_PATH=/root/ros_ws/src/Rescue_Car_ws/install/std_msgs:/root/ros_ws/src/Rescue_Car_ws/install/builtin_interfaces:/opt/ros/humble LD_LIBRARY_PATH=/root/ros_ws/src/Rescue_Car_ws/install/std_msgs/lib:/root/ros_ws/src/Rescue_Car_ws/install/builtin_interfaces/lib:${LD_LIBRARY_PATH} PYTHONPATH=/root/ros_ws/src/Rescue_Car_ws/install/std_msgs/local/lib/python3.10/dist-packages:/root/ros_ws/src/Rescue_Car_ws/install/builtin_interfaces/local/lib/python3.10/dist-packages:${PYTHONPATH} /usr/bin/cmake /root/ros_ws/src/Rescue_Car_ws/src/microros/src/ros2/common_interfaces/geometry_msgs -DCMAKE_INSTALL_PREFIX=/root/ros_ws/src/Rescue_Car_ws/install/geometry_msgs
[30.452s] DEBUG:colcon.colcon_core.event_handler.log_command:Invoking command in '/root/ros_ws/src/Rescue_Car_ws/build/actionlib_msgs': AMENT_PREFIX_PATH=/root/ros_ws/src/Rescue_Car_ws/install/std_msgs:/root/ros_ws/src/Rescue_Car_ws/install/builtin_interfaces:${AMENT_PREFIX_PATH} CMAKE_PREFIX_PATH=/root/ros_ws/src/Rescue_Car_ws/install/std_msgs:/root/ros_ws/src/Rescue_Car_ws/install/builtin_interfaces:/opt/ros/humble LD_LIBRARY_PATH=/root/ros_ws/src/Rescue_Car_ws/install/std_msgs/lib:/root/ros_ws/src/Rescue_Car_ws/install/builtin_interfaces/lib:${LD_LIBRARY_PATH} PYTHONPATH=/root/ros_ws/src/Rescue_Car_ws/install/std_msgs/local/lib/python3.10/dist-packages:/root/ros_ws/src/Rescue_Car_ws/install/builtin_interfaces/local/lib/python3.10/dist-packages:${PYTHONPATH} /usr/bin/cmake /root/ros_ws/src/Rescue_Car_ws/src/microros/src/ros2/common_interfaces/actionlib_msgs -DCMAKE_INSTALL_PREFIX=/root/ros_ws/src/Rescue_Car_ws/install/actionlib_msgs
[41.266s] DEBUG:colcon.colcon_core.event_handler.log_command:Invoked command in '/root/ros_ws/src/Rescue_Car_ws/build/rosidl_typesupport_microxrcedds_test_msg' returned '0': AMENT_PREFIX_PATH=/root/ros_ws/src/Rescue_Car_ws/install/rmw_microxrcedds:/root/ros_ws/src/Rescue_Car_ws/install/rosidl_typesupport_microxrcedds_cpp:/root/ros_ws/src/Rescue_Car_ws/install/rosidl_typesupport_microxrcedds_c:/root/ros_ws/src/Rescue_Car_ws/install/micro_ros_msgs:/root/ros_ws/src/Rescue_Car_ws/install/builtin_interfaces:${AMENT_PREFIX_PATH} CMAKE_PREFIX_PATH=/root/ros_ws/src/Rescue_Car_ws/install/rmw_microxrcedds:/root/ros_ws/src/Rescue_Car_ws/install/rosidl_typesupport_microxrcedds_cpp:/root/ros_ws/src/Rescue_Car_ws/install/rosidl_typesupport_microxrcedds_c:/root/ros_ws/src/Rescue_Car_ws/install/microxrcedds_client:/root/ros_ws/src/Rescue_Car_ws/install/microcdr:/root/ros_ws/src/Rescue_Car_ws/install/micro_ros_msgs:/root/ros_ws/src/Rescue_Car_ws/install/builtin_interfaces:/opt/ros/humble LD_LIBRARY_PATH=/root/ros_ws/src/Rescue_Car_ws/install/rmw_microxrcedds/lib:/root/ros_ws/src/Rescue_Car_ws/install/rosidl_typesupport_microxrcedds_cpp/lib:/root/ros_ws/src/Rescue_Car_ws/install/rosidl_typesupport_microxrcedds_c/lib:/root/ros_ws/src/Rescue_Car_ws/install/micro_ros_msgs/lib:/root/ros_ws/src/Rescue_Car_ws/install/builtin_interfaces/lib:${LD_LIBRARY_PATH} PYTHONPATH=/root/ros_ws/src/Rescue_Car_ws/install/rosidl_typesupport_microxrcedds_cpp/local/lib/python3.10/dist-packages:/root/ros_ws/src/Rescue_Car_ws/install/rosidl_typesupport_microxrcedds_c/local/lib/python3.10/dist-packages:/root/ros_ws/src/Rescue_Car_ws/install/micro_ros_msgs/local/lib/python3.10/dist-packages:/root/ros_ws/src/Rescue_Car_ws/install/builtin_interfaces/local/lib/python3.10/dist-packages:${PYTHONPATH} /usr/bin/cmake --build /root/ros_ws/src/Rescue_Car_ws/build/rosidl_typesupport_microxrcedds_test_msg -- -j20 -l20
[41.266s] DEBUG:colcon.colcon_core.event_handler.log_command:Invoking command in '/root/ros_ws/src/Rescue_Car_ws/build/rosidl_typesupport_microxrcedds_test_msg': AMENT_PREFIX_PATH=/root/ros_ws/src/Rescue_Car_ws/install/rmw_microxrcedds:/root/ros_ws/src/Rescue_Car_ws/install/rosidl_typesupport_microxrcedds_cpp:/root/ros_ws/src/Rescue_Car_ws/install/rosidl_typesupport_microxrcedds_c:/root/ros_ws/src/Rescue_Car_ws/install/micro_ros_msgs:/root/ros_ws/src/Rescue_Car_ws/install/builtin_interfaces:${AMENT_PREFIX_PATH} CMAKE_PREFIX_PATH=/root/ros_ws/src/Rescue_Car_ws/install/rmw_microxrcedds:/root/ros_ws/src/Rescue_Car_ws/install/rosidl_typesupport_microxrcedds_cpp:/root/ros_ws/src/Rescue_Car_ws/install/rosidl_typesupport_microxrcedds_c:/root/ros_ws/src/Rescue_Car_ws/install/microxrcedds_client:/root/ros_ws/src/Rescue_Car_ws/install/microcdr:/root/ros_ws/src/Rescue_Car_ws/install/micro_ros_msgs:/root/ros_ws/src/Rescue_Car_ws/install/builtin_interfaces:/opt/ros/humble LD_LIBRARY_PATH=/root/ros_ws/src/Rescue_Car_ws/install/rmw_microxrcedds/lib:/root/ros_ws/src/Rescue_Car_ws/install/rosidl_typesupport_microxrcedds_cpp/lib:/root/ros_ws/src/Rescue_Car_ws/install/rosidl_typesupport_microxrcedds_c/lib:/root/ros_ws/src/Rescue_Car_ws/install/micro_ros_msgs/lib:/root/ros_ws/src/Rescue_Car_ws/install/builtin_interfaces/lib:${LD_LIBRARY_PATH} PYTHONPATH=/root/ros_ws/src/Rescue_Car_ws/install/rosidl_typesupport_microxrcedds_cpp/local/lib/python3.10/dist-packages:/root/ros_ws/src/Rescue_Car_ws/install/rosidl_typesupport_microxrcedds_c/local/lib/python3.10/dist-packages:/root/ros_ws/src/Rescue_Car_ws/install/micro_ros_msgs/local/lib/python3.10/dist-packages:/root/ros_ws/src/Rescue_Car_ws/install/builtin_interfaces/local/lib/python3.10/dist-packages:${PYTHONPATH} /usr/bin/cmake --install /root/ros_ws/src/Rescue_Car_ws/build/rosidl_typesupport_microxrcedds_test_msg
[41.667s] Level 1:colcon.colcon_core.environment:create_environment_scripts_only(rosidl_typesupport_microxrcedds_test_msg)
[41.667s] Level 1:colcon.colcon_core.environment:checking '/root/ros_ws/src/Rescue_Car_ws/install/rosidl_typesupport_microxrcedds_test_msg' for CMake module files
[41.668s] Level 1:colcon.colcon_core.environment:checking '/root/ros_ws/src/Rescue_Car_ws/install/rosidl_typesupport_microxrcedds_test_msg' for CMake config files
[41.669s] Level 1:colcon.colcon_core.shell:create_environment_hook('rosidl_typesupport_microxrcedds_test_msg', 'cmake_prefix_path')
[41.669s] INFO:colcon.colcon_core.shell:Creating environment hook '/root/ros_ws/src/Rescue_Car_ws/install/rosidl_typesupport_microxrcedds_test_msg/share/rosidl_typesupport_microxrcedds_test_msg/hook/cmake_prefix_path.ps1'
[41.670s] INFO:colcon.colcon_core.shell:Creating environment descriptor '/root/ros_ws/src/Rescue_Car_ws/install/rosidl_typesupport_microxrcedds_test_msg/share/rosidl_typesupport_microxrcedds_test_msg/hook/cmake_prefix_path.dsv'
[41.670s] DEBUG:colcon.colcon_core.event_handler.log_command:Invoked command in '/root/ros_ws/src/Rescue_Car_ws/build/rosidl_typesupport_microxrcedds_test_msg' returned '0': AMENT_PREFIX_PATH=/root/ros_ws/src/Rescue_Car_ws/install/rmw_microxrcedds:/root/ros_ws/src/Rescue_Car_ws/install/rosidl_typesupport_microxrcedds_cpp:/root/ros_ws/src/Rescue_Car_ws/install/rosidl_typesupport_microxrcedds_c:/root/ros_ws/src/Rescue_Car_ws/install/micro_ros_msgs:/root/ros_ws/src/Rescue_Car_ws/install/builtin_interfaces:${AMENT_PREFIX_PATH} CMAKE_PREFIX_PATH=/root/ros_ws/src/Rescue_Car_ws/install/rmw_microxrcedds:/root/ros_ws/src/Rescue_Car_ws/install/rosidl_typesupport_microxrcedds_cpp:/root/ros_ws/src/Rescue_Car_ws/install/rosidl_typesupport_microxrcedds_c:/root/ros_ws/src/Rescue_Car_ws/install/microxrcedds_client:/root/ros_ws/src/Rescue_Car_ws/install/microcdr:/root/ros_ws/src/Rescue_Car_ws/install/micro_ros_msgs:/root/ros_ws/src/Rescue_Car_ws/install/builtin_interfaces:/opt/ros/humble LD_LIBRARY_PATH=/root/ros_ws/src/Rescue_Car_ws/install/rmw_microxrcedds/lib:/root/ros_ws/src/Rescue_Car_ws/install/rosidl_typesupport_microxrcedds_cpp/lib:/root/ros_ws/src/Rescue_Car_ws/install/rosidl_typesupport_microxrcedds_c/lib:/root/ros_ws/src/Rescue_Car_ws/install/micro_ros_msgs/lib:/root/ros_ws/src/Rescue_Car_ws/install/builtin_interfaces/lib:${LD_LIBRARY_PATH} PYTHONPATH=/root/ros_ws/src/Rescue_Car_ws/install/rosidl_typesupport_microxrcedds_cpp/local/lib/python3.10/dist-packages:/root/ros_ws/src/Rescue_Car_ws/install/rosidl_typesupport_microxrcedds_c/local/lib/python3.10/dist-packages:/root/ros_ws/src/Rescue_Car_ws/install/micro_ros_msgs/local/lib/python3.10/dist-packages:/root/ros_ws/src/Rescue_Car_ws/install/builtin_interfaces/local/lib/python3.10/dist-packages:${PYTHONPATH} /usr/bin/cmake --install /root/ros_ws/src/Rescue_Car_ws/build/rosidl_typesupport_microxrcedds_test_msg
[41.671s] INFO:colcon.colcon_core.shell:Creating environment hook '/root/ros_ws/src/Rescue_Car_ws/install/rosidl_typesupport_microxrcedds_test_msg/share/rosidl_typesupport_microxrcedds_test_msg/hook/cmake_prefix_path.sh'
[41.671s] Level 1:colcon.colcon_core.environment:checking '/root/ros_ws/src/Rescue_Car_ws/install/rosidl_typesupport_microxrcedds_test_msg/lib'
[41.672s] Level 1:colcon.colcon_core.shell:create_environment_hook('rosidl_typesupport_microxrcedds_test_msg', 'ld_library_path_lib')
[41.672s] INFO:colcon.colcon_core.shell:Creating environment hook '/root/ros_ws/src/Rescue_Car_ws/install/rosidl_typesupport_microxrcedds_test_msg/share/rosidl_typesupport_microxrcedds_test_msg/hook/ld_library_path_lib.ps1'
[41.672s] INFO:colcon.colcon_core.shell:Creating environment descriptor '/root/ros_ws/src/Rescue_Car_ws/install/rosidl_typesupport_microxrcedds_test_msg/share/rosidl_typesupport_microxrcedds_test_msg/hook/ld_library_path_lib.dsv'
[41.672s] INFO:colcon.colcon_core.shell:Creating environment hook '/root/ros_ws/src/Rescue_Car_ws/install/rosidl_typesupport_microxrcedds_test_msg/share/rosidl_typesupport_microxrcedds_test_msg/hook/ld_library_path_lib.sh'
[41.673s] Level 1:colcon.colcon_core.environment:checking '/root/ros_ws/src/Rescue_Car_ws/install/rosidl_typesupport_microxrcedds_test_msg/bin'
[41.673s] Level 1:colcon.colcon_core.environment:checking '/root/ros_ws/src/Rescue_Car_ws/install/rosidl_typesupport_microxrcedds_test_msg/lib/pkgconfig/rosidl_typesupport_microxrcedds_test_msg.pc'
[41.673s] Level 1:colcon.colcon_core.environment:checking '/root/ros_ws/src/Rescue_Car_ws/install/rosidl_typesupport_microxrcedds_test_msg/lib/python3.10/site-packages'
[41.673s] Level 1:colcon.colcon_core.environment:checking '/root/ros_ws/src/Rescue_Car_ws/install/rosidl_typesupport_microxrcedds_test_msg/bin'
[41.673s] INFO:colcon.colcon_core.shell:Creating package script '/root/ros_ws/src/Rescue_Car_ws/install/rosidl_typesupport_microxrcedds_test_msg/share/rosidl_typesupport_microxrcedds_test_msg/package.ps1'
[41.679s] INFO:colcon.colcon_core.shell:Creating package descriptor '/root/ros_ws/src/Rescue_Car_ws/install/rosidl_typesupport_microxrcedds_test_msg/share/rosidl_typesupport_microxrcedds_test_msg/package.dsv'
[41.680s] INFO:colcon.colcon_core.shell:Creating package script '/root/ros_ws/src/Rescue_Car_ws/install/rosidl_typesupport_microxrcedds_test_msg/share/rosidl_typesupport_microxrcedds_test_msg/package.sh'
[41.680s] INFO:colcon.colcon_core.shell:Creating package script '/root/ros_ws/src/Rescue_Car_ws/install/rosidl_typesupport_microxrcedds_test_msg/share/rosidl_typesupport_microxrcedds_test_msg/package.bash'
[41.681s] INFO:colcon.colcon_core.shell:Creating package script '/root/ros_ws/src/Rescue_Car_ws/install/rosidl_typesupport_microxrcedds_test_msg/share/rosidl_typesupport_microxrcedds_test_msg/package.zsh'
[41.681s] Level 1:colcon.colcon_core.environment:create_file_with_runtime_dependencies(/root/ros_ws/src/Rescue_Car_ws/install/rosidl_typesupport_microxrcedds_test_msg/share/colcon-core/packages/rosidl_typesupport_microxrcedds_test_msg)
[41.695s] Level 1:colcon.colcon_core.environment:create_environment_scripts_only(rosidl_typesupport_microxrcedds_test_msg)
[41.695s] Level 1:colcon.colcon_core.environment:checking '/root/ros_ws/src/Rescue_Car_ws/install/rosidl_typesupport_microxrcedds_test_msg' for CMake module files
[41.696s] Level 1:colcon.colcon_core.environment:checking '/root/ros_ws/src/Rescue_Car_ws/install/rosidl_typesupport_microxrcedds_test_msg' for CMake config files
[41.696s] Level 1:colcon.colcon_core.shell:create_environment_hook('rosidl_typesupport_microxrcedds_test_msg', 'cmake_prefix_path')
[41.697s] INFO:colcon.colcon_core.shell:Creating environment hook '/root/ros_ws/src/Rescue_Car_ws/install/rosidl_typesupport_microxrcedds_test_msg/share/rosidl_typesupport_microxrcedds_test_msg/hook/cmake_prefix_path.ps1'
[41.697s] INFO:colcon.colcon_core.shell:Creating environment descriptor '/root/ros_ws/src/Rescue_Car_ws/install/rosidl_typesupport_microxrcedds_test_msg/share/rosidl_typesupport_microxrcedds_test_msg/hook/cmake_prefix_path.dsv'
[41.698s] INFO:colcon.colcon_core.shell:Creating environment hook '/root/ros_ws/src/Rescue_Car_ws/install/rosidl_typesupport_microxrcedds_test_msg/share/rosidl_typesupport_microxrcedds_test_msg/hook/cmake_prefix_path.sh'
[41.706s] Level 1:colcon.colcon_core.environment:checking '/root/ros_ws/src/Rescue_Car_ws/install/rosidl_typesupport_microxrcedds_test_msg/lib'
[41.707s] Level 1:colcon.colcon_core.shell:create_environment_hook('rosidl_typesupport_microxrcedds_test_msg', 'ld_library_path_lib')
[41.707s] INFO:colcon.colcon_core.shell:Creating environment hook '/root/ros_ws/src/Rescue_Car_ws/install/rosidl_typesupport_microxrcedds_test_msg/share/rosidl_typesupport_microxrcedds_test_msg/hook/ld_library_path_lib.ps1'
[41.707s] INFO:colcon.colcon_core.shell:Creating environment descriptor '/root/ros_ws/src/Rescue_Car_ws/install/rosidl_typesupport_microxrcedds_test_msg/share/rosidl_typesupport_microxrcedds_test_msg/hook/ld_library_path_lib.dsv'
[41.708s] INFO:colcon.colcon_core.shell:Creating environment hook '/root/ros_ws/src/Rescue_Car_ws/install/rosidl_typesupport_microxrcedds_test_msg/share/rosidl_typesupport_microxrcedds_test_msg/hook/ld_library_path_lib.sh'
[41.708s] Level 1:colcon.colcon_core.environment:checking '/root/ros_ws/src/Rescue_Car_ws/install/rosidl_typesupport_microxrcedds_test_msg/bin'
[41.708s] Level 1:colcon.colcon_core.environment:checking '/root/ros_ws/src/Rescue_Car_ws/install/rosidl_typesupport_microxrcedds_test_msg/lib/pkgconfig/rosidl_typesupport_microxrcedds_test_msg.pc'
[41.709s] Level 1:colcon.colcon_core.environment:checking '/root/ros_ws/src/Rescue_Car_ws/install/rosidl_typesupport_microxrcedds_test_msg/lib/python3.10/site-packages'
[41.709s] Level 1:colcon.colcon_core.environment:checking '/root/ros_ws/src/Rescue_Car_ws/install/rosidl_typesupport_microxrcedds_test_msg/bin'
[41.709s] INFO:colcon.colcon_core.shell:Creating package script '/root/ros_ws/src/Rescue_Car_ws/install/rosidl_typesupport_microxrcedds_test_msg/share/rosidl_typesupport_microxrcedds_test_msg/package.ps1'
[41.710s] INFO:colcon.colcon_core.shell:Creating package descriptor '/root/ros_ws/src/Rescue_Car_ws/install/rosidl_typesupport_microxrcedds_test_msg/share/rosidl_typesupport_microxrcedds_test_msg/package.dsv'
[41.724s] INFO:colcon.colcon_core.shell:Creating package script '/root/ros_ws/src/Rescue_Car_ws/install/rosidl_typesupport_microxrcedds_test_msg/share/rosidl_typesupport_microxrcedds_test_msg/package.sh'
[41.725s] INFO:colcon.colcon_core.shell:Creating package script '/root/ros_ws/src/Rescue_Car_ws/install/rosidl_typesupport_microxrcedds_test_msg/share/rosidl_typesupport_microxrcedds_test_msg/package.bash'
[41.730s] INFO:colcon.colcon_core.shell:Creating package script '/root/ros_ws/src/Rescue_Car_ws/install/rosidl_typesupport_microxrcedds_test_msg/share/rosidl_typesupport_microxrcedds_test_msg/package.zsh'
[41.731s] Level 1:colcon.colcon_core.environment:create_file_with_runtime_dependencies(/root/ros_ws/src/Rescue_Car_ws/install/rosidl_typesupport_microxrcedds_test_msg/share/colcon-core/packages/rosidl_typesupport_microxrcedds_test_msg)
[41.732s] INFO:colcon.colcon_ros.task.ament_cmake.build:Building ROS package in '/root/ros_ws/src/Rescue_Car_ws/src/microros/src/uros/rosidl_typesupport_microxrcedds/test/c' with build type 'ament_cmake'
[41.732s] INFO:colcon.colcon_cmake.task.cmake.build:Building CMake package in '/root/ros_ws/src/Rescue_Car_ws/src/microros/src/uros/rosidl_typesupport_microxrcedds/test/c'
[41.733s] INFO:colcon.colcon_core.shell:Skip shell extension 'powershell' for command environment: Not usable outside of PowerShell
[41.733s] DEBUG:colcon.colcon_core.shell:Skip shell extension 'dsv' for command environment
[41.760s] INFO:colcon.colcon_ros.task.ament_cmake.build:Building ROS package in '/root/ros_ws/src/Rescue_Car_ws/src/microros/src/uros/rosidl_typesupport_microxrcedds/test/cpp' with build type 'ament_cmake'
[41.762s] INFO:colcon.colcon_cmake.task.cmake.build:Building CMake package in '/root/ros_ws/src/Rescue_Car_ws/src/microros/src/uros/rosidl_typesupport_microxrcedds/test/cpp'
[41.763s] INFO:colcon.colcon_core.shell:Skip shell extension 'powershell' for command environment: Not usable outside of PowerShell
[41.763s] DEBUG:colcon.colcon_core.shell:Skip shell extension 'dsv' for command environment
[45.783s] DEBUG:colcon.colcon_core.event_handler.log_command:Invoking command in '/root/ros_ws/src/Rescue_Car_ws/build/rosidl_typesupport_microxrcedds_c_tests': AMENT_PREFIX_PATH=/root/ros_ws/src/Rescue_Car_ws/install/rosidl_typesupport_microxrcedds_test_msg:/root/ros_ws/src/Rescue_Car_ws/install/rmw_microxrcedds:/root/ros_ws/src/Rescue_Car_ws/install/rosidl_typesupport_microxrcedds_cpp:/root/ros_ws/src/Rescue_Car_ws/install/rosidl_typesupport_microxrcedds_c:/root/ros_ws/src/Rescue_Car_ws/install/micro_ros_msgs:/root/ros_ws/src/Rescue_Car_ws/install/builtin_interfaces:${AMENT_PREFIX_PATH} CMAKE_PREFIX_PATH=/root/ros_ws/src/Rescue_Car_ws/install/rosidl_typesupport_microxrcedds_test_msg:/root/ros_ws/src/Rescue_Car_ws/install/rmw_microxrcedds:/root/ros_ws/src/Rescue_Car_ws/install/rosidl_typesupport_microxrcedds_cpp:/root/ros_ws/src/Rescue_Car_ws/install/rosidl_typesupport_microxrcedds_c:/root/ros_ws/src/Rescue_Car_ws/install/microxrcedds_client:/root/ros_ws/src/Rescue_Car_ws/install/microcdr:/root/ros_ws/src/Rescue_Car_ws/install/micro_ros_msgs:/root/ros_ws/src/Rescue_Car_ws/install/builtin_interfaces:/opt/ros/humble LD_LIBRARY_PATH=/root/ros_ws/src/Rescue_Car_ws/install/rosidl_typesupport_microxrcedds_test_msg/lib:/root/ros_ws/src/Rescue_Car_ws/install/rmw_microxrcedds/lib:/root/ros_ws/src/Rescue_Car_ws/install/rosidl_typesupport_microxrcedds_cpp/lib:/root/ros_ws/src/Rescue_Car_ws/install/rosidl_typesupport_microxrcedds_c/lib:/root/ros_ws/src/Rescue_Car_ws/install/micro_ros_msgs/lib:/root/ros_ws/src/Rescue_Car_ws/install/builtin_interfaces/lib:${LD_LIBRARY_PATH} PYTHONPATH=/root/ros_ws/src/Rescue_Car_ws/install/rosidl_typesupport_microxrcedds_test_msg/local/lib/python3.10/dist-packages:/root/ros_ws/src/Rescue_Car_ws/install/rosidl_typesupport_microxrcedds_cpp/local/lib/python3.10/dist-packages:/root/ros_ws/src/Rescue_Car_ws/install/rosidl_typesupport_microxrcedds_c/local/lib/python3.10/dist-packages:/root/ros_ws/src/Rescue_Car_ws/install/micro_ros_msgs/local/lib/python3.10/dist-packages:/root/ros_ws/src/Rescue_Car_ws/install/builtin_interfaces/local/lib/python3.10/dist-packages:${PYTHONPATH} /usr/bin/cmake /root/ros_ws/src/Rescue_Car_ws/src/microros/src/uros/rosidl_typesupport_microxrcedds/test/c -DCMAKE_INSTALL_PREFIX=/root/ros_ws/src/Rescue_Car_ws/install/rosidl_typesupport_microxrcedds_c_tests
[45.817s] DEBUG:colcon.colcon_core.event_handler.log_command:Invoking command in '/root/ros_ws/src/Rescue_Car_ws/build/rosidl_typesupport_microxrcedds_cpp_tests': AMENT_PREFIX_PATH=/root/ros_ws/src/Rescue_Car_ws/install/rosidl_typesupport_microxrcedds_test_msg:/root/ros_ws/src/Rescue_Car_ws/install/rmw_microxrcedds:/root/ros_ws/src/Rescue_Car_ws/install/rosidl_typesupport_microxrcedds_cpp:/root/ros_ws/src/Rescue_Car_ws/install/rosidl_typesupport_microxrcedds_c:/root/ros_ws/src/Rescue_Car_ws/install/micro_ros_msgs:/root/ros_ws/src/Rescue_Car_ws/install/builtin_interfaces:${AMENT_PREFIX_PATH} CMAKE_PREFIX_PATH=/root/ros_ws/src/Rescue_Car_ws/install/rosidl_typesupport_microxrcedds_test_msg:/root/ros_ws/src/Rescue_Car_ws/install/rmw_microxrcedds:/root/ros_ws/src/Rescue_Car_ws/install/rosidl_typesupport_microxrcedds_cpp:/root/ros_ws/src/Rescue_Car_ws/install/rosidl_typesupport_microxrcedds_c:/root/ros_ws/src/Rescue_Car_ws/install/microxrcedds_client:/root/ros_ws/src/Rescue_Car_ws/install/microcdr:/root/ros_ws/src/Rescue_Car_ws/install/micro_ros_msgs:/root/ros_ws/src/Rescue_Car_ws/install/builtin_interfaces:/opt/ros/humble LD_LIBRARY_PATH=/root/ros_ws/src/Rescue_Car_ws/install/rosidl_typesupport_microxrcedds_test_msg/lib:/root/ros_ws/src/Rescue_Car_ws/install/rmw_microxrcedds/lib:/root/ros_ws/src/Rescue_Car_ws/install/rosidl_typesupport_microxrcedds_cpp/lib:/root/ros_ws/src/Rescue_Car_ws/install/rosidl_typesupport_microxrcedds_c/lib:/root/ros_ws/src/Rescue_Car_ws/install/micro_ros_msgs/lib:/root/ros_ws/src/Rescue_Car_ws/install/builtin_interfaces/lib:${LD_LIBRARY_PATH} PYTHONPATH=/root/ros_ws/src/Rescue_Car_ws/install/rosidl_typesupport_microxrcedds_test_msg/local/lib/python3.10/dist-packages:/root/ros_ws/src/Rescue_Car_ws/install/rosidl_typesupport_microxrcedds_cpp/local/lib/python3.10/dist-packages:/root/ros_ws/src/Rescue_Car_ws/install/rosidl_typesupport_microxrcedds_c/local/lib/python3.10/dist-packages:/root/ros_ws/src/Rescue_Car_ws/install/micro_ros_msgs/local/lib/python3.10/dist-packages:/root/ros_ws/src/Rescue_Car_ws/install/builtin_interfaces/local/lib/python3.10/dist-packages:${PYTHONPATH} /usr/bin/cmake /root/ros_ws/src/Rescue_Car_ws/src/microros/src/uros/rosidl_typesupport_microxrcedds/test/cpp -DCMAKE_INSTALL_PREFIX=/root/ros_ws/src/Rescue_Car_ws/install/rosidl_typesupport_microxrcedds_cpp_tests
[46.451s] DEBUG:colcon.colcon_core.event_handler.log_command:Invoked command in '/root/ros_ws/src/Rescue_Car_ws/build/composition_interfaces' returned '0': AMENT_PREFIX_PATH=/root/ros_ws/src/Rescue_Car_ws/install/rcl_interfaces:/root/ros_ws/src/Rescue_Car_ws/install/builtin_interfaces:${AMENT_PREFIX_PATH} CMAKE_PREFIX_PATH=/root/ros_ws/src/Rescue_Car_ws/install/rcl_interfaces:/root/ros_ws/src/Rescue_Car_ws/install/builtin_interfaces:/opt/ros/humble LD_LIBRARY_PATH=/root/ros_ws/src/Rescue_Car_ws/install/rcl_interfaces/lib:/root/ros_ws/src/Rescue_Car_ws/install/builtin_interfaces/lib:${LD_LIBRARY_PATH} PYTHONPATH=/root/ros_ws/src/Rescue_Car_ws/install/rcl_interfaces/local/lib/python3.10/dist-packages:/root/ros_ws/src/Rescue_Car_ws/install/builtin_interfaces/local/lib/python3.10/dist-packages:${PYTHONPATH} /usr/bin/cmake /root/ros_ws/src/Rescue_Car_ws/src/microros/src/ros2/rcl_interfaces/composition_interfaces -DCMAKE_INSTALL_PREFIX=/root/ros_ws/src/Rescue_Car_ws/install/composition_interfaces
[46.452s] DEBUG:colcon.colcon_core.event_handler.log_command:Invoking command in '/root/ros_ws/src/Rescue_Car_ws/build/composition_interfaces': AMENT_PREFIX_PATH=/root/ros_ws/src/Rescue_Car_ws/install/rcl_interfaces:/root/ros_ws/src/Rescue_Car_ws/install/builtin_interfaces:${AMENT_PREFIX_PATH} CMAKE_PREFIX_PATH=/root/ros_ws/src/Rescue_Car_ws/install/rcl_interfaces:/root/ros_ws/src/Rescue_Car_ws/install/builtin_interfaces:/opt/ros/humble LD_LIBRARY_PATH=/root/ros_ws/src/Rescue_Car_ws/install/rcl_interfaces/lib:/root/ros_ws/src/Rescue_Car_ws/install/builtin_interfaces/lib:${LD_LIBRARY_PATH} PYTHONPATH=/root/ros_ws/src/Rescue_Car_ws/install/rcl_interfaces/local/lib/python3.10/dist-packages:/root/ros_ws/src/Rescue_Car_ws/install/builtin_interfaces/local/lib/python3.10/dist-packages:${PYTHONPATH} /usr/bin/cmake --build /root/ros_ws/src/Rescue_Car_ws/build/composition_interfaces -- -j20 -l20
[48.017s] DEBUG:colcon.colcon_core.event_handler.log_command:Invoked command in '/root/ros_ws/src/Rescue_Car_ws/build/geometry_msgs' returned '0': AMENT_PREFIX_PATH=/root/ros_ws/src/Rescue_Car_ws/install/std_msgs:/root/ros_ws/src/Rescue_Car_ws/install/builtin_interfaces:${AMENT_PREFIX_PATH} CMAKE_PREFIX_PATH=/root/ros_ws/src/Rescue_Car_ws/install/std_msgs:/root/ros_ws/src/Rescue_Car_ws/install/builtin_interfaces:/opt/ros/humble LD_LIBRARY_PATH=/root/ros_ws/src/Rescue_Car_ws/install/std_msgs/lib:/root/ros_ws/src/Rescue_Car_ws/install/builtin_interfaces/lib:${LD_LIBRARY_PATH} PYTHONPATH=/root/ros_ws/src/Rescue_Car_ws/install/std_msgs/local/lib/python3.10/dist-packages:/root/ros_ws/src/Rescue_Car_ws/install/builtin_interfaces/local/lib/python3.10/dist-packages:${PYTHONPATH} /usr/bin/cmake /root/ros_ws/src/Rescue_Car_ws/src/microros/src/ros2/common_interfaces/geometry_msgs -DCMAKE_INSTALL_PREFIX=/root/ros_ws/src/Rescue_Car_ws/install/geometry_msgs
[48.017s] DEBUG:colcon.colcon_core.event_handler.log_command:Invoking command in '/root/ros_ws/src/Rescue_Car_ws/build/geometry_msgs': AMENT_PREFIX_PATH=/root/ros_ws/src/Rescue_Car_ws/install/std_msgs:/root/ros_ws/src/Rescue_Car_ws/install/builtin_interfaces:${AMENT_PREFIX_PATH} CMAKE_PREFIX_PATH=/root/ros_ws/src/Rescue_Car_ws/install/std_msgs:/root/ros_ws/src/Rescue_Car_ws/install/builtin_interfaces:/opt/ros/humble LD_LIBRARY_PATH=/root/ros_ws/src/Rescue_Car_ws/install/std_msgs/lib:/root/ros_ws/src/Rescue_Car_ws/install/builtin_interfaces/lib:${LD_LIBRARY_PATH} PYTHONPATH=/root/ros_ws/src/Rescue_Car_ws/install/std_msgs/local/lib/python3.10/dist-packages:/root/ros_ws/src/Rescue_Car_ws/install/builtin_interfaces/local/lib/python3.10/dist-packages:${PYTHONPATH} /usr/bin/cmake --build /root/ros_ws/src/Rescue_Car_ws/build/geometry_msgs -- -j20 -l20
[49.095s] DEBUG:colcon.colcon_core.event_handler.log_command:Invoked command in '/root/ros_ws/src/Rescue_Car_ws/build/actionlib_msgs' returned '0': AMENT_PREFIX_PATH=/root/ros_ws/src/Rescue_Car_ws/install/std_msgs:/root/ros_ws/src/Rescue_Car_ws/install/builtin_interfaces:${AMENT_PREFIX_PATH} CMAKE_PREFIX_PATH=/root/ros_ws/src/Rescue_Car_ws/install/std_msgs:/root/ros_ws/src/Rescue_Car_ws/install/builtin_interfaces:/opt/ros/humble LD_LIBRARY_PATH=/root/ros_ws/src/Rescue_Car_ws/install/std_msgs/lib:/root/ros_ws/src/Rescue_Car_ws/install/builtin_interfaces/lib:${LD_LIBRARY_PATH} PYTHONPATH=/root/ros_ws/src/Rescue_Car_ws/install/std_msgs/local/lib/python3.10/dist-packages:/root/ros_ws/src/Rescue_Car_ws/install/builtin_interfaces/local/lib/python3.10/dist-packages:${PYTHONPATH} /usr/bin/cmake /root/ros_ws/src/Rescue_Car_ws/src/microros/src/ros2/common_interfaces/actionlib_msgs -DCMAKE_INSTALL_PREFIX=/root/ros_ws/src/Rescue_Car_ws/install/actionlib_msgs
[49.098s] DEBUG:colcon.colcon_core.event_handler.log_command:Invoking command in '/root/ros_ws/src/Rescue_Car_ws/build/actionlib_msgs': AMENT_PREFIX_PATH=/root/ros_ws/src/Rescue_Car_ws/install/std_msgs:/root/ros_ws/src/Rescue_Car_ws/install/builtin_interfaces:${AMENT_PREFIX_PATH} CMAKE_PREFIX_PATH=/root/ros_ws/src/Rescue_Car_ws/install/std_msgs:/root/ros_ws/src/Rescue_Car_ws/install/builtin_interfaces:/opt/ros/humble LD_LIBRARY_PATH=/root/ros_ws/src/Rescue_Car_ws/install/std_msgs/lib:/root/ros_ws/src/Rescue_Car_ws/install/builtin_interfaces/lib:${LD_LIBRARY_PATH} PYTHONPATH=/root/ros_ws/src/Rescue_Car_ws/install/std_msgs/local/lib/python3.10/dist-packages:/root/ros_ws/src/Rescue_Car_ws/install/builtin_interfaces/local/lib/python3.10/dist-packages:${PYTHONPATH} /usr/bin/cmake --build /root/ros_ws/src/Rescue_Car_ws/build/actionlib_msgs -- -j20 -l20
[50.265s] DEBUG:colcon.colcon_core.event_handler.log_command:Invoked command in '/root/ros_ws/src/Rescue_Car_ws/build/rosidl_typesupport_microxrcedds_c_tests' returned '0': AMENT_PREFIX_PATH=/root/ros_ws/src/Rescue_Car_ws/install/rosidl_typesupport_microxrcedds_test_msg:/root/ros_ws/src/Rescue_Car_ws/install/rmw_microxrcedds:/root/ros_ws/src/Rescue_Car_ws/install/rosidl_typesupport_microxrcedds_cpp:/root/ros_ws/src/Rescue_Car_ws/install/rosidl_typesupport_microxrcedds_c:/root/ros_ws/src/Rescue_Car_ws/install/micro_ros_msgs:/root/ros_ws/src/Rescue_Car_ws/install/builtin_interfaces:${AMENT_PREFIX_PATH} CMAKE_PREFIX_PATH=/root/ros_ws/src/Rescue_Car_ws/install/rosidl_typesupport_microxrcedds_test_msg:/root/ros_ws/src/Rescue_Car_ws/install/rmw_microxrcedds:/root/ros_ws/src/Rescue_Car_ws/install/rosidl_typesupport_microxrcedds_cpp:/root/ros_ws/src/Rescue_Car_ws/install/rosidl_typesupport_microxrcedds_c:/root/ros_ws/src/Rescue_Car_ws/install/microxrcedds_client:/root/ros_ws/src/Rescue_Car_ws/install/microcdr:/root/ros_ws/src/Rescue_Car_ws/install/micro_ros_msgs:/root/ros_ws/src/Rescue_Car_ws/install/builtin_interfaces:/opt/ros/humble LD_LIBRARY_PATH=/root/ros_ws/src/Rescue_Car_ws/install/rosidl_typesupport_microxrcedds_test_msg/lib:/root/ros_ws/src/Rescue_Car_ws/install/rmw_microxrcedds/lib:/root/ros_ws/src/Rescue_Car_ws/install/rosidl_typesupport_microxrcedds_cpp/lib:/root/ros_ws/src/Rescue_Car_ws/install/rosidl_typesupport_microxrcedds_c/lib:/root/ros_ws/src/Rescue_Car_ws/install/micro_ros_msgs/lib:/root/ros_ws/src/Rescue_Car_ws/install/builtin_interfaces/lib:${LD_LIBRARY_PATH} PYTHONPATH=/root/ros_ws/src/Rescue_Car_ws/install/rosidl_typesupport_microxrcedds_test_msg/local/lib/python3.10/dist-packages:/root/ros_ws/src/Rescue_Car_ws/install/rosidl_typesupport_microxrcedds_cpp/local/lib/python3.10/dist-packages:/root/ros_ws/src/Rescue_Car_ws/install/rosidl_typesupport_microxrcedds_c/local/lib/python3.10/dist-packages:/root/ros_ws/src/Rescue_Car_ws/install/micro_ros_msgs/local/lib/python3.10/dist-packages:/root/ros_ws/src/Rescue_Car_ws/install/builtin_interfaces/local/lib/python3.10/dist-packages:${PYTHONPATH} /usr/bin/cmake /root/ros_ws/src/Rescue_Car_ws/src/microros/src/uros/rosidl_typesupport_microxrcedds/test/c -DCMAKE_INSTALL_PREFIX=/root/ros_ws/src/Rescue_Car_ws/install/rosidl_typesupport_microxrcedds_c_tests
[50.267s] DEBUG:colcon.colcon_core.event_handler.log_command:Invoking command in '/root/ros_ws/src/Rescue_Car_ws/build/rosidl_typesupport_microxrcedds_c_tests': AMENT_PREFIX_PATH=/root/ros_ws/src/Rescue_Car_ws/install/rosidl_typesupport_microxrcedds_test_msg:/root/ros_ws/src/Rescue_Car_ws/install/rmw_microxrcedds:/root/ros_ws/src/Rescue_Car_ws/install/rosidl_typesupport_microxrcedds_cpp:/root/ros_ws/src/Rescue_Car_ws/install/rosidl_typesupport_microxrcedds_c:/root/ros_ws/src/Rescue_Car_ws/install/micro_ros_msgs:/root/ros_ws/src/Rescue_Car_ws/install/builtin_interfaces:${AMENT_PREFIX_PATH} CMAKE_PREFIX_PATH=/root/ros_ws/src/Rescue_Car_ws/install/rosidl_typesupport_microxrcedds_test_msg:/root/ros_ws/src/Rescue_Car_ws/install/rmw_microxrcedds:/root/ros_ws/src/Rescue_Car_ws/install/rosidl_typesupport_microxrcedds_cpp:/root/ros_ws/src/Rescue_Car_ws/install/rosidl_typesupport_microxrcedds_c:/root/ros_ws/src/Rescue_Car_ws/install/microxrcedds_client:/root/ros_ws/src/Rescue_Car_ws/install/microcdr:/root/ros_ws/src/Rescue_Car_ws/install/micro_ros_msgs:/root/ros_ws/src/Rescue_Car_ws/install/builtin_interfaces:/opt/ros/humble LD_LIBRARY_PATH=/root/ros_ws/src/Rescue_Car_ws/install/rosidl_typesupport_microxrcedds_test_msg/lib:/root/ros_ws/src/Rescue_Car_ws/install/rmw_microxrcedds/lib:/root/ros_ws/src/Rescue_Car_ws/install/rosidl_typesupport_microxrcedds_cpp/lib:/root/ros_ws/src/Rescue_Car_ws/install/rosidl_typesupport_microxrcedds_c/lib:/root/ros_ws/src/Rescue_Car_ws/install/micro_ros_msgs/lib:/root/ros_ws/src/Rescue_Car_ws/install/builtin_interfaces/lib:${LD_LIBRARY_PATH} PYTHONPATH=/root/ros_ws/src/Rescue_Car_ws/install/rosidl_typesupport_microxrcedds_test_msg/local/lib/python3.10/dist-packages:/root/ros_ws/src/Rescue_Car_ws/install/rosidl_typesupport_microxrcedds_cpp/local/lib/python3.10/dist-packages:/root/ros_ws/src/Rescue_Car_ws/install/rosidl_typesupport_microxrcedds_c/local/lib/python3.10/dist-packages:/root/ros_ws/src/Rescue_Car_ws/install/micro_ros_msgs/local/lib/python3.10/dist-packages:/root/ros_ws/src/Rescue_Car_ws/install/builtin_interfaces/local/lib/python3.10/dist-packages:${PYTHONPATH} /usr/bin/cmake --build /root/ros_ws/src/Rescue_Car_ws/build/rosidl_typesupport_microxrcedds_c_tests -- -j20 -l20
[50.451s] DEBUG:colcon.colcon_core.event_handler.log_command:Invoked command in '/root/ros_ws/src/Rescue_Car_ws/build/rosidl_typesupport_microxrcedds_cpp_tests' returned '0': AMENT_PREFIX_PATH=/root/ros_ws/src/Rescue_Car_ws/install/rosidl_typesupport_microxrcedds_test_msg:/root/ros_ws/src/Rescue_Car_ws/install/rmw_microxrcedds:/root/ros_ws/src/Rescue_Car_ws/install/rosidl_typesupport_microxrcedds_cpp:/root/ros_ws/src/Rescue_Car_ws/install/rosidl_typesupport_microxrcedds_c:/root/ros_ws/src/Rescue_Car_ws/install/micro_ros_msgs:/root/ros_ws/src/Rescue_Car_ws/install/builtin_interfaces:${AMENT_PREFIX_PATH} CMAKE_PREFIX_PATH=/root/ros_ws/src/Rescue_Car_ws/install/rosidl_typesupport_microxrcedds_test_msg:/root/ros_ws/src/Rescue_Car_ws/install/rmw_microxrcedds:/root/ros_ws/src/Rescue_Car_ws/install/rosidl_typesupport_microxrcedds_cpp:/root/ros_ws/src/Rescue_Car_ws/install/rosidl_typesupport_microxrcedds_c:/root/ros_ws/src/Rescue_Car_ws/install/microxrcedds_client:/root/ros_ws/src/Rescue_Car_ws/install/microcdr:/root/ros_ws/src/Rescue_Car_ws/install/micro_ros_msgs:/root/ros_ws/src/Rescue_Car_ws/install/builtin_interfaces:/opt/ros/humble LD_LIBRARY_PATH=/root/ros_ws/src/Rescue_Car_ws/install/rosidl_typesupport_microxrcedds_test_msg/lib:/root/ros_ws/src/Rescue_Car_ws/install/rmw_microxrcedds/lib:/root/ros_ws/src/Rescue_Car_ws/install/rosidl_typesupport_microxrcedds_cpp/lib:/root/ros_ws/src/Rescue_Car_ws/install/rosidl_typesupport_microxrcedds_c/lib:/root/ros_ws/src/Rescue_Car_ws/install/micro_ros_msgs/lib:/root/ros_ws/src/Rescue_Car_ws/install/builtin_interfaces/lib:${LD_LIBRARY_PATH} PYTHONPATH=/root/ros_ws/src/Rescue_Car_ws/install/rosidl_typesupport_microxrcedds_test_msg/local/lib/python3.10/dist-packages:/root/ros_ws/src/Rescue_Car_ws/install/rosidl_typesupport_microxrcedds_cpp/local/lib/python3.10/dist-packages:/root/ros_ws/src/Rescue_Car_ws/install/rosidl_typesupport_microxrcedds_c/local/lib/python3.10/dist-packages:/root/ros_ws/src/Rescue_Car_ws/install/micro_ros_msgs/local/lib/python3.10/dist-packages:/root/ros_ws/src/Rescue_Car_ws/install/builtin_interfaces/local/lib/python3.10/dist-packages:${PYTHONPATH} /usr/bin/cmake /root/ros_ws/src/Rescue_Car_ws/src/microros/src/uros/rosidl_typesupport_microxrcedds/test/cpp -DCMAKE_INSTALL_PREFIX=/root/ros_ws/src/Rescue_Car_ws/install/rosidl_typesupport_microxrcedds_cpp_tests
[50.454s] DEBUG:colcon.colcon_core.event_handler.log_command:Invoking command in '/root/ros_ws/src/Rescue_Car_ws/build/rosidl_typesupport_microxrcedds_cpp_tests': AMENT_PREFIX_PATH=/root/ros_ws/src/Rescue_Car_ws/install/rosidl_typesupport_microxrcedds_test_msg:/root/ros_ws/src/Rescue_Car_ws/install/rmw_microxrcedds:/root/ros_ws/src/Rescue_Car_ws/install/rosidl_typesupport_microxrcedds_cpp:/root/ros_ws/src/Rescue_Car_ws/install/rosidl_typesupport_microxrcedds_c:/root/ros_ws/src/Rescue_Car_ws/install/micro_ros_msgs:/root/ros_ws/src/Rescue_Car_ws/install/builtin_interfaces:${AMENT_PREFIX_PATH} CMAKE_PREFIX_PATH=/root/ros_ws/src/Rescue_Car_ws/install/rosidl_typesupport_microxrcedds_test_msg:/root/ros_ws/src/Rescue_Car_ws/install/rmw_microxrcedds:/root/ros_ws/src/Rescue_Car_ws/install/rosidl_typesupport_microxrcedds_cpp:/root/ros_ws/src/Rescue_Car_ws/install/rosidl_typesupport_microxrcedds_c:/root/ros_ws/src/Rescue_Car_ws/install/microxrcedds_client:/root/ros_ws/src/Rescue_Car_ws/install/microcdr:/root/ros_ws/src/Rescue_Car_ws/install/micro_ros_msgs:/root/ros_ws/src/Rescue_Car_ws/install/builtin_interfaces:/opt/ros/humble LD_LIBRARY_PATH=/root/ros_ws/src/Rescue_Car_ws/install/rosidl_typesupport_microxrcedds_test_msg/lib:/root/ros_ws/src/Rescue_Car_ws/install/rmw_microxrcedds/lib:/root/ros_ws/src/Rescue_Car_ws/install/rosidl_typesupport_microxrcedds_cpp/lib:/root/ros_ws/src/Rescue_Car_ws/install/rosidl_typesupport_microxrcedds_c/lib:/root/ros_ws/src/Rescue_Car_ws/install/micro_ros_msgs/lib:/root/ros_ws/src/Rescue_Car_ws/install/builtin_interfaces/lib:${LD_LIBRARY_PATH} PYTHONPATH=/root/ros_ws/src/Rescue_Car_ws/install/rosidl_typesupport_microxrcedds_test_msg/local/lib/python3.10/dist-packages:/root/ros_ws/src/Rescue_Car_ws/install/rosidl_typesupport_microxrcedds_cpp/local/lib/python3.10/dist-packages:/root/ros_ws/src/Rescue_Car_ws/install/rosidl_typesupport_microxrcedds_c/local/lib/python3.10/dist-packages:/root/ros_ws/src/Rescue_Car_ws/install/micro_ros_msgs/local/lib/python3.10/dist-packages:/root/ros_ws/src/Rescue_Car_ws/install/builtin_interfaces/local/lib/python3.10/dist-packages:${PYTHONPATH} /usr/bin/cmake --build /root/ros_ws/src/Rescue_Car_ws/build/rosidl_typesupport_microxrcedds_cpp_tests -- -j20 -l20
[57.463s] DEBUG:colcon.colcon_core.event_handler.log_command:Invoked command in '/root/ros_ws/src/Rescue_Car_ws/build/rosidl_typesupport_microxrcedds_cpp_tests' returned '0': AMENT_PREFIX_PATH=/root/ros_ws/src/Rescue_Car_ws/install/rosidl_typesupport_microxrcedds_test_msg:/root/ros_ws/src/Rescue_Car_ws/install/rmw_microxrcedds:/root/ros_ws/src/Rescue_Car_ws/install/rosidl_typesupport_microxrcedds_cpp:/root/ros_ws/src/Rescue_Car_ws/install/rosidl_typesupport_microxrcedds_c:/root/ros_ws/src/Rescue_Car_ws/install/micro_ros_msgs:/root/ros_ws/src/Rescue_Car_ws/install/builtin_interfaces:${AMENT_PREFIX_PATH} CMAKE_PREFIX_PATH=/root/ros_ws/src/Rescue_Car_ws/install/rosidl_typesupport_microxrcedds_test_msg:/root/ros_ws/src/Rescue_Car_ws/install/rmw_microxrcedds:/root/ros_ws/src/Rescue_Car_ws/install/rosidl_typesupport_microxrcedds_cpp:/root/ros_ws/src/Rescue_Car_ws/install/rosidl_typesupport_microxrcedds_c:/root/ros_ws/src/Rescue_Car_ws/install/microxrcedds_client:/root/ros_ws/src/Rescue_Car_ws/install/microcdr:/root/ros_ws/src/Rescue_Car_ws/install/micro_ros_msgs:/root/ros_ws/src/Rescue_Car_ws/install/builtin_interfaces:/opt/ros/humble LD_LIBRARY_PATH=/root/ros_ws/src/Rescue_Car_ws/install/rosidl_typesupport_microxrcedds_test_msg/lib:/root/ros_ws/src/Rescue_Car_ws/install/rmw_microxrcedds/lib:/root/ros_ws/src/Rescue_Car_ws/install/rosidl_typesupport_microxrcedds_cpp/lib:/root/ros_ws/src/Rescue_Car_ws/install/rosidl_typesupport_microxrcedds_c/lib:/root/ros_ws/src/Rescue_Car_ws/install/micro_ros_msgs/lib:/root/ros_ws/src/Rescue_Car_ws/install/builtin_interfaces/lib:${LD_LIBRARY_PATH} PYTHONPATH=/root/ros_ws/src/Rescue_Car_ws/install/rosidl_typesupport_microxrcedds_test_msg/local/lib/python3.10/dist-packages:/root/ros_ws/src/Rescue_Car_ws/install/rosidl_typesupport_microxrcedds_cpp/local/lib/python3.10/dist-packages:/root/ros_ws/src/Rescue_Car_ws/install/rosidl_typesupport_microxrcedds_c/local/lib/python3.10/dist-packages:/root/ros_ws/src/Rescue_Car_ws/install/micro_ros_msgs/local/lib/python3.10/dist-packages:/root/ros_ws/src/Rescue_Car_ws/install/builtin_interfaces/local/lib/python3.10/dist-packages:${PYTHONPATH} /usr/bin/cmake --build /root/ros_ws/src/Rescue_Car_ws/build/rosidl_typesupport_microxrcedds_cpp_tests -- -j20 -l20
[57.466s] DEBUG:colcon.colcon_core.event_handler.log_command:Invoking command in '/root/ros_ws/src/Rescue_Car_ws/build/rosidl_typesupport_microxrcedds_cpp_tests': AMENT_PREFIX_PATH=/root/ros_ws/src/Rescue_Car_ws/install/rosidl_typesupport_microxrcedds_test_msg:/root/ros_ws/src/Rescue_Car_ws/install/rmw_microxrcedds:/root/ros_ws/src/Rescue_Car_ws/install/rosidl_typesupport_microxrcedds_cpp:/root/ros_ws/src/Rescue_Car_ws/install/rosidl_typesupport_microxrcedds_c:/root/ros_ws/src/Rescue_Car_ws/install/micro_ros_msgs:/root/ros_ws/src/Rescue_Car_ws/install/builtin_interfaces:${AMENT_PREFIX_PATH} CMAKE_PREFIX_PATH=/root/ros_ws/src/Rescue_Car_ws/install/rosidl_typesupport_microxrcedds_test_msg:/root/ros_ws/src/Rescue_Car_ws/install/rmw_microxrcedds:/root/ros_ws/src/Rescue_Car_ws/install/rosidl_typesupport_microxrcedds_cpp:/root/ros_ws/src/Rescue_Car_ws/install/rosidl_typesupport_microxrcedds_c:/root/ros_ws/src/Rescue_Car_ws/install/microxrcedds_client:/root/ros_ws/src/Rescue_Car_ws/install/microcdr:/root/ros_ws/src/Rescue_Car_ws/install/micro_ros_msgs:/root/ros_ws/src/Rescue_Car_ws/install/builtin_interfaces:/opt/ros/humble LD_LIBRARY_PATH=/root/ros_ws/src/Rescue_Car_ws/install/rosidl_typesupport_microxrcedds_test_msg/lib:/root/ros_ws/src/Rescue_Car_ws/install/rmw_microxrcedds/lib:/root/ros_ws/src/Rescue_Car_ws/install/rosidl_typesupport_microxrcedds_cpp/lib:/root/ros_ws/src/Rescue_Car_ws/install/rosidl_typesupport_microxrcedds_c/lib:/root/ros_ws/src/Rescue_Car_ws/install/micro_ros_msgs/lib:/root/ros_ws/src/Rescue_Car_ws/install/builtin_interfaces/lib:${LD_LIBRARY_PATH} PYTHONPATH=/root/ros_ws/src/Rescue_Car_ws/install/rosidl_typesupport_microxrcedds_test_msg/local/lib/python3.10/dist-packages:/root/ros_ws/src/Rescue_Car_ws/install/rosidl_typesupport_microxrcedds_cpp/local/lib/python3.10/dist-packages:/root/ros_ws/src/Rescue_Car_ws/install/rosidl_typesupport_microxrcedds_c/local/lib/python3.10/dist-packages:/root/ros_ws/src/Rescue_Car_ws/install/micro_ros_msgs/local/lib/python3.10/dist-packages:/root/ros_ws/src/Rescue_Car_ws/install/builtin_interfaces/local/lib/python3.10/dist-packages:${PYTHONPATH} /usr/bin/cmake --install /root/ros_ws/src/Rescue_Car_ws/build/rosidl_typesupport_microxrcedds_cpp_tests
[57.481s] Level 1:colcon.colcon_core.environment:create_environment_scripts_only(rosidl_typesupport_microxrcedds_cpp_tests)
[57.482s] Level 1:colcon.colcon_core.environment:checking '/root/ros_ws/src/Rescue_Car_ws/install/rosidl_typesupport_microxrcedds_cpp_tests' for CMake module files
[57.482s] DEBUG:colcon.colcon_core.event_handler.log_command:Invoked command in '/root/ros_ws/src/Rescue_Car_ws/build/rosidl_typesupport_microxrcedds_cpp_tests' returned '0': AMENT_PREFIX_PATH=/root/ros_ws/src/Rescue_Car_ws/install/rosidl_typesupport_microxrcedds_test_msg:/root/ros_ws/src/Rescue_Car_ws/install/rmw_microxrcedds:/root/ros_ws/src/Rescue_Car_ws/install/rosidl_typesupport_microxrcedds_cpp:/root/ros_ws/src/Rescue_Car_ws/install/rosidl_typesupport_microxrcedds_c:/root/ros_ws/src/Rescue_Car_ws/install/micro_ros_msgs:/root/ros_ws/src/Rescue_Car_ws/install/builtin_interfaces:${AMENT_PREFIX_PATH} CMAKE_PREFIX_PATH=/root/ros_ws/src/Rescue_Car_ws/install/rosidl_typesupport_microxrcedds_test_msg:/root/ros_ws/src/Rescue_Car_ws/install/rmw_microxrcedds:/root/ros_ws/src/Rescue_Car_ws/install/rosidl_typesupport_microxrcedds_cpp:/root/ros_ws/src/Rescue_Car_ws/install/rosidl_typesupport_microxrcedds_c:/root/ros_ws/src/Rescue_Car_ws/install/microxrcedds_client:/root/ros_ws/src/Rescue_Car_ws/install/microcdr:/root/ros_ws/src/Rescue_Car_ws/install/micro_ros_msgs:/root/ros_ws/src/Rescue_Car_ws/install/builtin_interfaces:/opt/ros/humble LD_LIBRARY_PATH=/root/ros_ws/src/Rescue_Car_ws/install/rosidl_typesupport_microxrcedds_test_msg/lib:/root/ros_ws/src/Rescue_Car_ws/install/rmw_microxrcedds/lib:/root/ros_ws/src/Rescue_Car_ws/install/rosidl_typesupport_microxrcedds_cpp/lib:/root/ros_ws/src/Rescue_Car_ws/install/rosidl_typesupport_microxrcedds_c/lib:/root/ros_ws/src/Rescue_Car_ws/install/micro_ros_msgs/lib:/root/ros_ws/src/Rescue_Car_ws/install/builtin_interfaces/lib:${LD_LIBRARY_PATH} PYTHONPATH=/root/ros_ws/src/Rescue_Car_ws/install/rosidl_typesupport_microxrcedds_test_msg/local/lib/python3.10/dist-packages:/root/ros_ws/src/Rescue_Car_ws/install/rosidl_typesupport_microxrcedds_cpp/local/lib/python3.10/dist-packages:/root/ros_ws/src/Rescue_Car_ws/install/rosidl_typesupport_microxrcedds_c/local/lib/python3.10/dist-packages:/root/ros_ws/src/Rescue_Car_ws/install/micro_ros_msgs/local/lib/python3.10/dist-packages:/root/ros_ws/src/Rescue_Car_ws/install/builtin_interfaces/local/lib/python3.10/dist-packages:${PYTHONPATH} /usr/bin/cmake --install /root/ros_ws/src/Rescue_Car_ws/build/rosidl_typesupport_microxrcedds_cpp_tests
[57.483s] Level 1:colcon.colcon_core.environment:checking '/root/ros_ws/src/Rescue_Car_ws/install/rosidl_typesupport_microxrcedds_cpp_tests' for CMake config files
[57.483s] Level 1:colcon.colcon_core.shell:create_environment_hook('rosidl_typesupport_microxrcedds_cpp_tests', 'cmake_prefix_path')
[57.483s] INFO:colcon.colcon_core.shell:Creating environment hook '/root/ros_ws/src/Rescue_Car_ws/install/rosidl_typesupport_microxrcedds_cpp_tests/share/rosidl_typesupport_microxrcedds_cpp_tests/hook/cmake_prefix_path.ps1'
[57.484s] INFO:colcon.colcon_core.shell:Creating environment descriptor '/root/ros_ws/src/Rescue_Car_ws/install/rosidl_typesupport_microxrcedds_cpp_tests/share/rosidl_typesupport_microxrcedds_cpp_tests/hook/cmake_prefix_path.dsv'
[57.485s] INFO:colcon.colcon_core.shell:Creating environment hook '/root/ros_ws/src/Rescue_Car_ws/install/rosidl_typesupport_microxrcedds_cpp_tests/share/rosidl_typesupport_microxrcedds_cpp_tests/hook/cmake_prefix_path.sh'
[57.485s] Level 1:colcon.colcon_core.environment:checking '/root/ros_ws/src/Rescue_Car_ws/install/rosidl_typesupport_microxrcedds_cpp_tests/bin'
[57.485s] Level 1:colcon.colcon_core.environment:checking '/root/ros_ws/src/Rescue_Car_ws/install/rosidl_typesupport_microxrcedds_cpp_tests/lib/pkgconfig/rosidl_typesupport_microxrcedds_cpp_tests.pc'
[57.485s] Level 1:colcon.colcon_core.environment:checking '/root/ros_ws/src/Rescue_Car_ws/install/rosidl_typesupport_microxrcedds_cpp_tests/lib/python3.10/site-packages'
[57.486s] Level 1:colcon.colcon_core.environment:checking '/root/ros_ws/src/Rescue_Car_ws/install/rosidl_typesupport_microxrcedds_cpp_tests/bin'
[57.486s] INFO:colcon.colcon_core.shell:Creating package script '/root/ros_ws/src/Rescue_Car_ws/install/rosidl_typesupport_microxrcedds_cpp_tests/share/rosidl_typesupport_microxrcedds_cpp_tests/package.ps1'
[57.487s] INFO:colcon.colcon_core.shell:Creating package descriptor '/root/ros_ws/src/Rescue_Car_ws/install/rosidl_typesupport_microxrcedds_cpp_tests/share/rosidl_typesupport_microxrcedds_cpp_tests/package.dsv'
[57.487s] INFO:colcon.colcon_core.shell:Creating package script '/root/ros_ws/src/Rescue_Car_ws/install/rosidl_typesupport_microxrcedds_cpp_tests/share/rosidl_typesupport_microxrcedds_cpp_tests/package.sh'
[57.488s] INFO:colcon.colcon_core.shell:Creating package script '/root/ros_ws/src/Rescue_Car_ws/install/rosidl_typesupport_microxrcedds_cpp_tests/share/rosidl_typesupport_microxrcedds_cpp_tests/package.bash'
[57.488s] INFO:colcon.colcon_core.shell:Creating package script '/root/ros_ws/src/Rescue_Car_ws/install/rosidl_typesupport_microxrcedds_cpp_tests/share/rosidl_typesupport_microxrcedds_cpp_tests/package.zsh'
[57.489s] Level 1:colcon.colcon_core.environment:create_file_with_runtime_dependencies(/root/ros_ws/src/Rescue_Car_ws/install/rosidl_typesupport_microxrcedds_cpp_tests/share/colcon-core/packages/rosidl_typesupport_microxrcedds_cpp_tests)
[57.490s] Level 1:colcon.colcon_core.environment:create_environment_scripts_only(rosidl_typesupport_microxrcedds_cpp_tests)
[57.490s] Level 1:colcon.colcon_core.environment:checking '/root/ros_ws/src/Rescue_Car_ws/install/rosidl_typesupport_microxrcedds_cpp_tests' for CMake module files
[57.491s] Level 1:colcon.colcon_core.environment:checking '/root/ros_ws/src/Rescue_Car_ws/install/rosidl_typesupport_microxrcedds_cpp_tests' for CMake config files
[57.491s] Level 1:colcon.colcon_core.shell:create_environment_hook('rosidl_typesupport_microxrcedds_cpp_tests', 'cmake_prefix_path')
[57.492s] INFO:colcon.colcon_core.shell:Creating environment hook '/root/ros_ws/src/Rescue_Car_ws/install/rosidl_typesupport_microxrcedds_cpp_tests/share/rosidl_typesupport_microxrcedds_cpp_tests/hook/cmake_prefix_path.ps1'
[57.492s] INFO:colcon.colcon_core.shell:Creating environment descriptor '/root/ros_ws/src/Rescue_Car_ws/install/rosidl_typesupport_microxrcedds_cpp_tests/share/rosidl_typesupport_microxrcedds_cpp_tests/hook/cmake_prefix_path.dsv'
[57.493s] INFO:colcon.colcon_core.shell:Creating environment hook '/root/ros_ws/src/Rescue_Car_ws/install/rosidl_typesupport_microxrcedds_cpp_tests/share/rosidl_typesupport_microxrcedds_cpp_tests/hook/cmake_prefix_path.sh'
[57.494s] Level 1:colcon.colcon_core.environment:checking '/root/ros_ws/src/Rescue_Car_ws/install/rosidl_typesupport_microxrcedds_cpp_tests/bin'
[57.494s] Level 1:colcon.colcon_core.environment:checking '/root/ros_ws/src/Rescue_Car_ws/install/rosidl_typesupport_microxrcedds_cpp_tests/lib/pkgconfig/rosidl_typesupport_microxrcedds_cpp_tests.pc'
[57.494s] Level 1:colcon.colcon_core.environment:checking '/root/ros_ws/src/Rescue_Car_ws/install/rosidl_typesupport_microxrcedds_cpp_tests/lib/python3.10/site-packages'
[57.494s] Level 1:colcon.colcon_core.environment:checking '/root/ros_ws/src/Rescue_Car_ws/install/rosidl_typesupport_microxrcedds_cpp_tests/bin'
[57.495s] INFO:colcon.colcon_core.shell:Creating package script '/root/ros_ws/src/Rescue_Car_ws/install/rosidl_typesupport_microxrcedds_cpp_tests/share/rosidl_typesupport_microxrcedds_cpp_tests/package.ps1'
[57.495s] INFO:colcon.colcon_core.shell:Creating package descriptor '/root/ros_ws/src/Rescue_Car_ws/install/rosidl_typesupport_microxrcedds_cpp_tests/share/rosidl_typesupport_microxrcedds_cpp_tests/package.dsv'
[57.496s] INFO:colcon.colcon_core.shell:Creating package script '/root/ros_ws/src/Rescue_Car_ws/install/rosidl_typesupport_microxrcedds_cpp_tests/share/rosidl_typesupport_microxrcedds_cpp_tests/package.sh'
[57.497s] INFO:colcon.colcon_core.shell:Creating package script '/root/ros_ws/src/Rescue_Car_ws/install/rosidl_typesupport_microxrcedds_cpp_tests/share/rosidl_typesupport_microxrcedds_cpp_tests/package.bash'
[57.497s] INFO:colcon.colcon_core.shell:Creating package script '/root/ros_ws/src/Rescue_Car_ws/install/rosidl_typesupport_microxrcedds_cpp_tests/share/rosidl_typesupport_microxrcedds_cpp_tests/package.zsh'
[57.498s] Level 1:colcon.colcon_core.environment:create_file_with_runtime_dependencies(/root/ros_ws/src/Rescue_Car_ws/install/rosidl_typesupport_microxrcedds_cpp_tests/share/colcon-core/packages/rosidl_typesupport_microxrcedds_cpp_tests)
[57.966s] DEBUG:colcon.colcon_core.event_handler.log_command:Invoked command in '/root/ros_ws/src/Rescue_Car_ws/build/rosidl_typesupport_microxrcedds_c_tests' returned '0': AMENT_PREFIX_PATH=/root/ros_ws/src/Rescue_Car_ws/install/rosidl_typesupport_microxrcedds_test_msg:/root/ros_ws/src/Rescue_Car_ws/install/rmw_microxrcedds:/root/ros_ws/src/Rescue_Car_ws/install/rosidl_typesupport_microxrcedds_cpp:/root/ros_ws/src/Rescue_Car_ws/install/rosidl_typesupport_microxrcedds_c:/root/ros_ws/src/Rescue_Car_ws/install/micro_ros_msgs:/root/ros_ws/src/Rescue_Car_ws/install/builtin_interfaces:${AMENT_PREFIX_PATH} CMAKE_PREFIX_PATH=/root/ros_ws/src/Rescue_Car_ws/install/rosidl_typesupport_microxrcedds_test_msg:/root/ros_ws/src/Rescue_Car_ws/install/rmw_microxrcedds:/root/ros_ws/src/Rescue_Car_ws/install/rosidl_typesupport_microxrcedds_cpp:/root/ros_ws/src/Rescue_Car_ws/install/rosidl_typesupport_microxrcedds_c:/root/ros_ws/src/Rescue_Car_ws/install/microxrcedds_client:/root/ros_ws/src/Rescue_Car_ws/install/microcdr:/root/ros_ws/src/Rescue_Car_ws/install/micro_ros_msgs:/root/ros_ws/src/Rescue_Car_ws/install/builtin_interfaces:/opt/ros/humble LD_LIBRARY_PATH=/root/ros_ws/src/Rescue_Car_ws/install/rosidl_typesupport_microxrcedds_test_msg/lib:/root/ros_ws/src/Rescue_Car_ws/install/rmw_microxrcedds/lib:/root/ros_ws/src/Rescue_Car_ws/install/rosidl_typesupport_microxrcedds_cpp/lib:/root/ros_ws/src/Rescue_Car_ws/install/rosidl_typesupport_microxrcedds_c/lib:/root/ros_ws/src/Rescue_Car_ws/install/micro_ros_msgs/lib:/root/ros_ws/src/Rescue_Car_ws/install/builtin_interfaces/lib:${LD_LIBRARY_PATH} PYTHONPATH=/root/ros_ws/src/Rescue_Car_ws/install/rosidl_typesupport_microxrcedds_test_msg/local/lib/python3.10/dist-packages:/root/ros_ws/src/Rescue_Car_ws/install/rosidl_typesupport_microxrcedds_cpp/local/lib/python3.10/dist-packages:/root/ros_ws/src/Rescue_Car_ws/install/rosidl_typesupport_microxrcedds_c/local/lib/python3.10/dist-packages:/root/ros_ws/src/Rescue_Car_ws/install/micro_ros_msgs/local/lib/python3.10/dist-packages:/root/ros_ws/src/Rescue_Car_ws/install/builtin_interfaces/local/lib/python3.10/dist-packages:${PYTHONPATH} /usr/bin/cmake --build /root/ros_ws/src/Rescue_Car_ws/build/rosidl_typesupport_microxrcedds_c_tests -- -j20 -l20
[57.969s] DEBUG:colcon.colcon_core.event_handler.log_command:Invoking command in '/root/ros_ws/src/Rescue_Car_ws/build/rosidl_typesupport_microxrcedds_c_tests': AMENT_PREFIX_PATH=/root/ros_ws/src/Rescue_Car_ws/install/rosidl_typesupport_microxrcedds_test_msg:/root/ros_ws/src/Rescue_Car_ws/install/rmw_microxrcedds:/root/ros_ws/src/Rescue_Car_ws/install/rosidl_typesupport_microxrcedds_cpp:/root/ros_ws/src/Rescue_Car_ws/install/rosidl_typesupport_microxrcedds_c:/root/ros_ws/src/Rescue_Car_ws/install/micro_ros_msgs:/root/ros_ws/src/Rescue_Car_ws/install/builtin_interfaces:${AMENT_PREFIX_PATH} CMAKE_PREFIX_PATH=/root/ros_ws/src/Rescue_Car_ws/install/rosidl_typesupport_microxrcedds_test_msg:/root/ros_ws/src/Rescue_Car_ws/install/rmw_microxrcedds:/root/ros_ws/src/Rescue_Car_ws/install/rosidl_typesupport_microxrcedds_cpp:/root/ros_ws/src/Rescue_Car_ws/install/rosidl_typesupport_microxrcedds_c:/root/ros_ws/src/Rescue_Car_ws/install/microxrcedds_client:/root/ros_ws/src/Rescue_Car_ws/install/microcdr:/root/ros_ws/src/Rescue_Car_ws/install/micro_ros_msgs:/root/ros_ws/src/Rescue_Car_ws/install/builtin_interfaces:/opt/ros/humble LD_LIBRARY_PATH=/root/ros_ws/src/Rescue_Car_ws/install/rosidl_typesupport_microxrcedds_test_msg/lib:/root/ros_ws/src/Rescue_Car_ws/install/rmw_microxrcedds/lib:/root/ros_ws/src/Rescue_Car_ws/install/rosidl_typesupport_microxrcedds_cpp/lib:/root/ros_ws/src/Rescue_Car_ws/install/rosidl_typesupport_microxrcedds_c/lib:/root/ros_ws/src/Rescue_Car_ws/install/micro_ros_msgs/lib:/root/ros_ws/src/Rescue_Car_ws/install/builtin_interfaces/lib:${LD_LIBRARY_PATH} PYTHONPATH=/root/ros_ws/src/Rescue_Car_ws/install/rosidl_typesupport_microxrcedds_test_msg/local/lib/python3.10/dist-packages:/root/ros_ws/src/Rescue_Car_ws/install/rosidl_typesupport_microxrcedds_cpp/local/lib/python3.10/dist-packages:/root/ros_ws/src/Rescue_Car_ws/install/rosidl_typesupport_microxrcedds_c/local/lib/python3.10/dist-packages:/root/ros_ws/src/Rescue_Car_ws/install/micro_ros_msgs/local/lib/python3.10/dist-packages:/root/ros_ws/src/Rescue_Car_ws/install/builtin_interfaces/local/lib/python3.10/dist-packages:${PYTHONPATH} /usr/bin/cmake --install /root/ros_ws/src/Rescue_Car_ws/build/rosidl_typesupport_microxrcedds_c_tests
[57.982s] Level 1:colcon.colcon_core.environment:create_environment_scripts_only(rosidl_typesupport_microxrcedds_c_tests)
[57.982s] Level 1:colcon.colcon_core.environment:checking '/root/ros_ws/src/Rescue_Car_ws/install/rosidl_typesupport_microxrcedds_c_tests' for CMake module files
[57.982s] DEBUG:colcon.colcon_core.event_handler.log_command:Invoked command in '/root/ros_ws/src/Rescue_Car_ws/build/rosidl_typesupport_microxrcedds_c_tests' returned '0': AMENT_PREFIX_PATH=/root/ros_ws/src/Rescue_Car_ws/install/rosidl_typesupport_microxrcedds_test_msg:/root/ros_ws/src/Rescue_Car_ws/install/rmw_microxrcedds:/root/ros_ws/src/Rescue_Car_ws/install/rosidl_typesupport_microxrcedds_cpp:/root/ros_ws/src/Rescue_Car_ws/install/rosidl_typesupport_microxrcedds_c:/root/ros_ws/src/Rescue_Car_ws/install/micro_ros_msgs:/root/ros_ws/src/Rescue_Car_ws/install/builtin_interfaces:${AMENT_PREFIX_PATH} CMAKE_PREFIX_PATH=/root/ros_ws/src/Rescue_Car_ws/install/rosidl_typesupport_microxrcedds_test_msg:/root/ros_ws/src/Rescue_Car_ws/install/rmw_microxrcedds:/root/ros_ws/src/Rescue_Car_ws/install/rosidl_typesupport_microxrcedds_cpp:/root/ros_ws/src/Rescue_Car_ws/install/rosidl_typesupport_microxrcedds_c:/root/ros_ws/src/Rescue_Car_ws/install/microxrcedds_client:/root/ros_ws/src/Rescue_Car_ws/install/microcdr:/root/ros_ws/src/Rescue_Car_ws/install/micro_ros_msgs:/root/ros_ws/src/Rescue_Car_ws/install/builtin_interfaces:/opt/ros/humble LD_LIBRARY_PATH=/root/ros_ws/src/Rescue_Car_ws/install/rosidl_typesupport_microxrcedds_test_msg/lib:/root/ros_ws/src/Rescue_Car_ws/install/rmw_microxrcedds/lib:/root/ros_ws/src/Rescue_Car_ws/install/rosidl_typesupport_microxrcedds_cpp/lib:/root/ros_ws/src/Rescue_Car_ws/install/rosidl_typesupport_microxrcedds_c/lib:/root/ros_ws/src/Rescue_Car_ws/install/micro_ros_msgs/lib:/root/ros_ws/src/Rescue_Car_ws/install/builtin_interfaces/lib:${LD_LIBRARY_PATH} PYTHONPATH=/root/ros_ws/src/Rescue_Car_ws/install/rosidl_typesupport_microxrcedds_test_msg/local/lib/python3.10/dist-packages:/root/ros_ws/src/Rescue_Car_ws/install/rosidl_typesupport_microxrcedds_cpp/local/lib/python3.10/dist-packages:/root/ros_ws/src/Rescue_Car_ws/install/rosidl_typesupport_microxrcedds_c/local/lib/python3.10/dist-packages:/root/ros_ws/src/Rescue_Car_ws/install/micro_ros_msgs/local/lib/python3.10/dist-packages:/root/ros_ws/src/Rescue_Car_ws/install/builtin_interfaces/local/lib/python3.10/dist-packages:${PYTHONPATH} /usr/bin/cmake --install /root/ros_ws/src/Rescue_Car_ws/build/rosidl_typesupport_microxrcedds_c_tests
[57.983s] Level 1:colcon.colcon_core.environment:checking '/root/ros_ws/src/Rescue_Car_ws/install/rosidl_typesupport_microxrcedds_c_tests' for CMake config files
[57.983s] Level 1:colcon.colcon_core.shell:create_environment_hook('rosidl_typesupport_microxrcedds_c_tests', 'cmake_prefix_path')
[57.984s] INFO:colcon.colcon_core.shell:Creating environment hook '/root/ros_ws/src/Rescue_Car_ws/install/rosidl_typesupport_microxrcedds_c_tests/share/rosidl_typesupport_microxrcedds_c_tests/hook/cmake_prefix_path.ps1'
[57.985s] INFO:colcon.colcon_core.shell:Creating environment descriptor '/root/ros_ws/src/Rescue_Car_ws/install/rosidl_typesupport_microxrcedds_c_tests/share/rosidl_typesupport_microxrcedds_c_tests/hook/cmake_prefix_path.dsv'
[57.985s] INFO:colcon.colcon_core.shell:Creating environment hook '/root/ros_ws/src/Rescue_Car_ws/install/rosidl_typesupport_microxrcedds_c_tests/share/rosidl_typesupport_microxrcedds_c_tests/hook/cmake_prefix_path.sh'
[57.986s] Level 1:colcon.colcon_core.environment:checking '/root/ros_ws/src/Rescue_Car_ws/install/rosidl_typesupport_microxrcedds_c_tests/bin'
[57.986s] Level 1:colcon.colcon_core.environment:checking '/root/ros_ws/src/Rescue_Car_ws/install/rosidl_typesupport_microxrcedds_c_tests/lib/pkgconfig/rosidl_typesupport_microxrcedds_c_tests.pc'
[57.986s] Level 1:colcon.colcon_core.environment:checking '/root/ros_ws/src/Rescue_Car_ws/install/rosidl_typesupport_microxrcedds_c_tests/lib/python3.10/site-packages'
[57.987s] Level 1:colcon.colcon_core.environment:checking '/root/ros_ws/src/Rescue_Car_ws/install/rosidl_typesupport_microxrcedds_c_tests/bin'
[57.987s] INFO:colcon.colcon_core.shell:Creating package script '/root/ros_ws/src/Rescue_Car_ws/install/rosidl_typesupport_microxrcedds_c_tests/share/rosidl_typesupport_microxrcedds_c_tests/package.ps1'
[57.988s] INFO:colcon.colcon_core.shell:Creating package descriptor '/root/ros_ws/src/Rescue_Car_ws/install/rosidl_typesupport_microxrcedds_c_tests/share/rosidl_typesupport_microxrcedds_c_tests/package.dsv'
[57.989s] INFO:colcon.colcon_core.shell:Creating package script '/root/ros_ws/src/Rescue_Car_ws/install/rosidl_typesupport_microxrcedds_c_tests/share/rosidl_typesupport_microxrcedds_c_tests/package.sh'
[57.989s] INFO:colcon.colcon_core.shell:Creating package script '/root/ros_ws/src/Rescue_Car_ws/install/rosidl_typesupport_microxrcedds_c_tests/share/rosidl_typesupport_microxrcedds_c_tests/package.bash'
[57.989s] INFO:colcon.colcon_core.shell:Creating package script '/root/ros_ws/src/Rescue_Car_ws/install/rosidl_typesupport_microxrcedds_c_tests/share/rosidl_typesupport_microxrcedds_c_tests/package.zsh'
[57.990s] Level 1:colcon.colcon_core.environment:create_file_with_runtime_dependencies(/root/ros_ws/src/Rescue_Car_ws/install/rosidl_typesupport_microxrcedds_c_tests/share/colcon-core/packages/rosidl_typesupport_microxrcedds_c_tests)
[57.991s] Level 1:colcon.colcon_core.environment:create_environment_scripts_only(rosidl_typesupport_microxrcedds_c_tests)
[57.991s] Level 1:colcon.colcon_core.environment:checking '/root/ros_ws/src/Rescue_Car_ws/install/rosidl_typesupport_microxrcedds_c_tests' for CMake module files
[57.991s] Level 1:colcon.colcon_core.environment:checking '/root/ros_ws/src/Rescue_Car_ws/install/rosidl_typesupport_microxrcedds_c_tests' for CMake config files
[57.991s] Level 1:colcon.colcon_core.shell:create_environment_hook('rosidl_typesupport_microxrcedds_c_tests', 'cmake_prefix_path')
[57.992s] INFO:colcon.colcon_core.shell:Creating environment hook '/root/ros_ws/src/Rescue_Car_ws/install/rosidl_typesupport_microxrcedds_c_tests/share/rosidl_typesupport_microxrcedds_c_tests/hook/cmake_prefix_path.ps1'
[57.992s] INFO:colcon.colcon_core.shell:Creating environment descriptor '/root/ros_ws/src/Rescue_Car_ws/install/rosidl_typesupport_microxrcedds_c_tests/share/rosidl_typesupport_microxrcedds_c_tests/hook/cmake_prefix_path.dsv'
[57.993s] INFO:colcon.colcon_core.shell:Creating environment hook '/root/ros_ws/src/Rescue_Car_ws/install/rosidl_typesupport_microxrcedds_c_tests/share/rosidl_typesupport_microxrcedds_c_tests/hook/cmake_prefix_path.sh'
[57.994s] Level 1:colcon.colcon_core.environment:checking '/root/ros_ws/src/Rescue_Car_ws/install/rosidl_typesupport_microxrcedds_c_tests/bin'
[57.994s] Level 1:colcon.colcon_core.environment:checking '/root/ros_ws/src/Rescue_Car_ws/install/rosidl_typesupport_microxrcedds_c_tests/lib/pkgconfig/rosidl_typesupport_microxrcedds_c_tests.pc'
[57.994s] Level 1:colcon.colcon_core.environment:checking '/root/ros_ws/src/Rescue_Car_ws/install/rosidl_typesupport_microxrcedds_c_tests/lib/python3.10/site-packages'
[57.995s] Level 1:colcon.colcon_core.environment:checking '/root/ros_ws/src/Rescue_Car_ws/install/rosidl_typesupport_microxrcedds_c_tests/bin'
[57.995s] INFO:colcon.colcon_core.shell:Creating package script '/root/ros_ws/src/Rescue_Car_ws/install/rosidl_typesupport_microxrcedds_c_tests/share/rosidl_typesupport_microxrcedds_c_tests/package.ps1'
[57.996s] INFO:colcon.colcon_core.shell:Creating package descriptor '/root/ros_ws/src/Rescue_Car_ws/install/rosidl_typesupport_microxrcedds_c_tests/share/rosidl_typesupport_microxrcedds_c_tests/package.dsv'
[57.997s] INFO:colcon.colcon_core.shell:Creating package script '/root/ros_ws/src/Rescue_Car_ws/install/rosidl_typesupport_microxrcedds_c_tests/share/rosidl_typesupport_microxrcedds_c_tests/package.sh'
[57.997s] INFO:colcon.colcon_core.shell:Creating package script '/root/ros_ws/src/Rescue_Car_ws/install/rosidl_typesupport_microxrcedds_c_tests/share/rosidl_typesupport_microxrcedds_c_tests/package.bash'
[57.998s] INFO:colcon.colcon_core.shell:Creating package script '/root/ros_ws/src/Rescue_Car_ws/install/rosidl_typesupport_microxrcedds_c_tests/share/rosidl_typesupport_microxrcedds_c_tests/package.zsh'
[57.998s] Level 1:colcon.colcon_core.environment:create_file_with_runtime_dependencies(/root/ros_ws/src/Rescue_Car_ws/install/rosidl_typesupport_microxrcedds_c_tests/share/colcon-core/packages/rosidl_typesupport_microxrcedds_c_tests)
[61.955s] DEBUG:colcon.colcon_core.event_handler.log_command:Invoked command in '/root/ros_ws/src/Rescue_Car_ws/build/composition_interfaces' returned '0': AMENT_PREFIX_PATH=/root/ros_ws/src/Rescue_Car_ws/install/rcl_interfaces:/root/ros_ws/src/Rescue_Car_ws/install/builtin_interfaces:${AMENT_PREFIX_PATH} CMAKE_PREFIX_PATH=/root/ros_ws/src/Rescue_Car_ws/install/rcl_interfaces:/root/ros_ws/src/Rescue_Car_ws/install/builtin_interfaces:/opt/ros/humble LD_LIBRARY_PATH=/root/ros_ws/src/Rescue_Car_ws/install/rcl_interfaces/lib:/root/ros_ws/src/Rescue_Car_ws/install/builtin_interfaces/lib:${LD_LIBRARY_PATH} PYTHONPATH=/root/ros_ws/src/Rescue_Car_ws/install/rcl_interfaces/local/lib/python3.10/dist-packages:/root/ros_ws/src/Rescue_Car_ws/install/builtin_interfaces/local/lib/python3.10/dist-packages:${PYTHONPATH} /usr/bin/cmake --build /root/ros_ws/src/Rescue_Car_ws/build/composition_interfaces -- -j20 -l20
[61.957s] DEBUG:colcon.colcon_core.event_handler.log_command:Invoking command in '/root/ros_ws/src/Rescue_Car_ws/build/composition_interfaces': AMENT_PREFIX_PATH=/root/ros_ws/src/Rescue_Car_ws/install/rcl_interfaces:/root/ros_ws/src/Rescue_Car_ws/install/builtin_interfaces:${AMENT_PREFIX_PATH} CMAKE_PREFIX_PATH=/root/ros_ws/src/Rescue_Car_ws/install/rcl_interfaces:/root/ros_ws/src/Rescue_Car_ws/install/builtin_interfaces:/opt/ros/humble LD_LIBRARY_PATH=/root/ros_ws/src/Rescue_Car_ws/install/rcl_interfaces/lib:/root/ros_ws/src/Rescue_Car_ws/install/builtin_interfaces/lib:${LD_LIBRARY_PATH} PYTHONPATH=/root/ros_ws/src/Rescue_Car_ws/install/rcl_interfaces/local/lib/python3.10/dist-packages:/root/ros_ws/src/Rescue_Car_ws/install/builtin_interfaces/local/lib/python3.10/dist-packages:${PYTHONPATH} /usr/bin/cmake --install /root/ros_ws/src/Rescue_Car_ws/build/composition_interfaces
[62.031s] Level 1:colcon.colcon_core.environment:create_environment_scripts_only(composition_interfaces)
[62.031s] Level 1:colcon.colcon_core.environment:checking '/root/ros_ws/src/Rescue_Car_ws/install/composition_interfaces' for CMake module files
[62.032s] DEBUG:colcon.colcon_core.event_handler.log_command:Invoked command in '/root/ros_ws/src/Rescue_Car_ws/build/composition_interfaces' returned '0': AMENT_PREFIX_PATH=/root/ros_ws/src/Rescue_Car_ws/install/rcl_interfaces:/root/ros_ws/src/Rescue_Car_ws/install/builtin_interfaces:${AMENT_PREFIX_PATH} CMAKE_PREFIX_PATH=/root/ros_ws/src/Rescue_Car_ws/install/rcl_interfaces:/root/ros_ws/src/Rescue_Car_ws/install/builtin_interfaces:/opt/ros/humble LD_LIBRARY_PATH=/root/ros_ws/src/Rescue_Car_ws/install/rcl_interfaces/lib:/root/ros_ws/src/Rescue_Car_ws/install/builtin_interfaces/lib:${LD_LIBRARY_PATH} PYTHONPATH=/root/ros_ws/src/Rescue_Car_ws/install/rcl_interfaces/local/lib/python3.10/dist-packages:/root/ros_ws/src/Rescue_Car_ws/install/builtin_interfaces/local/lib/python3.10/dist-packages:${PYTHONPATH} /usr/bin/cmake --install /root/ros_ws/src/Rescue_Car_ws/build/composition_interfaces
[62.033s] Level 1:colcon.colcon_core.environment:checking '/root/ros_ws/src/Rescue_Car_ws/install/composition_interfaces' for CMake config files
[62.034s] Level 1:colcon.colcon_core.shell:create_environment_hook('composition_interfaces', 'cmake_prefix_path')
[62.034s] INFO:colcon.colcon_core.shell:Creating environment hook '/root/ros_ws/src/Rescue_Car_ws/install/composition_interfaces/share/composition_interfaces/hook/cmake_prefix_path.ps1'
[62.035s] INFO:colcon.colcon_core.shell:Creating environment descriptor '/root/ros_ws/src/Rescue_Car_ws/install/composition_interfaces/share/composition_interfaces/hook/cmake_prefix_path.dsv'
[62.035s] INFO:colcon.colcon_core.shell:Creating environment hook '/root/ros_ws/src/Rescue_Car_ws/install/composition_interfaces/share/composition_interfaces/hook/cmake_prefix_path.sh'
[62.036s] Level 1:colcon.colcon_core.environment:checking '/root/ros_ws/src/Rescue_Car_ws/install/composition_interfaces/lib'
[62.036s] Level 1:colcon.colcon_core.shell:create_environment_hook('composition_interfaces', 'ld_library_path_lib')
[62.037s] INFO:colcon.colcon_core.shell:Creating environment hook '/root/ros_ws/src/Rescue_Car_ws/install/composition_interfaces/share/composition_interfaces/hook/ld_library_path_lib.ps1'
[62.037s] INFO:colcon.colcon_core.shell:Creating environment descriptor '/root/ros_ws/src/Rescue_Car_ws/install/composition_interfaces/share/composition_interfaces/hook/ld_library_path_lib.dsv'
[62.037s] INFO:colcon.colcon_core.shell:Creating environment hook '/root/ros_ws/src/Rescue_Car_ws/install/composition_interfaces/share/composition_interfaces/hook/ld_library_path_lib.sh'
[62.038s] Level 1:colcon.colcon_core.environment:checking '/root/ros_ws/src/Rescue_Car_ws/install/composition_interfaces/bin'
[62.038s] Level 1:colcon.colcon_core.environment:checking '/root/ros_ws/src/Rescue_Car_ws/install/composition_interfaces/lib/pkgconfig/composition_interfaces.pc'
[62.038s] Level 1:colcon.colcon_core.environment:checking '/root/ros_ws/src/Rescue_Car_ws/install/composition_interfaces/lib/python3.10/site-packages'
[62.039s] Level 1:colcon.colcon_core.environment:checking '/root/ros_ws/src/Rescue_Car_ws/install/composition_interfaces/bin'
[62.039s] INFO:colcon.colcon_core.shell:Creating package script '/root/ros_ws/src/Rescue_Car_ws/install/composition_interfaces/share/composition_interfaces/package.ps1'
[62.039s] INFO:colcon.colcon_core.shell:Creating package descriptor '/root/ros_ws/src/Rescue_Car_ws/install/composition_interfaces/share/composition_interfaces/package.dsv'
[62.040s] INFO:colcon.colcon_core.shell:Creating package script '/root/ros_ws/src/Rescue_Car_ws/install/composition_interfaces/share/composition_interfaces/package.sh'
[62.040s] INFO:colcon.colcon_core.shell:Creating package script '/root/ros_ws/src/Rescue_Car_ws/install/composition_interfaces/share/composition_interfaces/package.bash'
[62.040s] INFO:colcon.colcon_core.shell:Creating package script '/root/ros_ws/src/Rescue_Car_ws/install/composition_interfaces/share/composition_interfaces/package.zsh'
[62.040s] Level 1:colcon.colcon_core.environment:create_file_with_runtime_dependencies(/root/ros_ws/src/Rescue_Car_ws/install/composition_interfaces/share/colcon-core/packages/composition_interfaces)
[62.041s] Level 1:colcon.colcon_core.environment:create_environment_scripts_only(composition_interfaces)
[62.041s] Level 1:colcon.colcon_core.environment:checking '/root/ros_ws/src/Rescue_Car_ws/install/composition_interfaces' for CMake module files
[62.042s] Level 1:colcon.colcon_core.environment:checking '/root/ros_ws/src/Rescue_Car_ws/install/composition_interfaces' for CMake config files
[62.042s] Level 1:colcon.colcon_core.shell:create_environment_hook('composition_interfaces', 'cmake_prefix_path')
[62.042s] INFO:colcon.colcon_core.shell:Creating environment hook '/root/ros_ws/src/Rescue_Car_ws/install/composition_interfaces/share/composition_interfaces/hook/cmake_prefix_path.ps1'
[62.043s] INFO:colcon.colcon_core.shell:Creating environment descriptor '/root/ros_ws/src/Rescue_Car_ws/install/composition_interfaces/share/composition_interfaces/hook/cmake_prefix_path.dsv'
[62.043s] INFO:colcon.colcon_core.shell:Creating environment hook '/root/ros_ws/src/Rescue_Car_ws/install/composition_interfaces/share/composition_interfaces/hook/cmake_prefix_path.sh'
[62.043s] Level 1:colcon.colcon_core.environment:checking '/root/ros_ws/src/Rescue_Car_ws/install/composition_interfaces/lib'
[62.044s] Level 1:colcon.colcon_core.shell:create_environment_hook('composition_interfaces', 'ld_library_path_lib')
[62.044s] INFO:colcon.colcon_core.shell:Creating environment hook '/root/ros_ws/src/Rescue_Car_ws/install/composition_interfaces/share/composition_interfaces/hook/ld_library_path_lib.ps1'
[62.044s] INFO:colcon.colcon_core.shell:Creating environment descriptor '/root/ros_ws/src/Rescue_Car_ws/install/composition_interfaces/share/composition_interfaces/hook/ld_library_path_lib.dsv'
[62.044s] INFO:colcon.colcon_core.shell:Creating environment hook '/root/ros_ws/src/Rescue_Car_ws/install/composition_interfaces/share/composition_interfaces/hook/ld_library_path_lib.sh'
[62.045s] Level 1:colcon.colcon_core.environment:checking '/root/ros_ws/src/Rescue_Car_ws/install/composition_interfaces/bin'
[62.045s] Level 1:colcon.colcon_core.environment:checking '/root/ros_ws/src/Rescue_Car_ws/install/composition_interfaces/lib/pkgconfig/composition_interfaces.pc'
[62.045s] Level 1:colcon.colcon_core.environment:checking '/root/ros_ws/src/Rescue_Car_ws/install/composition_interfaces/lib/python3.10/site-packages'
[62.045s] Level 1:colcon.colcon_core.environment:checking '/root/ros_ws/src/Rescue_Car_ws/install/composition_interfaces/bin'
[62.045s] INFO:colcon.colcon_core.shell:Creating package script '/root/ros_ws/src/Rescue_Car_ws/install/composition_interfaces/share/composition_interfaces/package.ps1'
[62.045s] INFO:colcon.colcon_core.shell:Creating package descriptor '/root/ros_ws/src/Rescue_Car_ws/install/composition_interfaces/share/composition_interfaces/package.dsv'
[62.046s] INFO:colcon.colcon_core.shell:Creating package script '/root/ros_ws/src/Rescue_Car_ws/install/composition_interfaces/share/composition_interfaces/package.sh'
[62.046s] INFO:colcon.colcon_core.shell:Creating package script '/root/ros_ws/src/Rescue_Car_ws/install/composition_interfaces/share/composition_interfaces/package.bash'
[62.047s] INFO:colcon.colcon_core.shell:Creating package script '/root/ros_ws/src/Rescue_Car_ws/install/composition_interfaces/share/composition_interfaces/package.zsh'
[62.047s] Level 1:colcon.colcon_core.environment:create_file_with_runtime_dependencies(/root/ros_ws/src/Rescue_Car_ws/install/composition_interfaces/share/colcon-core/packages/composition_interfaces)
[62.318s] DEBUG:colcon.colcon_core.event_handler.log_command:Invoked command in '/root/ros_ws/src/Rescue_Car_ws/build/actionlib_msgs' returned '0': AMENT_PREFIX_PATH=/root/ros_ws/src/Rescue_Car_ws/install/std_msgs:/root/ros_ws/src/Rescue_Car_ws/install/builtin_interfaces:${AMENT_PREFIX_PATH} CMAKE_PREFIX_PATH=/root/ros_ws/src/Rescue_Car_ws/install/std_msgs:/root/ros_ws/src/Rescue_Car_ws/install/builtin_interfaces:/opt/ros/humble LD_LIBRARY_PATH=/root/ros_ws/src/Rescue_Car_ws/install/std_msgs/lib:/root/ros_ws/src/Rescue_Car_ws/install/builtin_interfaces/lib:${LD_LIBRARY_PATH} PYTHONPATH=/root/ros_ws/src/Rescue_Car_ws/install/std_msgs/local/lib/python3.10/dist-packages:/root/ros_ws/src/Rescue_Car_ws/install/builtin_interfaces/local/lib/python3.10/dist-packages:${PYTHONPATH} /usr/bin/cmake --build /root/ros_ws/src/Rescue_Car_ws/build/actionlib_msgs -- -j20 -l20
[62.320s] DEBUG:colcon.colcon_core.event_handler.log_command:Invoking command in '/root/ros_ws/src/Rescue_Car_ws/build/actionlib_msgs': AMENT_PREFIX_PATH=/root/ros_ws/src/Rescue_Car_ws/install/std_msgs:/root/ros_ws/src/Rescue_Car_ws/install/builtin_interfaces:${AMENT_PREFIX_PATH} CMAKE_PREFIX_PATH=/root/ros_ws/src/Rescue_Car_ws/install/std_msgs:/root/ros_ws/src/Rescue_Car_ws/install/builtin_interfaces:/opt/ros/humble LD_LIBRARY_PATH=/root/ros_ws/src/Rescue_Car_ws/install/std_msgs/lib:/root/ros_ws/src/Rescue_Car_ws/install/builtin_interfaces/lib:${LD_LIBRARY_PATH} PYTHONPATH=/root/ros_ws/src/Rescue_Car_ws/install/std_msgs/local/lib/python3.10/dist-packages:/root/ros_ws/src/Rescue_Car_ws/install/builtin_interfaces/local/lib/python3.10/dist-packages:${PYTHONPATH} /usr/bin/cmake --install /root/ros_ws/src/Rescue_Car_ws/build/actionlib_msgs
[60.407s] Level 1:colcon.colcon_core.environment:create_environment_scripts_only(actionlib_msgs)
[60.407s] Level 1:colcon.colcon_core.environment:checking '/root/ros_ws/src/Rescue_Car_ws/install/actionlib_msgs' for CMake module files
[60.407s] DEBUG:colcon.colcon_core.event_handler.log_command:Invoked command in '/root/ros_ws/src/Rescue_Car_ws/build/actionlib_msgs' returned '0': AMENT_PREFIX_PATH=/root/ros_ws/src/Rescue_Car_ws/install/std_msgs:/root/ros_ws/src/Rescue_Car_ws/install/builtin_interfaces:${AMENT_PREFIX_PATH} CMAKE_PREFIX_PATH=/root/ros_ws/src/Rescue_Car_ws/install/std_msgs:/root/ros_ws/src/Rescue_Car_ws/install/builtin_interfaces:/opt/ros/humble LD_LIBRARY_PATH=/root/ros_ws/src/Rescue_Car_ws/install/std_msgs/lib:/root/ros_ws/src/Rescue_Car_ws/install/builtin_interfaces/lib:${LD_LIBRARY_PATH} PYTHONPATH=/root/ros_ws/src/Rescue_Car_ws/install/std_msgs/local/lib/python3.10/dist-packages:/root/ros_ws/src/Rescue_Car_ws/install/builtin_interfaces/local/lib/python3.10/dist-packages:${PYTHONPATH} /usr/bin/cmake --install /root/ros_ws/src/Rescue_Car_ws/build/actionlib_msgs
[60.408s] Level 1:colcon.colcon_core.environment:checking '/root/ros_ws/src/Rescue_Car_ws/install/actionlib_msgs' for CMake config files
[60.408s] Level 1:colcon.colcon_core.shell:create_environment_hook('actionlib_msgs', 'cmake_prefix_path')
[60.409s] INFO:colcon.colcon_core.shell:Creating environment hook '/root/ros_ws/src/Rescue_Car_ws/install/actionlib_msgs/share/actionlib_msgs/hook/cmake_prefix_path.ps1'
[60.410s] INFO:colcon.colcon_core.shell:Creating environment descriptor '/root/ros_ws/src/Rescue_Car_ws/install/actionlib_msgs/share/actionlib_msgs/hook/cmake_prefix_path.dsv'
[60.410s] INFO:colcon.colcon_core.shell:Creating environment hook '/root/ros_ws/src/Rescue_Car_ws/install/actionlib_msgs/share/actionlib_msgs/hook/cmake_prefix_path.sh'
[60.411s] Level 1:colcon.colcon_core.environment:checking '/root/ros_ws/src/Rescue_Car_ws/install/actionlib_msgs/lib'
[60.411s] Level 1:colcon.colcon_core.shell:create_environment_hook('actionlib_msgs', 'ld_library_path_lib')
[60.411s] INFO:colcon.colcon_core.shell:Creating environment hook '/root/ros_ws/src/Rescue_Car_ws/install/actionlib_msgs/share/actionlib_msgs/hook/ld_library_path_lib.ps1'
[60.412s] INFO:colcon.colcon_core.shell:Creating environment descriptor '/root/ros_ws/src/Rescue_Car_ws/install/actionlib_msgs/share/actionlib_msgs/hook/ld_library_path_lib.dsv'
[60.412s] INFO:colcon.colcon_core.shell:Creating environment hook '/root/ros_ws/src/Rescue_Car_ws/install/actionlib_msgs/share/actionlib_msgs/hook/ld_library_path_lib.sh'
[60.413s] Level 1:colcon.colcon_core.environment:checking '/root/ros_ws/src/Rescue_Car_ws/install/actionlib_msgs/bin'
[60.413s] Level 1:colcon.colcon_core.environment:checking '/root/ros_ws/src/Rescue_Car_ws/install/actionlib_msgs/lib/pkgconfig/actionlib_msgs.pc'
[60.413s] Level 1:colcon.colcon_core.environment:checking '/root/ros_ws/src/Rescue_Car_ws/install/actionlib_msgs/lib/python3.10/site-packages'
[60.413s] Level 1:colcon.colcon_core.environment:checking '/root/ros_ws/src/Rescue_Car_ws/install/actionlib_msgs/bin'
[60.414s] INFO:colcon.colcon_core.shell:Creating package script '/root/ros_ws/src/Rescue_Car_ws/install/actionlib_msgs/share/actionlib_msgs/package.ps1'
[60.414s] INFO:colcon.colcon_core.shell:Creating package descriptor '/root/ros_ws/src/Rescue_Car_ws/install/actionlib_msgs/share/actionlib_msgs/package.dsv'
[60.415s] INFO:colcon.colcon_core.shell:Creating package script '/root/ros_ws/src/Rescue_Car_ws/install/actionlib_msgs/share/actionlib_msgs/package.sh'
[60.415s] INFO:colcon.colcon_core.shell:Creating package script '/root/ros_ws/src/Rescue_Car_ws/install/actionlib_msgs/share/actionlib_msgs/package.bash'
[60.416s] INFO:colcon.colcon_core.shell:Creating package script '/root/ros_ws/src/Rescue_Car_ws/install/actionlib_msgs/share/actionlib_msgs/package.zsh'
[60.417s] Level 1:colcon.colcon_core.environment:create_file_with_runtime_dependencies(/root/ros_ws/src/Rescue_Car_ws/install/actionlib_msgs/share/colcon-core/packages/actionlib_msgs)
[60.418s] Level 1:colcon.colcon_core.environment:create_environment_scripts_only(actionlib_msgs)
[60.418s] Level 1:colcon.colcon_core.environment:checking '/root/ros_ws/src/Rescue_Car_ws/install/actionlib_msgs' for CMake module files
[60.419s] Level 1:colcon.colcon_core.environment:checking '/root/ros_ws/src/Rescue_Car_ws/install/actionlib_msgs' for CMake config files
[60.419s] Level 1:colcon.colcon_core.shell:create_environment_hook('actionlib_msgs', 'cmake_prefix_path')
[60.420s] INFO:colcon.colcon_core.shell:Creating environment hook '/root/ros_ws/src/Rescue_Car_ws/install/actionlib_msgs/share/actionlib_msgs/hook/cmake_prefix_path.ps1'
[60.420s] INFO:colcon.colcon_core.shell:Creating environment descriptor '/root/ros_ws/src/Rescue_Car_ws/install/actionlib_msgs/share/actionlib_msgs/hook/cmake_prefix_path.dsv'
[60.421s] INFO:colcon.colcon_core.shell:Creating environment hook '/root/ros_ws/src/Rescue_Car_ws/install/actionlib_msgs/share/actionlib_msgs/hook/cmake_prefix_path.sh'
[60.421s] Level 1:colcon.colcon_core.environment:checking '/root/ros_ws/src/Rescue_Car_ws/install/actionlib_msgs/lib'
[60.421s] Level 1:colcon.colcon_core.shell:create_environment_hook('actionlib_msgs', 'ld_library_path_lib')
[60.422s] INFO:colcon.colcon_core.shell:Creating environment hook '/root/ros_ws/src/Rescue_Car_ws/install/actionlib_msgs/share/actionlib_msgs/hook/ld_library_path_lib.ps1'
[60.422s] INFO:colcon.colcon_core.shell:Creating environment descriptor '/root/ros_ws/src/Rescue_Car_ws/install/actionlib_msgs/share/actionlib_msgs/hook/ld_library_path_lib.dsv'
[60.422s] INFO:colcon.colcon_core.shell:Creating environment hook '/root/ros_ws/src/Rescue_Car_ws/install/actionlib_msgs/share/actionlib_msgs/hook/ld_library_path_lib.sh'
[60.423s] Level 1:colcon.colcon_core.environment:checking '/root/ros_ws/src/Rescue_Car_ws/install/actionlib_msgs/bin'
[60.423s] Level 1:colcon.colcon_core.environment:checking '/root/ros_ws/src/Rescue_Car_ws/install/actionlib_msgs/lib/pkgconfig/actionlib_msgs.pc'
[60.423s] Level 1:colcon.colcon_core.environment:checking '/root/ros_ws/src/Rescue_Car_ws/install/actionlib_msgs/lib/python3.10/site-packages'
[60.424s] Level 1:colcon.colcon_core.environment:checking '/root/ros_ws/src/Rescue_Car_ws/install/actionlib_msgs/bin'
[60.424s] INFO:colcon.colcon_core.shell:Creating package script '/root/ros_ws/src/Rescue_Car_ws/install/actionlib_msgs/share/actionlib_msgs/package.ps1'
[60.425s] INFO:colcon.colcon_core.shell:Creating package descriptor '/root/ros_ws/src/Rescue_Car_ws/install/actionlib_msgs/share/actionlib_msgs/package.dsv'
[60.426s] INFO:colcon.colcon_core.shell:Creating package script '/root/ros_ws/src/Rescue_Car_ws/install/actionlib_msgs/share/actionlib_msgs/package.sh'
[60.426s] INFO:colcon.colcon_core.shell:Creating package script '/root/ros_ws/src/Rescue_Car_ws/install/actionlib_msgs/share/actionlib_msgs/package.bash'
[60.427s] INFO:colcon.colcon_core.shell:Creating package script '/root/ros_ws/src/Rescue_Car_ws/install/actionlib_msgs/share/actionlib_msgs/package.zsh'
[60.427s] Level 1:colcon.colcon_core.environment:create_file_with_runtime_dependencies(/root/ros_ws/src/Rescue_Car_ws/install/actionlib_msgs/share/colcon-core/packages/actionlib_msgs)
[63.755s] DEBUG:colcon.colcon_core.event_handler.log_command:Invoked command in '/root/ros_ws/src/Rescue_Car_ws/build/example_interfaces' returned '0': AMENT_PREFIX_PATH=/root/ros_ws/src/Rescue_Car_ws/install/action_msgs:/root/ros_ws/src/Rescue_Car_ws/install/unique_identifier_msgs:/root/ros_ws/src/Rescue_Car_ws/install/builtin_interfaces:${AMENT_PREFIX_PATH} CMAKE_PREFIX_PATH=/root/ros_ws/src/Rescue_Car_ws/install/action_msgs:/root/ros_ws/src/Rescue_Car_ws/install/unique_identifier_msgs:/root/ros_ws/src/Rescue_Car_ws/install/builtin_interfaces:/opt/ros/humble LD_LIBRARY_PATH=/root/ros_ws/src/Rescue_Car_ws/install/action_msgs/lib:/root/ros_ws/src/Rescue_Car_ws/install/unique_identifier_msgs/lib:/root/ros_ws/src/Rescue_Car_ws/install/builtin_interfaces/lib:${LD_LIBRARY_PATH} PYTHONPATH=/root/ros_ws/src/Rescue_Car_ws/install/action_msgs/local/lib/python3.10/dist-packages:/root/ros_ws/src/Rescue_Car_ws/install/unique_identifier_msgs/local/lib/python3.10/dist-packages:/root/ros_ws/src/Rescue_Car_ws/install/builtin_interfaces/local/lib/python3.10/dist-packages:${PYTHONPATH} /usr/bin/cmake --build /root/ros_ws/src/Rescue_Car_ws/build/example_interfaces -- -j20 -l20
[63.758s] DEBUG:colcon.colcon_core.event_handler.log_command:Invoking command in '/root/ros_ws/src/Rescue_Car_ws/build/example_interfaces': AMENT_PREFIX_PATH=/root/ros_ws/src/Rescue_Car_ws/install/action_msgs:/root/ros_ws/src/Rescue_Car_ws/install/unique_identifier_msgs:/root/ros_ws/src/Rescue_Car_ws/install/builtin_interfaces:${AMENT_PREFIX_PATH} CMAKE_PREFIX_PATH=/root/ros_ws/src/Rescue_Car_ws/install/action_msgs:/root/ros_ws/src/Rescue_Car_ws/install/unique_identifier_msgs:/root/ros_ws/src/Rescue_Car_ws/install/builtin_interfaces:/opt/ros/humble LD_LIBRARY_PATH=/root/ros_ws/src/Rescue_Car_ws/install/action_msgs/lib:/root/ros_ws/src/Rescue_Car_ws/install/unique_identifier_msgs/lib:/root/ros_ws/src/Rescue_Car_ws/install/builtin_interfaces/lib:${LD_LIBRARY_PATH} PYTHONPATH=/root/ros_ws/src/Rescue_Car_ws/install/action_msgs/local/lib/python3.10/dist-packages:/root/ros_ws/src/Rescue_Car_ws/install/unique_identifier_msgs/local/lib/python3.10/dist-packages:/root/ros_ws/src/Rescue_Car_ws/install/builtin_interfaces/local/lib/python3.10/dist-packages:${PYTHONPATH} /usr/bin/cmake --install /root/ros_ws/src/Rescue_Car_ws/build/example_interfaces
[63.972s] Level 1:colcon.colcon_core.environment:create_environment_scripts_only(example_interfaces)
[63.972s] Level 1:colcon.colcon_core.environment:checking '/root/ros_ws/src/Rescue_Car_ws/install/example_interfaces' for CMake module files
[63.972s] DEBUG:colcon.colcon_core.event_handler.log_command:Invoked command in '/root/ros_ws/src/Rescue_Car_ws/build/example_interfaces' returned '0': AMENT_PREFIX_PATH=/root/ros_ws/src/Rescue_Car_ws/install/action_msgs:/root/ros_ws/src/Rescue_Car_ws/install/unique_identifier_msgs:/root/ros_ws/src/Rescue_Car_ws/install/builtin_interfaces:${AMENT_PREFIX_PATH} CMAKE_PREFIX_PATH=/root/ros_ws/src/Rescue_Car_ws/install/action_msgs:/root/ros_ws/src/Rescue_Car_ws/install/unique_identifier_msgs:/root/ros_ws/src/Rescue_Car_ws/install/builtin_interfaces:/opt/ros/humble LD_LIBRARY_PATH=/root/ros_ws/src/Rescue_Car_ws/install/action_msgs/lib:/root/ros_ws/src/Rescue_Car_ws/install/unique_identifier_msgs/lib:/root/ros_ws/src/Rescue_Car_ws/install/builtin_interfaces/lib:${LD_LIBRARY_PATH} PYTHONPATH=/root/ros_ws/src/Rescue_Car_ws/install/action_msgs/local/lib/python3.10/dist-packages:/root/ros_ws/src/Rescue_Car_ws/install/unique_identifier_msgs/local/lib/python3.10/dist-packages:/root/ros_ws/src/Rescue_Car_ws/install/builtin_interfaces/local/lib/python3.10/dist-packages:${PYTHONPATH} /usr/bin/cmake --install /root/ros_ws/src/Rescue_Car_ws/build/example_interfaces
[63.973s] Level 1:colcon.colcon_core.environment:checking '/root/ros_ws/src/Rescue_Car_ws/install/example_interfaces' for CMake config files
[63.974s] Level 1:colcon.colcon_core.shell:create_environment_hook('example_interfaces', 'cmake_prefix_path')
[63.974s] INFO:colcon.colcon_core.shell:Creating environment hook '/root/ros_ws/src/Rescue_Car_ws/install/example_interfaces/share/example_interfaces/hook/cmake_prefix_path.ps1'
[63.974s] INFO:colcon.colcon_core.shell:Creating environment descriptor '/root/ros_ws/src/Rescue_Car_ws/install/example_interfaces/share/example_interfaces/hook/cmake_prefix_path.dsv'
[63.975s] INFO:colcon.colcon_core.shell:Creating environment hook '/root/ros_ws/src/Rescue_Car_ws/install/example_interfaces/share/example_interfaces/hook/cmake_prefix_path.sh'
[63.975s] Level 1:colcon.colcon_core.environment:checking '/root/ros_ws/src/Rescue_Car_ws/install/example_interfaces/lib'
[63.975s] Level 1:colcon.colcon_core.shell:create_environment_hook('example_interfaces', 'ld_library_path_lib')
[63.975s] INFO:colcon.colcon_core.shell:Creating environment hook '/root/ros_ws/src/Rescue_Car_ws/install/example_interfaces/share/example_interfaces/hook/ld_library_path_lib.ps1'
[63.976s] INFO:colcon.colcon_core.shell:Creating environment descriptor '/root/ros_ws/src/Rescue_Car_ws/install/example_interfaces/share/example_interfaces/hook/ld_library_path_lib.dsv'
[63.976s] INFO:colcon.colcon_core.shell:Creating environment hook '/root/ros_ws/src/Rescue_Car_ws/install/example_interfaces/share/example_interfaces/hook/ld_library_path_lib.sh'
[63.976s] Level 1:colcon.colcon_core.environment:checking '/root/ros_ws/src/Rescue_Car_ws/install/example_interfaces/bin'
[63.976s] Level 1:colcon.colcon_core.environment:checking '/root/ros_ws/src/Rescue_Car_ws/install/example_interfaces/lib/pkgconfig/example_interfaces.pc'
[63.977s] Level 1:colcon.colcon_core.environment:checking '/root/ros_ws/src/Rescue_Car_ws/install/example_interfaces/lib/python3.10/site-packages'
[63.977s] Level 1:colcon.colcon_core.environment:checking '/root/ros_ws/src/Rescue_Car_ws/install/example_interfaces/bin'
[63.977s] INFO:colcon.colcon_core.shell:Creating package script '/root/ros_ws/src/Rescue_Car_ws/install/example_interfaces/share/example_interfaces/package.ps1'
[63.978s] INFO:colcon.colcon_core.shell:Creating package descriptor '/root/ros_ws/src/Rescue_Car_ws/install/example_interfaces/share/example_interfaces/package.dsv'
[63.978s] INFO:colcon.colcon_core.shell:Creating package script '/root/ros_ws/src/Rescue_Car_ws/install/example_interfaces/share/example_interfaces/package.sh'
[63.978s] INFO:colcon.colcon_core.shell:Creating package script '/root/ros_ws/src/Rescue_Car_ws/install/example_interfaces/share/example_interfaces/package.bash'
[63.978s] INFO:colcon.colcon_core.shell:Creating package script '/root/ros_ws/src/Rescue_Car_ws/install/example_interfaces/share/example_interfaces/package.zsh'
[63.979s] Level 1:colcon.colcon_core.environment:create_file_with_runtime_dependencies(/root/ros_ws/src/Rescue_Car_ws/install/example_interfaces/share/colcon-core/packages/example_interfaces)
[63.979s] Level 1:colcon.colcon_core.environment:create_environment_scripts_only(example_interfaces)
[63.980s] Level 1:colcon.colcon_core.environment:checking '/root/ros_ws/src/Rescue_Car_ws/install/example_interfaces' for CMake module files
[63.980s] Level 1:colcon.colcon_core.environment:checking '/root/ros_ws/src/Rescue_Car_ws/install/example_interfaces' for CMake config files
[63.981s] Level 1:colcon.colcon_core.shell:create_environment_hook('example_interfaces', 'cmake_prefix_path')
[63.981s] INFO:colcon.colcon_core.shell:Creating environment hook '/root/ros_ws/src/Rescue_Car_ws/install/example_interfaces/share/example_interfaces/hook/cmake_prefix_path.ps1'
[63.981s] INFO:colcon.colcon_core.shell:Creating environment descriptor '/root/ros_ws/src/Rescue_Car_ws/install/example_interfaces/share/example_interfaces/hook/cmake_prefix_path.dsv'
[63.982s] INFO:colcon.colcon_core.shell:Creating environment hook '/root/ros_ws/src/Rescue_Car_ws/install/example_interfaces/share/example_interfaces/hook/cmake_prefix_path.sh'
[63.982s] Level 1:colcon.colcon_core.environment:checking '/root/ros_ws/src/Rescue_Car_ws/install/example_interfaces/lib'
[63.982s] Level 1:colcon.colcon_core.shell:create_environment_hook('example_interfaces', 'ld_library_path_lib')
[63.982s] INFO:colcon.colcon_core.shell:Creating environment hook '/root/ros_ws/src/Rescue_Car_ws/install/example_interfaces/share/example_interfaces/hook/ld_library_path_lib.ps1'
[63.982s] INFO:colcon.colcon_core.shell:Creating environment descriptor '/root/ros_ws/src/Rescue_Car_ws/install/example_interfaces/share/example_interfaces/hook/ld_library_path_lib.dsv'
[63.983s] INFO:colcon.colcon_core.shell:Creating environment hook '/root/ros_ws/src/Rescue_Car_ws/install/example_interfaces/share/example_interfaces/hook/ld_library_path_lib.sh'
[63.983s] Level 1:colcon.colcon_core.environment:checking '/root/ros_ws/src/Rescue_Car_ws/install/example_interfaces/bin'
[63.983s] Level 1:colcon.colcon_core.environment:checking '/root/ros_ws/src/Rescue_Car_ws/install/example_interfaces/lib/pkgconfig/example_interfaces.pc'
[63.983s] Level 1:colcon.colcon_core.environment:checking '/root/ros_ws/src/Rescue_Car_ws/install/example_interfaces/lib/python3.10/site-packages'
[63.983s] Level 1:colcon.colcon_core.environment:checking '/root/ros_ws/src/Rescue_Car_ws/install/example_interfaces/bin'
[63.983s] INFO:colcon.colcon_core.shell:Creating package script '/root/ros_ws/src/Rescue_Car_ws/install/example_interfaces/share/example_interfaces/package.ps1'
[63.984s] INFO:colcon.colcon_core.shell:Creating package descriptor '/root/ros_ws/src/Rescue_Car_ws/install/example_interfaces/share/example_interfaces/package.dsv'
[63.984s] INFO:colcon.colcon_core.shell:Creating package script '/root/ros_ws/src/Rescue_Car_ws/install/example_interfaces/share/example_interfaces/package.sh'
[63.984s] INFO:colcon.colcon_core.shell:Creating package script '/root/ros_ws/src/Rescue_Car_ws/install/example_interfaces/share/example_interfaces/package.bash'
[63.985s] INFO:colcon.colcon_core.shell:Creating package script '/root/ros_ws/src/Rescue_Car_ws/install/example_interfaces/share/example_interfaces/package.zsh'
[63.985s] Level 1:colcon.colcon_core.environment:create_file_with_runtime_dependencies(/root/ros_ws/src/Rescue_Car_ws/install/example_interfaces/share/colcon-core/packages/example_interfaces)
[67.776s] DEBUG:colcon.colcon_core.event_handler.log_command:Invoked command in '/root/ros_ws/src/Rescue_Car_ws/build/test_msgs' returned '0': AMENT_PREFIX_PATH=/root/ros_ws/src/Rescue_Car_ws/install/action_msgs:/root/ros_ws/src/Rescue_Car_ws/install/unique_identifier_msgs:/root/ros_ws/src/Rescue_Car_ws/install/builtin_interfaces:${AMENT_PREFIX_PATH} CMAKE_PREFIX_PATH=/root/ros_ws/src/Rescue_Car_ws/install/action_msgs:/root/ros_ws/src/Rescue_Car_ws/install/unique_identifier_msgs:/root/ros_ws/src/Rescue_Car_ws/install/builtin_interfaces:/opt/ros/humble LD_LIBRARY_PATH=/root/ros_ws/src/Rescue_Car_ws/install/action_msgs/lib:/root/ros_ws/src/Rescue_Car_ws/install/unique_identifier_msgs/lib:/root/ros_ws/src/Rescue_Car_ws/install/builtin_interfaces/lib:${LD_LIBRARY_PATH} PYTHONPATH=/root/ros_ws/src/Rescue_Car_ws/install/action_msgs/local/lib/python3.10/dist-packages:/root/ros_ws/src/Rescue_Car_ws/install/unique_identifier_msgs/local/lib/python3.10/dist-packages:/root/ros_ws/src/Rescue_Car_ws/install/builtin_interfaces/local/lib/python3.10/dist-packages:${PYTHONPATH} /usr/bin/cmake --build /root/ros_ws/src/Rescue_Car_ws/build/test_msgs -- -j20 -l20
[67.779s] DEBUG:colcon.colcon_core.event_handler.log_command:Invoking command in '/root/ros_ws/src/Rescue_Car_ws/build/test_msgs': AMENT_PREFIX_PATH=/root/ros_ws/src/Rescue_Car_ws/install/action_msgs:/root/ros_ws/src/Rescue_Car_ws/install/unique_identifier_msgs:/root/ros_ws/src/Rescue_Car_ws/install/builtin_interfaces:${AMENT_PREFIX_PATH} CMAKE_PREFIX_PATH=/root/ros_ws/src/Rescue_Car_ws/install/action_msgs:/root/ros_ws/src/Rescue_Car_ws/install/unique_identifier_msgs:/root/ros_ws/src/Rescue_Car_ws/install/builtin_interfaces:/opt/ros/humble LD_LIBRARY_PATH=/root/ros_ws/src/Rescue_Car_ws/install/action_msgs/lib:/root/ros_ws/src/Rescue_Car_ws/install/unique_identifier_msgs/lib:/root/ros_ws/src/Rescue_Car_ws/install/builtin_interfaces/lib:${LD_LIBRARY_PATH} PYTHONPATH=/root/ros_ws/src/Rescue_Car_ws/install/action_msgs/local/lib/python3.10/dist-packages:/root/ros_ws/src/Rescue_Car_ws/install/unique_identifier_msgs/local/lib/python3.10/dist-packages:/root/ros_ws/src/Rescue_Car_ws/install/builtin_interfaces/local/lib/python3.10/dist-packages:${PYTHONPATH} /usr/bin/cmake --install /root/ros_ws/src/Rescue_Car_ws/build/test_msgs
[68.050s] Level 1:colcon.colcon_core.environment:create_environment_scripts_only(test_msgs)
[68.050s] Level 1:colcon.colcon_core.environment:checking '/root/ros_ws/src/Rescue_Car_ws/install/test_msgs' for CMake module files
[68.051s] Level 1:colcon.colcon_core.environment:checking '/root/ros_ws/src/Rescue_Car_ws/install/test_msgs' for CMake config files
[68.052s] Level 1:colcon.colcon_core.shell:create_environment_hook('test_msgs', 'cmake_prefix_path')
[68.053s] INFO:colcon.colcon_core.shell:Creating environment hook '/root/ros_ws/src/Rescue_Car_ws/install/test_msgs/share/test_msgs/hook/cmake_prefix_path.ps1'
[68.054s] DEBUG:colcon.colcon_core.event_handler.log_command:Invoked command in '/root/ros_ws/src/Rescue_Car_ws/build/test_msgs' returned '0': AMENT_PREFIX_PATH=/root/ros_ws/src/Rescue_Car_ws/install/action_msgs:/root/ros_ws/src/Rescue_Car_ws/install/unique_identifier_msgs:/root/ros_ws/src/Rescue_Car_ws/install/builtin_interfaces:${AMENT_PREFIX_PATH} CMAKE_PREFIX_PATH=/root/ros_ws/src/Rescue_Car_ws/install/action_msgs:/root/ros_ws/src/Rescue_Car_ws/install/unique_identifier_msgs:/root/ros_ws/src/Rescue_Car_ws/install/builtin_interfaces:/opt/ros/humble LD_LIBRARY_PATH=/root/ros_ws/src/Rescue_Car_ws/install/action_msgs/lib:/root/ros_ws/src/Rescue_Car_ws/install/unique_identifier_msgs/lib:/root/ros_ws/src/Rescue_Car_ws/install/builtin_interfaces/lib:${LD_LIBRARY_PATH} PYTHONPATH=/root/ros_ws/src/Rescue_Car_ws/install/action_msgs/local/lib/python3.10/dist-packages:/root/ros_ws/src/Rescue_Car_ws/install/unique_identifier_msgs/local/lib/python3.10/dist-packages:/root/ros_ws/src/Rescue_Car_ws/install/builtin_interfaces/local/lib/python3.10/dist-packages:${PYTHONPATH} /usr/bin/cmake --install /root/ros_ws/src/Rescue_Car_ws/build/test_msgs
[68.054s] INFO:colcon.colcon_core.shell:Creating environment descriptor '/root/ros_ws/src/Rescue_Car_ws/install/test_msgs/share/test_msgs/hook/cmake_prefix_path.dsv'
[68.055s] INFO:colcon.colcon_core.shell:Creating environment hook '/root/ros_ws/src/Rescue_Car_ws/install/test_msgs/share/test_msgs/hook/cmake_prefix_path.sh'
[68.056s] Level 1:colcon.colcon_core.environment:checking '/root/ros_ws/src/Rescue_Car_ws/install/test_msgs/lib'
[68.056s] Level 1:colcon.colcon_core.shell:create_environment_hook('test_msgs', 'ld_library_path_lib')
[68.056s] INFO:colcon.colcon_core.shell:Creating environment hook '/root/ros_ws/src/Rescue_Car_ws/install/test_msgs/share/test_msgs/hook/ld_library_path_lib.ps1'
[68.057s] INFO:colcon.colcon_core.shell:Creating environment descriptor '/root/ros_ws/src/Rescue_Car_ws/install/test_msgs/share/test_msgs/hook/ld_library_path_lib.dsv'
[68.058s] INFO:colcon.colcon_core.shell:Creating environment hook '/root/ros_ws/src/Rescue_Car_ws/install/test_msgs/share/test_msgs/hook/ld_library_path_lib.sh'
[68.058s] Level 1:colcon.colcon_core.environment:checking '/root/ros_ws/src/Rescue_Car_ws/install/test_msgs/bin'
[68.059s] Level 1:colcon.colcon_core.environment:checking '/root/ros_ws/src/Rescue_Car_ws/install/test_msgs/lib/pkgconfig/test_msgs.pc'
[68.059s] Level 1:colcon.colcon_core.environment:checking '/root/ros_ws/src/Rescue_Car_ws/install/test_msgs/lib/python3.10/site-packages'
[68.059s] Level 1:colcon.colcon_core.environment:checking '/root/ros_ws/src/Rescue_Car_ws/install/test_msgs/bin'
[68.060s] INFO:colcon.colcon_core.shell:Creating package script '/root/ros_ws/src/Rescue_Car_ws/install/test_msgs/share/test_msgs/package.ps1'
[68.061s] INFO:colcon.colcon_core.shell:Creating package descriptor '/root/ros_ws/src/Rescue_Car_ws/install/test_msgs/share/test_msgs/package.dsv'
[68.062s] INFO:colcon.colcon_core.shell:Creating package script '/root/ros_ws/src/Rescue_Car_ws/install/test_msgs/share/test_msgs/package.sh'
[68.062s] INFO:colcon.colcon_core.shell:Creating package script '/root/ros_ws/src/Rescue_Car_ws/install/test_msgs/share/test_msgs/package.bash'
[68.062s] INFO:colcon.colcon_core.shell:Creating package script '/root/ros_ws/src/Rescue_Car_ws/install/test_msgs/share/test_msgs/package.zsh'
[68.063s] Level 1:colcon.colcon_core.environment:create_file_with_runtime_dependencies(/root/ros_ws/src/Rescue_Car_ws/install/test_msgs/share/colcon-core/packages/test_msgs)
[68.064s] Level 1:colcon.colcon_core.environment:create_environment_scripts_only(test_msgs)
[68.064s] Level 1:colcon.colcon_core.environment:checking '/root/ros_ws/src/Rescue_Car_ws/install/test_msgs' for CMake module files
[68.066s] Level 1:colcon.colcon_core.environment:checking '/root/ros_ws/src/Rescue_Car_ws/install/test_msgs' for CMake config files
[68.066s] Level 1:colcon.colcon_core.shell:create_environment_hook('test_msgs', 'cmake_prefix_path')
[68.066s] INFO:colcon.colcon_core.shell:Creating environment hook '/root/ros_ws/src/Rescue_Car_ws/install/test_msgs/share/test_msgs/hook/cmake_prefix_path.ps1'
[68.067s] INFO:colcon.colcon_core.shell:Creating environment descriptor '/root/ros_ws/src/Rescue_Car_ws/install/test_msgs/share/test_msgs/hook/cmake_prefix_path.dsv'
[68.067s] INFO:colcon.colcon_core.shell:Creating environment hook '/root/ros_ws/src/Rescue_Car_ws/install/test_msgs/share/test_msgs/hook/cmake_prefix_path.sh'
[68.068s] Level 1:colcon.colcon_core.environment:checking '/root/ros_ws/src/Rescue_Car_ws/install/test_msgs/lib'
[68.068s] Level 1:colcon.colcon_core.shell:create_environment_hook('test_msgs', 'ld_library_path_lib')
[68.068s] INFO:colcon.colcon_core.shell:Creating environment hook '/root/ros_ws/src/Rescue_Car_ws/install/test_msgs/share/test_msgs/hook/ld_library_path_lib.ps1'
[68.068s] INFO:colcon.colcon_core.shell:Creating environment descriptor '/root/ros_ws/src/Rescue_Car_ws/install/test_msgs/share/test_msgs/hook/ld_library_path_lib.dsv'
[68.069s] INFO:colcon.colcon_core.shell:Creating environment hook '/root/ros_ws/src/Rescue_Car_ws/install/test_msgs/share/test_msgs/hook/ld_library_path_lib.sh'
[68.069s] Level 1:colcon.colcon_core.environment:checking '/root/ros_ws/src/Rescue_Car_ws/install/test_msgs/bin'
[68.069s] Level 1:colcon.colcon_core.environment:checking '/root/ros_ws/src/Rescue_Car_ws/install/test_msgs/lib/pkgconfig/test_msgs.pc'
[68.069s] Level 1:colcon.colcon_core.environment:checking '/root/ros_ws/src/Rescue_Car_ws/install/test_msgs/lib/python3.10/site-packages'
[68.070s] Level 1:colcon.colcon_core.environment:checking '/root/ros_ws/src/Rescue_Car_ws/install/test_msgs/bin'
[68.070s] INFO:colcon.colcon_core.shell:Creating package script '/root/ros_ws/src/Rescue_Car_ws/install/test_msgs/share/test_msgs/package.ps1'
[68.070s] INFO:colcon.colcon_core.shell:Creating package descriptor '/root/ros_ws/src/Rescue_Car_ws/install/test_msgs/share/test_msgs/package.dsv'
[68.071s] INFO:colcon.colcon_core.shell:Creating package script '/root/ros_ws/src/Rescue_Car_ws/install/test_msgs/share/test_msgs/package.sh'
[68.071s] INFO:colcon.colcon_core.shell:Creating package script '/root/ros_ws/src/Rescue_Car_ws/install/test_msgs/share/test_msgs/package.bash'
[68.071s] INFO:colcon.colcon_core.shell:Creating package script '/root/ros_ws/src/Rescue_Car_ws/install/test_msgs/share/test_msgs/package.zsh'
[68.072s] Level 1:colcon.colcon_core.environment:create_file_with_runtime_dependencies(/root/ros_ws/src/Rescue_Car_ws/install/test_msgs/share/colcon-core/packages/test_msgs)
[68.072s] INFO:colcon.colcon_ros.task.ament_cmake.build:Building ROS package in '/root/ros_ws/src/Rescue_Car_ws/src/microros/src/uros/rclc/rclc' with build type 'ament_cmake'
[68.073s] INFO:colcon.colcon_cmake.task.cmake.build:Building CMake package in '/root/ros_ws/src/Rescue_Car_ws/src/microros/src/uros/rclc/rclc'
[68.073s] INFO:colcon.colcon_core.shell:Skip shell extension 'powershell' for command environment: Not usable outside of PowerShell
[68.073s] DEBUG:colcon.colcon_core.shell:Skip shell extension 'dsv' for command environment
[68.294s] DEBUG:colcon.colcon_core.event_handler.log_command:Invoked command in '/root/ros_ws/src/Rescue_Car_ws/build/micro_ros_agent' returned '0': AMENT_PREFIX_PATH=/root/ros_ws/src/Rescue_Car_ws/install/micro_ros_msgs:/root/ros_ws/src/Rescue_Car_ws/install/builtin_interfaces:${AMENT_PREFIX_PATH} CMAKE_PREFIX_PATH=/root/ros_ws/src/Rescue_Car_ws/install/micro_ros_msgs:/root/ros_ws/src/Rescue_Car_ws/install/builtin_interfaces:/opt/ros/humble LD_LIBRARY_PATH=/root/ros_ws/src/Rescue_Car_ws/install/micro_ros_msgs/lib:/root/ros_ws/src/Rescue_Car_ws/install/builtin_interfaces/lib:${LD_LIBRARY_PATH} PYTHONPATH=/root/ros_ws/src/Rescue_Car_ws/install/micro_ros_msgs/local/lib/python3.10/dist-packages:/root/ros_ws/src/Rescue_Car_ws/install/builtin_interfaces/local/lib/python3.10/dist-packages:${PYTHONPATH} /usr/bin/cmake --build /root/ros_ws/src/Rescue_Car_ws/build/micro_ros_agent -- -j20 -l20
[68.295s] DEBUG:colcon.colcon_core.event_handler.log_command:Invoking command in '/root/ros_ws/src/Rescue_Car_ws/build/micro_ros_agent': AMENT_PREFIX_PATH=/root/ros_ws/src/Rescue_Car_ws/install/micro_ros_msgs:/root/ros_ws/src/Rescue_Car_ws/install/builtin_interfaces:${AMENT_PREFIX_PATH} CMAKE_PREFIX_PATH=/root/ros_ws/src/Rescue_Car_ws/install/micro_ros_msgs:/root/ros_ws/src/Rescue_Car_ws/install/builtin_interfaces:/opt/ros/humble LD_LIBRARY_PATH=/root/ros_ws/src/Rescue_Car_ws/install/micro_ros_msgs/lib:/root/ros_ws/src/Rescue_Car_ws/install/builtin_interfaces/lib:${LD_LIBRARY_PATH} PYTHONPATH=/root/ros_ws/src/Rescue_Car_ws/install/micro_ros_msgs/local/lib/python3.10/dist-packages:/root/ros_ws/src/Rescue_Car_ws/install/builtin_interfaces/local/lib/python3.10/dist-packages:${PYTHONPATH} /usr/bin/cmake --install /root/ros_ws/src/Rescue_Car_ws/build/micro_ros_agent
[68.310s] Level 1:colcon.colcon_core.environment:create_environment_scripts_only(micro_ros_agent)
[68.310s] Level 1:colcon.colcon_core.environment:checking '/root/ros_ws/src/Rescue_Car_ws/install/micro_ros_agent' for CMake module files
[68.311s] Level 1:colcon.colcon_core.environment:checking '/root/ros_ws/src/Rescue_Car_ws/install/micro_ros_agent' for CMake config files
[68.312s] Level 1:colcon.colcon_core.shell:create_environment_hook('micro_ros_agent', 'cmake_prefix_path')
[68.313s] INFO:colcon.colcon_core.shell:Creating environment hook '/root/ros_ws/src/Rescue_Car_ws/install/micro_ros_agent/share/micro_ros_agent/hook/cmake_prefix_path.ps1'
[68.314s] DEBUG:colcon.colcon_core.event_handler.log_command:Invoked command in '/root/ros_ws/src/Rescue_Car_ws/build/micro_ros_agent' returned '0': AMENT_PREFIX_PATH=/root/ros_ws/src/Rescue_Car_ws/install/micro_ros_msgs:/root/ros_ws/src/Rescue_Car_ws/install/builtin_interfaces:${AMENT_PREFIX_PATH} CMAKE_PREFIX_PATH=/root/ros_ws/src/Rescue_Car_ws/install/micro_ros_msgs:/root/ros_ws/src/Rescue_Car_ws/install/builtin_interfaces:/opt/ros/humble LD_LIBRARY_PATH=/root/ros_ws/src/Rescue_Car_ws/install/micro_ros_msgs/lib:/root/ros_ws/src/Rescue_Car_ws/install/builtin_interfaces/lib:${LD_LIBRARY_PATH} PYTHONPATH=/root/ros_ws/src/Rescue_Car_ws/install/micro_ros_msgs/local/lib/python3.10/dist-packages:/root/ros_ws/src/Rescue_Car_ws/install/builtin_interfaces/local/lib/python3.10/dist-packages:${PYTHONPATH} /usr/bin/cmake --install /root/ros_ws/src/Rescue_Car_ws/build/micro_ros_agent
[68.315s] INFO:colcon.colcon_core.shell:Creating environment descriptor '/root/ros_ws/src/Rescue_Car_ws/install/micro_ros_agent/share/micro_ros_agent/hook/cmake_prefix_path.dsv'
[68.315s] INFO:colcon.colcon_core.shell:Creating environment hook '/root/ros_ws/src/Rescue_Car_ws/install/micro_ros_agent/share/micro_ros_agent/hook/cmake_prefix_path.sh'
[68.316s] Level 1:colcon.colcon_core.environment:checking '/root/ros_ws/src/Rescue_Car_ws/install/micro_ros_agent/lib'
[68.316s] Level 1:colcon.colcon_core.shell:create_environment_hook('micro_ros_agent', 'ld_library_path_lib')
[68.317s] INFO:colcon.colcon_core.shell:Creating environment hook '/root/ros_ws/src/Rescue_Car_ws/install/micro_ros_agent/share/micro_ros_agent/hook/ld_library_path_lib.ps1'
[68.317s] INFO:colcon.colcon_core.shell:Creating environment descriptor '/root/ros_ws/src/Rescue_Car_ws/install/micro_ros_agent/share/micro_ros_agent/hook/ld_library_path_lib.dsv'
[68.318s] INFO:colcon.colcon_core.shell:Creating environment hook '/root/ros_ws/src/Rescue_Car_ws/install/micro_ros_agent/share/micro_ros_agent/hook/ld_library_path_lib.sh'
[68.318s] Level 1:colcon.colcon_core.environment:checking '/root/ros_ws/src/Rescue_Car_ws/install/micro_ros_agent/bin'
[68.318s] Level 1:colcon.colcon_core.environment:checking '/root/ros_ws/src/Rescue_Car_ws/install/micro_ros_agent/lib/pkgconfig/micro_ros_agent.pc'
[68.319s] Level 1:colcon.colcon_core.environment:checking '/root/ros_ws/src/Rescue_Car_ws/install/micro_ros_agent/lib/python3.10/site-packages'
[68.319s] Level 1:colcon.colcon_core.environment:checking '/root/ros_ws/src/Rescue_Car_ws/install/micro_ros_agent/bin'
[68.320s] INFO:colcon.colcon_core.shell:Creating package script '/root/ros_ws/src/Rescue_Car_ws/install/micro_ros_agent/share/micro_ros_agent/package.ps1'
[68.320s] INFO:colcon.colcon_core.shell:Creating package descriptor '/root/ros_ws/src/Rescue_Car_ws/install/micro_ros_agent/share/micro_ros_agent/package.dsv'
[68.321s] INFO:colcon.colcon_core.shell:Creating package script '/root/ros_ws/src/Rescue_Car_ws/install/micro_ros_agent/share/micro_ros_agent/package.sh'
[68.322s] INFO:colcon.colcon_core.shell:Creating package script '/root/ros_ws/src/Rescue_Car_ws/install/micro_ros_agent/share/micro_ros_agent/package.bash'
[68.322s] INFO:colcon.colcon_core.shell:Creating package script '/root/ros_ws/src/Rescue_Car_ws/install/micro_ros_agent/share/micro_ros_agent/package.zsh'
[68.322s] Level 1:colcon.colcon_core.environment:create_file_with_runtime_dependencies(/root/ros_ws/src/Rescue_Car_ws/install/micro_ros_agent/share/colcon-core/packages/micro_ros_agent)
[68.324s] Level 1:colcon.colcon_core.environment:create_environment_scripts_only(micro_ros_agent)
[68.324s] Level 1:colcon.colcon_core.environment:checking '/root/ros_ws/src/Rescue_Car_ws/install/micro_ros_agent' for CMake module files
[68.325s] Level 1:colcon.colcon_core.environment:checking '/root/ros_ws/src/Rescue_Car_ws/install/micro_ros_agent' for CMake config files
[68.326s] Level 1:colcon.colcon_core.shell:create_environment_hook('micro_ros_agent', 'cmake_prefix_path')
[68.327s] INFO:colcon.colcon_core.shell:Creating environment hook '/root/ros_ws/src/Rescue_Car_ws/install/micro_ros_agent/share/micro_ros_agent/hook/cmake_prefix_path.ps1'
[68.327s] INFO:colcon.colcon_core.shell:Creating environment descriptor '/root/ros_ws/src/Rescue_Car_ws/install/micro_ros_agent/share/micro_ros_agent/hook/cmake_prefix_path.dsv'
[68.328s] INFO:colcon.colcon_core.shell:Creating environment hook '/root/ros_ws/src/Rescue_Car_ws/install/micro_ros_agent/share/micro_ros_agent/hook/cmake_prefix_path.sh'
[68.328s] Level 1:colcon.colcon_core.environment:checking '/root/ros_ws/src/Rescue_Car_ws/install/micro_ros_agent/lib'
[68.329s] Level 1:colcon.colcon_core.shell:create_environment_hook('micro_ros_agent', 'ld_library_path_lib')
[68.329s] INFO:colcon.colcon_core.shell:Creating environment hook '/root/ros_ws/src/Rescue_Car_ws/install/micro_ros_agent/share/micro_ros_agent/hook/ld_library_path_lib.ps1'
[68.330s] INFO:colcon.colcon_core.shell:Creating environment descriptor '/root/ros_ws/src/Rescue_Car_ws/install/micro_ros_agent/share/micro_ros_agent/hook/ld_library_path_lib.dsv'
[68.330s] INFO:colcon.colcon_core.shell:Creating environment hook '/root/ros_ws/src/Rescue_Car_ws/install/micro_ros_agent/share/micro_ros_agent/hook/ld_library_path_lib.sh'
[68.331s] Level 1:colcon.colcon_core.environment:checking '/root/ros_ws/src/Rescue_Car_ws/install/micro_ros_agent/bin'
[68.331s] Level 1:colcon.colcon_core.environment:checking '/root/ros_ws/src/Rescue_Car_ws/install/micro_ros_agent/lib/pkgconfig/micro_ros_agent.pc'
[68.331s] Level 1:colcon.colcon_core.environment:checking '/root/ros_ws/src/Rescue_Car_ws/install/micro_ros_agent/lib/python3.10/site-packages'
[68.331s] Level 1:colcon.colcon_core.environment:checking '/root/ros_ws/src/Rescue_Car_ws/install/micro_ros_agent/bin'
[68.331s] INFO:colcon.colcon_core.shell:Creating package script '/root/ros_ws/src/Rescue_Car_ws/install/micro_ros_agent/share/micro_ros_agent/package.ps1'
[68.332s] INFO:colcon.colcon_core.shell:Creating package descriptor '/root/ros_ws/src/Rescue_Car_ws/install/micro_ros_agent/share/micro_ros_agent/package.dsv'
[68.333s] INFO:colcon.colcon_core.shell:Creating package script '/root/ros_ws/src/Rescue_Car_ws/install/micro_ros_agent/share/micro_ros_agent/package.sh'
[68.333s] INFO:colcon.colcon_core.shell:Creating package script '/root/ros_ws/src/Rescue_Car_ws/install/micro_ros_agent/share/micro_ros_agent/package.bash'
[68.334s] INFO:colcon.colcon_core.shell:Creating package script '/root/ros_ws/src/Rescue_Car_ws/install/micro_ros_agent/share/micro_ros_agent/package.zsh'
[68.335s] Level 1:colcon.colcon_core.environment:create_file_with_runtime_dependencies(/root/ros_ws/src/Rescue_Car_ws/install/micro_ros_agent/share/colcon-core/packages/micro_ros_agent)
[68.921s] DEBUG:colcon.colcon_core.event_handler.log_command:Invoking command in '/root/ros_ws/src/Rescue_Car_ws/build/rclc': AMENT_PREFIX_PATH=/root/ros_ws/src/Rescue_Car_ws/install/test_msgs:/root/ros_ws/src/Rescue_Car_ws/install/example_interfaces:/root/ros_ws/src/Rescue_Car_ws/install/std_msgs:/root/ros_ws/src/Rescue_Car_ws/install/action_msgs:/root/ros_ws/src/Rescue_Car_ws/install/unique_identifier_msgs:/root/ros_ws/src/Rescue_Car_ws/install/builtin_interfaces:${AMENT_PREFIX_PATH} CMAKE_PREFIX_PATH=/root/ros_ws/src/Rescue_Car_ws/install/test_msgs:/root/ros_ws/src/Rescue_Car_ws/install/example_interfaces:/root/ros_ws/src/Rescue_Car_ws/install/std_msgs:/root/ros_ws/src/Rescue_Car_ws/install/action_msgs:/root/ros_ws/src/Rescue_Car_ws/install/unique_identifier_msgs:/root/ros_ws/src/Rescue_Car_ws/install/builtin_interfaces:/opt/ros/humble LD_LIBRARY_PATH=/root/ros_ws/src/Rescue_Car_ws/install/test_msgs/lib:/root/ros_ws/src/Rescue_Car_ws/install/example_interfaces/lib:/root/ros_ws/src/Rescue_Car_ws/install/std_msgs/lib:/root/ros_ws/src/Rescue_Car_ws/install/action_msgs/lib:/root/ros_ws/src/Rescue_Car_ws/install/unique_identifier_msgs/lib:/root/ros_ws/src/Rescue_Car_ws/install/builtin_interfaces/lib:${LD_LIBRARY_PATH} PYTHONPATH=/root/ros_ws/src/Rescue_Car_ws/install/test_msgs/local/lib/python3.10/dist-packages:/root/ros_ws/src/Rescue_Car_ws/install/example_interfaces/local/lib/python3.10/dist-packages:/root/ros_ws/src/Rescue_Car_ws/install/std_msgs/local/lib/python3.10/dist-packages:/root/ros_ws/src/Rescue_Car_ws/install/action_msgs/local/lib/python3.10/dist-packages:/root/ros_ws/src/Rescue_Car_ws/install/unique_identifier_msgs/local/lib/python3.10/dist-packages:/root/ros_ws/src/Rescue_Car_ws/install/builtin_interfaces/local/lib/python3.10/dist-packages:${PYTHONPATH} /usr/bin/cmake /root/ros_ws/src/Rescue_Car_ws/src/microros/src/uros/rclc/rclc -DCMAKE_INSTALL_PREFIX=/root/ros_ws/src/Rescue_Car_ws/install/rclc
[74.810s] DEBUG:colcon.colcon_core.event_handler.log_command:Invoked command in '/root/ros_ws/src/Rescue_Car_ws/build/geometry_msgs' returned '0': AMENT_PREFIX_PATH=/root/ros_ws/src/Rescue_Car_ws/install/std_msgs:/root/ros_ws/src/Rescue_Car_ws/install/builtin_interfaces:${AMENT_PREFIX_PATH} CMAKE_PREFIX_PATH=/root/ros_ws/src/Rescue_Car_ws/install/std_msgs:/root/ros_ws/src/Rescue_Car_ws/install/builtin_interfaces:/opt/ros/humble LD_LIBRARY_PATH=/root/ros_ws/src/Rescue_Car_ws/install/std_msgs/lib:/root/ros_ws/src/Rescue_Car_ws/install/builtin_interfaces/lib:${LD_LIBRARY_PATH} PYTHONPATH=/root/ros_ws/src/Rescue_Car_ws/install/std_msgs/local/lib/python3.10/dist-packages:/root/ros_ws/src/Rescue_Car_ws/install/builtin_interfaces/local/lib/python3.10/dist-packages:${PYTHONPATH} /usr/bin/cmake --build /root/ros_ws/src/Rescue_Car_ws/build/geometry_msgs -- -j20 -l20
[74.812s] DEBUG:colcon.colcon_core.event_handler.log_command:Invoking command in '/root/ros_ws/src/Rescue_Car_ws/build/geometry_msgs': AMENT_PREFIX_PATH=/root/ros_ws/src/Rescue_Car_ws/install/std_msgs:/root/ros_ws/src/Rescue_Car_ws/install/builtin_interfaces:${AMENT_PREFIX_PATH} CMAKE_PREFIX_PATH=/root/ros_ws/src/Rescue_Car_ws/install/std_msgs:/root/ros_ws/src/Rescue_Car_ws/install/builtin_interfaces:/opt/ros/humble LD_LIBRARY_PATH=/root/ros_ws/src/Rescue_Car_ws/install/std_msgs/lib:/root/ros_ws/src/Rescue_Car_ws/install/builtin_interfaces/lib:${LD_LIBRARY_PATH} PYTHONPATH=/root/ros_ws/src/Rescue_Car_ws/install/std_msgs/local/lib/python3.10/dist-packages:/root/ros_ws/src/Rescue_Car_ws/install/builtin_interfaces/local/lib/python3.10/dist-packages:${PYTHONPATH} /usr/bin/cmake --install /root/ros_ws/src/Rescue_Car_ws/build/geometry_msgs
[74.949s] Level 1:colcon.colcon_core.environment:create_environment_scripts_only(geometry_msgs)
[74.949s] DEBUG:colcon.colcon_core.event_handler.log_command:Invoked command in '/root/ros_ws/src/Rescue_Car_ws/build/geometry_msgs' returned '0': AMENT_PREFIX_PATH=/root/ros_ws/src/Rescue_Car_ws/install/std_msgs:/root/ros_ws/src/Rescue_Car_ws/install/builtin_interfaces:${AMENT_PREFIX_PATH} CMAKE_PREFIX_PATH=/root/ros_ws/src/Rescue_Car_ws/install/std_msgs:/root/ros_ws/src/Rescue_Car_ws/install/builtin_interfaces:/opt/ros/humble LD_LIBRARY_PATH=/root/ros_ws/src/Rescue_Car_ws/install/std_msgs/lib:/root/ros_ws/src/Rescue_Car_ws/install/builtin_interfaces/lib:${LD_LIBRARY_PATH} PYTHONPATH=/root/ros_ws/src/Rescue_Car_ws/install/std_msgs/local/lib/python3.10/dist-packages:/root/ros_ws/src/Rescue_Car_ws/install/builtin_interfaces/local/lib/python3.10/dist-packages:${PYTHONPATH} /usr/bin/cmake --install /root/ros_ws/src/Rescue_Car_ws/build/geometry_msgs
[74.949s] Level 1:colcon.colcon_core.environment:checking '/root/ros_ws/src/Rescue_Car_ws/install/geometry_msgs' for CMake module files
[74.950s] Level 1:colcon.colcon_core.environment:checking '/root/ros_ws/src/Rescue_Car_ws/install/geometry_msgs' for CMake config files
[74.950s] Level 1:colcon.colcon_core.shell:create_environment_hook('geometry_msgs', 'cmake_prefix_path')
[74.951s] INFO:colcon.colcon_core.shell:Creating environment hook '/root/ros_ws/src/Rescue_Car_ws/install/geometry_msgs/share/geometry_msgs/hook/cmake_prefix_path.ps1'
[74.951s] INFO:colcon.colcon_core.shell:Creating environment descriptor '/root/ros_ws/src/Rescue_Car_ws/install/geometry_msgs/share/geometry_msgs/hook/cmake_prefix_path.dsv'
[74.951s] INFO:colcon.colcon_core.shell:Creating environment hook '/root/ros_ws/src/Rescue_Car_ws/install/geometry_msgs/share/geometry_msgs/hook/cmake_prefix_path.sh'
[74.952s] Level 1:colcon.colcon_core.environment:checking '/root/ros_ws/src/Rescue_Car_ws/install/geometry_msgs/lib'
[74.952s] Level 1:colcon.colcon_core.shell:create_environment_hook('geometry_msgs', 'ld_library_path_lib')
[74.952s] INFO:colcon.colcon_core.shell:Creating environment hook '/root/ros_ws/src/Rescue_Car_ws/install/geometry_msgs/share/geometry_msgs/hook/ld_library_path_lib.ps1'
[74.952s] INFO:colcon.colcon_core.shell:Creating environment descriptor '/root/ros_ws/src/Rescue_Car_ws/install/geometry_msgs/share/geometry_msgs/hook/ld_library_path_lib.dsv'
[74.952s] INFO:colcon.colcon_core.shell:Creating environment hook '/root/ros_ws/src/Rescue_Car_ws/install/geometry_msgs/share/geometry_msgs/hook/ld_library_path_lib.sh'
[74.952s] Level 1:colcon.colcon_core.environment:checking '/root/ros_ws/src/Rescue_Car_ws/install/geometry_msgs/bin'
[74.952s] Level 1:colcon.colcon_core.environment:checking '/root/ros_ws/src/Rescue_Car_ws/install/geometry_msgs/lib/pkgconfig/geometry_msgs.pc'
[74.952s] Level 1:colcon.colcon_core.environment:checking '/root/ros_ws/src/Rescue_Car_ws/install/geometry_msgs/lib/python3.10/site-packages'
[74.953s] Level 1:colcon.colcon_core.environment:checking '/root/ros_ws/src/Rescue_Car_ws/install/geometry_msgs/bin'
[74.953s] INFO:colcon.colcon_core.shell:Creating package script '/root/ros_ws/src/Rescue_Car_ws/install/geometry_msgs/share/geometry_msgs/package.ps1'
[74.953s] INFO:colcon.colcon_core.shell:Creating package descriptor '/root/ros_ws/src/Rescue_Car_ws/install/geometry_msgs/share/geometry_msgs/package.dsv'
[74.953s] INFO:colcon.colcon_core.shell:Creating package script '/root/ros_ws/src/Rescue_Car_ws/install/geometry_msgs/share/geometry_msgs/package.sh'
[74.954s] INFO:colcon.colcon_core.shell:Creating package script '/root/ros_ws/src/Rescue_Car_ws/install/geometry_msgs/share/geometry_msgs/package.bash'
[74.954s] INFO:colcon.colcon_core.shell:Creating package script '/root/ros_ws/src/Rescue_Car_ws/install/geometry_msgs/share/geometry_msgs/package.zsh'
[74.954s] Level 1:colcon.colcon_core.environment:create_file_with_runtime_dependencies(/root/ros_ws/src/Rescue_Car_ws/install/geometry_msgs/share/colcon-core/packages/geometry_msgs)
[74.955s] Level 1:colcon.colcon_core.environment:create_environment_scripts_only(geometry_msgs)
[74.955s] Level 1:colcon.colcon_core.environment:checking '/root/ros_ws/src/Rescue_Car_ws/install/geometry_msgs' for CMake module files
[74.955s] Level 1:colcon.colcon_core.environment:checking '/root/ros_ws/src/Rescue_Car_ws/install/geometry_msgs' for CMake config files
[74.956s] Level 1:colcon.colcon_core.shell:create_environment_hook('geometry_msgs', 'cmake_prefix_path')
[74.956s] INFO:colcon.colcon_core.shell:Creating environment hook '/root/ros_ws/src/Rescue_Car_ws/install/geometry_msgs/share/geometry_msgs/hook/cmake_prefix_path.ps1'
[74.956s] INFO:colcon.colcon_core.shell:Creating environment descriptor '/root/ros_ws/src/Rescue_Car_ws/install/geometry_msgs/share/geometry_msgs/hook/cmake_prefix_path.dsv'
[74.956s] INFO:colcon.colcon_core.shell:Creating environment hook '/root/ros_ws/src/Rescue_Car_ws/install/geometry_msgs/share/geometry_msgs/hook/cmake_prefix_path.sh'
[74.956s] Level 1:colcon.colcon_core.environment:checking '/root/ros_ws/src/Rescue_Car_ws/install/geometry_msgs/lib'
[74.957s] Level 1:colcon.colcon_core.shell:create_environment_hook('geometry_msgs', 'ld_library_path_lib')
[74.957s] INFO:colcon.colcon_core.shell:Creating environment hook '/root/ros_ws/src/Rescue_Car_ws/install/geometry_msgs/share/geometry_msgs/hook/ld_library_path_lib.ps1'
[74.957s] INFO:colcon.colcon_core.shell:Creating environment descriptor '/root/ros_ws/src/Rescue_Car_ws/install/geometry_msgs/share/geometry_msgs/hook/ld_library_path_lib.dsv'
[74.957s] INFO:colcon.colcon_core.shell:Creating environment hook '/root/ros_ws/src/Rescue_Car_ws/install/geometry_msgs/share/geometry_msgs/hook/ld_library_path_lib.sh'
[74.957s] Level 1:colcon.colcon_core.environment:checking '/root/ros_ws/src/Rescue_Car_ws/install/geometry_msgs/bin'
[74.957s] Level 1:colcon.colcon_core.environment:checking '/root/ros_ws/src/Rescue_Car_ws/install/geometry_msgs/lib/pkgconfig/geometry_msgs.pc'
[74.957s] Level 1:colcon.colcon_core.environment:checking '/root/ros_ws/src/Rescue_Car_ws/install/geometry_msgs/lib/python3.10/site-packages'
[74.958s] Level 1:colcon.colcon_core.environment:checking '/root/ros_ws/src/Rescue_Car_ws/install/geometry_msgs/bin'
[74.958s] INFO:colcon.colcon_core.shell:Creating package script '/root/ros_ws/src/Rescue_Car_ws/install/geometry_msgs/share/geometry_msgs/package.ps1'
[74.958s] INFO:colcon.colcon_core.shell:Creating package descriptor '/root/ros_ws/src/Rescue_Car_ws/install/geometry_msgs/share/geometry_msgs/package.dsv'
[74.958s] INFO:colcon.colcon_core.shell:Creating package script '/root/ros_ws/src/Rescue_Car_ws/install/geometry_msgs/share/geometry_msgs/package.sh'
[74.959s] INFO:colcon.colcon_core.shell:Creating package script '/root/ros_ws/src/Rescue_Car_ws/install/geometry_msgs/share/geometry_msgs/package.bash'
[74.959s] INFO:colcon.colcon_core.shell:Creating package script '/root/ros_ws/src/Rescue_Car_ws/install/geometry_msgs/share/geometry_msgs/package.zsh'
[74.959s] Level 1:colcon.colcon_core.environment:create_file_with_runtime_dependencies(/root/ros_ws/src/Rescue_Car_ws/install/geometry_msgs/share/colcon-core/packages/geometry_msgs)
[74.959s] INFO:colcon.colcon_ros.task.ament_cmake.build:Building ROS package in '/root/ros_ws/src/Rescue_Car_ws/src/microros/src/ros2/common_interfaces/sensor_msgs' with build type 'ament_cmake'
[74.959s] INFO:colcon.colcon_cmake.task.cmake.build:Building CMake package in '/root/ros_ws/src/Rescue_Car_ws/src/microros/src/ros2/common_interfaces/sensor_msgs'
[74.960s] INFO:colcon.colcon_core.shell:Skip shell extension 'powershell' for command environment: Not usable outside of PowerShell
[74.960s] DEBUG:colcon.colcon_core.shell:Skip shell extension 'dsv' for command environment
[74.964s] INFO:colcon.colcon_ros.task.ament_cmake.build:Building ROS package in '/root/ros_ws/src/Rescue_Car_ws/src/microros/src/ros2/common_interfaces/diagnostic_msgs' with build type 'ament_cmake'
[74.964s] INFO:colcon.colcon_cmake.task.cmake.build:Building CMake package in '/root/ros_ws/src/Rescue_Car_ws/src/microros/src/ros2/common_interfaces/diagnostic_msgs'
[74.964s] INFO:colcon.colcon_core.shell:Skip shell extension 'powershell' for command environment: Not usable outside of PowerShell
[74.964s] DEBUG:colcon.colcon_core.shell:Skip shell extension 'dsv' for command environment
[74.968s] INFO:colcon.colcon_ros.task.ament_cmake.build:Building ROS package in '/root/ros_ws/src/Rescue_Car_ws/src/microros/src/ros2/common_interfaces/nav_msgs' with build type 'ament_cmake'
[74.969s] INFO:colcon.colcon_cmake.task.cmake.build:Building CMake package in '/root/ros_ws/src/Rescue_Car_ws/src/microros/src/ros2/common_interfaces/nav_msgs'
[74.969s] INFO:colcon.colcon_core.shell:Skip shell extension 'powershell' for command environment: Not usable outside of PowerShell
[74.969s] DEBUG:colcon.colcon_core.shell:Skip shell extension 'dsv' for command environment
[74.971s] INFO:colcon.colcon_ros.task.ament_cmake.build:Building ROS package in '/root/ros_ws/src/Rescue_Car_ws/src/microros/src/ros2/common_interfaces/shape_msgs' with build type 'ament_cmake'
[74.971s] INFO:colcon.colcon_cmake.task.cmake.build:Building CMake package in '/root/ros_ws/src/Rescue_Car_ws/src/microros/src/ros2/common_interfaces/shape_msgs'
[74.972s] INFO:colcon.colcon_core.shell:Skip shell extension 'powershell' for command environment: Not usable outside of PowerShell
[74.972s] DEBUG:colcon.colcon_core.shell:Skip shell extension 'dsv' for command environment
[74.975s] INFO:colcon.colcon_ros.task.ament_cmake.build:Building ROS package in '/root/ros_ws/src/Rescue_Car_ws/src/microros/src/ros2/common_interfaces/trajectory_msgs' with build type 'ament_cmake'
[74.975s] INFO:colcon.colcon_cmake.task.cmake.build:Building CMake package in '/root/ros_ws/src/Rescue_Car_ws/src/microros/src/ros2/common_interfaces/trajectory_msgs'
[74.975s] INFO:colcon.colcon_core.shell:Skip shell extension 'powershell' for command environment: Not usable outside of PowerShell
[74.975s] DEBUG:colcon.colcon_core.shell:Skip shell extension 'dsv' for command environment
[75.153s] DEBUG:colcon.colcon_core.event_handler.log_command:Invoking command in '/root/ros_ws/src/Rescue_Car_ws/build/nav_msgs': AMENT_PREFIX_PATH=/root/ros_ws/src/Rescue_Car_ws/install/geometry_msgs:/root/ros_ws/src/Rescue_Car_ws/install/std_msgs:/root/ros_ws/src/Rescue_Car_ws/install/builtin_interfaces:${AMENT_PREFIX_PATH} CMAKE_PREFIX_PATH=/root/ros_ws/src/Rescue_Car_ws/install/geometry_msgs:/root/ros_ws/src/Rescue_Car_ws/install/std_msgs:/root/ros_ws/src/Rescue_Car_ws/install/builtin_interfaces:/opt/ros/humble LD_LIBRARY_PATH=/root/ros_ws/src/Rescue_Car_ws/install/geometry_msgs/lib:/root/ros_ws/src/Rescue_Car_ws/install/std_msgs/lib:/root/ros_ws/src/Rescue_Car_ws/install/builtin_interfaces/lib:${LD_LIBRARY_PATH} PYTHONPATH=/root/ros_ws/src/Rescue_Car_ws/install/geometry_msgs/local/lib/python3.10/dist-packages:/root/ros_ws/src/Rescue_Car_ws/install/std_msgs/local/lib/python3.10/dist-packages:/root/ros_ws/src/Rescue_Car_ws/install/builtin_interfaces/local/lib/python3.10/dist-packages:${PYTHONPATH} /usr/bin/cmake /root/ros_ws/src/Rescue_Car_ws/src/microros/src/ros2/common_interfaces/nav_msgs -DCMAKE_INSTALL_PREFIX=/root/ros_ws/src/Rescue_Car_ws/install/nav_msgs
[75.158s] DEBUG:colcon.colcon_core.event_handler.log_command:Invoking command in '/root/ros_ws/src/Rescue_Car_ws/build/sensor_msgs': AMENT_PREFIX_PATH=/root/ros_ws/src/Rescue_Car_ws/install/geometry_msgs:/root/ros_ws/src/Rescue_Car_ws/install/std_msgs:/root/ros_ws/src/Rescue_Car_ws/install/builtin_interfaces:${AMENT_PREFIX_PATH} CMAKE_PREFIX_PATH=/root/ros_ws/src/Rescue_Car_ws/install/geometry_msgs:/root/ros_ws/src/Rescue_Car_ws/install/std_msgs:/root/ros_ws/src/Rescue_Car_ws/install/builtin_interfaces:/opt/ros/humble LD_LIBRARY_PATH=/root/ros_ws/src/Rescue_Car_ws/install/geometry_msgs/lib:/root/ros_ws/src/Rescue_Car_ws/install/std_msgs/lib:/root/ros_ws/src/Rescue_Car_ws/install/builtin_interfaces/lib:${LD_LIBRARY_PATH} PYTHONPATH=/root/ros_ws/src/Rescue_Car_ws/install/geometry_msgs/local/lib/python3.10/dist-packages:/root/ros_ws/src/Rescue_Car_ws/install/std_msgs/local/lib/python3.10/dist-packages:/root/ros_ws/src/Rescue_Car_ws/install/builtin_interfaces/local/lib/python3.10/dist-packages:${PYTHONPATH} /usr/bin/cmake /root/ros_ws/src/Rescue_Car_ws/src/microros/src/ros2/common_interfaces/sensor_msgs -DCMAKE_INSTALL_PREFIX=/root/ros_ws/src/Rescue_Car_ws/install/sensor_msgs
[75.161s] DEBUG:colcon.colcon_core.event_handler.log_command:Invoking command in '/root/ros_ws/src/Rescue_Car_ws/build/shape_msgs': AMENT_PREFIX_PATH=/root/ros_ws/src/Rescue_Car_ws/install/geometry_msgs:/root/ros_ws/src/Rescue_Car_ws/install/std_msgs:/root/ros_ws/src/Rescue_Car_ws/install/builtin_interfaces:${AMENT_PREFIX_PATH} CMAKE_PREFIX_PATH=/root/ros_ws/src/Rescue_Car_ws/install/geometry_msgs:/root/ros_ws/src/Rescue_Car_ws/install/std_msgs:/root/ros_ws/src/Rescue_Car_ws/install/builtin_interfaces:/opt/ros/humble LD_LIBRARY_PATH=/root/ros_ws/src/Rescue_Car_ws/install/geometry_msgs/lib:/root/ros_ws/src/Rescue_Car_ws/install/std_msgs/lib:/root/ros_ws/src/Rescue_Car_ws/install/builtin_interfaces/lib:${LD_LIBRARY_PATH} PYTHONPATH=/root/ros_ws/src/Rescue_Car_ws/install/geometry_msgs/local/lib/python3.10/dist-packages:/root/ros_ws/src/Rescue_Car_ws/install/std_msgs/local/lib/python3.10/dist-packages:/root/ros_ws/src/Rescue_Car_ws/install/builtin_interfaces/local/lib/python3.10/dist-packages:${PYTHONPATH} /usr/bin/cmake /root/ros_ws/src/Rescue_Car_ws/src/microros/src/ros2/common_interfaces/shape_msgs -DCMAKE_INSTALL_PREFIX=/root/ros_ws/src/Rescue_Car_ws/install/shape_msgs
[75.165s] DEBUG:colcon.colcon_core.event_handler.log_command:Invoking command in '/root/ros_ws/src/Rescue_Car_ws/build/diagnostic_msgs': AMENT_PREFIX_PATH=/root/ros_ws/src/Rescue_Car_ws/install/geometry_msgs:/root/ros_ws/src/Rescue_Car_ws/install/std_msgs:/root/ros_ws/src/Rescue_Car_ws/install/builtin_interfaces:${AMENT_PREFIX_PATH} CMAKE_PREFIX_PATH=/root/ros_ws/src/Rescue_Car_ws/install/geometry_msgs:/root/ros_ws/src/Rescue_Car_ws/install/std_msgs:/root/ros_ws/src/Rescue_Car_ws/install/builtin_interfaces:/opt/ros/humble LD_LIBRARY_PATH=/root/ros_ws/src/Rescue_Car_ws/install/geometry_msgs/lib:/root/ros_ws/src/Rescue_Car_ws/install/std_msgs/lib:/root/ros_ws/src/Rescue_Car_ws/install/builtin_interfaces/lib:${LD_LIBRARY_PATH} PYTHONPATH=/root/ros_ws/src/Rescue_Car_ws/install/geometry_msgs/local/lib/python3.10/dist-packages:/root/ros_ws/src/Rescue_Car_ws/install/std_msgs/local/lib/python3.10/dist-packages:/root/ros_ws/src/Rescue_Car_ws/install/builtin_interfaces/local/lib/python3.10/dist-packages:${PYTHONPATH} /usr/bin/cmake /root/ros_ws/src/Rescue_Car_ws/src/microros/src/ros2/common_interfaces/diagnostic_msgs -DCMAKE_INSTALL_PREFIX=/root/ros_ws/src/Rescue_Car_ws/install/diagnostic_msgs
[75.205s] DEBUG:colcon.colcon_core.event_handler.log_command:Invoking command in '/root/ros_ws/src/Rescue_Car_ws/build/trajectory_msgs': AMENT_PREFIX_PATH=/root/ros_ws/src/Rescue_Car_ws/install/geometry_msgs:/root/ros_ws/src/Rescue_Car_ws/install/std_msgs:/root/ros_ws/src/Rescue_Car_ws/install/builtin_interfaces:${AMENT_PREFIX_PATH} CMAKE_PREFIX_PATH=/root/ros_ws/src/Rescue_Car_ws/install/geometry_msgs:/root/ros_ws/src/Rescue_Car_ws/install/std_msgs:/root/ros_ws/src/Rescue_Car_ws/install/builtin_interfaces:/opt/ros/humble LD_LIBRARY_PATH=/root/ros_ws/src/Rescue_Car_ws/install/geometry_msgs/lib:/root/ros_ws/src/Rescue_Car_ws/install/std_msgs/lib:/root/ros_ws/src/Rescue_Car_ws/install/builtin_interfaces/lib:${LD_LIBRARY_PATH} PYTHONPATH=/root/ros_ws/src/Rescue_Car_ws/install/geometry_msgs/local/lib/python3.10/dist-packages:/root/ros_ws/src/Rescue_Car_ws/install/std_msgs/local/lib/python3.10/dist-packages:/root/ros_ws/src/Rescue_Car_ws/install/builtin_interfaces/local/lib/python3.10/dist-packages:${PYTHONPATH} /usr/bin/cmake /root/ros_ws/src/Rescue_Car_ws/src/microros/src/ros2/common_interfaces/trajectory_msgs -DCMAKE_INSTALL_PREFIX=/root/ros_ws/src/Rescue_Car_ws/install/trajectory_msgs
[78.539s] DEBUG:colcon.colcon_core.event_handler.log_command:Invoked command in '/root/ros_ws/src/Rescue_Car_ws/build/diagnostic_msgs' returned '0': AMENT_PREFIX_PATH=/root/ros_ws/src/Rescue_Car_ws/install/geometry_msgs:/root/ros_ws/src/Rescue_Car_ws/install/std_msgs:/root/ros_ws/src/Rescue_Car_ws/install/builtin_interfaces:${AMENT_PREFIX_PATH} CMAKE_PREFIX_PATH=/root/ros_ws/src/Rescue_Car_ws/install/geometry_msgs:/root/ros_ws/src/Rescue_Car_ws/install/std_msgs:/root/ros_ws/src/Rescue_Car_ws/install/builtin_interfaces:/opt/ros/humble LD_LIBRARY_PATH=/root/ros_ws/src/Rescue_Car_ws/install/geometry_msgs/lib:/root/ros_ws/src/Rescue_Car_ws/install/std_msgs/lib:/root/ros_ws/src/Rescue_Car_ws/install/builtin_interfaces/lib:${LD_LIBRARY_PATH} PYTHONPATH=/root/ros_ws/src/Rescue_Car_ws/install/geometry_msgs/local/lib/python3.10/dist-packages:/root/ros_ws/src/Rescue_Car_ws/install/std_msgs/local/lib/python3.10/dist-packages:/root/ros_ws/src/Rescue_Car_ws/install/builtin_interfaces/local/lib/python3.10/dist-packages:${PYTHONPATH} /usr/bin/cmake /root/ros_ws/src/Rescue_Car_ws/src/microros/src/ros2/common_interfaces/diagnostic_msgs -DCMAKE_INSTALL_PREFIX=/root/ros_ws/src/Rescue_Car_ws/install/diagnostic_msgs
[78.540s] DEBUG:colcon.colcon_core.event_handler.log_command:Invoking command in '/root/ros_ws/src/Rescue_Car_ws/build/diagnostic_msgs': AMENT_PREFIX_PATH=/root/ros_ws/src/Rescue_Car_ws/install/geometry_msgs:/root/ros_ws/src/Rescue_Car_ws/install/std_msgs:/root/ros_ws/src/Rescue_Car_ws/install/builtin_interfaces:${AMENT_PREFIX_PATH} CMAKE_PREFIX_PATH=/root/ros_ws/src/Rescue_Car_ws/install/geometry_msgs:/root/ros_ws/src/Rescue_Car_ws/install/std_msgs:/root/ros_ws/src/Rescue_Car_ws/install/builtin_interfaces:/opt/ros/humble LD_LIBRARY_PATH=/root/ros_ws/src/Rescue_Car_ws/install/geometry_msgs/lib:/root/ros_ws/src/Rescue_Car_ws/install/std_msgs/lib:/root/ros_ws/src/Rescue_Car_ws/install/builtin_interfaces/lib:${LD_LIBRARY_PATH} PYTHONPATH=/root/ros_ws/src/Rescue_Car_ws/install/geometry_msgs/local/lib/python3.10/dist-packages:/root/ros_ws/src/Rescue_Car_ws/install/std_msgs/local/lib/python3.10/dist-packages:/root/ros_ws/src/Rescue_Car_ws/install/builtin_interfaces/local/lib/python3.10/dist-packages:${PYTHONPATH} /usr/bin/cmake --build /root/ros_ws/src/Rescue_Car_ws/build/diagnostic_msgs -- -j20 -l20
[78.582s] DEBUG:colcon.colcon_core.event_handler.log_command:Invoked command in '/root/ros_ws/src/Rescue_Car_ws/build/shape_msgs' returned '0': AMENT_PREFIX_PATH=/root/ros_ws/src/Rescue_Car_ws/install/geometry_msgs:/root/ros_ws/src/Rescue_Car_ws/install/std_msgs:/root/ros_ws/src/Rescue_Car_ws/install/builtin_interfaces:${AMENT_PREFIX_PATH} CMAKE_PREFIX_PATH=/root/ros_ws/src/Rescue_Car_ws/install/geometry_msgs:/root/ros_ws/src/Rescue_Car_ws/install/std_msgs:/root/ros_ws/src/Rescue_Car_ws/install/builtin_interfaces:/opt/ros/humble LD_LIBRARY_PATH=/root/ros_ws/src/Rescue_Car_ws/install/geometry_msgs/lib:/root/ros_ws/src/Rescue_Car_ws/install/std_msgs/lib:/root/ros_ws/src/Rescue_Car_ws/install/builtin_interfaces/lib:${LD_LIBRARY_PATH} PYTHONPATH=/root/ros_ws/src/Rescue_Car_ws/install/geometry_msgs/local/lib/python3.10/dist-packages:/root/ros_ws/src/Rescue_Car_ws/install/std_msgs/local/lib/python3.10/dist-packages:/root/ros_ws/src/Rescue_Car_ws/install/builtin_interfaces/local/lib/python3.10/dist-packages:${PYTHONPATH} /usr/bin/cmake /root/ros_ws/src/Rescue_Car_ws/src/microros/src/ros2/common_interfaces/shape_msgs -DCMAKE_INSTALL_PREFIX=/root/ros_ws/src/Rescue_Car_ws/install/shape_msgs
[78.583s] DEBUG:colcon.colcon_core.event_handler.log_command:Invoking command in '/root/ros_ws/src/Rescue_Car_ws/build/shape_msgs': AMENT_PREFIX_PATH=/root/ros_ws/src/Rescue_Car_ws/install/geometry_msgs:/root/ros_ws/src/Rescue_Car_ws/install/std_msgs:/root/ros_ws/src/Rescue_Car_ws/install/builtin_interfaces:${AMENT_PREFIX_PATH} CMAKE_PREFIX_PATH=/root/ros_ws/src/Rescue_Car_ws/install/geometry_msgs:/root/ros_ws/src/Rescue_Car_ws/install/std_msgs:/root/ros_ws/src/Rescue_Car_ws/install/builtin_interfaces:/opt/ros/humble LD_LIBRARY_PATH=/root/ros_ws/src/Rescue_Car_ws/install/geometry_msgs/lib:/root/ros_ws/src/Rescue_Car_ws/install/std_msgs/lib:/root/ros_ws/src/Rescue_Car_ws/install/builtin_interfaces/lib:${LD_LIBRARY_PATH} PYTHONPATH=/root/ros_ws/src/Rescue_Car_ws/install/geometry_msgs/local/lib/python3.10/dist-packages:/root/ros_ws/src/Rescue_Car_ws/install/std_msgs/local/lib/python3.10/dist-packages:/root/ros_ws/src/Rescue_Car_ws/install/builtin_interfaces/local/lib/python3.10/dist-packages:${PYTHONPATH} /usr/bin/cmake --build /root/ros_ws/src/Rescue_Car_ws/build/shape_msgs -- -j20 -l20
[78.675s] DEBUG:colcon.colcon_core.event_handler.log_command:Invoked command in '/root/ros_ws/src/Rescue_Car_ws/build/nav_msgs' returned '0': AMENT_PREFIX_PATH=/root/ros_ws/src/Rescue_Car_ws/install/geometry_msgs:/root/ros_ws/src/Rescue_Car_ws/install/std_msgs:/root/ros_ws/src/Rescue_Car_ws/install/builtin_interfaces:${AMENT_PREFIX_PATH} CMAKE_PREFIX_PATH=/root/ros_ws/src/Rescue_Car_ws/install/geometry_msgs:/root/ros_ws/src/Rescue_Car_ws/install/std_msgs:/root/ros_ws/src/Rescue_Car_ws/install/builtin_interfaces:/opt/ros/humble LD_LIBRARY_PATH=/root/ros_ws/src/Rescue_Car_ws/install/geometry_msgs/lib:/root/ros_ws/src/Rescue_Car_ws/install/std_msgs/lib:/root/ros_ws/src/Rescue_Car_ws/install/builtin_interfaces/lib:${LD_LIBRARY_PATH} PYTHONPATH=/root/ros_ws/src/Rescue_Car_ws/install/geometry_msgs/local/lib/python3.10/dist-packages:/root/ros_ws/src/Rescue_Car_ws/install/std_msgs/local/lib/python3.10/dist-packages:/root/ros_ws/src/Rescue_Car_ws/install/builtin_interfaces/local/lib/python3.10/dist-packages:${PYTHONPATH} /usr/bin/cmake /root/ros_ws/src/Rescue_Car_ws/src/microros/src/ros2/common_interfaces/nav_msgs -DCMAKE_INSTALL_PREFIX=/root/ros_ws/src/Rescue_Car_ws/install/nav_msgs
[78.678s] DEBUG:colcon.colcon_core.event_handler.log_command:Invoking command in '/root/ros_ws/src/Rescue_Car_ws/build/nav_msgs': AMENT_PREFIX_PATH=/root/ros_ws/src/Rescue_Car_ws/install/geometry_msgs:/root/ros_ws/src/Rescue_Car_ws/install/std_msgs:/root/ros_ws/src/Rescue_Car_ws/install/builtin_interfaces:${AMENT_PREFIX_PATH} CMAKE_PREFIX_PATH=/root/ros_ws/src/Rescue_Car_ws/install/geometry_msgs:/root/ros_ws/src/Rescue_Car_ws/install/std_msgs:/root/ros_ws/src/Rescue_Car_ws/install/builtin_interfaces:/opt/ros/humble LD_LIBRARY_PATH=/root/ros_ws/src/Rescue_Car_ws/install/geometry_msgs/lib:/root/ros_ws/src/Rescue_Car_ws/install/std_msgs/lib:/root/ros_ws/src/Rescue_Car_ws/install/builtin_interfaces/lib:${LD_LIBRARY_PATH} PYTHONPATH=/root/ros_ws/src/Rescue_Car_ws/install/geometry_msgs/local/lib/python3.10/dist-packages:/root/ros_ws/src/Rescue_Car_ws/install/std_msgs/local/lib/python3.10/dist-packages:/root/ros_ws/src/Rescue_Car_ws/install/builtin_interfaces/local/lib/python3.10/dist-packages:${PYTHONPATH} /usr/bin/cmake --build /root/ros_ws/src/Rescue_Car_ws/build/nav_msgs -- -j20 -l20
[78.694s] DEBUG:colcon.colcon_core.event_handler.log_command:Invoked command in '/root/ros_ws/src/Rescue_Car_ws/build/trajectory_msgs' returned '0': AMENT_PREFIX_PATH=/root/ros_ws/src/Rescue_Car_ws/install/geometry_msgs:/root/ros_ws/src/Rescue_Car_ws/install/std_msgs:/root/ros_ws/src/Rescue_Car_ws/install/builtin_interfaces:${AMENT_PREFIX_PATH} CMAKE_PREFIX_PATH=/root/ros_ws/src/Rescue_Car_ws/install/geometry_msgs:/root/ros_ws/src/Rescue_Car_ws/install/std_msgs:/root/ros_ws/src/Rescue_Car_ws/install/builtin_interfaces:/opt/ros/humble LD_LIBRARY_PATH=/root/ros_ws/src/Rescue_Car_ws/install/geometry_msgs/lib:/root/ros_ws/src/Rescue_Car_ws/install/std_msgs/lib:/root/ros_ws/src/Rescue_Car_ws/install/builtin_interfaces/lib:${LD_LIBRARY_PATH} PYTHONPATH=/root/ros_ws/src/Rescue_Car_ws/install/geometry_msgs/local/lib/python3.10/dist-packages:/root/ros_ws/src/Rescue_Car_ws/install/std_msgs/local/lib/python3.10/dist-packages:/root/ros_ws/src/Rescue_Car_ws/install/builtin_interfaces/local/lib/python3.10/dist-packages:${PYTHONPATH} /usr/bin/cmake /root/ros_ws/src/Rescue_Car_ws/src/microros/src/ros2/common_interfaces/trajectory_msgs -DCMAKE_INSTALL_PREFIX=/root/ros_ws/src/Rescue_Car_ws/install/trajectory_msgs
[78.698s] DEBUG:colcon.colcon_core.event_handler.log_command:Invoking command in '/root/ros_ws/src/Rescue_Car_ws/build/trajectory_msgs': AMENT_PREFIX_PATH=/root/ros_ws/src/Rescue_Car_ws/install/geometry_msgs:/root/ros_ws/src/Rescue_Car_ws/install/std_msgs:/root/ros_ws/src/Rescue_Car_ws/install/builtin_interfaces:${AMENT_PREFIX_PATH} CMAKE_PREFIX_PATH=/root/ros_ws/src/Rescue_Car_ws/install/geometry_msgs:/root/ros_ws/src/Rescue_Car_ws/install/std_msgs:/root/ros_ws/src/Rescue_Car_ws/install/builtin_interfaces:/opt/ros/humble LD_LIBRARY_PATH=/root/ros_ws/src/Rescue_Car_ws/install/geometry_msgs/lib:/root/ros_ws/src/Rescue_Car_ws/install/std_msgs/lib:/root/ros_ws/src/Rescue_Car_ws/install/builtin_interfaces/lib:${LD_LIBRARY_PATH} PYTHONPATH=/root/ros_ws/src/Rescue_Car_ws/install/geometry_msgs/local/lib/python3.10/dist-packages:/root/ros_ws/src/Rescue_Car_ws/install/std_msgs/local/lib/python3.10/dist-packages:/root/ros_ws/src/Rescue_Car_ws/install/builtin_interfaces/local/lib/python3.10/dist-packages:${PYTHONPATH} /usr/bin/cmake --build /root/ros_ws/src/Rescue_Car_ws/build/trajectory_msgs -- -j20 -l20
[79.243s] DEBUG:colcon.colcon_core.event_handler.log_command:Invoked command in '/root/ros_ws/src/Rescue_Car_ws/build/sensor_msgs' returned '0': AMENT_PREFIX_PATH=/root/ros_ws/src/Rescue_Car_ws/install/geometry_msgs:/root/ros_ws/src/Rescue_Car_ws/install/std_msgs:/root/ros_ws/src/Rescue_Car_ws/install/builtin_interfaces:${AMENT_PREFIX_PATH} CMAKE_PREFIX_PATH=/root/ros_ws/src/Rescue_Car_ws/install/geometry_msgs:/root/ros_ws/src/Rescue_Car_ws/install/std_msgs:/root/ros_ws/src/Rescue_Car_ws/install/builtin_interfaces:/opt/ros/humble LD_LIBRARY_PATH=/root/ros_ws/src/Rescue_Car_ws/install/geometry_msgs/lib:/root/ros_ws/src/Rescue_Car_ws/install/std_msgs/lib:/root/ros_ws/src/Rescue_Car_ws/install/builtin_interfaces/lib:${LD_LIBRARY_PATH} PYTHONPATH=/root/ros_ws/src/Rescue_Car_ws/install/geometry_msgs/local/lib/python3.10/dist-packages:/root/ros_ws/src/Rescue_Car_ws/install/std_msgs/local/lib/python3.10/dist-packages:/root/ros_ws/src/Rescue_Car_ws/install/builtin_interfaces/local/lib/python3.10/dist-packages:${PYTHONPATH} /usr/bin/cmake /root/ros_ws/src/Rescue_Car_ws/src/microros/src/ros2/common_interfaces/sensor_msgs -DCMAKE_INSTALL_PREFIX=/root/ros_ws/src/Rescue_Car_ws/install/sensor_msgs
[79.250s] DEBUG:colcon.colcon_core.event_handler.log_command:Invoking command in '/root/ros_ws/src/Rescue_Car_ws/build/sensor_msgs': AMENT_PREFIX_PATH=/root/ros_ws/src/Rescue_Car_ws/install/geometry_msgs:/root/ros_ws/src/Rescue_Car_ws/install/std_msgs:/root/ros_ws/src/Rescue_Car_ws/install/builtin_interfaces:${AMENT_PREFIX_PATH} CMAKE_PREFIX_PATH=/root/ros_ws/src/Rescue_Car_ws/install/geometry_msgs:/root/ros_ws/src/Rescue_Car_ws/install/std_msgs:/root/ros_ws/src/Rescue_Car_ws/install/builtin_interfaces:/opt/ros/humble LD_LIBRARY_PATH=/root/ros_ws/src/Rescue_Car_ws/install/geometry_msgs/lib:/root/ros_ws/src/Rescue_Car_ws/install/std_msgs/lib:/root/ros_ws/src/Rescue_Car_ws/install/builtin_interfaces/lib:${LD_LIBRARY_PATH} PYTHONPATH=/root/ros_ws/src/Rescue_Car_ws/install/geometry_msgs/local/lib/python3.10/dist-packages:/root/ros_ws/src/Rescue_Car_ws/install/std_msgs/local/lib/python3.10/dist-packages:/root/ros_ws/src/Rescue_Car_ws/install/builtin_interfaces/local/lib/python3.10/dist-packages:${PYTHONPATH} /usr/bin/cmake --build /root/ros_ws/src/Rescue_Car_ws/build/sensor_msgs -- -j20 -l20
[83.040s] DEBUG:colcon.colcon_core.event_handler.log_command:Invoked command in '/root/ros_ws/src/Rescue_Car_ws/build/rclc' returned '0': AMENT_PREFIX_PATH=/root/ros_ws/src/Rescue_Car_ws/install/test_msgs:/root/ros_ws/src/Rescue_Car_ws/install/example_interfaces:/root/ros_ws/src/Rescue_Car_ws/install/std_msgs:/root/ros_ws/src/Rescue_Car_ws/install/action_msgs:/root/ros_ws/src/Rescue_Car_ws/install/unique_identifier_msgs:/root/ros_ws/src/Rescue_Car_ws/install/builtin_interfaces:${AMENT_PREFIX_PATH} CMAKE_PREFIX_PATH=/root/ros_ws/src/Rescue_Car_ws/install/test_msgs:/root/ros_ws/src/Rescue_Car_ws/install/example_interfaces:/root/ros_ws/src/Rescue_Car_ws/install/std_msgs:/root/ros_ws/src/Rescue_Car_ws/install/action_msgs:/root/ros_ws/src/Rescue_Car_ws/install/unique_identifier_msgs:/root/ros_ws/src/Rescue_Car_ws/install/builtin_interfaces:/opt/ros/humble LD_LIBRARY_PATH=/root/ros_ws/src/Rescue_Car_ws/install/test_msgs/lib:/root/ros_ws/src/Rescue_Car_ws/install/example_interfaces/lib:/root/ros_ws/src/Rescue_Car_ws/install/std_msgs/lib:/root/ros_ws/src/Rescue_Car_ws/install/action_msgs/lib:/root/ros_ws/src/Rescue_Car_ws/install/unique_identifier_msgs/lib:/root/ros_ws/src/Rescue_Car_ws/install/builtin_interfaces/lib:${LD_LIBRARY_PATH} PYTHONPATH=/root/ros_ws/src/Rescue_Car_ws/install/test_msgs/local/lib/python3.10/dist-packages:/root/ros_ws/src/Rescue_Car_ws/install/example_interfaces/local/lib/python3.10/dist-packages:/root/ros_ws/src/Rescue_Car_ws/install/std_msgs/local/lib/python3.10/dist-packages:/root/ros_ws/src/Rescue_Car_ws/install/action_msgs/local/lib/python3.10/dist-packages:/root/ros_ws/src/Rescue_Car_ws/install/unique_identifier_msgs/local/lib/python3.10/dist-packages:/root/ros_ws/src/Rescue_Car_ws/install/builtin_interfaces/local/lib/python3.10/dist-packages:${PYTHONPATH} /usr/bin/cmake /root/ros_ws/src/Rescue_Car_ws/src/microros/src/uros/rclc/rclc -DCMAKE_INSTALL_PREFIX=/root/ros_ws/src/Rescue_Car_ws/install/rclc
[83.041s] DEBUG:colcon.colcon_core.event_handler.log_command:Invoking command in '/root/ros_ws/src/Rescue_Car_ws/build/rclc': AMENT_PREFIX_PATH=/root/ros_ws/src/Rescue_Car_ws/install/test_msgs:/root/ros_ws/src/Rescue_Car_ws/install/example_interfaces:/root/ros_ws/src/Rescue_Car_ws/install/std_msgs:/root/ros_ws/src/Rescue_Car_ws/install/action_msgs:/root/ros_ws/src/Rescue_Car_ws/install/unique_identifier_msgs:/root/ros_ws/src/Rescue_Car_ws/install/builtin_interfaces:${AMENT_PREFIX_PATH} CMAKE_PREFIX_PATH=/root/ros_ws/src/Rescue_Car_ws/install/test_msgs:/root/ros_ws/src/Rescue_Car_ws/install/example_interfaces:/root/ros_ws/src/Rescue_Car_ws/install/std_msgs:/root/ros_ws/src/Rescue_Car_ws/install/action_msgs:/root/ros_ws/src/Rescue_Car_ws/install/unique_identifier_msgs:/root/ros_ws/src/Rescue_Car_ws/install/builtin_interfaces:/opt/ros/humble LD_LIBRARY_PATH=/root/ros_ws/src/Rescue_Car_ws/install/test_msgs/lib:/root/ros_ws/src/Rescue_Car_ws/install/example_interfaces/lib:/root/ros_ws/src/Rescue_Car_ws/install/std_msgs/lib:/root/ros_ws/src/Rescue_Car_ws/install/action_msgs/lib:/root/ros_ws/src/Rescue_Car_ws/install/unique_identifier_msgs/lib:/root/ros_ws/src/Rescue_Car_ws/install/builtin_interfaces/lib:${LD_LIBRARY_PATH} PYTHONPATH=/root/ros_ws/src/Rescue_Car_ws/install/test_msgs/local/lib/python3.10/dist-packages:/root/ros_ws/src/Rescue_Car_ws/install/example_interfaces/local/lib/python3.10/dist-packages:/root/ros_ws/src/Rescue_Car_ws/install/std_msgs/local/lib/python3.10/dist-packages:/root/ros_ws/src/Rescue_Car_ws/install/action_msgs/local/lib/python3.10/dist-packages:/root/ros_ws/src/Rescue_Car_ws/install/unique_identifier_msgs/local/lib/python3.10/dist-packages:/root/ros_ws/src/Rescue_Car_ws/install/builtin_interfaces/local/lib/python3.10/dist-packages:${PYTHONPATH} /usr/bin/cmake --build /root/ros_ws/src/Rescue_Car_ws/build/rclc -- -j20 -l20
[86.436s] DEBUG:colcon.colcon_core.event_handler.log_command:Invoked command in '/root/ros_ws/src/Rescue_Car_ws/build/shape_msgs' returned '0': AMENT_PREFIX_PATH=/root/ros_ws/src/Rescue_Car_ws/install/geometry_msgs:/root/ros_ws/src/Rescue_Car_ws/install/std_msgs:/root/ros_ws/src/Rescue_Car_ws/install/builtin_interfaces:${AMENT_PREFIX_PATH} CMAKE_PREFIX_PATH=/root/ros_ws/src/Rescue_Car_ws/install/geometry_msgs:/root/ros_ws/src/Rescue_Car_ws/install/std_msgs:/root/ros_ws/src/Rescue_Car_ws/install/builtin_interfaces:/opt/ros/humble LD_LIBRARY_PATH=/root/ros_ws/src/Rescue_Car_ws/install/geometry_msgs/lib:/root/ros_ws/src/Rescue_Car_ws/install/std_msgs/lib:/root/ros_ws/src/Rescue_Car_ws/install/builtin_interfaces/lib:${LD_LIBRARY_PATH} PYTHONPATH=/root/ros_ws/src/Rescue_Car_ws/install/geometry_msgs/local/lib/python3.10/dist-packages:/root/ros_ws/src/Rescue_Car_ws/install/std_msgs/local/lib/python3.10/dist-packages:/root/ros_ws/src/Rescue_Car_ws/install/builtin_interfaces/local/lib/python3.10/dist-packages:${PYTHONPATH} /usr/bin/cmake --build /root/ros_ws/src/Rescue_Car_ws/build/shape_msgs -- -j20 -l20
[86.437s] DEBUG:colcon.colcon_core.event_handler.log_command:Invoking command in '/root/ros_ws/src/Rescue_Car_ws/build/shape_msgs': AMENT_PREFIX_PATH=/root/ros_ws/src/Rescue_Car_ws/install/geometry_msgs:/root/ros_ws/src/Rescue_Car_ws/install/std_msgs:/root/ros_ws/src/Rescue_Car_ws/install/builtin_interfaces:${AMENT_PREFIX_PATH} CMAKE_PREFIX_PATH=/root/ros_ws/src/Rescue_Car_ws/install/geometry_msgs:/root/ros_ws/src/Rescue_Car_ws/install/std_msgs:/root/ros_ws/src/Rescue_Car_ws/install/builtin_interfaces:/opt/ros/humble LD_LIBRARY_PATH=/root/ros_ws/src/Rescue_Car_ws/install/geometry_msgs/lib:/root/ros_ws/src/Rescue_Car_ws/install/std_msgs/lib:/root/ros_ws/src/Rescue_Car_ws/install/builtin_interfaces/lib:${LD_LIBRARY_PATH} PYTHONPATH=/root/ros_ws/src/Rescue_Car_ws/install/geometry_msgs/local/lib/python3.10/dist-packages:/root/ros_ws/src/Rescue_Car_ws/install/std_msgs/local/lib/python3.10/dist-packages:/root/ros_ws/src/Rescue_Car_ws/install/builtin_interfaces/local/lib/python3.10/dist-packages:${PYTHONPATH} /usr/bin/cmake --install /root/ros_ws/src/Rescue_Car_ws/build/shape_msgs
[86.512s] Level 1:colcon.colcon_core.environment:create_environment_scripts_only(shape_msgs)
[86.512s] Level 1:colcon.colcon_core.environment:checking '/root/ros_ws/src/Rescue_Car_ws/install/shape_msgs' for CMake module files
[86.512s] DEBUG:colcon.colcon_core.event_handler.log_command:Invoked command in '/root/ros_ws/src/Rescue_Car_ws/build/shape_msgs' returned '0': AMENT_PREFIX_PATH=/root/ros_ws/src/Rescue_Car_ws/install/geometry_msgs:/root/ros_ws/src/Rescue_Car_ws/install/std_msgs:/root/ros_ws/src/Rescue_Car_ws/install/builtin_interfaces:${AMENT_PREFIX_PATH} CMAKE_PREFIX_PATH=/root/ros_ws/src/Rescue_Car_ws/install/geometry_msgs:/root/ros_ws/src/Rescue_Car_ws/install/std_msgs:/root/ros_ws/src/Rescue_Car_ws/install/builtin_interfaces:/opt/ros/humble LD_LIBRARY_PATH=/root/ros_ws/src/Rescue_Car_ws/install/geometry_msgs/lib:/root/ros_ws/src/Rescue_Car_ws/install/std_msgs/lib:/root/ros_ws/src/Rescue_Car_ws/install/builtin_interfaces/lib:${LD_LIBRARY_PATH} PYTHONPATH=/root/ros_ws/src/Rescue_Car_ws/install/geometry_msgs/local/lib/python3.10/dist-packages:/root/ros_ws/src/Rescue_Car_ws/install/std_msgs/local/lib/python3.10/dist-packages:/root/ros_ws/src/Rescue_Car_ws/install/builtin_interfaces/local/lib/python3.10/dist-packages:${PYTHONPATH} /usr/bin/cmake --install /root/ros_ws/src/Rescue_Car_ws/build/shape_msgs
[86.513s] Level 1:colcon.colcon_core.environment:checking '/root/ros_ws/src/Rescue_Car_ws/install/shape_msgs' for CMake config files
[86.513s] Level 1:colcon.colcon_core.shell:create_environment_hook('shape_msgs', 'cmake_prefix_path')
[86.513s] INFO:colcon.colcon_core.shell:Creating environment hook '/root/ros_ws/src/Rescue_Car_ws/install/shape_msgs/share/shape_msgs/hook/cmake_prefix_path.ps1'
[86.514s] INFO:colcon.colcon_core.shell:Creating environment descriptor '/root/ros_ws/src/Rescue_Car_ws/install/shape_msgs/share/shape_msgs/hook/cmake_prefix_path.dsv'
[86.514s] INFO:colcon.colcon_core.shell:Creating environment hook '/root/ros_ws/src/Rescue_Car_ws/install/shape_msgs/share/shape_msgs/hook/cmake_prefix_path.sh'
[86.515s] Level 1:colcon.colcon_core.environment:checking '/root/ros_ws/src/Rescue_Car_ws/install/shape_msgs/lib'
[86.515s] Level 1:colcon.colcon_core.shell:create_environment_hook('shape_msgs', 'ld_library_path_lib')
[86.515s] INFO:colcon.colcon_core.shell:Creating environment hook '/root/ros_ws/src/Rescue_Car_ws/install/shape_msgs/share/shape_msgs/hook/ld_library_path_lib.ps1'
[86.515s] INFO:colcon.colcon_core.shell:Creating environment descriptor '/root/ros_ws/src/Rescue_Car_ws/install/shape_msgs/share/shape_msgs/hook/ld_library_path_lib.dsv'
[86.515s] INFO:colcon.colcon_core.shell:Creating environment hook '/root/ros_ws/src/Rescue_Car_ws/install/shape_msgs/share/shape_msgs/hook/ld_library_path_lib.sh'
[86.516s] Level 1:colcon.colcon_core.environment:checking '/root/ros_ws/src/Rescue_Car_ws/install/shape_msgs/bin'
[86.516s] Level 1:colcon.colcon_core.environment:checking '/root/ros_ws/src/Rescue_Car_ws/install/shape_msgs/lib/pkgconfig/shape_msgs.pc'
[86.516s] Level 1:colcon.colcon_core.environment:checking '/root/ros_ws/src/Rescue_Car_ws/install/shape_msgs/lib/python3.10/site-packages'
[86.516s] Level 1:colcon.colcon_core.environment:checking '/root/ros_ws/src/Rescue_Car_ws/install/shape_msgs/bin'
[86.516s] INFO:colcon.colcon_core.shell:Creating package script '/root/ros_ws/src/Rescue_Car_ws/install/shape_msgs/share/shape_msgs/package.ps1'
[86.517s] INFO:colcon.colcon_core.shell:Creating package descriptor '/root/ros_ws/src/Rescue_Car_ws/install/shape_msgs/share/shape_msgs/package.dsv'
[86.518s] INFO:colcon.colcon_core.shell:Creating package script '/root/ros_ws/src/Rescue_Car_ws/install/shape_msgs/share/shape_msgs/package.sh'
[86.518s] INFO:colcon.colcon_core.shell:Creating package script '/root/ros_ws/src/Rescue_Car_ws/install/shape_msgs/share/shape_msgs/package.bash'
[86.519s] INFO:colcon.colcon_core.shell:Creating package script '/root/ros_ws/src/Rescue_Car_ws/install/shape_msgs/share/shape_msgs/package.zsh'
[86.519s] Level 1:colcon.colcon_core.environment:create_file_with_runtime_dependencies(/root/ros_ws/src/Rescue_Car_ws/install/shape_msgs/share/colcon-core/packages/shape_msgs)
[86.520s] Level 1:colcon.colcon_core.environment:create_environment_scripts_only(shape_msgs)
[86.521s] Level 1:colcon.colcon_core.environment:checking '/root/ros_ws/src/Rescue_Car_ws/install/shape_msgs' for CMake module files
[86.522s] Level 1:colcon.colcon_core.environment:checking '/root/ros_ws/src/Rescue_Car_ws/install/shape_msgs' for CMake config files
[86.522s] Level 1:colcon.colcon_core.shell:create_environment_hook('shape_msgs', 'cmake_prefix_path')
[86.522s] INFO:colcon.colcon_core.shell:Creating environment hook '/root/ros_ws/src/Rescue_Car_ws/install/shape_msgs/share/shape_msgs/hook/cmake_prefix_path.ps1'
[86.523s] INFO:colcon.colcon_core.shell:Creating environment descriptor '/root/ros_ws/src/Rescue_Car_ws/install/shape_msgs/share/shape_msgs/hook/cmake_prefix_path.dsv'
[86.523s] INFO:colcon.colcon_core.shell:Creating environment hook '/root/ros_ws/src/Rescue_Car_ws/install/shape_msgs/share/shape_msgs/hook/cmake_prefix_path.sh'
[86.524s] Level 1:colcon.colcon_core.environment:checking '/root/ros_ws/src/Rescue_Car_ws/install/shape_msgs/lib'
[86.524s] Level 1:colcon.colcon_core.shell:create_environment_hook('shape_msgs', 'ld_library_path_lib')
[86.524s] INFO:colcon.colcon_core.shell:Creating environment hook '/root/ros_ws/src/Rescue_Car_ws/install/shape_msgs/share/shape_msgs/hook/ld_library_path_lib.ps1'
[86.525s] INFO:colcon.colcon_core.shell:Creating environment descriptor '/root/ros_ws/src/Rescue_Car_ws/install/shape_msgs/share/shape_msgs/hook/ld_library_path_lib.dsv'
[86.525s] INFO:colcon.colcon_core.shell:Creating environment hook '/root/ros_ws/src/Rescue_Car_ws/install/shape_msgs/share/shape_msgs/hook/ld_library_path_lib.sh'
[86.526s] Level 1:colcon.colcon_core.environment:checking '/root/ros_ws/src/Rescue_Car_ws/install/shape_msgs/bin'
[86.526s] Level 1:colcon.colcon_core.environment:checking '/root/ros_ws/src/Rescue_Car_ws/install/shape_msgs/lib/pkgconfig/shape_msgs.pc'
[86.526s] Level 1:colcon.colcon_core.environment:checking '/root/ros_ws/src/Rescue_Car_ws/install/shape_msgs/lib/python3.10/site-packages'
[86.526s] Level 1:colcon.colcon_core.environment:checking '/root/ros_ws/src/Rescue_Car_ws/install/shape_msgs/bin'
[86.527s] INFO:colcon.colcon_core.shell:Creating package script '/root/ros_ws/src/Rescue_Car_ws/install/shape_msgs/share/shape_msgs/package.ps1'
[86.527s] INFO:colcon.colcon_core.shell:Creating package descriptor '/root/ros_ws/src/Rescue_Car_ws/install/shape_msgs/share/shape_msgs/package.dsv'
[86.528s] INFO:colcon.colcon_core.shell:Creating package script '/root/ros_ws/src/Rescue_Car_ws/install/shape_msgs/share/shape_msgs/package.sh'
[86.529s] INFO:colcon.colcon_core.shell:Creating package script '/root/ros_ws/src/Rescue_Car_ws/install/shape_msgs/share/shape_msgs/package.bash'
[86.529s] INFO:colcon.colcon_core.shell:Creating package script '/root/ros_ws/src/Rescue_Car_ws/install/shape_msgs/share/shape_msgs/package.zsh'
[86.530s] Level 1:colcon.colcon_core.environment:create_file_with_runtime_dependencies(/root/ros_ws/src/Rescue_Car_ws/install/shape_msgs/share/colcon-core/packages/shape_msgs)
[86.680s] DEBUG:colcon.colcon_core.event_handler.log_command:Invoked command in '/root/ros_ws/src/Rescue_Car_ws/build/trajectory_msgs' returned '0': AMENT_PREFIX_PATH=/root/ros_ws/src/Rescue_Car_ws/install/geometry_msgs:/root/ros_ws/src/Rescue_Car_ws/install/std_msgs:/root/ros_ws/src/Rescue_Car_ws/install/builtin_interfaces:${AMENT_PREFIX_PATH} CMAKE_PREFIX_PATH=/root/ros_ws/src/Rescue_Car_ws/install/geometry_msgs:/root/ros_ws/src/Rescue_Car_ws/install/std_msgs:/root/ros_ws/src/Rescue_Car_ws/install/builtin_interfaces:/opt/ros/humble LD_LIBRARY_PATH=/root/ros_ws/src/Rescue_Car_ws/install/geometry_msgs/lib:/root/ros_ws/src/Rescue_Car_ws/install/std_msgs/lib:/root/ros_ws/src/Rescue_Car_ws/install/builtin_interfaces/lib:${LD_LIBRARY_PATH} PYTHONPATH=/root/ros_ws/src/Rescue_Car_ws/install/geometry_msgs/local/lib/python3.10/dist-packages:/root/ros_ws/src/Rescue_Car_ws/install/std_msgs/local/lib/python3.10/dist-packages:/root/ros_ws/src/Rescue_Car_ws/install/builtin_interfaces/local/lib/python3.10/dist-packages:${PYTHONPATH} /usr/bin/cmake --build /root/ros_ws/src/Rescue_Car_ws/build/trajectory_msgs -- -j20 -l20
[86.682s] DEBUG:colcon.colcon_core.event_handler.log_command:Invoking command in '/root/ros_ws/src/Rescue_Car_ws/build/trajectory_msgs': AMENT_PREFIX_PATH=/root/ros_ws/src/Rescue_Car_ws/install/geometry_msgs:/root/ros_ws/src/Rescue_Car_ws/install/std_msgs:/root/ros_ws/src/Rescue_Car_ws/install/builtin_interfaces:${AMENT_PREFIX_PATH} CMAKE_PREFIX_PATH=/root/ros_ws/src/Rescue_Car_ws/install/geometry_msgs:/root/ros_ws/src/Rescue_Car_ws/install/std_msgs:/root/ros_ws/src/Rescue_Car_ws/install/builtin_interfaces:/opt/ros/humble LD_LIBRARY_PATH=/root/ros_ws/src/Rescue_Car_ws/install/geometry_msgs/lib:/root/ros_ws/src/Rescue_Car_ws/install/std_msgs/lib:/root/ros_ws/src/Rescue_Car_ws/install/builtin_interfaces/lib:${LD_LIBRARY_PATH} PYTHONPATH=/root/ros_ws/src/Rescue_Car_ws/install/geometry_msgs/local/lib/python3.10/dist-packages:/root/ros_ws/src/Rescue_Car_ws/install/std_msgs/local/lib/python3.10/dist-packages:/root/ros_ws/src/Rescue_Car_ws/install/builtin_interfaces/local/lib/python3.10/dist-packages:${PYTHONPATH} /usr/bin/cmake --install /root/ros_ws/src/Rescue_Car_ws/build/trajectory_msgs
[86.760s] Level 1:colcon.colcon_core.environment:create_environment_scripts_only(trajectory_msgs)
[86.761s] DEBUG:colcon.colcon_core.event_handler.log_command:Invoked command in '/root/ros_ws/src/Rescue_Car_ws/build/trajectory_msgs' returned '0': AMENT_PREFIX_PATH=/root/ros_ws/src/Rescue_Car_ws/install/geometry_msgs:/root/ros_ws/src/Rescue_Car_ws/install/std_msgs:/root/ros_ws/src/Rescue_Car_ws/install/builtin_interfaces:${AMENT_PREFIX_PATH} CMAKE_PREFIX_PATH=/root/ros_ws/src/Rescue_Car_ws/install/geometry_msgs:/root/ros_ws/src/Rescue_Car_ws/install/std_msgs:/root/ros_ws/src/Rescue_Car_ws/install/builtin_interfaces:/opt/ros/humble LD_LIBRARY_PATH=/root/ros_ws/src/Rescue_Car_ws/install/geometry_msgs/lib:/root/ros_ws/src/Rescue_Car_ws/install/std_msgs/lib:/root/ros_ws/src/Rescue_Car_ws/install/builtin_interfaces/lib:${LD_LIBRARY_PATH} PYTHONPATH=/root/ros_ws/src/Rescue_Car_ws/install/geometry_msgs/local/lib/python3.10/dist-packages:/root/ros_ws/src/Rescue_Car_ws/install/std_msgs/local/lib/python3.10/dist-packages:/root/ros_ws/src/Rescue_Car_ws/install/builtin_interfaces/local/lib/python3.10/dist-packages:${PYTHONPATH} /usr/bin/cmake --install /root/ros_ws/src/Rescue_Car_ws/build/trajectory_msgs
[86.761s] Level 1:colcon.colcon_core.environment:checking '/root/ros_ws/src/Rescue_Car_ws/install/trajectory_msgs' for CMake module files
[86.762s] Level 1:colcon.colcon_core.environment:checking '/root/ros_ws/src/Rescue_Car_ws/install/trajectory_msgs' for CMake config files
[86.763s] Level 1:colcon.colcon_core.shell:create_environment_hook('trajectory_msgs', 'cmake_prefix_path')
[86.763s] INFO:colcon.colcon_core.shell:Creating environment hook '/root/ros_ws/src/Rescue_Car_ws/install/trajectory_msgs/share/trajectory_msgs/hook/cmake_prefix_path.ps1'
[86.764s] INFO:colcon.colcon_core.shell:Creating environment descriptor '/root/ros_ws/src/Rescue_Car_ws/install/trajectory_msgs/share/trajectory_msgs/hook/cmake_prefix_path.dsv'
[86.764s] INFO:colcon.colcon_core.shell:Creating environment hook '/root/ros_ws/src/Rescue_Car_ws/install/trajectory_msgs/share/trajectory_msgs/hook/cmake_prefix_path.sh'
[86.765s] Level 1:colcon.colcon_core.environment:checking '/root/ros_ws/src/Rescue_Car_ws/install/trajectory_msgs/lib'
[86.765s] Level 1:colcon.colcon_core.shell:create_environment_hook('trajectory_msgs', 'ld_library_path_lib')
[86.766s] INFO:colcon.colcon_core.shell:Creating environment hook '/root/ros_ws/src/Rescue_Car_ws/install/trajectory_msgs/share/trajectory_msgs/hook/ld_library_path_lib.ps1'
[86.766s] INFO:colcon.colcon_core.shell:Creating environment descriptor '/root/ros_ws/src/Rescue_Car_ws/install/trajectory_msgs/share/trajectory_msgs/hook/ld_library_path_lib.dsv'
[86.767s] INFO:colcon.colcon_core.shell:Creating environment hook '/root/ros_ws/src/Rescue_Car_ws/install/trajectory_msgs/share/trajectory_msgs/hook/ld_library_path_lib.sh'
[86.767s] Level 1:colcon.colcon_core.environment:checking '/root/ros_ws/src/Rescue_Car_ws/install/trajectory_msgs/bin'
[86.767s] Level 1:colcon.colcon_core.environment:checking '/root/ros_ws/src/Rescue_Car_ws/install/trajectory_msgs/lib/pkgconfig/trajectory_msgs.pc'
[86.768s] Level 1:colcon.colcon_core.environment:checking '/root/ros_ws/src/Rescue_Car_ws/install/trajectory_msgs/lib/python3.10/site-packages'
[86.768s] Level 1:colcon.colcon_core.environment:checking '/root/ros_ws/src/Rescue_Car_ws/install/trajectory_msgs/bin'
[86.769s] INFO:colcon.colcon_core.shell:Creating package script '/root/ros_ws/src/Rescue_Car_ws/install/trajectory_msgs/share/trajectory_msgs/package.ps1'
[86.770s] INFO:colcon.colcon_core.shell:Creating package descriptor '/root/ros_ws/src/Rescue_Car_ws/install/trajectory_msgs/share/trajectory_msgs/package.dsv'
[86.770s] INFO:colcon.colcon_core.shell:Creating package script '/root/ros_ws/src/Rescue_Car_ws/install/trajectory_msgs/share/trajectory_msgs/package.sh'
[86.771s] INFO:colcon.colcon_core.shell:Creating package script '/root/ros_ws/src/Rescue_Car_ws/install/trajectory_msgs/share/trajectory_msgs/package.bash'
[86.771s] INFO:colcon.colcon_core.shell:Creating package script '/root/ros_ws/src/Rescue_Car_ws/install/trajectory_msgs/share/trajectory_msgs/package.zsh'
[86.772s] Level 1:colcon.colcon_core.environment:create_file_with_runtime_dependencies(/root/ros_ws/src/Rescue_Car_ws/install/trajectory_msgs/share/colcon-core/packages/trajectory_msgs)
[86.774s] Level 1:colcon.colcon_core.environment:create_environment_scripts_only(trajectory_msgs)
[86.774s] Level 1:colcon.colcon_core.environment:checking '/root/ros_ws/src/Rescue_Car_ws/install/trajectory_msgs' for CMake module files
[86.775s] Level 1:colcon.colcon_core.environment:checking '/root/ros_ws/src/Rescue_Car_ws/install/trajectory_msgs' for CMake config files
[86.775s] Level 1:colcon.colcon_core.shell:create_environment_hook('trajectory_msgs', 'cmake_prefix_path')
[86.776s] INFO:colcon.colcon_core.shell:Creating environment hook '/root/ros_ws/src/Rescue_Car_ws/install/trajectory_msgs/share/trajectory_msgs/hook/cmake_prefix_path.ps1'
[86.777s] INFO:colcon.colcon_core.shell:Creating environment descriptor '/root/ros_ws/src/Rescue_Car_ws/install/trajectory_msgs/share/trajectory_msgs/hook/cmake_prefix_path.dsv'
[86.777s] INFO:colcon.colcon_core.shell:Creating environment hook '/root/ros_ws/src/Rescue_Car_ws/install/trajectory_msgs/share/trajectory_msgs/hook/cmake_prefix_path.sh'
[86.778s] Level 1:colcon.colcon_core.environment:checking '/root/ros_ws/src/Rescue_Car_ws/install/trajectory_msgs/lib'
[86.779s] Level 1:colcon.colcon_core.shell:create_environment_hook('trajectory_msgs', 'ld_library_path_lib')
[86.779s] INFO:colcon.colcon_core.shell:Creating environment hook '/root/ros_ws/src/Rescue_Car_ws/install/trajectory_msgs/share/trajectory_msgs/hook/ld_library_path_lib.ps1'
[86.780s] INFO:colcon.colcon_core.shell:Creating environment descriptor '/root/ros_ws/src/Rescue_Car_ws/install/trajectory_msgs/share/trajectory_msgs/hook/ld_library_path_lib.dsv'
[86.780s] INFO:colcon.colcon_core.shell:Creating environment hook '/root/ros_ws/src/Rescue_Car_ws/install/trajectory_msgs/share/trajectory_msgs/hook/ld_library_path_lib.sh'
[86.781s] Level 1:colcon.colcon_core.environment:checking '/root/ros_ws/src/Rescue_Car_ws/install/trajectory_msgs/bin'
[86.781s] Level 1:colcon.colcon_core.environment:checking '/root/ros_ws/src/Rescue_Car_ws/install/trajectory_msgs/lib/pkgconfig/trajectory_msgs.pc'
[86.781s] Level 1:colcon.colcon_core.environment:checking '/root/ros_ws/src/Rescue_Car_ws/install/trajectory_msgs/lib/python3.10/site-packages'
[86.781s] Level 1:colcon.colcon_core.environment:checking '/root/ros_ws/src/Rescue_Car_ws/install/trajectory_msgs/bin'
[86.782s] INFO:colcon.colcon_core.shell:Creating package script '/root/ros_ws/src/Rescue_Car_ws/install/trajectory_msgs/share/trajectory_msgs/package.ps1'
[86.783s] INFO:colcon.colcon_core.shell:Creating package descriptor '/root/ros_ws/src/Rescue_Car_ws/install/trajectory_msgs/share/trajectory_msgs/package.dsv'
[86.783s] INFO:colcon.colcon_core.shell:Creating package script '/root/ros_ws/src/Rescue_Car_ws/install/trajectory_msgs/share/trajectory_msgs/package.sh'
[86.784s] INFO:colcon.colcon_core.shell:Creating package script '/root/ros_ws/src/Rescue_Car_ws/install/trajectory_msgs/share/trajectory_msgs/package.bash'
[86.785s] INFO:colcon.colcon_core.shell:Creating package script '/root/ros_ws/src/Rescue_Car_ws/install/trajectory_msgs/share/trajectory_msgs/package.zsh'
[86.785s] Level 1:colcon.colcon_core.environment:create_file_with_runtime_dependencies(/root/ros_ws/src/Rescue_Car_ws/install/trajectory_msgs/share/colcon-core/packages/trajectory_msgs)
[87.002s] DEBUG:colcon.colcon_core.event_handler.log_command:Invoked command in '/root/ros_ws/src/Rescue_Car_ws/build/diagnostic_msgs' returned '0': AMENT_PREFIX_PATH=/root/ros_ws/src/Rescue_Car_ws/install/geometry_msgs:/root/ros_ws/src/Rescue_Car_ws/install/std_msgs:/root/ros_ws/src/Rescue_Car_ws/install/builtin_interfaces:${AMENT_PREFIX_PATH} CMAKE_PREFIX_PATH=/root/ros_ws/src/Rescue_Car_ws/install/geometry_msgs:/root/ros_ws/src/Rescue_Car_ws/install/std_msgs:/root/ros_ws/src/Rescue_Car_ws/install/builtin_interfaces:/opt/ros/humble LD_LIBRARY_PATH=/root/ros_ws/src/Rescue_Car_ws/install/geometry_msgs/lib:/root/ros_ws/src/Rescue_Car_ws/install/std_msgs/lib:/root/ros_ws/src/Rescue_Car_ws/install/builtin_interfaces/lib:${LD_LIBRARY_PATH} PYTHONPATH=/root/ros_ws/src/Rescue_Car_ws/install/geometry_msgs/local/lib/python3.10/dist-packages:/root/ros_ws/src/Rescue_Car_ws/install/std_msgs/local/lib/python3.10/dist-packages:/root/ros_ws/src/Rescue_Car_ws/install/builtin_interfaces/local/lib/python3.10/dist-packages:${PYTHONPATH} /usr/bin/cmake --build /root/ros_ws/src/Rescue_Car_ws/build/diagnostic_msgs -- -j20 -l20
[87.003s] DEBUG:colcon.colcon_core.event_handler.log_command:Invoking command in '/root/ros_ws/src/Rescue_Car_ws/build/diagnostic_msgs': AMENT_PREFIX_PATH=/root/ros_ws/src/Rescue_Car_ws/install/geometry_msgs:/root/ros_ws/src/Rescue_Car_ws/install/std_msgs:/root/ros_ws/src/Rescue_Car_ws/install/builtin_interfaces:${AMENT_PREFIX_PATH} CMAKE_PREFIX_PATH=/root/ros_ws/src/Rescue_Car_ws/install/geometry_msgs:/root/ros_ws/src/Rescue_Car_ws/install/std_msgs:/root/ros_ws/src/Rescue_Car_ws/install/builtin_interfaces:/opt/ros/humble LD_LIBRARY_PATH=/root/ros_ws/src/Rescue_Car_ws/install/geometry_msgs/lib:/root/ros_ws/src/Rescue_Car_ws/install/std_msgs/lib:/root/ros_ws/src/Rescue_Car_ws/install/builtin_interfaces/lib:${LD_LIBRARY_PATH} PYTHONPATH=/root/ros_ws/src/Rescue_Car_ws/install/geometry_msgs/local/lib/python3.10/dist-packages:/root/ros_ws/src/Rescue_Car_ws/install/std_msgs/local/lib/python3.10/dist-packages:/root/ros_ws/src/Rescue_Car_ws/install/builtin_interfaces/local/lib/python3.10/dist-packages:${PYTHONPATH} /usr/bin/cmake --install /root/ros_ws/src/Rescue_Car_ws/build/diagnostic_msgs
[87.096s] Level 1:colcon.colcon_core.environment:create_environment_scripts_only(diagnostic_msgs)
[87.097s] Level 1:colcon.colcon_core.environment:checking '/root/ros_ws/src/Rescue_Car_ws/install/diagnostic_msgs' for CMake module files
[87.098s] DEBUG:colcon.colcon_core.event_handler.log_command:Invoked command in '/root/ros_ws/src/Rescue_Car_ws/build/diagnostic_msgs' returned '0': AMENT_PREFIX_PATH=/root/ros_ws/src/Rescue_Car_ws/install/geometry_msgs:/root/ros_ws/src/Rescue_Car_ws/install/std_msgs:/root/ros_ws/src/Rescue_Car_ws/install/builtin_interfaces:${AMENT_PREFIX_PATH} CMAKE_PREFIX_PATH=/root/ros_ws/src/Rescue_Car_ws/install/geometry_msgs:/root/ros_ws/src/Rescue_Car_ws/install/std_msgs:/root/ros_ws/src/Rescue_Car_ws/install/builtin_interfaces:/opt/ros/humble LD_LIBRARY_PATH=/root/ros_ws/src/Rescue_Car_ws/install/geometry_msgs/lib:/root/ros_ws/src/Rescue_Car_ws/install/std_msgs/lib:/root/ros_ws/src/Rescue_Car_ws/install/builtin_interfaces/lib:${LD_LIBRARY_PATH} PYTHONPATH=/root/ros_ws/src/Rescue_Car_ws/install/geometry_msgs/local/lib/python3.10/dist-packages:/root/ros_ws/src/Rescue_Car_ws/install/std_msgs/local/lib/python3.10/dist-packages:/root/ros_ws/src/Rescue_Car_ws/install/builtin_interfaces/local/lib/python3.10/dist-packages:${PYTHONPATH} /usr/bin/cmake --install /root/ros_ws/src/Rescue_Car_ws/build/diagnostic_msgs
[87.098s] Level 1:colcon.colcon_core.environment:checking '/root/ros_ws/src/Rescue_Car_ws/install/diagnostic_msgs' for CMake config files
[87.098s] Level 1:colcon.colcon_core.shell:create_environment_hook('diagnostic_msgs', 'cmake_prefix_path')
[87.099s] INFO:colcon.colcon_core.shell:Creating environment hook '/root/ros_ws/src/Rescue_Car_ws/install/diagnostic_msgs/share/diagnostic_msgs/hook/cmake_prefix_path.ps1'
[87.099s] INFO:colcon.colcon_core.shell:Creating environment descriptor '/root/ros_ws/src/Rescue_Car_ws/install/diagnostic_msgs/share/diagnostic_msgs/hook/cmake_prefix_path.dsv'
[87.099s] INFO:colcon.colcon_core.shell:Creating environment hook '/root/ros_ws/src/Rescue_Car_ws/install/diagnostic_msgs/share/diagnostic_msgs/hook/cmake_prefix_path.sh'
[87.100s] Level 1:colcon.colcon_core.environment:checking '/root/ros_ws/src/Rescue_Car_ws/install/diagnostic_msgs/lib'
[87.100s] Level 1:colcon.colcon_core.shell:create_environment_hook('diagnostic_msgs', 'ld_library_path_lib')
[87.100s] INFO:colcon.colcon_core.shell:Creating environment hook '/root/ros_ws/src/Rescue_Car_ws/install/diagnostic_msgs/share/diagnostic_msgs/hook/ld_library_path_lib.ps1'
[87.100s] INFO:colcon.colcon_core.shell:Creating environment descriptor '/root/ros_ws/src/Rescue_Car_ws/install/diagnostic_msgs/share/diagnostic_msgs/hook/ld_library_path_lib.dsv'
[87.101s] INFO:colcon.colcon_core.shell:Creating environment hook '/root/ros_ws/src/Rescue_Car_ws/install/diagnostic_msgs/share/diagnostic_msgs/hook/ld_library_path_lib.sh'
[87.101s] Level 1:colcon.colcon_core.environment:checking '/root/ros_ws/src/Rescue_Car_ws/install/diagnostic_msgs/bin'
[87.101s] Level 1:colcon.colcon_core.environment:checking '/root/ros_ws/src/Rescue_Car_ws/install/diagnostic_msgs/lib/pkgconfig/diagnostic_msgs.pc'
[87.101s] Level 1:colcon.colcon_core.environment:checking '/root/ros_ws/src/Rescue_Car_ws/install/diagnostic_msgs/lib/python3.10/site-packages'
[87.101s] Level 1:colcon.colcon_core.environment:checking '/root/ros_ws/src/Rescue_Car_ws/install/diagnostic_msgs/bin'
[87.101s] INFO:colcon.colcon_core.shell:Creating package script '/root/ros_ws/src/Rescue_Car_ws/install/diagnostic_msgs/share/diagnostic_msgs/package.ps1'
[87.102s] INFO:colcon.colcon_core.shell:Creating package descriptor '/root/ros_ws/src/Rescue_Car_ws/install/diagnostic_msgs/share/diagnostic_msgs/package.dsv'
[87.102s] INFO:colcon.colcon_core.shell:Creating package script '/root/ros_ws/src/Rescue_Car_ws/install/diagnostic_msgs/share/diagnostic_msgs/package.sh'
[87.102s] INFO:colcon.colcon_core.shell:Creating package script '/root/ros_ws/src/Rescue_Car_ws/install/diagnostic_msgs/share/diagnostic_msgs/package.bash'
[87.103s] INFO:colcon.colcon_core.shell:Creating package script '/root/ros_ws/src/Rescue_Car_ws/install/diagnostic_msgs/share/diagnostic_msgs/package.zsh'
[87.103s] Level 1:colcon.colcon_core.environment:create_file_with_runtime_dependencies(/root/ros_ws/src/Rescue_Car_ws/install/diagnostic_msgs/share/colcon-core/packages/diagnostic_msgs)
[87.103s] Level 1:colcon.colcon_core.environment:create_environment_scripts_only(diagnostic_msgs)
[87.104s] Level 1:colcon.colcon_core.environment:checking '/root/ros_ws/src/Rescue_Car_ws/install/diagnostic_msgs' for CMake module files
[87.104s] Level 1:colcon.colcon_core.environment:checking '/root/ros_ws/src/Rescue_Car_ws/install/diagnostic_msgs' for CMake config files
[87.104s] Level 1:colcon.colcon_core.shell:create_environment_hook('diagnostic_msgs', 'cmake_prefix_path')
[87.105s] INFO:colcon.colcon_core.shell:Creating environment hook '/root/ros_ws/src/Rescue_Car_ws/install/diagnostic_msgs/share/diagnostic_msgs/hook/cmake_prefix_path.ps1'
[87.105s] INFO:colcon.colcon_core.shell:Creating environment descriptor '/root/ros_ws/src/Rescue_Car_ws/install/diagnostic_msgs/share/diagnostic_msgs/hook/cmake_prefix_path.dsv'
[87.106s] INFO:colcon.colcon_core.shell:Creating environment hook '/root/ros_ws/src/Rescue_Car_ws/install/diagnostic_msgs/share/diagnostic_msgs/hook/cmake_prefix_path.sh'
[87.106s] Level 1:colcon.colcon_core.environment:checking '/root/ros_ws/src/Rescue_Car_ws/install/diagnostic_msgs/lib'
[87.106s] Level 1:colcon.colcon_core.shell:create_environment_hook('diagnostic_msgs', 'ld_library_path_lib')
[87.106s] INFO:colcon.colcon_core.shell:Creating environment hook '/root/ros_ws/src/Rescue_Car_ws/install/diagnostic_msgs/share/diagnostic_msgs/hook/ld_library_path_lib.ps1'
[87.107s] INFO:colcon.colcon_core.shell:Creating environment descriptor '/root/ros_ws/src/Rescue_Car_ws/install/diagnostic_msgs/share/diagnostic_msgs/hook/ld_library_path_lib.dsv'
[87.107s] INFO:colcon.colcon_core.shell:Creating environment hook '/root/ros_ws/src/Rescue_Car_ws/install/diagnostic_msgs/share/diagnostic_msgs/hook/ld_library_path_lib.sh'
[87.107s] Level 1:colcon.colcon_core.environment:checking '/root/ros_ws/src/Rescue_Car_ws/install/diagnostic_msgs/bin'
[87.108s] Level 1:colcon.colcon_core.environment:checking '/root/ros_ws/src/Rescue_Car_ws/install/diagnostic_msgs/lib/pkgconfig/diagnostic_msgs.pc'
[87.108s] Level 1:colcon.colcon_core.environment:checking '/root/ros_ws/src/Rescue_Car_ws/install/diagnostic_msgs/lib/python3.10/site-packages'
[87.108s] Level 1:colcon.colcon_core.environment:checking '/root/ros_ws/src/Rescue_Car_ws/install/diagnostic_msgs/bin'
[87.108s] INFO:colcon.colcon_core.shell:Creating package script '/root/ros_ws/src/Rescue_Car_ws/install/diagnostic_msgs/share/diagnostic_msgs/package.ps1'
[87.108s] INFO:colcon.colcon_core.shell:Creating package descriptor '/root/ros_ws/src/Rescue_Car_ws/install/diagnostic_msgs/share/diagnostic_msgs/package.dsv'
[87.109s] INFO:colcon.colcon_core.shell:Creating package script '/root/ros_ws/src/Rescue_Car_ws/install/diagnostic_msgs/share/diagnostic_msgs/package.sh'
[87.109s] INFO:colcon.colcon_core.shell:Creating package script '/root/ros_ws/src/Rescue_Car_ws/install/diagnostic_msgs/share/diagnostic_msgs/package.bash'
[87.109s] INFO:colcon.colcon_core.shell:Creating package script '/root/ros_ws/src/Rescue_Car_ws/install/diagnostic_msgs/share/diagnostic_msgs/package.zsh'
[87.110s] Level 1:colcon.colcon_core.environment:create_file_with_runtime_dependencies(/root/ros_ws/src/Rescue_Car_ws/install/diagnostic_msgs/share/colcon-core/packages/diagnostic_msgs)
[93.738s] DEBUG:colcon.colcon_core.event_handler.log_command:Invoked command in '/root/ros_ws/src/Rescue_Car_ws/build/nav_msgs' returned '0': AMENT_PREFIX_PATH=/root/ros_ws/src/Rescue_Car_ws/install/geometry_msgs:/root/ros_ws/src/Rescue_Car_ws/install/std_msgs:/root/ros_ws/src/Rescue_Car_ws/install/builtin_interfaces:${AMENT_PREFIX_PATH} CMAKE_PREFIX_PATH=/root/ros_ws/src/Rescue_Car_ws/install/geometry_msgs:/root/ros_ws/src/Rescue_Car_ws/install/std_msgs:/root/ros_ws/src/Rescue_Car_ws/install/builtin_interfaces:/opt/ros/humble LD_LIBRARY_PATH=/root/ros_ws/src/Rescue_Car_ws/install/geometry_msgs/lib:/root/ros_ws/src/Rescue_Car_ws/install/std_msgs/lib:/root/ros_ws/src/Rescue_Car_ws/install/builtin_interfaces/lib:${LD_LIBRARY_PATH} PYTHONPATH=/root/ros_ws/src/Rescue_Car_ws/install/geometry_msgs/local/lib/python3.10/dist-packages:/root/ros_ws/src/Rescue_Car_ws/install/std_msgs/local/lib/python3.10/dist-packages:/root/ros_ws/src/Rescue_Car_ws/install/builtin_interfaces/local/lib/python3.10/dist-packages:${PYTHONPATH} /usr/bin/cmake --build /root/ros_ws/src/Rescue_Car_ws/build/nav_msgs -- -j20 -l20
[93.741s] DEBUG:colcon.colcon_core.event_handler.log_command:Invoking command in '/root/ros_ws/src/Rescue_Car_ws/build/nav_msgs': AMENT_PREFIX_PATH=/root/ros_ws/src/Rescue_Car_ws/install/geometry_msgs:/root/ros_ws/src/Rescue_Car_ws/install/std_msgs:/root/ros_ws/src/Rescue_Car_ws/install/builtin_interfaces:${AMENT_PREFIX_PATH} CMAKE_PREFIX_PATH=/root/ros_ws/src/Rescue_Car_ws/install/geometry_msgs:/root/ros_ws/src/Rescue_Car_ws/install/std_msgs:/root/ros_ws/src/Rescue_Car_ws/install/builtin_interfaces:/opt/ros/humble LD_LIBRARY_PATH=/root/ros_ws/src/Rescue_Car_ws/install/geometry_msgs/lib:/root/ros_ws/src/Rescue_Car_ws/install/std_msgs/lib:/root/ros_ws/src/Rescue_Car_ws/install/builtin_interfaces/lib:${LD_LIBRARY_PATH} PYTHONPATH=/root/ros_ws/src/Rescue_Car_ws/install/geometry_msgs/local/lib/python3.10/dist-packages:/root/ros_ws/src/Rescue_Car_ws/install/std_msgs/local/lib/python3.10/dist-packages:/root/ros_ws/src/Rescue_Car_ws/install/builtin_interfaces/local/lib/python3.10/dist-packages:${PYTHONPATH} /usr/bin/cmake --install /root/ros_ws/src/Rescue_Car_ws/build/nav_msgs
[93.869s] Level 1:colcon.colcon_core.environment:create_environment_scripts_only(nav_msgs)
[93.870s] DEBUG:colcon.colcon_core.event_handler.log_command:Invoked command in '/root/ros_ws/src/Rescue_Car_ws/build/nav_msgs' returned '0': AMENT_PREFIX_PATH=/root/ros_ws/src/Rescue_Car_ws/install/geometry_msgs:/root/ros_ws/src/Rescue_Car_ws/install/std_msgs:/root/ros_ws/src/Rescue_Car_ws/install/builtin_interfaces:${AMENT_PREFIX_PATH} CMAKE_PREFIX_PATH=/root/ros_ws/src/Rescue_Car_ws/install/geometry_msgs:/root/ros_ws/src/Rescue_Car_ws/install/std_msgs:/root/ros_ws/src/Rescue_Car_ws/install/builtin_interfaces:/opt/ros/humble LD_LIBRARY_PATH=/root/ros_ws/src/Rescue_Car_ws/install/geometry_msgs/lib:/root/ros_ws/src/Rescue_Car_ws/install/std_msgs/lib:/root/ros_ws/src/Rescue_Car_ws/install/builtin_interfaces/lib:${LD_LIBRARY_PATH} PYTHONPATH=/root/ros_ws/src/Rescue_Car_ws/install/geometry_msgs/local/lib/python3.10/dist-packages:/root/ros_ws/src/Rescue_Car_ws/install/std_msgs/local/lib/python3.10/dist-packages:/root/ros_ws/src/Rescue_Car_ws/install/builtin_interfaces/local/lib/python3.10/dist-packages:${PYTHONPATH} /usr/bin/cmake --install /root/ros_ws/src/Rescue_Car_ws/build/nav_msgs
[93.871s] Level 1:colcon.colcon_core.environment:checking '/root/ros_ws/src/Rescue_Car_ws/install/nav_msgs' for CMake module files
[93.872s] Level 1:colcon.colcon_core.environment:checking '/root/ros_ws/src/Rescue_Car_ws/install/nav_msgs' for CMake config files
[93.872s] Level 1:colcon.colcon_core.shell:create_environment_hook('nav_msgs', 'cmake_prefix_path')
[93.873s] INFO:colcon.colcon_core.shell:Creating environment hook '/root/ros_ws/src/Rescue_Car_ws/install/nav_msgs/share/nav_msgs/hook/cmake_prefix_path.ps1'
[93.874s] INFO:colcon.colcon_core.shell:Creating environment descriptor '/root/ros_ws/src/Rescue_Car_ws/install/nav_msgs/share/nav_msgs/hook/cmake_prefix_path.dsv'
[93.874s] INFO:colcon.colcon_core.shell:Creating environment hook '/root/ros_ws/src/Rescue_Car_ws/install/nav_msgs/share/nav_msgs/hook/cmake_prefix_path.sh'
[93.875s] Level 1:colcon.colcon_core.environment:checking '/root/ros_ws/src/Rescue_Car_ws/install/nav_msgs/lib'
[93.875s] Level 1:colcon.colcon_core.shell:create_environment_hook('nav_msgs', 'ld_library_path_lib')
[93.876s] INFO:colcon.colcon_core.shell:Creating environment hook '/root/ros_ws/src/Rescue_Car_ws/install/nav_msgs/share/nav_msgs/hook/ld_library_path_lib.ps1'
[93.876s] INFO:colcon.colcon_core.shell:Creating environment descriptor '/root/ros_ws/src/Rescue_Car_ws/install/nav_msgs/share/nav_msgs/hook/ld_library_path_lib.dsv'
[93.877s] INFO:colcon.colcon_core.shell:Creating environment hook '/root/ros_ws/src/Rescue_Car_ws/install/nav_msgs/share/nav_msgs/hook/ld_library_path_lib.sh'
[93.877s] Level 1:colcon.colcon_core.environment:checking '/root/ros_ws/src/Rescue_Car_ws/install/nav_msgs/bin'
[93.877s] Level 1:colcon.colcon_core.environment:checking '/root/ros_ws/src/Rescue_Car_ws/install/nav_msgs/lib/pkgconfig/nav_msgs.pc'
[93.878s] Level 1:colcon.colcon_core.environment:checking '/root/ros_ws/src/Rescue_Car_ws/install/nav_msgs/lib/python3.10/site-packages'
[93.878s] Level 1:colcon.colcon_core.environment:checking '/root/ros_ws/src/Rescue_Car_ws/install/nav_msgs/bin'
[93.878s] INFO:colcon.colcon_core.shell:Creating package script '/root/ros_ws/src/Rescue_Car_ws/install/nav_msgs/share/nav_msgs/package.ps1'
[93.879s] INFO:colcon.colcon_core.shell:Creating package descriptor '/root/ros_ws/src/Rescue_Car_ws/install/nav_msgs/share/nav_msgs/package.dsv'
[93.880s] INFO:colcon.colcon_core.shell:Creating package script '/root/ros_ws/src/Rescue_Car_ws/install/nav_msgs/share/nav_msgs/package.sh'
[93.880s] INFO:colcon.colcon_core.shell:Creating package script '/root/ros_ws/src/Rescue_Car_ws/install/nav_msgs/share/nav_msgs/package.bash'
[93.881s] INFO:colcon.colcon_core.shell:Creating package script '/root/ros_ws/src/Rescue_Car_ws/install/nav_msgs/share/nav_msgs/package.zsh'
[93.881s] Level 1:colcon.colcon_core.environment:create_file_with_runtime_dependencies(/root/ros_ws/src/Rescue_Car_ws/install/nav_msgs/share/colcon-core/packages/nav_msgs)
[93.883s] Level 1:colcon.colcon_core.environment:create_environment_scripts_only(nav_msgs)
[93.883s] Level 1:colcon.colcon_core.environment:checking '/root/ros_ws/src/Rescue_Car_ws/install/nav_msgs' for CMake module files
[93.884s] Level 1:colcon.colcon_core.environment:checking '/root/ros_ws/src/Rescue_Car_ws/install/nav_msgs' for CMake config files
[93.885s] Level 1:colcon.colcon_core.shell:create_environment_hook('nav_msgs', 'cmake_prefix_path')
[93.885s] INFO:colcon.colcon_core.shell:Creating environment hook '/root/ros_ws/src/Rescue_Car_ws/install/nav_msgs/share/nav_msgs/hook/cmake_prefix_path.ps1'
[93.886s] INFO:colcon.colcon_core.shell:Creating environment descriptor '/root/ros_ws/src/Rescue_Car_ws/install/nav_msgs/share/nav_msgs/hook/cmake_prefix_path.dsv'
[93.887s] INFO:colcon.colcon_core.shell:Creating environment hook '/root/ros_ws/src/Rescue_Car_ws/install/nav_msgs/share/nav_msgs/hook/cmake_prefix_path.sh'
[93.888s] Level 1:colcon.colcon_core.environment:checking '/root/ros_ws/src/Rescue_Car_ws/install/nav_msgs/lib'
[93.888s] Level 1:colcon.colcon_core.shell:create_environment_hook('nav_msgs', 'ld_library_path_lib')
[93.888s] INFO:colcon.colcon_core.shell:Creating environment hook '/root/ros_ws/src/Rescue_Car_ws/install/nav_msgs/share/nav_msgs/hook/ld_library_path_lib.ps1'
[93.889s] INFO:colcon.colcon_core.shell:Creating environment descriptor '/root/ros_ws/src/Rescue_Car_ws/install/nav_msgs/share/nav_msgs/hook/ld_library_path_lib.dsv'
[93.889s] INFO:colcon.colcon_core.shell:Creating environment hook '/root/ros_ws/src/Rescue_Car_ws/install/nav_msgs/share/nav_msgs/hook/ld_library_path_lib.sh'
[93.890s] Level 1:colcon.colcon_core.environment:checking '/root/ros_ws/src/Rescue_Car_ws/install/nav_msgs/bin'
[93.890s] Level 1:colcon.colcon_core.environment:checking '/root/ros_ws/src/Rescue_Car_ws/install/nav_msgs/lib/pkgconfig/nav_msgs.pc'
[93.890s] Level 1:colcon.colcon_core.environment:checking '/root/ros_ws/src/Rescue_Car_ws/install/nav_msgs/lib/python3.10/site-packages'
[93.891s] Level 1:colcon.colcon_core.environment:checking '/root/ros_ws/src/Rescue_Car_ws/install/nav_msgs/bin'
[93.891s] INFO:colcon.colcon_core.shell:Creating package script '/root/ros_ws/src/Rescue_Car_ws/install/nav_msgs/share/nav_msgs/package.ps1'
[93.892s] INFO:colcon.colcon_core.shell:Creating package descriptor '/root/ros_ws/src/Rescue_Car_ws/install/nav_msgs/share/nav_msgs/package.dsv'
[93.892s] INFO:colcon.colcon_core.shell:Creating package script '/root/ros_ws/src/Rescue_Car_ws/install/nav_msgs/share/nav_msgs/package.sh'
[93.893s] INFO:colcon.colcon_core.shell:Creating package script '/root/ros_ws/src/Rescue_Car_ws/install/nav_msgs/share/nav_msgs/package.bash'
[93.893s] INFO:colcon.colcon_core.shell:Creating package script '/root/ros_ws/src/Rescue_Car_ws/install/nav_msgs/share/nav_msgs/package.zsh'
[93.894s] Level 1:colcon.colcon_core.environment:create_file_with_runtime_dependencies(/root/ros_ws/src/Rescue_Car_ws/install/nav_msgs/share/colcon-core/packages/nav_msgs)
[99.652s] DEBUG:colcon.colcon_core.event_handler.log_command:Invoked command in '/root/ros_ws/src/Rescue_Car_ws/build/rclc' returned '0': AMENT_PREFIX_PATH=/root/ros_ws/src/Rescue_Car_ws/install/test_msgs:/root/ros_ws/src/Rescue_Car_ws/install/example_interfaces:/root/ros_ws/src/Rescue_Car_ws/install/std_msgs:/root/ros_ws/src/Rescue_Car_ws/install/action_msgs:/root/ros_ws/src/Rescue_Car_ws/install/unique_identifier_msgs:/root/ros_ws/src/Rescue_Car_ws/install/builtin_interfaces:${AMENT_PREFIX_PATH} CMAKE_PREFIX_PATH=/root/ros_ws/src/Rescue_Car_ws/install/test_msgs:/root/ros_ws/src/Rescue_Car_ws/install/example_interfaces:/root/ros_ws/src/Rescue_Car_ws/install/std_msgs:/root/ros_ws/src/Rescue_Car_ws/install/action_msgs:/root/ros_ws/src/Rescue_Car_ws/install/unique_identifier_msgs:/root/ros_ws/src/Rescue_Car_ws/install/builtin_interfaces:/opt/ros/humble LD_LIBRARY_PATH=/root/ros_ws/src/Rescue_Car_ws/install/test_msgs/lib:/root/ros_ws/src/Rescue_Car_ws/install/example_interfaces/lib:/root/ros_ws/src/Rescue_Car_ws/install/std_msgs/lib:/root/ros_ws/src/Rescue_Car_ws/install/action_msgs/lib:/root/ros_ws/src/Rescue_Car_ws/install/unique_identifier_msgs/lib:/root/ros_ws/src/Rescue_Car_ws/install/builtin_interfaces/lib:${LD_LIBRARY_PATH} PYTHONPATH=/root/ros_ws/src/Rescue_Car_ws/install/test_msgs/local/lib/python3.10/dist-packages:/root/ros_ws/src/Rescue_Car_ws/install/example_interfaces/local/lib/python3.10/dist-packages:/root/ros_ws/src/Rescue_Car_ws/install/std_msgs/local/lib/python3.10/dist-packages:/root/ros_ws/src/Rescue_Car_ws/install/action_msgs/local/lib/python3.10/dist-packages:/root/ros_ws/src/Rescue_Car_ws/install/unique_identifier_msgs/local/lib/python3.10/dist-packages:/root/ros_ws/src/Rescue_Car_ws/install/builtin_interfaces/local/lib/python3.10/dist-packages:${PYTHONPATH} /usr/bin/cmake --build /root/ros_ws/src/Rescue_Car_ws/build/rclc -- -j20 -l20
[99.652s] DEBUG:colcon.colcon_core.event_handler.log_command:Invoking command in '/root/ros_ws/src/Rescue_Car_ws/build/rclc': AMENT_PREFIX_PATH=/root/ros_ws/src/Rescue_Car_ws/install/test_msgs:/root/ros_ws/src/Rescue_Car_ws/install/example_interfaces:/root/ros_ws/src/Rescue_Car_ws/install/std_msgs:/root/ros_ws/src/Rescue_Car_ws/install/action_msgs:/root/ros_ws/src/Rescue_Car_ws/install/unique_identifier_msgs:/root/ros_ws/src/Rescue_Car_ws/install/builtin_interfaces:${AMENT_PREFIX_PATH} CMAKE_PREFIX_PATH=/root/ros_ws/src/Rescue_Car_ws/install/test_msgs:/root/ros_ws/src/Rescue_Car_ws/install/example_interfaces:/root/ros_ws/src/Rescue_Car_ws/install/std_msgs:/root/ros_ws/src/Rescue_Car_ws/install/action_msgs:/root/ros_ws/src/Rescue_Car_ws/install/unique_identifier_msgs:/root/ros_ws/src/Rescue_Car_ws/install/builtin_interfaces:/opt/ros/humble LD_LIBRARY_PATH=/root/ros_ws/src/Rescue_Car_ws/install/test_msgs/lib:/root/ros_ws/src/Rescue_Car_ws/install/example_interfaces/lib:/root/ros_ws/src/Rescue_Car_ws/install/std_msgs/lib:/root/ros_ws/src/Rescue_Car_ws/install/action_msgs/lib:/root/ros_ws/src/Rescue_Car_ws/install/unique_identifier_msgs/lib:/root/ros_ws/src/Rescue_Car_ws/install/builtin_interfaces/lib:${LD_LIBRARY_PATH} PYTHONPATH=/root/ros_ws/src/Rescue_Car_ws/install/test_msgs/local/lib/python3.10/dist-packages:/root/ros_ws/src/Rescue_Car_ws/install/example_interfaces/local/lib/python3.10/dist-packages:/root/ros_ws/src/Rescue_Car_ws/install/std_msgs/local/lib/python3.10/dist-packages:/root/ros_ws/src/Rescue_Car_ws/install/action_msgs/local/lib/python3.10/dist-packages:/root/ros_ws/src/Rescue_Car_ws/install/unique_identifier_msgs/local/lib/python3.10/dist-packages:/root/ros_ws/src/Rescue_Car_ws/install/builtin_interfaces/local/lib/python3.10/dist-packages:${PYTHONPATH} /usr/bin/cmake --install /root/ros_ws/src/Rescue_Car_ws/build/rclc
[99.669s] Level 1:colcon.colcon_core.environment:create_environment_scripts_only(rclc)
[99.669s] Level 1:colcon.colcon_core.environment:checking '/root/ros_ws/src/Rescue_Car_ws/install/rclc' for CMake module files
[99.670s] DEBUG:colcon.colcon_core.event_handler.log_command:Invoked command in '/root/ros_ws/src/Rescue_Car_ws/build/rclc' returned '0': AMENT_PREFIX_PATH=/root/ros_ws/src/Rescue_Car_ws/install/test_msgs:/root/ros_ws/src/Rescue_Car_ws/install/example_interfaces:/root/ros_ws/src/Rescue_Car_ws/install/std_msgs:/root/ros_ws/src/Rescue_Car_ws/install/action_msgs:/root/ros_ws/src/Rescue_Car_ws/install/unique_identifier_msgs:/root/ros_ws/src/Rescue_Car_ws/install/builtin_interfaces:${AMENT_PREFIX_PATH} CMAKE_PREFIX_PATH=/root/ros_ws/src/Rescue_Car_ws/install/test_msgs:/root/ros_ws/src/Rescue_Car_ws/install/example_interfaces:/root/ros_ws/src/Rescue_Car_ws/install/std_msgs:/root/ros_ws/src/Rescue_Car_ws/install/action_msgs:/root/ros_ws/src/Rescue_Car_ws/install/unique_identifier_msgs:/root/ros_ws/src/Rescue_Car_ws/install/builtin_interfaces:/opt/ros/humble LD_LIBRARY_PATH=/root/ros_ws/src/Rescue_Car_ws/install/test_msgs/lib:/root/ros_ws/src/Rescue_Car_ws/install/example_interfaces/lib:/root/ros_ws/src/Rescue_Car_ws/install/std_msgs/lib:/root/ros_ws/src/Rescue_Car_ws/install/action_msgs/lib:/root/ros_ws/src/Rescue_Car_ws/install/unique_identifier_msgs/lib:/root/ros_ws/src/Rescue_Car_ws/install/builtin_interfaces/lib:${LD_LIBRARY_PATH} PYTHONPATH=/root/ros_ws/src/Rescue_Car_ws/install/test_msgs/local/lib/python3.10/dist-packages:/root/ros_ws/src/Rescue_Car_ws/install/example_interfaces/local/lib/python3.10/dist-packages:/root/ros_ws/src/Rescue_Car_ws/install/std_msgs/local/lib/python3.10/dist-packages:/root/ros_ws/src/Rescue_Car_ws/install/action_msgs/local/lib/python3.10/dist-packages:/root/ros_ws/src/Rescue_Car_ws/install/unique_identifier_msgs/local/lib/python3.10/dist-packages:/root/ros_ws/src/Rescue_Car_ws/install/builtin_interfaces/local/lib/python3.10/dist-packages:${PYTHONPATH} /usr/bin/cmake --install /root/ros_ws/src/Rescue_Car_ws/build/rclc
[99.670s] Level 1:colcon.colcon_core.environment:checking '/root/ros_ws/src/Rescue_Car_ws/install/rclc' for CMake config files
[99.671s] Level 1:colcon.colcon_core.shell:create_environment_hook('rclc', 'cmake_prefix_path')
[99.671s] INFO:colcon.colcon_core.shell:Creating environment hook '/root/ros_ws/src/Rescue_Car_ws/install/rclc/share/rclc/hook/cmake_prefix_path.ps1'
[99.672s] INFO:colcon.colcon_core.shell:Creating environment descriptor '/root/ros_ws/src/Rescue_Car_ws/install/rclc/share/rclc/hook/cmake_prefix_path.dsv'
[99.672s] INFO:colcon.colcon_core.shell:Creating environment hook '/root/ros_ws/src/Rescue_Car_ws/install/rclc/share/rclc/hook/cmake_prefix_path.sh'
[99.673s] Level 1:colcon.colcon_core.environment:checking '/root/ros_ws/src/Rescue_Car_ws/install/rclc/lib'
[99.673s] Level 1:colcon.colcon_core.shell:create_environment_hook('rclc', 'ld_library_path_lib')
[99.674s] INFO:colcon.colcon_core.shell:Creating environment hook '/root/ros_ws/src/Rescue_Car_ws/install/rclc/share/rclc/hook/ld_library_path_lib.ps1'
[99.674s] INFO:colcon.colcon_core.shell:Creating environment descriptor '/root/ros_ws/src/Rescue_Car_ws/install/rclc/share/rclc/hook/ld_library_path_lib.dsv'
[99.675s] INFO:colcon.colcon_core.shell:Creating environment hook '/root/ros_ws/src/Rescue_Car_ws/install/rclc/share/rclc/hook/ld_library_path_lib.sh'
[99.675s] Level 1:colcon.colcon_core.environment:checking '/root/ros_ws/src/Rescue_Car_ws/install/rclc/bin'
[99.675s] Level 1:colcon.colcon_core.environment:checking '/root/ros_ws/src/Rescue_Car_ws/install/rclc/lib/pkgconfig/rclc.pc'
[99.675s] Level 1:colcon.colcon_core.environment:checking '/root/ros_ws/src/Rescue_Car_ws/install/rclc/lib/python3.10/site-packages'
[99.676s] Level 1:colcon.colcon_core.environment:checking '/root/ros_ws/src/Rescue_Car_ws/install/rclc/bin'
[99.677s] INFO:colcon.colcon_core.shell:Creating package script '/root/ros_ws/src/Rescue_Car_ws/install/rclc/share/rclc/package.ps1'
[99.677s] INFO:colcon.colcon_core.shell:Creating package descriptor '/root/ros_ws/src/Rescue_Car_ws/install/rclc/share/rclc/package.dsv'
[99.678s] INFO:colcon.colcon_core.shell:Creating package script '/root/ros_ws/src/Rescue_Car_ws/install/rclc/share/rclc/package.sh'
[99.678s] INFO:colcon.colcon_core.shell:Creating package script '/root/ros_ws/src/Rescue_Car_ws/install/rclc/share/rclc/package.bash'
[99.679s] INFO:colcon.colcon_core.shell:Creating package script '/root/ros_ws/src/Rescue_Car_ws/install/rclc/share/rclc/package.zsh'
[99.679s] Level 1:colcon.colcon_core.environment:create_file_with_runtime_dependencies(/root/ros_ws/src/Rescue_Car_ws/install/rclc/share/colcon-core/packages/rclc)
[99.681s] Level 1:colcon.colcon_core.environment:create_environment_scripts_only(rclc)
[99.682s] Level 1:colcon.colcon_core.environment:checking '/root/ros_ws/src/Rescue_Car_ws/install/rclc' for CMake module files
[99.682s] Level 1:colcon.colcon_core.environment:checking '/root/ros_ws/src/Rescue_Car_ws/install/rclc' for CMake config files
[99.683s] Level 1:colcon.colcon_core.shell:create_environment_hook('rclc', 'cmake_prefix_path')
[99.683s] INFO:colcon.colcon_core.shell:Creating environment hook '/root/ros_ws/src/Rescue_Car_ws/install/rclc/share/rclc/hook/cmake_prefix_path.ps1'
[99.684s] INFO:colcon.colcon_core.shell:Creating environment descriptor '/root/ros_ws/src/Rescue_Car_ws/install/rclc/share/rclc/hook/cmake_prefix_path.dsv'
[99.684s] INFO:colcon.colcon_core.shell:Creating environment hook '/root/ros_ws/src/Rescue_Car_ws/install/rclc/share/rclc/hook/cmake_prefix_path.sh'
[99.685s] Level 1:colcon.colcon_core.environment:checking '/root/ros_ws/src/Rescue_Car_ws/install/rclc/lib'
[99.686s] Level 1:colcon.colcon_core.shell:create_environment_hook('rclc', 'ld_library_path_lib')
[99.686s] INFO:colcon.colcon_core.shell:Creating environment hook '/root/ros_ws/src/Rescue_Car_ws/install/rclc/share/rclc/hook/ld_library_path_lib.ps1'
[99.686s] INFO:colcon.colcon_core.shell:Creating environment descriptor '/root/ros_ws/src/Rescue_Car_ws/install/rclc/share/rclc/hook/ld_library_path_lib.dsv'
[99.687s] INFO:colcon.colcon_core.shell:Creating environment hook '/root/ros_ws/src/Rescue_Car_ws/install/rclc/share/rclc/hook/ld_library_path_lib.sh'
[99.687s] Level 1:colcon.colcon_core.environment:checking '/root/ros_ws/src/Rescue_Car_ws/install/rclc/bin'
[99.688s] Level 1:colcon.colcon_core.environment:checking '/root/ros_ws/src/Rescue_Car_ws/install/rclc/lib/pkgconfig/rclc.pc'
[99.688s] Level 1:colcon.colcon_core.environment:checking '/root/ros_ws/src/Rescue_Car_ws/install/rclc/lib/python3.10/site-packages'
[99.688s] Level 1:colcon.colcon_core.environment:checking '/root/ros_ws/src/Rescue_Car_ws/install/rclc/bin'
[99.689s] INFO:colcon.colcon_core.shell:Creating package script '/root/ros_ws/src/Rescue_Car_ws/install/rclc/share/rclc/package.ps1'
[99.689s] INFO:colcon.colcon_core.shell:Creating package descriptor '/root/ros_ws/src/Rescue_Car_ws/install/rclc/share/rclc/package.dsv'
[99.690s] INFO:colcon.colcon_core.shell:Creating package script '/root/ros_ws/src/Rescue_Car_ws/install/rclc/share/rclc/package.sh'
[99.690s] INFO:colcon.colcon_core.shell:Creating package script '/root/ros_ws/src/Rescue_Car_ws/install/rclc/share/rclc/package.bash'
[99.691s] INFO:colcon.colcon_core.shell:Creating package script '/root/ros_ws/src/Rescue_Car_ws/install/rclc/share/rclc/package.zsh'
[99.691s] Level 1:colcon.colcon_core.environment:create_file_with_runtime_dependencies(/root/ros_ws/src/Rescue_Car_ws/install/rclc/share/colcon-core/packages/rclc)
[99.691s] INFO:colcon.colcon_ros.task.ament_cmake.build:Building ROS package in '/root/ros_ws/src/Rescue_Car_ws/src/microros/src/uros/rclc/rclc_parameter' with build type 'ament_cmake'
[99.692s] INFO:colcon.colcon_cmake.task.cmake.build:Building CMake package in '/root/ros_ws/src/Rescue_Car_ws/src/microros/src/uros/rclc/rclc_parameter'
[99.692s] INFO:colcon.colcon_core.shell:Skip shell extension 'powershell' for command environment: Not usable outside of PowerShell
[99.692s] DEBUG:colcon.colcon_core.shell:Skip shell extension 'dsv' for command environment
[100.727s] DEBUG:colcon.colcon_core.event_handler.log_command:Invoking command in '/root/ros_ws/src/Rescue_Car_ws/build/rclc_parameter': AMENT_PREFIX_PATH=/root/ros_ws/src/Rescue_Car_ws/install/rclc:/root/ros_ws/src/Rescue_Car_ws/install/test_msgs:/root/ros_ws/src/Rescue_Car_ws/install/example_interfaces:/root/ros_ws/src/Rescue_Car_ws/install/std_msgs:/root/ros_ws/src/Rescue_Car_ws/install/rcl_interfaces:/root/ros_ws/src/Rescue_Car_ws/install/action_msgs:/root/ros_ws/src/Rescue_Car_ws/install/unique_identifier_msgs:/root/ros_ws/src/Rescue_Car_ws/install/builtin_interfaces:${AMENT_PREFIX_PATH} CMAKE_PREFIX_PATH=/root/ros_ws/src/Rescue_Car_ws/install/rclc:/root/ros_ws/src/Rescue_Car_ws/install/test_msgs:/root/ros_ws/src/Rescue_Car_ws/install/example_interfaces:/root/ros_ws/src/Rescue_Car_ws/install/std_msgs:/root/ros_ws/src/Rescue_Car_ws/install/rcl_interfaces:/root/ros_ws/src/Rescue_Car_ws/install/action_msgs:/root/ros_ws/src/Rescue_Car_ws/install/unique_identifier_msgs:/root/ros_ws/src/Rescue_Car_ws/install/builtin_interfaces:/opt/ros/humble LD_LIBRARY_PATH=/root/ros_ws/src/Rescue_Car_ws/install/rclc/lib:/root/ros_ws/src/Rescue_Car_ws/install/test_msgs/lib:/root/ros_ws/src/Rescue_Car_ws/install/example_interfaces/lib:/root/ros_ws/src/Rescue_Car_ws/install/std_msgs/lib:/root/ros_ws/src/Rescue_Car_ws/install/rcl_interfaces/lib:/root/ros_ws/src/Rescue_Car_ws/install/action_msgs/lib:/root/ros_ws/src/Rescue_Car_ws/install/unique_identifier_msgs/lib:/root/ros_ws/src/Rescue_Car_ws/install/builtin_interfaces/lib:${LD_LIBRARY_PATH} PYTHONPATH=/root/ros_ws/src/Rescue_Car_ws/install/test_msgs/local/lib/python3.10/dist-packages:/root/ros_ws/src/Rescue_Car_ws/install/example_interfaces/local/lib/python3.10/dist-packages:/root/ros_ws/src/Rescue_Car_ws/install/std_msgs/local/lib/python3.10/dist-packages:/root/ros_ws/src/Rescue_Car_ws/install/rcl_interfaces/local/lib/python3.10/dist-packages:/root/ros_ws/src/Rescue_Car_ws/install/action_msgs/local/lib/python3.10/dist-packages:/root/ros_ws/src/Rescue_Car_ws/install/unique_identifier_msgs/local/lib/python3.10/dist-packages:/root/ros_ws/src/Rescue_Car_ws/install/builtin_interfaces/local/lib/python3.10/dist-packages:${PYTHONPATH} /usr/bin/cmake /root/ros_ws/src/Rescue_Car_ws/src/microros/src/uros/rclc/rclc_parameter -DCMAKE_INSTALL_PREFIX=/root/ros_ws/src/Rescue_Car_ws/install/rclc_parameter
[108.979s] DEBUG:colcon.colcon_core.event_handler.log_command:Invoked command in '/root/ros_ws/src/Rescue_Car_ws/build/sensor_msgs' returned '0': AMENT_PREFIX_PATH=/root/ros_ws/src/Rescue_Car_ws/install/geometry_msgs:/root/ros_ws/src/Rescue_Car_ws/install/std_msgs:/root/ros_ws/src/Rescue_Car_ws/install/builtin_interfaces:${AMENT_PREFIX_PATH} CMAKE_PREFIX_PATH=/root/ros_ws/src/Rescue_Car_ws/install/geometry_msgs:/root/ros_ws/src/Rescue_Car_ws/install/std_msgs:/root/ros_ws/src/Rescue_Car_ws/install/builtin_interfaces:/opt/ros/humble LD_LIBRARY_PATH=/root/ros_ws/src/Rescue_Car_ws/install/geometry_msgs/lib:/root/ros_ws/src/Rescue_Car_ws/install/std_msgs/lib:/root/ros_ws/src/Rescue_Car_ws/install/builtin_interfaces/lib:${LD_LIBRARY_PATH} PYTHONPATH=/root/ros_ws/src/Rescue_Car_ws/install/geometry_msgs/local/lib/python3.10/dist-packages:/root/ros_ws/src/Rescue_Car_ws/install/std_msgs/local/lib/python3.10/dist-packages:/root/ros_ws/src/Rescue_Car_ws/install/builtin_interfaces/local/lib/python3.10/dist-packages:${PYTHONPATH} /usr/bin/cmake --build /root/ros_ws/src/Rescue_Car_ws/build/sensor_msgs -- -j20 -l20
[108.982s] DEBUG:colcon.colcon_core.event_handler.log_command:Invoking command in '/root/ros_ws/src/Rescue_Car_ws/build/sensor_msgs': AMENT_PREFIX_PATH=/root/ros_ws/src/Rescue_Car_ws/install/geometry_msgs:/root/ros_ws/src/Rescue_Car_ws/install/std_msgs:/root/ros_ws/src/Rescue_Car_ws/install/builtin_interfaces:${AMENT_PREFIX_PATH} CMAKE_PREFIX_PATH=/root/ros_ws/src/Rescue_Car_ws/install/geometry_msgs:/root/ros_ws/src/Rescue_Car_ws/install/std_msgs:/root/ros_ws/src/Rescue_Car_ws/install/builtin_interfaces:/opt/ros/humble LD_LIBRARY_PATH=/root/ros_ws/src/Rescue_Car_ws/install/geometry_msgs/lib:/root/ros_ws/src/Rescue_Car_ws/install/std_msgs/lib:/root/ros_ws/src/Rescue_Car_ws/install/builtin_interfaces/lib:${LD_LIBRARY_PATH} PYTHONPATH=/root/ros_ws/src/Rescue_Car_ws/install/geometry_msgs/local/lib/python3.10/dist-packages:/root/ros_ws/src/Rescue_Car_ws/install/std_msgs/local/lib/python3.10/dist-packages:/root/ros_ws/src/Rescue_Car_ws/install/builtin_interfaces/local/lib/python3.10/dist-packages:${PYTHONPATH} /usr/bin/cmake --install /root/ros_ws/src/Rescue_Car_ws/build/sensor_msgs
[109.164s] Level 1:colcon.colcon_core.environment:create_environment_scripts_only(sensor_msgs)
[109.165s] DEBUG:colcon.colcon_core.event_handler.log_command:Invoked command in '/root/ros_ws/src/Rescue_Car_ws/build/sensor_msgs' returned '0': AMENT_PREFIX_PATH=/root/ros_ws/src/Rescue_Car_ws/install/geometry_msgs:/root/ros_ws/src/Rescue_Car_ws/install/std_msgs:/root/ros_ws/src/Rescue_Car_ws/install/builtin_interfaces:${AMENT_PREFIX_PATH} CMAKE_PREFIX_PATH=/root/ros_ws/src/Rescue_Car_ws/install/geometry_msgs:/root/ros_ws/src/Rescue_Car_ws/install/std_msgs:/root/ros_ws/src/Rescue_Car_ws/install/builtin_interfaces:/opt/ros/humble LD_LIBRARY_PATH=/root/ros_ws/src/Rescue_Car_ws/install/geometry_msgs/lib:/root/ros_ws/src/Rescue_Car_ws/install/std_msgs/lib:/root/ros_ws/src/Rescue_Car_ws/install/builtin_interfaces/lib:${LD_LIBRARY_PATH} PYTHONPATH=/root/ros_ws/src/Rescue_Car_ws/install/geometry_msgs/local/lib/python3.10/dist-packages:/root/ros_ws/src/Rescue_Car_ws/install/std_msgs/local/lib/python3.10/dist-packages:/root/ros_ws/src/Rescue_Car_ws/install/builtin_interfaces/local/lib/python3.10/dist-packages:${PYTHONPATH} /usr/bin/cmake --install /root/ros_ws/src/Rescue_Car_ws/build/sensor_msgs
[109.165s] Level 1:colcon.colcon_core.environment:checking '/root/ros_ws/src/Rescue_Car_ws/install/sensor_msgs' for CMake module files
[109.166s] Level 1:colcon.colcon_core.environment:checking '/root/ros_ws/src/Rescue_Car_ws/install/sensor_msgs' for CMake config files
[109.168s] Level 1:colcon.colcon_core.shell:create_environment_hook('sensor_msgs', 'cmake_prefix_path')
[109.168s] INFO:colcon.colcon_core.shell:Creating environment hook '/root/ros_ws/src/Rescue_Car_ws/install/sensor_msgs/share/sensor_msgs/hook/cmake_prefix_path.ps1'
[109.169s] INFO:colcon.colcon_core.shell:Creating environment descriptor '/root/ros_ws/src/Rescue_Car_ws/install/sensor_msgs/share/sensor_msgs/hook/cmake_prefix_path.dsv'
[109.170s] INFO:colcon.colcon_core.shell:Creating environment hook '/root/ros_ws/src/Rescue_Car_ws/install/sensor_msgs/share/sensor_msgs/hook/cmake_prefix_path.sh'
[109.170s] Level 1:colcon.colcon_core.environment:checking '/root/ros_ws/src/Rescue_Car_ws/install/sensor_msgs/lib'
[109.171s] Level 1:colcon.colcon_core.shell:create_environment_hook('sensor_msgs', 'ld_library_path_lib')
[109.171s] INFO:colcon.colcon_core.shell:Creating environment hook '/root/ros_ws/src/Rescue_Car_ws/install/sensor_msgs/share/sensor_msgs/hook/ld_library_path_lib.ps1'
[109.171s] INFO:colcon.colcon_core.shell:Creating environment descriptor '/root/ros_ws/src/Rescue_Car_ws/install/sensor_msgs/share/sensor_msgs/hook/ld_library_path_lib.dsv'
[109.172s] INFO:colcon.colcon_core.shell:Creating environment hook '/root/ros_ws/src/Rescue_Car_ws/install/sensor_msgs/share/sensor_msgs/hook/ld_library_path_lib.sh'
[109.172s] Level 1:colcon.colcon_core.environment:checking '/root/ros_ws/src/Rescue_Car_ws/install/sensor_msgs/bin'
[109.172s] Level 1:colcon.colcon_core.environment:checking '/root/ros_ws/src/Rescue_Car_ws/install/sensor_msgs/lib/pkgconfig/sensor_msgs.pc'
[109.172s] Level 1:colcon.colcon_core.environment:checking '/root/ros_ws/src/Rescue_Car_ws/install/sensor_msgs/lib/python3.10/site-packages'
[109.172s] Level 1:colcon.colcon_core.environment:checking '/root/ros_ws/src/Rescue_Car_ws/install/sensor_msgs/bin'
[109.173s] INFO:colcon.colcon_core.shell:Creating package script '/root/ros_ws/src/Rescue_Car_ws/install/sensor_msgs/share/sensor_msgs/package.ps1'
[109.173s] INFO:colcon.colcon_core.shell:Creating package descriptor '/root/ros_ws/src/Rescue_Car_ws/install/sensor_msgs/share/sensor_msgs/package.dsv'
[109.173s] INFO:colcon.colcon_core.shell:Creating package script '/root/ros_ws/src/Rescue_Car_ws/install/sensor_msgs/share/sensor_msgs/package.sh'
[109.174s] INFO:colcon.colcon_core.shell:Creating package script '/root/ros_ws/src/Rescue_Car_ws/install/sensor_msgs/share/sensor_msgs/package.bash'
[109.174s] INFO:colcon.colcon_core.shell:Creating package script '/root/ros_ws/src/Rescue_Car_ws/install/sensor_msgs/share/sensor_msgs/package.zsh'
[109.174s] Level 1:colcon.colcon_core.environment:create_file_with_runtime_dependencies(/root/ros_ws/src/Rescue_Car_ws/install/sensor_msgs/share/colcon-core/packages/sensor_msgs)
[109.175s] Level 1:colcon.colcon_core.environment:create_environment_scripts_only(sensor_msgs)
[109.175s] Level 1:colcon.colcon_core.environment:checking '/root/ros_ws/src/Rescue_Car_ws/install/sensor_msgs' for CMake module files
[109.175s] Level 1:colcon.colcon_core.environment:checking '/root/ros_ws/src/Rescue_Car_ws/install/sensor_msgs' for CMake config files
[109.176s] Level 1:colcon.colcon_core.shell:create_environment_hook('sensor_msgs', 'cmake_prefix_path')
[109.176s] INFO:colcon.colcon_core.shell:Creating environment hook '/root/ros_ws/src/Rescue_Car_ws/install/sensor_msgs/share/sensor_msgs/hook/cmake_prefix_path.ps1'
[109.177s] INFO:colcon.colcon_core.shell:Creating environment descriptor '/root/ros_ws/src/Rescue_Car_ws/install/sensor_msgs/share/sensor_msgs/hook/cmake_prefix_path.dsv'
[109.177s] INFO:colcon.colcon_core.shell:Creating environment hook '/root/ros_ws/src/Rescue_Car_ws/install/sensor_msgs/share/sensor_msgs/hook/cmake_prefix_path.sh'
[109.178s] Level 1:colcon.colcon_core.environment:checking '/root/ros_ws/src/Rescue_Car_ws/install/sensor_msgs/lib'
[109.178s] Level 1:colcon.colcon_core.shell:create_environment_hook('sensor_msgs', 'ld_library_path_lib')
[109.178s] INFO:colcon.colcon_core.shell:Creating environment hook '/root/ros_ws/src/Rescue_Car_ws/install/sensor_msgs/share/sensor_msgs/hook/ld_library_path_lib.ps1'
[109.179s] INFO:colcon.colcon_core.shell:Creating environment descriptor '/root/ros_ws/src/Rescue_Car_ws/install/sensor_msgs/share/sensor_msgs/hook/ld_library_path_lib.dsv'
[109.179s] INFO:colcon.colcon_core.shell:Creating environment hook '/root/ros_ws/src/Rescue_Car_ws/install/sensor_msgs/share/sensor_msgs/hook/ld_library_path_lib.sh'
[109.179s] Level 1:colcon.colcon_core.environment:checking '/root/ros_ws/src/Rescue_Car_ws/install/sensor_msgs/bin'
[109.179s] Level 1:colcon.colcon_core.environment:checking '/root/ros_ws/src/Rescue_Car_ws/install/sensor_msgs/lib/pkgconfig/sensor_msgs.pc'
[109.179s] Level 1:colcon.colcon_core.environment:checking '/root/ros_ws/src/Rescue_Car_ws/install/sensor_msgs/lib/python3.10/site-packages'
[109.180s] Level 1:colcon.colcon_core.environment:checking '/root/ros_ws/src/Rescue_Car_ws/install/sensor_msgs/bin'
[109.180s] INFO:colcon.colcon_core.shell:Creating package script '/root/ros_ws/src/Rescue_Car_ws/install/sensor_msgs/share/sensor_msgs/package.ps1'
[109.180s] INFO:colcon.colcon_core.shell:Creating package descriptor '/root/ros_ws/src/Rescue_Car_ws/install/sensor_msgs/share/sensor_msgs/package.dsv'
[109.181s] INFO:colcon.colcon_core.shell:Creating package script '/root/ros_ws/src/Rescue_Car_ws/install/sensor_msgs/share/sensor_msgs/package.sh'
[109.181s] INFO:colcon.colcon_core.shell:Creating package script '/root/ros_ws/src/Rescue_Car_ws/install/sensor_msgs/share/sensor_msgs/package.bash'
[109.181s] INFO:colcon.colcon_core.shell:Creating package script '/root/ros_ws/src/Rescue_Car_ws/install/sensor_msgs/share/sensor_msgs/package.zsh'
[109.182s] Level 1:colcon.colcon_core.environment:create_file_with_runtime_dependencies(/root/ros_ws/src/Rescue_Car_ws/install/sensor_msgs/share/colcon-core/packages/sensor_msgs)
[109.182s] INFO:colcon.colcon_ros.task.ament_cmake.build:Building ROS package in '/root/ros_ws/src/Rescue_Car_ws/src/microros/src/ros2/common_interfaces/visualization_msgs' with build type 'ament_cmake'
[109.182s] INFO:colcon.colcon_cmake.task.cmake.build:Building CMake package in '/root/ros_ws/src/Rescue_Car_ws/src/microros/src/ros2/common_interfaces/visualization_msgs'
[109.182s] INFO:colcon.colcon_core.shell:Skip shell extension 'powershell' for command environment: Not usable outside of PowerShell
[109.182s] DEBUG:colcon.colcon_core.shell:Skip shell extension 'dsv' for command environment
[109.187s] INFO:colcon.colcon_ros.task.ament_cmake.build:Building ROS package in '/root/ros_ws/src/Rescue_Car_ws/src/microros/src/ros2/common_interfaces/stereo_msgs' with build type 'ament_cmake'
[109.187s] INFO:colcon.colcon_cmake.task.cmake.build:Building CMake package in '/root/ros_ws/src/Rescue_Car_ws/src/microros/src/ros2/common_interfaces/stereo_msgs'
[109.188s] INFO:colcon.colcon_core.shell:Skip shell extension 'powershell' for command environment: Not usable outside of PowerShell
[109.188s] DEBUG:colcon.colcon_core.shell:Skip shell extension 'dsv' for command environment
[109.190s] INFO:colcon.colcon_ros.task.ament_python.build:Building ROS package in '/root/ros_ws/src/Rescue_Car_ws/src/microros/src/ros2/common_interfaces/sensor_msgs_py' with build type 'ament_python'
[109.190s] Level 1:colcon.colcon_core.shell:create_environment_hook('sensor_msgs_py', 'ament_prefix_path')
[109.191s] INFO:colcon.colcon_core.shell:Creating environment hook '/root/ros_ws/src/Rescue_Car_ws/install/sensor_msgs_py/share/sensor_msgs_py/hook/ament_prefix_path.ps1'
[109.193s] INFO:colcon.colcon_core.shell:Creating environment descriptor '/root/ros_ws/src/Rescue_Car_ws/install/sensor_msgs_py/share/sensor_msgs_py/hook/ament_prefix_path.dsv'
[109.193s] INFO:colcon.colcon_core.shell:Creating environment hook '/root/ros_ws/src/Rescue_Car_ws/install/sensor_msgs_py/share/sensor_msgs_py/hook/ament_prefix_path.sh'
[109.194s] INFO:colcon.colcon_core.shell:Skip shell extension 'powershell' for command environment: Not usable outside of PowerShell
[109.194s] DEBUG:colcon.colcon_core.shell:Skip shell extension 'dsv' for command environment
[109.462s] DEBUG:colcon.colcon_core.event_handler.log_command:Invoking command in '/root/ros_ws/src/Rescue_Car_ws/build/stereo_msgs': AMENT_PREFIX_PATH=/root/ros_ws/src/Rescue_Car_ws/install/sensor_msgs:/root/ros_ws/src/Rescue_Car_ws/install/geometry_msgs:/root/ros_ws/src/Rescue_Car_ws/install/std_msgs:/root/ros_ws/src/Rescue_Car_ws/install/builtin_interfaces:${AMENT_PREFIX_PATH} CMAKE_PREFIX_PATH=/root/ros_ws/src/Rescue_Car_ws/install/sensor_msgs:/root/ros_ws/src/Rescue_Car_ws/install/geometry_msgs:/root/ros_ws/src/Rescue_Car_ws/install/std_msgs:/root/ros_ws/src/Rescue_Car_ws/install/builtin_interfaces:/opt/ros/humble LD_LIBRARY_PATH=/root/ros_ws/src/Rescue_Car_ws/install/sensor_msgs/lib:/root/ros_ws/src/Rescue_Car_ws/install/geometry_msgs/lib:/root/ros_ws/src/Rescue_Car_ws/install/std_msgs/lib:/root/ros_ws/src/Rescue_Car_ws/install/builtin_interfaces/lib:${LD_LIBRARY_PATH} PYTHONPATH=/root/ros_ws/src/Rescue_Car_ws/install/sensor_msgs/local/lib/python3.10/dist-packages:/root/ros_ws/src/Rescue_Car_ws/install/geometry_msgs/local/lib/python3.10/dist-packages:/root/ros_ws/src/Rescue_Car_ws/install/std_msgs/local/lib/python3.10/dist-packages:/root/ros_ws/src/Rescue_Car_ws/install/builtin_interfaces/local/lib/python3.10/dist-packages:${PYTHONPATH} /usr/bin/cmake /root/ros_ws/src/Rescue_Car_ws/src/microros/src/ros2/common_interfaces/stereo_msgs -DCMAKE_INSTALL_PREFIX=/root/ros_ws/src/Rescue_Car_ws/install/stereo_msgs
[109.673s] INFO:colcon.colcon_core.task.python.build:Building Python package in '/root/ros_ws/src/Rescue_Car_ws/src/microros/src/ros2/common_interfaces/sensor_msgs_py'
[109.674s] INFO:colcon.colcon_core.shell:Skip shell extension 'powershell' for command environment: Not usable outside of PowerShell
[109.674s] DEBUG:colcon.colcon_core.shell:Skip shell extension 'dsv' for command environment
[109.680s] DEBUG:colcon.colcon_core.event_handler.log_command:Invoking command in '/root/ros_ws/src/Rescue_Car_ws/build/visualization_msgs': AMENT_PREFIX_PATH=/root/ros_ws/src/Rescue_Car_ws/install/sensor_msgs:/root/ros_ws/src/Rescue_Car_ws/install/geometry_msgs:/root/ros_ws/src/Rescue_Car_ws/install/std_msgs:/root/ros_ws/src/Rescue_Car_ws/install/builtin_interfaces:${AMENT_PREFIX_PATH} CMAKE_PREFIX_PATH=/root/ros_ws/src/Rescue_Car_ws/install/sensor_msgs:/root/ros_ws/src/Rescue_Car_ws/install/geometry_msgs:/root/ros_ws/src/Rescue_Car_ws/install/std_msgs:/root/ros_ws/src/Rescue_Car_ws/install/builtin_interfaces:/opt/ros/humble LD_LIBRARY_PATH=/root/ros_ws/src/Rescue_Car_ws/install/sensor_msgs/lib:/root/ros_ws/src/Rescue_Car_ws/install/geometry_msgs/lib:/root/ros_ws/src/Rescue_Car_ws/install/std_msgs/lib:/root/ros_ws/src/Rescue_Car_ws/install/builtin_interfaces/lib:${LD_LIBRARY_PATH} PYTHONPATH=/root/ros_ws/src/Rescue_Car_ws/install/sensor_msgs/local/lib/python3.10/dist-packages:/root/ros_ws/src/Rescue_Car_ws/install/geometry_msgs/local/lib/python3.10/dist-packages:/root/ros_ws/src/Rescue_Car_ws/install/std_msgs/local/lib/python3.10/dist-packages:/root/ros_ws/src/Rescue_Car_ws/install/builtin_interfaces/local/lib/python3.10/dist-packages:${PYTHONPATH} /usr/bin/cmake /root/ros_ws/src/Rescue_Car_ws/src/microros/src/ros2/common_interfaces/visualization_msgs -DCMAKE_INSTALL_PREFIX=/root/ros_ws/src/Rescue_Car_ws/install/visualization_msgs
[110.505s] DEBUG:colcon.colcon_core.event_handler.log_command:Invoked command in '/root/ros_ws/src/Rescue_Car_ws/build/rclc_parameter' returned '0': AMENT_PREFIX_PATH=/root/ros_ws/src/Rescue_Car_ws/install/rclc:/root/ros_ws/src/Rescue_Car_ws/install/test_msgs:/root/ros_ws/src/Rescue_Car_ws/install/example_interfaces:/root/ros_ws/src/Rescue_Car_ws/install/std_msgs:/root/ros_ws/src/Rescue_Car_ws/install/rcl_interfaces:/root/ros_ws/src/Rescue_Car_ws/install/action_msgs:/root/ros_ws/src/Rescue_Car_ws/install/unique_identifier_msgs:/root/ros_ws/src/Rescue_Car_ws/install/builtin_interfaces:${AMENT_PREFIX_PATH} CMAKE_PREFIX_PATH=/root/ros_ws/src/Rescue_Car_ws/install/rclc:/root/ros_ws/src/Rescue_Car_ws/install/test_msgs:/root/ros_ws/src/Rescue_Car_ws/install/example_interfaces:/root/ros_ws/src/Rescue_Car_ws/install/std_msgs:/root/ros_ws/src/Rescue_Car_ws/install/rcl_interfaces:/root/ros_ws/src/Rescue_Car_ws/install/action_msgs:/root/ros_ws/src/Rescue_Car_ws/install/unique_identifier_msgs:/root/ros_ws/src/Rescue_Car_ws/install/builtin_interfaces:/opt/ros/humble LD_LIBRARY_PATH=/root/ros_ws/src/Rescue_Car_ws/install/rclc/lib:/root/ros_ws/src/Rescue_Car_ws/install/test_msgs/lib:/root/ros_ws/src/Rescue_Car_ws/install/example_interfaces/lib:/root/ros_ws/src/Rescue_Car_ws/install/std_msgs/lib:/root/ros_ws/src/Rescue_Car_ws/install/rcl_interfaces/lib:/root/ros_ws/src/Rescue_Car_ws/install/action_msgs/lib:/root/ros_ws/src/Rescue_Car_ws/install/unique_identifier_msgs/lib:/root/ros_ws/src/Rescue_Car_ws/install/builtin_interfaces/lib:${LD_LIBRARY_PATH} PYTHONPATH=/root/ros_ws/src/Rescue_Car_ws/install/test_msgs/local/lib/python3.10/dist-packages:/root/ros_ws/src/Rescue_Car_ws/install/example_interfaces/local/lib/python3.10/dist-packages:/root/ros_ws/src/Rescue_Car_ws/install/std_msgs/local/lib/python3.10/dist-packages:/root/ros_ws/src/Rescue_Car_ws/install/rcl_interfaces/local/lib/python3.10/dist-packages:/root/ros_ws/src/Rescue_Car_ws/install/action_msgs/local/lib/python3.10/dist-packages:/root/ros_ws/src/Rescue_Car_ws/install/unique_identifier_msgs/local/lib/python3.10/dist-packages:/root/ros_ws/src/Rescue_Car_ws/install/builtin_interfaces/local/lib/python3.10/dist-packages:${PYTHONPATH} /usr/bin/cmake /root/ros_ws/src/Rescue_Car_ws/src/microros/src/uros/rclc/rclc_parameter -DCMAKE_INSTALL_PREFIX=/root/ros_ws/src/Rescue_Car_ws/install/rclc_parameter
[110.508s] DEBUG:colcon.colcon_core.event_handler.log_command:Invoking command in '/root/ros_ws/src/Rescue_Car_ws/build/rclc_parameter': AMENT_PREFIX_PATH=/root/ros_ws/src/Rescue_Car_ws/install/rclc:/root/ros_ws/src/Rescue_Car_ws/install/test_msgs:/root/ros_ws/src/Rescue_Car_ws/install/example_interfaces:/root/ros_ws/src/Rescue_Car_ws/install/std_msgs:/root/ros_ws/src/Rescue_Car_ws/install/rcl_interfaces:/root/ros_ws/src/Rescue_Car_ws/install/action_msgs:/root/ros_ws/src/Rescue_Car_ws/install/unique_identifier_msgs:/root/ros_ws/src/Rescue_Car_ws/install/builtin_interfaces:${AMENT_PREFIX_PATH} CMAKE_PREFIX_PATH=/root/ros_ws/src/Rescue_Car_ws/install/rclc:/root/ros_ws/src/Rescue_Car_ws/install/test_msgs:/root/ros_ws/src/Rescue_Car_ws/install/example_interfaces:/root/ros_ws/src/Rescue_Car_ws/install/std_msgs:/root/ros_ws/src/Rescue_Car_ws/install/rcl_interfaces:/root/ros_ws/src/Rescue_Car_ws/install/action_msgs:/root/ros_ws/src/Rescue_Car_ws/install/unique_identifier_msgs:/root/ros_ws/src/Rescue_Car_ws/install/builtin_interfaces:/opt/ros/humble LD_LIBRARY_PATH=/root/ros_ws/src/Rescue_Car_ws/install/rclc/lib:/root/ros_ws/src/Rescue_Car_ws/install/test_msgs/lib:/root/ros_ws/src/Rescue_Car_ws/install/example_interfaces/lib:/root/ros_ws/src/Rescue_Car_ws/install/std_msgs/lib:/root/ros_ws/src/Rescue_Car_ws/install/rcl_interfaces/lib:/root/ros_ws/src/Rescue_Car_ws/install/action_msgs/lib:/root/ros_ws/src/Rescue_Car_ws/install/unique_identifier_msgs/lib:/root/ros_ws/src/Rescue_Car_ws/install/builtin_interfaces/lib:${LD_LIBRARY_PATH} PYTHONPATH=/root/ros_ws/src/Rescue_Car_ws/install/test_msgs/local/lib/python3.10/dist-packages:/root/ros_ws/src/Rescue_Car_ws/install/example_interfaces/local/lib/python3.10/dist-packages:/root/ros_ws/src/Rescue_Car_ws/install/std_msgs/local/lib/python3.10/dist-packages:/root/ros_ws/src/Rescue_Car_ws/install/rcl_interfaces/local/lib/python3.10/dist-packages:/root/ros_ws/src/Rescue_Car_ws/install/action_msgs/local/lib/python3.10/dist-packages:/root/ros_ws/src/Rescue_Car_ws/install/unique_identifier_msgs/local/lib/python3.10/dist-packages:/root/ros_ws/src/Rescue_Car_ws/install/builtin_interfaces/local/lib/python3.10/dist-packages:${PYTHONPATH} /usr/bin/cmake --build /root/ros_ws/src/Rescue_Car_ws/build/rclc_parameter -- -j20 -l20
[110.526s] DEBUG:colcon.colcon_core.event_handler.log_command:Invoking command in '/root/ros_ws/src/Rescue_Car_ws/src/microros/src/ros2/common_interfaces/sensor_msgs_py': AMENT_PREFIX_PATH=/root/ros_ws/src/Rescue_Car_ws/install/sensor_msgs:/root/ros_ws/src/Rescue_Car_ws/install/geometry_msgs:/root/ros_ws/src/Rescue_Car_ws/install/std_msgs:/root/ros_ws/src/Rescue_Car_ws/install/builtin_interfaces:${AMENT_PREFIX_PATH} CMAKE_PREFIX_PATH=/root/ros_ws/src/Rescue_Car_ws/install/sensor_msgs:/root/ros_ws/src/Rescue_Car_ws/install/geometry_msgs:/root/ros_ws/src/Rescue_Car_ws/install/std_msgs:/root/ros_ws/src/Rescue_Car_ws/install/builtin_interfaces LD_LIBRARY_PATH=/root/ros_ws/src/Rescue_Car_ws/install/sensor_msgs/lib:/root/ros_ws/src/Rescue_Car_ws/install/geometry_msgs/lib:/root/ros_ws/src/Rescue_Car_ws/install/std_msgs/lib:/root/ros_ws/src/Rescue_Car_ws/install/builtin_interfaces/lib:${LD_LIBRARY_PATH} PYTHONPATH=/root/ros_ws/src/Rescue_Car_ws/build/sensor_msgs_py/prefix_override:/usr/lib/python3/dist-packages/colcon_core/task/python/colcon_distutils_commands:/root/ros_ws/src/Rescue_Car_ws/install/sensor_msgs_py/lib/python3.10/site-packages:/root/ros_ws/src/Rescue_Car_ws/install/sensor_msgs/local/lib/python3.10/dist-packages:/root/ros_ws/src/Rescue_Car_ws/install/geometry_msgs/local/lib/python3.10/dist-packages:/root/ros_ws/src/Rescue_Car_ws/install/std_msgs/local/lib/python3.10/dist-packages:/root/ros_ws/src/Rescue_Car_ws/install/builtin_interfaces/local/lib/python3.10/dist-packages:${PYTHONPATH} /usr/bin/python3 -W ignore:setup.py install is deprecated -W ignore:easy_install command is deprecated setup.py egg_info --egg-base ../../../../../../build/sensor_msgs_py build --build-base /root/ros_ws/src/Rescue_Car_ws/build/sensor_msgs_py/build install --record /root/ros_ws/src/Rescue_Car_ws/build/sensor_msgs_py/install.log --single-version-externally-managed install_data
[110.867s] Level 1:colcon.colcon_core.environment:checking '/root/ros_ws/src/Rescue_Car_ws/install/sensor_msgs_py' for CMake module files
[110.867s] DEBUG:colcon.colcon_core.event_handler.log_command:Invoked command in '/root/ros_ws/src/Rescue_Car_ws/src/microros/src/ros2/common_interfaces/sensor_msgs_py' returned '0': AMENT_PREFIX_PATH=/root/ros_ws/src/Rescue_Car_ws/install/sensor_msgs:/root/ros_ws/src/Rescue_Car_ws/install/geometry_msgs:/root/ros_ws/src/Rescue_Car_ws/install/std_msgs:/root/ros_ws/src/Rescue_Car_ws/install/builtin_interfaces:${AMENT_PREFIX_PATH} CMAKE_PREFIX_PATH=/root/ros_ws/src/Rescue_Car_ws/install/sensor_msgs:/root/ros_ws/src/Rescue_Car_ws/install/geometry_msgs:/root/ros_ws/src/Rescue_Car_ws/install/std_msgs:/root/ros_ws/src/Rescue_Car_ws/install/builtin_interfaces LD_LIBRARY_PATH=/root/ros_ws/src/Rescue_Car_ws/install/sensor_msgs/lib:/root/ros_ws/src/Rescue_Car_ws/install/geometry_msgs/lib:/root/ros_ws/src/Rescue_Car_ws/install/std_msgs/lib:/root/ros_ws/src/Rescue_Car_ws/install/builtin_interfaces/lib:${LD_LIBRARY_PATH} PYTHONPATH=/root/ros_ws/src/Rescue_Car_ws/build/sensor_msgs_py/prefix_override:/usr/lib/python3/dist-packages/colcon_core/task/python/colcon_distutils_commands:/root/ros_ws/src/Rescue_Car_ws/install/sensor_msgs_py/lib/python3.10/site-packages:/root/ros_ws/src/Rescue_Car_ws/install/sensor_msgs/local/lib/python3.10/dist-packages:/root/ros_ws/src/Rescue_Car_ws/install/geometry_msgs/local/lib/python3.10/dist-packages:/root/ros_ws/src/Rescue_Car_ws/install/std_msgs/local/lib/python3.10/dist-packages:/root/ros_ws/src/Rescue_Car_ws/install/builtin_interfaces/local/lib/python3.10/dist-packages:${PYTHONPATH} /usr/bin/python3 -W ignore:setup.py install is deprecated -W ignore:easy_install command is deprecated setup.py egg_info --egg-base ../../../../../../build/sensor_msgs_py build --build-base /root/ros_ws/src/Rescue_Car_ws/build/sensor_msgs_py/build install --record /root/ros_ws/src/Rescue_Car_ws/build/sensor_msgs_py/install.log --single-version-externally-managed install_data
[110.868s] Level 1:colcon.colcon_core.environment:checking '/root/ros_ws/src/Rescue_Car_ws/install/sensor_msgs_py' for CMake config files
[110.868s] Level 1:colcon.colcon_core.environment:checking '/root/ros_ws/src/Rescue_Car_ws/install/sensor_msgs_py/lib'
[110.868s] Level 1:colcon.colcon_core.environment:checking '/root/ros_ws/src/Rescue_Car_ws/install/sensor_msgs_py/bin'
[110.868s] Level 1:colcon.colcon_core.environment:checking '/root/ros_ws/src/Rescue_Car_ws/install/sensor_msgs_py/lib/pkgconfig/sensor_msgs_py.pc'
[110.869s] Level 1:colcon.colcon_core.environment:checking '/root/ros_ws/src/Rescue_Car_ws/install/sensor_msgs_py/lib/python3.10/site-packages'
[110.869s] Level 1:colcon.colcon_core.shell:create_environment_hook('sensor_msgs_py', 'pythonpath')
[110.869s] INFO:colcon.colcon_core.shell:Creating environment hook '/root/ros_ws/src/Rescue_Car_ws/install/sensor_msgs_py/share/sensor_msgs_py/hook/pythonpath.ps1'
[110.870s] INFO:colcon.colcon_core.shell:Creating environment descriptor '/root/ros_ws/src/Rescue_Car_ws/install/sensor_msgs_py/share/sensor_msgs_py/hook/pythonpath.dsv'
[110.870s] INFO:colcon.colcon_core.shell:Creating environment hook '/root/ros_ws/src/Rescue_Car_ws/install/sensor_msgs_py/share/sensor_msgs_py/hook/pythonpath.sh'
[110.870s] Level 1:colcon.colcon_core.environment:checking '/root/ros_ws/src/Rescue_Car_ws/install/sensor_msgs_py/bin'
[110.871s] Level 1:colcon.colcon_core.environment:create_environment_scripts_only(sensor_msgs_py)
[110.871s] INFO:colcon.colcon_core.shell:Creating package script '/root/ros_ws/src/Rescue_Car_ws/install/sensor_msgs_py/share/sensor_msgs_py/package.ps1'
[110.871s] INFO:colcon.colcon_core.shell:Creating package descriptor '/root/ros_ws/src/Rescue_Car_ws/install/sensor_msgs_py/share/sensor_msgs_py/package.dsv'
[110.872s] INFO:colcon.colcon_core.shell:Creating package script '/root/ros_ws/src/Rescue_Car_ws/install/sensor_msgs_py/share/sensor_msgs_py/package.sh'
[110.872s] INFO:colcon.colcon_core.shell:Creating package script '/root/ros_ws/src/Rescue_Car_ws/install/sensor_msgs_py/share/sensor_msgs_py/package.bash'
[110.872s] INFO:colcon.colcon_core.shell:Creating package script '/root/ros_ws/src/Rescue_Car_ws/install/sensor_msgs_py/share/sensor_msgs_py/package.zsh'
[110.873s] Level 1:colcon.colcon_core.environment:create_file_with_runtime_dependencies(/root/ros_ws/src/Rescue_Car_ws/install/sensor_msgs_py/share/colcon-core/packages/sensor_msgs_py)
[113.044s] DEBUG:colcon.colcon_core.event_handler.log_command:Invoked command in '/root/ros_ws/src/Rescue_Car_ws/build/stereo_msgs' returned '0': AMENT_PREFIX_PATH=/root/ros_ws/src/Rescue_Car_ws/install/sensor_msgs:/root/ros_ws/src/Rescue_Car_ws/install/geometry_msgs:/root/ros_ws/src/Rescue_Car_ws/install/std_msgs:/root/ros_ws/src/Rescue_Car_ws/install/builtin_interfaces:${AMENT_PREFIX_PATH} CMAKE_PREFIX_PATH=/root/ros_ws/src/Rescue_Car_ws/install/sensor_msgs:/root/ros_ws/src/Rescue_Car_ws/install/geometry_msgs:/root/ros_ws/src/Rescue_Car_ws/install/std_msgs:/root/ros_ws/src/Rescue_Car_ws/install/builtin_interfaces:/opt/ros/humble LD_LIBRARY_PATH=/root/ros_ws/src/Rescue_Car_ws/install/sensor_msgs/lib:/root/ros_ws/src/Rescue_Car_ws/install/geometry_msgs/lib:/root/ros_ws/src/Rescue_Car_ws/install/std_msgs/lib:/root/ros_ws/src/Rescue_Car_ws/install/builtin_interfaces/lib:${LD_LIBRARY_PATH} PYTHONPATH=/root/ros_ws/src/Rescue_Car_ws/install/sensor_msgs/local/lib/python3.10/dist-packages:/root/ros_ws/src/Rescue_Car_ws/install/geometry_msgs/local/lib/python3.10/dist-packages:/root/ros_ws/src/Rescue_Car_ws/install/std_msgs/local/lib/python3.10/dist-packages:/root/ros_ws/src/Rescue_Car_ws/install/builtin_interfaces/local/lib/python3.10/dist-packages:${PYTHONPATH} /usr/bin/cmake /root/ros_ws/src/Rescue_Car_ws/src/microros/src/ros2/common_interfaces/stereo_msgs -DCMAKE_INSTALL_PREFIX=/root/ros_ws/src/Rescue_Car_ws/install/stereo_msgs
[113.045s] DEBUG:colcon.colcon_core.event_handler.log_command:Invoking command in '/root/ros_ws/src/Rescue_Car_ws/build/stereo_msgs': AMENT_PREFIX_PATH=/root/ros_ws/src/Rescue_Car_ws/install/sensor_msgs:/root/ros_ws/src/Rescue_Car_ws/install/geometry_msgs:/root/ros_ws/src/Rescue_Car_ws/install/std_msgs:/root/ros_ws/src/Rescue_Car_ws/install/builtin_interfaces:${AMENT_PREFIX_PATH} CMAKE_PREFIX_PATH=/root/ros_ws/src/Rescue_Car_ws/install/sensor_msgs:/root/ros_ws/src/Rescue_Car_ws/install/geometry_msgs:/root/ros_ws/src/Rescue_Car_ws/install/std_msgs:/root/ros_ws/src/Rescue_Car_ws/install/builtin_interfaces:/opt/ros/humble LD_LIBRARY_PATH=/root/ros_ws/src/Rescue_Car_ws/install/sensor_msgs/lib:/root/ros_ws/src/Rescue_Car_ws/install/geometry_msgs/lib:/root/ros_ws/src/Rescue_Car_ws/install/std_msgs/lib:/root/ros_ws/src/Rescue_Car_ws/install/builtin_interfaces/lib:${LD_LIBRARY_PATH} PYTHONPATH=/root/ros_ws/src/Rescue_Car_ws/install/sensor_msgs/local/lib/python3.10/dist-packages:/root/ros_ws/src/Rescue_Car_ws/install/geometry_msgs/local/lib/python3.10/dist-packages:/root/ros_ws/src/Rescue_Car_ws/install/std_msgs/local/lib/python3.10/dist-packages:/root/ros_ws/src/Rescue_Car_ws/install/builtin_interfaces/local/lib/python3.10/dist-packages:${PYTHONPATH} /usr/bin/cmake --build /root/ros_ws/src/Rescue_Car_ws/build/stereo_msgs -- -j20 -l20
[113.393s] DEBUG:colcon.colcon_core.event_handler.log_command:Invoked command in '/root/ros_ws/src/Rescue_Car_ws/build/visualization_msgs' returned '0': AMENT_PREFIX_PATH=/root/ros_ws/src/Rescue_Car_ws/install/sensor_msgs:/root/ros_ws/src/Rescue_Car_ws/install/geometry_msgs:/root/ros_ws/src/Rescue_Car_ws/install/std_msgs:/root/ros_ws/src/Rescue_Car_ws/install/builtin_interfaces:${AMENT_PREFIX_PATH} CMAKE_PREFIX_PATH=/root/ros_ws/src/Rescue_Car_ws/install/sensor_msgs:/root/ros_ws/src/Rescue_Car_ws/install/geometry_msgs:/root/ros_ws/src/Rescue_Car_ws/install/std_msgs:/root/ros_ws/src/Rescue_Car_ws/install/builtin_interfaces:/opt/ros/humble LD_LIBRARY_PATH=/root/ros_ws/src/Rescue_Car_ws/install/sensor_msgs/lib:/root/ros_ws/src/Rescue_Car_ws/install/geometry_msgs/lib:/root/ros_ws/src/Rescue_Car_ws/install/std_msgs/lib:/root/ros_ws/src/Rescue_Car_ws/install/builtin_interfaces/lib:${LD_LIBRARY_PATH} PYTHONPATH=/root/ros_ws/src/Rescue_Car_ws/install/sensor_msgs/local/lib/python3.10/dist-packages:/root/ros_ws/src/Rescue_Car_ws/install/geometry_msgs/local/lib/python3.10/dist-packages:/root/ros_ws/src/Rescue_Car_ws/install/std_msgs/local/lib/python3.10/dist-packages:/root/ros_ws/src/Rescue_Car_ws/install/builtin_interfaces/local/lib/python3.10/dist-packages:${PYTHONPATH} /usr/bin/cmake /root/ros_ws/src/Rescue_Car_ws/src/microros/src/ros2/common_interfaces/visualization_msgs -DCMAKE_INSTALL_PREFIX=/root/ros_ws/src/Rescue_Car_ws/install/visualization_msgs
[113.396s] DEBUG:colcon.colcon_core.event_handler.log_command:Invoking command in '/root/ros_ws/src/Rescue_Car_ws/build/visualization_msgs': AMENT_PREFIX_PATH=/root/ros_ws/src/Rescue_Car_ws/install/sensor_msgs:/root/ros_ws/src/Rescue_Car_ws/install/geometry_msgs:/root/ros_ws/src/Rescue_Car_ws/install/std_msgs:/root/ros_ws/src/Rescue_Car_ws/install/builtin_interfaces:${AMENT_PREFIX_PATH} CMAKE_PREFIX_PATH=/root/ros_ws/src/Rescue_Car_ws/install/sensor_msgs:/root/ros_ws/src/Rescue_Car_ws/install/geometry_msgs:/root/ros_ws/src/Rescue_Car_ws/install/std_msgs:/root/ros_ws/src/Rescue_Car_ws/install/builtin_interfaces:/opt/ros/humble LD_LIBRARY_PATH=/root/ros_ws/src/Rescue_Car_ws/install/sensor_msgs/lib:/root/ros_ws/src/Rescue_Car_ws/install/geometry_msgs/lib:/root/ros_ws/src/Rescue_Car_ws/install/std_msgs/lib:/root/ros_ws/src/Rescue_Car_ws/install/builtin_interfaces/lib:${LD_LIBRARY_PATH} PYTHONPATH=/root/ros_ws/src/Rescue_Car_ws/install/sensor_msgs/local/lib/python3.10/dist-packages:/root/ros_ws/src/Rescue_Car_ws/install/geometry_msgs/local/lib/python3.10/dist-packages:/root/ros_ws/src/Rescue_Car_ws/install/std_msgs/local/lib/python3.10/dist-packages:/root/ros_ws/src/Rescue_Car_ws/install/builtin_interfaces/local/lib/python3.10/dist-packages:${PYTHONPATH} /usr/bin/cmake --build /root/ros_ws/src/Rescue_Car_ws/build/visualization_msgs -- -j20 -l20
[115.649s] DEBUG:colcon.colcon_core.event_handler.log_command:Invoked command in '/root/ros_ws/src/Rescue_Car_ws/build/stereo_msgs' returned '0': AMENT_PREFIX_PATH=/root/ros_ws/src/Rescue_Car_ws/install/sensor_msgs:/root/ros_ws/src/Rescue_Car_ws/install/geometry_msgs:/root/ros_ws/src/Rescue_Car_ws/install/std_msgs:/root/ros_ws/src/Rescue_Car_ws/install/builtin_interfaces:${AMENT_PREFIX_PATH} CMAKE_PREFIX_PATH=/root/ros_ws/src/Rescue_Car_ws/install/sensor_msgs:/root/ros_ws/src/Rescue_Car_ws/install/geometry_msgs:/root/ros_ws/src/Rescue_Car_ws/install/std_msgs:/root/ros_ws/src/Rescue_Car_ws/install/builtin_interfaces:/opt/ros/humble LD_LIBRARY_PATH=/root/ros_ws/src/Rescue_Car_ws/install/sensor_msgs/lib:/root/ros_ws/src/Rescue_Car_ws/install/geometry_msgs/lib:/root/ros_ws/src/Rescue_Car_ws/install/std_msgs/lib:/root/ros_ws/src/Rescue_Car_ws/install/builtin_interfaces/lib:${LD_LIBRARY_PATH} PYTHONPATH=/root/ros_ws/src/Rescue_Car_ws/install/sensor_msgs/local/lib/python3.10/dist-packages:/root/ros_ws/src/Rescue_Car_ws/install/geometry_msgs/local/lib/python3.10/dist-packages:/root/ros_ws/src/Rescue_Car_ws/install/std_msgs/local/lib/python3.10/dist-packages:/root/ros_ws/src/Rescue_Car_ws/install/builtin_interfaces/local/lib/python3.10/dist-packages:${PYTHONPATH} /usr/bin/cmake --build /root/ros_ws/src/Rescue_Car_ws/build/stereo_msgs -- -j20 -l20
[115.651s] DEBUG:colcon.colcon_core.event_handler.log_command:Invoking command in '/root/ros_ws/src/Rescue_Car_ws/build/stereo_msgs': AMENT_PREFIX_PATH=/root/ros_ws/src/Rescue_Car_ws/install/sensor_msgs:/root/ros_ws/src/Rescue_Car_ws/install/geometry_msgs:/root/ros_ws/src/Rescue_Car_ws/install/std_msgs:/root/ros_ws/src/Rescue_Car_ws/install/builtin_interfaces:${AMENT_PREFIX_PATH} CMAKE_PREFIX_PATH=/root/ros_ws/src/Rescue_Car_ws/install/sensor_msgs:/root/ros_ws/src/Rescue_Car_ws/install/geometry_msgs:/root/ros_ws/src/Rescue_Car_ws/install/std_msgs:/root/ros_ws/src/Rescue_Car_ws/install/builtin_interfaces:/opt/ros/humble LD_LIBRARY_PATH=/root/ros_ws/src/Rescue_Car_ws/install/sensor_msgs/lib:/root/ros_ws/src/Rescue_Car_ws/install/geometry_msgs/lib:/root/ros_ws/src/Rescue_Car_ws/install/std_msgs/lib:/root/ros_ws/src/Rescue_Car_ws/install/builtin_interfaces/lib:${LD_LIBRARY_PATH} PYTHONPATH=/root/ros_ws/src/Rescue_Car_ws/install/sensor_msgs/local/lib/python3.10/dist-packages:/root/ros_ws/src/Rescue_Car_ws/install/geometry_msgs/local/lib/python3.10/dist-packages:/root/ros_ws/src/Rescue_Car_ws/install/std_msgs/local/lib/python3.10/dist-packages:/root/ros_ws/src/Rescue_Car_ws/install/builtin_interfaces/local/lib/python3.10/dist-packages:${PYTHONPATH} /usr/bin/cmake --install /root/ros_ws/src/Rescue_Car_ws/build/stereo_msgs
[115.741s] Level 1:colcon.colcon_core.environment:create_environment_scripts_only(stereo_msgs)
[115.742s] DEBUG:colcon.colcon_core.event_handler.log_command:Invoked command in '/root/ros_ws/src/Rescue_Car_ws/build/stereo_msgs' returned '0': AMENT_PREFIX_PATH=/root/ros_ws/src/Rescue_Car_ws/install/sensor_msgs:/root/ros_ws/src/Rescue_Car_ws/install/geometry_msgs:/root/ros_ws/src/Rescue_Car_ws/install/std_msgs:/root/ros_ws/src/Rescue_Car_ws/install/builtin_interfaces:${AMENT_PREFIX_PATH} CMAKE_PREFIX_PATH=/root/ros_ws/src/Rescue_Car_ws/install/sensor_msgs:/root/ros_ws/src/Rescue_Car_ws/install/geometry_msgs:/root/ros_ws/src/Rescue_Car_ws/install/std_msgs:/root/ros_ws/src/Rescue_Car_ws/install/builtin_interfaces:/opt/ros/humble LD_LIBRARY_PATH=/root/ros_ws/src/Rescue_Car_ws/install/sensor_msgs/lib:/root/ros_ws/src/Rescue_Car_ws/install/geometry_msgs/lib:/root/ros_ws/src/Rescue_Car_ws/install/std_msgs/lib:/root/ros_ws/src/Rescue_Car_ws/install/builtin_interfaces/lib:${LD_LIBRARY_PATH} PYTHONPATH=/root/ros_ws/src/Rescue_Car_ws/install/sensor_msgs/local/lib/python3.10/dist-packages:/root/ros_ws/src/Rescue_Car_ws/install/geometry_msgs/local/lib/python3.10/dist-packages:/root/ros_ws/src/Rescue_Car_ws/install/std_msgs/local/lib/python3.10/dist-packages:/root/ros_ws/src/Rescue_Car_ws/install/builtin_interfaces/local/lib/python3.10/dist-packages:${PYTHONPATH} /usr/bin/cmake --install /root/ros_ws/src/Rescue_Car_ws/build/stereo_msgs
[115.742s] Level 1:colcon.colcon_core.environment:checking '/root/ros_ws/src/Rescue_Car_ws/install/stereo_msgs' for CMake module files
[115.743s] Level 1:colcon.colcon_core.environment:checking '/root/ros_ws/src/Rescue_Car_ws/install/stereo_msgs' for CMake config files
[115.743s] Level 1:colcon.colcon_core.shell:create_environment_hook('stereo_msgs', 'cmake_prefix_path')
[115.743s] INFO:colcon.colcon_core.shell:Creating environment hook '/root/ros_ws/src/Rescue_Car_ws/install/stereo_msgs/share/stereo_msgs/hook/cmake_prefix_path.ps1'
[115.744s] INFO:colcon.colcon_core.shell:Creating environment descriptor '/root/ros_ws/src/Rescue_Car_ws/install/stereo_msgs/share/stereo_msgs/hook/cmake_prefix_path.dsv'
[115.745s] INFO:colcon.colcon_core.shell:Creating environment hook '/root/ros_ws/src/Rescue_Car_ws/install/stereo_msgs/share/stereo_msgs/hook/cmake_prefix_path.sh'
[115.745s] Level 1:colcon.colcon_core.environment:checking '/root/ros_ws/src/Rescue_Car_ws/install/stereo_msgs/lib'
[115.745s] Level 1:colcon.colcon_core.shell:create_environment_hook('stereo_msgs', 'ld_library_path_lib')
[115.745s] INFO:colcon.colcon_core.shell:Creating environment hook '/root/ros_ws/src/Rescue_Car_ws/install/stereo_msgs/share/stereo_msgs/hook/ld_library_path_lib.ps1'
[115.746s] INFO:colcon.colcon_core.shell:Creating environment descriptor '/root/ros_ws/src/Rescue_Car_ws/install/stereo_msgs/share/stereo_msgs/hook/ld_library_path_lib.dsv'
[115.746s] INFO:colcon.colcon_core.shell:Creating environment hook '/root/ros_ws/src/Rescue_Car_ws/install/stereo_msgs/share/stereo_msgs/hook/ld_library_path_lib.sh'
[115.746s] Level 1:colcon.colcon_core.environment:checking '/root/ros_ws/src/Rescue_Car_ws/install/stereo_msgs/bin'
[115.746s] Level 1:colcon.colcon_core.environment:checking '/root/ros_ws/src/Rescue_Car_ws/install/stereo_msgs/lib/pkgconfig/stereo_msgs.pc'
[115.747s] Level 1:colcon.colcon_core.environment:checking '/root/ros_ws/src/Rescue_Car_ws/install/stereo_msgs/lib/python3.10/site-packages'
[115.747s] Level 1:colcon.colcon_core.environment:checking '/root/ros_ws/src/Rescue_Car_ws/install/stereo_msgs/bin'
[115.747s] INFO:colcon.colcon_core.shell:Creating package script '/root/ros_ws/src/Rescue_Car_ws/install/stereo_msgs/share/stereo_msgs/package.ps1'
[115.748s] INFO:colcon.colcon_core.shell:Creating package descriptor '/root/ros_ws/src/Rescue_Car_ws/install/stereo_msgs/share/stereo_msgs/package.dsv'
[115.748s] INFO:colcon.colcon_core.shell:Creating package script '/root/ros_ws/src/Rescue_Car_ws/install/stereo_msgs/share/stereo_msgs/package.sh'
[115.748s] INFO:colcon.colcon_core.shell:Creating package script '/root/ros_ws/src/Rescue_Car_ws/install/stereo_msgs/share/stereo_msgs/package.bash'
[115.749s] INFO:colcon.colcon_core.shell:Creating package script '/root/ros_ws/src/Rescue_Car_ws/install/stereo_msgs/share/stereo_msgs/package.zsh'
[115.750s] Level 1:colcon.colcon_core.environment:create_file_with_runtime_dependencies(/root/ros_ws/src/Rescue_Car_ws/install/stereo_msgs/share/colcon-core/packages/stereo_msgs)
[115.751s] Level 1:colcon.colcon_core.environment:create_environment_scripts_only(stereo_msgs)
[115.751s] Level 1:colcon.colcon_core.environment:checking '/root/ros_ws/src/Rescue_Car_ws/install/stereo_msgs' for CMake module files
[115.752s] Level 1:colcon.colcon_core.environment:checking '/root/ros_ws/src/Rescue_Car_ws/install/stereo_msgs' for CMake config files
[115.753s] Level 1:colcon.colcon_core.shell:create_environment_hook('stereo_msgs', 'cmake_prefix_path')
[115.753s] INFO:colcon.colcon_core.shell:Creating environment hook '/root/ros_ws/src/Rescue_Car_ws/install/stereo_msgs/share/stereo_msgs/hook/cmake_prefix_path.ps1'
[115.754s] INFO:colcon.colcon_core.shell:Creating environment descriptor '/root/ros_ws/src/Rescue_Car_ws/install/stereo_msgs/share/stereo_msgs/hook/cmake_prefix_path.dsv'
[115.754s] INFO:colcon.colcon_core.shell:Creating environment hook '/root/ros_ws/src/Rescue_Car_ws/install/stereo_msgs/share/stereo_msgs/hook/cmake_prefix_path.sh'
[115.755s] Level 1:colcon.colcon_core.environment:checking '/root/ros_ws/src/Rescue_Car_ws/install/stereo_msgs/lib'
[115.755s] Level 1:colcon.colcon_core.shell:create_environment_hook('stereo_msgs', 'ld_library_path_lib')
[115.755s] INFO:colcon.colcon_core.shell:Creating environment hook '/root/ros_ws/src/Rescue_Car_ws/install/stereo_msgs/share/stereo_msgs/hook/ld_library_path_lib.ps1'
[115.756s] INFO:colcon.colcon_core.shell:Creating environment descriptor '/root/ros_ws/src/Rescue_Car_ws/install/stereo_msgs/share/stereo_msgs/hook/ld_library_path_lib.dsv'
[115.756s] INFO:colcon.colcon_core.shell:Creating environment hook '/root/ros_ws/src/Rescue_Car_ws/install/stereo_msgs/share/stereo_msgs/hook/ld_library_path_lib.sh'
[115.756s] Level 1:colcon.colcon_core.environment:checking '/root/ros_ws/src/Rescue_Car_ws/install/stereo_msgs/bin'
[115.756s] Level 1:colcon.colcon_core.environment:checking '/root/ros_ws/src/Rescue_Car_ws/install/stereo_msgs/lib/pkgconfig/stereo_msgs.pc'
[115.756s] Level 1:colcon.colcon_core.environment:checking '/root/ros_ws/src/Rescue_Car_ws/install/stereo_msgs/lib/python3.10/site-packages'
[115.757s] Level 1:colcon.colcon_core.environment:checking '/root/ros_ws/src/Rescue_Car_ws/install/stereo_msgs/bin'
[115.757s] INFO:colcon.colcon_core.shell:Creating package script '/root/ros_ws/src/Rescue_Car_ws/install/stereo_msgs/share/stereo_msgs/package.ps1'
[115.757s] INFO:colcon.colcon_core.shell:Creating package descriptor '/root/ros_ws/src/Rescue_Car_ws/install/stereo_msgs/share/stereo_msgs/package.dsv'
[115.757s] INFO:colcon.colcon_core.shell:Creating package script '/root/ros_ws/src/Rescue_Car_ws/install/stereo_msgs/share/stereo_msgs/package.sh'
[115.758s] INFO:colcon.colcon_core.shell:Creating package script '/root/ros_ws/src/Rescue_Car_ws/install/stereo_msgs/share/stereo_msgs/package.bash'
[115.758s] INFO:colcon.colcon_core.shell:Creating package script '/root/ros_ws/src/Rescue_Car_ws/install/stereo_msgs/share/stereo_msgs/package.zsh'
[115.758s] Level 1:colcon.colcon_core.environment:create_file_with_runtime_dependencies(/root/ros_ws/src/Rescue_Car_ws/install/stereo_msgs/share/colcon-core/packages/stereo_msgs)
[122.735s] DEBUG:colcon.colcon_core.event_handler.log_command:Invoked command in '/root/ros_ws/src/Rescue_Car_ws/build/visualization_msgs' returned '0': AMENT_PREFIX_PATH=/root/ros_ws/src/Rescue_Car_ws/install/sensor_msgs:/root/ros_ws/src/Rescue_Car_ws/install/geometry_msgs:/root/ros_ws/src/Rescue_Car_ws/install/std_msgs:/root/ros_ws/src/Rescue_Car_ws/install/builtin_interfaces:${AMENT_PREFIX_PATH} CMAKE_PREFIX_PATH=/root/ros_ws/src/Rescue_Car_ws/install/sensor_msgs:/root/ros_ws/src/Rescue_Car_ws/install/geometry_msgs:/root/ros_ws/src/Rescue_Car_ws/install/std_msgs:/root/ros_ws/src/Rescue_Car_ws/install/builtin_interfaces:/opt/ros/humble LD_LIBRARY_PATH=/root/ros_ws/src/Rescue_Car_ws/install/sensor_msgs/lib:/root/ros_ws/src/Rescue_Car_ws/install/geometry_msgs/lib:/root/ros_ws/src/Rescue_Car_ws/install/std_msgs/lib:/root/ros_ws/src/Rescue_Car_ws/install/builtin_interfaces/lib:${LD_LIBRARY_PATH} PYTHONPATH=/root/ros_ws/src/Rescue_Car_ws/install/sensor_msgs/local/lib/python3.10/dist-packages:/root/ros_ws/src/Rescue_Car_ws/install/geometry_msgs/local/lib/python3.10/dist-packages:/root/ros_ws/src/Rescue_Car_ws/install/std_msgs/local/lib/python3.10/dist-packages:/root/ros_ws/src/Rescue_Car_ws/install/builtin_interfaces/local/lib/python3.10/dist-packages:${PYTHONPATH} /usr/bin/cmake --build /root/ros_ws/src/Rescue_Car_ws/build/visualization_msgs -- -j20 -l20
[122.737s] DEBUG:colcon.colcon_core.event_handler.log_command:Invoking command in '/root/ros_ws/src/Rescue_Car_ws/build/visualization_msgs': AMENT_PREFIX_PATH=/root/ros_ws/src/Rescue_Car_ws/install/sensor_msgs:/root/ros_ws/src/Rescue_Car_ws/install/geometry_msgs:/root/ros_ws/src/Rescue_Car_ws/install/std_msgs:/root/ros_ws/src/Rescue_Car_ws/install/builtin_interfaces:${AMENT_PREFIX_PATH} CMAKE_PREFIX_PATH=/root/ros_ws/src/Rescue_Car_ws/install/sensor_msgs:/root/ros_ws/src/Rescue_Car_ws/install/geometry_msgs:/root/ros_ws/src/Rescue_Car_ws/install/std_msgs:/root/ros_ws/src/Rescue_Car_ws/install/builtin_interfaces:/opt/ros/humble LD_LIBRARY_PATH=/root/ros_ws/src/Rescue_Car_ws/install/sensor_msgs/lib:/root/ros_ws/src/Rescue_Car_ws/install/geometry_msgs/lib:/root/ros_ws/src/Rescue_Car_ws/install/std_msgs/lib:/root/ros_ws/src/Rescue_Car_ws/install/builtin_interfaces/lib:${LD_LIBRARY_PATH} PYTHONPATH=/root/ros_ws/src/Rescue_Car_ws/install/sensor_msgs/local/lib/python3.10/dist-packages:/root/ros_ws/src/Rescue_Car_ws/install/geometry_msgs/local/lib/python3.10/dist-packages:/root/ros_ws/src/Rescue_Car_ws/install/std_msgs/local/lib/python3.10/dist-packages:/root/ros_ws/src/Rescue_Car_ws/install/builtin_interfaces/local/lib/python3.10/dist-packages:${PYTHONPATH} /usr/bin/cmake --install /root/ros_ws/src/Rescue_Car_ws/build/visualization_msgs
[122.833s] Level 1:colcon.colcon_core.environment:create_environment_scripts_only(visualization_msgs)
[122.833s] Level 1:colcon.colcon_core.environment:checking '/root/ros_ws/src/Rescue_Car_ws/install/visualization_msgs' for CMake module files
[122.834s] DEBUG:colcon.colcon_core.event_handler.log_command:Invoked command in '/root/ros_ws/src/Rescue_Car_ws/build/visualization_msgs' returned '0': AMENT_PREFIX_PATH=/root/ros_ws/src/Rescue_Car_ws/install/sensor_msgs:/root/ros_ws/src/Rescue_Car_ws/install/geometry_msgs:/root/ros_ws/src/Rescue_Car_ws/install/std_msgs:/root/ros_ws/src/Rescue_Car_ws/install/builtin_interfaces:${AMENT_PREFIX_PATH} CMAKE_PREFIX_PATH=/root/ros_ws/src/Rescue_Car_ws/install/sensor_msgs:/root/ros_ws/src/Rescue_Car_ws/install/geometry_msgs:/root/ros_ws/src/Rescue_Car_ws/install/std_msgs:/root/ros_ws/src/Rescue_Car_ws/install/builtin_interfaces:/opt/ros/humble LD_LIBRARY_PATH=/root/ros_ws/src/Rescue_Car_ws/install/sensor_msgs/lib:/root/ros_ws/src/Rescue_Car_ws/install/geometry_msgs/lib:/root/ros_ws/src/Rescue_Car_ws/install/std_msgs/lib:/root/ros_ws/src/Rescue_Car_ws/install/builtin_interfaces/lib:${LD_LIBRARY_PATH} PYTHONPATH=/root/ros_ws/src/Rescue_Car_ws/install/sensor_msgs/local/lib/python3.10/dist-packages:/root/ros_ws/src/Rescue_Car_ws/install/geometry_msgs/local/lib/python3.10/dist-packages:/root/ros_ws/src/Rescue_Car_ws/install/std_msgs/local/lib/python3.10/dist-packages:/root/ros_ws/src/Rescue_Car_ws/install/builtin_interfaces/local/lib/python3.10/dist-packages:${PYTHONPATH} /usr/bin/cmake --install /root/ros_ws/src/Rescue_Car_ws/build/visualization_msgs
[122.834s] Level 1:colcon.colcon_core.environment:checking '/root/ros_ws/src/Rescue_Car_ws/install/visualization_msgs' for CMake config files
[122.835s] Level 1:colcon.colcon_core.shell:create_environment_hook('visualization_msgs', 'cmake_prefix_path')
[122.835s] INFO:colcon.colcon_core.shell:Creating environment hook '/root/ros_ws/src/Rescue_Car_ws/install/visualization_msgs/share/visualization_msgs/hook/cmake_prefix_path.ps1'
[122.836s] INFO:colcon.colcon_core.shell:Creating environment descriptor '/root/ros_ws/src/Rescue_Car_ws/install/visualization_msgs/share/visualization_msgs/hook/cmake_prefix_path.dsv'
[122.836s] INFO:colcon.colcon_core.shell:Creating environment hook '/root/ros_ws/src/Rescue_Car_ws/install/visualization_msgs/share/visualization_msgs/hook/cmake_prefix_path.sh'
[122.836s] Level 1:colcon.colcon_core.environment:checking '/root/ros_ws/src/Rescue_Car_ws/install/visualization_msgs/lib'
[122.836s] Level 1:colcon.colcon_core.shell:create_environment_hook('visualization_msgs', 'ld_library_path_lib')
[122.836s] INFO:colcon.colcon_core.shell:Creating environment hook '/root/ros_ws/src/Rescue_Car_ws/install/visualization_msgs/share/visualization_msgs/hook/ld_library_path_lib.ps1'
[122.837s] INFO:colcon.colcon_core.shell:Creating environment descriptor '/root/ros_ws/src/Rescue_Car_ws/install/visualization_msgs/share/visualization_msgs/hook/ld_library_path_lib.dsv'
[122.837s] INFO:colcon.colcon_core.shell:Creating environment hook '/root/ros_ws/src/Rescue_Car_ws/install/visualization_msgs/share/visualization_msgs/hook/ld_library_path_lib.sh'
[122.837s] Level 1:colcon.colcon_core.environment:checking '/root/ros_ws/src/Rescue_Car_ws/install/visualization_msgs/bin'
[122.837s] Level 1:colcon.colcon_core.environment:checking '/root/ros_ws/src/Rescue_Car_ws/install/visualization_msgs/lib/pkgconfig/visualization_msgs.pc'
[122.837s] Level 1:colcon.colcon_core.environment:checking '/root/ros_ws/src/Rescue_Car_ws/install/visualization_msgs/lib/python3.10/site-packages'
[122.837s] Level 1:colcon.colcon_core.environment:checking '/root/ros_ws/src/Rescue_Car_ws/install/visualization_msgs/bin'
[122.838s] INFO:colcon.colcon_core.shell:Creating package script '/root/ros_ws/src/Rescue_Car_ws/install/visualization_msgs/share/visualization_msgs/package.ps1'
[122.838s] INFO:colcon.colcon_core.shell:Creating package descriptor '/root/ros_ws/src/Rescue_Car_ws/install/visualization_msgs/share/visualization_msgs/package.dsv'
[122.838s] INFO:colcon.colcon_core.shell:Creating package script '/root/ros_ws/src/Rescue_Car_ws/install/visualization_msgs/share/visualization_msgs/package.sh'
[122.839s] INFO:colcon.colcon_core.shell:Creating package script '/root/ros_ws/src/Rescue_Car_ws/install/visualization_msgs/share/visualization_msgs/package.bash'
[122.839s] INFO:colcon.colcon_core.shell:Creating package script '/root/ros_ws/src/Rescue_Car_ws/install/visualization_msgs/share/visualization_msgs/package.zsh'
[122.839s] Level 1:colcon.colcon_core.environment:create_file_with_runtime_dependencies(/root/ros_ws/src/Rescue_Car_ws/install/visualization_msgs/share/colcon-core/packages/visualization_msgs)
[122.840s] Level 1:colcon.colcon_core.environment:create_environment_scripts_only(visualization_msgs)
[122.840s] Level 1:colcon.colcon_core.environment:checking '/root/ros_ws/src/Rescue_Car_ws/install/visualization_msgs' for CMake module files
[122.840s] Level 1:colcon.colcon_core.environment:checking '/root/ros_ws/src/Rescue_Car_ws/install/visualization_msgs' for CMake config files
[122.841s] Level 1:colcon.colcon_core.shell:create_environment_hook('visualization_msgs', 'cmake_prefix_path')
[122.841s] INFO:colcon.colcon_core.shell:Creating environment hook '/root/ros_ws/src/Rescue_Car_ws/install/visualization_msgs/share/visualization_msgs/hook/cmake_prefix_path.ps1'
[122.841s] INFO:colcon.colcon_core.shell:Creating environment descriptor '/root/ros_ws/src/Rescue_Car_ws/install/visualization_msgs/share/visualization_msgs/hook/cmake_prefix_path.dsv'
[122.841s] INFO:colcon.colcon_core.shell:Creating environment hook '/root/ros_ws/src/Rescue_Car_ws/install/visualization_msgs/share/visualization_msgs/hook/cmake_prefix_path.sh'
[122.842s] Level 1:colcon.colcon_core.environment:checking '/root/ros_ws/src/Rescue_Car_ws/install/visualization_msgs/lib'
[122.842s] Level 1:colcon.colcon_core.shell:create_environment_hook('visualization_msgs', 'ld_library_path_lib')
[122.842s] INFO:colcon.colcon_core.shell:Creating environment hook '/root/ros_ws/src/Rescue_Car_ws/install/visualization_msgs/share/visualization_msgs/hook/ld_library_path_lib.ps1'
[122.842s] INFO:colcon.colcon_core.shell:Creating environment descriptor '/root/ros_ws/src/Rescue_Car_ws/install/visualization_msgs/share/visualization_msgs/hook/ld_library_path_lib.dsv'
[122.842s] INFO:colcon.colcon_core.shell:Creating environment hook '/root/ros_ws/src/Rescue_Car_ws/install/visualization_msgs/share/visualization_msgs/hook/ld_library_path_lib.sh'
[122.843s] Level 1:colcon.colcon_core.environment:checking '/root/ros_ws/src/Rescue_Car_ws/install/visualization_msgs/bin'
[122.843s] Level 1:colcon.colcon_core.environment:checking '/root/ros_ws/src/Rescue_Car_ws/install/visualization_msgs/lib/pkgconfig/visualization_msgs.pc'
[122.843s] Level 1:colcon.colcon_core.environment:checking '/root/ros_ws/src/Rescue_Car_ws/install/visualization_msgs/lib/python3.10/site-packages'
[122.843s] Level 1:colcon.colcon_core.environment:checking '/root/ros_ws/src/Rescue_Car_ws/install/visualization_msgs/bin'
[122.843s] INFO:colcon.colcon_core.shell:Creating package script '/root/ros_ws/src/Rescue_Car_ws/install/visualization_msgs/share/visualization_msgs/package.ps1'
[122.844s] INFO:colcon.colcon_core.shell:Creating package descriptor '/root/ros_ws/src/Rescue_Car_ws/install/visualization_msgs/share/visualization_msgs/package.dsv'
[122.844s] INFO:colcon.colcon_core.shell:Creating package script '/root/ros_ws/src/Rescue_Car_ws/install/visualization_msgs/share/visualization_msgs/package.sh'
[122.845s] INFO:colcon.colcon_core.shell:Creating package script '/root/ros_ws/src/Rescue_Car_ws/install/visualization_msgs/share/visualization_msgs/package.bash'
[122.845s] INFO:colcon.colcon_core.shell:Creating package script '/root/ros_ws/src/Rescue_Car_ws/install/visualization_msgs/share/visualization_msgs/package.zsh'
[122.845s] Level 1:colcon.colcon_core.environment:create_file_with_runtime_dependencies(/root/ros_ws/src/Rescue_Car_ws/install/visualization_msgs/share/colcon-core/packages/visualization_msgs)
[122.845s] INFO:colcon.colcon_ros.task.ament_cmake.build:Building ROS package in '/root/ros_ws/src/Rescue_Car_ws/src/microros/src/ros2/common_interfaces/common_interfaces' with build type 'ament_cmake'
[122.846s] INFO:colcon.colcon_cmake.task.cmake.build:Building CMake package in '/root/ros_ws/src/Rescue_Car_ws/src/microros/src/ros2/common_interfaces/common_interfaces'
[122.846s] INFO:colcon.colcon_core.shell:Skip shell extension 'powershell' for command environment: Not usable outside of PowerShell
[122.846s] DEBUG:colcon.colcon_core.shell:Skip shell extension 'dsv' for command environment
[121.943s] DEBUG:colcon.colcon_core.event_handler.log_command:Invoking command in '/root/ros_ws/src/Rescue_Car_ws/build/common_interfaces': AMENT_PREFIX_PATH=/root/ros_ws/src/Rescue_Car_ws/install/visualization_msgs:/root/ros_ws/src/Rescue_Car_ws/install/stereo_msgs:/root/ros_ws/src/Rescue_Car_ws/install/trajectory_msgs:/root/ros_ws/src/Rescue_Car_ws/install/shape_msgs:/root/ros_ws/src/Rescue_Car_ws/install/sensor_msgs:/root/ros_ws/src/Rescue_Car_ws/install/nav_msgs:/root/ros_ws/src/Rescue_Car_ws/install/diagnostic_msgs:/root/ros_ws/src/Rescue_Car_ws/install/geometry_msgs:/root/ros_ws/src/Rescue_Car_ws/install/actionlib_msgs:/root/ros_ws/src/Rescue_Car_ws/install/std_msgs:/root/ros_ws/src/Rescue_Car_ws/install/std_srvs:/root/ros_ws/src/Rescue_Car_ws/install/builtin_interfaces:${AMENT_PREFIX_PATH} CMAKE_PREFIX_PATH=/root/ros_ws/src/Rescue_Car_ws/install/visualization_msgs:/root/ros_ws/src/Rescue_Car_ws/install/stereo_msgs:/root/ros_ws/src/Rescue_Car_ws/install/trajectory_msgs:/root/ros_ws/src/Rescue_Car_ws/install/shape_msgs:/root/ros_ws/src/Rescue_Car_ws/install/sensor_msgs:/root/ros_ws/src/Rescue_Car_ws/install/nav_msgs:/root/ros_ws/src/Rescue_Car_ws/install/diagnostic_msgs:/root/ros_ws/src/Rescue_Car_ws/install/geometry_msgs:/root/ros_ws/src/Rescue_Car_ws/install/actionlib_msgs:/root/ros_ws/src/Rescue_Car_ws/install/std_msgs:/root/ros_ws/src/Rescue_Car_ws/install/std_srvs:/root/ros_ws/src/Rescue_Car_ws/install/builtin_interfaces:/opt/ros/humble LD_LIBRARY_PATH=/root/ros_ws/src/Rescue_Car_ws/install/visualization_msgs/lib:/root/ros_ws/src/Rescue_Car_ws/install/stereo_msgs/lib:/root/ros_ws/src/Rescue_Car_ws/install/trajectory_msgs/lib:/root/ros_ws/src/Rescue_Car_ws/install/shape_msgs/lib:/root/ros_ws/src/Rescue_Car_ws/install/sensor_msgs/lib:/root/ros_ws/src/Rescue_Car_ws/install/nav_msgs/lib:/root/ros_ws/src/Rescue_Car_ws/install/diagnostic_msgs/lib:/root/ros_ws/src/Rescue_Car_ws/install/geometry_msgs/lib:/root/ros_ws/src/Rescue_Car_ws/install/actionlib_msgs/lib:/root/ros_ws/src/Rescue_Car_ws/install/std_msgs/lib:/root/ros_ws/src/Rescue_Car_ws/install/std_srvs/lib:/root/ros_ws/src/Rescue_Car_ws/install/builtin_interfaces/lib:${LD_LIBRARY_PATH} PYTHONPATH=/root/ros_ws/src/Rescue_Car_ws/install/visualization_msgs/local/lib/python3.10/dist-packages:/root/ros_ws/src/Rescue_Car_ws/install/stereo_msgs/local/lib/python3.10/dist-packages:/root/ros_ws/src/Rescue_Car_ws/install/trajectory_msgs/local/lib/python3.10/dist-packages:/root/ros_ws/src/Rescue_Car_ws/install/shape_msgs/local/lib/python3.10/dist-packages:/root/ros_ws/src/Rescue_Car_ws/install/sensor_msgs/local/lib/python3.10/dist-packages:/root/ros_ws/src/Rescue_Car_ws/install/nav_msgs/local/lib/python3.10/dist-packages:/root/ros_ws/src/Rescue_Car_ws/install/diagnostic_msgs/local/lib/python3.10/dist-packages:/root/ros_ws/src/Rescue_Car_ws/install/geometry_msgs/local/lib/python3.10/dist-packages:/root/ros_ws/src/Rescue_Car_ws/install/actionlib_msgs/local/lib/python3.10/dist-packages:/root/ros_ws/src/Rescue_Car_ws/install/std_msgs/local/lib/python3.10/dist-packages:/root/ros_ws/src/Rescue_Car_ws/install/std_srvs/local/lib/python3.10/dist-packages:/root/ros_ws/src/Rescue_Car_ws/install/builtin_interfaces/local/lib/python3.10/dist-packages:${PYTHONPATH} /usr/bin/cmake /root/ros_ws/src/Rescue_Car_ws/src/microros/src/ros2/common_interfaces/common_interfaces -DCMAKE_INSTALL_PREFIX=/root/ros_ws/src/Rescue_Car_ws/install/common_interfaces
[122.274s] DEBUG:colcon.colcon_core.event_handler.log_command:Invoked command in '/root/ros_ws/src/Rescue_Car_ws/build/common_interfaces' returned '0': AMENT_PREFIX_PATH=/root/ros_ws/src/Rescue_Car_ws/install/visualization_msgs:/root/ros_ws/src/Rescue_Car_ws/install/stereo_msgs:/root/ros_ws/src/Rescue_Car_ws/install/trajectory_msgs:/root/ros_ws/src/Rescue_Car_ws/install/shape_msgs:/root/ros_ws/src/Rescue_Car_ws/install/sensor_msgs:/root/ros_ws/src/Rescue_Car_ws/install/nav_msgs:/root/ros_ws/src/Rescue_Car_ws/install/diagnostic_msgs:/root/ros_ws/src/Rescue_Car_ws/install/geometry_msgs:/root/ros_ws/src/Rescue_Car_ws/install/actionlib_msgs:/root/ros_ws/src/Rescue_Car_ws/install/std_msgs:/root/ros_ws/src/Rescue_Car_ws/install/std_srvs:/root/ros_ws/src/Rescue_Car_ws/install/builtin_interfaces:${AMENT_PREFIX_PATH} CMAKE_PREFIX_PATH=/root/ros_ws/src/Rescue_Car_ws/install/visualization_msgs:/root/ros_ws/src/Rescue_Car_ws/install/stereo_msgs:/root/ros_ws/src/Rescue_Car_ws/install/trajectory_msgs:/root/ros_ws/src/Rescue_Car_ws/install/shape_msgs:/root/ros_ws/src/Rescue_Car_ws/install/sensor_msgs:/root/ros_ws/src/Rescue_Car_ws/install/nav_msgs:/root/ros_ws/src/Rescue_Car_ws/install/diagnostic_msgs:/root/ros_ws/src/Rescue_Car_ws/install/geometry_msgs:/root/ros_ws/src/Rescue_Car_ws/install/actionlib_msgs:/root/ros_ws/src/Rescue_Car_ws/install/std_msgs:/root/ros_ws/src/Rescue_Car_ws/install/std_srvs:/root/ros_ws/src/Rescue_Car_ws/install/builtin_interfaces:/opt/ros/humble LD_LIBRARY_PATH=/root/ros_ws/src/Rescue_Car_ws/install/visualization_msgs/lib:/root/ros_ws/src/Rescue_Car_ws/install/stereo_msgs/lib:/root/ros_ws/src/Rescue_Car_ws/install/trajectory_msgs/lib:/root/ros_ws/src/Rescue_Car_ws/install/shape_msgs/lib:/root/ros_ws/src/Rescue_Car_ws/install/sensor_msgs/lib:/root/ros_ws/src/Rescue_Car_ws/install/nav_msgs/lib:/root/ros_ws/src/Rescue_Car_ws/install/diagnostic_msgs/lib:/root/ros_ws/src/Rescue_Car_ws/install/geometry_msgs/lib:/root/ros_ws/src/Rescue_Car_ws/install/actionlib_msgs/lib:/root/ros_ws/src/Rescue_Car_ws/install/std_msgs/lib:/root/ros_ws/src/Rescue_Car_ws/install/std_srvs/lib:/root/ros_ws/src/Rescue_Car_ws/install/builtin_interfaces/lib:${LD_LIBRARY_PATH} PYTHONPATH=/root/ros_ws/src/Rescue_Car_ws/install/visualization_msgs/local/lib/python3.10/dist-packages:/root/ros_ws/src/Rescue_Car_ws/install/stereo_msgs/local/lib/python3.10/dist-packages:/root/ros_ws/src/Rescue_Car_ws/install/trajectory_msgs/local/lib/python3.10/dist-packages:/root/ros_ws/src/Rescue_Car_ws/install/shape_msgs/local/lib/python3.10/dist-packages:/root/ros_ws/src/Rescue_Car_ws/install/sensor_msgs/local/lib/python3.10/dist-packages:/root/ros_ws/src/Rescue_Car_ws/install/nav_msgs/local/lib/python3.10/dist-packages:/root/ros_ws/src/Rescue_Car_ws/install/diagnostic_msgs/local/lib/python3.10/dist-packages:/root/ros_ws/src/Rescue_Car_ws/install/geometry_msgs/local/lib/python3.10/dist-packages:/root/ros_ws/src/Rescue_Car_ws/install/actionlib_msgs/local/lib/python3.10/dist-packages:/root/ros_ws/src/Rescue_Car_ws/install/std_msgs/local/lib/python3.10/dist-packages:/root/ros_ws/src/Rescue_Car_ws/install/std_srvs/local/lib/python3.10/dist-packages:/root/ros_ws/src/Rescue_Car_ws/install/builtin_interfaces/local/lib/python3.10/dist-packages:${PYTHONPATH} /usr/bin/cmake /root/ros_ws/src/Rescue_Car_ws/src/microros/src/ros2/common_interfaces/common_interfaces -DCMAKE_INSTALL_PREFIX=/root/ros_ws/src/Rescue_Car_ws/install/common_interfaces
[122.275s] DEBUG:colcon.colcon_core.event_handler.log_command:Invoking command in '/root/ros_ws/src/Rescue_Car_ws/build/common_interfaces': AMENT_PREFIX_PATH=/root/ros_ws/src/Rescue_Car_ws/install/visualization_msgs:/root/ros_ws/src/Rescue_Car_ws/install/stereo_msgs:/root/ros_ws/src/Rescue_Car_ws/install/trajectory_msgs:/root/ros_ws/src/Rescue_Car_ws/install/shape_msgs:/root/ros_ws/src/Rescue_Car_ws/install/sensor_msgs:/root/ros_ws/src/Rescue_Car_ws/install/nav_msgs:/root/ros_ws/src/Rescue_Car_ws/install/diagnostic_msgs:/root/ros_ws/src/Rescue_Car_ws/install/geometry_msgs:/root/ros_ws/src/Rescue_Car_ws/install/actionlib_msgs:/root/ros_ws/src/Rescue_Car_ws/install/std_msgs:/root/ros_ws/src/Rescue_Car_ws/install/std_srvs:/root/ros_ws/src/Rescue_Car_ws/install/builtin_interfaces:${AMENT_PREFIX_PATH} CMAKE_PREFIX_PATH=/root/ros_ws/src/Rescue_Car_ws/install/visualization_msgs:/root/ros_ws/src/Rescue_Car_ws/install/stereo_msgs:/root/ros_ws/src/Rescue_Car_ws/install/trajectory_msgs:/root/ros_ws/src/Rescue_Car_ws/install/shape_msgs:/root/ros_ws/src/Rescue_Car_ws/install/sensor_msgs:/root/ros_ws/src/Rescue_Car_ws/install/nav_msgs:/root/ros_ws/src/Rescue_Car_ws/install/diagnostic_msgs:/root/ros_ws/src/Rescue_Car_ws/install/geometry_msgs:/root/ros_ws/src/Rescue_Car_ws/install/actionlib_msgs:/root/ros_ws/src/Rescue_Car_ws/install/std_msgs:/root/ros_ws/src/Rescue_Car_ws/install/std_srvs:/root/ros_ws/src/Rescue_Car_ws/install/builtin_interfaces:/opt/ros/humble LD_LIBRARY_PATH=/root/ros_ws/src/Rescue_Car_ws/install/visualization_msgs/lib:/root/ros_ws/src/Rescue_Car_ws/install/stereo_msgs/lib:/root/ros_ws/src/Rescue_Car_ws/install/trajectory_msgs/lib:/root/ros_ws/src/Rescue_Car_ws/install/shape_msgs/lib:/root/ros_ws/src/Rescue_Car_ws/install/sensor_msgs/lib:/root/ros_ws/src/Rescue_Car_ws/install/nav_msgs/lib:/root/ros_ws/src/Rescue_Car_ws/install/diagnostic_msgs/lib:/root/ros_ws/src/Rescue_Car_ws/install/geometry_msgs/lib:/root/ros_ws/src/Rescue_Car_ws/install/actionlib_msgs/lib:/root/ros_ws/src/Rescue_Car_ws/install/std_msgs/lib:/root/ros_ws/src/Rescue_Car_ws/install/std_srvs/lib:/root/ros_ws/src/Rescue_Car_ws/install/builtin_interfaces/lib:${LD_LIBRARY_PATH} PYTHONPATH=/root/ros_ws/src/Rescue_Car_ws/install/visualization_msgs/local/lib/python3.10/dist-packages:/root/ros_ws/src/Rescue_Car_ws/install/stereo_msgs/local/lib/python3.10/dist-packages:/root/ros_ws/src/Rescue_Car_ws/install/trajectory_msgs/local/lib/python3.10/dist-packages:/root/ros_ws/src/Rescue_Car_ws/install/shape_msgs/local/lib/python3.10/dist-packages:/root/ros_ws/src/Rescue_Car_ws/install/sensor_msgs/local/lib/python3.10/dist-packages:/root/ros_ws/src/Rescue_Car_ws/install/nav_msgs/local/lib/python3.10/dist-packages:/root/ros_ws/src/Rescue_Car_ws/install/diagnostic_msgs/local/lib/python3.10/dist-packages:/root/ros_ws/src/Rescue_Car_ws/install/geometry_msgs/local/lib/python3.10/dist-packages:/root/ros_ws/src/Rescue_Car_ws/install/actionlib_msgs/local/lib/python3.10/dist-packages:/root/ros_ws/src/Rescue_Car_ws/install/std_msgs/local/lib/python3.10/dist-packages:/root/ros_ws/src/Rescue_Car_ws/install/std_srvs/local/lib/python3.10/dist-packages:/root/ros_ws/src/Rescue_Car_ws/install/builtin_interfaces/local/lib/python3.10/dist-packages:${PYTHONPATH} /usr/bin/cmake --build /root/ros_ws/src/Rescue_Car_ws/build/common_interfaces -- -j20 -l20
[122.315s] DEBUG:colcon.colcon_core.event_handler.log_command:Invoked command in '/root/ros_ws/src/Rescue_Car_ws/build/common_interfaces' returned '0': AMENT_PREFIX_PATH=/root/ros_ws/src/Rescue_Car_ws/install/visualization_msgs:/root/ros_ws/src/Rescue_Car_ws/install/stereo_msgs:/root/ros_ws/src/Rescue_Car_ws/install/trajectory_msgs:/root/ros_ws/src/Rescue_Car_ws/install/shape_msgs:/root/ros_ws/src/Rescue_Car_ws/install/sensor_msgs:/root/ros_ws/src/Rescue_Car_ws/install/nav_msgs:/root/ros_ws/src/Rescue_Car_ws/install/diagnostic_msgs:/root/ros_ws/src/Rescue_Car_ws/install/geometry_msgs:/root/ros_ws/src/Rescue_Car_ws/install/actionlib_msgs:/root/ros_ws/src/Rescue_Car_ws/install/std_msgs:/root/ros_ws/src/Rescue_Car_ws/install/std_srvs:/root/ros_ws/src/Rescue_Car_ws/install/builtin_interfaces:${AMENT_PREFIX_PATH} CMAKE_PREFIX_PATH=/root/ros_ws/src/Rescue_Car_ws/install/visualization_msgs:/root/ros_ws/src/Rescue_Car_ws/install/stereo_msgs:/root/ros_ws/src/Rescue_Car_ws/install/trajectory_msgs:/root/ros_ws/src/Rescue_Car_ws/install/shape_msgs:/root/ros_ws/src/Rescue_Car_ws/install/sensor_msgs:/root/ros_ws/src/Rescue_Car_ws/install/nav_msgs:/root/ros_ws/src/Rescue_Car_ws/install/diagnostic_msgs:/root/ros_ws/src/Rescue_Car_ws/install/geometry_msgs:/root/ros_ws/src/Rescue_Car_ws/install/actionlib_msgs:/root/ros_ws/src/Rescue_Car_ws/install/std_msgs:/root/ros_ws/src/Rescue_Car_ws/install/std_srvs:/root/ros_ws/src/Rescue_Car_ws/install/builtin_interfaces:/opt/ros/humble LD_LIBRARY_PATH=/root/ros_ws/src/Rescue_Car_ws/install/visualization_msgs/lib:/root/ros_ws/src/Rescue_Car_ws/install/stereo_msgs/lib:/root/ros_ws/src/Rescue_Car_ws/install/trajectory_msgs/lib:/root/ros_ws/src/Rescue_Car_ws/install/shape_msgs/lib:/root/ros_ws/src/Rescue_Car_ws/install/sensor_msgs/lib:/root/ros_ws/src/Rescue_Car_ws/install/nav_msgs/lib:/root/ros_ws/src/Rescue_Car_ws/install/diagnostic_msgs/lib:/root/ros_ws/src/Rescue_Car_ws/install/geometry_msgs/lib:/root/ros_ws/src/Rescue_Car_ws/install/actionlib_msgs/lib:/root/ros_ws/src/Rescue_Car_ws/install/std_msgs/lib:/root/ros_ws/src/Rescue_Car_ws/install/std_srvs/lib:/root/ros_ws/src/Rescue_Car_ws/install/builtin_interfaces/lib:${LD_LIBRARY_PATH} PYTHONPATH=/root/ros_ws/src/Rescue_Car_ws/install/visualization_msgs/local/lib/python3.10/dist-packages:/root/ros_ws/src/Rescue_Car_ws/install/stereo_msgs/local/lib/python3.10/dist-packages:/root/ros_ws/src/Rescue_Car_ws/install/trajectory_msgs/local/lib/python3.10/dist-packages:/root/ros_ws/src/Rescue_Car_ws/install/shape_msgs/local/lib/python3.10/dist-packages:/root/ros_ws/src/Rescue_Car_ws/install/sensor_msgs/local/lib/python3.10/dist-packages:/root/ros_ws/src/Rescue_Car_ws/install/nav_msgs/local/lib/python3.10/dist-packages:/root/ros_ws/src/Rescue_Car_ws/install/diagnostic_msgs/local/lib/python3.10/dist-packages:/root/ros_ws/src/Rescue_Car_ws/install/geometry_msgs/local/lib/python3.10/dist-packages:/root/ros_ws/src/Rescue_Car_ws/install/actionlib_msgs/local/lib/python3.10/dist-packages:/root/ros_ws/src/Rescue_Car_ws/install/std_msgs/local/lib/python3.10/dist-packages:/root/ros_ws/src/Rescue_Car_ws/install/std_srvs/local/lib/python3.10/dist-packages:/root/ros_ws/src/Rescue_Car_ws/install/builtin_interfaces/local/lib/python3.10/dist-packages:${PYTHONPATH} /usr/bin/cmake --build /root/ros_ws/src/Rescue_Car_ws/build/common_interfaces -- -j20 -l20
[122.316s] DEBUG:colcon.colcon_core.event_handler.log_command:Invoking command in '/root/ros_ws/src/Rescue_Car_ws/build/common_interfaces': AMENT_PREFIX_PATH=/root/ros_ws/src/Rescue_Car_ws/install/visualization_msgs:/root/ros_ws/src/Rescue_Car_ws/install/stereo_msgs:/root/ros_ws/src/Rescue_Car_ws/install/trajectory_msgs:/root/ros_ws/src/Rescue_Car_ws/install/shape_msgs:/root/ros_ws/src/Rescue_Car_ws/install/sensor_msgs:/root/ros_ws/src/Rescue_Car_ws/install/nav_msgs:/root/ros_ws/src/Rescue_Car_ws/install/diagnostic_msgs:/root/ros_ws/src/Rescue_Car_ws/install/geometry_msgs:/root/ros_ws/src/Rescue_Car_ws/install/actionlib_msgs:/root/ros_ws/src/Rescue_Car_ws/install/std_msgs:/root/ros_ws/src/Rescue_Car_ws/install/std_srvs:/root/ros_ws/src/Rescue_Car_ws/install/builtin_interfaces:${AMENT_PREFIX_PATH} CMAKE_PREFIX_PATH=/root/ros_ws/src/Rescue_Car_ws/install/visualization_msgs:/root/ros_ws/src/Rescue_Car_ws/install/stereo_msgs:/root/ros_ws/src/Rescue_Car_ws/install/trajectory_msgs:/root/ros_ws/src/Rescue_Car_ws/install/shape_msgs:/root/ros_ws/src/Rescue_Car_ws/install/sensor_msgs:/root/ros_ws/src/Rescue_Car_ws/install/nav_msgs:/root/ros_ws/src/Rescue_Car_ws/install/diagnostic_msgs:/root/ros_ws/src/Rescue_Car_ws/install/geometry_msgs:/root/ros_ws/src/Rescue_Car_ws/install/actionlib_msgs:/root/ros_ws/src/Rescue_Car_ws/install/std_msgs:/root/ros_ws/src/Rescue_Car_ws/install/std_srvs:/root/ros_ws/src/Rescue_Car_ws/install/builtin_interfaces:/opt/ros/humble LD_LIBRARY_PATH=/root/ros_ws/src/Rescue_Car_ws/install/visualization_msgs/lib:/root/ros_ws/src/Rescue_Car_ws/install/stereo_msgs/lib:/root/ros_ws/src/Rescue_Car_ws/install/trajectory_msgs/lib:/root/ros_ws/src/Rescue_Car_ws/install/shape_msgs/lib:/root/ros_ws/src/Rescue_Car_ws/install/sensor_msgs/lib:/root/ros_ws/src/Rescue_Car_ws/install/nav_msgs/lib:/root/ros_ws/src/Rescue_Car_ws/install/diagnostic_msgs/lib:/root/ros_ws/src/Rescue_Car_ws/install/geometry_msgs/lib:/root/ros_ws/src/Rescue_Car_ws/install/actionlib_msgs/lib:/root/ros_ws/src/Rescue_Car_ws/install/std_msgs/lib:/root/ros_ws/src/Rescue_Car_ws/install/std_srvs/lib:/root/ros_ws/src/Rescue_Car_ws/install/builtin_interfaces/lib:${LD_LIBRARY_PATH} PYTHONPATH=/root/ros_ws/src/Rescue_Car_ws/install/visualization_msgs/local/lib/python3.10/dist-packages:/root/ros_ws/src/Rescue_Car_ws/install/stereo_msgs/local/lib/python3.10/dist-packages:/root/ros_ws/src/Rescue_Car_ws/install/trajectory_msgs/local/lib/python3.10/dist-packages:/root/ros_ws/src/Rescue_Car_ws/install/shape_msgs/local/lib/python3.10/dist-packages:/root/ros_ws/src/Rescue_Car_ws/install/sensor_msgs/local/lib/python3.10/dist-packages:/root/ros_ws/src/Rescue_Car_ws/install/nav_msgs/local/lib/python3.10/dist-packages:/root/ros_ws/src/Rescue_Car_ws/install/diagnostic_msgs/local/lib/python3.10/dist-packages:/root/ros_ws/src/Rescue_Car_ws/install/geometry_msgs/local/lib/python3.10/dist-packages:/root/ros_ws/src/Rescue_Car_ws/install/actionlib_msgs/local/lib/python3.10/dist-packages:/root/ros_ws/src/Rescue_Car_ws/install/std_msgs/local/lib/python3.10/dist-packages:/root/ros_ws/src/Rescue_Car_ws/install/std_srvs/local/lib/python3.10/dist-packages:/root/ros_ws/src/Rescue_Car_ws/install/builtin_interfaces/local/lib/python3.10/dist-packages:${PYTHONPATH} /usr/bin/cmake --install /root/ros_ws/src/Rescue_Car_ws/build/common_interfaces
[122.328s] Level 1:colcon.colcon_core.environment:create_environment_scripts_only(common_interfaces)
[122.328s] Level 1:colcon.colcon_core.environment:checking '/root/ros_ws/src/Rescue_Car_ws/install/common_interfaces' for CMake module files
[122.329s] DEBUG:colcon.colcon_core.event_handler.log_command:Invoked command in '/root/ros_ws/src/Rescue_Car_ws/build/common_interfaces' returned '0': AMENT_PREFIX_PATH=/root/ros_ws/src/Rescue_Car_ws/install/visualization_msgs:/root/ros_ws/src/Rescue_Car_ws/install/stereo_msgs:/root/ros_ws/src/Rescue_Car_ws/install/trajectory_msgs:/root/ros_ws/src/Rescue_Car_ws/install/shape_msgs:/root/ros_ws/src/Rescue_Car_ws/install/sensor_msgs:/root/ros_ws/src/Rescue_Car_ws/install/nav_msgs:/root/ros_ws/src/Rescue_Car_ws/install/diagnostic_msgs:/root/ros_ws/src/Rescue_Car_ws/install/geometry_msgs:/root/ros_ws/src/Rescue_Car_ws/install/actionlib_msgs:/root/ros_ws/src/Rescue_Car_ws/install/std_msgs:/root/ros_ws/src/Rescue_Car_ws/install/std_srvs:/root/ros_ws/src/Rescue_Car_ws/install/builtin_interfaces:${AMENT_PREFIX_PATH} CMAKE_PREFIX_PATH=/root/ros_ws/src/Rescue_Car_ws/install/visualization_msgs:/root/ros_ws/src/Rescue_Car_ws/install/stereo_msgs:/root/ros_ws/src/Rescue_Car_ws/install/trajectory_msgs:/root/ros_ws/src/Rescue_Car_ws/install/shape_msgs:/root/ros_ws/src/Rescue_Car_ws/install/sensor_msgs:/root/ros_ws/src/Rescue_Car_ws/install/nav_msgs:/root/ros_ws/src/Rescue_Car_ws/install/diagnostic_msgs:/root/ros_ws/src/Rescue_Car_ws/install/geometry_msgs:/root/ros_ws/src/Rescue_Car_ws/install/actionlib_msgs:/root/ros_ws/src/Rescue_Car_ws/install/std_msgs:/root/ros_ws/src/Rescue_Car_ws/install/std_srvs:/root/ros_ws/src/Rescue_Car_ws/install/builtin_interfaces:/opt/ros/humble LD_LIBRARY_PATH=/root/ros_ws/src/Rescue_Car_ws/install/visualization_msgs/lib:/root/ros_ws/src/Rescue_Car_ws/install/stereo_msgs/lib:/root/ros_ws/src/Rescue_Car_ws/install/trajectory_msgs/lib:/root/ros_ws/src/Rescue_Car_ws/install/shape_msgs/lib:/root/ros_ws/src/Rescue_Car_ws/install/sensor_msgs/lib:/root/ros_ws/src/Rescue_Car_ws/install/nav_msgs/lib:/root/ros_ws/src/Rescue_Car_ws/install/diagnostic_msgs/lib:/root/ros_ws/src/Rescue_Car_ws/install/geometry_msgs/lib:/root/ros_ws/src/Rescue_Car_ws/install/actionlib_msgs/lib:/root/ros_ws/src/Rescue_Car_ws/install/std_msgs/lib:/root/ros_ws/src/Rescue_Car_ws/install/std_srvs/lib:/root/ros_ws/src/Rescue_Car_ws/install/builtin_interfaces/lib:${LD_LIBRARY_PATH} PYTHONPATH=/root/ros_ws/src/Rescue_Car_ws/install/visualization_msgs/local/lib/python3.10/dist-packages:/root/ros_ws/src/Rescue_Car_ws/install/stereo_msgs/local/lib/python3.10/dist-packages:/root/ros_ws/src/Rescue_Car_ws/install/trajectory_msgs/local/lib/python3.10/dist-packages:/root/ros_ws/src/Rescue_Car_ws/install/shape_msgs/local/lib/python3.10/dist-packages:/root/ros_ws/src/Rescue_Car_ws/install/sensor_msgs/local/lib/python3.10/dist-packages:/root/ros_ws/src/Rescue_Car_ws/install/nav_msgs/local/lib/python3.10/dist-packages:/root/ros_ws/src/Rescue_Car_ws/install/diagnostic_msgs/local/lib/python3.10/dist-packages:/root/ros_ws/src/Rescue_Car_ws/install/geometry_msgs/local/lib/python3.10/dist-packages:/root/ros_ws/src/Rescue_Car_ws/install/actionlib_msgs/local/lib/python3.10/dist-packages:/root/ros_ws/src/Rescue_Car_ws/install/std_msgs/local/lib/python3.10/dist-packages:/root/ros_ws/src/Rescue_Car_ws/install/std_srvs/local/lib/python3.10/dist-packages:/root/ros_ws/src/Rescue_Car_ws/install/builtin_interfaces/local/lib/python3.10/dist-packages:${PYTHONPATH} /usr/bin/cmake --install /root/ros_ws/src/Rescue_Car_ws/build/common_interfaces
[122.329s] Level 1:colcon.colcon_core.environment:checking '/root/ros_ws/src/Rescue_Car_ws/install/common_interfaces' for CMake config files
[122.329s] Level 1:colcon.colcon_core.shell:create_environment_hook('common_interfaces', 'cmake_prefix_path')
[122.329s] INFO:colcon.colcon_core.shell:Creating environment hook '/root/ros_ws/src/Rescue_Car_ws/install/common_interfaces/share/common_interfaces/hook/cmake_prefix_path.ps1'
[122.330s] INFO:colcon.colcon_core.shell:Creating environment descriptor '/root/ros_ws/src/Rescue_Car_ws/install/common_interfaces/share/common_interfaces/hook/cmake_prefix_path.dsv'
[122.330s] INFO:colcon.colcon_core.shell:Creating environment hook '/root/ros_ws/src/Rescue_Car_ws/install/common_interfaces/share/common_interfaces/hook/cmake_prefix_path.sh'
[122.330s] Level 1:colcon.colcon_core.environment:checking '/root/ros_ws/src/Rescue_Car_ws/install/common_interfaces/bin'
[122.331s] Level 1:colcon.colcon_core.environment:checking '/root/ros_ws/src/Rescue_Car_ws/install/common_interfaces/lib/pkgconfig/common_interfaces.pc'
[122.331s] Level 1:colcon.colcon_core.environment:checking '/root/ros_ws/src/Rescue_Car_ws/install/common_interfaces/lib/python3.10/site-packages'
[122.331s] Level 1:colcon.colcon_core.environment:checking '/root/ros_ws/src/Rescue_Car_ws/install/common_interfaces/bin'
[122.331s] INFO:colcon.colcon_core.shell:Creating package script '/root/ros_ws/src/Rescue_Car_ws/install/common_interfaces/share/common_interfaces/package.ps1'
[122.332s] INFO:colcon.colcon_core.shell:Creating package descriptor '/root/ros_ws/src/Rescue_Car_ws/install/common_interfaces/share/common_interfaces/package.dsv'
[122.332s] INFO:colcon.colcon_core.shell:Creating package script '/root/ros_ws/src/Rescue_Car_ws/install/common_interfaces/share/common_interfaces/package.sh'
[122.332s] INFO:colcon.colcon_core.shell:Creating package script '/root/ros_ws/src/Rescue_Car_ws/install/common_interfaces/share/common_interfaces/package.bash'
[122.332s] INFO:colcon.colcon_core.shell:Creating package script '/root/ros_ws/src/Rescue_Car_ws/install/common_interfaces/share/common_interfaces/package.zsh'
[122.333s] Level 1:colcon.colcon_core.environment:create_file_with_runtime_dependencies(/root/ros_ws/src/Rescue_Car_ws/install/common_interfaces/share/colcon-core/packages/common_interfaces)
[122.333s] Level 1:colcon.colcon_core.environment:create_environment_scripts_only(common_interfaces)
[122.333s] Level 1:colcon.colcon_core.environment:checking '/root/ros_ws/src/Rescue_Car_ws/install/common_interfaces' for CMake module files
[122.334s] Level 1:colcon.colcon_core.environment:checking '/root/ros_ws/src/Rescue_Car_ws/install/common_interfaces' for CMake config files
[122.334s] Level 1:colcon.colcon_core.shell:create_environment_hook('common_interfaces', 'cmake_prefix_path')
[122.334s] INFO:colcon.colcon_core.shell:Creating environment hook '/root/ros_ws/src/Rescue_Car_ws/install/common_interfaces/share/common_interfaces/hook/cmake_prefix_path.ps1'
[122.334s] INFO:colcon.colcon_core.shell:Creating environment descriptor '/root/ros_ws/src/Rescue_Car_ws/install/common_interfaces/share/common_interfaces/hook/cmake_prefix_path.dsv'
[122.335s] INFO:colcon.colcon_core.shell:Creating environment hook '/root/ros_ws/src/Rescue_Car_ws/install/common_interfaces/share/common_interfaces/hook/cmake_prefix_path.sh'
[122.335s] Level 1:colcon.colcon_core.environment:checking '/root/ros_ws/src/Rescue_Car_ws/install/common_interfaces/bin'
[122.335s] Level 1:colcon.colcon_core.environment:checking '/root/ros_ws/src/Rescue_Car_ws/install/common_interfaces/lib/pkgconfig/common_interfaces.pc'
[122.335s] Level 1:colcon.colcon_core.environment:checking '/root/ros_ws/src/Rescue_Car_ws/install/common_interfaces/lib/python3.10/site-packages'
[122.335s] Level 1:colcon.colcon_core.environment:checking '/root/ros_ws/src/Rescue_Car_ws/install/common_interfaces/bin'
[122.336s] INFO:colcon.colcon_core.shell:Creating package script '/root/ros_ws/src/Rescue_Car_ws/install/common_interfaces/share/common_interfaces/package.ps1'
[122.336s] INFO:colcon.colcon_core.shell:Creating package descriptor '/root/ros_ws/src/Rescue_Car_ws/install/common_interfaces/share/common_interfaces/package.dsv'
[122.336s] INFO:colcon.colcon_core.shell:Creating package script '/root/ros_ws/src/Rescue_Car_ws/install/common_interfaces/share/common_interfaces/package.sh'
[122.337s] INFO:colcon.colcon_core.shell:Creating package script '/root/ros_ws/src/Rescue_Car_ws/install/common_interfaces/share/common_interfaces/package.bash'
[122.337s] INFO:colcon.colcon_core.shell:Creating package script '/root/ros_ws/src/Rescue_Car_ws/install/common_interfaces/share/common_interfaces/package.zsh'
[122.338s] Level 1:colcon.colcon_core.environment:create_file_with_runtime_dependencies(/root/ros_ws/src/Rescue_Car_ws/install/common_interfaces/share/colcon-core/packages/common_interfaces)
[123.042s] DEBUG:colcon.colcon_core.event_handler.log_command:Invoked command in '/root/ros_ws/src/Rescue_Car_ws/build/rclc_parameter' returned '0': AMENT_PREFIX_PATH=/root/ros_ws/src/Rescue_Car_ws/install/rclc:/root/ros_ws/src/Rescue_Car_ws/install/test_msgs:/root/ros_ws/src/Rescue_Car_ws/install/example_interfaces:/root/ros_ws/src/Rescue_Car_ws/install/std_msgs:/root/ros_ws/src/Rescue_Car_ws/install/rcl_interfaces:/root/ros_ws/src/Rescue_Car_ws/install/action_msgs:/root/ros_ws/src/Rescue_Car_ws/install/unique_identifier_msgs:/root/ros_ws/src/Rescue_Car_ws/install/builtin_interfaces:${AMENT_PREFIX_PATH} CMAKE_PREFIX_PATH=/root/ros_ws/src/Rescue_Car_ws/install/rclc:/root/ros_ws/src/Rescue_Car_ws/install/test_msgs:/root/ros_ws/src/Rescue_Car_ws/install/example_interfaces:/root/ros_ws/src/Rescue_Car_ws/install/std_msgs:/root/ros_ws/src/Rescue_Car_ws/install/rcl_interfaces:/root/ros_ws/src/Rescue_Car_ws/install/action_msgs:/root/ros_ws/src/Rescue_Car_ws/install/unique_identifier_msgs:/root/ros_ws/src/Rescue_Car_ws/install/builtin_interfaces:/opt/ros/humble LD_LIBRARY_PATH=/root/ros_ws/src/Rescue_Car_ws/install/rclc/lib:/root/ros_ws/src/Rescue_Car_ws/install/test_msgs/lib:/root/ros_ws/src/Rescue_Car_ws/install/example_interfaces/lib:/root/ros_ws/src/Rescue_Car_ws/install/std_msgs/lib:/root/ros_ws/src/Rescue_Car_ws/install/rcl_interfaces/lib:/root/ros_ws/src/Rescue_Car_ws/install/action_msgs/lib:/root/ros_ws/src/Rescue_Car_ws/install/unique_identifier_msgs/lib:/root/ros_ws/src/Rescue_Car_ws/install/builtin_interfaces/lib:${LD_LIBRARY_PATH} PYTHONPATH=/root/ros_ws/src/Rescue_Car_ws/install/test_msgs/local/lib/python3.10/dist-packages:/root/ros_ws/src/Rescue_Car_ws/install/example_interfaces/local/lib/python3.10/dist-packages:/root/ros_ws/src/Rescue_Car_ws/install/std_msgs/local/lib/python3.10/dist-packages:/root/ros_ws/src/Rescue_Car_ws/install/rcl_interfaces/local/lib/python3.10/dist-packages:/root/ros_ws/src/Rescue_Car_ws/install/action_msgs/local/lib/python3.10/dist-packages:/root/ros_ws/src/Rescue_Car_ws/install/unique_identifier_msgs/local/lib/python3.10/dist-packages:/root/ros_ws/src/Rescue_Car_ws/install/builtin_interfaces/local/lib/python3.10/dist-packages:${PYTHONPATH} /usr/bin/cmake --build /root/ros_ws/src/Rescue_Car_ws/build/rclc_parameter -- -j20 -l20
[123.043s] DEBUG:colcon.colcon_core.event_handler.log_command:Invoking command in '/root/ros_ws/src/Rescue_Car_ws/build/rclc_parameter': AMENT_PREFIX_PATH=/root/ros_ws/src/Rescue_Car_ws/install/rclc:/root/ros_ws/src/Rescue_Car_ws/install/test_msgs:/root/ros_ws/src/Rescue_Car_ws/install/example_interfaces:/root/ros_ws/src/Rescue_Car_ws/install/std_msgs:/root/ros_ws/src/Rescue_Car_ws/install/rcl_interfaces:/root/ros_ws/src/Rescue_Car_ws/install/action_msgs:/root/ros_ws/src/Rescue_Car_ws/install/unique_identifier_msgs:/root/ros_ws/src/Rescue_Car_ws/install/builtin_interfaces:${AMENT_PREFIX_PATH} CMAKE_PREFIX_PATH=/root/ros_ws/src/Rescue_Car_ws/install/rclc:/root/ros_ws/src/Rescue_Car_ws/install/test_msgs:/root/ros_ws/src/Rescue_Car_ws/install/example_interfaces:/root/ros_ws/src/Rescue_Car_ws/install/std_msgs:/root/ros_ws/src/Rescue_Car_ws/install/rcl_interfaces:/root/ros_ws/src/Rescue_Car_ws/install/action_msgs:/root/ros_ws/src/Rescue_Car_ws/install/unique_identifier_msgs:/root/ros_ws/src/Rescue_Car_ws/install/builtin_interfaces:/opt/ros/humble LD_LIBRARY_PATH=/root/ros_ws/src/Rescue_Car_ws/install/rclc/lib:/root/ros_ws/src/Rescue_Car_ws/install/test_msgs/lib:/root/ros_ws/src/Rescue_Car_ws/install/example_interfaces/lib:/root/ros_ws/src/Rescue_Car_ws/install/std_msgs/lib:/root/ros_ws/src/Rescue_Car_ws/install/rcl_interfaces/lib:/root/ros_ws/src/Rescue_Car_ws/install/action_msgs/lib:/root/ros_ws/src/Rescue_Car_ws/install/unique_identifier_msgs/lib:/root/ros_ws/src/Rescue_Car_ws/install/builtin_interfaces/lib:${LD_LIBRARY_PATH} PYTHONPATH=/root/ros_ws/src/Rescue_Car_ws/install/test_msgs/local/lib/python3.10/dist-packages:/root/ros_ws/src/Rescue_Car_ws/install/example_interfaces/local/lib/python3.10/dist-packages:/root/ros_ws/src/Rescue_Car_ws/install/std_msgs/local/lib/python3.10/dist-packages:/root/ros_ws/src/Rescue_Car_ws/install/rcl_interfaces/local/lib/python3.10/dist-packages:/root/ros_ws/src/Rescue_Car_ws/install/action_msgs/local/lib/python3.10/dist-packages:/root/ros_ws/src/Rescue_Car_ws/install/unique_identifier_msgs/local/lib/python3.10/dist-packages:/root/ros_ws/src/Rescue_Car_ws/install/builtin_interfaces/local/lib/python3.10/dist-packages:${PYTHONPATH} /usr/bin/cmake --install /root/ros_ws/src/Rescue_Car_ws/build/rclc_parameter
[123.057s] Level 1:colcon.colcon_core.environment:create_environment_scripts_only(rclc_parameter)
[123.058s] Level 1:colcon.colcon_core.environment:checking '/root/ros_ws/src/Rescue_Car_ws/install/rclc_parameter' for CMake module files
[123.058s] DEBUG:colcon.colcon_core.event_handler.log_command:Invoked command in '/root/ros_ws/src/Rescue_Car_ws/build/rclc_parameter' returned '0': AMENT_PREFIX_PATH=/root/ros_ws/src/Rescue_Car_ws/install/rclc:/root/ros_ws/src/Rescue_Car_ws/install/test_msgs:/root/ros_ws/src/Rescue_Car_ws/install/example_interfaces:/root/ros_ws/src/Rescue_Car_ws/install/std_msgs:/root/ros_ws/src/Rescue_Car_ws/install/rcl_interfaces:/root/ros_ws/src/Rescue_Car_ws/install/action_msgs:/root/ros_ws/src/Rescue_Car_ws/install/unique_identifier_msgs:/root/ros_ws/src/Rescue_Car_ws/install/builtin_interfaces:${AMENT_PREFIX_PATH} CMAKE_PREFIX_PATH=/root/ros_ws/src/Rescue_Car_ws/install/rclc:/root/ros_ws/src/Rescue_Car_ws/install/test_msgs:/root/ros_ws/src/Rescue_Car_ws/install/example_interfaces:/root/ros_ws/src/Rescue_Car_ws/install/std_msgs:/root/ros_ws/src/Rescue_Car_ws/install/rcl_interfaces:/root/ros_ws/src/Rescue_Car_ws/install/action_msgs:/root/ros_ws/src/Rescue_Car_ws/install/unique_identifier_msgs:/root/ros_ws/src/Rescue_Car_ws/install/builtin_interfaces:/opt/ros/humble LD_LIBRARY_PATH=/root/ros_ws/src/Rescue_Car_ws/install/rclc/lib:/root/ros_ws/src/Rescue_Car_ws/install/test_msgs/lib:/root/ros_ws/src/Rescue_Car_ws/install/example_interfaces/lib:/root/ros_ws/src/Rescue_Car_ws/install/std_msgs/lib:/root/ros_ws/src/Rescue_Car_ws/install/rcl_interfaces/lib:/root/ros_ws/src/Rescue_Car_ws/install/action_msgs/lib:/root/ros_ws/src/Rescue_Car_ws/install/unique_identifier_msgs/lib:/root/ros_ws/src/Rescue_Car_ws/install/builtin_interfaces/lib:${LD_LIBRARY_PATH} PYTHONPATH=/root/ros_ws/src/Rescue_Car_ws/install/test_msgs/local/lib/python3.10/dist-packages:/root/ros_ws/src/Rescue_Car_ws/install/example_interfaces/local/lib/python3.10/dist-packages:/root/ros_ws/src/Rescue_Car_ws/install/std_msgs/local/lib/python3.10/dist-packages:/root/ros_ws/src/Rescue_Car_ws/install/rcl_interfaces/local/lib/python3.10/dist-packages:/root/ros_ws/src/Rescue_Car_ws/install/action_msgs/local/lib/python3.10/dist-packages:/root/ros_ws/src/Rescue_Car_ws/install/unique_identifier_msgs/local/lib/python3.10/dist-packages:/root/ros_ws/src/Rescue_Car_ws/install/builtin_interfaces/local/lib/python3.10/dist-packages:${PYTHONPATH} /usr/bin/cmake --install /root/ros_ws/src/Rescue_Car_ws/build/rclc_parameter
[123.059s] Level 1:colcon.colcon_core.environment:checking '/root/ros_ws/src/Rescue_Car_ws/install/rclc_parameter' for CMake config files
[123.059s] Level 1:colcon.colcon_core.shell:create_environment_hook('rclc_parameter', 'cmake_prefix_path')
[123.059s] INFO:colcon.colcon_core.shell:Creating environment hook '/root/ros_ws/src/Rescue_Car_ws/install/rclc_parameter/share/rclc_parameter/hook/cmake_prefix_path.ps1'
[123.059s] INFO:colcon.colcon_core.shell:Creating environment descriptor '/root/ros_ws/src/Rescue_Car_ws/install/rclc_parameter/share/rclc_parameter/hook/cmake_prefix_path.dsv'
[123.060s] INFO:colcon.colcon_core.shell:Creating environment hook '/root/ros_ws/src/Rescue_Car_ws/install/rclc_parameter/share/rclc_parameter/hook/cmake_prefix_path.sh'
[123.060s] Level 1:colcon.colcon_core.environment:checking '/root/ros_ws/src/Rescue_Car_ws/install/rclc_parameter/lib'
[123.060s] Level 1:colcon.colcon_core.environment:checking '/root/ros_ws/src/Rescue_Car_ws/install/rclc_parameter/bin'
[123.060s] Level 1:colcon.colcon_core.environment:checking '/root/ros_ws/src/Rescue_Car_ws/install/rclc_parameter/lib/pkgconfig/rclc_parameter.pc'
[123.060s] Level 1:colcon.colcon_core.environment:checking '/root/ros_ws/src/Rescue_Car_ws/install/rclc_parameter/lib/python3.10/site-packages'
[123.061s] Level 1:colcon.colcon_core.environment:checking '/root/ros_ws/src/Rescue_Car_ws/install/rclc_parameter/bin'
[123.061s] INFO:colcon.colcon_core.shell:Creating package script '/root/ros_ws/src/Rescue_Car_ws/install/rclc_parameter/share/rclc_parameter/package.ps1'
[123.061s] INFO:colcon.colcon_core.shell:Creating package descriptor '/root/ros_ws/src/Rescue_Car_ws/install/rclc_parameter/share/rclc_parameter/package.dsv'
[123.061s] INFO:colcon.colcon_core.shell:Creating package script '/root/ros_ws/src/Rescue_Car_ws/install/rclc_parameter/share/rclc_parameter/package.sh'
[123.062s] INFO:colcon.colcon_core.shell:Creating package script '/root/ros_ws/src/Rescue_Car_ws/install/rclc_parameter/share/rclc_parameter/package.bash'
[123.062s] INFO:colcon.colcon_core.shell:Creating package script '/root/ros_ws/src/Rescue_Car_ws/install/rclc_parameter/share/rclc_parameter/package.zsh'
[123.062s] Level 1:colcon.colcon_core.environment:create_file_with_runtime_dependencies(/root/ros_ws/src/Rescue_Car_ws/install/rclc_parameter/share/colcon-core/packages/rclc_parameter)
[123.063s] Level 1:colcon.colcon_core.environment:create_environment_scripts_only(rclc_parameter)
[123.063s] Level 1:colcon.colcon_core.environment:checking '/root/ros_ws/src/Rescue_Car_ws/install/rclc_parameter' for CMake module files
[123.063s] Level 1:colcon.colcon_core.environment:checking '/root/ros_ws/src/Rescue_Car_ws/install/rclc_parameter' for CMake config files
[123.063s] Level 1:colcon.colcon_core.shell:create_environment_hook('rclc_parameter', 'cmake_prefix_path')
[123.063s] INFO:colcon.colcon_core.shell:Creating environment hook '/root/ros_ws/src/Rescue_Car_ws/install/rclc_parameter/share/rclc_parameter/hook/cmake_prefix_path.ps1'
[123.064s] INFO:colcon.colcon_core.shell:Creating environment descriptor '/root/ros_ws/src/Rescue_Car_ws/install/rclc_parameter/share/rclc_parameter/hook/cmake_prefix_path.dsv'
[123.064s] INFO:colcon.colcon_core.shell:Creating environment hook '/root/ros_ws/src/Rescue_Car_ws/install/rclc_parameter/share/rclc_parameter/hook/cmake_prefix_path.sh'
[123.064s] Level 1:colcon.colcon_core.environment:checking '/root/ros_ws/src/Rescue_Car_ws/install/rclc_parameter/lib'
[123.064s] Level 1:colcon.colcon_core.environment:checking '/root/ros_ws/src/Rescue_Car_ws/install/rclc_parameter/bin'
[123.064s] Level 1:colcon.colcon_core.environment:checking '/root/ros_ws/src/Rescue_Car_ws/install/rclc_parameter/lib/pkgconfig/rclc_parameter.pc'
[123.064s] Level 1:colcon.colcon_core.environment:checking '/root/ros_ws/src/Rescue_Car_ws/install/rclc_parameter/lib/python3.10/site-packages'
[123.064s] Level 1:colcon.colcon_core.environment:checking '/root/ros_ws/src/Rescue_Car_ws/install/rclc_parameter/bin'
[123.065s] INFO:colcon.colcon_core.shell:Creating package script '/root/ros_ws/src/Rescue_Car_ws/install/rclc_parameter/share/rclc_parameter/package.ps1'
[123.065s] INFO:colcon.colcon_core.shell:Creating package descriptor '/root/ros_ws/src/Rescue_Car_ws/install/rclc_parameter/share/rclc_parameter/package.dsv'
[123.065s] INFO:colcon.colcon_core.shell:Creating package script '/root/ros_ws/src/Rescue_Car_ws/install/rclc_parameter/share/rclc_parameter/package.sh'
[123.066s] INFO:colcon.colcon_core.shell:Creating package script '/root/ros_ws/src/Rescue_Car_ws/install/rclc_parameter/share/rclc_parameter/package.bash'
[123.066s] INFO:colcon.colcon_core.shell:Creating package script '/root/ros_ws/src/Rescue_Car_ws/install/rclc_parameter/share/rclc_parameter/package.zsh'
[123.066s] Level 1:colcon.colcon_core.environment:create_file_with_runtime_dependencies(/root/ros_ws/src/Rescue_Car_ws/install/rclc_parameter/share/colcon-core/packages/rclc_parameter)
[123.066s] INFO:colcon.colcon_ros.task.ament_cmake.build:Building ROS package in '/root/ros_ws/src/Rescue_Car_ws/src/microros/src/uros/micro-ROS-demos/rclc' with build type 'ament_cmake'
[123.066s] INFO:colcon.colcon_cmake.task.cmake.build:Building CMake package in '/root/ros_ws/src/Rescue_Car_ws/src/microros/src/uros/micro-ROS-demos/rclc'
[123.067s] INFO:colcon.colcon_core.shell:Skip shell extension 'powershell' for command environment: Not usable outside of PowerShell
[123.067s] DEBUG:colcon.colcon_core.shell:Skip shell extension 'dsv' for command environment
[124.567s] DEBUG:colcon.colcon_core.event_handler.log_command:Invoking command in '/root/ros_ws/src/Rescue_Car_ws/build/micro_ros_demos_rclc': AMENT_PREFIX_PATH=/root/ros_ws/src/Rescue_Car_ws/install/visualization_msgs:/root/ros_ws/src/Rescue_Car_ws/install/rclc_parameter:/root/ros_ws/src/Rescue_Car_ws/install/sensor_msgs:/root/ros_ws/src/Rescue_Car_ws/install/rmw_microxrcedds:/root/ros_ws/src/Rescue_Car_ws/install/rclc:/root/ros_ws/src/Rescue_Car_ws/install/test_msgs:/root/ros_ws/src/Rescue_Car_ws/install/rosidl_typesupport_microxrcedds_cpp:/root/ros_ws/src/Rescue_Car_ws/install/geometry_msgs:/root/ros_ws/src/Rescue_Car_ws/install/example_interfaces:/root/ros_ws/src/Rescue_Car_ws/install/std_msgs:/root/ros_ws/src/Rescue_Car_ws/install/rosidl_typesupport_microxrcedds_c:/root/ros_ws/src/Rescue_Car_ws/install/rcl_interfaces:/root/ros_ws/src/Rescue_Car_ws/install/complex_msgs:/root/ros_ws/src/Rescue_Car_ws/install/action_msgs:/root/ros_ws/src/Rescue_Car_ws/install/unique_identifier_msgs:/root/ros_ws/src/Rescue_Car_ws/install/micro_ros_utilities:/root/ros_ws/src/Rescue_Car_ws/install/micro_ros_msgs:/root/ros_ws/src/Rescue_Car_ws/install/builtin_interfaces:${AMENT_PREFIX_PATH} CMAKE_PREFIX_PATH=/root/ros_ws/src/Rescue_Car_ws/install/visualization_msgs:/root/ros_ws/src/Rescue_Car_ws/install/rclc_parameter:/root/ros_ws/src/Rescue_Car_ws/install/sensor_msgs:/root/ros_ws/src/Rescue_Car_ws/install/rmw_microxrcedds:/root/ros_ws/src/Rescue_Car_ws/install/rclc:/root/ros_ws/src/Rescue_Car_ws/install/test_msgs:/root/ros_ws/src/Rescue_Car_ws/install/rosidl_typesupport_microxrcedds_cpp:/root/ros_ws/src/Rescue_Car_ws/install/geometry_msgs:/root/ros_ws/src/Rescue_Car_ws/install/example_interfaces:/root/ros_ws/src/Rescue_Car_ws/install/std_msgs:/root/ros_ws/src/Rescue_Car_ws/install/rosidl_typesupport_microxrcedds_c:/root/ros_ws/src/Rescue_Car_ws/install/rcl_interfaces:/root/ros_ws/src/Rescue_Car_ws/install/microxrcedds_client:/root/ros_ws/src/Rescue_Car_ws/install/complex_msgs:/root/ros_ws/src/Rescue_Car_ws/install/action_msgs:/root/ros_ws/src/Rescue_Car_ws/install/unique_identifier_msgs:/root/ros_ws/src/Rescue_Car_ws/install/microcdr:/root/ros_ws/src/Rescue_Car_ws/install/micro_ros_utilities:/root/ros_ws/src/Rescue_Car_ws/install/micro_ros_msgs:/root/ros_ws/src/Rescue_Car_ws/install/builtin_interfaces:/opt/ros/humble LD_LIBRARY_PATH=/root/ros_ws/src/Rescue_Car_ws/install/visualization_msgs/lib:/root/ros_ws/src/Rescue_Car_ws/install/rclc_parameter/lib:/root/ros_ws/src/Rescue_Car_ws/install/sensor_msgs/lib:/root/ros_ws/src/Rescue_Car_ws/install/rmw_microxrcedds/lib:/root/ros_ws/src/Rescue_Car_ws/install/rclc/lib:/root/ros_ws/src/Rescue_Car_ws/install/test_msgs/lib:/root/ros_ws/src/Rescue_Car_ws/install/rosidl_typesupport_microxrcedds_cpp/lib:/root/ros_ws/src/Rescue_Car_ws/install/geometry_msgs/lib:/root/ros_ws/src/Rescue_Car_ws/install/example_interfaces/lib:/root/ros_ws/src/Rescue_Car_ws/install/std_msgs/lib:/root/ros_ws/src/Rescue_Car_ws/install/rosidl_typesupport_microxrcedds_c/lib:/root/ros_ws/src/Rescue_Car_ws/install/rcl_interfaces/lib:/root/ros_ws/src/Rescue_Car_ws/install/complex_msgs/lib:/root/ros_ws/src/Rescue_Car_ws/install/action_msgs/lib:/root/ros_ws/src/Rescue_Car_ws/install/unique_identifier_msgs/lib:/root/ros_ws/src/Rescue_Car_ws/install/micro_ros_utilities/lib:/root/ros_ws/src/Rescue_Car_ws/install/micro_ros_msgs/lib:/root/ros_ws/src/Rescue_Car_ws/install/builtin_interfaces/lib:${LD_LIBRARY_PATH} PYTHONPATH=/root/ros_ws/src/Rescue_Car_ws/install/visualization_msgs/local/lib/python3.10/dist-packages:/root/ros_ws/src/Rescue_Car_ws/install/sensor_msgs/local/lib/python3.10/dist-packages:/root/ros_ws/src/Rescue_Car_ws/install/test_msgs/local/lib/python3.10/dist-packages:/root/ros_ws/src/Rescue_Car_ws/install/rosidl_typesupport_microxrcedds_cpp/local/lib/python3.10/dist-packages:/root/ros_ws/src/Rescue_Car_ws/install/geometry_msgs/local/lib/python3.10/dist-packages:/root/ros_ws/src/Rescue_Car_ws/install/example_interfaces/local/lib/python3.10/dist-packages:/root/ros_ws/src/Rescue_Car_ws/install/std_msgs/local/lib/python3.10/dist-packages:/root/ros_ws/src/Rescue_Car_ws/install/rosidl_typesupport_microxrcedds_c/local/lib/python3.10/dist-packages:/root/ros_ws/src/Rescue_Car_ws/install/rcl_interfaces/local/lib/python3.10/dist-packages:/root/ros_ws/src/Rescue_Car_ws/install/complex_msgs/local/lib/python3.10/dist-packages:/root/ros_ws/src/Rescue_Car_ws/install/action_msgs/local/lib/python3.10/dist-packages:/root/ros_ws/src/Rescue_Car_ws/install/unique_identifier_msgs/local/lib/python3.10/dist-packages:/root/ros_ws/src/Rescue_Car_ws/install/micro_ros_msgs/local/lib/python3.10/dist-packages:/root/ros_ws/src/Rescue_Car_ws/install/builtin_interfaces/local/lib/python3.10/dist-packages:${PYTHONPATH} /usr/bin/cmake /root/ros_ws/src/Rescue_Car_ws/src/microros/src/uros/micro-ROS-demos/rclc -DCMAKE_INSTALL_PREFIX=/root/ros_ws/src/Rescue_Car_ws/install/micro_ros_demos_rclc
[126.521s] DEBUG:colcon.colcon_core.event_handler.log_command:Invoked command in '/root/ros_ws/src/Rescue_Car_ws/build/micro_ros_demos_rclc' returned '0': AMENT_PREFIX_PATH=/root/ros_ws/src/Rescue_Car_ws/install/visualization_msgs:/root/ros_ws/src/Rescue_Car_ws/install/rclc_parameter:/root/ros_ws/src/Rescue_Car_ws/install/sensor_msgs:/root/ros_ws/src/Rescue_Car_ws/install/rmw_microxrcedds:/root/ros_ws/src/Rescue_Car_ws/install/rclc:/root/ros_ws/src/Rescue_Car_ws/install/test_msgs:/root/ros_ws/src/Rescue_Car_ws/install/rosidl_typesupport_microxrcedds_cpp:/root/ros_ws/src/Rescue_Car_ws/install/geometry_msgs:/root/ros_ws/src/Rescue_Car_ws/install/example_interfaces:/root/ros_ws/src/Rescue_Car_ws/install/std_msgs:/root/ros_ws/src/Rescue_Car_ws/install/rosidl_typesupport_microxrcedds_c:/root/ros_ws/src/Rescue_Car_ws/install/rcl_interfaces:/root/ros_ws/src/Rescue_Car_ws/install/complex_msgs:/root/ros_ws/src/Rescue_Car_ws/install/action_msgs:/root/ros_ws/src/Rescue_Car_ws/install/unique_identifier_msgs:/root/ros_ws/src/Rescue_Car_ws/install/micro_ros_utilities:/root/ros_ws/src/Rescue_Car_ws/install/micro_ros_msgs:/root/ros_ws/src/Rescue_Car_ws/install/builtin_interfaces:${AMENT_PREFIX_PATH} CMAKE_PREFIX_PATH=/root/ros_ws/src/Rescue_Car_ws/install/visualization_msgs:/root/ros_ws/src/Rescue_Car_ws/install/rclc_parameter:/root/ros_ws/src/Rescue_Car_ws/install/sensor_msgs:/root/ros_ws/src/Rescue_Car_ws/install/rmw_microxrcedds:/root/ros_ws/src/Rescue_Car_ws/install/rclc:/root/ros_ws/src/Rescue_Car_ws/install/test_msgs:/root/ros_ws/src/Rescue_Car_ws/install/rosidl_typesupport_microxrcedds_cpp:/root/ros_ws/src/Rescue_Car_ws/install/geometry_msgs:/root/ros_ws/src/Rescue_Car_ws/install/example_interfaces:/root/ros_ws/src/Rescue_Car_ws/install/std_msgs:/root/ros_ws/src/Rescue_Car_ws/install/rosidl_typesupport_microxrcedds_c:/root/ros_ws/src/Rescue_Car_ws/install/rcl_interfaces:/root/ros_ws/src/Rescue_Car_ws/install/microxrcedds_client:/root/ros_ws/src/Rescue_Car_ws/install/complex_msgs:/root/ros_ws/src/Rescue_Car_ws/install/action_msgs:/root/ros_ws/src/Rescue_Car_ws/install/unique_identifier_msgs:/root/ros_ws/src/Rescue_Car_ws/install/microcdr:/root/ros_ws/src/Rescue_Car_ws/install/micro_ros_utilities:/root/ros_ws/src/Rescue_Car_ws/install/micro_ros_msgs:/root/ros_ws/src/Rescue_Car_ws/install/builtin_interfaces:/opt/ros/humble LD_LIBRARY_PATH=/root/ros_ws/src/Rescue_Car_ws/install/visualization_msgs/lib:/root/ros_ws/src/Rescue_Car_ws/install/rclc_parameter/lib:/root/ros_ws/src/Rescue_Car_ws/install/sensor_msgs/lib:/root/ros_ws/src/Rescue_Car_ws/install/rmw_microxrcedds/lib:/root/ros_ws/src/Rescue_Car_ws/install/rclc/lib:/root/ros_ws/src/Rescue_Car_ws/install/test_msgs/lib:/root/ros_ws/src/Rescue_Car_ws/install/rosidl_typesupport_microxrcedds_cpp/lib:/root/ros_ws/src/Rescue_Car_ws/install/geometry_msgs/lib:/root/ros_ws/src/Rescue_Car_ws/install/example_interfaces/lib:/root/ros_ws/src/Rescue_Car_ws/install/std_msgs/lib:/root/ros_ws/src/Rescue_Car_ws/install/rosidl_typesupport_microxrcedds_c/lib:/root/ros_ws/src/Rescue_Car_ws/install/rcl_interfaces/lib:/root/ros_ws/src/Rescue_Car_ws/install/complex_msgs/lib:/root/ros_ws/src/Rescue_Car_ws/install/action_msgs/lib:/root/ros_ws/src/Rescue_Car_ws/install/unique_identifier_msgs/lib:/root/ros_ws/src/Rescue_Car_ws/install/micro_ros_utilities/lib:/root/ros_ws/src/Rescue_Car_ws/install/micro_ros_msgs/lib:/root/ros_ws/src/Rescue_Car_ws/install/builtin_interfaces/lib:${LD_LIBRARY_PATH} PYTHONPATH=/root/ros_ws/src/Rescue_Car_ws/install/visualization_msgs/local/lib/python3.10/dist-packages:/root/ros_ws/src/Rescue_Car_ws/install/sensor_msgs/local/lib/python3.10/dist-packages:/root/ros_ws/src/Rescue_Car_ws/install/test_msgs/local/lib/python3.10/dist-packages:/root/ros_ws/src/Rescue_Car_ws/install/rosidl_typesupport_microxrcedds_cpp/local/lib/python3.10/dist-packages:/root/ros_ws/src/Rescue_Car_ws/install/geometry_msgs/local/lib/python3.10/dist-packages:/root/ros_ws/src/Rescue_Car_ws/install/example_interfaces/local/lib/python3.10/dist-packages:/root/ros_ws/src/Rescue_Car_ws/install/std_msgs/local/lib/python3.10/dist-packages:/root/ros_ws/src/Rescue_Car_ws/install/rosidl_typesupport_microxrcedds_c/local/lib/python3.10/dist-packages:/root/ros_ws/src/Rescue_Car_ws/install/rcl_interfaces/local/lib/python3.10/dist-packages:/root/ros_ws/src/Rescue_Car_ws/install/complex_msgs/local/lib/python3.10/dist-packages:/root/ros_ws/src/Rescue_Car_ws/install/action_msgs/local/lib/python3.10/dist-packages:/root/ros_ws/src/Rescue_Car_ws/install/unique_identifier_msgs/local/lib/python3.10/dist-packages:/root/ros_ws/src/Rescue_Car_ws/install/micro_ros_msgs/local/lib/python3.10/dist-packages:/root/ros_ws/src/Rescue_Car_ws/install/builtin_interfaces/local/lib/python3.10/dist-packages:${PYTHONPATH} /usr/bin/cmake /root/ros_ws/src/Rescue_Car_ws/src/microros/src/uros/micro-ROS-demos/rclc -DCMAKE_INSTALL_PREFIX=/root/ros_ws/src/Rescue_Car_ws/install/micro_ros_demos_rclc
[126.522s] DEBUG:colcon.colcon_core.event_handler.log_command:Invoking command in '/root/ros_ws/src/Rescue_Car_ws/build/micro_ros_demos_rclc': AMENT_PREFIX_PATH=/root/ros_ws/src/Rescue_Car_ws/install/visualization_msgs:/root/ros_ws/src/Rescue_Car_ws/install/rclc_parameter:/root/ros_ws/src/Rescue_Car_ws/install/sensor_msgs:/root/ros_ws/src/Rescue_Car_ws/install/rmw_microxrcedds:/root/ros_ws/src/Rescue_Car_ws/install/rclc:/root/ros_ws/src/Rescue_Car_ws/install/test_msgs:/root/ros_ws/src/Rescue_Car_ws/install/rosidl_typesupport_microxrcedds_cpp:/root/ros_ws/src/Rescue_Car_ws/install/geometry_msgs:/root/ros_ws/src/Rescue_Car_ws/install/example_interfaces:/root/ros_ws/src/Rescue_Car_ws/install/std_msgs:/root/ros_ws/src/Rescue_Car_ws/install/rosidl_typesupport_microxrcedds_c:/root/ros_ws/src/Rescue_Car_ws/install/rcl_interfaces:/root/ros_ws/src/Rescue_Car_ws/install/complex_msgs:/root/ros_ws/src/Rescue_Car_ws/install/action_msgs:/root/ros_ws/src/Rescue_Car_ws/install/unique_identifier_msgs:/root/ros_ws/src/Rescue_Car_ws/install/micro_ros_utilities:/root/ros_ws/src/Rescue_Car_ws/install/micro_ros_msgs:/root/ros_ws/src/Rescue_Car_ws/install/builtin_interfaces:${AMENT_PREFIX_PATH} CMAKE_PREFIX_PATH=/root/ros_ws/src/Rescue_Car_ws/install/visualization_msgs:/root/ros_ws/src/Rescue_Car_ws/install/rclc_parameter:/root/ros_ws/src/Rescue_Car_ws/install/sensor_msgs:/root/ros_ws/src/Rescue_Car_ws/install/rmw_microxrcedds:/root/ros_ws/src/Rescue_Car_ws/install/rclc:/root/ros_ws/src/Rescue_Car_ws/install/test_msgs:/root/ros_ws/src/Rescue_Car_ws/install/rosidl_typesupport_microxrcedds_cpp:/root/ros_ws/src/Rescue_Car_ws/install/geometry_msgs:/root/ros_ws/src/Rescue_Car_ws/install/example_interfaces:/root/ros_ws/src/Rescue_Car_ws/install/std_msgs:/root/ros_ws/src/Rescue_Car_ws/install/rosidl_typesupport_microxrcedds_c:/root/ros_ws/src/Rescue_Car_ws/install/rcl_interfaces:/root/ros_ws/src/Rescue_Car_ws/install/microxrcedds_client:/root/ros_ws/src/Rescue_Car_ws/install/complex_msgs:/root/ros_ws/src/Rescue_Car_ws/install/action_msgs:/root/ros_ws/src/Rescue_Car_ws/install/unique_identifier_msgs:/root/ros_ws/src/Rescue_Car_ws/install/microcdr:/root/ros_ws/src/Rescue_Car_ws/install/micro_ros_utilities:/root/ros_ws/src/Rescue_Car_ws/install/micro_ros_msgs:/root/ros_ws/src/Rescue_Car_ws/install/builtin_interfaces:/opt/ros/humble LD_LIBRARY_PATH=/root/ros_ws/src/Rescue_Car_ws/install/visualization_msgs/lib:/root/ros_ws/src/Rescue_Car_ws/install/rclc_parameter/lib:/root/ros_ws/src/Rescue_Car_ws/install/sensor_msgs/lib:/root/ros_ws/src/Rescue_Car_ws/install/rmw_microxrcedds/lib:/root/ros_ws/src/Rescue_Car_ws/install/rclc/lib:/root/ros_ws/src/Rescue_Car_ws/install/test_msgs/lib:/root/ros_ws/src/Rescue_Car_ws/install/rosidl_typesupport_microxrcedds_cpp/lib:/root/ros_ws/src/Rescue_Car_ws/install/geometry_msgs/lib:/root/ros_ws/src/Rescue_Car_ws/install/example_interfaces/lib:/root/ros_ws/src/Rescue_Car_ws/install/std_msgs/lib:/root/ros_ws/src/Rescue_Car_ws/install/rosidl_typesupport_microxrcedds_c/lib:/root/ros_ws/src/Rescue_Car_ws/install/rcl_interfaces/lib:/root/ros_ws/src/Rescue_Car_ws/install/complex_msgs/lib:/root/ros_ws/src/Rescue_Car_ws/install/action_msgs/lib:/root/ros_ws/src/Rescue_Car_ws/install/unique_identifier_msgs/lib:/root/ros_ws/src/Rescue_Car_ws/install/micro_ros_utilities/lib:/root/ros_ws/src/Rescue_Car_ws/install/micro_ros_msgs/lib:/root/ros_ws/src/Rescue_Car_ws/install/builtin_interfaces/lib:${LD_LIBRARY_PATH} PYTHONPATH=/root/ros_ws/src/Rescue_Car_ws/install/visualization_msgs/local/lib/python3.10/dist-packages:/root/ros_ws/src/Rescue_Car_ws/install/sensor_msgs/local/lib/python3.10/dist-packages:/root/ros_ws/src/Rescue_Car_ws/install/test_msgs/local/lib/python3.10/dist-packages:/root/ros_ws/src/Rescue_Car_ws/install/rosidl_typesupport_microxrcedds_cpp/local/lib/python3.10/dist-packages:/root/ros_ws/src/Rescue_Car_ws/install/geometry_msgs/local/lib/python3.10/dist-packages:/root/ros_ws/src/Rescue_Car_ws/install/example_interfaces/local/lib/python3.10/dist-packages:/root/ros_ws/src/Rescue_Car_ws/install/std_msgs/local/lib/python3.10/dist-packages:/root/ros_ws/src/Rescue_Car_ws/install/rosidl_typesupport_microxrcedds_c/local/lib/python3.10/dist-packages:/root/ros_ws/src/Rescue_Car_ws/install/rcl_interfaces/local/lib/python3.10/dist-packages:/root/ros_ws/src/Rescue_Car_ws/install/complex_msgs/local/lib/python3.10/dist-packages:/root/ros_ws/src/Rescue_Car_ws/install/action_msgs/local/lib/python3.10/dist-packages:/root/ros_ws/src/Rescue_Car_ws/install/unique_identifier_msgs/local/lib/python3.10/dist-packages:/root/ros_ws/src/Rescue_Car_ws/install/micro_ros_msgs/local/lib/python3.10/dist-packages:/root/ros_ws/src/Rescue_Car_ws/install/builtin_interfaces/local/lib/python3.10/dist-packages:${PYTHONPATH} /usr/bin/cmake --build /root/ros_ws/src/Rescue_Car_ws/build/micro_ros_demos_rclc -- -j20 -l20
[143.165s] DEBUG:colcon.colcon_core.event_handler.log_command:Invoked command in '/root/ros_ws/src/Rescue_Car_ws/build/micro_ros_demos_rclc' returned '0': AMENT_PREFIX_PATH=/root/ros_ws/src/Rescue_Car_ws/install/visualization_msgs:/root/ros_ws/src/Rescue_Car_ws/install/rclc_parameter:/root/ros_ws/src/Rescue_Car_ws/install/sensor_msgs:/root/ros_ws/src/Rescue_Car_ws/install/rmw_microxrcedds:/root/ros_ws/src/Rescue_Car_ws/install/rclc:/root/ros_ws/src/Rescue_Car_ws/install/test_msgs:/root/ros_ws/src/Rescue_Car_ws/install/rosidl_typesupport_microxrcedds_cpp:/root/ros_ws/src/Rescue_Car_ws/install/geometry_msgs:/root/ros_ws/src/Rescue_Car_ws/install/example_interfaces:/root/ros_ws/src/Rescue_Car_ws/install/std_msgs:/root/ros_ws/src/Rescue_Car_ws/install/rosidl_typesupport_microxrcedds_c:/root/ros_ws/src/Rescue_Car_ws/install/rcl_interfaces:/root/ros_ws/src/Rescue_Car_ws/install/complex_msgs:/root/ros_ws/src/Rescue_Car_ws/install/action_msgs:/root/ros_ws/src/Rescue_Car_ws/install/unique_identifier_msgs:/root/ros_ws/src/Rescue_Car_ws/install/micro_ros_utilities:/root/ros_ws/src/Rescue_Car_ws/install/micro_ros_msgs:/root/ros_ws/src/Rescue_Car_ws/install/builtin_interfaces:${AMENT_PREFIX_PATH} CMAKE_PREFIX_PATH=/root/ros_ws/src/Rescue_Car_ws/install/visualization_msgs:/root/ros_ws/src/Rescue_Car_ws/install/rclc_parameter:/root/ros_ws/src/Rescue_Car_ws/install/sensor_msgs:/root/ros_ws/src/Rescue_Car_ws/install/rmw_microxrcedds:/root/ros_ws/src/Rescue_Car_ws/install/rclc:/root/ros_ws/src/Rescue_Car_ws/install/test_msgs:/root/ros_ws/src/Rescue_Car_ws/install/rosidl_typesupport_microxrcedds_cpp:/root/ros_ws/src/Rescue_Car_ws/install/geometry_msgs:/root/ros_ws/src/Rescue_Car_ws/install/example_interfaces:/root/ros_ws/src/Rescue_Car_ws/install/std_msgs:/root/ros_ws/src/Rescue_Car_ws/install/rosidl_typesupport_microxrcedds_c:/root/ros_ws/src/Rescue_Car_ws/install/rcl_interfaces:/root/ros_ws/src/Rescue_Car_ws/install/microxrcedds_client:/root/ros_ws/src/Rescue_Car_ws/install/complex_msgs:/root/ros_ws/src/Rescue_Car_ws/install/action_msgs:/root/ros_ws/src/Rescue_Car_ws/install/unique_identifier_msgs:/root/ros_ws/src/Rescue_Car_ws/install/microcdr:/root/ros_ws/src/Rescue_Car_ws/install/micro_ros_utilities:/root/ros_ws/src/Rescue_Car_ws/install/micro_ros_msgs:/root/ros_ws/src/Rescue_Car_ws/install/builtin_interfaces:/opt/ros/humble LD_LIBRARY_PATH=/root/ros_ws/src/Rescue_Car_ws/install/visualization_msgs/lib:/root/ros_ws/src/Rescue_Car_ws/install/rclc_parameter/lib:/root/ros_ws/src/Rescue_Car_ws/install/sensor_msgs/lib:/root/ros_ws/src/Rescue_Car_ws/install/rmw_microxrcedds/lib:/root/ros_ws/src/Rescue_Car_ws/install/rclc/lib:/root/ros_ws/src/Rescue_Car_ws/install/test_msgs/lib:/root/ros_ws/src/Rescue_Car_ws/install/rosidl_typesupport_microxrcedds_cpp/lib:/root/ros_ws/src/Rescue_Car_ws/install/geometry_msgs/lib:/root/ros_ws/src/Rescue_Car_ws/install/example_interfaces/lib:/root/ros_ws/src/Rescue_Car_ws/install/std_msgs/lib:/root/ros_ws/src/Rescue_Car_ws/install/rosidl_typesupport_microxrcedds_c/lib:/root/ros_ws/src/Rescue_Car_ws/install/rcl_interfaces/lib:/root/ros_ws/src/Rescue_Car_ws/install/complex_msgs/lib:/root/ros_ws/src/Rescue_Car_ws/install/action_msgs/lib:/root/ros_ws/src/Rescue_Car_ws/install/unique_identifier_msgs/lib:/root/ros_ws/src/Rescue_Car_ws/install/micro_ros_utilities/lib:/root/ros_ws/src/Rescue_Car_ws/install/micro_ros_msgs/lib:/root/ros_ws/src/Rescue_Car_ws/install/builtin_interfaces/lib:${LD_LIBRARY_PATH} PYTHONPATH=/root/ros_ws/src/Rescue_Car_ws/install/visualization_msgs/local/lib/python3.10/dist-packages:/root/ros_ws/src/Rescue_Car_ws/install/sensor_msgs/local/lib/python3.10/dist-packages:/root/ros_ws/src/Rescue_Car_ws/install/test_msgs/local/lib/python3.10/dist-packages:/root/ros_ws/src/Rescue_Car_ws/install/rosidl_typesupport_microxrcedds_cpp/local/lib/python3.10/dist-packages:/root/ros_ws/src/Rescue_Car_ws/install/geometry_msgs/local/lib/python3.10/dist-packages:/root/ros_ws/src/Rescue_Car_ws/install/example_interfaces/local/lib/python3.10/dist-packages:/root/ros_ws/src/Rescue_Car_ws/install/std_msgs/local/lib/python3.10/dist-packages:/root/ros_ws/src/Rescue_Car_ws/install/rosidl_typesupport_microxrcedds_c/local/lib/python3.10/dist-packages:/root/ros_ws/src/Rescue_Car_ws/install/rcl_interfaces/local/lib/python3.10/dist-packages:/root/ros_ws/src/Rescue_Car_ws/install/complex_msgs/local/lib/python3.10/dist-packages:/root/ros_ws/src/Rescue_Car_ws/install/action_msgs/local/lib/python3.10/dist-packages:/root/ros_ws/src/Rescue_Car_ws/install/unique_identifier_msgs/local/lib/python3.10/dist-packages:/root/ros_ws/src/Rescue_Car_ws/install/micro_ros_msgs/local/lib/python3.10/dist-packages:/root/ros_ws/src/Rescue_Car_ws/install/builtin_interfaces/local/lib/python3.10/dist-packages:${PYTHONPATH} /usr/bin/cmake --build /root/ros_ws/src/Rescue_Car_ws/build/micro_ros_demos_rclc -- -j20 -l20
[143.167s] DEBUG:colcon.colcon_core.event_handler.log_command:Invoking command in '/root/ros_ws/src/Rescue_Car_ws/build/micro_ros_demos_rclc': AMENT_PREFIX_PATH=/root/ros_ws/src/Rescue_Car_ws/install/visualization_msgs:/root/ros_ws/src/Rescue_Car_ws/install/rclc_parameter:/root/ros_ws/src/Rescue_Car_ws/install/sensor_msgs:/root/ros_ws/src/Rescue_Car_ws/install/rmw_microxrcedds:/root/ros_ws/src/Rescue_Car_ws/install/rclc:/root/ros_ws/src/Rescue_Car_ws/install/test_msgs:/root/ros_ws/src/Rescue_Car_ws/install/rosidl_typesupport_microxrcedds_cpp:/root/ros_ws/src/Rescue_Car_ws/install/geometry_msgs:/root/ros_ws/src/Rescue_Car_ws/install/example_interfaces:/root/ros_ws/src/Rescue_Car_ws/install/std_msgs:/root/ros_ws/src/Rescue_Car_ws/install/rosidl_typesupport_microxrcedds_c:/root/ros_ws/src/Rescue_Car_ws/install/rcl_interfaces:/root/ros_ws/src/Rescue_Car_ws/install/complex_msgs:/root/ros_ws/src/Rescue_Car_ws/install/action_msgs:/root/ros_ws/src/Rescue_Car_ws/install/unique_identifier_msgs:/root/ros_ws/src/Rescue_Car_ws/install/micro_ros_utilities:/root/ros_ws/src/Rescue_Car_ws/install/micro_ros_msgs:/root/ros_ws/src/Rescue_Car_ws/install/builtin_interfaces:${AMENT_PREFIX_PATH} CMAKE_PREFIX_PATH=/root/ros_ws/src/Rescue_Car_ws/install/visualization_msgs:/root/ros_ws/src/Rescue_Car_ws/install/rclc_parameter:/root/ros_ws/src/Rescue_Car_ws/install/sensor_msgs:/root/ros_ws/src/Rescue_Car_ws/install/rmw_microxrcedds:/root/ros_ws/src/Rescue_Car_ws/install/rclc:/root/ros_ws/src/Rescue_Car_ws/install/test_msgs:/root/ros_ws/src/Rescue_Car_ws/install/rosidl_typesupport_microxrcedds_cpp:/root/ros_ws/src/Rescue_Car_ws/install/geometry_msgs:/root/ros_ws/src/Rescue_Car_ws/install/example_interfaces:/root/ros_ws/src/Rescue_Car_ws/install/std_msgs:/root/ros_ws/src/Rescue_Car_ws/install/rosidl_typesupport_microxrcedds_c:/root/ros_ws/src/Rescue_Car_ws/install/rcl_interfaces:/root/ros_ws/src/Rescue_Car_ws/install/microxrcedds_client:/root/ros_ws/src/Rescue_Car_ws/install/complex_msgs:/root/ros_ws/src/Rescue_Car_ws/install/action_msgs:/root/ros_ws/src/Rescue_Car_ws/install/unique_identifier_msgs:/root/ros_ws/src/Rescue_Car_ws/install/microcdr:/root/ros_ws/src/Rescue_Car_ws/install/micro_ros_utilities:/root/ros_ws/src/Rescue_Car_ws/install/micro_ros_msgs:/root/ros_ws/src/Rescue_Car_ws/install/builtin_interfaces:/opt/ros/humble LD_LIBRARY_PATH=/root/ros_ws/src/Rescue_Car_ws/install/visualization_msgs/lib:/root/ros_ws/src/Rescue_Car_ws/install/rclc_parameter/lib:/root/ros_ws/src/Rescue_Car_ws/install/sensor_msgs/lib:/root/ros_ws/src/Rescue_Car_ws/install/rmw_microxrcedds/lib:/root/ros_ws/src/Rescue_Car_ws/install/rclc/lib:/root/ros_ws/src/Rescue_Car_ws/install/test_msgs/lib:/root/ros_ws/src/Rescue_Car_ws/install/rosidl_typesupport_microxrcedds_cpp/lib:/root/ros_ws/src/Rescue_Car_ws/install/geometry_msgs/lib:/root/ros_ws/src/Rescue_Car_ws/install/example_interfaces/lib:/root/ros_ws/src/Rescue_Car_ws/install/std_msgs/lib:/root/ros_ws/src/Rescue_Car_ws/install/rosidl_typesupport_microxrcedds_c/lib:/root/ros_ws/src/Rescue_Car_ws/install/rcl_interfaces/lib:/root/ros_ws/src/Rescue_Car_ws/install/complex_msgs/lib:/root/ros_ws/src/Rescue_Car_ws/install/action_msgs/lib:/root/ros_ws/src/Rescue_Car_ws/install/unique_identifier_msgs/lib:/root/ros_ws/src/Rescue_Car_ws/install/micro_ros_utilities/lib:/root/ros_ws/src/Rescue_Car_ws/install/micro_ros_msgs/lib:/root/ros_ws/src/Rescue_Car_ws/install/builtin_interfaces/lib:${LD_LIBRARY_PATH} PYTHONPATH=/root/ros_ws/src/Rescue_Car_ws/install/visualization_msgs/local/lib/python3.10/dist-packages:/root/ros_ws/src/Rescue_Car_ws/install/sensor_msgs/local/lib/python3.10/dist-packages:/root/ros_ws/src/Rescue_Car_ws/install/test_msgs/local/lib/python3.10/dist-packages:/root/ros_ws/src/Rescue_Car_ws/install/rosidl_typesupport_microxrcedds_cpp/local/lib/python3.10/dist-packages:/root/ros_ws/src/Rescue_Car_ws/install/geometry_msgs/local/lib/python3.10/dist-packages:/root/ros_ws/src/Rescue_Car_ws/install/example_interfaces/local/lib/python3.10/dist-packages:/root/ros_ws/src/Rescue_Car_ws/install/std_msgs/local/lib/python3.10/dist-packages:/root/ros_ws/src/Rescue_Car_ws/install/rosidl_typesupport_microxrcedds_c/local/lib/python3.10/dist-packages:/root/ros_ws/src/Rescue_Car_ws/install/rcl_interfaces/local/lib/python3.10/dist-packages:/root/ros_ws/src/Rescue_Car_ws/install/complex_msgs/local/lib/python3.10/dist-packages:/root/ros_ws/src/Rescue_Car_ws/install/action_msgs/local/lib/python3.10/dist-packages:/root/ros_ws/src/Rescue_Car_ws/install/unique_identifier_msgs/local/lib/python3.10/dist-packages:/root/ros_ws/src/Rescue_Car_ws/install/micro_ros_msgs/local/lib/python3.10/dist-packages:/root/ros_ws/src/Rescue_Car_ws/install/builtin_interfaces/local/lib/python3.10/dist-packages:${PYTHONPATH} /usr/bin/cmake --install /root/ros_ws/src/Rescue_Car_ws/build/micro_ros_demos_rclc
[143.185s] Level 1:colcon.colcon_core.environment:create_environment_scripts_only(micro_ros_demos_rclc)
[143.185s] Level 1:colcon.colcon_core.environment:checking '/root/ros_ws/src/Rescue_Car_ws/install/micro_ros_demos_rclc' for CMake module files
[143.185s] DEBUG:colcon.colcon_core.event_handler.log_command:Invoked command in '/root/ros_ws/src/Rescue_Car_ws/build/micro_ros_demos_rclc' returned '0': AMENT_PREFIX_PATH=/root/ros_ws/src/Rescue_Car_ws/install/visualization_msgs:/root/ros_ws/src/Rescue_Car_ws/install/rclc_parameter:/root/ros_ws/src/Rescue_Car_ws/install/sensor_msgs:/root/ros_ws/src/Rescue_Car_ws/install/rmw_microxrcedds:/root/ros_ws/src/Rescue_Car_ws/install/rclc:/root/ros_ws/src/Rescue_Car_ws/install/test_msgs:/root/ros_ws/src/Rescue_Car_ws/install/rosidl_typesupport_microxrcedds_cpp:/root/ros_ws/src/Rescue_Car_ws/install/geometry_msgs:/root/ros_ws/src/Rescue_Car_ws/install/example_interfaces:/root/ros_ws/src/Rescue_Car_ws/install/std_msgs:/root/ros_ws/src/Rescue_Car_ws/install/rosidl_typesupport_microxrcedds_c:/root/ros_ws/src/Rescue_Car_ws/install/rcl_interfaces:/root/ros_ws/src/Rescue_Car_ws/install/complex_msgs:/root/ros_ws/src/Rescue_Car_ws/install/action_msgs:/root/ros_ws/src/Rescue_Car_ws/install/unique_identifier_msgs:/root/ros_ws/src/Rescue_Car_ws/install/micro_ros_utilities:/root/ros_ws/src/Rescue_Car_ws/install/micro_ros_msgs:/root/ros_ws/src/Rescue_Car_ws/install/builtin_interfaces:${AMENT_PREFIX_PATH} CMAKE_PREFIX_PATH=/root/ros_ws/src/Rescue_Car_ws/install/visualization_msgs:/root/ros_ws/src/Rescue_Car_ws/install/rclc_parameter:/root/ros_ws/src/Rescue_Car_ws/install/sensor_msgs:/root/ros_ws/src/Rescue_Car_ws/install/rmw_microxrcedds:/root/ros_ws/src/Rescue_Car_ws/install/rclc:/root/ros_ws/src/Rescue_Car_ws/install/test_msgs:/root/ros_ws/src/Rescue_Car_ws/install/rosidl_typesupport_microxrcedds_cpp:/root/ros_ws/src/Rescue_Car_ws/install/geometry_msgs:/root/ros_ws/src/Rescue_Car_ws/install/example_interfaces:/root/ros_ws/src/Rescue_Car_ws/install/std_msgs:/root/ros_ws/src/Rescue_Car_ws/install/rosidl_typesupport_microxrcedds_c:/root/ros_ws/src/Rescue_Car_ws/install/rcl_interfaces:/root/ros_ws/src/Rescue_Car_ws/install/microxrcedds_client:/root/ros_ws/src/Rescue_Car_ws/install/complex_msgs:/root/ros_ws/src/Rescue_Car_ws/install/action_msgs:/root/ros_ws/src/Rescue_Car_ws/install/unique_identifier_msgs:/root/ros_ws/src/Rescue_Car_ws/install/microcdr:/root/ros_ws/src/Rescue_Car_ws/install/micro_ros_utilities:/root/ros_ws/src/Rescue_Car_ws/install/micro_ros_msgs:/root/ros_ws/src/Rescue_Car_ws/install/builtin_interfaces:/opt/ros/humble LD_LIBRARY_PATH=/root/ros_ws/src/Rescue_Car_ws/install/visualization_msgs/lib:/root/ros_ws/src/Rescue_Car_ws/install/rclc_parameter/lib:/root/ros_ws/src/Rescue_Car_ws/install/sensor_msgs/lib:/root/ros_ws/src/Rescue_Car_ws/install/rmw_microxrcedds/lib:/root/ros_ws/src/Rescue_Car_ws/install/rclc/lib:/root/ros_ws/src/Rescue_Car_ws/install/test_msgs/lib:/root/ros_ws/src/Rescue_Car_ws/install/rosidl_typesupport_microxrcedds_cpp/lib:/root/ros_ws/src/Rescue_Car_ws/install/geometry_msgs/lib:/root/ros_ws/src/Rescue_Car_ws/install/example_interfaces/lib:/root/ros_ws/src/Rescue_Car_ws/install/std_msgs/lib:/root/ros_ws/src/Rescue_Car_ws/install/rosidl_typesupport_microxrcedds_c/lib:/root/ros_ws/src/Rescue_Car_ws/install/rcl_interfaces/lib:/root/ros_ws/src/Rescue_Car_ws/install/complex_msgs/lib:/root/ros_ws/src/Rescue_Car_ws/install/action_msgs/lib:/root/ros_ws/src/Rescue_Car_ws/install/unique_identifier_msgs/lib:/root/ros_ws/src/Rescue_Car_ws/install/micro_ros_utilities/lib:/root/ros_ws/src/Rescue_Car_ws/install/micro_ros_msgs/lib:/root/ros_ws/src/Rescue_Car_ws/install/builtin_interfaces/lib:${LD_LIBRARY_PATH} PYTHONPATH=/root/ros_ws/src/Rescue_Car_ws/install/visualization_msgs/local/lib/python3.10/dist-packages:/root/ros_ws/src/Rescue_Car_ws/install/sensor_msgs/local/lib/python3.10/dist-packages:/root/ros_ws/src/Rescue_Car_ws/install/test_msgs/local/lib/python3.10/dist-packages:/root/ros_ws/src/Rescue_Car_ws/install/rosidl_typesupport_microxrcedds_cpp/local/lib/python3.10/dist-packages:/root/ros_ws/src/Rescue_Car_ws/install/geometry_msgs/local/lib/python3.10/dist-packages:/root/ros_ws/src/Rescue_Car_ws/install/example_interfaces/local/lib/python3.10/dist-packages:/root/ros_ws/src/Rescue_Car_ws/install/std_msgs/local/lib/python3.10/dist-packages:/root/ros_ws/src/Rescue_Car_ws/install/rosidl_typesupport_microxrcedds_c/local/lib/python3.10/dist-packages:/root/ros_ws/src/Rescue_Car_ws/install/rcl_interfaces/local/lib/python3.10/dist-packages:/root/ros_ws/src/Rescue_Car_ws/install/complex_msgs/local/lib/python3.10/dist-packages:/root/ros_ws/src/Rescue_Car_ws/install/action_msgs/local/lib/python3.10/dist-packages:/root/ros_ws/src/Rescue_Car_ws/install/unique_identifier_msgs/local/lib/python3.10/dist-packages:/root/ros_ws/src/Rescue_Car_ws/install/micro_ros_msgs/local/lib/python3.10/dist-packages:/root/ros_ws/src/Rescue_Car_ws/install/builtin_interfaces/local/lib/python3.10/dist-packages:${PYTHONPATH} /usr/bin/cmake --install /root/ros_ws/src/Rescue_Car_ws/build/micro_ros_demos_rclc
[143.186s] Level 1:colcon.colcon_core.environment:checking '/root/ros_ws/src/Rescue_Car_ws/install/micro_ros_demos_rclc' for CMake config files
[143.186s] Level 1:colcon.colcon_core.shell:create_environment_hook('micro_ros_demos_rclc', 'cmake_prefix_path')
[143.186s] INFO:colcon.colcon_core.shell:Creating environment hook '/root/ros_ws/src/Rescue_Car_ws/install/micro_ros_demos_rclc/share/micro_ros_demos_rclc/hook/cmake_prefix_path.ps1'
[143.187s] INFO:colcon.colcon_core.shell:Creating environment descriptor '/root/ros_ws/src/Rescue_Car_ws/install/micro_ros_demos_rclc/share/micro_ros_demos_rclc/hook/cmake_prefix_path.dsv'
[143.187s] INFO:colcon.colcon_core.shell:Creating environment hook '/root/ros_ws/src/Rescue_Car_ws/install/micro_ros_demos_rclc/share/micro_ros_demos_rclc/hook/cmake_prefix_path.sh'
[143.187s] Level 1:colcon.colcon_core.environment:checking '/root/ros_ws/src/Rescue_Car_ws/install/micro_ros_demos_rclc/lib'
[143.187s] Level 1:colcon.colcon_core.environment:checking '/root/ros_ws/src/Rescue_Car_ws/install/micro_ros_demos_rclc/bin'
[143.187s] Level 1:colcon.colcon_core.environment:checking '/root/ros_ws/src/Rescue_Car_ws/install/micro_ros_demos_rclc/lib/pkgconfig/micro_ros_demos_rclc.pc'
[143.188s] Level 1:colcon.colcon_core.environment:checking '/root/ros_ws/src/Rescue_Car_ws/install/micro_ros_demos_rclc/lib/python3.10/site-packages'
[143.188s] Level 1:colcon.colcon_core.environment:checking '/root/ros_ws/src/Rescue_Car_ws/install/micro_ros_demos_rclc/bin'
[143.188s] INFO:colcon.colcon_core.shell:Creating package script '/root/ros_ws/src/Rescue_Car_ws/install/micro_ros_demos_rclc/share/micro_ros_demos_rclc/package.ps1'
[143.188s] INFO:colcon.colcon_core.shell:Creating package descriptor '/root/ros_ws/src/Rescue_Car_ws/install/micro_ros_demos_rclc/share/micro_ros_demos_rclc/package.dsv'
[143.189s] INFO:colcon.colcon_core.shell:Creating package script '/root/ros_ws/src/Rescue_Car_ws/install/micro_ros_demos_rclc/share/micro_ros_demos_rclc/package.sh'
[143.189s] INFO:colcon.colcon_core.shell:Creating package script '/root/ros_ws/src/Rescue_Car_ws/install/micro_ros_demos_rclc/share/micro_ros_demos_rclc/package.bash'
[143.189s] INFO:colcon.colcon_core.shell:Creating package script '/root/ros_ws/src/Rescue_Car_ws/install/micro_ros_demos_rclc/share/micro_ros_demos_rclc/package.zsh'
[143.189s] Level 1:colcon.colcon_core.environment:create_file_with_runtime_dependencies(/root/ros_ws/src/Rescue_Car_ws/install/micro_ros_demos_rclc/share/colcon-core/packages/micro_ros_demos_rclc)
[143.190s] Level 1:colcon.colcon_core.environment:create_environment_scripts_only(micro_ros_demos_rclc)
[143.190s] Level 1:colcon.colcon_core.environment:checking '/root/ros_ws/src/Rescue_Car_ws/install/micro_ros_demos_rclc' for CMake module files
[143.190s] Level 1:colcon.colcon_core.environment:checking '/root/ros_ws/src/Rescue_Car_ws/install/micro_ros_demos_rclc' for CMake config files
[143.191s] Level 1:colcon.colcon_core.shell:create_environment_hook('micro_ros_demos_rclc', 'cmake_prefix_path')
[143.191s] INFO:colcon.colcon_core.shell:Creating environment hook '/root/ros_ws/src/Rescue_Car_ws/install/micro_ros_demos_rclc/share/micro_ros_demos_rclc/hook/cmake_prefix_path.ps1'
[143.191s] INFO:colcon.colcon_core.shell:Creating environment descriptor '/root/ros_ws/src/Rescue_Car_ws/install/micro_ros_demos_rclc/share/micro_ros_demos_rclc/hook/cmake_prefix_path.dsv'
[143.191s] INFO:colcon.colcon_core.shell:Creating environment hook '/root/ros_ws/src/Rescue_Car_ws/install/micro_ros_demos_rclc/share/micro_ros_demos_rclc/hook/cmake_prefix_path.sh'
[143.192s] Level 1:colcon.colcon_core.environment:checking '/root/ros_ws/src/Rescue_Car_ws/install/micro_ros_demos_rclc/lib'
[143.192s] Level 1:colcon.colcon_core.environment:checking '/root/ros_ws/src/Rescue_Car_ws/install/micro_ros_demos_rclc/bin'
[143.192s] Level 1:colcon.colcon_core.environment:checking '/root/ros_ws/src/Rescue_Car_ws/install/micro_ros_demos_rclc/lib/pkgconfig/micro_ros_demos_rclc.pc'
[143.192s] Level 1:colcon.colcon_core.environment:checking '/root/ros_ws/src/Rescue_Car_ws/install/micro_ros_demos_rclc/lib/python3.10/site-packages'
[143.192s] Level 1:colcon.colcon_core.environment:checking '/root/ros_ws/src/Rescue_Car_ws/install/micro_ros_demos_rclc/bin'
[143.193s] INFO:colcon.colcon_core.shell:Creating package script '/root/ros_ws/src/Rescue_Car_ws/install/micro_ros_demos_rclc/share/micro_ros_demos_rclc/package.ps1'
[143.193s] INFO:colcon.colcon_core.shell:Creating package descriptor '/root/ros_ws/src/Rescue_Car_ws/install/micro_ros_demos_rclc/share/micro_ros_demos_rclc/package.dsv'
[143.193s] INFO:colcon.colcon_core.shell:Creating package script '/root/ros_ws/src/Rescue_Car_ws/install/micro_ros_demos_rclc/share/micro_ros_demos_rclc/package.sh'
[143.194s] INFO:colcon.colcon_core.shell:Creating package script '/root/ros_ws/src/Rescue_Car_ws/install/micro_ros_demos_rclc/share/micro_ros_demos_rclc/package.bash'
[143.194s] INFO:colcon.colcon_core.shell:Creating package script '/root/ros_ws/src/Rescue_Car_ws/install/micro_ros_demos_rclc/share/micro_ros_demos_rclc/package.zsh'
[143.194s] Level 1:colcon.colcon_core.environment:create_file_with_runtime_dependencies(/root/ros_ws/src/Rescue_Car_ws/install/micro_ros_demos_rclc/share/colcon-core/packages/micro_ros_demos_rclc)
[143.194s] DEBUG:colcon.colcon_parallel_executor.executor.parallel:closing loop
[143.195s] DEBUG:colcon.colcon_parallel_executor.executor.parallel:loop closed
[143.195s] DEBUG:colcon.colcon_parallel_executor.executor.parallel:run_until_complete finished with '0'
[143.195s] DEBUG:colcon.colcon_core.event_reactor:joining thread
[143.244s] INFO:colcon.colcon_core.plugin_system:Skipping extension 'colcon_notification.desktop_notification.notify_send': Could not find 'notify-send'
[143.244s] INFO:colcon.colcon_core.plugin_system:Skipping extension 'colcon_notification.desktop_notification.terminal_notifier': Not used on non-Darwin systems
[143.244s] INFO:colcon.colcon_core.plugin_system:Skipping extension 'colcon_notification.desktop_notification.win32': Not used on non-Windows systems
[143.244s] INFO:colcon.colcon_notification.desktop_notification:Sending desktop notification using 'notify2'
[143.245s] DEBUG:colcon.colcon_notification.desktop_notification.notify2:Failed to initialize notify2: org.freedesktop.DBus.Error.FileNotFound: Failed to connect to socket /run/user/0/bus: No such file or directory
[143.245s] DEBUG:colcon.colcon_core.event_reactor:joined thread
[143.245s] INFO:colcon.colcon_core.shell:Creating prefix script '/root/ros_ws/src/Rescue_Car_ws/install/local_setup.ps1'
[143.246s] INFO:colcon.colcon_core.shell:Creating prefix util module '/root/ros_ws/src/Rescue_Car_ws/install/_local_setup_util_ps1.py'
[143.247s] INFO:colcon.colcon_core.shell:Creating prefix chain script '/root/ros_ws/src/Rescue_Car_ws/install/setup.ps1'
[143.248s] INFO:colcon.colcon_core.shell:Creating prefix script '/root/ros_ws/src/Rescue_Car_ws/install/local_setup.sh'
[143.249s] INFO:colcon.colcon_core.shell:Creating prefix util module '/root/ros_ws/src/Rescue_Car_ws/install/_local_setup_util_sh.py'
[143.249s] INFO:colcon.colcon_core.shell:Creating prefix chain script '/root/ros_ws/src/Rescue_Car_ws/install/setup.sh'
[143.250s] INFO:colcon.colcon_core.shell:Creating prefix script '/root/ros_ws/src/Rescue_Car_ws/install/local_setup.bash'
[143.251s] INFO:colcon.colcon_core.shell:Creating prefix chain script '/root/ros_ws/src/Rescue_Car_ws/install/setup.bash'
[143.252s] INFO:colcon.colcon_core.shell:Creating prefix script '/root/ros_ws/src/Rescue_Car_ws/install/local_setup.zsh'
[143.252s] INFO:colcon.colcon_core.shell:Creating prefix chain script '/root/ros_ws/src/Rescue_Car_ws/install/setup.zsh'
