[0.144s] DEBUG:colcon:Command line arguments: ['/usr/bin/colcon', 'build']
[0.144s] DEBUG:colcon:Parsed command line arguments: Namespace(log_base=None, log_level=None, verb_name='build', build_base='build', install_base='install', merge_install=False, symlink_install=False, test_result_base=None, continue_on_error=False, executor='parallel', parallel_workers=20, event_handlers=None, ignore_user_meta=False, metas=['./colcon.meta'], base_paths=['.'], packages_ignore=None, packages_ignore_regex=None, paths=None, packages_up_to=None, packages_up_to_regex=None, packages_above=None, packages_above_and_dependencies=None, packages_above_depth=None, packages_select_by_dep=None, packages_skip_by_dep=None, packages_skip_up_to=None, packages_select_build_failed=False, packages_skip_build_finished=False, packages_select_test_failures=False, packages_skip_test_passed=False, packages_select=None, packages_skip=None, packages_select_regex=None, packages_skip_regex=None, packages_start=None, packages_end=None, allow_overriding=[], cmake_args=None, cmake_target=None, cmake_target_skip_unavailable=False, cmake_clean_cache=False, cmake_clean_first=False, cmake_force_configure=False, ament_cmake_args=None, catkin_cmake_args=None, catkin_skip_building_tests=False, verb_parser=<colcon_defaults.argument_parser.defaults.DefaultArgumentsDecorator object at 0x7c46e5988190>, verb_extension=<colcon_core.verb.build.BuildVerb object at 0x7c46e594f0a0>, main=<bound method BuildVerb.main of <colcon_core.verb.build.BuildVerb object at 0x7c46e594f0a0>>)
[0.242s] Level 1:colcon.colcon_core.package_discovery:discover_packages(colcon_meta) check parameters
[0.243s] Level 1:colcon.colcon_core.package_discovery:discover_packages(recursive) check parameters
[0.243s] Level 1:colcon.colcon_core.package_discovery:discover_packages(ignore) check parameters
[0.243s] Level 1:colcon.colcon_core.package_discovery:discover_packages(path) check parameters
[0.243s] Level 1:colcon.colcon_core.package_discovery:discover_packages(colcon_meta) discover
[0.243s] Level 1:colcon.colcon_core.package_discovery:discover_packages(recursive) discover
[0.243s] INFO:colcon.colcon_core.package_discovery:Crawling recursively for packages in '/root/ros_ws/src/Rescue_Car_ws'
[0.243s] Level 1:colcon.colcon_core.package_identification:_identify(.) by extensions ['ignore', 'ignore_ament_install']
[0.243s] Level 1:colcon.colcon_core.package_identification:_identify(.) by extension 'ignore'
[0.243s] Level 1:colcon.colcon_core.package_identification:_identify(.) by extension 'ignore_ament_install'
[0.243s] Level 1:colcon.colcon_core.package_identification:_identify(.) by extensions ['colcon_pkg']
[0.243s] Level 1:colcon.colcon_core.package_identification:_identify(.) by extension 'colcon_pkg'
[0.243s] Level 1:colcon.colcon_core.package_identification:_identify(.) by extensions ['colcon_meta']
[0.243s] Level 1:colcon.colcon_core.package_identification:_identify(.) by extension 'colcon_meta'
[0.243s] Level 1:colcon.colcon_core.package_identification:_identify(.) by extensions ['ros']
[0.243s] Level 1:colcon.colcon_core.package_identification:_identify(.) by extension 'ros'
[0.251s] Level 1:colcon.colcon_core.package_identification:_identify(.) by extensions ['cmake', 'python']
[0.251s] Level 1:colcon.colcon_core.package_identification:_identify(.) by extension 'cmake'
[0.251s] Level 1:colcon.colcon_core.package_identification:_identify(.) by extension 'python'
[0.251s] Level 1:colcon.colcon_core.package_identification:_identify(.) by extensions ['python_setup_py']
[0.251s] Level 1:colcon.colcon_core.package_identification:_identify(.) by extension 'python_setup_py'
[0.251s] Level 1:colcon.colcon_core.package_identification:_identify(build) by extensions ['ignore', 'ignore_ament_install']
[0.251s] Level 1:colcon.colcon_core.package_identification:_identify(build) by extension 'ignore'
[0.251s] Level 1:colcon.colcon_core.package_identification:_identify(build) ignored
[0.251s] Level 1:colcon.colcon_core.package_identification:_identify(install) by extensions ['ignore', 'ignore_ament_install']
[0.251s] Level 1:colcon.colcon_core.package_identification:_identify(install) by extension 'ignore'
[0.251s] Level 1:colcon.colcon_core.package_identification:_identify(install) ignored
[0.251s] Level 1:colcon.colcon_core.package_identification:_identify(log) by extensions ['ignore', 'ignore_ament_install']
[0.251s] Level 1:colcon.colcon_core.package_identification:_identify(log) by extension 'ignore'
[0.251s] Level 1:colcon.colcon_core.package_identification:_identify(log) ignored
[0.251s] Level 1:colcon.colcon_core.package_identification:_identify(src) by extensions ['ignore', 'ignore_ament_install']
[0.252s] Level 1:colcon.colcon_core.package_identification:_identify(src) by extension 'ignore'
[0.252s] Level 1:colcon.colcon_core.package_identification:_identify(src) by extension 'ignore_ament_install'
[0.252s] Level 1:colcon.colcon_core.package_identification:_identify(src) by extensions ['colcon_pkg']
[0.252s] Level 1:colcon.colcon_core.package_identification:_identify(src) by extension 'colcon_pkg'
[0.252s] Level 1:colcon.colcon_core.package_identification:_identify(src) by extensions ['colcon_meta']
[0.252s] Level 1:colcon.colcon_core.package_identification:_identify(src) by extension 'colcon_meta'
[0.252s] Level 1:colcon.colcon_core.package_identification:_identify(src) by extensions ['ros']
[0.252s] Level 1:colcon.colcon_core.package_identification:_identify(src) by extension 'ros'
[0.252s] Level 1:colcon.colcon_core.package_identification:_identify(src) by extensions ['cmake', 'python']
[0.252s] Level 1:colcon.colcon_core.package_identification:_identify(src) by extension 'cmake'
[0.252s] Level 1:colcon.colcon_core.package_identification:_identify(src) by extension 'python'
[0.252s] Level 1:colcon.colcon_core.package_identification:_identify(src) by extensions ['python_setup_py']
[0.252s] Level 1:colcon.colcon_core.package_identification:_identify(src) by extension 'python_setup_py'
[0.252s] Level 1:colcon.colcon_core.package_identification:_identify(src/car) by extensions ['ignore', 'ignore_ament_install']
[0.252s] Level 1:colcon.colcon_core.package_identification:_identify(src/car) by extension 'ignore'
[0.252s] Level 1:colcon.colcon_core.package_identification:_identify(src/car) by extension 'ignore_ament_install'
[0.252s] Level 1:colcon.colcon_core.package_identification:_identify(src/car) by extensions ['colcon_pkg']
[0.252s] Level 1:colcon.colcon_core.package_identification:_identify(src/car) by extension 'colcon_pkg'
[0.252s] Level 1:colcon.colcon_core.package_identification:_identify(src/car) by extensions ['colcon_meta']
[0.252s] Level 1:colcon.colcon_core.package_identification:_identify(src/car) by extension 'colcon_meta'
[0.252s] Level 1:colcon.colcon_core.package_identification:_identify(src/car) by extensions ['ros']
[0.252s] Level 1:colcon.colcon_core.package_identification:_identify(src/car) by extension 'ros'
[0.254s] DEBUG:colcon.colcon_core.package_identification:Package 'src/car' with type 'ros.ament_cmake' and name 'car'
[0.254s] Level 1:colcon.colcon_core.package_identification:_identify(src/microros) by extensions ['ignore', 'ignore_ament_install']
[0.254s] Level 1:colcon.colcon_core.package_identification:_identify(src/microros) by extension 'ignore'
[0.254s] Level 1:colcon.colcon_core.package_identification:_identify(src/microros) by extension 'ignore_ament_install'
[0.254s] Level 1:colcon.colcon_core.package_identification:_identify(src/microros) by extensions ['colcon_pkg']
[0.254s] Level 1:colcon.colcon_core.package_identification:_identify(src/microros) by extension 'colcon_pkg'
[0.254s] Level 1:colcon.colcon_core.package_identification:_identify(src/microros) by extensions ['colcon_meta']
[0.254s] Level 1:colcon.colcon_core.package_identification:_identify(src/microros) by extension 'colcon_meta'
[0.254s] Level 1:colcon.colcon_core.package_identification:_identify(src/microros) by extensions ['ros']
[0.254s] Level 1:colcon.colcon_core.package_identification:_identify(src/microros) by extension 'ros'
[0.254s] Level 1:colcon.colcon_core.package_identification:_identify(src/microros) by extensions ['cmake', 'python']
[0.254s] Level 1:colcon.colcon_core.package_identification:_identify(src/microros) by extension 'cmake'
[0.254s] Level 1:colcon.colcon_core.package_identification:_identify(src/microros) by extension 'python'
[0.254s] Level 1:colcon.colcon_core.package_identification:_identify(src/microros) by extensions ['python_setup_py']
[0.254s] Level 1:colcon.colcon_core.package_identification:_identify(src/microros) by extension 'python_setup_py'
[0.254s] Level 1:colcon.colcon_core.package_identification:_identify(src/microros/firmware) by extensions ['ignore', 'ignore_ament_install']
[0.254s] Level 1:colcon.colcon_core.package_identification:_identify(src/microros/firmware) by extension 'ignore'
[0.254s] Level 1:colcon.colcon_core.package_identification:_identify(src/microros/firmware) ignored
[0.254s] Level 1:colcon.colcon_core.package_identification:_identify(src/microros/src) by extensions ['ignore', 'ignore_ament_install']
[0.254s] Level 1:colcon.colcon_core.package_identification:_identify(src/microros/src) by extension 'ignore'
[0.254s] Level 1:colcon.colcon_core.package_identification:_identify(src/microros/src) by extension 'ignore_ament_install'
[0.254s] Level 1:colcon.colcon_core.package_identification:_identify(src/microros/src) by extensions ['colcon_pkg']
[0.254s] Level 1:colcon.colcon_core.package_identification:_identify(src/microros/src) by extension 'colcon_pkg'
[0.254s] Level 1:colcon.colcon_core.package_identification:_identify(src/microros/src) by extensions ['colcon_meta']
[0.254s] Level 1:colcon.colcon_core.package_identification:_identify(src/microros/src) by extension 'colcon_meta'
[0.254s] Level 1:colcon.colcon_core.package_identification:_identify(src/microros/src) by extensions ['ros']
[0.255s] Level 1:colcon.colcon_core.package_identification:_identify(src/microros/src) by extension 'ros'
[0.255s] Level 1:colcon.colcon_core.package_identification:_identify(src/microros/src) by extensions ['cmake', 'python']
[0.255s] Level 1:colcon.colcon_core.package_identification:_identify(src/microros/src) by extension 'cmake'
[0.255s] Level 1:colcon.colcon_core.package_identification:_identify(src/microros/src) by extension 'python'
[0.255s] Level 1:colcon.colcon_core.package_identification:_identify(src/microros/src) by extensions ['python_setup_py']
[0.255s] Level 1:colcon.colcon_core.package_identification:_identify(src/microros/src) by extension 'python_setup_py'
[0.255s] Level 1:colcon.colcon_core.package_identification:_identify(src/microros/src/eProsima) by extensions ['ignore', 'ignore_ament_install']
[0.255s] Level 1:colcon.colcon_core.package_identification:_identify(src/microros/src/eProsima) by extension 'ignore'
[0.255s] Level 1:colcon.colcon_core.package_identification:_identify(src/microros/src/eProsima) by extension 'ignore_ament_install'
[0.255s] Level 1:colcon.colcon_core.package_identification:_identify(src/microros/src/eProsima) by extensions ['colcon_pkg']
[0.255s] Level 1:colcon.colcon_core.package_identification:_identify(src/microros/src/eProsima) by extension 'colcon_pkg'
[0.255s] Level 1:colcon.colcon_core.package_identification:_identify(src/microros/src/eProsima) by extensions ['colcon_meta']
[0.255s] Level 1:colcon.colcon_core.package_identification:_identify(src/microros/src/eProsima) by extension 'colcon_meta'
[0.255s] Level 1:colcon.colcon_core.package_identification:_identify(src/microros/src/eProsima) by extensions ['ros']
[0.255s] Level 1:colcon.colcon_core.package_identification:_identify(src/microros/src/eProsima) by extension 'ros'
[0.255s] Level 1:colcon.colcon_core.package_identification:_identify(src/microros/src/eProsima) by extensions ['cmake', 'python']
[0.255s] Level 1:colcon.colcon_core.package_identification:_identify(src/microros/src/eProsima) by extension 'cmake'
[0.255s] Level 1:colcon.colcon_core.package_identification:_identify(src/microros/src/eProsima) by extension 'python'
[0.255s] Level 1:colcon.colcon_core.package_identification:_identify(src/microros/src/eProsima) by extensions ['python_setup_py']
[0.255s] Level 1:colcon.colcon_core.package_identification:_identify(src/microros/src/eProsima) by extension 'python_setup_py'
[0.255s] Level 1:colcon.colcon_core.package_identification:_identify(src/microros/src/eProsima/Micro-CDR) by extensions ['ignore', 'ignore_ament_install']
[0.255s] Level 1:colcon.colcon_core.package_identification:_identify(src/microros/src/eProsima/Micro-CDR) by extension 'ignore'
[0.255s] Level 1:colcon.colcon_core.package_identification:_identify(src/microros/src/eProsima/Micro-CDR) by extension 'ignore_ament_install'
[0.255s] Level 1:colcon.colcon_core.package_identification:_identify(src/microros/src/eProsima/Micro-CDR) by extensions ['colcon_pkg']
[0.255s] Level 1:colcon.colcon_core.package_identification:_identify(src/microros/src/eProsima/Micro-CDR) by extension 'colcon_pkg'
[0.256s] INFO:colcon.colcon_metadata.metadata.colcon_pkg:Setting type 'cmake' of package 'src/microros/src/eProsima/Micro-CDR' from colcon.pkg
[0.256s] INFO:colcon.colcon_metadata.metadata.colcon_pkg:Setting name 'microcdr' of package 'src/microros/src/eProsima/Micro-CDR' from colcon.pkg
[0.256s] DEBUG:colcon.colcon_core.package_identification:Package 'src/microros/src/eProsima/Micro-CDR' with type 'cmake' and name 'microcdr'
[0.256s] Level 1:colcon.colcon_core.package_identification:_identify(src/microros/src/eProsima/Micro-XRCE-DDS-Client) by extensions ['ignore', 'ignore_ament_install']
[0.256s] Level 1:colcon.colcon_core.package_identification:_identify(src/microros/src/eProsima/Micro-XRCE-DDS-Client) by extension 'ignore'
[0.256s] Level 1:colcon.colcon_core.package_identification:_identify(src/microros/src/eProsima/Micro-XRCE-DDS-Client) by extension 'ignore_ament_install'
[0.256s] Level 1:colcon.colcon_core.package_identification:_identify(src/microros/src/eProsima/Micro-XRCE-DDS-Client) by extensions ['colcon_pkg']
[0.256s] Level 1:colcon.colcon_core.package_identification:_identify(src/microros/src/eProsima/Micro-XRCE-DDS-Client) by extension 'colcon_pkg'
[0.256s] INFO:colcon.colcon_metadata.metadata.colcon_pkg:Setting type 'cmake' of package 'src/microros/src/eProsima/Micro-XRCE-DDS-Client' from colcon.pkg
[0.256s] INFO:colcon.colcon_metadata.metadata.colcon_pkg:Setting name 'microxrcedds_client' of package 'src/microros/src/eProsima/Micro-XRCE-DDS-Client' from colcon.pkg
[0.256s] DEBUG:colcon.colcon_core.package_identification:Package 'src/microros/src/eProsima/Micro-XRCE-DDS-Client' with type 'cmake' and name 'microxrcedds_client'
[0.256s] Level 1:colcon.colcon_core.package_identification:_identify(src/microros/src/micro_ros_setup) by extensions ['ignore', 'ignore_ament_install']
[0.256s] Level 1:colcon.colcon_core.package_identification:_identify(src/microros/src/micro_ros_setup) by extension 'ignore'
[0.257s] Level 1:colcon.colcon_core.package_identification:_identify(src/microros/src/micro_ros_setup) by extension 'ignore_ament_install'
[0.257s] Level 1:colcon.colcon_core.package_identification:_identify(src/microros/src/micro_ros_setup) by extensions ['colcon_pkg']
[0.257s] Level 1:colcon.colcon_core.package_identification:_identify(src/microros/src/micro_ros_setup) by extension 'colcon_pkg'
[0.257s] Level 1:colcon.colcon_core.package_identification:_identify(src/microros/src/micro_ros_setup) by extensions ['colcon_meta']
[0.257s] Level 1:colcon.colcon_core.package_identification:_identify(src/microros/src/micro_ros_setup) by extension 'colcon_meta'
[0.257s] Level 1:colcon.colcon_core.package_identification:_identify(src/microros/src/micro_ros_setup) by extensions ['ros']
[0.257s] Level 1:colcon.colcon_core.package_identification:_identify(src/microros/src/micro_ros_setup) by extension 'ros'
[0.257s] DEBUG:colcon.colcon_core.package_identification:Package 'src/microros/src/micro_ros_setup' with type 'ros.ament_cmake' and name 'micro_ros_setup'
[0.257s] Level 1:colcon.colcon_core.package_identification:_identify(src/microros/src/ros2) by extensions ['ignore', 'ignore_ament_install']
[0.257s] Level 1:colcon.colcon_core.package_identification:_identify(src/microros/src/ros2) by extension 'ignore'
[0.257s] Level 1:colcon.colcon_core.package_identification:_identify(src/microros/src/ros2) by extension 'ignore_ament_install'
[0.257s] Level 1:colcon.colcon_core.package_identification:_identify(src/microros/src/ros2) by extensions ['colcon_pkg']
[0.257s] Level 1:colcon.colcon_core.package_identification:_identify(src/microros/src/ros2) by extension 'colcon_pkg'
[0.257s] Level 1:colcon.colcon_core.package_identification:_identify(src/microros/src/ros2) by extensions ['colcon_meta']
[0.257s] Level 1:colcon.colcon_core.package_identification:_identify(src/microros/src/ros2) by extension 'colcon_meta'
[0.257s] Level 1:colcon.colcon_core.package_identification:_identify(src/microros/src/ros2) by extensions ['ros']
[0.258s] Level 1:colcon.colcon_core.package_identification:_identify(src/microros/src/ros2) by extension 'ros'
[0.258s] Level 1:colcon.colcon_core.package_identification:_identify(src/microros/src/ros2) by extensions ['cmake', 'python']
[0.258s] Level 1:colcon.colcon_core.package_identification:_identify(src/microros/src/ros2) by extension 'cmake'
[0.258s] Level 1:colcon.colcon_core.package_identification:_identify(src/microros/src/ros2) by extension 'python'
[0.258s] Level 1:colcon.colcon_core.package_identification:_identify(src/microros/src/ros2) by extensions ['python_setup_py']
[0.258s] Level 1:colcon.colcon_core.package_identification:_identify(src/microros/src/ros2) by extension 'python_setup_py'
[0.258s] Level 1:colcon.colcon_core.package_identification:_identify(src/microros/src/ros2/common_interfaces) by extensions ['ignore', 'ignore_ament_install']
[0.258s] Level 1:colcon.colcon_core.package_identification:_identify(src/microros/src/ros2/common_interfaces) by extension 'ignore'
[0.258s] Level 1:colcon.colcon_core.package_identification:_identify(src/microros/src/ros2/common_interfaces) by extension 'ignore_ament_install'
[0.258s] Level 1:colcon.colcon_core.package_identification:_identify(src/microros/src/ros2/common_interfaces) by extensions ['colcon_pkg']
[0.258s] Level 1:colcon.colcon_core.package_identification:_identify(src/microros/src/ros2/common_interfaces) by extension 'colcon_pkg'
[0.258s] Level 1:colcon.colcon_core.package_identification:_identify(src/microros/src/ros2/common_interfaces) by extensions ['colcon_meta']
[0.258s] Level 1:colcon.colcon_core.package_identification:_identify(src/microros/src/ros2/common_interfaces) by extension 'colcon_meta'
[0.258s] Level 1:colcon.colcon_core.package_identification:_identify(src/microros/src/ros2/common_interfaces) by extensions ['ros']
[0.258s] Level 1:colcon.colcon_core.package_identification:_identify(src/microros/src/ros2/common_interfaces) by extension 'ros'
[0.258s] Level 1:colcon.colcon_core.package_identification:_identify(src/microros/src/ros2/common_interfaces) by extensions ['cmake', 'python']
[0.258s] Level 1:colcon.colcon_core.package_identification:_identify(src/microros/src/ros2/common_interfaces) by extension 'cmake'
[0.258s] Level 1:colcon.colcon_core.package_identification:_identify(src/microros/src/ros2/common_interfaces) by extension 'python'
[0.258s] Level 1:colcon.colcon_core.package_identification:_identify(src/microros/src/ros2/common_interfaces) by extensions ['python_setup_py']
[0.258s] Level 1:colcon.colcon_core.package_identification:_identify(src/microros/src/ros2/common_interfaces) by extension 'python_setup_py'
[0.258s] Level 1:colcon.colcon_core.package_identification:_identify(src/microros/src/ros2/common_interfaces/actionlib_msgs) by extensions ['ignore', 'ignore_ament_install']
[0.258s] Level 1:colcon.colcon_core.package_identification:_identify(src/microros/src/ros2/common_interfaces/actionlib_msgs) by extension 'ignore'
[0.258s] Level 1:colcon.colcon_core.package_identification:_identify(src/microros/src/ros2/common_interfaces/actionlib_msgs) by extension 'ignore_ament_install'
[0.258s] Level 1:colcon.colcon_core.package_identification:_identify(src/microros/src/ros2/common_interfaces/actionlib_msgs) by extensions ['colcon_pkg']
[0.258s] Level 1:colcon.colcon_core.package_identification:_identify(src/microros/src/ros2/common_interfaces/actionlib_msgs) by extension 'colcon_pkg'
[0.258s] Level 1:colcon.colcon_core.package_identification:_identify(src/microros/src/ros2/common_interfaces/actionlib_msgs) by extensions ['colcon_meta']
[0.258s] Level 1:colcon.colcon_core.package_identification:_identify(src/microros/src/ros2/common_interfaces/actionlib_msgs) by extension 'colcon_meta'
[0.258s] Level 1:colcon.colcon_core.package_identification:_identify(src/microros/src/ros2/common_interfaces/actionlib_msgs) by extensions ['ros']
[0.258s] Level 1:colcon.colcon_core.package_identification:_identify(src/microros/src/ros2/common_interfaces/actionlib_msgs) by extension 'ros'
[0.259s] DEBUG:colcon.colcon_core.package_identification:Package 'src/microros/src/ros2/common_interfaces/actionlib_msgs' with type 'ros.ament_cmake' and name 'actionlib_msgs'
[0.259s] Level 1:colcon.colcon_core.package_identification:_identify(src/microros/src/ros2/common_interfaces/common_interfaces) by extensions ['ignore', 'ignore_ament_install']
[0.259s] Level 1:colcon.colcon_core.package_identification:_identify(src/microros/src/ros2/common_interfaces/common_interfaces) by extension 'ignore'
[0.259s] Level 1:colcon.colcon_core.package_identification:_identify(src/microros/src/ros2/common_interfaces/common_interfaces) by extension 'ignore_ament_install'
[0.259s] Level 1:colcon.colcon_core.package_identification:_identify(src/microros/src/ros2/common_interfaces/common_interfaces) by extensions ['colcon_pkg']
[0.259s] Level 1:colcon.colcon_core.package_identification:_identify(src/microros/src/ros2/common_interfaces/common_interfaces) by extension 'colcon_pkg'
[0.259s] Level 1:colcon.colcon_core.package_identification:_identify(src/microros/src/ros2/common_interfaces/common_interfaces) by extensions ['colcon_meta']
[0.259s] Level 1:colcon.colcon_core.package_identification:_identify(src/microros/src/ros2/common_interfaces/common_interfaces) by extension 'colcon_meta'
[0.259s] Level 1:colcon.colcon_core.package_identification:_identify(src/microros/src/ros2/common_interfaces/common_interfaces) by extensions ['ros']
[0.259s] Level 1:colcon.colcon_core.package_identification:_identify(src/microros/src/ros2/common_interfaces/common_interfaces) by extension 'ros'
[0.259s] DEBUG:colcon.colcon_core.package_identification:Package 'src/microros/src/ros2/common_interfaces/common_interfaces' with type 'ros.ament_cmake' and name 'common_interfaces'
[0.260s] Level 1:colcon.colcon_core.package_identification:_identify(src/microros/src/ros2/common_interfaces/diagnostic_msgs) by extensions ['ignore', 'ignore_ament_install']
[0.260s] Level 1:colcon.colcon_core.package_identification:_identify(src/microros/src/ros2/common_interfaces/diagnostic_msgs) by extension 'ignore'
[0.260s] Level 1:colcon.colcon_core.package_identification:_identify(src/microros/src/ros2/common_interfaces/diagnostic_msgs) by extension 'ignore_ament_install'
[0.260s] Level 1:colcon.colcon_core.package_identification:_identify(src/microros/src/ros2/common_interfaces/diagnostic_msgs) by extensions ['colcon_pkg']
[0.260s] Level 1:colcon.colcon_core.package_identification:_identify(src/microros/src/ros2/common_interfaces/diagnostic_msgs) by extension 'colcon_pkg'
[0.260s] Level 1:colcon.colcon_core.package_identification:_identify(src/microros/src/ros2/common_interfaces/diagnostic_msgs) by extensions ['colcon_meta']
[0.260s] Level 1:colcon.colcon_core.package_identification:_identify(src/microros/src/ros2/common_interfaces/diagnostic_msgs) by extension 'colcon_meta'
[0.260s] Level 1:colcon.colcon_core.package_identification:_identify(src/microros/src/ros2/common_interfaces/diagnostic_msgs) by extensions ['ros']
[0.260s] Level 1:colcon.colcon_core.package_identification:_identify(src/microros/src/ros2/common_interfaces/diagnostic_msgs) by extension 'ros'
[0.260s] DEBUG:colcon.colcon_core.package_identification:Package 'src/microros/src/ros2/common_interfaces/diagnostic_msgs' with type 'ros.ament_cmake' and name 'diagnostic_msgs'
[0.260s] Level 1:colcon.colcon_core.package_identification:_identify(src/microros/src/ros2/common_interfaces/docs) by extensions ['ignore', 'ignore_ament_install']
[0.260s] Level 1:colcon.colcon_core.package_identification:_identify(src/microros/src/ros2/common_interfaces/docs) by extension 'ignore'
[0.260s] Level 1:colcon.colcon_core.package_identification:_identify(src/microros/src/ros2/common_interfaces/docs) by extension 'ignore_ament_install'
[0.260s] Level 1:colcon.colcon_core.package_identification:_identify(src/microros/src/ros2/common_interfaces/docs) by extensions ['colcon_pkg']
[0.260s] Level 1:colcon.colcon_core.package_identification:_identify(src/microros/src/ros2/common_interfaces/docs) by extension 'colcon_pkg'
[0.260s] Level 1:colcon.colcon_core.package_identification:_identify(src/microros/src/ros2/common_interfaces/docs) by extensions ['colcon_meta']
[0.260s] Level 1:colcon.colcon_core.package_identification:_identify(src/microros/src/ros2/common_interfaces/docs) by extension 'colcon_meta'
[0.261s] Level 1:colcon.colcon_core.package_identification:_identify(src/microros/src/ros2/common_interfaces/docs) by extensions ['ros']
[0.261s] Level 1:colcon.colcon_core.package_identification:_identify(src/microros/src/ros2/common_interfaces/docs) by extension 'ros'
[0.261s] Level 1:colcon.colcon_core.package_identification:_identify(src/microros/src/ros2/common_interfaces/docs) by extensions ['cmake', 'python']
[0.261s] Level 1:colcon.colcon_core.package_identification:_identify(src/microros/src/ros2/common_interfaces/docs) by extension 'cmake'
[0.261s] Level 1:colcon.colcon_core.package_identification:_identify(src/microros/src/ros2/common_interfaces/docs) by extension 'python'
[0.261s] Level 1:colcon.colcon_core.package_identification:_identify(src/microros/src/ros2/common_interfaces/docs) by extensions ['python_setup_py']
[0.261s] Level 1:colcon.colcon_core.package_identification:_identify(src/microros/src/ros2/common_interfaces/docs) by extension 'python_setup_py'
[0.261s] Level 1:colcon.colcon_core.package_identification:_identify(src/microros/src/ros2/common_interfaces/geometry_msgs) by extensions ['ignore', 'ignore_ament_install']
[0.261s] Level 1:colcon.colcon_core.package_identification:_identify(src/microros/src/ros2/common_interfaces/geometry_msgs) by extension 'ignore'
[0.261s] Level 1:colcon.colcon_core.package_identification:_identify(src/microros/src/ros2/common_interfaces/geometry_msgs) by extension 'ignore_ament_install'
[0.261s] Level 1:colcon.colcon_core.package_identification:_identify(src/microros/src/ros2/common_interfaces/geometry_msgs) by extensions ['colcon_pkg']
[0.261s] Level 1:colcon.colcon_core.package_identification:_identify(src/microros/src/ros2/common_interfaces/geometry_msgs) by extension 'colcon_pkg'
[0.261s] Level 1:colcon.colcon_core.package_identification:_identify(src/microros/src/ros2/common_interfaces/geometry_msgs) by extensions ['colcon_meta']
[0.261s] Level 1:colcon.colcon_core.package_identification:_identify(src/microros/src/ros2/common_interfaces/geometry_msgs) by extension 'colcon_meta'
[0.261s] Level 1:colcon.colcon_core.package_identification:_identify(src/microros/src/ros2/common_interfaces/geometry_msgs) by extensions ['ros']
[0.261s] Level 1:colcon.colcon_core.package_identification:_identify(src/microros/src/ros2/common_interfaces/geometry_msgs) by extension 'ros'
[0.261s] DEBUG:colcon.colcon_core.package_identification:Package 'src/microros/src/ros2/common_interfaces/geometry_msgs' with type 'ros.ament_cmake' and name 'geometry_msgs'
[0.261s] Level 1:colcon.colcon_core.package_identification:_identify(src/microros/src/ros2/common_interfaces/nav_msgs) by extensions ['ignore', 'ignore_ament_install']
[0.261s] Level 1:colcon.colcon_core.package_identification:_identify(src/microros/src/ros2/common_interfaces/nav_msgs) by extension 'ignore'
[0.261s] Level 1:colcon.colcon_core.package_identification:_identify(src/microros/src/ros2/common_interfaces/nav_msgs) by extension 'ignore_ament_install'
[0.261s] Level 1:colcon.colcon_core.package_identification:_identify(src/microros/src/ros2/common_interfaces/nav_msgs) by extensions ['colcon_pkg']
[0.262s] Level 1:colcon.colcon_core.package_identification:_identify(src/microros/src/ros2/common_interfaces/nav_msgs) by extension 'colcon_pkg'
[0.262s] Level 1:colcon.colcon_core.package_identification:_identify(src/microros/src/ros2/common_interfaces/nav_msgs) by extensions ['colcon_meta']
[0.262s] Level 1:colcon.colcon_core.package_identification:_identify(src/microros/src/ros2/common_interfaces/nav_msgs) by extension 'colcon_meta'
[0.262s] Level 1:colcon.colcon_core.package_identification:_identify(src/microros/src/ros2/common_interfaces/nav_msgs) by extensions ['ros']
[0.262s] Level 1:colcon.colcon_core.package_identification:_identify(src/microros/src/ros2/common_interfaces/nav_msgs) by extension 'ros'
[0.262s] DEBUG:colcon.colcon_core.package_identification:Package 'src/microros/src/ros2/common_interfaces/nav_msgs' with type 'ros.ament_cmake' and name 'nav_msgs'
[0.262s] Level 1:colcon.colcon_core.package_identification:_identify(src/microros/src/ros2/common_interfaces/sensor_msgs) by extensions ['ignore', 'ignore_ament_install']
[0.262s] Level 1:colcon.colcon_core.package_identification:_identify(src/microros/src/ros2/common_interfaces/sensor_msgs) by extension 'ignore'
[0.262s] Level 1:colcon.colcon_core.package_identification:_identify(src/microros/src/ros2/common_interfaces/sensor_msgs) by extension 'ignore_ament_install'
[0.262s] Level 1:colcon.colcon_core.package_identification:_identify(src/microros/src/ros2/common_interfaces/sensor_msgs) by extensions ['colcon_pkg']
[0.262s] Level 1:colcon.colcon_core.package_identification:_identify(src/microros/src/ros2/common_interfaces/sensor_msgs) by extension 'colcon_pkg'
[0.262s] Level 1:colcon.colcon_core.package_identification:_identify(src/microros/src/ros2/common_interfaces/sensor_msgs) by extensions ['colcon_meta']
[0.262s] Level 1:colcon.colcon_core.package_identification:_identify(src/microros/src/ros2/common_interfaces/sensor_msgs) by extension 'colcon_meta'
[0.262s] Level 1:colcon.colcon_core.package_identification:_identify(src/microros/src/ros2/common_interfaces/sensor_msgs) by extensions ['ros']
[0.262s] Level 1:colcon.colcon_core.package_identification:_identify(src/microros/src/ros2/common_interfaces/sensor_msgs) by extension 'ros'
[0.263s] DEBUG:colcon.colcon_core.package_identification:Package 'src/microros/src/ros2/common_interfaces/sensor_msgs' with type 'ros.ament_cmake' and name 'sensor_msgs'
[0.263s] Level 1:colcon.colcon_core.package_identification:_identify(src/microros/src/ros2/common_interfaces/sensor_msgs_py) by extensions ['ignore', 'ignore_ament_install']
[0.263s] Level 1:colcon.colcon_core.package_identification:_identify(src/microros/src/ros2/common_interfaces/sensor_msgs_py) by extension 'ignore'
[0.263s] Level 1:colcon.colcon_core.package_identification:_identify(src/microros/src/ros2/common_interfaces/sensor_msgs_py) by extension 'ignore_ament_install'
[0.263s] Level 1:colcon.colcon_core.package_identification:_identify(src/microros/src/ros2/common_interfaces/sensor_msgs_py) by extensions ['colcon_pkg']
[0.263s] Level 1:colcon.colcon_core.package_identification:_identify(src/microros/src/ros2/common_interfaces/sensor_msgs_py) by extension 'colcon_pkg'
[0.263s] Level 1:colcon.colcon_core.package_identification:_identify(src/microros/src/ros2/common_interfaces/sensor_msgs_py) by extensions ['colcon_meta']
[0.263s] Level 1:colcon.colcon_core.package_identification:_identify(src/microros/src/ros2/common_interfaces/sensor_msgs_py) by extension 'colcon_meta'
[0.263s] Level 1:colcon.colcon_core.package_identification:_identify(src/microros/src/ros2/common_interfaces/sensor_msgs_py) by extensions ['ros']
[0.263s] Level 1:colcon.colcon_core.package_identification:_identify(src/microros/src/ros2/common_interfaces/sensor_msgs_py) by extension 'ros'
[0.264s] DEBUG:colcon.colcon_core.package_identification:Package 'src/microros/src/ros2/common_interfaces/sensor_msgs_py' with type 'ros.ament_python' and name 'sensor_msgs_py'
[0.264s] Level 1:colcon.colcon_core.package_identification:_identify(src/microros/src/ros2/common_interfaces/shape_msgs) by extensions ['ignore', 'ignore_ament_install']
[0.264s] Level 1:colcon.colcon_core.package_identification:_identify(src/microros/src/ros2/common_interfaces/shape_msgs) by extension 'ignore'
[0.264s] Level 1:colcon.colcon_core.package_identification:_identify(src/microros/src/ros2/common_interfaces/shape_msgs) by extension 'ignore_ament_install'
[0.264s] Level 1:colcon.colcon_core.package_identification:_identify(src/microros/src/ros2/common_interfaces/shape_msgs) by extensions ['colcon_pkg']
[0.264s] Level 1:colcon.colcon_core.package_identification:_identify(src/microros/src/ros2/common_interfaces/shape_msgs) by extension 'colcon_pkg'
[0.264s] Level 1:colcon.colcon_core.package_identification:_identify(src/microros/src/ros2/common_interfaces/shape_msgs) by extensions ['colcon_meta']
[0.264s] Level 1:colcon.colcon_core.package_identification:_identify(src/microros/src/ros2/common_interfaces/shape_msgs) by extension 'colcon_meta'
[0.264s] Level 1:colcon.colcon_core.package_identification:_identify(src/microros/src/ros2/common_interfaces/shape_msgs) by extensions ['ros']
[0.264s] Level 1:colcon.colcon_core.package_identification:_identify(src/microros/src/ros2/common_interfaces/shape_msgs) by extension 'ros'
[0.264s] DEBUG:colcon.colcon_core.package_identification:Package 'src/microros/src/ros2/common_interfaces/shape_msgs' with type 'ros.ament_cmake' and name 'shape_msgs'
[0.264s] Level 1:colcon.colcon_core.package_identification:_identify(src/microros/src/ros2/common_interfaces/std_msgs) by extensions ['ignore', 'ignore_ament_install']
[0.264s] Level 1:colcon.colcon_core.package_identification:_identify(src/microros/src/ros2/common_interfaces/std_msgs) by extension 'ignore'
[0.264s] Level 1:colcon.colcon_core.package_identification:_identify(src/microros/src/ros2/common_interfaces/std_msgs) by extension 'ignore_ament_install'
[0.265s] Level 1:colcon.colcon_core.package_identification:_identify(src/microros/src/ros2/common_interfaces/std_msgs) by extensions ['colcon_pkg']
[0.265s] Level 1:colcon.colcon_core.package_identification:_identify(src/microros/src/ros2/common_interfaces/std_msgs) by extension 'colcon_pkg'
[0.265s] Level 1:colcon.colcon_core.package_identification:_identify(src/microros/src/ros2/common_interfaces/std_msgs) by extensions ['colcon_meta']
[0.265s] Level 1:colcon.colcon_core.package_identification:_identify(src/microros/src/ros2/common_interfaces/std_msgs) by extension 'colcon_meta'
[0.265s] Level 1:colcon.colcon_core.package_identification:_identify(src/microros/src/ros2/common_interfaces/std_msgs) by extensions ['ros']
[0.265s] Level 1:colcon.colcon_core.package_identification:_identify(src/microros/src/ros2/common_interfaces/std_msgs) by extension 'ros'
[0.265s] DEBUG:colcon.colcon_core.package_identification:Package 'src/microros/src/ros2/common_interfaces/std_msgs' with type 'ros.ament_cmake' and name 'std_msgs'
[0.265s] Level 1:colcon.colcon_core.package_identification:_identify(src/microros/src/ros2/common_interfaces/std_srvs) by extensions ['ignore', 'ignore_ament_install']
[0.265s] Level 1:colcon.colcon_core.package_identification:_identify(src/microros/src/ros2/common_interfaces/std_srvs) by extension 'ignore'
[0.265s] Level 1:colcon.colcon_core.package_identification:_identify(src/microros/src/ros2/common_interfaces/std_srvs) by extension 'ignore_ament_install'
[0.265s] Level 1:colcon.colcon_core.package_identification:_identify(src/microros/src/ros2/common_interfaces/std_srvs) by extensions ['colcon_pkg']
[0.265s] Level 1:colcon.colcon_core.package_identification:_identify(src/microros/src/ros2/common_interfaces/std_srvs) by extension 'colcon_pkg'
[0.265s] Level 1:colcon.colcon_core.package_identification:_identify(src/microros/src/ros2/common_interfaces/std_srvs) by extensions ['colcon_meta']
[0.265s] Level 1:colcon.colcon_core.package_identification:_identify(src/microros/src/ros2/common_interfaces/std_srvs) by extension 'colcon_meta'
[0.265s] Level 1:colcon.colcon_core.package_identification:_identify(src/microros/src/ros2/common_interfaces/std_srvs) by extensions ['ros']
[0.265s] Level 1:colcon.colcon_core.package_identification:_identify(src/microros/src/ros2/common_interfaces/std_srvs) by extension 'ros'
[0.266s] DEBUG:colcon.colcon_core.package_identification:Package 'src/microros/src/ros2/common_interfaces/std_srvs' with type 'ros.ament_cmake' and name 'std_srvs'
[0.266s] Level 1:colcon.colcon_core.package_identification:_identify(src/microros/src/ros2/common_interfaces/stereo_msgs) by extensions ['ignore', 'ignore_ament_install']
[0.266s] Level 1:colcon.colcon_core.package_identification:_identify(src/microros/src/ros2/common_interfaces/stereo_msgs) by extension 'ignore'
[0.266s] Level 1:colcon.colcon_core.package_identification:_identify(src/microros/src/ros2/common_interfaces/stereo_msgs) by extension 'ignore_ament_install'
[0.266s] Level 1:colcon.colcon_core.package_identification:_identify(src/microros/src/ros2/common_interfaces/stereo_msgs) by extensions ['colcon_pkg']
[0.266s] Level 1:colcon.colcon_core.package_identification:_identify(src/microros/src/ros2/common_interfaces/stereo_msgs) by extension 'colcon_pkg'
[0.266s] Level 1:colcon.colcon_core.package_identification:_identify(src/microros/src/ros2/common_interfaces/stereo_msgs) by extensions ['colcon_meta']
[0.266s] Level 1:colcon.colcon_core.package_identification:_identify(src/microros/src/ros2/common_interfaces/stereo_msgs) by extension 'colcon_meta'
[0.266s] Level 1:colcon.colcon_core.package_identification:_identify(src/microros/src/ros2/common_interfaces/stereo_msgs) by extensions ['ros']
[0.266s] Level 1:colcon.colcon_core.package_identification:_identify(src/microros/src/ros2/common_interfaces/stereo_msgs) by extension 'ros'
[0.266s] DEBUG:colcon.colcon_core.package_identification:Package 'src/microros/src/ros2/common_interfaces/stereo_msgs' with type 'ros.ament_cmake' and name 'stereo_msgs'
[0.266s] Level 1:colcon.colcon_core.package_identification:_identify(src/microros/src/ros2/common_interfaces/trajectory_msgs) by extensions ['ignore', 'ignore_ament_install']
[0.267s] Level 1:colcon.colcon_core.package_identification:_identify(src/microros/src/ros2/common_interfaces/trajectory_msgs) by extension 'ignore'
[0.267s] Level 1:colcon.colcon_core.package_identification:_identify(src/microros/src/ros2/common_interfaces/trajectory_msgs) by extension 'ignore_ament_install'
[0.267s] Level 1:colcon.colcon_core.package_identification:_identify(src/microros/src/ros2/common_interfaces/trajectory_msgs) by extensions ['colcon_pkg']
[0.267s] Level 1:colcon.colcon_core.package_identification:_identify(src/microros/src/ros2/common_interfaces/trajectory_msgs) by extension 'colcon_pkg'
[0.267s] Level 1:colcon.colcon_core.package_identification:_identify(src/microros/src/ros2/common_interfaces/trajectory_msgs) by extensions ['colcon_meta']
[0.267s] Level 1:colcon.colcon_core.package_identification:_identify(src/microros/src/ros2/common_interfaces/trajectory_msgs) by extension 'colcon_meta'
[0.267s] Level 1:colcon.colcon_core.package_identification:_identify(src/microros/src/ros2/common_interfaces/trajectory_msgs) by extensions ['ros']
[0.267s] Level 1:colcon.colcon_core.package_identification:_identify(src/microros/src/ros2/common_interfaces/trajectory_msgs) by extension 'ros'
[0.267s] DEBUG:colcon.colcon_core.package_identification:Package 'src/microros/src/ros2/common_interfaces/trajectory_msgs' with type 'ros.ament_cmake' and name 'trajectory_msgs'
[0.267s] Level 1:colcon.colcon_core.package_identification:_identify(src/microros/src/ros2/common_interfaces/visualization_msgs) by extensions ['ignore', 'ignore_ament_install']
[0.267s] Level 1:colcon.colcon_core.package_identification:_identify(src/microros/src/ros2/common_interfaces/visualization_msgs) by extension 'ignore'
[0.267s] Level 1:colcon.colcon_core.package_identification:_identify(src/microros/src/ros2/common_interfaces/visualization_msgs) by extension 'ignore_ament_install'
[0.267s] Level 1:colcon.colcon_core.package_identification:_identify(src/microros/src/ros2/common_interfaces/visualization_msgs) by extensions ['colcon_pkg']
[0.267s] Level 1:colcon.colcon_core.package_identification:_identify(src/microros/src/ros2/common_interfaces/visualization_msgs) by extension 'colcon_pkg'
[0.267s] Level 1:colcon.colcon_core.package_identification:_identify(src/microros/src/ros2/common_interfaces/visualization_msgs) by extensions ['colcon_meta']
[0.267s] Level 1:colcon.colcon_core.package_identification:_identify(src/microros/src/ros2/common_interfaces/visualization_msgs) by extension 'colcon_meta'
[0.267s] Level 1:colcon.colcon_core.package_identification:_identify(src/microros/src/ros2/common_interfaces/visualization_msgs) by extensions ['ros']
[0.267s] Level 1:colcon.colcon_core.package_identification:_identify(src/microros/src/ros2/common_interfaces/visualization_msgs) by extension 'ros'
[0.268s] DEBUG:colcon.colcon_core.package_identification:Package 'src/microros/src/ros2/common_interfaces/visualization_msgs' with type 'ros.ament_cmake' and name 'visualization_msgs'
[0.268s] Level 1:colcon.colcon_core.package_identification:_identify(src/microros/src/ros2/example_interfaces) by extensions ['ignore', 'ignore_ament_install']
[0.268s] Level 1:colcon.colcon_core.package_identification:_identify(src/microros/src/ros2/example_interfaces) by extension 'ignore'
[0.268s] Level 1:colcon.colcon_core.package_identification:_identify(src/microros/src/ros2/example_interfaces) by extension 'ignore_ament_install'
[0.268s] Level 1:colcon.colcon_core.package_identification:_identify(src/microros/src/ros2/example_interfaces) by extensions ['colcon_pkg']
[0.268s] Level 1:colcon.colcon_core.package_identification:_identify(src/microros/src/ros2/example_interfaces) by extension 'colcon_pkg'
[0.268s] Level 1:colcon.colcon_core.package_identification:_identify(src/microros/src/ros2/example_interfaces) by extensions ['colcon_meta']
[0.268s] Level 1:colcon.colcon_core.package_identification:_identify(src/microros/src/ros2/example_interfaces) by extension 'colcon_meta'
[0.268s] Level 1:colcon.colcon_core.package_identification:_identify(src/microros/src/ros2/example_interfaces) by extensions ['ros']
[0.268s] Level 1:colcon.colcon_core.package_identification:_identify(src/microros/src/ros2/example_interfaces) by extension 'ros'
[0.269s] DEBUG:colcon.colcon_core.package_identification:Package 'src/microros/src/ros2/example_interfaces' with type 'ros.ament_cmake' and name 'example_interfaces'
[0.269s] Level 1:colcon.colcon_core.package_identification:_identify(src/microros/src/ros2/rcl_interfaces) by extensions ['ignore', 'ignore_ament_install']
[0.269s] Level 1:colcon.colcon_core.package_identification:_identify(src/microros/src/ros2/rcl_interfaces) by extension 'ignore'
[0.269s] Level 1:colcon.colcon_core.package_identification:_identify(src/microros/src/ros2/rcl_interfaces) by extension 'ignore_ament_install'
[0.269s] Level 1:colcon.colcon_core.package_identification:_identify(src/microros/src/ros2/rcl_interfaces) by extensions ['colcon_pkg']
[0.269s] Level 1:colcon.colcon_core.package_identification:_identify(src/microros/src/ros2/rcl_interfaces) by extension 'colcon_pkg'
[0.269s] Level 1:colcon.colcon_core.package_identification:_identify(src/microros/src/ros2/rcl_interfaces) by extensions ['colcon_meta']
[0.269s] Level 1:colcon.colcon_core.package_identification:_identify(src/microros/src/ros2/rcl_interfaces) by extension 'colcon_meta'
[0.269s] Level 1:colcon.colcon_core.package_identification:_identify(src/microros/src/ros2/rcl_interfaces) by extensions ['ros']
[0.269s] Level 1:colcon.colcon_core.package_identification:_identify(src/microros/src/ros2/rcl_interfaces) by extension 'ros'
[0.269s] Level 1:colcon.colcon_core.package_identification:_identify(src/microros/src/ros2/rcl_interfaces) by extensions ['cmake', 'python']
[0.269s] Level 1:colcon.colcon_core.package_identification:_identify(src/microros/src/ros2/rcl_interfaces) by extension 'cmake'
[0.269s] Level 1:colcon.colcon_core.package_identification:_identify(src/microros/src/ros2/rcl_interfaces) by extension 'python'
[0.269s] Level 1:colcon.colcon_core.package_identification:_identify(src/microros/src/ros2/rcl_interfaces) by extensions ['python_setup_py']
[0.269s] Level 1:colcon.colcon_core.package_identification:_identify(src/microros/src/ros2/rcl_interfaces) by extension 'python_setup_py'
[0.269s] Level 1:colcon.colcon_core.package_identification:_identify(src/microros/src/ros2/rcl_interfaces/action_msgs) by extensions ['ignore', 'ignore_ament_install']
[0.269s] Level 1:colcon.colcon_core.package_identification:_identify(src/microros/src/ros2/rcl_interfaces/action_msgs) by extension 'ignore'
[0.269s] Level 1:colcon.colcon_core.package_identification:_identify(src/microros/src/ros2/rcl_interfaces/action_msgs) by extension 'ignore_ament_install'
[0.269s] Level 1:colcon.colcon_core.package_identification:_identify(src/microros/src/ros2/rcl_interfaces/action_msgs) by extensions ['colcon_pkg']
[0.269s] Level 1:colcon.colcon_core.package_identification:_identify(src/microros/src/ros2/rcl_interfaces/action_msgs) by extension 'colcon_pkg'
[0.269s] Level 1:colcon.colcon_core.package_identification:_identify(src/microros/src/ros2/rcl_interfaces/action_msgs) by extensions ['colcon_meta']
[0.269s] Level 1:colcon.colcon_core.package_identification:_identify(src/microros/src/ros2/rcl_interfaces/action_msgs) by extension 'colcon_meta'
[0.269s] Level 1:colcon.colcon_core.package_identification:_identify(src/microros/src/ros2/rcl_interfaces/action_msgs) by extensions ['ros']
[0.269s] Level 1:colcon.colcon_core.package_identification:_identify(src/microros/src/ros2/rcl_interfaces/action_msgs) by extension 'ros'
[0.270s] DEBUG:colcon.colcon_core.package_identification:Package 'src/microros/src/ros2/rcl_interfaces/action_msgs' with type 'ros.ament_cmake' and name 'action_msgs'
[0.270s] Level 1:colcon.colcon_core.package_identification:_identify(src/microros/src/ros2/rcl_interfaces/builtin_interfaces) by extensions ['ignore', 'ignore_ament_install']
[0.270s] Level 1:colcon.colcon_core.package_identification:_identify(src/microros/src/ros2/rcl_interfaces/builtin_interfaces) by extension 'ignore'
[0.270s] Level 1:colcon.colcon_core.package_identification:_identify(src/microros/src/ros2/rcl_interfaces/builtin_interfaces) by extension 'ignore_ament_install'
[0.270s] Level 1:colcon.colcon_core.package_identification:_identify(src/microros/src/ros2/rcl_interfaces/builtin_interfaces) by extensions ['colcon_pkg']
[0.270s] Level 1:colcon.colcon_core.package_identification:_identify(src/microros/src/ros2/rcl_interfaces/builtin_interfaces) by extension 'colcon_pkg'
[0.270s] Level 1:colcon.colcon_core.package_identification:_identify(src/microros/src/ros2/rcl_interfaces/builtin_interfaces) by extensions ['colcon_meta']
[0.270s] Level 1:colcon.colcon_core.package_identification:_identify(src/microros/src/ros2/rcl_interfaces/builtin_interfaces) by extension 'colcon_meta'
[0.270s] Level 1:colcon.colcon_core.package_identification:_identify(src/microros/src/ros2/rcl_interfaces/builtin_interfaces) by extensions ['ros']
[0.270s] Level 1:colcon.colcon_core.package_identification:_identify(src/microros/src/ros2/rcl_interfaces/builtin_interfaces) by extension 'ros'
[0.270s] DEBUG:colcon.colcon_core.package_identification:Package 'src/microros/src/ros2/rcl_interfaces/builtin_interfaces' with type 'ros.ament_cmake' and name 'builtin_interfaces'
[0.270s] Level 1:colcon.colcon_core.package_identification:_identify(src/microros/src/ros2/rcl_interfaces/composition_interfaces) by extensions ['ignore', 'ignore_ament_install']
[0.271s] Level 1:colcon.colcon_core.package_identification:_identify(src/microros/src/ros2/rcl_interfaces/composition_interfaces) by extension 'ignore'
[0.271s] Level 1:colcon.colcon_core.package_identification:_identify(src/microros/src/ros2/rcl_interfaces/composition_interfaces) by extension 'ignore_ament_install'
[0.271s] Level 1:colcon.colcon_core.package_identification:_identify(src/microros/src/ros2/rcl_interfaces/composition_interfaces) by extensions ['colcon_pkg']
[0.271s] Level 1:colcon.colcon_core.package_identification:_identify(src/microros/src/ros2/rcl_interfaces/composition_interfaces) by extension 'colcon_pkg'
[0.271s] Level 1:colcon.colcon_core.package_identification:_identify(src/microros/src/ros2/rcl_interfaces/composition_interfaces) by extensions ['colcon_meta']
[0.271s] Level 1:colcon.colcon_core.package_identification:_identify(src/microros/src/ros2/rcl_interfaces/composition_interfaces) by extension 'colcon_meta'
[0.271s] Level 1:colcon.colcon_core.package_identification:_identify(src/microros/src/ros2/rcl_interfaces/composition_interfaces) by extensions ['ros']
[0.271s] Level 1:colcon.colcon_core.package_identification:_identify(src/microros/src/ros2/rcl_interfaces/composition_interfaces) by extension 'ros'
[0.271s] DEBUG:colcon.colcon_core.package_identification:Package 'src/microros/src/ros2/rcl_interfaces/composition_interfaces' with type 'ros.ament_cmake' and name 'composition_interfaces'
[0.271s] Level 1:colcon.colcon_core.package_identification:_identify(src/microros/src/ros2/rcl_interfaces/lifecycle_msgs) by extensions ['ignore', 'ignore_ament_install']
[0.271s] Level 1:colcon.colcon_core.package_identification:_identify(src/microros/src/ros2/rcl_interfaces/lifecycle_msgs) by extension 'ignore'
[0.271s] Level 1:colcon.colcon_core.package_identification:_identify(src/microros/src/ros2/rcl_interfaces/lifecycle_msgs) by extension 'ignore_ament_install'
[0.271s] Level 1:colcon.colcon_core.package_identification:_identify(src/microros/src/ros2/rcl_interfaces/lifecycle_msgs) by extensions ['colcon_pkg']
[0.271s] Level 1:colcon.colcon_core.package_identification:_identify(src/microros/src/ros2/rcl_interfaces/lifecycle_msgs) by extension 'colcon_pkg'
[0.271s] Level 1:colcon.colcon_core.package_identification:_identify(src/microros/src/ros2/rcl_interfaces/lifecycle_msgs) by extensions ['colcon_meta']
[0.271s] Level 1:colcon.colcon_core.package_identification:_identify(src/microros/src/ros2/rcl_interfaces/lifecycle_msgs) by extension 'colcon_meta'
[0.271s] Level 1:colcon.colcon_core.package_identification:_identify(src/microros/src/ros2/rcl_interfaces/lifecycle_msgs) by extensions ['ros']
[0.271s] Level 1:colcon.colcon_core.package_identification:_identify(src/microros/src/ros2/rcl_interfaces/lifecycle_msgs) by extension 'ros'
[0.272s] DEBUG:colcon.colcon_core.package_identification:Package 'src/microros/src/ros2/rcl_interfaces/lifecycle_msgs' with type 'ros.ament_cmake' and name 'lifecycle_msgs'
[0.272s] Level 1:colcon.colcon_core.package_identification:_identify(src/microros/src/ros2/rcl_interfaces/rcl_interfaces) by extensions ['ignore', 'ignore_ament_install']
[0.272s] Level 1:colcon.colcon_core.package_identification:_identify(src/microros/src/ros2/rcl_interfaces/rcl_interfaces) by extension 'ignore'
[0.272s] Level 1:colcon.colcon_core.package_identification:_identify(src/microros/src/ros2/rcl_interfaces/rcl_interfaces) by extension 'ignore_ament_install'
[0.272s] Level 1:colcon.colcon_core.package_identification:_identify(src/microros/src/ros2/rcl_interfaces/rcl_interfaces) by extensions ['colcon_pkg']
[0.272s] Level 1:colcon.colcon_core.package_identification:_identify(src/microros/src/ros2/rcl_interfaces/rcl_interfaces) by extension 'colcon_pkg'
[0.272s] Level 1:colcon.colcon_core.package_identification:_identify(src/microros/src/ros2/rcl_interfaces/rcl_interfaces) by extensions ['colcon_meta']
[0.272s] Level 1:colcon.colcon_core.package_identification:_identify(src/microros/src/ros2/rcl_interfaces/rcl_interfaces) by extension 'colcon_meta'
[0.272s] Level 1:colcon.colcon_core.package_identification:_identify(src/microros/src/ros2/rcl_interfaces/rcl_interfaces) by extensions ['ros']
[0.272s] Level 1:colcon.colcon_core.package_identification:_identify(src/microros/src/ros2/rcl_interfaces/rcl_interfaces) by extension 'ros'
[0.273s] DEBUG:colcon.colcon_core.package_identification:Package 'src/microros/src/ros2/rcl_interfaces/rcl_interfaces' with type 'ros.ament_cmake' and name 'rcl_interfaces'
[0.273s] Level 1:colcon.colcon_core.package_identification:_identify(src/microros/src/ros2/rcl_interfaces/rosgraph_msgs) by extensions ['ignore', 'ignore_ament_install']
[0.273s] Level 1:colcon.colcon_core.package_identification:_identify(src/microros/src/ros2/rcl_interfaces/rosgraph_msgs) by extension 'ignore'
[0.273s] Level 1:colcon.colcon_core.package_identification:_identify(src/microros/src/ros2/rcl_interfaces/rosgraph_msgs) by extension 'ignore_ament_install'
[0.273s] Level 1:colcon.colcon_core.package_identification:_identify(src/microros/src/ros2/rcl_interfaces/rosgraph_msgs) by extensions ['colcon_pkg']
[0.273s] Level 1:colcon.colcon_core.package_identification:_identify(src/microros/src/ros2/rcl_interfaces/rosgraph_msgs) by extension 'colcon_pkg'
[0.273s] Level 1:colcon.colcon_core.package_identification:_identify(src/microros/src/ros2/rcl_interfaces/rosgraph_msgs) by extensions ['colcon_meta']
[0.273s] Level 1:colcon.colcon_core.package_identification:_identify(src/microros/src/ros2/rcl_interfaces/rosgraph_msgs) by extension 'colcon_meta'
[0.273s] Level 1:colcon.colcon_core.package_identification:_identify(src/microros/src/ros2/rcl_interfaces/rosgraph_msgs) by extensions ['ros']
[0.273s] Level 1:colcon.colcon_core.package_identification:_identify(src/microros/src/ros2/rcl_interfaces/rosgraph_msgs) by extension 'ros'
[0.274s] DEBUG:colcon.colcon_core.package_identification:Package 'src/microros/src/ros2/rcl_interfaces/rosgraph_msgs' with type 'ros.ament_cmake' and name 'rosgraph_msgs'
[0.274s] Level 1:colcon.colcon_core.package_identification:_identify(src/microros/src/ros2/rcl_interfaces/statistics_msgs) by extensions ['ignore', 'ignore_ament_install']
[0.274s] Level 1:colcon.colcon_core.package_identification:_identify(src/microros/src/ros2/rcl_interfaces/statistics_msgs) by extension 'ignore'
[0.274s] Level 1:colcon.colcon_core.package_identification:_identify(src/microros/src/ros2/rcl_interfaces/statistics_msgs) by extension 'ignore_ament_install'
[0.274s] Level 1:colcon.colcon_core.package_identification:_identify(src/microros/src/ros2/rcl_interfaces/statistics_msgs) by extensions ['colcon_pkg']
[0.274s] Level 1:colcon.colcon_core.package_identification:_identify(src/microros/src/ros2/rcl_interfaces/statistics_msgs) by extension 'colcon_pkg'
[0.274s] Level 1:colcon.colcon_core.package_identification:_identify(src/microros/src/ros2/rcl_interfaces/statistics_msgs) by extensions ['colcon_meta']
[0.274s] Level 1:colcon.colcon_core.package_identification:_identify(src/microros/src/ros2/rcl_interfaces/statistics_msgs) by extension 'colcon_meta'
[0.274s] Level 1:colcon.colcon_core.package_identification:_identify(src/microros/src/ros2/rcl_interfaces/statistics_msgs) by extensions ['ros']
[0.274s] Level 1:colcon.colcon_core.package_identification:_identify(src/microros/src/ros2/rcl_interfaces/statistics_msgs) by extension 'ros'
[0.274s] DEBUG:colcon.colcon_core.package_identification:Package 'src/microros/src/ros2/rcl_interfaces/statistics_msgs' with type 'ros.ament_cmake' and name 'statistics_msgs'
[0.274s] Level 1:colcon.colcon_core.package_identification:_identify(src/microros/src/ros2/rcl_interfaces/test_msgs) by extensions ['ignore', 'ignore_ament_install']
[0.275s] Level 1:colcon.colcon_core.package_identification:_identify(src/microros/src/ros2/rcl_interfaces/test_msgs) by extension 'ignore'
[0.275s] Level 1:colcon.colcon_core.package_identification:_identify(src/microros/src/ros2/rcl_interfaces/test_msgs) by extension 'ignore_ament_install'
[0.275s] Level 1:colcon.colcon_core.package_identification:_identify(src/microros/src/ros2/rcl_interfaces/test_msgs) by extensions ['colcon_pkg']
[0.275s] Level 1:colcon.colcon_core.package_identification:_identify(src/microros/src/ros2/rcl_interfaces/test_msgs) by extension 'colcon_pkg'
[0.275s] Level 1:colcon.colcon_core.package_identification:_identify(src/microros/src/ros2/rcl_interfaces/test_msgs) by extensions ['colcon_meta']
[0.275s] Level 1:colcon.colcon_core.package_identification:_identify(src/microros/src/ros2/rcl_interfaces/test_msgs) by extension 'colcon_meta'
[0.275s] Level 1:colcon.colcon_core.package_identification:_identify(src/microros/src/ros2/rcl_interfaces/test_msgs) by extensions ['ros']
[0.275s] Level 1:colcon.colcon_core.package_identification:_identify(src/microros/src/ros2/rcl_interfaces/test_msgs) by extension 'ros'
[0.275s] DEBUG:colcon.colcon_core.package_identification:Package 'src/microros/src/ros2/rcl_interfaces/test_msgs' with type 'ros.ament_cmake' and name 'test_msgs'
[0.275s] Level 1:colcon.colcon_core.package_identification:_identify(src/microros/src/ros2/unique_identifier_msgs) by extensions ['ignore', 'ignore_ament_install']
[0.275s] Level 1:colcon.colcon_core.package_identification:_identify(src/microros/src/ros2/unique_identifier_msgs) by extension 'ignore'
[0.275s] Level 1:colcon.colcon_core.package_identification:_identify(src/microros/src/ros2/unique_identifier_msgs) by extension 'ignore_ament_install'
[0.275s] Level 1:colcon.colcon_core.package_identification:_identify(src/microros/src/ros2/unique_identifier_msgs) by extensions ['colcon_pkg']
[0.275s] Level 1:colcon.colcon_core.package_identification:_identify(src/microros/src/ros2/unique_identifier_msgs) by extension 'colcon_pkg'
[0.275s] Level 1:colcon.colcon_core.package_identification:_identify(src/microros/src/ros2/unique_identifier_msgs) by extensions ['colcon_meta']
[0.275s] Level 1:colcon.colcon_core.package_identification:_identify(src/microros/src/ros2/unique_identifier_msgs) by extension 'colcon_meta'
[0.275s] Level 1:colcon.colcon_core.package_identification:_identify(src/microros/src/ros2/unique_identifier_msgs) by extensions ['ros']
[0.275s] Level 1:colcon.colcon_core.package_identification:_identify(src/microros/src/ros2/unique_identifier_msgs) by extension 'ros'
[0.276s] DEBUG:colcon.colcon_core.package_identification:Package 'src/microros/src/ros2/unique_identifier_msgs' with type 'ros.ament_cmake' and name 'unique_identifier_msgs'
[0.276s] Level 1:colcon.colcon_core.package_identification:_identify(src/microros/src/uros) by extensions ['ignore', 'ignore_ament_install']
[0.276s] Level 1:colcon.colcon_core.package_identification:_identify(src/microros/src/uros) by extension 'ignore'
[0.276s] Level 1:colcon.colcon_core.package_identification:_identify(src/microros/src/uros) by extension 'ignore_ament_install'
[0.276s] Level 1:colcon.colcon_core.package_identification:_identify(src/microros/src/uros) by extensions ['colcon_pkg']
[0.276s] Level 1:colcon.colcon_core.package_identification:_identify(src/microros/src/uros) by extension 'colcon_pkg'
[0.276s] Level 1:colcon.colcon_core.package_identification:_identify(src/microros/src/uros) by extensions ['colcon_meta']
[0.276s] Level 1:colcon.colcon_core.package_identification:_identify(src/microros/src/uros) by extension 'colcon_meta'
[0.276s] Level 1:colcon.colcon_core.package_identification:_identify(src/microros/src/uros) by extensions ['ros']
[0.276s] Level 1:colcon.colcon_core.package_identification:_identify(src/microros/src/uros) by extension 'ros'
[0.276s] Level 1:colcon.colcon_core.package_identification:_identify(src/microros/src/uros) by extensions ['cmake', 'python']
[0.276s] Level 1:colcon.colcon_core.package_identification:_identify(src/microros/src/uros) by extension 'cmake'
[0.276s] Level 1:colcon.colcon_core.package_identification:_identify(src/microros/src/uros) by extension 'python'
[0.276s] Level 1:colcon.colcon_core.package_identification:_identify(src/microros/src/uros) by extensions ['python_setup_py']
[0.276s] Level 1:colcon.colcon_core.package_identification:_identify(src/microros/src/uros) by extension 'python_setup_py'
[0.276s] Level 1:colcon.colcon_core.package_identification:_identify(src/microros/src/uros/micro-ROS-Agent) by extensions ['ignore', 'ignore_ament_install']
[0.276s] Level 1:colcon.colcon_core.package_identification:_identify(src/microros/src/uros/micro-ROS-Agent) by extension 'ignore'
[0.276s] Level 1:colcon.colcon_core.package_identification:_identify(src/microros/src/uros/micro-ROS-Agent) by extension 'ignore_ament_install'
[0.276s] Level 1:colcon.colcon_core.package_identification:_identify(src/microros/src/uros/micro-ROS-Agent) by extensions ['colcon_pkg']
[0.276s] Level 1:colcon.colcon_core.package_identification:_identify(src/microros/src/uros/micro-ROS-Agent) by extension 'colcon_pkg'
[0.276s] Level 1:colcon.colcon_core.package_identification:_identify(src/microros/src/uros/micro-ROS-Agent) by extensions ['colcon_meta']
[0.276s] Level 1:colcon.colcon_core.package_identification:_identify(src/microros/src/uros/micro-ROS-Agent) by extension 'colcon_meta'
[0.276s] Level 1:colcon.colcon_core.package_identification:_identify(src/microros/src/uros/micro-ROS-Agent) by extensions ['ros']
[0.276s] Level 1:colcon.colcon_core.package_identification:_identify(src/microros/src/uros/micro-ROS-Agent) by extension 'ros'
[0.276s] Level 1:colcon.colcon_core.package_identification:_identify(src/microros/src/uros/micro-ROS-Agent) by extensions ['cmake', 'python']
[0.276s] Level 1:colcon.colcon_core.package_identification:_identify(src/microros/src/uros/micro-ROS-Agent) by extension 'cmake'
[0.277s] Level 1:colcon.colcon_core.package_identification:_identify(src/microros/src/uros/micro-ROS-Agent) by extension 'python'
[0.277s] Level 1:colcon.colcon_core.package_identification:_identify(src/microros/src/uros/micro-ROS-Agent) by extensions ['python_setup_py']
[0.277s] Level 1:colcon.colcon_core.package_identification:_identify(src/microros/src/uros/micro-ROS-Agent) by extension 'python_setup_py'
[0.277s] Level 1:colcon.colcon_core.package_identification:_identify(src/microros/src/uros/micro-ROS-Agent/micro_ros_agent) by extensions ['ignore', 'ignore_ament_install']
[0.277s] Level 1:colcon.colcon_core.package_identification:_identify(src/microros/src/uros/micro-ROS-Agent/micro_ros_agent) by extension 'ignore'
[0.277s] Level 1:colcon.colcon_core.package_identification:_identify(src/microros/src/uros/micro-ROS-Agent/micro_ros_agent) by extension 'ignore_ament_install'
[0.277s] Level 1:colcon.colcon_core.package_identification:_identify(src/microros/src/uros/micro-ROS-Agent/micro_ros_agent) by extensions ['colcon_pkg']
[0.277s] Level 1:colcon.colcon_core.package_identification:_identify(src/microros/src/uros/micro-ROS-Agent/micro_ros_agent) by extension 'colcon_pkg'
[0.277s] Level 1:colcon.colcon_core.package_identification:_identify(src/microros/src/uros/micro-ROS-Agent/micro_ros_agent) by extensions ['colcon_meta']
[0.277s] Level 1:colcon.colcon_core.package_identification:_identify(src/microros/src/uros/micro-ROS-Agent/micro_ros_agent) by extension 'colcon_meta'
[0.277s] Level 1:colcon.colcon_core.package_identification:_identify(src/microros/src/uros/micro-ROS-Agent/micro_ros_agent) by extensions ['ros']
[0.277s] Level 1:colcon.colcon_core.package_identification:_identify(src/microros/src/uros/micro-ROS-Agent/micro_ros_agent) by extension 'ros'
[0.284s] DEBUG:colcon.colcon_core.package_identification:Package 'src/microros/src/uros/micro-ROS-Agent/micro_ros_agent' with type 'ros.ament_cmake' and name 'micro_ros_agent'
[0.284s] Level 1:colcon.colcon_core.package_identification:_identify(src/microros/src/uros/micro-ROS-Agent/snap) by extensions ['ignore', 'ignore_ament_install']
[0.284s] Level 1:colcon.colcon_core.package_identification:_identify(src/microros/src/uros/micro-ROS-Agent/snap) by extension 'ignore'
[0.284s] Level 1:colcon.colcon_core.package_identification:_identify(src/microros/src/uros/micro-ROS-Agent/snap) by extension 'ignore_ament_install'
[0.284s] Level 1:colcon.colcon_core.package_identification:_identify(src/microros/src/uros/micro-ROS-Agent/snap) by extensions ['colcon_pkg']
[0.284s] Level 1:colcon.colcon_core.package_identification:_identify(src/microros/src/uros/micro-ROS-Agent/snap) by extension 'colcon_pkg'
[0.284s] Level 1:colcon.colcon_core.package_identification:_identify(src/microros/src/uros/micro-ROS-Agent/snap) by extensions ['colcon_meta']
[0.284s] Level 1:colcon.colcon_core.package_identification:_identify(src/microros/src/uros/micro-ROS-Agent/snap) by extension 'colcon_meta'
[0.284s] Level 1:colcon.colcon_core.package_identification:_identify(src/microros/src/uros/micro-ROS-Agent/snap) by extensions ['ros']
[0.284s] Level 1:colcon.colcon_core.package_identification:_identify(src/microros/src/uros/micro-ROS-Agent/snap) by extension 'ros'
[0.284s] Level 1:colcon.colcon_core.package_identification:_identify(src/microros/src/uros/micro-ROS-Agent/snap) by extensions ['cmake', 'python']
[0.284s] Level 1:colcon.colcon_core.package_identification:_identify(src/microros/src/uros/micro-ROS-Agent/snap) by extension 'cmake'
[0.284s] Level 1:colcon.colcon_core.package_identification:_identify(src/microros/src/uros/micro-ROS-Agent/snap) by extension 'python'
[0.284s] Level 1:colcon.colcon_core.package_identification:_identify(src/microros/src/uros/micro-ROS-Agent/snap) by extensions ['python_setup_py']
[0.284s] Level 1:colcon.colcon_core.package_identification:_identify(src/microros/src/uros/micro-ROS-Agent/snap) by extension 'python_setup_py'
[0.284s] Level 1:colcon.colcon_core.package_identification:_identify(src/microros/src/uros/micro-ROS-Agent/snap/hooks) by extensions ['ignore', 'ignore_ament_install']
[0.284s] Level 1:colcon.colcon_core.package_identification:_identify(src/microros/src/uros/micro-ROS-Agent/snap/hooks) by extension 'ignore'
[0.284s] Level 1:colcon.colcon_core.package_identification:_identify(src/microros/src/uros/micro-ROS-Agent/snap/hooks) by extension 'ignore_ament_install'
[0.285s] Level 1:colcon.colcon_core.package_identification:_identify(src/microros/src/uros/micro-ROS-Agent/snap/hooks) by extensions ['colcon_pkg']
[0.285s] Level 1:colcon.colcon_core.package_identification:_identify(src/microros/src/uros/micro-ROS-Agent/snap/hooks) by extension 'colcon_pkg'
[0.285s] Level 1:colcon.colcon_core.package_identification:_identify(src/microros/src/uros/micro-ROS-Agent/snap/hooks) by extensions ['colcon_meta']
[0.285s] Level 1:colcon.colcon_core.package_identification:_identify(src/microros/src/uros/micro-ROS-Agent/snap/hooks) by extension 'colcon_meta'
[0.285s] Level 1:colcon.colcon_core.package_identification:_identify(src/microros/src/uros/micro-ROS-Agent/snap/hooks) by extensions ['ros']
[0.285s] Level 1:colcon.colcon_core.package_identification:_identify(src/microros/src/uros/micro-ROS-Agent/snap/hooks) by extension 'ros'
[0.285s] Level 1:colcon.colcon_core.package_identification:_identify(src/microros/src/uros/micro-ROS-Agent/snap/hooks) by extensions ['cmake', 'python']
[0.285s] Level 1:colcon.colcon_core.package_identification:_identify(src/microros/src/uros/micro-ROS-Agent/snap/hooks) by extension 'cmake'
[0.285s] Level 1:colcon.colcon_core.package_identification:_identify(src/microros/src/uros/micro-ROS-Agent/snap/hooks) by extension 'python'
[0.285s] Level 1:colcon.colcon_core.package_identification:_identify(src/microros/src/uros/micro-ROS-Agent/snap/hooks) by extensions ['python_setup_py']
[0.285s] Level 1:colcon.colcon_core.package_identification:_identify(src/microros/src/uros/micro-ROS-Agent/snap/hooks) by extension 'python_setup_py'
[0.285s] Level 1:colcon.colcon_core.package_identification:_identify(src/microros/src/uros/micro-ROS-Agent/snap/local) by extensions ['ignore', 'ignore_ament_install']
[0.285s] Level 1:colcon.colcon_core.package_identification:_identify(src/microros/src/uros/micro-ROS-Agent/snap/local) by extension 'ignore'
[0.285s] Level 1:colcon.colcon_core.package_identification:_identify(src/microros/src/uros/micro-ROS-Agent/snap/local) by extension 'ignore_ament_install'
[0.285s] Level 1:colcon.colcon_core.package_identification:_identify(src/microros/src/uros/micro-ROS-Agent/snap/local) by extensions ['colcon_pkg']
[0.285s] Level 1:colcon.colcon_core.package_identification:_identify(src/microros/src/uros/micro-ROS-Agent/snap/local) by extension 'colcon_pkg'
[0.285s] Level 1:colcon.colcon_core.package_identification:_identify(src/microros/src/uros/micro-ROS-Agent/snap/local) by extensions ['colcon_meta']
[0.285s] Level 1:colcon.colcon_core.package_identification:_identify(src/microros/src/uros/micro-ROS-Agent/snap/local) by extension 'colcon_meta'
[0.285s] Level 1:colcon.colcon_core.package_identification:_identify(src/microros/src/uros/micro-ROS-Agent/snap/local) by extensions ['ros']
[0.285s] Level 1:colcon.colcon_core.package_identification:_identify(src/microros/src/uros/micro-ROS-Agent/snap/local) by extension 'ros'
[0.285s] Level 1:colcon.colcon_core.package_identification:_identify(src/microros/src/uros/micro-ROS-Agent/snap/local) by extensions ['cmake', 'python']
[0.285s] Level 1:colcon.colcon_core.package_identification:_identify(src/microros/src/uros/micro-ROS-Agent/snap/local) by extension 'cmake'
[0.285s] Level 1:colcon.colcon_core.package_identification:_identify(src/microros/src/uros/micro-ROS-Agent/snap/local) by extension 'python'
[0.285s] Level 1:colcon.colcon_core.package_identification:_identify(src/microros/src/uros/micro-ROS-Agent/snap/local) by extensions ['python_setup_py']
[0.285s] Level 1:colcon.colcon_core.package_identification:_identify(src/microros/src/uros/micro-ROS-Agent/snap/local) by extension 'python_setup_py'
[0.285s] Level 1:colcon.colcon_core.package_identification:_identify(src/microros/src/uros/micro-ROS-demos) by extensions ['ignore', 'ignore_ament_install']
[0.285s] Level 1:colcon.colcon_core.package_identification:_identify(src/microros/src/uros/micro-ROS-demos) by extension 'ignore'
[0.285s] Level 1:colcon.colcon_core.package_identification:_identify(src/microros/src/uros/micro-ROS-demos) by extension 'ignore_ament_install'
[0.285s] Level 1:colcon.colcon_core.package_identification:_identify(src/microros/src/uros/micro-ROS-demos) by extensions ['colcon_pkg']
[0.285s] Level 1:colcon.colcon_core.package_identification:_identify(src/microros/src/uros/micro-ROS-demos) by extension 'colcon_pkg'
[0.285s] Level 1:colcon.colcon_core.package_identification:_identify(src/microros/src/uros/micro-ROS-demos) by extensions ['colcon_meta']
[0.285s] Level 1:colcon.colcon_core.package_identification:_identify(src/microros/src/uros/micro-ROS-demos) by extension 'colcon_meta'
[0.285s] Level 1:colcon.colcon_core.package_identification:_identify(src/microros/src/uros/micro-ROS-demos) by extensions ['ros']
[0.285s] Level 1:colcon.colcon_core.package_identification:_identify(src/microros/src/uros/micro-ROS-demos) by extension 'ros'
[0.286s] Level 1:colcon.colcon_core.package_identification:_identify(src/microros/src/uros/micro-ROS-demos) by extensions ['cmake', 'python']
[0.286s] Level 1:colcon.colcon_core.package_identification:_identify(src/microros/src/uros/micro-ROS-demos) by extension 'cmake'
[0.286s] Level 1:colcon.colcon_core.package_identification:_identify(src/microros/src/uros/micro-ROS-demos) by extension 'python'
[0.286s] Level 1:colcon.colcon_core.package_identification:_identify(src/microros/src/uros/micro-ROS-demos) by extensions ['python_setup_py']
[0.286s] Level 1:colcon.colcon_core.package_identification:_identify(src/microros/src/uros/micro-ROS-demos) by extension 'python_setup_py'
[0.286s] Level 1:colcon.colcon_core.package_identification:_identify(src/microros/src/uros/micro-ROS-demos/messages) by extensions ['ignore', 'ignore_ament_install']
[0.286s] Level 1:colcon.colcon_core.package_identification:_identify(src/microros/src/uros/micro-ROS-demos/messages) by extension 'ignore'
[0.286s] Level 1:colcon.colcon_core.package_identification:_identify(src/microros/src/uros/micro-ROS-demos/messages) by extension 'ignore_ament_install'
[0.286s] Level 1:colcon.colcon_core.package_identification:_identify(src/microros/src/uros/micro-ROS-demos/messages) by extensions ['colcon_pkg']
[0.286s] Level 1:colcon.colcon_core.package_identification:_identify(src/microros/src/uros/micro-ROS-demos/messages) by extension 'colcon_pkg'
[0.286s] Level 1:colcon.colcon_core.package_identification:_identify(src/microros/src/uros/micro-ROS-demos/messages) by extensions ['colcon_meta']
[0.286s] Level 1:colcon.colcon_core.package_identification:_identify(src/microros/src/uros/micro-ROS-demos/messages) by extension 'colcon_meta'
[0.286s] Level 1:colcon.colcon_core.package_identification:_identify(src/microros/src/uros/micro-ROS-demos/messages) by extensions ['ros']
[0.286s] Level 1:colcon.colcon_core.package_identification:_identify(src/microros/src/uros/micro-ROS-demos/messages) by extension 'ros'
[0.286s] Level 1:colcon.colcon_core.package_identification:_identify(src/microros/src/uros/micro-ROS-demos/messages) by extensions ['cmake', 'python']
[0.286s] Level 1:colcon.colcon_core.package_identification:_identify(src/microros/src/uros/micro-ROS-demos/messages) by extension 'cmake'
[0.286s] Level 1:colcon.colcon_core.package_identification:_identify(src/microros/src/uros/micro-ROS-demos/messages) by extension 'python'
[0.286s] Level 1:colcon.colcon_core.package_identification:_identify(src/microros/src/uros/micro-ROS-demos/messages) by extensions ['python_setup_py']
[0.286s] Level 1:colcon.colcon_core.package_identification:_identify(src/microros/src/uros/micro-ROS-demos/messages) by extension 'python_setup_py'
[0.286s] Level 1:colcon.colcon_core.package_identification:_identify(src/microros/src/uros/micro-ROS-demos/messages/complex_msg) by extensions ['ignore', 'ignore_ament_install']
[0.286s] Level 1:colcon.colcon_core.package_identification:_identify(src/microros/src/uros/micro-ROS-demos/messages/complex_msg) by extension 'ignore'
[0.286s] Level 1:colcon.colcon_core.package_identification:_identify(src/microros/src/uros/micro-ROS-demos/messages/complex_msg) by extension 'ignore_ament_install'
[0.286s] Level 1:colcon.colcon_core.package_identification:_identify(src/microros/src/uros/micro-ROS-demos/messages/complex_msg) by extensions ['colcon_pkg']
[0.286s] Level 1:colcon.colcon_core.package_identification:_identify(src/microros/src/uros/micro-ROS-demos/messages/complex_msg) by extension 'colcon_pkg'
[0.286s] Level 1:colcon.colcon_core.package_identification:_identify(src/microros/src/uros/micro-ROS-demos/messages/complex_msg) by extensions ['colcon_meta']
[0.286s] Level 1:colcon.colcon_core.package_identification:_identify(src/microros/src/uros/micro-ROS-demos/messages/complex_msg) by extension 'colcon_meta'
[0.286s] Level 1:colcon.colcon_core.package_identification:_identify(src/microros/src/uros/micro-ROS-demos/messages/complex_msg) by extensions ['ros']
[0.286s] Level 1:colcon.colcon_core.package_identification:_identify(src/microros/src/uros/micro-ROS-demos/messages/complex_msg) by extension 'ros'
[0.287s] DEBUG:colcon.colcon_core.package_identification:Package 'src/microros/src/uros/micro-ROS-demos/messages/complex_msg' with type 'ros.ament_cmake' and name 'complex_msgs'
[0.287s] Level 1:colcon.colcon_core.package_identification:_identify(src/microros/src/uros/micro-ROS-demos/rclc) by extensions ['ignore', 'ignore_ament_install']
[0.287s] Level 1:colcon.colcon_core.package_identification:_identify(src/microros/src/uros/micro-ROS-demos/rclc) by extension 'ignore'
[0.287s] Level 1:colcon.colcon_core.package_identification:_identify(src/microros/src/uros/micro-ROS-demos/rclc) by extension 'ignore_ament_install'
[0.287s] Level 1:colcon.colcon_core.package_identification:_identify(src/microros/src/uros/micro-ROS-demos/rclc) by extensions ['colcon_pkg']
[0.287s] Level 1:colcon.colcon_core.package_identification:_identify(src/microros/src/uros/micro-ROS-demos/rclc) by extension 'colcon_pkg'
[0.287s] Level 1:colcon.colcon_core.package_identification:_identify(src/microros/src/uros/micro-ROS-demos/rclc) by extensions ['colcon_meta']
[0.287s] Level 1:colcon.colcon_core.package_identification:_identify(src/microros/src/uros/micro-ROS-demos/rclc) by extension 'colcon_meta'
[0.287s] Level 1:colcon.colcon_core.package_identification:_identify(src/microros/src/uros/micro-ROS-demos/rclc) by extensions ['ros']
[0.287s] Level 1:colcon.colcon_core.package_identification:_identify(src/microros/src/uros/micro-ROS-demos/rclc) by extension 'ros'
[0.288s] DEBUG:colcon.colcon_core.package_identification:Package 'src/microros/src/uros/micro-ROS-demos/rclc' with type 'ros.ament_cmake' and name 'micro_ros_demos_rclc'
[0.288s] Level 1:colcon.colcon_core.package_identification:_identify(src/microros/src/uros/micro_ros_msgs) by extensions ['ignore', 'ignore_ament_install']
[0.288s] Level 1:colcon.colcon_core.package_identification:_identify(src/microros/src/uros/micro_ros_msgs) by extension 'ignore'
[0.288s] Level 1:colcon.colcon_core.package_identification:_identify(src/microros/src/uros/micro_ros_msgs) by extension 'ignore_ament_install'
[0.288s] Level 1:colcon.colcon_core.package_identification:_identify(src/microros/src/uros/micro_ros_msgs) by extensions ['colcon_pkg']
[0.288s] Level 1:colcon.colcon_core.package_identification:_identify(src/microros/src/uros/micro_ros_msgs) by extension 'colcon_pkg'
[0.288s] Level 1:colcon.colcon_core.package_identification:_identify(src/microros/src/uros/micro_ros_msgs) by extensions ['colcon_meta']
[0.288s] Level 1:colcon.colcon_core.package_identification:_identify(src/microros/src/uros/micro_ros_msgs) by extension 'colcon_meta'
[0.288s] Level 1:colcon.colcon_core.package_identification:_identify(src/microros/src/uros/micro_ros_msgs) by extensions ['ros']
[0.288s] Level 1:colcon.colcon_core.package_identification:_identify(src/microros/src/uros/micro_ros_msgs) by extension 'ros'
[0.288s] DEBUG:colcon.colcon_core.package_identification:Package 'src/microros/src/uros/micro_ros_msgs' with type 'ros.ament_cmake' and name 'micro_ros_msgs'
[0.289s] Level 1:colcon.colcon_core.package_identification:_identify(src/microros/src/uros/micro_ros_utilities) by extensions ['ignore', 'ignore_ament_install']
[0.289s] Level 1:colcon.colcon_core.package_identification:_identify(src/microros/src/uros/micro_ros_utilities) by extension 'ignore'
[0.289s] Level 1:colcon.colcon_core.package_identification:_identify(src/microros/src/uros/micro_ros_utilities) by extension 'ignore_ament_install'
[0.289s] Level 1:colcon.colcon_core.package_identification:_identify(src/microros/src/uros/micro_ros_utilities) by extensions ['colcon_pkg']
[0.289s] Level 1:colcon.colcon_core.package_identification:_identify(src/microros/src/uros/micro_ros_utilities) by extension 'colcon_pkg'
[0.289s] Level 1:colcon.colcon_core.package_identification:_identify(src/microros/src/uros/micro_ros_utilities) by extensions ['colcon_meta']
[0.289s] Level 1:colcon.colcon_core.package_identification:_identify(src/microros/src/uros/micro_ros_utilities) by extension 'colcon_meta'
[0.289s] Level 1:colcon.colcon_core.package_identification:_identify(src/microros/src/uros/micro_ros_utilities) by extensions ['ros']
[0.289s] Level 1:colcon.colcon_core.package_identification:_identify(src/microros/src/uros/micro_ros_utilities) by extension 'ros'
[0.289s] DEBUG:colcon.colcon_core.package_identification:Package 'src/microros/src/uros/micro_ros_utilities' with type 'ros.ament_cmake' and name 'micro_ros_utilities'
[0.289s] Level 1:colcon.colcon_core.package_identification:_identify(src/microros/src/uros/rclc) by extensions ['ignore', 'ignore_ament_install']
[0.289s] Level 1:colcon.colcon_core.package_identification:_identify(src/microros/src/uros/rclc) by extension 'ignore'
[0.289s] Level 1:colcon.colcon_core.package_identification:_identify(src/microros/src/uros/rclc) by extension 'ignore_ament_install'
[0.290s] Level 1:colcon.colcon_core.package_identification:_identify(src/microros/src/uros/rclc) by extensions ['colcon_pkg']
[0.290s] Level 1:colcon.colcon_core.package_identification:_identify(src/microros/src/uros/rclc) by extension 'colcon_pkg'
[0.290s] Level 1:colcon.colcon_core.package_identification:_identify(src/microros/src/uros/rclc) by extensions ['colcon_meta']
[0.290s] Level 1:colcon.colcon_core.package_identification:_identify(src/microros/src/uros/rclc) by extension 'colcon_meta'
[0.290s] Level 1:colcon.colcon_core.package_identification:_identify(src/microros/src/uros/rclc) by extensions ['ros']
[0.290s] Level 1:colcon.colcon_core.package_identification:_identify(src/microros/src/uros/rclc) by extension 'ros'
[0.290s] Level 1:colcon.colcon_core.package_identification:_identify(src/microros/src/uros/rclc) by extensions ['cmake', 'python']
[0.290s] Level 1:colcon.colcon_core.package_identification:_identify(src/microros/src/uros/rclc) by extension 'cmake'
[0.290s] Level 1:colcon.colcon_core.package_identification:_identify(src/microros/src/uros/rclc) by extension 'python'
[0.290s] Level 1:colcon.colcon_core.package_identification:_identify(src/microros/src/uros/rclc) by extensions ['python_setup_py']
[0.290s] Level 1:colcon.colcon_core.package_identification:_identify(src/microros/src/uros/rclc) by extension 'python_setup_py'
[0.290s] Level 1:colcon.colcon_core.package_identification:_identify(src/microros/src/uros/rclc/rclc) by extensions ['ignore', 'ignore_ament_install']
[0.290s] Level 1:colcon.colcon_core.package_identification:_identify(src/microros/src/uros/rclc/rclc) by extension 'ignore'
[0.290s] Level 1:colcon.colcon_core.package_identification:_identify(src/microros/src/uros/rclc/rclc) by extension 'ignore_ament_install'
[0.290s] Level 1:colcon.colcon_core.package_identification:_identify(src/microros/src/uros/rclc/rclc) by extensions ['colcon_pkg']
[0.290s] Level 1:colcon.colcon_core.package_identification:_identify(src/microros/src/uros/rclc/rclc) by extension 'colcon_pkg'
[0.290s] Level 1:colcon.colcon_core.package_identification:_identify(src/microros/src/uros/rclc/rclc) by extensions ['colcon_meta']
[0.290s] Level 1:colcon.colcon_core.package_identification:_identify(src/microros/src/uros/rclc/rclc) by extension 'colcon_meta'
[0.290s] Level 1:colcon.colcon_core.package_identification:_identify(src/microros/src/uros/rclc/rclc) by extensions ['ros']
[0.290s] Level 1:colcon.colcon_core.package_identification:_identify(src/microros/src/uros/rclc/rclc) by extension 'ros'
[0.290s] DEBUG:colcon.colcon_core.package_identification:Package 'src/microros/src/uros/rclc/rclc' with type 'ros.ament_cmake' and name 'rclc'
[0.291s] Level 1:colcon.colcon_core.package_identification:_identify(src/microros/src/uros/rclc/rclc_examples) by extensions ['ignore', 'ignore_ament_install']
[0.291s] Level 1:colcon.colcon_core.package_identification:_identify(src/microros/src/uros/rclc/rclc_examples) by extension 'ignore'
[0.291s] Level 1:colcon.colcon_core.package_identification:_identify(src/microros/src/uros/rclc/rclc_examples) ignored
[0.291s] Level 1:colcon.colcon_core.package_identification:_identify(src/microros/src/uros/rclc/rclc_lifecycle) by extensions ['ignore', 'ignore_ament_install']
[0.291s] Level 1:colcon.colcon_core.package_identification:_identify(src/microros/src/uros/rclc/rclc_lifecycle) by extension 'ignore'
[0.291s] Level 1:colcon.colcon_core.package_identification:_identify(src/microros/src/uros/rclc/rclc_lifecycle) ignored
[0.291s] Level 1:colcon.colcon_core.package_identification:_identify(src/microros/src/uros/rclc/rclc_parameter) by extensions ['ignore', 'ignore_ament_install']
[0.291s] Level 1:colcon.colcon_core.package_identification:_identify(src/microros/src/uros/rclc/rclc_parameter) by extension 'ignore'
[0.291s] Level 1:colcon.colcon_core.package_identification:_identify(src/microros/src/uros/rclc/rclc_parameter) by extension 'ignore_ament_install'
[0.291s] Level 1:colcon.colcon_core.package_identification:_identify(src/microros/src/uros/rclc/rclc_parameter) by extensions ['colcon_pkg']
[0.291s] Level 1:colcon.colcon_core.package_identification:_identify(src/microros/src/uros/rclc/rclc_parameter) by extension 'colcon_pkg'
[0.291s] Level 1:colcon.colcon_core.package_identification:_identify(src/microros/src/uros/rclc/rclc_parameter) by extensions ['colcon_meta']
[0.291s] Level 1:colcon.colcon_core.package_identification:_identify(src/microros/src/uros/rclc/rclc_parameter) by extension 'colcon_meta'
[0.291s] Level 1:colcon.colcon_core.package_identification:_identify(src/microros/src/uros/rclc/rclc_parameter) by extensions ['ros']
[0.291s] Level 1:colcon.colcon_core.package_identification:_identify(src/microros/src/uros/rclc/rclc_parameter) by extension 'ros'
[0.292s] DEBUG:colcon.colcon_core.package_identification:Package 'src/microros/src/uros/rclc/rclc_parameter' with type 'ros.ament_cmake' and name 'rclc_parameter'
[0.292s] Level 1:colcon.colcon_core.package_identification:_identify(src/microros/src/uros/rmw_microxrcedds) by extensions ['ignore', 'ignore_ament_install']
[0.292s] Level 1:colcon.colcon_core.package_identification:_identify(src/microros/src/uros/rmw_microxrcedds) by extension 'ignore'
[0.292s] Level 1:colcon.colcon_core.package_identification:_identify(src/microros/src/uros/rmw_microxrcedds) by extension 'ignore_ament_install'
[0.292s] Level 1:colcon.colcon_core.package_identification:_identify(src/microros/src/uros/rmw_microxrcedds) by extensions ['colcon_pkg']
[0.292s] Level 1:colcon.colcon_core.package_identification:_identify(src/microros/src/uros/rmw_microxrcedds) by extension 'colcon_pkg'
[0.292s] Level 1:colcon.colcon_core.package_identification:_identify(src/microros/src/uros/rmw_microxrcedds) by extensions ['colcon_meta']
[0.292s] Level 1:colcon.colcon_core.package_identification:_identify(src/microros/src/uros/rmw_microxrcedds) by extension 'colcon_meta'
[0.292s] Level 1:colcon.colcon_core.package_identification:_identify(src/microros/src/uros/rmw_microxrcedds) by extensions ['ros']
[0.292s] Level 1:colcon.colcon_core.package_identification:_identify(src/microros/src/uros/rmw_microxrcedds) by extension 'ros'
[0.292s] Level 1:colcon.colcon_core.package_identification:_identify(src/microros/src/uros/rmw_microxrcedds) by extensions ['cmake', 'python']
[0.292s] Level 1:colcon.colcon_core.package_identification:_identify(src/microros/src/uros/rmw_microxrcedds) by extension 'cmake'
[0.292s] Level 1:colcon.colcon_core.package_identification:_identify(src/microros/src/uros/rmw_microxrcedds) by extension 'python'
[0.292s] Level 1:colcon.colcon_core.package_identification:_identify(src/microros/src/uros/rmw_microxrcedds) by extensions ['python_setup_py']
[0.292s] Level 1:colcon.colcon_core.package_identification:_identify(src/microros/src/uros/rmw_microxrcedds) by extension 'python_setup_py'
[0.292s] Level 1:colcon.colcon_core.package_identification:_identify(src/microros/src/uros/rmw_microxrcedds/rmw_microxrcedds_c) by extensions ['ignore', 'ignore_ament_install']
[0.292s] Level 1:colcon.colcon_core.package_identification:_identify(src/microros/src/uros/rmw_microxrcedds/rmw_microxrcedds_c) by extension 'ignore'
[0.292s] Level 1:colcon.colcon_core.package_identification:_identify(src/microros/src/uros/rmw_microxrcedds/rmw_microxrcedds_c) by extension 'ignore_ament_install'
[0.292s] Level 1:colcon.colcon_core.package_identification:_identify(src/microros/src/uros/rmw_microxrcedds/rmw_microxrcedds_c) by extensions ['colcon_pkg']
[0.292s] Level 1:colcon.colcon_core.package_identification:_identify(src/microros/src/uros/rmw_microxrcedds/rmw_microxrcedds_c) by extension 'colcon_pkg'
[0.292s] Level 1:colcon.colcon_core.package_identification:_identify(src/microros/src/uros/rmw_microxrcedds/rmw_microxrcedds_c) by extensions ['colcon_meta']
[0.292s] Level 1:colcon.colcon_core.package_identification:_identify(src/microros/src/uros/rmw_microxrcedds/rmw_microxrcedds_c) by extension 'colcon_meta'
[0.292s] Level 1:colcon.colcon_core.package_identification:_identify(src/microros/src/uros/rmw_microxrcedds/rmw_microxrcedds_c) by extensions ['ros']
[0.292s] Level 1:colcon.colcon_core.package_identification:_identify(src/microros/src/uros/rmw_microxrcedds/rmw_microxrcedds_c) by extension 'ros'
[0.293s] DEBUG:colcon.colcon_core.package_identification:Package 'src/microros/src/uros/rmw_microxrcedds/rmw_microxrcedds_c' with type 'ros.ament_cmake' and name 'rmw_microxrcedds'
[0.293s] Level 1:colcon.colcon_core.package_identification:_identify(src/microros/src/uros/rosidl_typesupport_microxrcedds) by extensions ['ignore', 'ignore_ament_install']
[0.293s] Level 1:colcon.colcon_core.package_identification:_identify(src/microros/src/uros/rosidl_typesupport_microxrcedds) by extension 'ignore'
[0.293s] Level 1:colcon.colcon_core.package_identification:_identify(src/microros/src/uros/rosidl_typesupport_microxrcedds) by extension 'ignore_ament_install'
[0.293s] Level 1:colcon.colcon_core.package_identification:_identify(src/microros/src/uros/rosidl_typesupport_microxrcedds) by extensions ['colcon_pkg']
[0.293s] Level 1:colcon.colcon_core.package_identification:_identify(src/microros/src/uros/rosidl_typesupport_microxrcedds) by extension 'colcon_pkg'
[0.293s] Level 1:colcon.colcon_core.package_identification:_identify(src/microros/src/uros/rosidl_typesupport_microxrcedds) by extensions ['colcon_meta']
[0.293s] Level 1:colcon.colcon_core.package_identification:_identify(src/microros/src/uros/rosidl_typesupport_microxrcedds) by extension 'colcon_meta'
[0.293s] Level 1:colcon.colcon_core.package_identification:_identify(src/microros/src/uros/rosidl_typesupport_microxrcedds) by extensions ['ros']
[0.293s] Level 1:colcon.colcon_core.package_identification:_identify(src/microros/src/uros/rosidl_typesupport_microxrcedds) by extension 'ros'
[0.293s] Level 1:colcon.colcon_core.package_identification:_identify(src/microros/src/uros/rosidl_typesupport_microxrcedds) by extensions ['cmake', 'python']
[0.293s] Level 1:colcon.colcon_core.package_identification:_identify(src/microros/src/uros/rosidl_typesupport_microxrcedds) by extension 'cmake'
[0.293s] Level 1:colcon.colcon_core.package_identification:_identify(src/microros/src/uros/rosidl_typesupport_microxrcedds) by extension 'python'
[0.293s] Level 1:colcon.colcon_core.package_identification:_identify(src/microros/src/uros/rosidl_typesupport_microxrcedds) by extensions ['python_setup_py']
[0.293s] Level 1:colcon.colcon_core.package_identification:_identify(src/microros/src/uros/rosidl_typesupport_microxrcedds) by extension 'python_setup_py'
[0.293s] Level 1:colcon.colcon_core.package_identification:_identify(src/microros/src/uros/rosidl_typesupport_microxrcedds/rosidl_typesupport_microxrcedds_c) by extensions ['ignore', 'ignore_ament_install']
[0.294s] Level 1:colcon.colcon_core.package_identification:_identify(src/microros/src/uros/rosidl_typesupport_microxrcedds/rosidl_typesupport_microxrcedds_c) by extension 'ignore'
[0.294s] Level 1:colcon.colcon_core.package_identification:_identify(src/microros/src/uros/rosidl_typesupport_microxrcedds/rosidl_typesupport_microxrcedds_c) by extension 'ignore_ament_install'
[0.294s] Level 1:colcon.colcon_core.package_identification:_identify(src/microros/src/uros/rosidl_typesupport_microxrcedds/rosidl_typesupport_microxrcedds_c) by extensions ['colcon_pkg']
[0.294s] Level 1:colcon.colcon_core.package_identification:_identify(src/microros/src/uros/rosidl_typesupport_microxrcedds/rosidl_typesupport_microxrcedds_c) by extension 'colcon_pkg'
[0.294s] Level 1:colcon.colcon_core.package_identification:_identify(src/microros/src/uros/rosidl_typesupport_microxrcedds/rosidl_typesupport_microxrcedds_c) by extensions ['colcon_meta']
[0.294s] Level 1:colcon.colcon_core.package_identification:_identify(src/microros/src/uros/rosidl_typesupport_microxrcedds/rosidl_typesupport_microxrcedds_c) by extension 'colcon_meta'
[0.294s] Level 1:colcon.colcon_core.package_identification:_identify(src/microros/src/uros/rosidl_typesupport_microxrcedds/rosidl_typesupport_microxrcedds_c) by extensions ['ros']
[0.294s] Level 1:colcon.colcon_core.package_identification:_identify(src/microros/src/uros/rosidl_typesupport_microxrcedds/rosidl_typesupport_microxrcedds_c) by extension 'ros'
[0.294s] DEBUG:colcon.colcon_core.package_identification:Package 'src/microros/src/uros/rosidl_typesupport_microxrcedds/rosidl_typesupport_microxrcedds_c' with type 'ros.ament_cmake' and name 'rosidl_typesupport_microxrcedds_c'
[0.294s] Level 1:colcon.colcon_core.package_identification:_identify(src/microros/src/uros/rosidl_typesupport_microxrcedds/rosidl_typesupport_microxrcedds_cpp) by extensions ['ignore', 'ignore_ament_install']
[0.294s] Level 1:colcon.colcon_core.package_identification:_identify(src/microros/src/uros/rosidl_typesupport_microxrcedds/rosidl_typesupport_microxrcedds_cpp) by extension 'ignore'
[0.294s] Level 1:colcon.colcon_core.package_identification:_identify(src/microros/src/uros/rosidl_typesupport_microxrcedds/rosidl_typesupport_microxrcedds_cpp) by extension 'ignore_ament_install'
[0.294s] Level 1:colcon.colcon_core.package_identification:_identify(src/microros/src/uros/rosidl_typesupport_microxrcedds/rosidl_typesupport_microxrcedds_cpp) by extensions ['colcon_pkg']
[0.294s] Level 1:colcon.colcon_core.package_identification:_identify(src/microros/src/uros/rosidl_typesupport_microxrcedds/rosidl_typesupport_microxrcedds_cpp) by extension 'colcon_pkg'
[0.294s] Level 1:colcon.colcon_core.package_identification:_identify(src/microros/src/uros/rosidl_typesupport_microxrcedds/rosidl_typesupport_microxrcedds_cpp) by extensions ['colcon_meta']
[0.294s] Level 1:colcon.colcon_core.package_identification:_identify(src/microros/src/uros/rosidl_typesupport_microxrcedds/rosidl_typesupport_microxrcedds_cpp) by extension 'colcon_meta'
[0.295s] Level 1:colcon.colcon_core.package_identification:_identify(src/microros/src/uros/rosidl_typesupport_microxrcedds/rosidl_typesupport_microxrcedds_cpp) by extensions ['ros']
[0.295s] Level 1:colcon.colcon_core.package_identification:_identify(src/microros/src/uros/rosidl_typesupport_microxrcedds/rosidl_typesupport_microxrcedds_cpp) by extension 'ros'
[0.295s] DEBUG:colcon.colcon_core.package_identification:Package 'src/microros/src/uros/rosidl_typesupport_microxrcedds/rosidl_typesupport_microxrcedds_cpp' with type 'ros.ament_cmake' and name 'rosidl_typesupport_microxrcedds_cpp'
[0.295s] Level 1:colcon.colcon_core.package_identification:_identify(src/microros/src/uros/rosidl_typesupport_microxrcedds/test) by extensions ['ignore', 'ignore_ament_install']
[0.295s] Level 1:colcon.colcon_core.package_identification:_identify(src/microros/src/uros/rosidl_typesupport_microxrcedds/test) by extension 'ignore'
[0.295s] Level 1:colcon.colcon_core.package_identification:_identify(src/microros/src/uros/rosidl_typesupport_microxrcedds/test) by extension 'ignore_ament_install'
[0.295s] Level 1:colcon.colcon_core.package_identification:_identify(src/microros/src/uros/rosidl_typesupport_microxrcedds/test) by extensions ['colcon_pkg']
[0.295s] Level 1:colcon.colcon_core.package_identification:_identify(src/microros/src/uros/rosidl_typesupport_microxrcedds/test) by extension 'colcon_pkg'
[0.295s] Level 1:colcon.colcon_core.package_identification:_identify(src/microros/src/uros/rosidl_typesupport_microxrcedds/test) by extensions ['colcon_meta']
[0.295s] Level 1:colcon.colcon_core.package_identification:_identify(src/microros/src/uros/rosidl_typesupport_microxrcedds/test) by extension 'colcon_meta'
[0.295s] Level 1:colcon.colcon_core.package_identification:_identify(src/microros/src/uros/rosidl_typesupport_microxrcedds/test) by extensions ['ros']
[0.295s] Level 1:colcon.colcon_core.package_identification:_identify(src/microros/src/uros/rosidl_typesupport_microxrcedds/test) by extension 'ros'
[0.295s] Level 1:colcon.colcon_core.package_identification:_identify(src/microros/src/uros/rosidl_typesupport_microxrcedds/test) by extensions ['cmake', 'python']
[0.295s] Level 1:colcon.colcon_core.package_identification:_identify(src/microros/src/uros/rosidl_typesupport_microxrcedds/test) by extension 'cmake'
[0.295s] Level 1:colcon.colcon_core.package_identification:_identify(src/microros/src/uros/rosidl_typesupport_microxrcedds/test) by extension 'python'
[0.295s] Level 1:colcon.colcon_core.package_identification:_identify(src/microros/src/uros/rosidl_typesupport_microxrcedds/test) by extensions ['python_setup_py']
[0.295s] Level 1:colcon.colcon_core.package_identification:_identify(src/microros/src/uros/rosidl_typesupport_microxrcedds/test) by extension 'python_setup_py'
[0.295s] Level 1:colcon.colcon_core.package_identification:_identify(src/microros/src/uros/rosidl_typesupport_microxrcedds/test/c) by extensions ['ignore', 'ignore_ament_install']
[0.296s] Level 1:colcon.colcon_core.package_identification:_identify(src/microros/src/uros/rosidl_typesupport_microxrcedds/test/c) by extension 'ignore'
[0.296s] Level 1:colcon.colcon_core.package_identification:_identify(src/microros/src/uros/rosidl_typesupport_microxrcedds/test/c) by extension 'ignore_ament_install'
[0.296s] Level 1:colcon.colcon_core.package_identification:_identify(src/microros/src/uros/rosidl_typesupport_microxrcedds/test/c) by extensions ['colcon_pkg']
[0.296s] Level 1:colcon.colcon_core.package_identification:_identify(src/microros/src/uros/rosidl_typesupport_microxrcedds/test/c) by extension 'colcon_pkg'
[0.296s] Level 1:colcon.colcon_core.package_identification:_identify(src/microros/src/uros/rosidl_typesupport_microxrcedds/test/c) by extensions ['colcon_meta']
[0.296s] Level 1:colcon.colcon_core.package_identification:_identify(src/microros/src/uros/rosidl_typesupport_microxrcedds/test/c) by extension 'colcon_meta'
[0.296s] Level 1:colcon.colcon_core.package_identification:_identify(src/microros/src/uros/rosidl_typesupport_microxrcedds/test/c) by extensions ['ros']
[0.296s] Level 1:colcon.colcon_core.package_identification:_identify(src/microros/src/uros/rosidl_typesupport_microxrcedds/test/c) by extension 'ros'
[0.296s] DEBUG:colcon.colcon_core.package_identification:Package 'src/microros/src/uros/rosidl_typesupport_microxrcedds/test/c' with type 'ros.ament_cmake' and name 'rosidl_typesupport_microxrcedds_c_tests'
[0.296s] Level 1:colcon.colcon_core.package_identification:_identify(src/microros/src/uros/rosidl_typesupport_microxrcedds/test/cpp) by extensions ['ignore', 'ignore_ament_install']
[0.296s] Level 1:colcon.colcon_core.package_identification:_identify(src/microros/src/uros/rosidl_typesupport_microxrcedds/test/cpp) by extension 'ignore'
[0.296s] Level 1:colcon.colcon_core.package_identification:_identify(src/microros/src/uros/rosidl_typesupport_microxrcedds/test/cpp) by extension 'ignore_ament_install'
[0.296s] Level 1:colcon.colcon_core.package_identification:_identify(src/microros/src/uros/rosidl_typesupport_microxrcedds/test/cpp) by extensions ['colcon_pkg']
[0.296s] Level 1:colcon.colcon_core.package_identification:_identify(src/microros/src/uros/rosidl_typesupport_microxrcedds/test/cpp) by extension 'colcon_pkg'
[0.296s] Level 1:colcon.colcon_core.package_identification:_identify(src/microros/src/uros/rosidl_typesupport_microxrcedds/test/cpp) by extensions ['colcon_meta']
[0.296s] Level 1:colcon.colcon_core.package_identification:_identify(src/microros/src/uros/rosidl_typesupport_microxrcedds/test/cpp) by extension 'colcon_meta'
[0.296s] Level 1:colcon.colcon_core.package_identification:_identify(src/microros/src/uros/rosidl_typesupport_microxrcedds/test/cpp) by extensions ['ros']
[0.296s] Level 1:colcon.colcon_core.package_identification:_identify(src/microros/src/uros/rosidl_typesupport_microxrcedds/test/cpp) by extension 'ros'
[0.297s] DEBUG:colcon.colcon_core.package_identification:Package 'src/microros/src/uros/rosidl_typesupport_microxrcedds/test/cpp' with type 'ros.ament_cmake' and name 'rosidl_typesupport_microxrcedds_cpp_tests'
[0.297s] Level 1:colcon.colcon_core.package_identification:_identify(src/microros/src/uros/rosidl_typesupport_microxrcedds/test/msg) by extensions ['ignore', 'ignore_ament_install']
[0.297s] Level 1:colcon.colcon_core.package_identification:_identify(src/microros/src/uros/rosidl_typesupport_microxrcedds/test/msg) by extension 'ignore'
[0.297s] Level 1:colcon.colcon_core.package_identification:_identify(src/microros/src/uros/rosidl_typesupport_microxrcedds/test/msg) by extension 'ignore_ament_install'
[0.297s] Level 1:colcon.colcon_core.package_identification:_identify(src/microros/src/uros/rosidl_typesupport_microxrcedds/test/msg) by extensions ['colcon_pkg']
[0.297s] Level 1:colcon.colcon_core.package_identification:_identify(src/microros/src/uros/rosidl_typesupport_microxrcedds/test/msg) by extension 'colcon_pkg'
[0.297s] Level 1:colcon.colcon_core.package_identification:_identify(src/microros/src/uros/rosidl_typesupport_microxrcedds/test/msg) by extensions ['colcon_meta']
[0.297s] Level 1:colcon.colcon_core.package_identification:_identify(src/microros/src/uros/rosidl_typesupport_microxrcedds/test/msg) by extension 'colcon_meta'
[0.297s] Level 1:colcon.colcon_core.package_identification:_identify(src/microros/src/uros/rosidl_typesupport_microxrcedds/test/msg) by extensions ['ros']
[0.297s] Level 1:colcon.colcon_core.package_identification:_identify(src/microros/src/uros/rosidl_typesupport_microxrcedds/test/msg) by extension 'ros'
[0.297s] DEBUG:colcon.colcon_core.package_identification:Package 'src/microros/src/uros/rosidl_typesupport_microxrcedds/test/msg' with type 'ros.ament_cmake' and name 'rosidl_typesupport_microxrcedds_test_msg'
[0.297s] Level 1:colcon.colcon_core.package_discovery:discover_packages(recursive) using defaults
[0.297s] Level 1:colcon.colcon_core.package_discovery:discover_packages(ignore) discover
[0.297s] Level 1:colcon.colcon_core.package_discovery:discover_packages(ignore) using defaults
[0.297s] Level 1:colcon.colcon_core.package_discovery:discover_packages(path) discover
[0.297s] Level 1:colcon.colcon_core.package_discovery:discover_packages(path) using defaults
[0.312s] INFO:colcon.colcon_metadata.metadata.colcon_pkg:Updating descriptor of package 'src/microros/src/eProsima/Micro-XRCE-DDS-Client' from colcon.pkg: {'name': 'microxrcedds_client', 'type': 'cmake', 'dependencies': ['microcdr'], 'cmake-args': ['-DUCLIENT_ISOLATED_INSTALL=OFF', '-DUCLIENT_SUPERBUILD=OFF']}
[0.312s] INFO:colcon.colcon_metadata.metadata.colcon_pkg:Updating descriptor of package 'src/microros/src/eProsima/Micro-CDR' from colcon.pkg: {'name': 'microcdr', 'type': 'cmake', 'cmake-args': ['-DUCDR_ISOLATED_INSTALL=OFF']}
[0.318s] Level 1:colcon.colcon_core.package_discovery:discover_packages(prefix_path) check parameters
[0.318s] Level 1:colcon.colcon_core.package_discovery:discover_packages(prefix_path) discover
[0.321s] DEBUG:colcon.colcon_installed_package_information.package_discovery:Found 40 installed packages in /root/ros_ws/src/Rescue_Car_ws/install
[0.322s] DEBUG:colcon.colcon_installed_package_information.package_discovery:Found 339 installed packages in /opt/ros/humble
[0.323s] Level 1:colcon.colcon_core.package_discovery:discover_packages(prefix_path) using defaults
[0.347s] WARNING:colcon.colcon_core.package_selection:Some selected packages are already built in one or more underlay workspaces:
	'statistics_msgs' is in: /root/ros_ws/src/Rescue_Car_ws/install/statistics_msgs, /opt/ros/humble
	'unique_identifier_msgs' is in: /root/ros_ws/src/Rescue_Car_ws/install/unique_identifier_msgs, /opt/ros/humble
	'visualization_msgs' is in: /root/ros_ws/src/Rescue_Car_ws/install/visualization_msgs, /opt/ros/humble
	'common_interfaces' is in: /root/ros_ws/src/Rescue_Car_ws/install/common_interfaces, /opt/ros/humble
	'sensor_msgs_py' is in: /root/ros_ws/src/Rescue_Car_ws/install/sensor_msgs_py, /opt/ros/humble
	'diagnostic_msgs' is in: /root/ros_ws/src/Rescue_Car_ws/install/diagnostic_msgs, /opt/ros/humble
	'std_srvs' is in: /root/ros_ws/src/Rescue_Car_ws/install/std_srvs, /opt/ros/humble
	'trajectory_msgs' is in: /root/ros_ws/src/Rescue_Car_ws/install/trajectory_msgs, /opt/ros/humble
	'action_msgs' is in: /root/ros_ws/src/Rescue_Car_ws/install/action_msgs, /opt/ros/humble
	'std_msgs' is in: /root/ros_ws/src/Rescue_Car_ws/install/std_msgs, /opt/ros/humble
	'rcl_interfaces' is in: /root/ros_ws/src/Rescue_Car_ws/install/rcl_interfaces, /opt/ros/humble
	'rosgraph_msgs' is in: /root/ros_ws/src/Rescue_Car_ws/install/rosgraph_msgs, /opt/ros/humble
	'example_interfaces' is in: /root/ros_ws/src/Rescue_Car_ws/install/example_interfaces, /opt/ros/humble
	'lifecycle_msgs' is in: /root/ros_ws/src/Rescue_Car_ws/install/lifecycle_msgs, /opt/ros/humble
	'sensor_msgs' is in: /root/ros_ws/src/Rescue_Car_ws/install/sensor_msgs, /opt/ros/humble
	'test_msgs' is in: /root/ros_ws/src/Rescue_Car_ws/install/test_msgs
	'geometry_msgs' is in: /root/ros_ws/src/Rescue_Car_ws/install/geometry_msgs, /opt/ros/humble
	'builtin_interfaces' is in: /root/ros_ws/src/Rescue_Car_ws/install/builtin_interfaces, /opt/ros/humble
	'composition_interfaces' is in: /root/ros_ws/src/Rescue_Car_ws/install/composition_interfaces, /opt/ros/humble
	'nav_msgs' is in: /root/ros_ws/src/Rescue_Car_ws/install/nav_msgs, /opt/ros/humble
If a package in a merged underlay workspace is overridden and it installs headers, then all packages in the overlay must sort their include directories by workspace order. Failure to do so may result in build failures or undefined behavior at run time.
If the overridden package is used by another package in any underlay, then the overriding package in the overlay must be API and ABI compatible or undefined behavior at run time may occur.

If you understand the risks and want to override a package anyways, add the following to the command line:
	--allow-overriding action_msgs builtin_interfaces common_interfaces composition_interfaces diagnostic_msgs example_interfaces geometry_msgs lifecycle_msgs nav_msgs rcl_interfaces rosgraph_msgs sensor_msgs sensor_msgs_py statistics_msgs std_msgs std_srvs test_msgs trajectory_msgs unique_identifier_msgs visualization_msgs

This may be promoted to an error in a future release of colcon-override-check.
[0.348s] Level 5:colcon.colcon_core.verb:set package 'builtin_interfaces' build argument 'cmake_args' from command line to 'None'
[0.348s] Level 5:colcon.colcon_core.verb:set package 'builtin_interfaces' build argument 'cmake_target' from command line to 'None'
[0.348s] Level 5:colcon.colcon_core.verb:set package 'builtin_interfaces' build argument 'cmake_target_skip_unavailable' from command line to 'False'
[0.348s] Level 5:colcon.colcon_core.verb:set package 'builtin_interfaces' build argument 'cmake_clean_cache' from command line to 'False'
[0.348s] Level 5:colcon.colcon_core.verb:set package 'builtin_interfaces' build argument 'cmake_clean_first' from command line to 'False'
[0.348s] Level 5:colcon.colcon_core.verb:set package 'builtin_interfaces' build argument 'cmake_force_configure' from command line to 'False'
[0.348s] Level 5:colcon.colcon_core.verb:set package 'builtin_interfaces' build argument 'ament_cmake_args' from command line to 'None'
[0.348s] Level 5:colcon.colcon_core.verb:set package 'builtin_interfaces' build argument 'catkin_cmake_args' from command line to 'None'
[0.348s] Level 5:colcon.colcon_core.verb:set package 'builtin_interfaces' build argument 'catkin_skip_building_tests' from command line to 'False'
[0.348s] DEBUG:colcon.colcon_core.verb:Building package 'builtin_interfaces' with the following arguments: {'ament_cmake_args': None, 'build_base': '/root/ros_ws/src/Rescue_Car_ws/build/builtin_interfaces', 'catkin_cmake_args': None, 'catkin_skip_building_tests': False, 'cmake_args': None, 'cmake_clean_cache': False, 'cmake_clean_first': False, 'cmake_force_configure': False, 'cmake_target': None, 'cmake_target_skip_unavailable': False, 'install_base': '/root/ros_ws/src/Rescue_Car_ws/install/builtin_interfaces', 'merge_install': False, 'path': '/root/ros_ws/src/Rescue_Car_ws/src/microros/src/ros2/rcl_interfaces/builtin_interfaces', 'symlink_install': False, 'test_result_base': None}
[0.348s] Level 5:colcon.colcon_core.verb:set package 'car' build argument 'cmake_args' from command line to 'None'
[0.348s] Level 5:colcon.colcon_core.verb:set package 'car' build argument 'cmake_target' from command line to 'None'
[0.348s] Level 5:colcon.colcon_core.verb:set package 'car' build argument 'cmake_target_skip_unavailable' from command line to 'False'
[0.348s] Level 5:colcon.colcon_core.verb:set package 'car' build argument 'cmake_clean_cache' from command line to 'False'
[0.348s] Level 5:colcon.colcon_core.verb:set package 'car' build argument 'cmake_clean_first' from command line to 'False'
[0.348s] Level 5:colcon.colcon_core.verb:set package 'car' build argument 'cmake_force_configure' from command line to 'False'
[0.348s] Level 5:colcon.colcon_core.verb:set package 'car' build argument 'ament_cmake_args' from command line to 'None'
[0.348s] Level 5:colcon.colcon_core.verb:set package 'car' build argument 'catkin_cmake_args' from command line to 'None'
[0.348s] Level 5:colcon.colcon_core.verb:set package 'car' build argument 'catkin_skip_building_tests' from command line to 'False'
[0.348s] DEBUG:colcon.colcon_core.verb:Building package 'car' with the following arguments: {'ament_cmake_args': None, 'build_base': '/root/ros_ws/src/Rescue_Car_ws/build/car', 'catkin_cmake_args': None, 'catkin_skip_building_tests': False, 'cmake_args': None, 'cmake_clean_cache': False, 'cmake_clean_first': False, 'cmake_force_configure': False, 'cmake_target': None, 'cmake_target_skip_unavailable': False, 'install_base': '/root/ros_ws/src/Rescue_Car_ws/install/car', 'merge_install': False, 'path': '/root/ros_ws/src/Rescue_Car_ws/src/car', 'symlink_install': False, 'test_result_base': None}
[0.349s] Level 5:colcon.colcon_core.verb:set package 'lifecycle_msgs' build argument 'cmake_args' from command line to 'None'
[0.349s] Level 5:colcon.colcon_core.verb:set package 'lifecycle_msgs' build argument 'cmake_target' from command line to 'None'
[0.349s] Level 5:colcon.colcon_core.verb:set package 'lifecycle_msgs' build argument 'cmake_target_skip_unavailable' from command line to 'False'
[0.349s] Level 5:colcon.colcon_core.verb:set package 'lifecycle_msgs' build argument 'cmake_clean_cache' from command line to 'False'
[0.349s] Level 5:colcon.colcon_core.verb:set package 'lifecycle_msgs' build argument 'cmake_clean_first' from command line to 'False'
[0.349s] Level 5:colcon.colcon_core.verb:set package 'lifecycle_msgs' build argument 'cmake_force_configure' from command line to 'False'
[0.349s] Level 5:colcon.colcon_core.verb:set package 'lifecycle_msgs' build argument 'ament_cmake_args' from command line to 'None'
[0.349s] Level 5:colcon.colcon_core.verb:set package 'lifecycle_msgs' build argument 'catkin_cmake_args' from command line to 'None'
[0.349s] Level 5:colcon.colcon_core.verb:set package 'lifecycle_msgs' build argument 'catkin_skip_building_tests' from command line to 'False'
[0.349s] DEBUG:colcon.colcon_core.verb:Building package 'lifecycle_msgs' with the following arguments: {'ament_cmake_args': None, 'build_base': '/root/ros_ws/src/Rescue_Car_ws/build/lifecycle_msgs', 'catkin_cmake_args': None, 'catkin_skip_building_tests': False, 'cmake_args': None, 'cmake_clean_cache': False, 'cmake_clean_first': False, 'cmake_force_configure': False, 'cmake_target': None, 'cmake_target_skip_unavailable': False, 'install_base': '/root/ros_ws/src/Rescue_Car_ws/install/lifecycle_msgs', 'merge_install': False, 'path': '/root/ros_ws/src/Rescue_Car_ws/src/microros/src/ros2/rcl_interfaces/lifecycle_msgs', 'symlink_install': False, 'test_result_base': None}
[0.349s] Level 5:colcon.colcon_core.verb:set package 'micro_ros_msgs' build argument 'cmake_args' from command line to 'None'
[0.349s] Level 5:colcon.colcon_core.verb:set package 'micro_ros_msgs' build argument 'cmake_target' from command line to 'None'
[0.349s] Level 5:colcon.colcon_core.verb:set package 'micro_ros_msgs' build argument 'cmake_target_skip_unavailable' from command line to 'False'
[0.349s] Level 5:colcon.colcon_core.verb:set package 'micro_ros_msgs' build argument 'cmake_clean_cache' from command line to 'False'
[0.349s] Level 5:colcon.colcon_core.verb:set package 'micro_ros_msgs' build argument 'cmake_clean_first' from command line to 'False'
[0.349s] Level 5:colcon.colcon_core.verb:set package 'micro_ros_msgs' build argument 'cmake_force_configure' from command line to 'False'
[0.349s] Level 5:colcon.colcon_core.verb:set package 'micro_ros_msgs' build argument 'ament_cmake_args' from command line to 'None'
[0.349s] Level 5:colcon.colcon_core.verb:set package 'micro_ros_msgs' build argument 'catkin_cmake_args' from command line to 'None'
[0.349s] Level 5:colcon.colcon_core.verb:set package 'micro_ros_msgs' build argument 'catkin_skip_building_tests' from command line to 'False'
[0.349s] DEBUG:colcon.colcon_core.verb:Building package 'micro_ros_msgs' with the following arguments: {'ament_cmake_args': None, 'build_base': '/root/ros_ws/src/Rescue_Car_ws/build/micro_ros_msgs', 'catkin_cmake_args': None, 'catkin_skip_building_tests': False, 'cmake_args': None, 'cmake_clean_cache': False, 'cmake_clean_first': False, 'cmake_force_configure': False, 'cmake_target': None, 'cmake_target_skip_unavailable': False, 'install_base': '/root/ros_ws/src/Rescue_Car_ws/install/micro_ros_msgs', 'merge_install': False, 'path': '/root/ros_ws/src/Rescue_Car_ws/src/microros/src/uros/micro_ros_msgs', 'symlink_install': False, 'test_result_base': None}
[0.349s] Level 5:colcon.colcon_core.verb:set package 'micro_ros_setup' build argument 'cmake_args' from command line to 'None'
[0.349s] Level 5:colcon.colcon_core.verb:set package 'micro_ros_setup' build argument 'cmake_target' from command line to 'None'
[0.349s] Level 5:colcon.colcon_core.verb:set package 'micro_ros_setup' build argument 'cmake_target_skip_unavailable' from command line to 'False'
[0.349s] Level 5:colcon.colcon_core.verb:set package 'micro_ros_setup' build argument 'cmake_clean_cache' from command line to 'False'
[0.349s] Level 5:colcon.colcon_core.verb:set package 'micro_ros_setup' build argument 'cmake_clean_first' from command line to 'False'
[0.349s] Level 5:colcon.colcon_core.verb:set package 'micro_ros_setup' build argument 'cmake_force_configure' from command line to 'False'
[0.349s] Level 5:colcon.colcon_core.verb:set package 'micro_ros_setup' build argument 'ament_cmake_args' from command line to 'None'
[0.349s] Level 5:colcon.colcon_core.verb:set package 'micro_ros_setup' build argument 'catkin_cmake_args' from command line to 'None'
[0.349s] Level 5:colcon.colcon_core.verb:set package 'micro_ros_setup' build argument 'catkin_skip_building_tests' from command line to 'False'
[0.349s] DEBUG:colcon.colcon_core.verb:Building package 'micro_ros_setup' with the following arguments: {'ament_cmake_args': None, 'build_base': '/root/ros_ws/src/Rescue_Car_ws/build/micro_ros_setup', 'catkin_cmake_args': None, 'catkin_skip_building_tests': False, 'cmake_args': None, 'cmake_clean_cache': False, 'cmake_clean_first': False, 'cmake_force_configure': False, 'cmake_target': None, 'cmake_target_skip_unavailable': False, 'install_base': '/root/ros_ws/src/Rescue_Car_ws/install/micro_ros_setup', 'merge_install': False, 'path': '/root/ros_ws/src/Rescue_Car_ws/src/microros/src/micro_ros_setup', 'symlink_install': False, 'test_result_base': None}
[0.349s] Level 5:colcon.colcon_core.verb:set package 'micro_ros_utilities' build argument 'cmake_args' from command line to 'None'
[0.349s] Level 5:colcon.colcon_core.verb:set package 'micro_ros_utilities' build argument 'cmake_target' from command line to 'None'
[0.349s] Level 5:colcon.colcon_core.verb:set package 'micro_ros_utilities' build argument 'cmake_target_skip_unavailable' from command line to 'False'
[0.349s] Level 5:colcon.colcon_core.verb:set package 'micro_ros_utilities' build argument 'cmake_clean_cache' from command line to 'False'
[0.350s] Level 5:colcon.colcon_core.verb:set package 'micro_ros_utilities' build argument 'cmake_clean_first' from command line to 'False'
[0.350s] Level 5:colcon.colcon_core.verb:set package 'micro_ros_utilities' build argument 'cmake_force_configure' from command line to 'False'
[0.350s] Level 5:colcon.colcon_core.verb:set package 'micro_ros_utilities' build argument 'ament_cmake_args' from command line to 'None'
[0.350s] Level 5:colcon.colcon_core.verb:set package 'micro_ros_utilities' build argument 'catkin_cmake_args' from command line to 'None'
[0.350s] Level 5:colcon.colcon_core.verb:set package 'micro_ros_utilities' build argument 'catkin_skip_building_tests' from command line to 'False'
[0.350s] DEBUG:colcon.colcon_core.verb:Building package 'micro_ros_utilities' with the following arguments: {'ament_cmake_args': None, 'build_base': '/root/ros_ws/src/Rescue_Car_ws/build/micro_ros_utilities', 'catkin_cmake_args': None, 'catkin_skip_building_tests': False, 'cmake_args': None, 'cmake_clean_cache': False, 'cmake_clean_first': False, 'cmake_force_configure': False, 'cmake_target': None, 'cmake_target_skip_unavailable': False, 'install_base': '/root/ros_ws/src/Rescue_Car_ws/install/micro_ros_utilities', 'merge_install': False, 'path': '/root/ros_ws/src/Rescue_Car_ws/src/microros/src/uros/micro_ros_utilities', 'symlink_install': False, 'test_result_base': None}
[0.350s] Level 5:colcon.colcon_core.verb:set package 'microcdr' build argument 'cmake_args' from command line to 'None'
[0.350s] Level 5:colcon.colcon_core.verb:overwrite package 'microcdr' build argument 'cmake_args' from package metadata with '['-DUCDR_ISOLATED_INSTALL=OFF']' (before: 'None')
[0.350s] Level 5:colcon.colcon_core.verb:set package 'microcdr' build argument 'cmake_target' from command line to 'None'
[0.350s] Level 5:colcon.colcon_core.verb:set package 'microcdr' build argument 'cmake_target_skip_unavailable' from command line to 'False'
[0.350s] Level 5:colcon.colcon_core.verb:set package 'microcdr' build argument 'cmake_clean_cache' from command line to 'False'
[0.350s] Level 5:colcon.colcon_core.verb:set package 'microcdr' build argument 'cmake_clean_first' from command line to 'False'
[0.350s] Level 5:colcon.colcon_core.verb:set package 'microcdr' build argument 'cmake_force_configure' from command line to 'False'
[0.350s] Level 5:colcon.colcon_core.verb:set package 'microcdr' build argument 'ament_cmake_args' from command line to 'None'
[0.350s] Level 5:colcon.colcon_core.verb:set package 'microcdr' build argument 'catkin_cmake_args' from command line to 'None'
[0.350s] Level 5:colcon.colcon_core.verb:set package 'microcdr' build argument 'catkin_skip_building_tests' from command line to 'False'
[0.350s] DEBUG:colcon.colcon_core.verb:Building package 'microcdr' with the following arguments: {'ament_cmake_args': None, 'build_base': '/root/ros_ws/src/Rescue_Car_ws/build/microcdr', 'catkin_cmake_args': None, 'catkin_skip_building_tests': False, 'cmake_args': ['-DUCDR_ISOLATED_INSTALL=OFF'], 'cmake_clean_cache': False, 'cmake_clean_first': False, 'cmake_force_configure': False, 'cmake_target': None, 'cmake_target_skip_unavailable': False, 'install_base': '/root/ros_ws/src/Rescue_Car_ws/install/microcdr', 'merge_install': False, 'path': '/root/ros_ws/src/Rescue_Car_ws/src/microros/src/eProsima/Micro-CDR', 'symlink_install': False, 'test_result_base': None}
[0.350s] Level 5:colcon.colcon_core.verb:set package 'std_srvs' build argument 'cmake_args' from command line to 'None'
[0.350s] Level 5:colcon.colcon_core.verb:set package 'std_srvs' build argument 'cmake_target' from command line to 'None'
[0.350s] Level 5:colcon.colcon_core.verb:set package 'std_srvs' build argument 'cmake_target_skip_unavailable' from command line to 'False'
[0.350s] Level 5:colcon.colcon_core.verb:set package 'std_srvs' build argument 'cmake_clean_cache' from command line to 'False'
[0.350s] Level 5:colcon.colcon_core.verb:set package 'std_srvs' build argument 'cmake_clean_first' from command line to 'False'
[0.350s] Level 5:colcon.colcon_core.verb:set package 'std_srvs' build argument 'cmake_force_configure' from command line to 'False'
[0.350s] Level 5:colcon.colcon_core.verb:set package 'std_srvs' build argument 'ament_cmake_args' from command line to 'None'
[0.350s] Level 5:colcon.colcon_core.verb:set package 'std_srvs' build argument 'catkin_cmake_args' from command line to 'None'
[0.350s] Level 5:colcon.colcon_core.verb:set package 'std_srvs' build argument 'catkin_skip_building_tests' from command line to 'False'
[0.350s] DEBUG:colcon.colcon_core.verb:Building package 'std_srvs' with the following arguments: {'ament_cmake_args': None, 'build_base': '/root/ros_ws/src/Rescue_Car_ws/build/std_srvs', 'catkin_cmake_args': None, 'catkin_skip_building_tests': False, 'cmake_args': None, 'cmake_clean_cache': False, 'cmake_clean_first': False, 'cmake_force_configure': False, 'cmake_target': None, 'cmake_target_skip_unavailable': False, 'install_base': '/root/ros_ws/src/Rescue_Car_ws/install/std_srvs', 'merge_install': False, 'path': '/root/ros_ws/src/Rescue_Car_ws/src/microros/src/ros2/common_interfaces/std_srvs', 'symlink_install': False, 'test_result_base': None}
[0.350s] Level 5:colcon.colcon_core.verb:set package 'unique_identifier_msgs' build argument 'cmake_args' from command line to 'None'
[0.350s] Level 5:colcon.colcon_core.verb:set package 'unique_identifier_msgs' build argument 'cmake_target' from command line to 'None'
[0.350s] Level 5:colcon.colcon_core.verb:set package 'unique_identifier_msgs' build argument 'cmake_target_skip_unavailable' from command line to 'False'
[0.350s] Level 5:colcon.colcon_core.verb:set package 'unique_identifier_msgs' build argument 'cmake_clean_cache' from command line to 'False'
[0.350s] Level 5:colcon.colcon_core.verb:set package 'unique_identifier_msgs' build argument 'cmake_clean_first' from command line to 'False'
[0.350s] Level 5:colcon.colcon_core.verb:set package 'unique_identifier_msgs' build argument 'cmake_force_configure' from command line to 'False'
[0.350s] Level 5:colcon.colcon_core.verb:set package 'unique_identifier_msgs' build argument 'ament_cmake_args' from command line to 'None'
[0.350s] Level 5:colcon.colcon_core.verb:set package 'unique_identifier_msgs' build argument 'catkin_cmake_args' from command line to 'None'
[0.350s] Level 5:colcon.colcon_core.verb:set package 'unique_identifier_msgs' build argument 'catkin_skip_building_tests' from command line to 'False'
[0.350s] DEBUG:colcon.colcon_core.verb:Building package 'unique_identifier_msgs' with the following arguments: {'ament_cmake_args': None, 'build_base': '/root/ros_ws/src/Rescue_Car_ws/build/unique_identifier_msgs', 'catkin_cmake_args': None, 'catkin_skip_building_tests': False, 'cmake_args': None, 'cmake_clean_cache': False, 'cmake_clean_first': False, 'cmake_force_configure': False, 'cmake_target': None, 'cmake_target_skip_unavailable': False, 'install_base': '/root/ros_ws/src/Rescue_Car_ws/install/unique_identifier_msgs', 'merge_install': False, 'path': '/root/ros_ws/src/Rescue_Car_ws/src/microros/src/ros2/unique_identifier_msgs', 'symlink_install': False, 'test_result_base': None}
[0.351s] Level 5:colcon.colcon_core.verb:set package 'action_msgs' build argument 'cmake_args' from command line to 'None'
[0.351s] Level 5:colcon.colcon_core.verb:set package 'action_msgs' build argument 'cmake_target' from command line to 'None'
[0.351s] Level 5:colcon.colcon_core.verb:set package 'action_msgs' build argument 'cmake_target_skip_unavailable' from command line to 'False'
[0.351s] Level 5:colcon.colcon_core.verb:set package 'action_msgs' build argument 'cmake_clean_cache' from command line to 'False'
[0.351s] Level 5:colcon.colcon_core.verb:set package 'action_msgs' build argument 'cmake_clean_first' from command line to 'False'
[0.351s] Level 5:colcon.colcon_core.verb:set package 'action_msgs' build argument 'cmake_force_configure' from command line to 'False'
[0.351s] Level 5:colcon.colcon_core.verb:set package 'action_msgs' build argument 'ament_cmake_args' from command line to 'None'
[0.351s] Level 5:colcon.colcon_core.verb:set package 'action_msgs' build argument 'catkin_cmake_args' from command line to 'None'
[0.351s] Level 5:colcon.colcon_core.verb:set package 'action_msgs' build argument 'catkin_skip_building_tests' from command line to 'False'
[0.351s] DEBUG:colcon.colcon_core.verb:Building package 'action_msgs' with the following arguments: {'ament_cmake_args': None, 'build_base': '/root/ros_ws/src/Rescue_Car_ws/build/action_msgs', 'catkin_cmake_args': None, 'catkin_skip_building_tests': False, 'cmake_args': None, 'cmake_clean_cache': False, 'cmake_clean_first': False, 'cmake_force_configure': False, 'cmake_target': None, 'cmake_target_skip_unavailable': False, 'install_base': '/root/ros_ws/src/Rescue_Car_ws/install/action_msgs', 'merge_install': False, 'path': '/root/ros_ws/src/Rescue_Car_ws/src/microros/src/ros2/rcl_interfaces/action_msgs', 'symlink_install': False, 'test_result_base': None}
[0.351s] Level 5:colcon.colcon_core.verb:set package 'complex_msgs' build argument 'cmake_args' from command line to 'None'
[0.351s] Level 5:colcon.colcon_core.verb:set package 'complex_msgs' build argument 'cmake_target' from command line to 'None'
[0.351s] Level 5:colcon.colcon_core.verb:set package 'complex_msgs' build argument 'cmake_target_skip_unavailable' from command line to 'False'
[0.351s] Level 5:colcon.colcon_core.verb:set package 'complex_msgs' build argument 'cmake_clean_cache' from command line to 'False'
[0.351s] Level 5:colcon.colcon_core.verb:set package 'complex_msgs' build argument 'cmake_clean_first' from command line to 'False'
[0.351s] Level 5:colcon.colcon_core.verb:set package 'complex_msgs' build argument 'cmake_force_configure' from command line to 'False'
[0.351s] Level 5:colcon.colcon_core.verb:set package 'complex_msgs' build argument 'ament_cmake_args' from command line to 'None'
[0.351s] Level 5:colcon.colcon_core.verb:set package 'complex_msgs' build argument 'catkin_cmake_args' from command line to 'None'
[0.351s] Level 5:colcon.colcon_core.verb:set package 'complex_msgs' build argument 'catkin_skip_building_tests' from command line to 'False'
[0.351s] DEBUG:colcon.colcon_core.verb:Building package 'complex_msgs' with the following arguments: {'ament_cmake_args': None, 'build_base': '/root/ros_ws/src/Rescue_Car_ws/build/complex_msgs', 'catkin_cmake_args': None, 'catkin_skip_building_tests': False, 'cmake_args': None, 'cmake_clean_cache': False, 'cmake_clean_first': False, 'cmake_force_configure': False, 'cmake_target': None, 'cmake_target_skip_unavailable': False, 'install_base': '/root/ros_ws/src/Rescue_Car_ws/install/complex_msgs', 'merge_install': False, 'path': '/root/ros_ws/src/Rescue_Car_ws/src/microros/src/uros/micro-ROS-demos/messages/complex_msg', 'symlink_install': False, 'test_result_base': None}
[0.351s] Level 5:colcon.colcon_core.verb:set package 'micro_ros_agent' build argument 'cmake_args' from command line to 'None'
[0.351s] Level 5:colcon.colcon_core.verb:set package 'micro_ros_agent' build argument 'cmake_target' from command line to 'None'
[0.351s] Level 5:colcon.colcon_core.verb:set package 'micro_ros_agent' build argument 'cmake_target_skip_unavailable' from command line to 'False'
[0.351s] Level 5:colcon.colcon_core.verb:set package 'micro_ros_agent' build argument 'cmake_clean_cache' from command line to 'False'
[0.351s] Level 5:colcon.colcon_core.verb:set package 'micro_ros_agent' build argument 'cmake_clean_first' from command line to 'False'
[0.351s] Level 5:colcon.colcon_core.verb:set package 'micro_ros_agent' build argument 'cmake_force_configure' from command line to 'False'
[0.351s] Level 5:colcon.colcon_core.verb:set package 'micro_ros_agent' build argument 'ament_cmake_args' from command line to 'None'
[0.351s] Level 5:colcon.colcon_core.verb:set package 'micro_ros_agent' build argument 'catkin_cmake_args' from command line to 'None'
[0.351s] Level 5:colcon.colcon_core.verb:set package 'micro_ros_agent' build argument 'catkin_skip_building_tests' from command line to 'False'
[0.351s] DEBUG:colcon.colcon_core.verb:Building package 'micro_ros_agent' with the following arguments: {'ament_cmake_args': None, 'build_base': '/root/ros_ws/src/Rescue_Car_ws/build/micro_ros_agent', 'catkin_cmake_args': None, 'catkin_skip_building_tests': False, 'cmake_args': None, 'cmake_clean_cache': False, 'cmake_clean_first': False, 'cmake_force_configure': False, 'cmake_target': None, 'cmake_target_skip_unavailable': False, 'install_base': '/root/ros_ws/src/Rescue_Car_ws/install/micro_ros_agent', 'merge_install': False, 'path': '/root/ros_ws/src/Rescue_Car_ws/src/microros/src/uros/micro-ROS-Agent/micro_ros_agent', 'symlink_install': False, 'test_result_base': None}
[0.352s] Level 5:colcon.colcon_core.verb:set package 'microxrcedds_client' build argument 'cmake_args' from command line to 'None'
[0.352s] Level 5:colcon.colcon_core.verb:overwrite package 'microxrcedds_client' build argument 'cmake_args' from package metadata with '['-DUCLIENT_ISOLATED_INSTALL=OFF', '-DUCLIENT_SUPERBUILD=OFF']' (before: 'None')
[0.352s] Level 5:colcon.colcon_core.verb:set package 'microxrcedds_client' build argument 'cmake_target' from command line to 'None'
[0.352s] Level 5:colcon.colcon_core.verb:set package 'microxrcedds_client' build argument 'cmake_target_skip_unavailable' from command line to 'False'
[0.352s] Level 5:colcon.colcon_core.verb:set package 'microxrcedds_client' build argument 'cmake_clean_cache' from command line to 'False'
[0.352s] Level 5:colcon.colcon_core.verb:set package 'microxrcedds_client' build argument 'cmake_clean_first' from command line to 'False'
[0.352s] Level 5:colcon.colcon_core.verb:set package 'microxrcedds_client' build argument 'cmake_force_configure' from command line to 'False'
[0.352s] Level 5:colcon.colcon_core.verb:set package 'microxrcedds_client' build argument 'ament_cmake_args' from command line to 'None'
[0.352s] Level 5:colcon.colcon_core.verb:set package 'microxrcedds_client' build argument 'catkin_cmake_args' from command line to 'None'
[0.352s] Level 5:colcon.colcon_core.verb:set package 'microxrcedds_client' build argument 'catkin_skip_building_tests' from command line to 'False'
[0.352s] DEBUG:colcon.colcon_core.verb:Building package 'microxrcedds_client' with the following arguments: {'ament_cmake_args': None, 'build_base': '/root/ros_ws/src/Rescue_Car_ws/build/microxrcedds_client', 'catkin_cmake_args': None, 'catkin_skip_building_tests': False, 'cmake_args': ['-DUCLIENT_ISOLATED_INSTALL=OFF', '-DUCLIENT_SUPERBUILD=OFF'], 'cmake_clean_cache': False, 'cmake_clean_first': False, 'cmake_force_configure': False, 'cmake_target': None, 'cmake_target_skip_unavailable': False, 'install_base': '/root/ros_ws/src/Rescue_Car_ws/install/microxrcedds_client', 'merge_install': False, 'path': '/root/ros_ws/src/Rescue_Car_ws/src/microros/src/eProsima/Micro-XRCE-DDS-Client', 'symlink_install': False, 'test_result_base': None}
[0.352s] Level 5:colcon.colcon_core.verb:set package 'rcl_interfaces' build argument 'cmake_args' from command line to 'None'
[0.352s] Level 5:colcon.colcon_core.verb:set package 'rcl_interfaces' build argument 'cmake_target' from command line to 'None'
[0.352s] Level 5:colcon.colcon_core.verb:set package 'rcl_interfaces' build argument 'cmake_target_skip_unavailable' from command line to 'False'
[0.352s] Level 5:colcon.colcon_core.verb:set package 'rcl_interfaces' build argument 'cmake_clean_cache' from command line to 'False'
[0.352s] Level 5:colcon.colcon_core.verb:set package 'rcl_interfaces' build argument 'cmake_clean_first' from command line to 'False'
[0.352s] Level 5:colcon.colcon_core.verb:set package 'rcl_interfaces' build argument 'cmake_force_configure' from command line to 'False'
[0.352s] Level 5:colcon.colcon_core.verb:set package 'rcl_interfaces' build argument 'ament_cmake_args' from command line to 'None'
[0.352s] Level 5:colcon.colcon_core.verb:set package 'rcl_interfaces' build argument 'catkin_cmake_args' from command line to 'None'
[0.352s] Level 5:colcon.colcon_core.verb:set package 'rcl_interfaces' build argument 'catkin_skip_building_tests' from command line to 'False'
[0.352s] DEBUG:colcon.colcon_core.verb:Building package 'rcl_interfaces' with the following arguments: {'ament_cmake_args': None, 'build_base': '/root/ros_ws/src/Rescue_Car_ws/build/rcl_interfaces', 'catkin_cmake_args': None, 'catkin_skip_building_tests': False, 'cmake_args': None, 'cmake_clean_cache': False, 'cmake_clean_first': False, 'cmake_force_configure': False, 'cmake_target': None, 'cmake_target_skip_unavailable': False, 'install_base': '/root/ros_ws/src/Rescue_Car_ws/install/rcl_interfaces', 'merge_install': False, 'path': '/root/ros_ws/src/Rescue_Car_ws/src/microros/src/ros2/rcl_interfaces/rcl_interfaces', 'symlink_install': False, 'test_result_base': None}
[0.352s] Level 5:colcon.colcon_core.verb:set package 'rosgraph_msgs' build argument 'cmake_args' from command line to 'None'
[0.352s] Level 5:colcon.colcon_core.verb:set package 'rosgraph_msgs' build argument 'cmake_target' from command line to 'None'
[0.352s] Level 5:colcon.colcon_core.verb:set package 'rosgraph_msgs' build argument 'cmake_target_skip_unavailable' from command line to 'False'
[0.352s] Level 5:colcon.colcon_core.verb:set package 'rosgraph_msgs' build argument 'cmake_clean_cache' from command line to 'False'
[0.352s] Level 5:colcon.colcon_core.verb:set package 'rosgraph_msgs' build argument 'cmake_clean_first' from command line to 'False'
[0.352s] Level 5:colcon.colcon_core.verb:set package 'rosgraph_msgs' build argument 'cmake_force_configure' from command line to 'False'
[0.352s] Level 5:colcon.colcon_core.verb:set package 'rosgraph_msgs' build argument 'ament_cmake_args' from command line to 'None'
[0.352s] Level 5:colcon.colcon_core.verb:set package 'rosgraph_msgs' build argument 'catkin_cmake_args' from command line to 'None'
[0.352s] Level 5:colcon.colcon_core.verb:set package 'rosgraph_msgs' build argument 'catkin_skip_building_tests' from command line to 'False'
[0.352s] DEBUG:colcon.colcon_core.verb:Building package 'rosgraph_msgs' with the following arguments: {'ament_cmake_args': None, 'build_base': '/root/ros_ws/src/Rescue_Car_ws/build/rosgraph_msgs', 'catkin_cmake_args': None, 'catkin_skip_building_tests': False, 'cmake_args': None, 'cmake_clean_cache': False, 'cmake_clean_first': False, 'cmake_force_configure': False, 'cmake_target': None, 'cmake_target_skip_unavailable': False, 'install_base': '/root/ros_ws/src/Rescue_Car_ws/install/rosgraph_msgs', 'merge_install': False, 'path': '/root/ros_ws/src/Rescue_Car_ws/src/microros/src/ros2/rcl_interfaces/rosgraph_msgs', 'symlink_install': False, 'test_result_base': None}
[0.353s] Level 5:colcon.colcon_core.verb:set package 'rosidl_typesupport_microxrcedds_c' build argument 'cmake_args' from command line to 'None'
[0.353s] Level 5:colcon.colcon_core.verb:set package 'rosidl_typesupport_microxrcedds_c' build argument 'cmake_target' from command line to 'None'
[0.353s] Level 5:colcon.colcon_core.verb:set package 'rosidl_typesupport_microxrcedds_c' build argument 'cmake_target_skip_unavailable' from command line to 'False'
[0.353s] Level 5:colcon.colcon_core.verb:set package 'rosidl_typesupport_microxrcedds_c' build argument 'cmake_clean_cache' from command line to 'False'
[0.353s] Level 5:colcon.colcon_core.verb:set package 'rosidl_typesupport_microxrcedds_c' build argument 'cmake_clean_first' from command line to 'False'
[0.353s] Level 5:colcon.colcon_core.verb:set package 'rosidl_typesupport_microxrcedds_c' build argument 'cmake_force_configure' from command line to 'False'
[0.353s] Level 5:colcon.colcon_core.verb:set package 'rosidl_typesupport_microxrcedds_c' build argument 'ament_cmake_args' from command line to 'None'
[0.353s] Level 5:colcon.colcon_core.verb:set package 'rosidl_typesupport_microxrcedds_c' build argument 'catkin_cmake_args' from command line to 'None'
[0.353s] Level 5:colcon.colcon_core.verb:set package 'rosidl_typesupport_microxrcedds_c' build argument 'catkin_skip_building_tests' from command line to 'False'
[0.353s] DEBUG:colcon.colcon_core.verb:Building package 'rosidl_typesupport_microxrcedds_c' with the following arguments: {'ament_cmake_args': None, 'build_base': '/root/ros_ws/src/Rescue_Car_ws/build/rosidl_typesupport_microxrcedds_c', 'catkin_cmake_args': None, 'catkin_skip_building_tests': False, 'cmake_args': None, 'cmake_clean_cache': False, 'cmake_clean_first': False, 'cmake_force_configure': False, 'cmake_target': None, 'cmake_target_skip_unavailable': False, 'install_base': '/root/ros_ws/src/Rescue_Car_ws/install/rosidl_typesupport_microxrcedds_c', 'merge_install': False, 'path': '/root/ros_ws/src/Rescue_Car_ws/src/microros/src/uros/rosidl_typesupport_microxrcedds/rosidl_typesupport_microxrcedds_c', 'symlink_install': False, 'test_result_base': None}
[0.353s] Level 5:colcon.colcon_core.verb:set package 'statistics_msgs' build argument 'cmake_args' from command line to 'None'
[0.353s] Level 5:colcon.colcon_core.verb:set package 'statistics_msgs' build argument 'cmake_target' from command line to 'None'
[0.353s] Level 5:colcon.colcon_core.verb:set package 'statistics_msgs' build argument 'cmake_target_skip_unavailable' from command line to 'False'
[0.353s] Level 5:colcon.colcon_core.verb:set package 'statistics_msgs' build argument 'cmake_clean_cache' from command line to 'False'
[0.353s] Level 5:colcon.colcon_core.verb:set package 'statistics_msgs' build argument 'cmake_clean_first' from command line to 'False'
[0.353s] Level 5:colcon.colcon_core.verb:set package 'statistics_msgs' build argument 'cmake_force_configure' from command line to 'False'
[0.353s] Level 5:colcon.colcon_core.verb:set package 'statistics_msgs' build argument 'ament_cmake_args' from command line to 'None'
[0.353s] Level 5:colcon.colcon_core.verb:set package 'statistics_msgs' build argument 'catkin_cmake_args' from command line to 'None'
[0.353s] Level 5:colcon.colcon_core.verb:set package 'statistics_msgs' build argument 'catkin_skip_building_tests' from command line to 'False'
[0.353s] DEBUG:colcon.colcon_core.verb:Building package 'statistics_msgs' with the following arguments: {'ament_cmake_args': None, 'build_base': '/root/ros_ws/src/Rescue_Car_ws/build/statistics_msgs', 'catkin_cmake_args': None, 'catkin_skip_building_tests': False, 'cmake_args': None, 'cmake_clean_cache': False, 'cmake_clean_first': False, 'cmake_force_configure': False, 'cmake_target': None, 'cmake_target_skip_unavailable': False, 'install_base': '/root/ros_ws/src/Rescue_Car_ws/install/statistics_msgs', 'merge_install': False, 'path': '/root/ros_ws/src/Rescue_Car_ws/src/microros/src/ros2/rcl_interfaces/statistics_msgs', 'symlink_install': False, 'test_result_base': None}
[0.353s] Level 5:colcon.colcon_core.verb:set package 'std_msgs' build argument 'cmake_args' from command line to 'None'
[0.353s] Level 5:colcon.colcon_core.verb:set package 'std_msgs' build argument 'cmake_target' from command line to 'None'
[0.353s] Level 5:colcon.colcon_core.verb:set package 'std_msgs' build argument 'cmake_target_skip_unavailable' from command line to 'False'
[0.353s] Level 5:colcon.colcon_core.verb:set package 'std_msgs' build argument 'cmake_clean_cache' from command line to 'False'
[0.353s] Level 5:colcon.colcon_core.verb:set package 'std_msgs' build argument 'cmake_clean_first' from command line to 'False'
[0.353s] Level 5:colcon.colcon_core.verb:set package 'std_msgs' build argument 'cmake_force_configure' from command line to 'False'
[0.353s] Level 5:colcon.colcon_core.verb:set package 'std_msgs' build argument 'ament_cmake_args' from command line to 'None'
[0.353s] Level 5:colcon.colcon_core.verb:set package 'std_msgs' build argument 'catkin_cmake_args' from command line to 'None'
[0.353s] Level 5:colcon.colcon_core.verb:set package 'std_msgs' build argument 'catkin_skip_building_tests' from command line to 'False'
[0.353s] DEBUG:colcon.colcon_core.verb:Building package 'std_msgs' with the following arguments: {'ament_cmake_args': None, 'build_base': '/root/ros_ws/src/Rescue_Car_ws/build/std_msgs', 'catkin_cmake_args': None, 'catkin_skip_building_tests': False, 'cmake_args': None, 'cmake_clean_cache': False, 'cmake_clean_first': False, 'cmake_force_configure': False, 'cmake_target': None, 'cmake_target_skip_unavailable': False, 'install_base': '/root/ros_ws/src/Rescue_Car_ws/install/std_msgs', 'merge_install': False, 'path': '/root/ros_ws/src/Rescue_Car_ws/src/microros/src/ros2/common_interfaces/std_msgs', 'symlink_install': False, 'test_result_base': None}
[0.353s] Level 5:colcon.colcon_core.verb:set package 'actionlib_msgs' build argument 'cmake_args' from command line to 'None'
[0.353s] Level 5:colcon.colcon_core.verb:set package 'actionlib_msgs' build argument 'cmake_target' from command line to 'None'
[0.353s] Level 5:colcon.colcon_core.verb:set package 'actionlib_msgs' build argument 'cmake_target_skip_unavailable' from command line to 'False'
[0.354s] Level 5:colcon.colcon_core.verb:set package 'actionlib_msgs' build argument 'cmake_clean_cache' from command line to 'False'
[0.354s] Level 5:colcon.colcon_core.verb:set package 'actionlib_msgs' build argument 'cmake_clean_first' from command line to 'False'
[0.354s] Level 5:colcon.colcon_core.verb:set package 'actionlib_msgs' build argument 'cmake_force_configure' from command line to 'False'
[0.354s] Level 5:colcon.colcon_core.verb:set package 'actionlib_msgs' build argument 'ament_cmake_args' from command line to 'None'
[0.354s] Level 5:colcon.colcon_core.verb:set package 'actionlib_msgs' build argument 'catkin_cmake_args' from command line to 'None'
[0.354s] Level 5:colcon.colcon_core.verb:set package 'actionlib_msgs' build argument 'catkin_skip_building_tests' from command line to 'False'
[0.354s] DEBUG:colcon.colcon_core.verb:Building package 'actionlib_msgs' with the following arguments: {'ament_cmake_args': None, 'build_base': '/root/ros_ws/src/Rescue_Car_ws/build/actionlib_msgs', 'catkin_cmake_args': None, 'catkin_skip_building_tests': False, 'cmake_args': None, 'cmake_clean_cache': False, 'cmake_clean_first': False, 'cmake_force_configure': False, 'cmake_target': None, 'cmake_target_skip_unavailable': False, 'install_base': '/root/ros_ws/src/Rescue_Car_ws/install/actionlib_msgs', 'merge_install': False, 'path': '/root/ros_ws/src/Rescue_Car_ws/src/microros/src/ros2/common_interfaces/actionlib_msgs', 'symlink_install': False, 'test_result_base': None}
[0.354s] Level 5:colcon.colcon_core.verb:set package 'composition_interfaces' build argument 'cmake_args' from command line to 'None'
[0.354s] Level 5:colcon.colcon_core.verb:set package 'composition_interfaces' build argument 'cmake_target' from command line to 'None'
[0.354s] Level 5:colcon.colcon_core.verb:set package 'composition_interfaces' build argument 'cmake_target_skip_unavailable' from command line to 'False'
[0.354s] Level 5:colcon.colcon_core.verb:set package 'composition_interfaces' build argument 'cmake_clean_cache' from command line to 'False'
[0.354s] Level 5:colcon.colcon_core.verb:set package 'composition_interfaces' build argument 'cmake_clean_first' from command line to 'False'
[0.354s] Level 5:colcon.colcon_core.verb:set package 'composition_interfaces' build argument 'cmake_force_configure' from command line to 'False'
[0.354s] Level 5:colcon.colcon_core.verb:set package 'composition_interfaces' build argument 'ament_cmake_args' from command line to 'None'
[0.354s] Level 5:colcon.colcon_core.verb:set package 'composition_interfaces' build argument 'catkin_cmake_args' from command line to 'None'
[0.354s] Level 5:colcon.colcon_core.verb:set package 'composition_interfaces' build argument 'catkin_skip_building_tests' from command line to 'False'
[0.354s] DEBUG:colcon.colcon_core.verb:Building package 'composition_interfaces' with the following arguments: {'ament_cmake_args': None, 'build_base': '/root/ros_ws/src/Rescue_Car_ws/build/composition_interfaces', 'catkin_cmake_args': None, 'catkin_skip_building_tests': False, 'cmake_args': None, 'cmake_clean_cache': False, 'cmake_clean_first': False, 'cmake_force_configure': False, 'cmake_target': None, 'cmake_target_skip_unavailable': False, 'install_base': '/root/ros_ws/src/Rescue_Car_ws/install/composition_interfaces', 'merge_install': False, 'path': '/root/ros_ws/src/Rescue_Car_ws/src/microros/src/ros2/rcl_interfaces/composition_interfaces', 'symlink_install': False, 'test_result_base': None}
[0.354s] Level 5:colcon.colcon_core.verb:set package 'example_interfaces' build argument 'cmake_args' from command line to 'None'
[0.354s] Level 5:colcon.colcon_core.verb:set package 'example_interfaces' build argument 'cmake_target' from command line to 'None'
[0.354s] Level 5:colcon.colcon_core.verb:set package 'example_interfaces' build argument 'cmake_target_skip_unavailable' from command line to 'False'
[0.354s] Level 5:colcon.colcon_core.verb:set package 'example_interfaces' build argument 'cmake_clean_cache' from command line to 'False'
[0.354s] Level 5:colcon.colcon_core.verb:set package 'example_interfaces' build argument 'cmake_clean_first' from command line to 'False'
[0.354s] Level 5:colcon.colcon_core.verb:set package 'example_interfaces' build argument 'cmake_force_configure' from command line to 'False'
[0.354s] Level 5:colcon.colcon_core.verb:set package 'example_interfaces' build argument 'ament_cmake_args' from command line to 'None'
[0.354s] Level 5:colcon.colcon_core.verb:set package 'example_interfaces' build argument 'catkin_cmake_args' from command line to 'None'
[0.354s] Level 5:colcon.colcon_core.verb:set package 'example_interfaces' build argument 'catkin_skip_building_tests' from command line to 'False'
[0.354s] DEBUG:colcon.colcon_core.verb:Building package 'example_interfaces' with the following arguments: {'ament_cmake_args': None, 'build_base': '/root/ros_ws/src/Rescue_Car_ws/build/example_interfaces', 'catkin_cmake_args': None, 'catkin_skip_building_tests': False, 'cmake_args': None, 'cmake_clean_cache': False, 'cmake_clean_first': False, 'cmake_force_configure': False, 'cmake_target': None, 'cmake_target_skip_unavailable': False, 'install_base': '/root/ros_ws/src/Rescue_Car_ws/install/example_interfaces', 'merge_install': False, 'path': '/root/ros_ws/src/Rescue_Car_ws/src/microros/src/ros2/example_interfaces', 'symlink_install': False, 'test_result_base': None}
[0.354s] Level 5:colcon.colcon_core.verb:set package 'geometry_msgs' build argument 'cmake_args' from command line to 'None'
[0.354s] Level 5:colcon.colcon_core.verb:set package 'geometry_msgs' build argument 'cmake_target' from command line to 'None'
[0.354s] Level 5:colcon.colcon_core.verb:set package 'geometry_msgs' build argument 'cmake_target_skip_unavailable' from command line to 'False'
[0.354s] Level 5:colcon.colcon_core.verb:set package 'geometry_msgs' build argument 'cmake_clean_cache' from command line to 'False'
[0.354s] Level 5:colcon.colcon_core.verb:set package 'geometry_msgs' build argument 'cmake_clean_first' from command line to 'False'
[0.354s] Level 5:colcon.colcon_core.verb:set package 'geometry_msgs' build argument 'cmake_force_configure' from command line to 'False'
[0.354s] Level 5:colcon.colcon_core.verb:set package 'geometry_msgs' build argument 'ament_cmake_args' from command line to 'None'
[0.354s] Level 5:colcon.colcon_core.verb:set package 'geometry_msgs' build argument 'catkin_cmake_args' from command line to 'None'
[0.354s] Level 5:colcon.colcon_core.verb:set package 'geometry_msgs' build argument 'catkin_skip_building_tests' from command line to 'False'
[0.354s] DEBUG:colcon.colcon_core.verb:Building package 'geometry_msgs' with the following arguments: {'ament_cmake_args': None, 'build_base': '/root/ros_ws/src/Rescue_Car_ws/build/geometry_msgs', 'catkin_cmake_args': None, 'catkin_skip_building_tests': False, 'cmake_args': None, 'cmake_clean_cache': False, 'cmake_clean_first': False, 'cmake_force_configure': False, 'cmake_target': None, 'cmake_target_skip_unavailable': False, 'install_base': '/root/ros_ws/src/Rescue_Car_ws/install/geometry_msgs', 'merge_install': False, 'path': '/root/ros_ws/src/Rescue_Car_ws/src/microros/src/ros2/common_interfaces/geometry_msgs', 'symlink_install': False, 'test_result_base': None}
[0.355s] Level 5:colcon.colcon_core.verb:set package 'rosidl_typesupport_microxrcedds_cpp' build argument 'cmake_args' from command line to 'None'
[0.355s] Level 5:colcon.colcon_core.verb:set package 'rosidl_typesupport_microxrcedds_cpp' build argument 'cmake_target' from command line to 'None'
[0.355s] Level 5:colcon.colcon_core.verb:set package 'rosidl_typesupport_microxrcedds_cpp' build argument 'cmake_target_skip_unavailable' from command line to 'False'
[0.355s] Level 5:colcon.colcon_core.verb:set package 'rosidl_typesupport_microxrcedds_cpp' build argument 'cmake_clean_cache' from command line to 'False'
[0.355s] Level 5:colcon.colcon_core.verb:set package 'rosidl_typesupport_microxrcedds_cpp' build argument 'cmake_clean_first' from command line to 'False'
[0.355s] Level 5:colcon.colcon_core.verb:set package 'rosidl_typesupport_microxrcedds_cpp' build argument 'cmake_force_configure' from command line to 'False'
[0.355s] Level 5:colcon.colcon_core.verb:set package 'rosidl_typesupport_microxrcedds_cpp' build argument 'ament_cmake_args' from command line to 'None'
[0.355s] Level 5:colcon.colcon_core.verb:set package 'rosidl_typesupport_microxrcedds_cpp' build argument 'catkin_cmake_args' from command line to 'None'
[0.355s] Level 5:colcon.colcon_core.verb:set package 'rosidl_typesupport_microxrcedds_cpp' build argument 'catkin_skip_building_tests' from command line to 'False'
[0.355s] DEBUG:colcon.colcon_core.verb:Building package 'rosidl_typesupport_microxrcedds_cpp' with the following arguments: {'ament_cmake_args': None, 'build_base': '/root/ros_ws/src/Rescue_Car_ws/build/rosidl_typesupport_microxrcedds_cpp', 'catkin_cmake_args': None, 'catkin_skip_building_tests': False, 'cmake_args': None, 'cmake_clean_cache': False, 'cmake_clean_first': False, 'cmake_force_configure': False, 'cmake_target': None, 'cmake_target_skip_unavailable': False, 'install_base': '/root/ros_ws/src/Rescue_Car_ws/install/rosidl_typesupport_microxrcedds_cpp', 'merge_install': False, 'path': '/root/ros_ws/src/Rescue_Car_ws/src/microros/src/uros/rosidl_typesupport_microxrcedds/rosidl_typesupport_microxrcedds_cpp', 'symlink_install': False, 'test_result_base': None}
[0.355s] Level 5:colcon.colcon_core.verb:set package 'test_msgs' build argument 'cmake_args' from command line to 'None'
[0.355s] Level 5:colcon.colcon_core.verb:set package 'test_msgs' build argument 'cmake_target' from command line to 'None'
[0.355s] Level 5:colcon.colcon_core.verb:set package 'test_msgs' build argument 'cmake_target_skip_unavailable' from command line to 'False'
[0.355s] Level 5:colcon.colcon_core.verb:set package 'test_msgs' build argument 'cmake_clean_cache' from command line to 'False'
[0.355s] Level 5:colcon.colcon_core.verb:set package 'test_msgs' build argument 'cmake_clean_first' from command line to 'False'
[0.355s] Level 5:colcon.colcon_core.verb:set package 'test_msgs' build argument 'cmake_force_configure' from command line to 'False'
[0.355s] Level 5:colcon.colcon_core.verb:set package 'test_msgs' build argument 'ament_cmake_args' from command line to 'None'
[0.355s] Level 5:colcon.colcon_core.verb:set package 'test_msgs' build argument 'catkin_cmake_args' from command line to 'None'
[0.355s] Level 5:colcon.colcon_core.verb:set package 'test_msgs' build argument 'catkin_skip_building_tests' from command line to 'False'
[0.355s] DEBUG:colcon.colcon_core.verb:Building package 'test_msgs' with the following arguments: {'ament_cmake_args': None, 'build_base': '/root/ros_ws/src/Rescue_Car_ws/build/test_msgs', 'catkin_cmake_args': None, 'catkin_skip_building_tests': False, 'cmake_args': None, 'cmake_clean_cache': False, 'cmake_clean_first': False, 'cmake_force_configure': False, 'cmake_target': None, 'cmake_target_skip_unavailable': False, 'install_base': '/root/ros_ws/src/Rescue_Car_ws/install/test_msgs', 'merge_install': False, 'path': '/root/ros_ws/src/Rescue_Car_ws/src/microros/src/ros2/rcl_interfaces/test_msgs', 'symlink_install': False, 'test_result_base': None}
[0.355s] Level 5:colcon.colcon_core.verb:set package 'diagnostic_msgs' build argument 'cmake_args' from command line to 'None'
[0.355s] Level 5:colcon.colcon_core.verb:set package 'diagnostic_msgs' build argument 'cmake_target' from command line to 'None'
[0.355s] Level 5:colcon.colcon_core.verb:set package 'diagnostic_msgs' build argument 'cmake_target_skip_unavailable' from command line to 'False'
[0.355s] Level 5:colcon.colcon_core.verb:set package 'diagnostic_msgs' build argument 'cmake_clean_cache' from command line to 'False'
[0.355s] Level 5:colcon.colcon_core.verb:set package 'diagnostic_msgs' build argument 'cmake_clean_first' from command line to 'False'
[0.355s] Level 5:colcon.colcon_core.verb:set package 'diagnostic_msgs' build argument 'cmake_force_configure' from command line to 'False'
[0.355s] Level 5:colcon.colcon_core.verb:set package 'diagnostic_msgs' build argument 'ament_cmake_args' from command line to 'None'
[0.355s] Level 5:colcon.colcon_core.verb:set package 'diagnostic_msgs' build argument 'catkin_cmake_args' from command line to 'None'
[0.355s] Level 5:colcon.colcon_core.verb:set package 'diagnostic_msgs' build argument 'catkin_skip_building_tests' from command line to 'False'
[0.355s] DEBUG:colcon.colcon_core.verb:Building package 'diagnostic_msgs' with the following arguments: {'ament_cmake_args': None, 'build_base': '/root/ros_ws/src/Rescue_Car_ws/build/diagnostic_msgs', 'catkin_cmake_args': None, 'catkin_skip_building_tests': False, 'cmake_args': None, 'cmake_clean_cache': False, 'cmake_clean_first': False, 'cmake_force_configure': False, 'cmake_target': None, 'cmake_target_skip_unavailable': False, 'install_base': '/root/ros_ws/src/Rescue_Car_ws/install/diagnostic_msgs', 'merge_install': False, 'path': '/root/ros_ws/src/Rescue_Car_ws/src/microros/src/ros2/common_interfaces/diagnostic_msgs', 'symlink_install': False, 'test_result_base': None}
[0.356s] Level 5:colcon.colcon_core.verb:set package 'nav_msgs' build argument 'cmake_args' from command line to 'None'
[0.356s] Level 5:colcon.colcon_core.verb:set package 'nav_msgs' build argument 'cmake_target' from command line to 'None'
[0.356s] Level 5:colcon.colcon_core.verb:set package 'nav_msgs' build argument 'cmake_target_skip_unavailable' from command line to 'False'
[0.356s] Level 5:colcon.colcon_core.verb:set package 'nav_msgs' build argument 'cmake_clean_cache' from command line to 'False'
[0.356s] Level 5:colcon.colcon_core.verb:set package 'nav_msgs' build argument 'cmake_clean_first' from command line to 'False'
[0.356s] Level 5:colcon.colcon_core.verb:set package 'nav_msgs' build argument 'cmake_force_configure' from command line to 'False'
[0.356s] Level 5:colcon.colcon_core.verb:set package 'nav_msgs' build argument 'ament_cmake_args' from command line to 'None'
[0.356s] Level 5:colcon.colcon_core.verb:set package 'nav_msgs' build argument 'catkin_cmake_args' from command line to 'None'
[0.356s] Level 5:colcon.colcon_core.verb:set package 'nav_msgs' build argument 'catkin_skip_building_tests' from command line to 'False'
[0.356s] DEBUG:colcon.colcon_core.verb:Building package 'nav_msgs' with the following arguments: {'ament_cmake_args': None, 'build_base': '/root/ros_ws/src/Rescue_Car_ws/build/nav_msgs', 'catkin_cmake_args': None, 'catkin_skip_building_tests': False, 'cmake_args': None, 'cmake_clean_cache': False, 'cmake_clean_first': False, 'cmake_force_configure': False, 'cmake_target': None, 'cmake_target_skip_unavailable': False, 'install_base': '/root/ros_ws/src/Rescue_Car_ws/install/nav_msgs', 'merge_install': False, 'path': '/root/ros_ws/src/Rescue_Car_ws/src/microros/src/ros2/common_interfaces/nav_msgs', 'symlink_install': False, 'test_result_base': None}
[0.356s] Level 5:colcon.colcon_core.verb:set package 'rclc' build argument 'cmake_args' from command line to 'None'
[0.356s] Level 5:colcon.colcon_core.verb:set package 'rclc' build argument 'cmake_target' from command line to 'None'
[0.356s] Level 5:colcon.colcon_core.verb:set package 'rclc' build argument 'cmake_target_skip_unavailable' from command line to 'False'
[0.356s] Level 5:colcon.colcon_core.verb:set package 'rclc' build argument 'cmake_clean_cache' from command line to 'False'
[0.356s] Level 5:colcon.colcon_core.verb:set package 'rclc' build argument 'cmake_clean_first' from command line to 'False'
[0.356s] Level 5:colcon.colcon_core.verb:set package 'rclc' build argument 'cmake_force_configure' from command line to 'False'
[0.356s] Level 5:colcon.colcon_core.verb:set package 'rclc' build argument 'ament_cmake_args' from command line to 'None'
[0.356s] Level 5:colcon.colcon_core.verb:set package 'rclc' build argument 'catkin_cmake_args' from command line to 'None'
[0.356s] Level 5:colcon.colcon_core.verb:set package 'rclc' build argument 'catkin_skip_building_tests' from command line to 'False'
[0.356s] DEBUG:colcon.colcon_core.verb:Building package 'rclc' with the following arguments: {'ament_cmake_args': None, 'build_base': '/root/ros_ws/src/Rescue_Car_ws/build/rclc', 'catkin_cmake_args': None, 'catkin_skip_building_tests': False, 'cmake_args': None, 'cmake_clean_cache': False, 'cmake_clean_first': False, 'cmake_force_configure': False, 'cmake_target': None, 'cmake_target_skip_unavailable': False, 'install_base': '/root/ros_ws/src/Rescue_Car_ws/install/rclc', 'merge_install': False, 'path': '/root/ros_ws/src/Rescue_Car_ws/src/microros/src/uros/rclc/rclc', 'symlink_install': False, 'test_result_base': None}
[0.356s] Level 5:colcon.colcon_core.verb:set package 'rmw_microxrcedds' build argument 'cmake_args' from command line to 'None'
[0.356s] Level 5:colcon.colcon_core.verb:set package 'rmw_microxrcedds' build argument 'cmake_target' from command line to 'None'
[0.356s] Level 5:colcon.colcon_core.verb:set package 'rmw_microxrcedds' build argument 'cmake_target_skip_unavailable' from command line to 'False'
[0.356s] Level 5:colcon.colcon_core.verb:set package 'rmw_microxrcedds' build argument 'cmake_clean_cache' from command line to 'False'
[0.356s] Level 5:colcon.colcon_core.verb:set package 'rmw_microxrcedds' build argument 'cmake_clean_first' from command line to 'False'
[0.356s] Level 5:colcon.colcon_core.verb:set package 'rmw_microxrcedds' build argument 'cmake_force_configure' from command line to 'False'
[0.356s] Level 5:colcon.colcon_core.verb:set package 'rmw_microxrcedds' build argument 'ament_cmake_args' from command line to 'None'
[0.356s] Level 5:colcon.colcon_core.verb:set package 'rmw_microxrcedds' build argument 'catkin_cmake_args' from command line to 'None'
[0.356s] Level 5:colcon.colcon_core.verb:set package 'rmw_microxrcedds' build argument 'catkin_skip_building_tests' from command line to 'False'
[0.356s] DEBUG:colcon.colcon_core.verb:Building package 'rmw_microxrcedds' with the following arguments: {'ament_cmake_args': None, 'build_base': '/root/ros_ws/src/Rescue_Car_ws/build/rmw_microxrcedds', 'catkin_cmake_args': None, 'catkin_skip_building_tests': False, 'cmake_args': None, 'cmake_clean_cache': False, 'cmake_clean_first': False, 'cmake_force_configure': False, 'cmake_target': None, 'cmake_target_skip_unavailable': False, 'install_base': '/root/ros_ws/src/Rescue_Car_ws/install/rmw_microxrcedds', 'merge_install': False, 'path': '/root/ros_ws/src/Rescue_Car_ws/src/microros/src/uros/rmw_microxrcedds/rmw_microxrcedds_c', 'symlink_install': False, 'test_result_base': None}
[0.357s] Level 5:colcon.colcon_core.verb:set package 'sensor_msgs' build argument 'cmake_args' from command line to 'None'
[0.357s] Level 5:colcon.colcon_core.verb:set package 'sensor_msgs' build argument 'cmake_target' from command line to 'None'
[0.357s] Level 5:colcon.colcon_core.verb:set package 'sensor_msgs' build argument 'cmake_target_skip_unavailable' from command line to 'False'
[0.357s] Level 5:colcon.colcon_core.verb:set package 'sensor_msgs' build argument 'cmake_clean_cache' from command line to 'False'
[0.357s] Level 5:colcon.colcon_core.verb:set package 'sensor_msgs' build argument 'cmake_clean_first' from command line to 'False'
[0.357s] Level 5:colcon.colcon_core.verb:set package 'sensor_msgs' build argument 'cmake_force_configure' from command line to 'False'
[0.357s] Level 5:colcon.colcon_core.verb:set package 'sensor_msgs' build argument 'ament_cmake_args' from command line to 'None'
[0.357s] Level 5:colcon.colcon_core.verb:set package 'sensor_msgs' build argument 'catkin_cmake_args' from command line to 'None'
[0.357s] Level 5:colcon.colcon_core.verb:set package 'sensor_msgs' build argument 'catkin_skip_building_tests' from command line to 'False'
[0.357s] DEBUG:colcon.colcon_core.verb:Building package 'sensor_msgs' with the following arguments: {'ament_cmake_args': None, 'build_base': '/root/ros_ws/src/Rescue_Car_ws/build/sensor_msgs', 'catkin_cmake_args': None, 'catkin_skip_building_tests': False, 'cmake_args': None, 'cmake_clean_cache': False, 'cmake_clean_first': False, 'cmake_force_configure': False, 'cmake_target': None, 'cmake_target_skip_unavailable': False, 'install_base': '/root/ros_ws/src/Rescue_Car_ws/install/sensor_msgs', 'merge_install': False, 'path': '/root/ros_ws/src/Rescue_Car_ws/src/microros/src/ros2/common_interfaces/sensor_msgs', 'symlink_install': False, 'test_result_base': None}
[0.357s] Level 5:colcon.colcon_core.verb:set package 'shape_msgs' build argument 'cmake_args' from command line to 'None'
[0.357s] Level 5:colcon.colcon_core.verb:set package 'shape_msgs' build argument 'cmake_target' from command line to 'None'
[0.357s] Level 5:colcon.colcon_core.verb:set package 'shape_msgs' build argument 'cmake_target_skip_unavailable' from command line to 'False'
[0.357s] Level 5:colcon.colcon_core.verb:set package 'shape_msgs' build argument 'cmake_clean_cache' from command line to 'False'
[0.357s] Level 5:colcon.colcon_core.verb:set package 'shape_msgs' build argument 'cmake_clean_first' from command line to 'False'
[0.357s] Level 5:colcon.colcon_core.verb:set package 'shape_msgs' build argument 'cmake_force_configure' from command line to 'False'
[0.357s] Level 5:colcon.colcon_core.verb:set package 'shape_msgs' build argument 'ament_cmake_args' from command line to 'None'
[0.357s] Level 5:colcon.colcon_core.verb:set package 'shape_msgs' build argument 'catkin_cmake_args' from command line to 'None'
[0.357s] Level 5:colcon.colcon_core.verb:set package 'shape_msgs' build argument 'catkin_skip_building_tests' from command line to 'False'
[0.357s] DEBUG:colcon.colcon_core.verb:Building package 'shape_msgs' with the following arguments: {'ament_cmake_args': None, 'build_base': '/root/ros_ws/src/Rescue_Car_ws/build/shape_msgs', 'catkin_cmake_args': None, 'catkin_skip_building_tests': False, 'cmake_args': None, 'cmake_clean_cache': False, 'cmake_clean_first': False, 'cmake_force_configure': False, 'cmake_target': None, 'cmake_target_skip_unavailable': False, 'install_base': '/root/ros_ws/src/Rescue_Car_ws/install/shape_msgs', 'merge_install': False, 'path': '/root/ros_ws/src/Rescue_Car_ws/src/microros/src/ros2/common_interfaces/shape_msgs', 'symlink_install': False, 'test_result_base': None}
[0.357s] Level 5:colcon.colcon_core.verb:set package 'trajectory_msgs' build argument 'cmake_args' from command line to 'None'
[0.357s] Level 5:colcon.colcon_core.verb:set package 'trajectory_msgs' build argument 'cmake_target' from command line to 'None'
[0.357s] Level 5:colcon.colcon_core.verb:set package 'trajectory_msgs' build argument 'cmake_target_skip_unavailable' from command line to 'False'
[0.357s] Level 5:colcon.colcon_core.verb:set package 'trajectory_msgs' build argument 'cmake_clean_cache' from command line to 'False'
[0.357s] Level 5:colcon.colcon_core.verb:set package 'trajectory_msgs' build argument 'cmake_clean_first' from command line to 'False'
[0.357s] Level 5:colcon.colcon_core.verb:set package 'trajectory_msgs' build argument 'cmake_force_configure' from command line to 'False'
[0.357s] Level 5:colcon.colcon_core.verb:set package 'trajectory_msgs' build argument 'ament_cmake_args' from command line to 'None'
[0.357s] Level 5:colcon.colcon_core.verb:set package 'trajectory_msgs' build argument 'catkin_cmake_args' from command line to 'None'
[0.357s] Level 5:colcon.colcon_core.verb:set package 'trajectory_msgs' build argument 'catkin_skip_building_tests' from command line to 'False'
[0.357s] DEBUG:colcon.colcon_core.verb:Building package 'trajectory_msgs' with the following arguments: {'ament_cmake_args': None, 'build_base': '/root/ros_ws/src/Rescue_Car_ws/build/trajectory_msgs', 'catkin_cmake_args': None, 'catkin_skip_building_tests': False, 'cmake_args': None, 'cmake_clean_cache': False, 'cmake_clean_first': False, 'cmake_force_configure': False, 'cmake_target': None, 'cmake_target_skip_unavailable': False, 'install_base': '/root/ros_ws/src/Rescue_Car_ws/install/trajectory_msgs', 'merge_install': False, 'path': '/root/ros_ws/src/Rescue_Car_ws/src/microros/src/ros2/common_interfaces/trajectory_msgs', 'symlink_install': False, 'test_result_base': None}
[0.358s] Level 5:colcon.colcon_core.verb:set package 'rclc_parameter' build argument 'cmake_args' from command line to 'None'
[0.358s] Level 5:colcon.colcon_core.verb:set package 'rclc_parameter' build argument 'cmake_target' from command line to 'None'
[0.358s] Level 5:colcon.colcon_core.verb:set package 'rclc_parameter' build argument 'cmake_target_skip_unavailable' from command line to 'False'
[0.358s] Level 5:colcon.colcon_core.verb:set package 'rclc_parameter' build argument 'cmake_clean_cache' from command line to 'False'
[0.358s] Level 5:colcon.colcon_core.verb:set package 'rclc_parameter' build argument 'cmake_clean_first' from command line to 'False'
[0.358s] Level 5:colcon.colcon_core.verb:set package 'rclc_parameter' build argument 'cmake_force_configure' from command line to 'False'
[0.358s] Level 5:colcon.colcon_core.verb:set package 'rclc_parameter' build argument 'ament_cmake_args' from command line to 'None'
[0.358s] Level 5:colcon.colcon_core.verb:set package 'rclc_parameter' build argument 'catkin_cmake_args' from command line to 'None'
[0.358s] Level 5:colcon.colcon_core.verb:set package 'rclc_parameter' build argument 'catkin_skip_building_tests' from command line to 'False'
[0.358s] DEBUG:colcon.colcon_core.verb:Building package 'rclc_parameter' with the following arguments: {'ament_cmake_args': None, 'build_base': '/root/ros_ws/src/Rescue_Car_ws/build/rclc_parameter', 'catkin_cmake_args': None, 'catkin_skip_building_tests': False, 'cmake_args': None, 'cmake_clean_cache': False, 'cmake_clean_first': False, 'cmake_force_configure': False, 'cmake_target': None, 'cmake_target_skip_unavailable': False, 'install_base': '/root/ros_ws/src/Rescue_Car_ws/install/rclc_parameter', 'merge_install': False, 'path': '/root/ros_ws/src/Rescue_Car_ws/src/microros/src/uros/rclc/rclc_parameter', 'symlink_install': False, 'test_result_base': None}
[0.358s] Level 5:colcon.colcon_core.verb:set package 'rosidl_typesupport_microxrcedds_test_msg' build argument 'cmake_args' from command line to 'None'
[0.358s] Level 5:colcon.colcon_core.verb:set package 'rosidl_typesupport_microxrcedds_test_msg' build argument 'cmake_target' from command line to 'None'
[0.358s] Level 5:colcon.colcon_core.verb:set package 'rosidl_typesupport_microxrcedds_test_msg' build argument 'cmake_target_skip_unavailable' from command line to 'False'
[0.358s] Level 5:colcon.colcon_core.verb:set package 'rosidl_typesupport_microxrcedds_test_msg' build argument 'cmake_clean_cache' from command line to 'False'
[0.358s] Level 5:colcon.colcon_core.verb:set package 'rosidl_typesupport_microxrcedds_test_msg' build argument 'cmake_clean_first' from command line to 'False'
[0.358s] Level 5:colcon.colcon_core.verb:set package 'rosidl_typesupport_microxrcedds_test_msg' build argument 'cmake_force_configure' from command line to 'False'
[0.358s] Level 5:colcon.colcon_core.verb:set package 'rosidl_typesupport_microxrcedds_test_msg' build argument 'ament_cmake_args' from command line to 'None'
[0.358s] Level 5:colcon.colcon_core.verb:set package 'rosidl_typesupport_microxrcedds_test_msg' build argument 'catkin_cmake_args' from command line to 'None'
[0.358s] Level 5:colcon.colcon_core.verb:set package 'rosidl_typesupport_microxrcedds_test_msg' build argument 'catkin_skip_building_tests' from command line to 'False'
[0.358s] DEBUG:colcon.colcon_core.verb:Building package 'rosidl_typesupport_microxrcedds_test_msg' with the following arguments: {'ament_cmake_args': None, 'build_base': '/root/ros_ws/src/Rescue_Car_ws/build/rosidl_typesupport_microxrcedds_test_msg', 'catkin_cmake_args': None, 'catkin_skip_building_tests': False, 'cmake_args': None, 'cmake_clean_cache': False, 'cmake_clean_first': False, 'cmake_force_configure': False, 'cmake_target': None, 'cmake_target_skip_unavailable': False, 'install_base': '/root/ros_ws/src/Rescue_Car_ws/install/rosidl_typesupport_microxrcedds_test_msg', 'merge_install': False, 'path': '/root/ros_ws/src/Rescue_Car_ws/src/microros/src/uros/rosidl_typesupport_microxrcedds/test/msg', 'symlink_install': False, 'test_result_base': None}
[0.358s] Level 5:colcon.colcon_core.verb:set package 'sensor_msgs_py' build argument 'cmake_args' from command line to 'None'
[0.358s] Level 5:colcon.colcon_core.verb:set package 'sensor_msgs_py' build argument 'cmake_target' from command line to 'None'
[0.358s] Level 5:colcon.colcon_core.verb:set package 'sensor_msgs_py' build argument 'cmake_target_skip_unavailable' from command line to 'False'
[0.358s] Level 5:colcon.colcon_core.verb:set package 'sensor_msgs_py' build argument 'cmake_clean_cache' from command line to 'False'
[0.358s] Level 5:colcon.colcon_core.verb:set package 'sensor_msgs_py' build argument 'cmake_clean_first' from command line to 'False'
[0.358s] Level 5:colcon.colcon_core.verb:set package 'sensor_msgs_py' build argument 'cmake_force_configure' from command line to 'False'
[0.358s] Level 5:colcon.colcon_core.verb:set package 'sensor_msgs_py' build argument 'ament_cmake_args' from command line to 'None'
[0.358s] Level 5:colcon.colcon_core.verb:set package 'sensor_msgs_py' build argument 'catkin_cmake_args' from command line to 'None'
[0.358s] Level 5:colcon.colcon_core.verb:set package 'sensor_msgs_py' build argument 'catkin_skip_building_tests' from command line to 'False'
[0.358s] DEBUG:colcon.colcon_core.verb:Building package 'sensor_msgs_py' with the following arguments: {'ament_cmake_args': None, 'build_base': '/root/ros_ws/src/Rescue_Car_ws/build/sensor_msgs_py', 'catkin_cmake_args': None, 'catkin_skip_building_tests': False, 'cmake_args': None, 'cmake_clean_cache': False, 'cmake_clean_first': False, 'cmake_force_configure': False, 'cmake_target': None, 'cmake_target_skip_unavailable': False, 'install_base': '/root/ros_ws/src/Rescue_Car_ws/install/sensor_msgs_py', 'merge_install': False, 'path': '/root/ros_ws/src/Rescue_Car_ws/src/microros/src/ros2/common_interfaces/sensor_msgs_py', 'symlink_install': False, 'test_result_base': None}
[0.359s] Level 5:colcon.colcon_core.verb:set package 'stereo_msgs' build argument 'cmake_args' from command line to 'None'
[0.359s] Level 5:colcon.colcon_core.verb:set package 'stereo_msgs' build argument 'cmake_target' from command line to 'None'
[0.359s] Level 5:colcon.colcon_core.verb:set package 'stereo_msgs' build argument 'cmake_target_skip_unavailable' from command line to 'False'
[0.359s] Level 5:colcon.colcon_core.verb:set package 'stereo_msgs' build argument 'cmake_clean_cache' from command line to 'False'
[0.359s] Level 5:colcon.colcon_core.verb:set package 'stereo_msgs' build argument 'cmake_clean_first' from command line to 'False'
[0.359s] Level 5:colcon.colcon_core.verb:set package 'stereo_msgs' build argument 'cmake_force_configure' from command line to 'False'
[0.359s] Level 5:colcon.colcon_core.verb:set package 'stereo_msgs' build argument 'ament_cmake_args' from command line to 'None'
[0.359s] Level 5:colcon.colcon_core.verb:set package 'stereo_msgs' build argument 'catkin_cmake_args' from command line to 'None'
[0.359s] Level 5:colcon.colcon_core.verb:set package 'stereo_msgs' build argument 'catkin_skip_building_tests' from command line to 'False'
[0.359s] DEBUG:colcon.colcon_core.verb:Building package 'stereo_msgs' with the following arguments: {'ament_cmake_args': None, 'build_base': '/root/ros_ws/src/Rescue_Car_ws/build/stereo_msgs', 'catkin_cmake_args': None, 'catkin_skip_building_tests': False, 'cmake_args': None, 'cmake_clean_cache': False, 'cmake_clean_first': False, 'cmake_force_configure': False, 'cmake_target': None, 'cmake_target_skip_unavailable': False, 'install_base': '/root/ros_ws/src/Rescue_Car_ws/install/stereo_msgs', 'merge_install': False, 'path': '/root/ros_ws/src/Rescue_Car_ws/src/microros/src/ros2/common_interfaces/stereo_msgs', 'symlink_install': False, 'test_result_base': None}
[0.359s] Level 5:colcon.colcon_core.verb:set package 'visualization_msgs' build argument 'cmake_args' from command line to 'None'
[0.359s] Level 5:colcon.colcon_core.verb:set package 'visualization_msgs' build argument 'cmake_target' from command line to 'None'
[0.359s] Level 5:colcon.colcon_core.verb:set package 'visualization_msgs' build argument 'cmake_target_skip_unavailable' from command line to 'False'
[0.359s] Level 5:colcon.colcon_core.verb:set package 'visualization_msgs' build argument 'cmake_clean_cache' from command line to 'False'
[0.359s] Level 5:colcon.colcon_core.verb:set package 'visualization_msgs' build argument 'cmake_clean_first' from command line to 'False'
[0.359s] Level 5:colcon.colcon_core.verb:set package 'visualization_msgs' build argument 'cmake_force_configure' from command line to 'False'
[0.359s] Level 5:colcon.colcon_core.verb:set package 'visualization_msgs' build argument 'ament_cmake_args' from command line to 'None'
[0.359s] Level 5:colcon.colcon_core.verb:set package 'visualization_msgs' build argument 'catkin_cmake_args' from command line to 'None'
[0.359s] Level 5:colcon.colcon_core.verb:set package 'visualization_msgs' build argument 'catkin_skip_building_tests' from command line to 'False'
[0.359s] DEBUG:colcon.colcon_core.verb:Building package 'visualization_msgs' with the following arguments: {'ament_cmake_args': None, 'build_base': '/root/ros_ws/src/Rescue_Car_ws/build/visualization_msgs', 'catkin_cmake_args': None, 'catkin_skip_building_tests': False, 'cmake_args': None, 'cmake_clean_cache': False, 'cmake_clean_first': False, 'cmake_force_configure': False, 'cmake_target': None, 'cmake_target_skip_unavailable': False, 'install_base': '/root/ros_ws/src/Rescue_Car_ws/install/visualization_msgs', 'merge_install': False, 'path': '/root/ros_ws/src/Rescue_Car_ws/src/microros/src/ros2/common_interfaces/visualization_msgs', 'symlink_install': False, 'test_result_base': None}
[0.359s] Level 5:colcon.colcon_core.verb:set package 'common_interfaces' build argument 'cmake_args' from command line to 'None'
[0.359s] Level 5:colcon.colcon_core.verb:set package 'common_interfaces' build argument 'cmake_target' from command line to 'None'
[0.359s] Level 5:colcon.colcon_core.verb:set package 'common_interfaces' build argument 'cmake_target_skip_unavailable' from command line to 'False'
[0.359s] Level 5:colcon.colcon_core.verb:set package 'common_interfaces' build argument 'cmake_clean_cache' from command line to 'False'
[0.359s] Level 5:colcon.colcon_core.verb:set package 'common_interfaces' build argument 'cmake_clean_first' from command line to 'False'
[0.359s] Level 5:colcon.colcon_core.verb:set package 'common_interfaces' build argument 'cmake_force_configure' from command line to 'False'
[0.359s] Level 5:colcon.colcon_core.verb:set package 'common_interfaces' build argument 'ament_cmake_args' from command line to 'None'
[0.359s] Level 5:colcon.colcon_core.verb:set package 'common_interfaces' build argument 'catkin_cmake_args' from command line to 'None'
[0.359s] Level 5:colcon.colcon_core.verb:set package 'common_interfaces' build argument 'catkin_skip_building_tests' from command line to 'False'
[0.359s] DEBUG:colcon.colcon_core.verb:Building package 'common_interfaces' with the following arguments: {'ament_cmake_args': None, 'build_base': '/root/ros_ws/src/Rescue_Car_ws/build/common_interfaces', 'catkin_cmake_args': None, 'catkin_skip_building_tests': False, 'cmake_args': None, 'cmake_clean_cache': False, 'cmake_clean_first': False, 'cmake_force_configure': False, 'cmake_target': None, 'cmake_target_skip_unavailable': False, 'install_base': '/root/ros_ws/src/Rescue_Car_ws/install/common_interfaces', 'merge_install': False, 'path': '/root/ros_ws/src/Rescue_Car_ws/src/microros/src/ros2/common_interfaces/common_interfaces', 'symlink_install': False, 'test_result_base': None}
[0.360s] Level 5:colcon.colcon_core.verb:set package 'micro_ros_demos_rclc' build argument 'cmake_args' from command line to 'None'
[0.360s] Level 5:colcon.colcon_core.verb:set package 'micro_ros_demos_rclc' build argument 'cmake_target' from command line to 'None'
[0.360s] Level 5:colcon.colcon_core.verb:set package 'micro_ros_demos_rclc' build argument 'cmake_target_skip_unavailable' from command line to 'False'
[0.360s] Level 5:colcon.colcon_core.verb:set package 'micro_ros_demos_rclc' build argument 'cmake_clean_cache' from command line to 'False'
[0.360s] Level 5:colcon.colcon_core.verb:set package 'micro_ros_demos_rclc' build argument 'cmake_clean_first' from command line to 'False'
[0.360s] Level 5:colcon.colcon_core.verb:set package 'micro_ros_demos_rclc' build argument 'cmake_force_configure' from command line to 'False'
[0.360s] Level 5:colcon.colcon_core.verb:set package 'micro_ros_demos_rclc' build argument 'ament_cmake_args' from command line to 'None'
[0.360s] Level 5:colcon.colcon_core.verb:set package 'micro_ros_demos_rclc' build argument 'catkin_cmake_args' from command line to 'None'
[0.360s] Level 5:colcon.colcon_core.verb:set package 'micro_ros_demos_rclc' build argument 'catkin_skip_building_tests' from command line to 'False'
[0.360s] DEBUG:colcon.colcon_core.verb:Building package 'micro_ros_demos_rclc' with the following arguments: {'ament_cmake_args': None, 'build_base': '/root/ros_ws/src/Rescue_Car_ws/build/micro_ros_demos_rclc', 'catkin_cmake_args': None, 'catkin_skip_building_tests': False, 'cmake_args': None, 'cmake_clean_cache': False, 'cmake_clean_first': False, 'cmake_force_configure': False, 'cmake_target': None, 'cmake_target_skip_unavailable': False, 'install_base': '/root/ros_ws/src/Rescue_Car_ws/install/micro_ros_demos_rclc', 'merge_install': False, 'path': '/root/ros_ws/src/Rescue_Car_ws/src/microros/src/uros/micro-ROS-demos/rclc', 'symlink_install': False, 'test_result_base': None}
[0.360s] Level 5:colcon.colcon_core.verb:set package 'rosidl_typesupport_microxrcedds_c_tests' build argument 'cmake_args' from command line to 'None'
[0.360s] Level 5:colcon.colcon_core.verb:set package 'rosidl_typesupport_microxrcedds_c_tests' build argument 'cmake_target' from command line to 'None'
[0.360s] Level 5:colcon.colcon_core.verb:set package 'rosidl_typesupport_microxrcedds_c_tests' build argument 'cmake_target_skip_unavailable' from command line to 'False'
[0.360s] Level 5:colcon.colcon_core.verb:set package 'rosidl_typesupport_microxrcedds_c_tests' build argument 'cmake_clean_cache' from command line to 'False'
[0.360s] Level 5:colcon.colcon_core.verb:set package 'rosidl_typesupport_microxrcedds_c_tests' build argument 'cmake_clean_first' from command line to 'False'
[0.360s] Level 5:colcon.colcon_core.verb:set package 'rosidl_typesupport_microxrcedds_c_tests' build argument 'cmake_force_configure' from command line to 'False'
[0.360s] Level 5:colcon.colcon_core.verb:set package 'rosidl_typesupport_microxrcedds_c_tests' build argument 'ament_cmake_args' from command line to 'None'
[0.360s] Level 5:colcon.colcon_core.verb:set package 'rosidl_typesupport_microxrcedds_c_tests' build argument 'catkin_cmake_args' from command line to 'None'
[0.360s] Level 5:colcon.colcon_core.verb:set package 'rosidl_typesupport_microxrcedds_c_tests' build argument 'catkin_skip_building_tests' from command line to 'False'
[0.360s] DEBUG:colcon.colcon_core.verb:Building package 'rosidl_typesupport_microxrcedds_c_tests' with the following arguments: {'ament_cmake_args': None, 'build_base': '/root/ros_ws/src/Rescue_Car_ws/build/rosidl_typesupport_microxrcedds_c_tests', 'catkin_cmake_args': None, 'catkin_skip_building_tests': False, 'cmake_args': None, 'cmake_clean_cache': False, 'cmake_clean_first': False, 'cmake_force_configure': False, 'cmake_target': None, 'cmake_target_skip_unavailable': False, 'install_base': '/root/ros_ws/src/Rescue_Car_ws/install/rosidl_typesupport_microxrcedds_c_tests', 'merge_install': False, 'path': '/root/ros_ws/src/Rescue_Car_ws/src/microros/src/uros/rosidl_typesupport_microxrcedds/test/c', 'symlink_install': False, 'test_result_base': None}
[0.360s] Level 5:colcon.colcon_core.verb:set package 'rosidl_typesupport_microxrcedds_cpp_tests' build argument 'cmake_args' from command line to 'None'
[0.360s] Level 5:colcon.colcon_core.verb:set package 'rosidl_typesupport_microxrcedds_cpp_tests' build argument 'cmake_target' from command line to 'None'
[0.360s] Level 5:colcon.colcon_core.verb:set package 'rosidl_typesupport_microxrcedds_cpp_tests' build argument 'cmake_target_skip_unavailable' from command line to 'False'
[0.360s] Level 5:colcon.colcon_core.verb:set package 'rosidl_typesupport_microxrcedds_cpp_tests' build argument 'cmake_clean_cache' from command line to 'False'
[0.360s] Level 5:colcon.colcon_core.verb:set package 'rosidl_typesupport_microxrcedds_cpp_tests' build argument 'cmake_clean_first' from command line to 'False'
[0.360s] Level 5:colcon.colcon_core.verb:set package 'rosidl_typesupport_microxrcedds_cpp_tests' build argument 'cmake_force_configure' from command line to 'False'
[0.360s] Level 5:colcon.colcon_core.verb:set package 'rosidl_typesupport_microxrcedds_cpp_tests' build argument 'ament_cmake_args' from command line to 'None'
[0.360s] Level 5:colcon.colcon_core.verb:set package 'rosidl_typesupport_microxrcedds_cpp_tests' build argument 'catkin_cmake_args' from command line to 'None'
[0.360s] Level 5:colcon.colcon_core.verb:set package 'rosidl_typesupport_microxrcedds_cpp_tests' build argument 'catkin_skip_building_tests' from command line to 'False'
[0.360s] DEBUG:colcon.colcon_core.verb:Building package 'rosidl_typesupport_microxrcedds_cpp_tests' with the following arguments: {'ament_cmake_args': None, 'build_base': '/root/ros_ws/src/Rescue_Car_ws/build/rosidl_typesupport_microxrcedds_cpp_tests', 'catkin_cmake_args': None, 'catkin_skip_building_tests': False, 'cmake_args': None, 'cmake_clean_cache': False, 'cmake_clean_first': False, 'cmake_force_configure': False, 'cmake_target': None, 'cmake_target_skip_unavailable': False, 'install_base': '/root/ros_ws/src/Rescue_Car_ws/install/rosidl_typesupport_microxrcedds_cpp_tests', 'merge_install': False, 'path': '/root/ros_ws/src/Rescue_Car_ws/src/microros/src/uros/rosidl_typesupport_microxrcedds/test/cpp', 'symlink_install': False, 'test_result_base': None}
[0.360s] INFO:colcon.colcon_core.executor:Executing jobs using 'parallel' executor
[0.362s] DEBUG:colcon.colcon_parallel_executor.executor.parallel:run_until_complete
[0.363s] INFO:colcon.colcon_ros.task.ament_cmake.build:Building ROS package in '/root/ros_ws/src/Rescue_Car_ws/src/microros/src/ros2/rcl_interfaces/builtin_interfaces' with build type 'ament_cmake'
[0.363s] INFO:colcon.colcon_cmake.task.cmake.build:Building CMake package in '/root/ros_ws/src/Rescue_Car_ws/src/microros/src/ros2/rcl_interfaces/builtin_interfaces'
[0.365s] INFO:colcon.colcon_core.plugin_system:Skipping extension 'colcon_core.shell.bat': Not used on non-Windows systems
[0.365s] INFO:colcon.colcon_core.shell:Skip shell extension 'powershell' for command environment: Not usable outside of PowerShell
[0.365s] DEBUG:colcon.colcon_core.shell:Skip shell extension 'dsv' for command environment
[0.369s] INFO:colcon.colcon_cmake.task.cmake.build:Building CMake package in '/root/ros_ws/src/Rescue_Car_ws/src/microros/src/eProsima/Micro-CDR'
[0.369s] INFO:colcon.colcon_core.shell:Skip shell extension 'powershell' for command environment: Not usable outside of PowerShell
[0.369s] DEBUG:colcon.colcon_core.shell:Skip shell extension 'dsv' for command environment
[0.373s] INFO:colcon.colcon_ros.task.ament_cmake.build:Building ROS package in '/root/ros_ws/src/Rescue_Car_ws/src/microros/src/uros/micro_ros_msgs' with build type 'ament_cmake'
[0.373s] INFO:colcon.colcon_cmake.task.cmake.build:Building CMake package in '/root/ros_ws/src/Rescue_Car_ws/src/microros/src/uros/micro_ros_msgs'
[0.373s] INFO:colcon.colcon_core.shell:Skip shell extension 'powershell' for command environment: Not usable outside of PowerShell
[0.373s] DEBUG:colcon.colcon_core.shell:Skip shell extension 'dsv' for command environment
[0.376s] INFO:colcon.colcon_ros.task.ament_cmake.build:Building ROS package in '/root/ros_ws/src/Rescue_Car_ws/src/microros/src/ros2/unique_identifier_msgs' with build type 'ament_cmake'
[0.377s] INFO:colcon.colcon_cmake.task.cmake.build:Building CMake package in '/root/ros_ws/src/Rescue_Car_ws/src/microros/src/ros2/unique_identifier_msgs'
[0.377s] INFO:colcon.colcon_core.shell:Skip shell extension 'powershell' for command environment: Not usable outside of PowerShell
[0.377s] DEBUG:colcon.colcon_core.shell:Skip shell extension 'dsv' for command environment
[0.381s] INFO:colcon.colcon_ros.task.ament_cmake.build:Building ROS package in '/root/ros_ws/src/Rescue_Car_ws/src/microros/src/uros/micro_ros_utilities' with build type 'ament_cmake'
[0.381s] INFO:colcon.colcon_cmake.task.cmake.build:Building CMake package in '/root/ros_ws/src/Rescue_Car_ws/src/microros/src/uros/micro_ros_utilities'
[0.381s] INFO:colcon.colcon_core.shell:Skip shell extension 'powershell' for command environment: Not usable outside of PowerShell
[0.381s] DEBUG:colcon.colcon_core.shell:Skip shell extension 'dsv' for command environment
[0.385s] INFO:colcon.colcon_ros.task.ament_cmake.build:Building ROS package in '/root/ros_ws/src/Rescue_Car_ws/src/microros/src/ros2/common_interfaces/std_srvs' with build type 'ament_cmake'
[0.385s] INFO:colcon.colcon_cmake.task.cmake.build:Building CMake package in '/root/ros_ws/src/Rescue_Car_ws/src/microros/src/ros2/common_interfaces/std_srvs'
[0.386s] INFO:colcon.colcon_core.shell:Skip shell extension 'powershell' for command environment: Not usable outside of PowerShell
[0.386s] DEBUG:colcon.colcon_core.shell:Skip shell extension 'dsv' for command environment
[0.390s] INFO:colcon.colcon_ros.task.ament_cmake.build:Building ROS package in '/root/ros_ws/src/Rescue_Car_ws/src/car' with build type 'ament_cmake'
[0.390s] INFO:colcon.colcon_cmake.task.cmake.build:Building CMake package in '/root/ros_ws/src/Rescue_Car_ws/src/car'
[0.390s] INFO:colcon.colcon_core.shell:Skip shell extension 'powershell' for command environment: Not usable outside of PowerShell
[0.390s] DEBUG:colcon.colcon_core.shell:Skip shell extension 'dsv' for command environment
[0.394s] INFO:colcon.colcon_ros.task.ament_cmake.build:Building ROS package in '/root/ros_ws/src/Rescue_Car_ws/src/microros/src/ros2/rcl_interfaces/lifecycle_msgs' with build type 'ament_cmake'
[0.394s] INFO:colcon.colcon_cmake.task.cmake.build:Building CMake package in '/root/ros_ws/src/Rescue_Car_ws/src/microros/src/ros2/rcl_interfaces/lifecycle_msgs'
[0.394s] INFO:colcon.colcon_core.shell:Skip shell extension 'powershell' for command environment: Not usable outside of PowerShell
[0.394s] DEBUG:colcon.colcon_core.shell:Skip shell extension 'dsv' for command environment
[0.398s] INFO:colcon.colcon_ros.task.ament_cmake.build:Building ROS package in '/root/ros_ws/src/Rescue_Car_ws/src/microros/src/micro_ros_setup' with build type 'ament_cmake'
[0.399s] INFO:colcon.colcon_cmake.task.cmake.build:Building CMake package in '/root/ros_ws/src/Rescue_Car_ws/src/microros/src/micro_ros_setup'
[0.399s] INFO:colcon.colcon_core.shell:Skip shell extension 'powershell' for command environment: Not usable outside of PowerShell
[0.399s] DEBUG:colcon.colcon_core.shell:Skip shell extension 'dsv' for command environment
[0.409s] DEBUG:colcon.colcon_core.event_handler.log_command:Invoking command in '/root/ros_ws/src/Rescue_Car_ws/build/builtin_interfaces': CMAKE_PREFIX_PATH=${CMAKE_PREFIX_PATH}:/root/ros_ws/src/Rescue_Car_ws/install/sensor_msgs_py:/opt/ros/humble /usr/bin/cmake --build /root/ros_ws/src/Rescue_Car_ws/build/builtin_interfaces -- -j20 -l20
[0.413s] DEBUG:colcon.colcon_core.event_handler.log_command:Invoking command in '/root/ros_ws/src/Rescue_Car_ws/build/microcdr': /usr/bin/cmake --build /root/ros_ws/src/Rescue_Car_ws/build/microcdr -- -j20 -l20
[0.415s] DEBUG:colcon.colcon_core.event_handler.log_command:Invoking command in '/root/ros_ws/src/Rescue_Car_ws/build/micro_ros_msgs': CMAKE_PREFIX_PATH=${CMAKE_PREFIX_PATH}:/root/ros_ws/src/Rescue_Car_ws/install/sensor_msgs_py:/opt/ros/humble /usr/bin/cmake --build /root/ros_ws/src/Rescue_Car_ws/build/micro_ros_msgs -- -j20 -l20
[0.418s] DEBUG:colcon.colcon_core.event_handler.log_command:Invoking command in '/root/ros_ws/src/Rescue_Car_ws/build/unique_identifier_msgs': CMAKE_PREFIX_PATH=${CMAKE_PREFIX_PATH}:/root/ros_ws/src/Rescue_Car_ws/install/sensor_msgs_py:/opt/ros/humble /usr/bin/cmake --build /root/ros_ws/src/Rescue_Car_ws/build/unique_identifier_msgs -- -j20 -l20
[0.422s] DEBUG:colcon.colcon_core.event_handler.log_command:Invoking command in '/root/ros_ws/src/Rescue_Car_ws/build/micro_ros_utilities': CMAKE_PREFIX_PATH=${CMAKE_PREFIX_PATH}:/root/ros_ws/src/Rescue_Car_ws/install/sensor_msgs_py:/opt/ros/humble /usr/bin/cmake --build /root/ros_ws/src/Rescue_Car_ws/build/micro_ros_utilities -- -j20 -l20
[0.426s] DEBUG:colcon.colcon_core.event_handler.log_command:Invoking command in '/root/ros_ws/src/Rescue_Car_ws/build/std_srvs': CMAKE_PREFIX_PATH=${CMAKE_PREFIX_PATH}:/root/ros_ws/src/Rescue_Car_ws/install/sensor_msgs_py:/opt/ros/humble /usr/bin/cmake --build /root/ros_ws/src/Rescue_Car_ws/build/std_srvs -- -j20 -l20
[0.432s] DEBUG:colcon.colcon_core.event_handler.log_command:Invoking command in '/root/ros_ws/src/Rescue_Car_ws/build/car': CMAKE_PREFIX_PATH=${CMAKE_PREFIX_PATH}:/root/ros_ws/src/Rescue_Car_ws/install/sensor_msgs_py:/opt/ros/humble /usr/bin/cmake --build /root/ros_ws/src/Rescue_Car_ws/build/car -- -j20 -l20
[0.440s] DEBUG:colcon.colcon_core.event_handler.log_command:Invoking command in '/root/ros_ws/src/Rescue_Car_ws/build/lifecycle_msgs': CMAKE_PREFIX_PATH=${CMAKE_PREFIX_PATH}:/root/ros_ws/src/Rescue_Car_ws/install/sensor_msgs_py:/opt/ros/humble /usr/bin/cmake --build /root/ros_ws/src/Rescue_Car_ws/build/lifecycle_msgs -- -j20 -l20
[0.447s] DEBUG:colcon.colcon_core.event_handler.log_command:Invoking command in '/root/ros_ws/src/Rescue_Car_ws/build/micro_ros_setup': CMAKE_PREFIX_PATH=${CMAKE_PREFIX_PATH}:/root/ros_ws/src/Rescue_Car_ws/install/sensor_msgs_py:/opt/ros/humble /usr/bin/cmake --build /root/ros_ws/src/Rescue_Car_ws/build/micro_ros_setup -- -j20 -l20
[0.504s] DEBUG:colcon.colcon_core.event_handler.log_command:Invoked command in '/root/ros_ws/src/Rescue_Car_ws/build/microcdr' returned '0': /usr/bin/cmake --build /root/ros_ws/src/Rescue_Car_ws/build/microcdr -- -j20 -l20
[0.520s] DEBUG:colcon.colcon_core.event_handler.log_command:Invoking command in '/root/ros_ws/src/Rescue_Car_ws/build/microcdr': /usr/bin/cmake --install /root/ros_ws/src/Rescue_Car_ws/build/microcdr
[0.531s] DEBUG:colcon.colcon_core.event_handler.log_command:Invoked command in '/root/ros_ws/src/Rescue_Car_ws/build/micro_ros_setup' returned '0': CMAKE_PREFIX_PATH=${CMAKE_PREFIX_PATH}:/root/ros_ws/src/Rescue_Car_ws/install/sensor_msgs_py:/opt/ros/humble /usr/bin/cmake --build /root/ros_ws/src/Rescue_Car_ws/build/micro_ros_setup -- -j20 -l20
[0.538s] DEBUG:colcon.colcon_core.event_handler.log_command:Invoking command in '/root/ros_ws/src/Rescue_Car_ws/build/micro_ros_setup': CMAKE_PREFIX_PATH=${CMAKE_PREFIX_PATH}:/root/ros_ws/src/Rescue_Car_ws/install/sensor_msgs_py:/opt/ros/humble /usr/bin/cmake --install /root/ros_ws/src/Rescue_Car_ws/build/micro_ros_setup
[0.544s] Level 1:colcon.colcon_core.environment:create_environment_scripts_only(microcdr)
[0.546s] DEBUG:colcon.colcon_core.event_handler.log_command:Invoked command in '/root/ros_ws/src/Rescue_Car_ws/build/microcdr' returned '0': /usr/bin/cmake --install /root/ros_ws/src/Rescue_Car_ws/build/microcdr
[0.550s] Level 1:colcon.colcon_core.environment:checking '/root/ros_ws/src/Rescue_Car_ws/install/microcdr' for CMake module files
[0.551s] Level 1:colcon.colcon_core.environment:checking '/root/ros_ws/src/Rescue_Car_ws/install/microcdr' for CMake config files
[0.551s] Level 1:colcon.colcon_core.shell:create_environment_hook('microcdr', 'cmake_prefix_path')
[0.554s] INFO:colcon.colcon_core.shell:Creating environment hook '/root/ros_ws/src/Rescue_Car_ws/install/microcdr/share/microcdr/hook/cmake_prefix_path.ps1'
[0.557s] INFO:colcon.colcon_core.shell:Creating environment descriptor '/root/ros_ws/src/Rescue_Car_ws/install/microcdr/share/microcdr/hook/cmake_prefix_path.dsv'
[0.557s] INFO:colcon.colcon_core.shell:Creating environment hook '/root/ros_ws/src/Rescue_Car_ws/install/microcdr/share/microcdr/hook/cmake_prefix_path.sh'
[0.558s] Level 1:colcon.colcon_core.environment:checking '/root/ros_ws/src/Rescue_Car_ws/install/microcdr/lib'
[0.563s] Level 1:colcon.colcon_core.environment:checking '/root/ros_ws/src/Rescue_Car_ws/install/microcdr/bin'
[0.563s] Level 1:colcon.colcon_core.environment:checking '/root/ros_ws/src/Rescue_Car_ws/install/microcdr/lib/pkgconfig/microcdr.pc'
[0.563s] Level 1:colcon.colcon_core.environment:checking '/root/ros_ws/src/Rescue_Car_ws/install/microcdr/lib/python3.10/site-packages'
[0.564s] Level 1:colcon.colcon_core.environment:checking '/root/ros_ws/src/Rescue_Car_ws/install/microcdr/bin'
[0.564s] INFO:colcon.colcon_core.shell:Creating package script '/root/ros_ws/src/Rescue_Car_ws/install/microcdr/share/microcdr/package.ps1'
[0.566s] INFO:colcon.colcon_core.shell:Creating package descriptor '/root/ros_ws/src/Rescue_Car_ws/install/microcdr/share/microcdr/package.dsv'
[0.567s] INFO:colcon.colcon_core.shell:Creating package script '/root/ros_ws/src/Rescue_Car_ws/install/microcdr/share/microcdr/package.sh'
[0.571s] INFO:colcon.colcon_core.shell:Creating package script '/root/ros_ws/src/Rescue_Car_ws/install/microcdr/share/microcdr/package.bash'
[0.574s] INFO:colcon.colcon_core.shell:Creating package script '/root/ros_ws/src/Rescue_Car_ws/install/microcdr/share/microcdr/package.zsh'
[0.578s] Level 1:colcon.colcon_core.environment:create_file_with_runtime_dependencies(/root/ros_ws/src/Rescue_Car_ws/install/microcdr/share/colcon-core/packages/microcdr)
[0.583s] INFO:colcon.colcon_ros.task.ament_cmake.build:Building ROS package in '/root/ros_ws/src/Rescue_Car_ws/src/microros/src/uros/rosidl_typesupport_microxrcedds/rosidl_typesupport_microxrcedds_c' with build type 'ament_cmake'
[0.584s] INFO:colcon.colcon_cmake.task.cmake.build:Building CMake package in '/root/ros_ws/src/Rescue_Car_ws/src/microros/src/uros/rosidl_typesupport_microxrcedds/rosidl_typesupport_microxrcedds_c'
[0.585s] INFO:colcon.colcon_core.shell:Skip shell extension 'powershell' for command environment: Not usable outside of PowerShell
[0.585s] DEBUG:colcon.colcon_core.shell:Skip shell extension 'dsv' for command environment
[0.594s] INFO:colcon.colcon_cmake.task.cmake.build:Building CMake package in '/root/ros_ws/src/Rescue_Car_ws/src/microros/src/eProsima/Micro-XRCE-DDS-Client'
[0.594s] INFO:colcon.colcon_core.shell:Skip shell extension 'powershell' for command environment: Not usable outside of PowerShell
[0.594s] DEBUG:colcon.colcon_core.shell:Skip shell extension 'dsv' for command environment
[0.602s] Level 1:colcon.colcon_core.environment:create_environment_scripts_only(micro_ros_setup)
[0.603s] Level 1:colcon.colcon_core.environment:checking '/root/ros_ws/src/Rescue_Car_ws/install/micro_ros_setup' for CMake module files
[0.604s] DEBUG:colcon.colcon_core.event_handler.log_command:Invoked command in '/root/ros_ws/src/Rescue_Car_ws/build/micro_ros_setup' returned '0': CMAKE_PREFIX_PATH=${CMAKE_PREFIX_PATH}:/root/ros_ws/src/Rescue_Car_ws/install/sensor_msgs_py:/opt/ros/humble /usr/bin/cmake --install /root/ros_ws/src/Rescue_Car_ws/build/micro_ros_setup
[0.605s] Level 1:colcon.colcon_core.environment:checking '/root/ros_ws/src/Rescue_Car_ws/install/micro_ros_setup' for CMake config files
[0.607s] Level 1:colcon.colcon_core.shell:create_environment_hook('micro_ros_setup', 'cmake_prefix_path')
[0.607s] INFO:colcon.colcon_core.shell:Creating environment hook '/root/ros_ws/src/Rescue_Car_ws/install/micro_ros_setup/share/micro_ros_setup/hook/cmake_prefix_path.ps1'
[0.608s] INFO:colcon.colcon_core.shell:Creating environment descriptor '/root/ros_ws/src/Rescue_Car_ws/install/micro_ros_setup/share/micro_ros_setup/hook/cmake_prefix_path.dsv'
[0.608s] INFO:colcon.colcon_core.shell:Creating environment hook '/root/ros_ws/src/Rescue_Car_ws/install/micro_ros_setup/share/micro_ros_setup/hook/cmake_prefix_path.sh'
[0.610s] Level 1:colcon.colcon_core.environment:checking '/root/ros_ws/src/Rescue_Car_ws/install/micro_ros_setup/lib'
[0.610s] Level 1:colcon.colcon_core.environment:checking '/root/ros_ws/src/Rescue_Car_ws/install/micro_ros_setup/bin'
[0.610s] Level 1:colcon.colcon_core.environment:checking '/root/ros_ws/src/Rescue_Car_ws/install/micro_ros_setup/lib/pkgconfig/micro_ros_setup.pc'
[0.610s] Level 1:colcon.colcon_core.environment:checking '/root/ros_ws/src/Rescue_Car_ws/install/micro_ros_setup/lib/python3.10/site-packages'
[0.611s] Level 1:colcon.colcon_core.environment:checking '/root/ros_ws/src/Rescue_Car_ws/install/micro_ros_setup/bin'
[0.611s] INFO:colcon.colcon_core.shell:Creating package script '/root/ros_ws/src/Rescue_Car_ws/install/micro_ros_setup/share/micro_ros_setup/package.ps1'
[0.612s] INFO:colcon.colcon_core.shell:Creating package descriptor '/root/ros_ws/src/Rescue_Car_ws/install/micro_ros_setup/share/micro_ros_setup/package.dsv'
[0.612s] INFO:colcon.colcon_core.shell:Creating package script '/root/ros_ws/src/Rescue_Car_ws/install/micro_ros_setup/share/micro_ros_setup/package.sh'
[0.613s] INFO:colcon.colcon_core.shell:Creating package script '/root/ros_ws/src/Rescue_Car_ws/install/micro_ros_setup/share/micro_ros_setup/package.bash'
[0.613s] INFO:colcon.colcon_core.shell:Creating package script '/root/ros_ws/src/Rescue_Car_ws/install/micro_ros_setup/share/micro_ros_setup/package.zsh'
[0.614s] Level 1:colcon.colcon_core.environment:create_file_with_runtime_dependencies(/root/ros_ws/src/Rescue_Car_ws/install/micro_ros_setup/share/colcon-core/packages/micro_ros_setup)
[0.614s] Level 1:colcon.colcon_core.environment:create_environment_scripts_only(micro_ros_setup)
[0.615s] Level 1:colcon.colcon_core.environment:checking '/root/ros_ws/src/Rescue_Car_ws/install/micro_ros_setup' for CMake module files
[0.615s] Level 1:colcon.colcon_core.environment:checking '/root/ros_ws/src/Rescue_Car_ws/install/micro_ros_setup' for CMake config files
[0.616s] Level 1:colcon.colcon_core.shell:create_environment_hook('micro_ros_setup', 'cmake_prefix_path')
[0.616s] INFO:colcon.colcon_core.shell:Creating environment hook '/root/ros_ws/src/Rescue_Car_ws/install/micro_ros_setup/share/micro_ros_setup/hook/cmake_prefix_path.ps1'
[0.617s] INFO:colcon.colcon_core.shell:Creating environment descriptor '/root/ros_ws/src/Rescue_Car_ws/install/micro_ros_setup/share/micro_ros_setup/hook/cmake_prefix_path.dsv'
[0.617s] INFO:colcon.colcon_core.shell:Creating environment hook '/root/ros_ws/src/Rescue_Car_ws/install/micro_ros_setup/share/micro_ros_setup/hook/cmake_prefix_path.sh'
[0.618s] Level 1:colcon.colcon_core.environment:checking '/root/ros_ws/src/Rescue_Car_ws/install/micro_ros_setup/lib'
[0.618s] Level 1:colcon.colcon_core.environment:checking '/root/ros_ws/src/Rescue_Car_ws/install/micro_ros_setup/bin'
[0.618s] Level 1:colcon.colcon_core.environment:checking '/root/ros_ws/src/Rescue_Car_ws/install/micro_ros_setup/lib/pkgconfig/micro_ros_setup.pc'
[0.618s] Level 1:colcon.colcon_core.environment:checking '/root/ros_ws/src/Rescue_Car_ws/install/micro_ros_setup/lib/python3.10/site-packages'
[0.618s] Level 1:colcon.colcon_core.environment:checking '/root/ros_ws/src/Rescue_Car_ws/install/micro_ros_setup/bin'
[0.619s] INFO:colcon.colcon_core.shell:Creating package script '/root/ros_ws/src/Rescue_Car_ws/install/micro_ros_setup/share/micro_ros_setup/package.ps1'
[0.620s] INFO:colcon.colcon_core.shell:Creating package descriptor '/root/ros_ws/src/Rescue_Car_ws/install/micro_ros_setup/share/micro_ros_setup/package.dsv'
[0.620s] INFO:colcon.colcon_core.shell:Creating package script '/root/ros_ws/src/Rescue_Car_ws/install/micro_ros_setup/share/micro_ros_setup/package.sh'
[0.621s] INFO:colcon.colcon_core.shell:Creating package script '/root/ros_ws/src/Rescue_Car_ws/install/micro_ros_setup/share/micro_ros_setup/package.bash'
[0.621s] INFO:colcon.colcon_core.shell:Creating package script '/root/ros_ws/src/Rescue_Car_ws/install/micro_ros_setup/share/micro_ros_setup/package.zsh'
[0.622s] Level 1:colcon.colcon_core.environment:create_file_with_runtime_dependencies(/root/ros_ws/src/Rescue_Car_ws/install/micro_ros_setup/share/colcon-core/packages/micro_ros_setup)
[0.625s] DEBUG:colcon.colcon_core.event_handler.log_command:Invoked command in '/root/ros_ws/src/Rescue_Car_ws/build/micro_ros_utilities' returned '0': CMAKE_PREFIX_PATH=${CMAKE_PREFIX_PATH}:/root/ros_ws/src/Rescue_Car_ws/install/sensor_msgs_py:/opt/ros/humble /usr/bin/cmake --build /root/ros_ws/src/Rescue_Car_ws/build/micro_ros_utilities -- -j20 -l20
[0.627s] DEBUG:colcon.colcon_core.event_handler.log_command:Invoking command in '/root/ros_ws/src/Rescue_Car_ws/build/micro_ros_utilities': CMAKE_PREFIX_PATH=${CMAKE_PREFIX_PATH}:/root/ros_ws/src/Rescue_Car_ws/install/sensor_msgs_py:/opt/ros/humble /usr/bin/cmake --install /root/ros_ws/src/Rescue_Car_ws/build/micro_ros_utilities
[0.638s] Level 1:colcon.colcon_core.environment:create_environment_scripts_only(micro_ros_utilities)
[0.639s] Level 1:colcon.colcon_core.environment:checking '/root/ros_ws/src/Rescue_Car_ws/install/micro_ros_utilities' for CMake module files
[0.639s] DEBUG:colcon.colcon_core.event_handler.log_command:Invoked command in '/root/ros_ws/src/Rescue_Car_ws/build/micro_ros_utilities' returned '0': CMAKE_PREFIX_PATH=${CMAKE_PREFIX_PATH}:/root/ros_ws/src/Rescue_Car_ws/install/sensor_msgs_py:/opt/ros/humble /usr/bin/cmake --install /root/ros_ws/src/Rescue_Car_ws/build/micro_ros_utilities
[0.641s] Level 1:colcon.colcon_core.environment:checking '/root/ros_ws/src/Rescue_Car_ws/install/micro_ros_utilities' for CMake config files
[0.641s] Level 1:colcon.colcon_core.shell:create_environment_hook('micro_ros_utilities', 'cmake_prefix_path')
[0.641s] INFO:colcon.colcon_core.shell:Creating environment hook '/root/ros_ws/src/Rescue_Car_ws/install/micro_ros_utilities/share/micro_ros_utilities/hook/cmake_prefix_path.ps1'
[0.642s] INFO:colcon.colcon_core.shell:Creating environment descriptor '/root/ros_ws/src/Rescue_Car_ws/install/micro_ros_utilities/share/micro_ros_utilities/hook/cmake_prefix_path.dsv'
[0.643s] INFO:colcon.colcon_core.shell:Creating environment hook '/root/ros_ws/src/Rescue_Car_ws/install/micro_ros_utilities/share/micro_ros_utilities/hook/cmake_prefix_path.sh'
[0.643s] Level 1:colcon.colcon_core.environment:checking '/root/ros_ws/src/Rescue_Car_ws/install/micro_ros_utilities/lib'
[0.643s] Level 1:colcon.colcon_core.environment:checking '/root/ros_ws/src/Rescue_Car_ws/install/micro_ros_utilities/bin'
[0.644s] Level 1:colcon.colcon_core.environment:checking '/root/ros_ws/src/Rescue_Car_ws/install/micro_ros_utilities/lib/pkgconfig/micro_ros_utilities.pc'
[0.644s] Level 1:colcon.colcon_core.environment:checking '/root/ros_ws/src/Rescue_Car_ws/install/micro_ros_utilities/lib/python3.10/site-packages'
[0.644s] Level 1:colcon.colcon_core.environment:checking '/root/ros_ws/src/Rescue_Car_ws/install/micro_ros_utilities/bin'
[0.644s] INFO:colcon.colcon_core.shell:Creating package script '/root/ros_ws/src/Rescue_Car_ws/install/micro_ros_utilities/share/micro_ros_utilities/package.ps1'
[0.645s] INFO:colcon.colcon_core.shell:Creating package descriptor '/root/ros_ws/src/Rescue_Car_ws/install/micro_ros_utilities/share/micro_ros_utilities/package.dsv'
[0.645s] INFO:colcon.colcon_core.shell:Creating package script '/root/ros_ws/src/Rescue_Car_ws/install/micro_ros_utilities/share/micro_ros_utilities/package.sh'
[0.646s] INFO:colcon.colcon_core.shell:Creating package script '/root/ros_ws/src/Rescue_Car_ws/install/micro_ros_utilities/share/micro_ros_utilities/package.bash'
[0.646s] INFO:colcon.colcon_core.shell:Creating package script '/root/ros_ws/src/Rescue_Car_ws/install/micro_ros_utilities/share/micro_ros_utilities/package.zsh'
[0.647s] Level 1:colcon.colcon_core.environment:create_file_with_runtime_dependencies(/root/ros_ws/src/Rescue_Car_ws/install/micro_ros_utilities/share/colcon-core/packages/micro_ros_utilities)
[0.648s] Level 1:colcon.colcon_core.environment:create_environment_scripts_only(micro_ros_utilities)
[0.648s] Level 1:colcon.colcon_core.environment:checking '/root/ros_ws/src/Rescue_Car_ws/install/micro_ros_utilities' for CMake module files
[0.648s] Level 1:colcon.colcon_core.environment:checking '/root/ros_ws/src/Rescue_Car_ws/install/micro_ros_utilities' for CMake config files
[0.649s] Level 1:colcon.colcon_core.shell:create_environment_hook('micro_ros_utilities', 'cmake_prefix_path')
[0.649s] INFO:colcon.colcon_core.shell:Creating environment hook '/root/ros_ws/src/Rescue_Car_ws/install/micro_ros_utilities/share/micro_ros_utilities/hook/cmake_prefix_path.ps1'
[0.649s] INFO:colcon.colcon_core.shell:Creating environment descriptor '/root/ros_ws/src/Rescue_Car_ws/install/micro_ros_utilities/share/micro_ros_utilities/hook/cmake_prefix_path.dsv'
[0.650s] INFO:colcon.colcon_core.shell:Creating environment hook '/root/ros_ws/src/Rescue_Car_ws/install/micro_ros_utilities/share/micro_ros_utilities/hook/cmake_prefix_path.sh'
[0.651s] Level 1:colcon.colcon_core.environment:checking '/root/ros_ws/src/Rescue_Car_ws/install/micro_ros_utilities/lib'
[0.651s] Level 1:colcon.colcon_core.environment:checking '/root/ros_ws/src/Rescue_Car_ws/install/micro_ros_utilities/bin'
[0.651s] Level 1:colcon.colcon_core.environment:checking '/root/ros_ws/src/Rescue_Car_ws/install/micro_ros_utilities/lib/pkgconfig/micro_ros_utilities.pc'
[0.651s] Level 1:colcon.colcon_core.environment:checking '/root/ros_ws/src/Rescue_Car_ws/install/micro_ros_utilities/lib/python3.10/site-packages'
[0.651s] Level 1:colcon.colcon_core.environment:checking '/root/ros_ws/src/Rescue_Car_ws/install/micro_ros_utilities/bin'
[0.652s] INFO:colcon.colcon_core.shell:Creating package script '/root/ros_ws/src/Rescue_Car_ws/install/micro_ros_utilities/share/micro_ros_utilities/package.ps1'
[0.653s] INFO:colcon.colcon_core.shell:Creating package descriptor '/root/ros_ws/src/Rescue_Car_ws/install/micro_ros_utilities/share/micro_ros_utilities/package.dsv'
[0.653s] INFO:colcon.colcon_core.shell:Creating package script '/root/ros_ws/src/Rescue_Car_ws/install/micro_ros_utilities/share/micro_ros_utilities/package.sh'
[0.654s] INFO:colcon.colcon_core.shell:Creating package script '/root/ros_ws/src/Rescue_Car_ws/install/micro_ros_utilities/share/micro_ros_utilities/package.bash'
[0.655s] INFO:colcon.colcon_core.shell:Creating package script '/root/ros_ws/src/Rescue_Car_ws/install/micro_ros_utilities/share/micro_ros_utilities/package.zsh'
[0.656s] Level 1:colcon.colcon_core.environment:create_file_with_runtime_dependencies(/root/ros_ws/src/Rescue_Car_ws/install/micro_ros_utilities/share/colcon-core/packages/micro_ros_utilities)
[0.666s] DEBUG:colcon.colcon_core.event_handler.log_command:Invoking command in '/root/ros_ws/src/Rescue_Car_ws/build/rosidl_typesupport_microxrcedds_c': CMAKE_PREFIX_PATH=/root/ros_ws/src/Rescue_Car_ws/install/microcdr:/root/ros_ws/src/Rescue_Car_ws/install/micro_ros_demos_rclc:/root/ros_ws/src/Rescue_Car_ws/install/common_interfaces:/root/ros_ws/src/Rescue_Car_ws/install/visualization_msgs:/root/ros_ws/src/Rescue_Car_ws/install/test_msgs:/root/ros_ws/src/Rescue_Car_ws/install/example_interfaces:/root/ros_ws/src/Rescue_Car_ws/install/action_msgs:/root/ros_ws/src/Rescue_Car_ws/install/unique_identifier_msgs:/root/ros_ws/src/Rescue_Car_ws/install/trajectory_msgs:/root/ros_ws/src/Rescue_Car_ws/install/stereo_msgs:/root/ros_ws/src/Rescue_Car_ws/install/std_srvs:/root/ros_ws/src/Rescue_Car_ws/install/shape_msgs:/root/ros_ws/src/Rescue_Car_ws/install/sensor_msgs:/root/ros_ws/src/Rescue_Car_ws/install/nav_msgs:/root/ros_ws/src/Rescue_Car_ws/install/diagnostic_msgs:/root/ros_ws/src/Rescue_Car_ws/install/geometry_msgs:/root/ros_ws/src/Rescue_Car_ws/install/actionlib_msgs:/root/ros_ws/src/Rescue_Car_ws/install/std_msgs:/root/ros_ws/src/Rescue_Car_ws/install/statistics_msgs:/root/ros_ws/src/Rescue_Car_ws/install/rosidl_typesupport_microxrcedds_test_msg:/root/ros_ws/src/Rescue_Car_ws/install/rosidl_typesupport_microxrcedds_cpp_tests:/root/ros_ws/src/Rescue_Car_ws/install/rmw_microxrcedds:/root/ros_ws/src/Rescue_Car_ws/install/rosidl_typesupport_microxrcedds_cpp:/root/ros_ws/src/Rescue_Car_ws/install/rosidl_typesupport_microxrcedds_c_tests:/root/ros_ws/src/Rescue_Car_ws/install/rosidl_typesupport_microxrcedds_c:/root/ros_ws/src/Rescue_Car_ws/install/rosgraph_msgs:/root/ros_ws/src/Rescue_Car_ws/install/rclc_parameter:/root/ros_ws/src/Rescue_Car_ws/install/rclc:/root/ros_ws/src/Rescue_Car_ws/install/composition_interfaces:/root/ros_ws/src/Rescue_Car_ws/install/rcl_interfaces:/root/ros_ws/src/Rescue_Car_ws/install/microxrcedds_client:/root/ros_ws/src/Rescue_Car_ws/install/micro_ros_utilities:/root/ros_ws/src/Rescue_Car_ws/install/micro_ros_setup:/root/ros_ws/src/Rescue_Car_ws/install/micro_ros_agent:/root/ros_ws/src/Rescue_Car_ws/install/micro_ros_msgs:/root/ros_ws/src/Rescue_Car_ws/install/lifecycle_msgs:/root/ros_ws/src/Rescue_Car_ws/install/complex_msgs:/root/ros_ws/src/Rescue_Car_ws/install/car:/root/ros_ws/src/Rescue_Car_ws/install/builtin_interfaces:/root/ros_ws/src/Rescue_Car_ws/install/sensor_msgs_py:/opt/ros/humble /usr/bin/cmake --build /root/ros_ws/src/Rescue_Car_ws/build/rosidl_typesupport_microxrcedds_c -- -j20 -l20
[0.670s] DEBUG:colcon.colcon_core.event_handler.log_command:Invoking command in '/root/ros_ws/src/Rescue_Car_ws/build/microxrcedds_client': CMAKE_PREFIX_PATH=/root/ros_ws/src/Rescue_Car_ws/install/microcdr:/root/ros_ws/src/Rescue_Car_ws/install/micro_ros_demos_rclc:/root/ros_ws/src/Rescue_Car_ws/install/common_interfaces:/root/ros_ws/src/Rescue_Car_ws/install/visualization_msgs:/root/ros_ws/src/Rescue_Car_ws/install/test_msgs:/root/ros_ws/src/Rescue_Car_ws/install/example_interfaces:/root/ros_ws/src/Rescue_Car_ws/install/action_msgs:/root/ros_ws/src/Rescue_Car_ws/install/unique_identifier_msgs:/root/ros_ws/src/Rescue_Car_ws/install/trajectory_msgs:/root/ros_ws/src/Rescue_Car_ws/install/stereo_msgs:/root/ros_ws/src/Rescue_Car_ws/install/std_srvs:/root/ros_ws/src/Rescue_Car_ws/install/shape_msgs:/root/ros_ws/src/Rescue_Car_ws/install/sensor_msgs:/root/ros_ws/src/Rescue_Car_ws/install/nav_msgs:/root/ros_ws/src/Rescue_Car_ws/install/diagnostic_msgs:/root/ros_ws/src/Rescue_Car_ws/install/geometry_msgs:/root/ros_ws/src/Rescue_Car_ws/install/actionlib_msgs:/root/ros_ws/src/Rescue_Car_ws/install/std_msgs:/root/ros_ws/src/Rescue_Car_ws/install/statistics_msgs:/root/ros_ws/src/Rescue_Car_ws/install/rosidl_typesupport_microxrcedds_test_msg:/root/ros_ws/src/Rescue_Car_ws/install/rosidl_typesupport_microxrcedds_cpp_tests:/root/ros_ws/src/Rescue_Car_ws/install/rmw_microxrcedds:/root/ros_ws/src/Rescue_Car_ws/install/rosidl_typesupport_microxrcedds_cpp:/root/ros_ws/src/Rescue_Car_ws/install/rosidl_typesupport_microxrcedds_c_tests:/root/ros_ws/src/Rescue_Car_ws/install/rosidl_typesupport_microxrcedds_c:/root/ros_ws/src/Rescue_Car_ws/install/rosgraph_msgs:/root/ros_ws/src/Rescue_Car_ws/install/rclc_parameter:/root/ros_ws/src/Rescue_Car_ws/install/rclc:/root/ros_ws/src/Rescue_Car_ws/install/composition_interfaces:/root/ros_ws/src/Rescue_Car_ws/install/rcl_interfaces:/root/ros_ws/src/Rescue_Car_ws/install/microxrcedds_client:/root/ros_ws/src/Rescue_Car_ws/install/micro_ros_utilities:/root/ros_ws/src/Rescue_Car_ws/install/micro_ros_setup:/root/ros_ws/src/Rescue_Car_ws/install/micro_ros_agent:/root/ros_ws/src/Rescue_Car_ws/install/micro_ros_msgs:/root/ros_ws/src/Rescue_Car_ws/install/lifecycle_msgs:/root/ros_ws/src/Rescue_Car_ws/install/complex_msgs:/root/ros_ws/src/Rescue_Car_ws/install/car:/root/ros_ws/src/Rescue_Car_ws/install/builtin_interfaces /usr/bin/cmake --build /root/ros_ws/src/Rescue_Car_ws/build/microxrcedds_client -- -j20 -l20
[0.747s] DEBUG:colcon.colcon_core.event_handler.log_command:Invoked command in '/root/ros_ws/src/Rescue_Car_ws/build/microxrcedds_client' returned '0': CMAKE_PREFIX_PATH=/root/ros_ws/src/Rescue_Car_ws/install/microcdr:/root/ros_ws/src/Rescue_Car_ws/install/micro_ros_demos_rclc:/root/ros_ws/src/Rescue_Car_ws/install/common_interfaces:/root/ros_ws/src/Rescue_Car_ws/install/visualization_msgs:/root/ros_ws/src/Rescue_Car_ws/install/test_msgs:/root/ros_ws/src/Rescue_Car_ws/install/example_interfaces:/root/ros_ws/src/Rescue_Car_ws/install/action_msgs:/root/ros_ws/src/Rescue_Car_ws/install/unique_identifier_msgs:/root/ros_ws/src/Rescue_Car_ws/install/trajectory_msgs:/root/ros_ws/src/Rescue_Car_ws/install/stereo_msgs:/root/ros_ws/src/Rescue_Car_ws/install/std_srvs:/root/ros_ws/src/Rescue_Car_ws/install/shape_msgs:/root/ros_ws/src/Rescue_Car_ws/install/sensor_msgs:/root/ros_ws/src/Rescue_Car_ws/install/nav_msgs:/root/ros_ws/src/Rescue_Car_ws/install/diagnostic_msgs:/root/ros_ws/src/Rescue_Car_ws/install/geometry_msgs:/root/ros_ws/src/Rescue_Car_ws/install/actionlib_msgs:/root/ros_ws/src/Rescue_Car_ws/install/std_msgs:/root/ros_ws/src/Rescue_Car_ws/install/statistics_msgs:/root/ros_ws/src/Rescue_Car_ws/install/rosidl_typesupport_microxrcedds_test_msg:/root/ros_ws/src/Rescue_Car_ws/install/rosidl_typesupport_microxrcedds_cpp_tests:/root/ros_ws/src/Rescue_Car_ws/install/rmw_microxrcedds:/root/ros_ws/src/Rescue_Car_ws/install/rosidl_typesupport_microxrcedds_cpp:/root/ros_ws/src/Rescue_Car_ws/install/rosidl_typesupport_microxrcedds_c_tests:/root/ros_ws/src/Rescue_Car_ws/install/rosidl_typesupport_microxrcedds_c:/root/ros_ws/src/Rescue_Car_ws/install/rosgraph_msgs:/root/ros_ws/src/Rescue_Car_ws/install/rclc_parameter:/root/ros_ws/src/Rescue_Car_ws/install/rclc:/root/ros_ws/src/Rescue_Car_ws/install/composition_interfaces:/root/ros_ws/src/Rescue_Car_ws/install/rcl_interfaces:/root/ros_ws/src/Rescue_Car_ws/install/microxrcedds_client:/root/ros_ws/src/Rescue_Car_ws/install/micro_ros_utilities:/root/ros_ws/src/Rescue_Car_ws/install/micro_ros_setup:/root/ros_ws/src/Rescue_Car_ws/install/micro_ros_agent:/root/ros_ws/src/Rescue_Car_ws/install/micro_ros_msgs:/root/ros_ws/src/Rescue_Car_ws/install/lifecycle_msgs:/root/ros_ws/src/Rescue_Car_ws/install/complex_msgs:/root/ros_ws/src/Rescue_Car_ws/install/car:/root/ros_ws/src/Rescue_Car_ws/install/builtin_interfaces /usr/bin/cmake --build /root/ros_ws/src/Rescue_Car_ws/build/microxrcedds_client -- -j20 -l20
[0.749s] DEBUG:colcon.colcon_core.event_handler.log_command:Invoking command in '/root/ros_ws/src/Rescue_Car_ws/build/microxrcedds_client': CMAKE_PREFIX_PATH=/root/ros_ws/src/Rescue_Car_ws/install/microcdr:/root/ros_ws/src/Rescue_Car_ws/install/micro_ros_demos_rclc:/root/ros_ws/src/Rescue_Car_ws/install/common_interfaces:/root/ros_ws/src/Rescue_Car_ws/install/visualization_msgs:/root/ros_ws/src/Rescue_Car_ws/install/test_msgs:/root/ros_ws/src/Rescue_Car_ws/install/example_interfaces:/root/ros_ws/src/Rescue_Car_ws/install/action_msgs:/root/ros_ws/src/Rescue_Car_ws/install/unique_identifier_msgs:/root/ros_ws/src/Rescue_Car_ws/install/trajectory_msgs:/root/ros_ws/src/Rescue_Car_ws/install/stereo_msgs:/root/ros_ws/src/Rescue_Car_ws/install/std_srvs:/root/ros_ws/src/Rescue_Car_ws/install/shape_msgs:/root/ros_ws/src/Rescue_Car_ws/install/sensor_msgs:/root/ros_ws/src/Rescue_Car_ws/install/nav_msgs:/root/ros_ws/src/Rescue_Car_ws/install/diagnostic_msgs:/root/ros_ws/src/Rescue_Car_ws/install/geometry_msgs:/root/ros_ws/src/Rescue_Car_ws/install/actionlib_msgs:/root/ros_ws/src/Rescue_Car_ws/install/std_msgs:/root/ros_ws/src/Rescue_Car_ws/install/statistics_msgs:/root/ros_ws/src/Rescue_Car_ws/install/rosidl_typesupport_microxrcedds_test_msg:/root/ros_ws/src/Rescue_Car_ws/install/rosidl_typesupport_microxrcedds_cpp_tests:/root/ros_ws/src/Rescue_Car_ws/install/rmw_microxrcedds:/root/ros_ws/src/Rescue_Car_ws/install/rosidl_typesupport_microxrcedds_cpp:/root/ros_ws/src/Rescue_Car_ws/install/rosidl_typesupport_microxrcedds_c_tests:/root/ros_ws/src/Rescue_Car_ws/install/rosidl_typesupport_microxrcedds_c:/root/ros_ws/src/Rescue_Car_ws/install/rosgraph_msgs:/root/ros_ws/src/Rescue_Car_ws/install/rclc_parameter:/root/ros_ws/src/Rescue_Car_ws/install/rclc:/root/ros_ws/src/Rescue_Car_ws/install/composition_interfaces:/root/ros_ws/src/Rescue_Car_ws/install/rcl_interfaces:/root/ros_ws/src/Rescue_Car_ws/install/microxrcedds_client:/root/ros_ws/src/Rescue_Car_ws/install/micro_ros_utilities:/root/ros_ws/src/Rescue_Car_ws/install/micro_ros_setup:/root/ros_ws/src/Rescue_Car_ws/install/micro_ros_agent:/root/ros_ws/src/Rescue_Car_ws/install/micro_ros_msgs:/root/ros_ws/src/Rescue_Car_ws/install/lifecycle_msgs:/root/ros_ws/src/Rescue_Car_ws/install/complex_msgs:/root/ros_ws/src/Rescue_Car_ws/install/car:/root/ros_ws/src/Rescue_Car_ws/install/builtin_interfaces /usr/bin/cmake --install /root/ros_ws/src/Rescue_Car_ws/build/microxrcedds_client
[0.761s] Level 1:colcon.colcon_core.environment:create_environment_scripts_only(microxrcedds_client)
[0.762s] Level 1:colcon.colcon_core.environment:checking '/root/ros_ws/src/Rescue_Car_ws/install/microxrcedds_client' for CMake module files
[0.766s] Level 1:colcon.colcon_core.environment:checking '/root/ros_ws/src/Rescue_Car_ws/install/microxrcedds_client' for CMake config files
[0.772s] DEBUG:colcon.colcon_core.event_handler.log_command:Invoked command in '/root/ros_ws/src/Rescue_Car_ws/build/microxrcedds_client' returned '0': CMAKE_PREFIX_PATH=/root/ros_ws/src/Rescue_Car_ws/install/microcdr:/root/ros_ws/src/Rescue_Car_ws/install/micro_ros_demos_rclc:/root/ros_ws/src/Rescue_Car_ws/install/common_interfaces:/root/ros_ws/src/Rescue_Car_ws/install/visualization_msgs:/root/ros_ws/src/Rescue_Car_ws/install/test_msgs:/root/ros_ws/src/Rescue_Car_ws/install/example_interfaces:/root/ros_ws/src/Rescue_Car_ws/install/action_msgs:/root/ros_ws/src/Rescue_Car_ws/install/unique_identifier_msgs:/root/ros_ws/src/Rescue_Car_ws/install/trajectory_msgs:/root/ros_ws/src/Rescue_Car_ws/install/stereo_msgs:/root/ros_ws/src/Rescue_Car_ws/install/std_srvs:/root/ros_ws/src/Rescue_Car_ws/install/shape_msgs:/root/ros_ws/src/Rescue_Car_ws/install/sensor_msgs:/root/ros_ws/src/Rescue_Car_ws/install/nav_msgs:/root/ros_ws/src/Rescue_Car_ws/install/diagnostic_msgs:/root/ros_ws/src/Rescue_Car_ws/install/geometry_msgs:/root/ros_ws/src/Rescue_Car_ws/install/actionlib_msgs:/root/ros_ws/src/Rescue_Car_ws/install/std_msgs:/root/ros_ws/src/Rescue_Car_ws/install/statistics_msgs:/root/ros_ws/src/Rescue_Car_ws/install/rosidl_typesupport_microxrcedds_test_msg:/root/ros_ws/src/Rescue_Car_ws/install/rosidl_typesupport_microxrcedds_cpp_tests:/root/ros_ws/src/Rescue_Car_ws/install/rmw_microxrcedds:/root/ros_ws/src/Rescue_Car_ws/install/rosidl_typesupport_microxrcedds_cpp:/root/ros_ws/src/Rescue_Car_ws/install/rosidl_typesupport_microxrcedds_c_tests:/root/ros_ws/src/Rescue_Car_ws/install/rosidl_typesupport_microxrcedds_c:/root/ros_ws/src/Rescue_Car_ws/install/rosgraph_msgs:/root/ros_ws/src/Rescue_Car_ws/install/rclc_parameter:/root/ros_ws/src/Rescue_Car_ws/install/rclc:/root/ros_ws/src/Rescue_Car_ws/install/composition_interfaces:/root/ros_ws/src/Rescue_Car_ws/install/rcl_interfaces:/root/ros_ws/src/Rescue_Car_ws/install/microxrcedds_client:/root/ros_ws/src/Rescue_Car_ws/install/micro_ros_utilities:/root/ros_ws/src/Rescue_Car_ws/install/micro_ros_setup:/root/ros_ws/src/Rescue_Car_ws/install/micro_ros_agent:/root/ros_ws/src/Rescue_Car_ws/install/micro_ros_msgs:/root/ros_ws/src/Rescue_Car_ws/install/lifecycle_msgs:/root/ros_ws/src/Rescue_Car_ws/install/complex_msgs:/root/ros_ws/src/Rescue_Car_ws/install/car:/root/ros_ws/src/Rescue_Car_ws/install/builtin_interfaces /usr/bin/cmake --install /root/ros_ws/src/Rescue_Car_ws/build/microxrcedds_client
[0.773s] Level 1:colcon.colcon_core.shell:create_environment_hook('microxrcedds_client', 'cmake_prefix_path')
[0.773s] INFO:colcon.colcon_core.shell:Creating environment hook '/root/ros_ws/src/Rescue_Car_ws/install/microxrcedds_client/share/microxrcedds_client/hook/cmake_prefix_path.ps1'
[0.774s] INFO:colcon.colcon_core.shell:Creating environment descriptor '/root/ros_ws/src/Rescue_Car_ws/install/microxrcedds_client/share/microxrcedds_client/hook/cmake_prefix_path.dsv'
[0.775s] INFO:colcon.colcon_core.shell:Creating environment hook '/root/ros_ws/src/Rescue_Car_ws/install/microxrcedds_client/share/microxrcedds_client/hook/cmake_prefix_path.sh'
[0.775s] Level 1:colcon.colcon_core.environment:checking '/root/ros_ws/src/Rescue_Car_ws/install/microxrcedds_client/lib'
[0.776s] Level 1:colcon.colcon_core.environment:checking '/root/ros_ws/src/Rescue_Car_ws/install/microxrcedds_client/bin'
[0.776s] Level 1:colcon.colcon_core.environment:checking '/root/ros_ws/src/Rescue_Car_ws/install/microxrcedds_client/lib/pkgconfig/microxrcedds_client.pc'
[0.776s] Level 1:colcon.colcon_core.environment:checking '/root/ros_ws/src/Rescue_Car_ws/install/microxrcedds_client/lib/python3.10/site-packages'
[0.776s] Level 1:colcon.colcon_core.environment:checking '/root/ros_ws/src/Rescue_Car_ws/install/microxrcedds_client/bin'
[0.777s] INFO:colcon.colcon_core.shell:Creating package script '/root/ros_ws/src/Rescue_Car_ws/install/microxrcedds_client/share/microxrcedds_client/package.ps1'
[0.777s] INFO:colcon.colcon_core.shell:Creating package descriptor '/root/ros_ws/src/Rescue_Car_ws/install/microxrcedds_client/share/microxrcedds_client/package.dsv'
[0.778s] INFO:colcon.colcon_core.shell:Creating package script '/root/ros_ws/src/Rescue_Car_ws/install/microxrcedds_client/share/microxrcedds_client/package.sh'
[0.778s] INFO:colcon.colcon_core.shell:Creating package script '/root/ros_ws/src/Rescue_Car_ws/install/microxrcedds_client/share/microxrcedds_client/package.bash'
[0.778s] INFO:colcon.colcon_core.shell:Creating package script '/root/ros_ws/src/Rescue_Car_ws/install/microxrcedds_client/share/microxrcedds_client/package.zsh'
[0.779s] Level 1:colcon.colcon_core.environment:create_file_with_runtime_dependencies(/root/ros_ws/src/Rescue_Car_ws/install/microxrcedds_client/share/colcon-core/packages/microxrcedds_client)
[0.836s] DEBUG:colcon.colcon_core.event_handler.log_command:Invoked command in '/root/ros_ws/src/Rescue_Car_ws/build/builtin_interfaces' returned '0': CMAKE_PREFIX_PATH=${CMAKE_PREFIX_PATH}:/root/ros_ws/src/Rescue_Car_ws/install/sensor_msgs_py:/opt/ros/humble /usr/bin/cmake --build /root/ros_ws/src/Rescue_Car_ws/build/builtin_interfaces -- -j20 -l20
[0.839s] DEBUG:colcon.colcon_core.event_handler.log_command:Invoking command in '/root/ros_ws/src/Rescue_Car_ws/build/builtin_interfaces': CMAKE_PREFIX_PATH=${CMAKE_PREFIX_PATH}:/root/ros_ws/src/Rescue_Car_ws/install/sensor_msgs_py:/opt/ros/humble /usr/bin/cmake --install /root/ros_ws/src/Rescue_Car_ws/build/builtin_interfaces
[0.859s] DEBUG:colcon.colcon_core.event_handler.log_command:Invoked command in '/root/ros_ws/src/Rescue_Car_ws/build/std_srvs' returned '0': CMAKE_PREFIX_PATH=${CMAKE_PREFIX_PATH}:/root/ros_ws/src/Rescue_Car_ws/install/sensor_msgs_py:/opt/ros/humble /usr/bin/cmake --build /root/ros_ws/src/Rescue_Car_ws/build/std_srvs -- -j20 -l20
[0.860s] DEBUG:colcon.colcon_core.event_handler.log_command:Invoking command in '/root/ros_ws/src/Rescue_Car_ws/build/std_srvs': CMAKE_PREFIX_PATH=${CMAKE_PREFIX_PATH}:/root/ros_ws/src/Rescue_Car_ws/install/sensor_msgs_py:/opt/ros/humble /usr/bin/cmake --install /root/ros_ws/src/Rescue_Car_ws/build/std_srvs
[0.860s] DEBUG:colcon.colcon_core.event_handler.log_command:Invoked command in '/root/ros_ws/src/Rescue_Car_ws/build/lifecycle_msgs' returned '0': CMAKE_PREFIX_PATH=${CMAKE_PREFIX_PATH}:/root/ros_ws/src/Rescue_Car_ws/install/sensor_msgs_py:/opt/ros/humble /usr/bin/cmake --build /root/ros_ws/src/Rescue_Car_ws/build/lifecycle_msgs -- -j20 -l20
[0.886s] DEBUG:colcon.colcon_core.event_handler.log_command:Invoking command in '/root/ros_ws/src/Rescue_Car_ws/build/lifecycle_msgs': CMAKE_PREFIX_PATH=${CMAKE_PREFIX_PATH}:/root/ros_ws/src/Rescue_Car_ws/install/sensor_msgs_py:/opt/ros/humble /usr/bin/cmake --install /root/ros_ws/src/Rescue_Car_ws/build/lifecycle_msgs
[0.888s] DEBUG:colcon.colcon_core.event_handler.log_command:Invoked command in '/root/ros_ws/src/Rescue_Car_ws/build/unique_identifier_msgs' returned '0': CMAKE_PREFIX_PATH=${CMAKE_PREFIX_PATH}:/root/ros_ws/src/Rescue_Car_ws/install/sensor_msgs_py:/opt/ros/humble /usr/bin/cmake --build /root/ros_ws/src/Rescue_Car_ws/build/unique_identifier_msgs -- -j20 -l20
[0.888s] DEBUG:colcon.colcon_core.event_handler.log_command:Invoking command in '/root/ros_ws/src/Rescue_Car_ws/build/unique_identifier_msgs': CMAKE_PREFIX_PATH=${CMAKE_PREFIX_PATH}:/root/ros_ws/src/Rescue_Car_ws/install/sensor_msgs_py:/opt/ros/humble /usr/bin/cmake --install /root/ros_ws/src/Rescue_Car_ws/build/unique_identifier_msgs
[0.895s] DEBUG:colcon.colcon_core.event_handler.log_command:Invoked command in '/root/ros_ws/src/Rescue_Car_ws/build/micro_ros_msgs' returned '0': CMAKE_PREFIX_PATH=${CMAKE_PREFIX_PATH}:/root/ros_ws/src/Rescue_Car_ws/install/sensor_msgs_py:/opt/ros/humble /usr/bin/cmake --build /root/ros_ws/src/Rescue_Car_ws/build/micro_ros_msgs -- -j20 -l20
[0.905s] Level 1:colcon.colcon_core.environment:create_environment_scripts_only(builtin_interfaces)
[0.906s] Level 1:colcon.colcon_core.environment:checking '/root/ros_ws/src/Rescue_Car_ws/install/builtin_interfaces' for CMake module files
[0.913s] Level 1:colcon.colcon_core.environment:checking '/root/ros_ws/src/Rescue_Car_ws/install/builtin_interfaces' for CMake config files
[0.914s] DEBUG:colcon.colcon_core.event_handler.log_command:Invoking command in '/root/ros_ws/src/Rescue_Car_ws/build/micro_ros_msgs': CMAKE_PREFIX_PATH=${CMAKE_PREFIX_PATH}:/root/ros_ws/src/Rescue_Car_ws/install/sensor_msgs_py:/opt/ros/humble /usr/bin/cmake --install /root/ros_ws/src/Rescue_Car_ws/build/micro_ros_msgs
[0.932s] Level 1:colcon.colcon_core.shell:create_environment_hook('builtin_interfaces', 'cmake_prefix_path')
[0.933s] INFO:colcon.colcon_core.shell:Creating environment hook '/root/ros_ws/src/Rescue_Car_ws/install/builtin_interfaces/share/builtin_interfaces/hook/cmake_prefix_path.ps1'
[0.935s] INFO:colcon.colcon_core.shell:Creating environment descriptor '/root/ros_ws/src/Rescue_Car_ws/install/builtin_interfaces/share/builtin_interfaces/hook/cmake_prefix_path.dsv'
[0.937s] INFO:colcon.colcon_core.shell:Creating environment hook '/root/ros_ws/src/Rescue_Car_ws/install/builtin_interfaces/share/builtin_interfaces/hook/cmake_prefix_path.sh'
[0.941s] Level 1:colcon.colcon_core.environment:checking '/root/ros_ws/src/Rescue_Car_ws/install/builtin_interfaces/lib'
[0.942s] Level 1:colcon.colcon_core.shell:create_environment_hook('builtin_interfaces', 'ld_library_path_lib')
[0.942s] INFO:colcon.colcon_core.shell:Creating environment hook '/root/ros_ws/src/Rescue_Car_ws/install/builtin_interfaces/share/builtin_interfaces/hook/ld_library_path_lib.ps1'
[0.944s] INFO:colcon.colcon_core.shell:Creating environment descriptor '/root/ros_ws/src/Rescue_Car_ws/install/builtin_interfaces/share/builtin_interfaces/hook/ld_library_path_lib.dsv'
[0.947s] INFO:colcon.colcon_core.shell:Creating environment hook '/root/ros_ws/src/Rescue_Car_ws/install/builtin_interfaces/share/builtin_interfaces/hook/ld_library_path_lib.sh'
[0.948s] Level 1:colcon.colcon_core.environment:checking '/root/ros_ws/src/Rescue_Car_ws/install/builtin_interfaces/bin'
[0.949s] Level 1:colcon.colcon_core.environment:checking '/root/ros_ws/src/Rescue_Car_ws/install/builtin_interfaces/lib/pkgconfig/builtin_interfaces.pc'
[0.949s] DEBUG:colcon.colcon_core.event_handler.log_command:Invoked command in '/root/ros_ws/src/Rescue_Car_ws/build/builtin_interfaces' returned '0': CMAKE_PREFIX_PATH=${CMAKE_PREFIX_PATH}:/root/ros_ws/src/Rescue_Car_ws/install/sensor_msgs_py:/opt/ros/humble /usr/bin/cmake --install /root/ros_ws/src/Rescue_Car_ws/build/builtin_interfaces
[0.950s] Level 1:colcon.colcon_core.environment:checking '/root/ros_ws/src/Rescue_Car_ws/install/builtin_interfaces/lib/python3.10/site-packages'
[0.950s] Level 1:colcon.colcon_core.environment:checking '/root/ros_ws/src/Rescue_Car_ws/install/builtin_interfaces/bin'
[0.951s] INFO:colcon.colcon_core.shell:Creating package script '/root/ros_ws/src/Rescue_Car_ws/install/builtin_interfaces/share/builtin_interfaces/package.ps1'
[0.956s] INFO:colcon.colcon_core.shell:Creating package descriptor '/root/ros_ws/src/Rescue_Car_ws/install/builtin_interfaces/share/builtin_interfaces/package.dsv'
[0.959s] INFO:colcon.colcon_core.shell:Creating package script '/root/ros_ws/src/Rescue_Car_ws/install/builtin_interfaces/share/builtin_interfaces/package.sh'
[0.960s] INFO:colcon.colcon_core.shell:Creating package script '/root/ros_ws/src/Rescue_Car_ws/install/builtin_interfaces/share/builtin_interfaces/package.bash'
[0.962s] INFO:colcon.colcon_core.shell:Creating package script '/root/ros_ws/src/Rescue_Car_ws/install/builtin_interfaces/share/builtin_interfaces/package.zsh'
[0.963s] Level 1:colcon.colcon_core.environment:create_file_with_runtime_dependencies(/root/ros_ws/src/Rescue_Car_ws/install/builtin_interfaces/share/colcon-core/packages/builtin_interfaces)
[0.967s] Level 1:colcon.colcon_core.environment:create_environment_scripts_only(builtin_interfaces)
[0.967s] Level 1:colcon.colcon_core.environment:checking '/root/ros_ws/src/Rescue_Car_ws/install/builtin_interfaces' for CMake module files
[0.975s] Level 1:colcon.colcon_core.environment:checking '/root/ros_ws/src/Rescue_Car_ws/install/builtin_interfaces' for CMake config files
[0.982s] Level 1:colcon.colcon_core.shell:create_environment_hook('builtin_interfaces', 'cmake_prefix_path')
[0.982s] INFO:colcon.colcon_core.shell:Creating environment hook '/root/ros_ws/src/Rescue_Car_ws/install/builtin_interfaces/share/builtin_interfaces/hook/cmake_prefix_path.ps1'
[0.985s] INFO:colcon.colcon_core.shell:Creating environment descriptor '/root/ros_ws/src/Rescue_Car_ws/install/builtin_interfaces/share/builtin_interfaces/hook/cmake_prefix_path.dsv'
[0.986s] INFO:colcon.colcon_core.shell:Creating environment hook '/root/ros_ws/src/Rescue_Car_ws/install/builtin_interfaces/share/builtin_interfaces/hook/cmake_prefix_path.sh'
[0.986s] Level 1:colcon.colcon_core.environment:checking '/root/ros_ws/src/Rescue_Car_ws/install/builtin_interfaces/lib'
[0.987s] Level 1:colcon.colcon_core.shell:create_environment_hook('builtin_interfaces', 'ld_library_path_lib')
[0.987s] INFO:colcon.colcon_core.shell:Creating environment hook '/root/ros_ws/src/Rescue_Car_ws/install/builtin_interfaces/share/builtin_interfaces/hook/ld_library_path_lib.ps1'
[0.987s] INFO:colcon.colcon_core.shell:Creating environment descriptor '/root/ros_ws/src/Rescue_Car_ws/install/builtin_interfaces/share/builtin_interfaces/hook/ld_library_path_lib.dsv'
[0.988s] INFO:colcon.colcon_core.shell:Creating environment hook '/root/ros_ws/src/Rescue_Car_ws/install/builtin_interfaces/share/builtin_interfaces/hook/ld_library_path_lib.sh'
[0.988s] Level 1:colcon.colcon_core.environment:checking '/root/ros_ws/src/Rescue_Car_ws/install/builtin_interfaces/bin'
[0.988s] Level 1:colcon.colcon_core.environment:checking '/root/ros_ws/src/Rescue_Car_ws/install/builtin_interfaces/lib/pkgconfig/builtin_interfaces.pc'
[0.989s] Level 1:colcon.colcon_core.environment:checking '/root/ros_ws/src/Rescue_Car_ws/install/builtin_interfaces/lib/python3.10/site-packages'
[0.989s] Level 1:colcon.colcon_core.environment:checking '/root/ros_ws/src/Rescue_Car_ws/install/builtin_interfaces/bin'
[0.989s] INFO:colcon.colcon_core.shell:Creating package script '/root/ros_ws/src/Rescue_Car_ws/install/builtin_interfaces/share/builtin_interfaces/package.ps1'
[0.990s] INFO:colcon.colcon_core.shell:Creating package descriptor '/root/ros_ws/src/Rescue_Car_ws/install/builtin_interfaces/share/builtin_interfaces/package.dsv'
[0.990s] INFO:colcon.colcon_core.shell:Creating package script '/root/ros_ws/src/Rescue_Car_ws/install/builtin_interfaces/share/builtin_interfaces/package.sh'
[0.991s] INFO:colcon.colcon_core.shell:Creating package script '/root/ros_ws/src/Rescue_Car_ws/install/builtin_interfaces/share/builtin_interfaces/package.bash'
[0.991s] INFO:colcon.colcon_core.shell:Creating package script '/root/ros_ws/src/Rescue_Car_ws/install/builtin_interfaces/share/builtin_interfaces/package.zsh'
[0.992s] Level 1:colcon.colcon_core.environment:create_file_with_runtime_dependencies(/root/ros_ws/src/Rescue_Car_ws/install/builtin_interfaces/share/colcon-core/packages/builtin_interfaces)
[0.992s] INFO:colcon.colcon_ros.task.ament_cmake.build:Building ROS package in '/root/ros_ws/src/Rescue_Car_ws/src/microros/src/ros2/common_interfaces/std_msgs' with build type 'ament_cmake'
[0.992s] INFO:colcon.colcon_cmake.task.cmake.build:Building CMake package in '/root/ros_ws/src/Rescue_Car_ws/src/microros/src/ros2/common_interfaces/std_msgs'
[0.993s] INFO:colcon.colcon_core.shell:Skip shell extension 'powershell' for command environment: Not usable outside of PowerShell
[0.993s] DEBUG:colcon.colcon_core.shell:Skip shell extension 'dsv' for command environment
[0.997s] INFO:colcon.colcon_ros.task.ament_cmake.build:Building ROS package in '/root/ros_ws/src/Rescue_Car_ws/src/microros/src/ros2/rcl_interfaces/rcl_interfaces' with build type 'ament_cmake'
[0.997s] INFO:colcon.colcon_cmake.task.cmake.build:Building CMake package in '/root/ros_ws/src/Rescue_Car_ws/src/microros/src/ros2/rcl_interfaces/rcl_interfaces'
[0.998s] INFO:colcon.colcon_core.shell:Skip shell extension 'powershell' for command environment: Not usable outside of PowerShell
[0.998s] DEBUG:colcon.colcon_core.shell:Skip shell extension 'dsv' for command environment
[1.004s] INFO:colcon.colcon_ros.task.ament_cmake.build:Building ROS package in '/root/ros_ws/src/Rescue_Car_ws/src/microros/src/uros/micro-ROS-demos/messages/complex_msg' with build type 'ament_cmake'
[1.004s] INFO:colcon.colcon_cmake.task.cmake.build:Building CMake package in '/root/ros_ws/src/Rescue_Car_ws/src/microros/src/uros/micro-ROS-demos/messages/complex_msg'
[1.005s] INFO:colcon.colcon_core.shell:Skip shell extension 'powershell' for command environment: Not usable outside of PowerShell
[1.005s] DEBUG:colcon.colcon_core.shell:Skip shell extension 'dsv' for command environment
[1.009s] INFO:colcon.colcon_ros.task.ament_cmake.build:Building ROS package in '/root/ros_ws/src/Rescue_Car_ws/src/microros/src/ros2/rcl_interfaces/rosgraph_msgs' with build type 'ament_cmake'
[1.009s] INFO:colcon.colcon_cmake.task.cmake.build:Building CMake package in '/root/ros_ws/src/Rescue_Car_ws/src/microros/src/ros2/rcl_interfaces/rosgraph_msgs'
[1.009s] INFO:colcon.colcon_core.shell:Skip shell extension 'powershell' for command environment: Not usable outside of PowerShell
[1.010s] DEBUG:colcon.colcon_core.shell:Skip shell extension 'dsv' for command environment
[1.015s] INFO:colcon.colcon_ros.task.ament_cmake.build:Building ROS package in '/root/ros_ws/src/Rescue_Car_ws/src/microros/src/ros2/rcl_interfaces/statistics_msgs' with build type 'ament_cmake'
[1.015s] INFO:colcon.colcon_cmake.task.cmake.build:Building CMake package in '/root/ros_ws/src/Rescue_Car_ws/src/microros/src/ros2/rcl_interfaces/statistics_msgs'
[1.015s] INFO:colcon.colcon_core.shell:Skip shell extension 'powershell' for command environment: Not usable outside of PowerShell
[1.016s] DEBUG:colcon.colcon_core.shell:Skip shell extension 'dsv' for command environment
[1.022s] Level 1:colcon.colcon_core.environment:create_environment_scripts_only(std_srvs)
[1.022s] Level 1:colcon.colcon_core.environment:checking '/root/ros_ws/src/Rescue_Car_ws/install/std_srvs' for CMake module files
[1.023s] DEBUG:colcon.colcon_core.event_handler.log_command:Invoked command in '/root/ros_ws/src/Rescue_Car_ws/build/std_srvs' returned '0': CMAKE_PREFIX_PATH=${CMAKE_PREFIX_PATH}:/root/ros_ws/src/Rescue_Car_ws/install/sensor_msgs_py:/opt/ros/humble /usr/bin/cmake --install /root/ros_ws/src/Rescue_Car_ws/build/std_srvs
[1.024s] Level 1:colcon.colcon_core.environment:checking '/root/ros_ws/src/Rescue_Car_ws/install/std_srvs' for CMake config files
[1.024s] Level 1:colcon.colcon_core.shell:create_environment_hook('std_srvs', 'cmake_prefix_path')
[1.025s] INFO:colcon.colcon_core.shell:Creating environment hook '/root/ros_ws/src/Rescue_Car_ws/install/std_srvs/share/std_srvs/hook/cmake_prefix_path.ps1'
[1.026s] INFO:colcon.colcon_core.shell:Creating environment descriptor '/root/ros_ws/src/Rescue_Car_ws/install/std_srvs/share/std_srvs/hook/cmake_prefix_path.dsv'
[1.026s] INFO:colcon.colcon_core.shell:Creating environment hook '/root/ros_ws/src/Rescue_Car_ws/install/std_srvs/share/std_srvs/hook/cmake_prefix_path.sh'
[1.027s] Level 1:colcon.colcon_core.environment:checking '/root/ros_ws/src/Rescue_Car_ws/install/std_srvs/lib'
[1.027s] Level 1:colcon.colcon_core.shell:create_environment_hook('std_srvs', 'ld_library_path_lib')
[1.027s] INFO:colcon.colcon_core.shell:Creating environment hook '/root/ros_ws/src/Rescue_Car_ws/install/std_srvs/share/std_srvs/hook/ld_library_path_lib.ps1'
[1.027s] INFO:colcon.colcon_core.shell:Creating environment descriptor '/root/ros_ws/src/Rescue_Car_ws/install/std_srvs/share/std_srvs/hook/ld_library_path_lib.dsv'
[1.028s] INFO:colcon.colcon_core.shell:Creating environment hook '/root/ros_ws/src/Rescue_Car_ws/install/std_srvs/share/std_srvs/hook/ld_library_path_lib.sh'
[1.028s] Level 1:colcon.colcon_core.environment:checking '/root/ros_ws/src/Rescue_Car_ws/install/std_srvs/bin'
[1.028s] Level 1:colcon.colcon_core.environment:checking '/root/ros_ws/src/Rescue_Car_ws/install/std_srvs/lib/pkgconfig/std_srvs.pc'
[1.028s] Level 1:colcon.colcon_core.environment:checking '/root/ros_ws/src/Rescue_Car_ws/install/std_srvs/lib/python3.10/site-packages'
[1.028s] Level 1:colcon.colcon_core.environment:checking '/root/ros_ws/src/Rescue_Car_ws/install/std_srvs/bin'
[1.029s] INFO:colcon.colcon_core.shell:Creating package script '/root/ros_ws/src/Rescue_Car_ws/install/std_srvs/share/std_srvs/package.ps1'
[1.029s] INFO:colcon.colcon_core.shell:Creating package descriptor '/root/ros_ws/src/Rescue_Car_ws/install/std_srvs/share/std_srvs/package.dsv'
[1.029s] INFO:colcon.colcon_core.shell:Creating package script '/root/ros_ws/src/Rescue_Car_ws/install/std_srvs/share/std_srvs/package.sh'
[1.030s] INFO:colcon.colcon_core.shell:Creating package script '/root/ros_ws/src/Rescue_Car_ws/install/std_srvs/share/std_srvs/package.bash'
[1.030s] INFO:colcon.colcon_core.shell:Creating package script '/root/ros_ws/src/Rescue_Car_ws/install/std_srvs/share/std_srvs/package.zsh'
[1.030s] Level 1:colcon.colcon_core.environment:create_file_with_runtime_dependencies(/root/ros_ws/src/Rescue_Car_ws/install/std_srvs/share/colcon-core/packages/std_srvs)
[1.031s] Level 1:colcon.colcon_core.environment:create_environment_scripts_only(std_srvs)
[1.031s] Level 1:colcon.colcon_core.environment:checking '/root/ros_ws/src/Rescue_Car_ws/install/std_srvs' for CMake module files
[1.031s] Level 1:colcon.colcon_core.environment:checking '/root/ros_ws/src/Rescue_Car_ws/install/std_srvs' for CMake config files
[1.032s] Level 1:colcon.colcon_core.shell:create_environment_hook('std_srvs', 'cmake_prefix_path')
[1.032s] INFO:colcon.colcon_core.shell:Creating environment hook '/root/ros_ws/src/Rescue_Car_ws/install/std_srvs/share/std_srvs/hook/cmake_prefix_path.ps1'
[1.032s] INFO:colcon.colcon_core.shell:Creating environment descriptor '/root/ros_ws/src/Rescue_Car_ws/install/std_srvs/share/std_srvs/hook/cmake_prefix_path.dsv'
[1.033s] INFO:colcon.colcon_core.shell:Creating environment hook '/root/ros_ws/src/Rescue_Car_ws/install/std_srvs/share/std_srvs/hook/cmake_prefix_path.sh'
[1.033s] Level 1:colcon.colcon_core.environment:checking '/root/ros_ws/src/Rescue_Car_ws/install/std_srvs/lib'
[1.033s] Level 1:colcon.colcon_core.shell:create_environment_hook('std_srvs', 'ld_library_path_lib')
[1.033s] INFO:colcon.colcon_core.shell:Creating environment hook '/root/ros_ws/src/Rescue_Car_ws/install/std_srvs/share/std_srvs/hook/ld_library_path_lib.ps1'
[1.034s] INFO:colcon.colcon_core.shell:Creating environment descriptor '/root/ros_ws/src/Rescue_Car_ws/install/std_srvs/share/std_srvs/hook/ld_library_path_lib.dsv'
[1.034s] INFO:colcon.colcon_core.shell:Creating environment hook '/root/ros_ws/src/Rescue_Car_ws/install/std_srvs/share/std_srvs/hook/ld_library_path_lib.sh'
[1.034s] Level 1:colcon.colcon_core.environment:checking '/root/ros_ws/src/Rescue_Car_ws/install/std_srvs/bin'
[1.034s] Level 1:colcon.colcon_core.environment:checking '/root/ros_ws/src/Rescue_Car_ws/install/std_srvs/lib/pkgconfig/std_srvs.pc'
[1.034s] Level 1:colcon.colcon_core.environment:checking '/root/ros_ws/src/Rescue_Car_ws/install/std_srvs/lib/python3.10/site-packages'
[1.035s] Level 1:colcon.colcon_core.environment:checking '/root/ros_ws/src/Rescue_Car_ws/install/std_srvs/bin'
[1.035s] INFO:colcon.colcon_core.shell:Creating package script '/root/ros_ws/src/Rescue_Car_ws/install/std_srvs/share/std_srvs/package.ps1'
[1.035s] INFO:colcon.colcon_core.shell:Creating package descriptor '/root/ros_ws/src/Rescue_Car_ws/install/std_srvs/share/std_srvs/package.dsv'
[1.036s] INFO:colcon.colcon_core.shell:Creating package script '/root/ros_ws/src/Rescue_Car_ws/install/std_srvs/share/std_srvs/package.sh'
[1.036s] INFO:colcon.colcon_core.shell:Creating package script '/root/ros_ws/src/Rescue_Car_ws/install/std_srvs/share/std_srvs/package.bash'
[1.036s] INFO:colcon.colcon_core.shell:Creating package script '/root/ros_ws/src/Rescue_Car_ws/install/std_srvs/share/std_srvs/package.zsh'
[1.037s] Level 1:colcon.colcon_core.environment:create_file_with_runtime_dependencies(/root/ros_ws/src/Rescue_Car_ws/install/std_srvs/share/colcon-core/packages/std_srvs)
[1.037s] Level 1:colcon.colcon_core.environment:create_environment_scripts_only(unique_identifier_msgs)
[1.037s] Level 1:colcon.colcon_core.environment:checking '/root/ros_ws/src/Rescue_Car_ws/install/unique_identifier_msgs' for CMake module files
[1.039s] DEBUG:colcon.colcon_core.event_handler.log_command:Invoked command in '/root/ros_ws/src/Rescue_Car_ws/build/unique_identifier_msgs' returned '0': CMAKE_PREFIX_PATH=${CMAKE_PREFIX_PATH}:/root/ros_ws/src/Rescue_Car_ws/install/sensor_msgs_py:/opt/ros/humble /usr/bin/cmake --install /root/ros_ws/src/Rescue_Car_ws/build/unique_identifier_msgs
[1.039s] Level 1:colcon.colcon_core.environment:checking '/root/ros_ws/src/Rescue_Car_ws/install/unique_identifier_msgs' for CMake config files
[1.039s] Level 1:colcon.colcon_core.shell:create_environment_hook('unique_identifier_msgs', 'cmake_prefix_path')
[1.040s] INFO:colcon.colcon_core.shell:Creating environment hook '/root/ros_ws/src/Rescue_Car_ws/install/unique_identifier_msgs/share/unique_identifier_msgs/hook/cmake_prefix_path.ps1'
[1.040s] INFO:colcon.colcon_core.shell:Creating environment descriptor '/root/ros_ws/src/Rescue_Car_ws/install/unique_identifier_msgs/share/unique_identifier_msgs/hook/cmake_prefix_path.dsv'
[1.040s] INFO:colcon.colcon_core.shell:Creating environment hook '/root/ros_ws/src/Rescue_Car_ws/install/unique_identifier_msgs/share/unique_identifier_msgs/hook/cmake_prefix_path.sh'
[1.041s] Level 1:colcon.colcon_core.environment:checking '/root/ros_ws/src/Rescue_Car_ws/install/unique_identifier_msgs/lib'
[1.041s] Level 1:colcon.colcon_core.shell:create_environment_hook('unique_identifier_msgs', 'ld_library_path_lib')
[1.041s] INFO:colcon.colcon_core.shell:Creating environment hook '/root/ros_ws/src/Rescue_Car_ws/install/unique_identifier_msgs/share/unique_identifier_msgs/hook/ld_library_path_lib.ps1'
[1.041s] INFO:colcon.colcon_core.shell:Creating environment descriptor '/root/ros_ws/src/Rescue_Car_ws/install/unique_identifier_msgs/share/unique_identifier_msgs/hook/ld_library_path_lib.dsv'
[1.041s] INFO:colcon.colcon_core.shell:Creating environment hook '/root/ros_ws/src/Rescue_Car_ws/install/unique_identifier_msgs/share/unique_identifier_msgs/hook/ld_library_path_lib.sh'
[1.042s] Level 1:colcon.colcon_core.environment:checking '/root/ros_ws/src/Rescue_Car_ws/install/unique_identifier_msgs/bin'
[1.042s] Level 1:colcon.colcon_core.environment:checking '/root/ros_ws/src/Rescue_Car_ws/install/unique_identifier_msgs/lib/pkgconfig/unique_identifier_msgs.pc'
[1.042s] Level 1:colcon.colcon_core.environment:checking '/root/ros_ws/src/Rescue_Car_ws/install/unique_identifier_msgs/lib/python3.10/site-packages'
[1.042s] Level 1:colcon.colcon_core.environment:checking '/root/ros_ws/src/Rescue_Car_ws/install/unique_identifier_msgs/bin'
[1.042s] INFO:colcon.colcon_core.shell:Creating package script '/root/ros_ws/src/Rescue_Car_ws/install/unique_identifier_msgs/share/unique_identifier_msgs/package.ps1'
[1.043s] INFO:colcon.colcon_core.shell:Creating package descriptor '/root/ros_ws/src/Rescue_Car_ws/install/unique_identifier_msgs/share/unique_identifier_msgs/package.dsv'
[1.043s] INFO:colcon.colcon_core.shell:Creating package script '/root/ros_ws/src/Rescue_Car_ws/install/unique_identifier_msgs/share/unique_identifier_msgs/package.sh'
[1.043s] INFO:colcon.colcon_core.shell:Creating package script '/root/ros_ws/src/Rescue_Car_ws/install/unique_identifier_msgs/share/unique_identifier_msgs/package.bash'
[1.044s] INFO:colcon.colcon_core.shell:Creating package script '/root/ros_ws/src/Rescue_Car_ws/install/unique_identifier_msgs/share/unique_identifier_msgs/package.zsh'
[1.044s] Level 1:colcon.colcon_core.environment:create_file_with_runtime_dependencies(/root/ros_ws/src/Rescue_Car_ws/install/unique_identifier_msgs/share/colcon-core/packages/unique_identifier_msgs)
[1.044s] Level 1:colcon.colcon_core.environment:create_environment_scripts_only(unique_identifier_msgs)
[1.044s] Level 1:colcon.colcon_core.environment:checking '/root/ros_ws/src/Rescue_Car_ws/install/unique_identifier_msgs' for CMake module files
[1.045s] Level 1:colcon.colcon_core.environment:checking '/root/ros_ws/src/Rescue_Car_ws/install/unique_identifier_msgs' for CMake config files
[1.045s] Level 1:colcon.colcon_core.shell:create_environment_hook('unique_identifier_msgs', 'cmake_prefix_path')
[1.045s] INFO:colcon.colcon_core.shell:Creating environment hook '/root/ros_ws/src/Rescue_Car_ws/install/unique_identifier_msgs/share/unique_identifier_msgs/hook/cmake_prefix_path.ps1'
[1.045s] INFO:colcon.colcon_core.shell:Creating environment descriptor '/root/ros_ws/src/Rescue_Car_ws/install/unique_identifier_msgs/share/unique_identifier_msgs/hook/cmake_prefix_path.dsv'
[1.046s] INFO:colcon.colcon_core.shell:Creating environment hook '/root/ros_ws/src/Rescue_Car_ws/install/unique_identifier_msgs/share/unique_identifier_msgs/hook/cmake_prefix_path.sh'
[1.046s] Level 1:colcon.colcon_core.environment:checking '/root/ros_ws/src/Rescue_Car_ws/install/unique_identifier_msgs/lib'
[1.046s] Level 1:colcon.colcon_core.shell:create_environment_hook('unique_identifier_msgs', 'ld_library_path_lib')
[1.046s] INFO:colcon.colcon_core.shell:Creating environment hook '/root/ros_ws/src/Rescue_Car_ws/install/unique_identifier_msgs/share/unique_identifier_msgs/hook/ld_library_path_lib.ps1'
[1.046s] INFO:colcon.colcon_core.shell:Creating environment descriptor '/root/ros_ws/src/Rescue_Car_ws/install/unique_identifier_msgs/share/unique_identifier_msgs/hook/ld_library_path_lib.dsv'
[1.047s] INFO:colcon.colcon_core.shell:Creating environment hook '/root/ros_ws/src/Rescue_Car_ws/install/unique_identifier_msgs/share/unique_identifier_msgs/hook/ld_library_path_lib.sh'
[1.047s] Level 1:colcon.colcon_core.environment:checking '/root/ros_ws/src/Rescue_Car_ws/install/unique_identifier_msgs/bin'
[1.047s] Level 1:colcon.colcon_core.environment:checking '/root/ros_ws/src/Rescue_Car_ws/install/unique_identifier_msgs/lib/pkgconfig/unique_identifier_msgs.pc'
[1.048s] Level 1:colcon.colcon_core.environment:checking '/root/ros_ws/src/Rescue_Car_ws/install/unique_identifier_msgs/lib/python3.10/site-packages'
[1.048s] Level 1:colcon.colcon_core.environment:checking '/root/ros_ws/src/Rescue_Car_ws/install/unique_identifier_msgs/bin'
[1.048s] INFO:colcon.colcon_core.shell:Creating package script '/root/ros_ws/src/Rescue_Car_ws/install/unique_identifier_msgs/share/unique_identifier_msgs/package.ps1'
[1.050s] INFO:colcon.colcon_core.shell:Creating package descriptor '/root/ros_ws/src/Rescue_Car_ws/install/unique_identifier_msgs/share/unique_identifier_msgs/package.dsv'
[1.050s] INFO:colcon.colcon_core.shell:Creating package script '/root/ros_ws/src/Rescue_Car_ws/install/unique_identifier_msgs/share/unique_identifier_msgs/package.sh'
[1.050s] INFO:colcon.colcon_core.shell:Creating package script '/root/ros_ws/src/Rescue_Car_ws/install/unique_identifier_msgs/share/unique_identifier_msgs/package.bash'
[1.051s] INFO:colcon.colcon_core.shell:Creating package script '/root/ros_ws/src/Rescue_Car_ws/install/unique_identifier_msgs/share/unique_identifier_msgs/package.zsh'
[1.051s] Level 1:colcon.colcon_core.environment:create_file_with_runtime_dependencies(/root/ros_ws/src/Rescue_Car_ws/install/unique_identifier_msgs/share/colcon-core/packages/unique_identifier_msgs)
[1.051s] Level 1:colcon.colcon_core.environment:create_environment_scripts_only(lifecycle_msgs)
[1.051s] Level 1:colcon.colcon_core.environment:checking '/root/ros_ws/src/Rescue_Car_ws/install/lifecycle_msgs' for CMake module files
[1.052s] DEBUG:colcon.colcon_core.event_handler.log_command:Invoked command in '/root/ros_ws/src/Rescue_Car_ws/build/lifecycle_msgs' returned '0': CMAKE_PREFIX_PATH=${CMAKE_PREFIX_PATH}:/root/ros_ws/src/Rescue_Car_ws/install/sensor_msgs_py:/opt/ros/humble /usr/bin/cmake --install /root/ros_ws/src/Rescue_Car_ws/build/lifecycle_msgs
[1.053s] Level 1:colcon.colcon_core.environment:checking '/root/ros_ws/src/Rescue_Car_ws/install/lifecycle_msgs' for CMake config files
[1.054s] Level 1:colcon.colcon_core.shell:create_environment_hook('lifecycle_msgs', 'cmake_prefix_path')
[1.054s] INFO:colcon.colcon_core.shell:Creating environment hook '/root/ros_ws/src/Rescue_Car_ws/install/lifecycle_msgs/share/lifecycle_msgs/hook/cmake_prefix_path.ps1'
[1.054s] INFO:colcon.colcon_core.shell:Creating environment descriptor '/root/ros_ws/src/Rescue_Car_ws/install/lifecycle_msgs/share/lifecycle_msgs/hook/cmake_prefix_path.dsv'
[1.054s] INFO:colcon.colcon_core.shell:Creating environment hook '/root/ros_ws/src/Rescue_Car_ws/install/lifecycle_msgs/share/lifecycle_msgs/hook/cmake_prefix_path.sh'
[1.055s] Level 1:colcon.colcon_core.environment:checking '/root/ros_ws/src/Rescue_Car_ws/install/lifecycle_msgs/lib'
[1.055s] Level 1:colcon.colcon_core.shell:create_environment_hook('lifecycle_msgs', 'ld_library_path_lib')
[1.055s] INFO:colcon.colcon_core.shell:Creating environment hook '/root/ros_ws/src/Rescue_Car_ws/install/lifecycle_msgs/share/lifecycle_msgs/hook/ld_library_path_lib.ps1'
[1.055s] INFO:colcon.colcon_core.shell:Creating environment descriptor '/root/ros_ws/src/Rescue_Car_ws/install/lifecycle_msgs/share/lifecycle_msgs/hook/ld_library_path_lib.dsv'
[1.056s] INFO:colcon.colcon_core.shell:Creating environment hook '/root/ros_ws/src/Rescue_Car_ws/install/lifecycle_msgs/share/lifecycle_msgs/hook/ld_library_path_lib.sh'
[1.056s] Level 1:colcon.colcon_core.environment:checking '/root/ros_ws/src/Rescue_Car_ws/install/lifecycle_msgs/bin'
[1.056s] Level 1:colcon.colcon_core.environment:checking '/root/ros_ws/src/Rescue_Car_ws/install/lifecycle_msgs/lib/pkgconfig/lifecycle_msgs.pc'
[1.056s] Level 1:colcon.colcon_core.environment:checking '/root/ros_ws/src/Rescue_Car_ws/install/lifecycle_msgs/lib/python3.10/site-packages'
[1.056s] Level 1:colcon.colcon_core.environment:checking '/root/ros_ws/src/Rescue_Car_ws/install/lifecycle_msgs/bin'
[1.057s] INFO:colcon.colcon_core.shell:Creating package script '/root/ros_ws/src/Rescue_Car_ws/install/lifecycle_msgs/share/lifecycle_msgs/package.ps1'
[1.057s] INFO:colcon.colcon_core.shell:Creating package descriptor '/root/ros_ws/src/Rescue_Car_ws/install/lifecycle_msgs/share/lifecycle_msgs/package.dsv'
[1.057s] INFO:colcon.colcon_core.shell:Creating package script '/root/ros_ws/src/Rescue_Car_ws/install/lifecycle_msgs/share/lifecycle_msgs/package.sh'
[1.057s] INFO:colcon.colcon_core.shell:Creating package script '/root/ros_ws/src/Rescue_Car_ws/install/lifecycle_msgs/share/lifecycle_msgs/package.bash'
[1.058s] INFO:colcon.colcon_core.shell:Creating package script '/root/ros_ws/src/Rescue_Car_ws/install/lifecycle_msgs/share/lifecycle_msgs/package.zsh'
[1.058s] Level 1:colcon.colcon_core.environment:create_file_with_runtime_dependencies(/root/ros_ws/src/Rescue_Car_ws/install/lifecycle_msgs/share/colcon-core/packages/lifecycle_msgs)
[1.058s] Level 1:colcon.colcon_core.environment:create_environment_scripts_only(lifecycle_msgs)
[1.059s] Level 1:colcon.colcon_core.environment:checking '/root/ros_ws/src/Rescue_Car_ws/install/lifecycle_msgs' for CMake module files
[1.059s] Level 1:colcon.colcon_core.environment:checking '/root/ros_ws/src/Rescue_Car_ws/install/lifecycle_msgs' for CMake config files
[1.059s] Level 1:colcon.colcon_core.shell:create_environment_hook('lifecycle_msgs', 'cmake_prefix_path')
[1.059s] INFO:colcon.colcon_core.shell:Creating environment hook '/root/ros_ws/src/Rescue_Car_ws/install/lifecycle_msgs/share/lifecycle_msgs/hook/cmake_prefix_path.ps1'
[1.060s] INFO:colcon.colcon_core.shell:Creating environment descriptor '/root/ros_ws/src/Rescue_Car_ws/install/lifecycle_msgs/share/lifecycle_msgs/hook/cmake_prefix_path.dsv'
[1.061s] INFO:colcon.colcon_core.shell:Creating environment hook '/root/ros_ws/src/Rescue_Car_ws/install/lifecycle_msgs/share/lifecycle_msgs/hook/cmake_prefix_path.sh'
[1.061s] Level 1:colcon.colcon_core.environment:checking '/root/ros_ws/src/Rescue_Car_ws/install/lifecycle_msgs/lib'
[1.061s] Level 1:colcon.colcon_core.shell:create_environment_hook('lifecycle_msgs', 'ld_library_path_lib')
[1.062s] INFO:colcon.colcon_core.shell:Creating environment hook '/root/ros_ws/src/Rescue_Car_ws/install/lifecycle_msgs/share/lifecycle_msgs/hook/ld_library_path_lib.ps1'
[1.062s] INFO:colcon.colcon_core.shell:Creating environment descriptor '/root/ros_ws/src/Rescue_Car_ws/install/lifecycle_msgs/share/lifecycle_msgs/hook/ld_library_path_lib.dsv'
[1.062s] INFO:colcon.colcon_core.shell:Creating environment hook '/root/ros_ws/src/Rescue_Car_ws/install/lifecycle_msgs/share/lifecycle_msgs/hook/ld_library_path_lib.sh'
[1.063s] Level 1:colcon.colcon_core.environment:checking '/root/ros_ws/src/Rescue_Car_ws/install/lifecycle_msgs/bin'
[1.063s] Level 1:colcon.colcon_core.environment:checking '/root/ros_ws/src/Rescue_Car_ws/install/lifecycle_msgs/lib/pkgconfig/lifecycle_msgs.pc'
[1.063s] Level 1:colcon.colcon_core.environment:checking '/root/ros_ws/src/Rescue_Car_ws/install/lifecycle_msgs/lib/python3.10/site-packages'
[1.063s] Level 1:colcon.colcon_core.environment:checking '/root/ros_ws/src/Rescue_Car_ws/install/lifecycle_msgs/bin'
[1.064s] INFO:colcon.colcon_core.shell:Creating package script '/root/ros_ws/src/Rescue_Car_ws/install/lifecycle_msgs/share/lifecycle_msgs/package.ps1'
[1.064s] INFO:colcon.colcon_core.shell:Creating package descriptor '/root/ros_ws/src/Rescue_Car_ws/install/lifecycle_msgs/share/lifecycle_msgs/package.dsv'
[1.065s] INFO:colcon.colcon_core.shell:Creating package script '/root/ros_ws/src/Rescue_Car_ws/install/lifecycle_msgs/share/lifecycle_msgs/package.sh'
[1.065s] INFO:colcon.colcon_core.shell:Creating package script '/root/ros_ws/src/Rescue_Car_ws/install/lifecycle_msgs/share/lifecycle_msgs/package.bash'
[1.066s] INFO:colcon.colcon_core.shell:Creating package script '/root/ros_ws/src/Rescue_Car_ws/install/lifecycle_msgs/share/lifecycle_msgs/package.zsh'
[1.066s] Level 1:colcon.colcon_core.environment:create_file_with_runtime_dependencies(/root/ros_ws/src/Rescue_Car_ws/install/lifecycle_msgs/share/colcon-core/packages/lifecycle_msgs)
[1.068s] INFO:colcon.colcon_ros.task.ament_cmake.build:Building ROS package in '/root/ros_ws/src/Rescue_Car_ws/src/microros/src/ros2/rcl_interfaces/action_msgs' with build type 'ament_cmake'
[1.068s] INFO:colcon.colcon_cmake.task.cmake.build:Building CMake package in '/root/ros_ws/src/Rescue_Car_ws/src/microros/src/ros2/rcl_interfaces/action_msgs'
[1.068s] INFO:colcon.colcon_core.shell:Skip shell extension 'powershell' for command environment: Not usable outside of PowerShell
[1.068s] DEBUG:colcon.colcon_core.shell:Skip shell extension 'dsv' for command environment
[1.074s] Level 1:colcon.colcon_core.environment:create_environment_scripts_only(micro_ros_msgs)
[1.074s] Level 1:colcon.colcon_core.environment:checking '/root/ros_ws/src/Rescue_Car_ws/install/micro_ros_msgs' for CMake module files
[1.074s] DEBUG:colcon.colcon_core.event_handler.log_command:Invoked command in '/root/ros_ws/src/Rescue_Car_ws/build/micro_ros_msgs' returned '0': CMAKE_PREFIX_PATH=${CMAKE_PREFIX_PATH}:/root/ros_ws/src/Rescue_Car_ws/install/sensor_msgs_py:/opt/ros/humble /usr/bin/cmake --install /root/ros_ws/src/Rescue_Car_ws/build/micro_ros_msgs
[1.075s] Level 1:colcon.colcon_core.environment:checking '/root/ros_ws/src/Rescue_Car_ws/install/micro_ros_msgs' for CMake config files
[1.075s] Level 1:colcon.colcon_core.shell:create_environment_hook('micro_ros_msgs', 'cmake_prefix_path')
[1.075s] INFO:colcon.colcon_core.shell:Creating environment hook '/root/ros_ws/src/Rescue_Car_ws/install/micro_ros_msgs/share/micro_ros_msgs/hook/cmake_prefix_path.ps1'
[1.076s] INFO:colcon.colcon_core.shell:Creating environment descriptor '/root/ros_ws/src/Rescue_Car_ws/install/micro_ros_msgs/share/micro_ros_msgs/hook/cmake_prefix_path.dsv'
[1.076s] INFO:colcon.colcon_core.shell:Creating environment hook '/root/ros_ws/src/Rescue_Car_ws/install/micro_ros_msgs/share/micro_ros_msgs/hook/cmake_prefix_path.sh'
[1.077s] Level 1:colcon.colcon_core.environment:checking '/root/ros_ws/src/Rescue_Car_ws/install/micro_ros_msgs/lib'
[1.077s] Level 1:colcon.colcon_core.shell:create_environment_hook('micro_ros_msgs', 'ld_library_path_lib')
[1.077s] INFO:colcon.colcon_core.shell:Creating environment hook '/root/ros_ws/src/Rescue_Car_ws/install/micro_ros_msgs/share/micro_ros_msgs/hook/ld_library_path_lib.ps1'
[1.078s] INFO:colcon.colcon_core.shell:Creating environment descriptor '/root/ros_ws/src/Rescue_Car_ws/install/micro_ros_msgs/share/micro_ros_msgs/hook/ld_library_path_lib.dsv'
[1.078s] INFO:colcon.colcon_core.shell:Creating environment hook '/root/ros_ws/src/Rescue_Car_ws/install/micro_ros_msgs/share/micro_ros_msgs/hook/ld_library_path_lib.sh'
[1.078s] Level 1:colcon.colcon_core.environment:checking '/root/ros_ws/src/Rescue_Car_ws/install/micro_ros_msgs/bin'
[1.078s] Level 1:colcon.colcon_core.environment:checking '/root/ros_ws/src/Rescue_Car_ws/install/micro_ros_msgs/lib/pkgconfig/micro_ros_msgs.pc'
[1.079s] Level 1:colcon.colcon_core.environment:checking '/root/ros_ws/src/Rescue_Car_ws/install/micro_ros_msgs/lib/python3.10/site-packages'
[1.079s] Level 1:colcon.colcon_core.environment:checking '/root/ros_ws/src/Rescue_Car_ws/install/micro_ros_msgs/bin'
[1.079s] INFO:colcon.colcon_core.shell:Creating package script '/root/ros_ws/src/Rescue_Car_ws/install/micro_ros_msgs/share/micro_ros_msgs/package.ps1'
[1.080s] INFO:colcon.colcon_core.shell:Creating package descriptor '/root/ros_ws/src/Rescue_Car_ws/install/micro_ros_msgs/share/micro_ros_msgs/package.dsv'
[1.080s] INFO:colcon.colcon_core.shell:Creating package script '/root/ros_ws/src/Rescue_Car_ws/install/micro_ros_msgs/share/micro_ros_msgs/package.sh'
[1.080s] INFO:colcon.colcon_core.shell:Creating package script '/root/ros_ws/src/Rescue_Car_ws/install/micro_ros_msgs/share/micro_ros_msgs/package.bash'
[1.081s] INFO:colcon.colcon_core.shell:Creating package script '/root/ros_ws/src/Rescue_Car_ws/install/micro_ros_msgs/share/micro_ros_msgs/package.zsh'
[1.081s] Level 1:colcon.colcon_core.environment:create_file_with_runtime_dependencies(/root/ros_ws/src/Rescue_Car_ws/install/micro_ros_msgs/share/colcon-core/packages/micro_ros_msgs)
[1.081s] Level 1:colcon.colcon_core.environment:create_environment_scripts_only(micro_ros_msgs)
[1.082s] Level 1:colcon.colcon_core.environment:checking '/root/ros_ws/src/Rescue_Car_ws/install/micro_ros_msgs' for CMake module files
[1.082s] Level 1:colcon.colcon_core.environment:checking '/root/ros_ws/src/Rescue_Car_ws/install/micro_ros_msgs' for CMake config files
[1.082s] Level 1:colcon.colcon_core.shell:create_environment_hook('micro_ros_msgs', 'cmake_prefix_path')
[1.082s] INFO:colcon.colcon_core.shell:Creating environment hook '/root/ros_ws/src/Rescue_Car_ws/install/micro_ros_msgs/share/micro_ros_msgs/hook/cmake_prefix_path.ps1'
[1.083s] INFO:colcon.colcon_core.shell:Creating environment descriptor '/root/ros_ws/src/Rescue_Car_ws/install/micro_ros_msgs/share/micro_ros_msgs/hook/cmake_prefix_path.dsv'
[1.083s] INFO:colcon.colcon_core.shell:Creating environment hook '/root/ros_ws/src/Rescue_Car_ws/install/micro_ros_msgs/share/micro_ros_msgs/hook/cmake_prefix_path.sh'
[1.083s] Level 1:colcon.colcon_core.environment:checking '/root/ros_ws/src/Rescue_Car_ws/install/micro_ros_msgs/lib'
[1.083s] Level 1:colcon.colcon_core.shell:create_environment_hook('micro_ros_msgs', 'ld_library_path_lib')
[1.084s] INFO:colcon.colcon_core.shell:Creating environment hook '/root/ros_ws/src/Rescue_Car_ws/install/micro_ros_msgs/share/micro_ros_msgs/hook/ld_library_path_lib.ps1'
[1.084s] INFO:colcon.colcon_core.shell:Creating environment descriptor '/root/ros_ws/src/Rescue_Car_ws/install/micro_ros_msgs/share/micro_ros_msgs/hook/ld_library_path_lib.dsv'
[1.084s] INFO:colcon.colcon_core.shell:Creating environment hook '/root/ros_ws/src/Rescue_Car_ws/install/micro_ros_msgs/share/micro_ros_msgs/hook/ld_library_path_lib.sh'
[1.084s] Level 1:colcon.colcon_core.environment:checking '/root/ros_ws/src/Rescue_Car_ws/install/micro_ros_msgs/bin'
[1.084s] Level 1:colcon.colcon_core.environment:checking '/root/ros_ws/src/Rescue_Car_ws/install/micro_ros_msgs/lib/pkgconfig/micro_ros_msgs.pc'
[1.084s] Level 1:colcon.colcon_core.environment:checking '/root/ros_ws/src/Rescue_Car_ws/install/micro_ros_msgs/lib/python3.10/site-packages'
[1.085s] Level 1:colcon.colcon_core.environment:checking '/root/ros_ws/src/Rescue_Car_ws/install/micro_ros_msgs/bin'
[1.085s] INFO:colcon.colcon_core.shell:Creating package script '/root/ros_ws/src/Rescue_Car_ws/install/micro_ros_msgs/share/micro_ros_msgs/package.ps1'
[1.085s] INFO:colcon.colcon_core.shell:Creating package descriptor '/root/ros_ws/src/Rescue_Car_ws/install/micro_ros_msgs/share/micro_ros_msgs/package.dsv'
[1.086s] INFO:colcon.colcon_core.shell:Creating package script '/root/ros_ws/src/Rescue_Car_ws/install/micro_ros_msgs/share/micro_ros_msgs/package.sh'
[1.086s] INFO:colcon.colcon_core.shell:Creating package script '/root/ros_ws/src/Rescue_Car_ws/install/micro_ros_msgs/share/micro_ros_msgs/package.bash'
[1.086s] INFO:colcon.colcon_core.shell:Creating package script '/root/ros_ws/src/Rescue_Car_ws/install/micro_ros_msgs/share/micro_ros_msgs/package.zsh'
[1.086s] Level 1:colcon.colcon_core.environment:create_file_with_runtime_dependencies(/root/ros_ws/src/Rescue_Car_ws/install/micro_ros_msgs/share/colcon-core/packages/micro_ros_msgs)
[1.089s] INFO:colcon.colcon_ros.task.ament_cmake.build:Building ROS package in '/root/ros_ws/src/Rescue_Car_ws/src/microros/src/uros/micro-ROS-Agent/micro_ros_agent' with build type 'ament_cmake'
[1.090s] INFO:colcon.colcon_cmake.task.cmake.build:Building CMake package in '/root/ros_ws/src/Rescue_Car_ws/src/microros/src/uros/micro-ROS-Agent/micro_ros_agent'
[1.090s] INFO:colcon.colcon_core.shell:Skip shell extension 'powershell' for command environment: Not usable outside of PowerShell
[1.090s] DEBUG:colcon.colcon_core.event_handler.log_command:Invoked command in '/root/ros_ws/src/Rescue_Car_ws/build/rosidl_typesupport_microxrcedds_c' returned '0': CMAKE_PREFIX_PATH=/root/ros_ws/src/Rescue_Car_ws/install/microcdr:/root/ros_ws/src/Rescue_Car_ws/install/micro_ros_demos_rclc:/root/ros_ws/src/Rescue_Car_ws/install/common_interfaces:/root/ros_ws/src/Rescue_Car_ws/install/visualization_msgs:/root/ros_ws/src/Rescue_Car_ws/install/test_msgs:/root/ros_ws/src/Rescue_Car_ws/install/example_interfaces:/root/ros_ws/src/Rescue_Car_ws/install/action_msgs:/root/ros_ws/src/Rescue_Car_ws/install/unique_identifier_msgs:/root/ros_ws/src/Rescue_Car_ws/install/trajectory_msgs:/root/ros_ws/src/Rescue_Car_ws/install/stereo_msgs:/root/ros_ws/src/Rescue_Car_ws/install/std_srvs:/root/ros_ws/src/Rescue_Car_ws/install/shape_msgs:/root/ros_ws/src/Rescue_Car_ws/install/sensor_msgs:/root/ros_ws/src/Rescue_Car_ws/install/nav_msgs:/root/ros_ws/src/Rescue_Car_ws/install/diagnostic_msgs:/root/ros_ws/src/Rescue_Car_ws/install/geometry_msgs:/root/ros_ws/src/Rescue_Car_ws/install/actionlib_msgs:/root/ros_ws/src/Rescue_Car_ws/install/std_msgs:/root/ros_ws/src/Rescue_Car_ws/install/statistics_msgs:/root/ros_ws/src/Rescue_Car_ws/install/rosidl_typesupport_microxrcedds_test_msg:/root/ros_ws/src/Rescue_Car_ws/install/rosidl_typesupport_microxrcedds_cpp_tests:/root/ros_ws/src/Rescue_Car_ws/install/rmw_microxrcedds:/root/ros_ws/src/Rescue_Car_ws/install/rosidl_typesupport_microxrcedds_cpp:/root/ros_ws/src/Rescue_Car_ws/install/rosidl_typesupport_microxrcedds_c_tests:/root/ros_ws/src/Rescue_Car_ws/install/rosidl_typesupport_microxrcedds_c:/root/ros_ws/src/Rescue_Car_ws/install/rosgraph_msgs:/root/ros_ws/src/Rescue_Car_ws/install/rclc_parameter:/root/ros_ws/src/Rescue_Car_ws/install/rclc:/root/ros_ws/src/Rescue_Car_ws/install/composition_interfaces:/root/ros_ws/src/Rescue_Car_ws/install/rcl_interfaces:/root/ros_ws/src/Rescue_Car_ws/install/microxrcedds_client:/root/ros_ws/src/Rescue_Car_ws/install/micro_ros_utilities:/root/ros_ws/src/Rescue_Car_ws/install/micro_ros_setup:/root/ros_ws/src/Rescue_Car_ws/install/micro_ros_agent:/root/ros_ws/src/Rescue_Car_ws/install/micro_ros_msgs:/root/ros_ws/src/Rescue_Car_ws/install/lifecycle_msgs:/root/ros_ws/src/Rescue_Car_ws/install/complex_msgs:/root/ros_ws/src/Rescue_Car_ws/install/car:/root/ros_ws/src/Rescue_Car_ws/install/builtin_interfaces:/root/ros_ws/src/Rescue_Car_ws/install/sensor_msgs_py:/opt/ros/humble /usr/bin/cmake --build /root/ros_ws/src/Rescue_Car_ws/build/rosidl_typesupport_microxrcedds_c -- -j20 -l20
[1.090s] DEBUG:colcon.colcon_core.shell:Skip shell extension 'dsv' for command environment
[1.091s] DEBUG:colcon.colcon_core.event_handler.log_command:Invoking command in '/root/ros_ws/src/Rescue_Car_ws/build/rosidl_typesupport_microxrcedds_c': CMAKE_PREFIX_PATH=/root/ros_ws/src/Rescue_Car_ws/install/microcdr:/root/ros_ws/src/Rescue_Car_ws/install/micro_ros_demos_rclc:/root/ros_ws/src/Rescue_Car_ws/install/common_interfaces:/root/ros_ws/src/Rescue_Car_ws/install/visualization_msgs:/root/ros_ws/src/Rescue_Car_ws/install/test_msgs:/root/ros_ws/src/Rescue_Car_ws/install/example_interfaces:/root/ros_ws/src/Rescue_Car_ws/install/action_msgs:/root/ros_ws/src/Rescue_Car_ws/install/unique_identifier_msgs:/root/ros_ws/src/Rescue_Car_ws/install/trajectory_msgs:/root/ros_ws/src/Rescue_Car_ws/install/stereo_msgs:/root/ros_ws/src/Rescue_Car_ws/install/std_srvs:/root/ros_ws/src/Rescue_Car_ws/install/shape_msgs:/root/ros_ws/src/Rescue_Car_ws/install/sensor_msgs:/root/ros_ws/src/Rescue_Car_ws/install/nav_msgs:/root/ros_ws/src/Rescue_Car_ws/install/diagnostic_msgs:/root/ros_ws/src/Rescue_Car_ws/install/geometry_msgs:/root/ros_ws/src/Rescue_Car_ws/install/actionlib_msgs:/root/ros_ws/src/Rescue_Car_ws/install/std_msgs:/root/ros_ws/src/Rescue_Car_ws/install/statistics_msgs:/root/ros_ws/src/Rescue_Car_ws/install/rosidl_typesupport_microxrcedds_test_msg:/root/ros_ws/src/Rescue_Car_ws/install/rosidl_typesupport_microxrcedds_cpp_tests:/root/ros_ws/src/Rescue_Car_ws/install/rmw_microxrcedds:/root/ros_ws/src/Rescue_Car_ws/install/rosidl_typesupport_microxrcedds_cpp:/root/ros_ws/src/Rescue_Car_ws/install/rosidl_typesupport_microxrcedds_c_tests:/root/ros_ws/src/Rescue_Car_ws/install/rosidl_typesupport_microxrcedds_c:/root/ros_ws/src/Rescue_Car_ws/install/rosgraph_msgs:/root/ros_ws/src/Rescue_Car_ws/install/rclc_parameter:/root/ros_ws/src/Rescue_Car_ws/install/rclc:/root/ros_ws/src/Rescue_Car_ws/install/composition_interfaces:/root/ros_ws/src/Rescue_Car_ws/install/rcl_interfaces:/root/ros_ws/src/Rescue_Car_ws/install/microxrcedds_client:/root/ros_ws/src/Rescue_Car_ws/install/micro_ros_utilities:/root/ros_ws/src/Rescue_Car_ws/install/micro_ros_setup:/root/ros_ws/src/Rescue_Car_ws/install/micro_ros_agent:/root/ros_ws/src/Rescue_Car_ws/install/micro_ros_msgs:/root/ros_ws/src/Rescue_Car_ws/install/lifecycle_msgs:/root/ros_ws/src/Rescue_Car_ws/install/complex_msgs:/root/ros_ws/src/Rescue_Car_ws/install/car:/root/ros_ws/src/Rescue_Car_ws/install/builtin_interfaces:/root/ros_ws/src/Rescue_Car_ws/install/sensor_msgs_py:/opt/ros/humble /usr/bin/cmake --install /root/ros_ws/src/Rescue_Car_ws/build/rosidl_typesupport_microxrcedds_c
[1.102s] DEBUG:colcon.colcon_core.event_handler.log_command:Invoking command in '/root/ros_ws/src/Rescue_Car_ws/build/rcl_interfaces': CMAKE_PREFIX_PATH=/root/ros_ws/src/Rescue_Car_ws/install/builtin_interfaces:/root/ros_ws/src/Rescue_Car_ws/install/micro_ros_demos_rclc:/root/ros_ws/src/Rescue_Car_ws/install/common_interfaces:/root/ros_ws/src/Rescue_Car_ws/install/visualization_msgs:/root/ros_ws/src/Rescue_Car_ws/install/test_msgs:/root/ros_ws/src/Rescue_Car_ws/install/example_interfaces:/root/ros_ws/src/Rescue_Car_ws/install/action_msgs:/root/ros_ws/src/Rescue_Car_ws/install/unique_identifier_msgs:/root/ros_ws/src/Rescue_Car_ws/install/trajectory_msgs:/root/ros_ws/src/Rescue_Car_ws/install/stereo_msgs:/root/ros_ws/src/Rescue_Car_ws/install/std_srvs:/root/ros_ws/src/Rescue_Car_ws/install/shape_msgs:/root/ros_ws/src/Rescue_Car_ws/install/sensor_msgs:/root/ros_ws/src/Rescue_Car_ws/install/nav_msgs:/root/ros_ws/src/Rescue_Car_ws/install/diagnostic_msgs:/root/ros_ws/src/Rescue_Car_ws/install/geometry_msgs:/root/ros_ws/src/Rescue_Car_ws/install/actionlib_msgs:/root/ros_ws/src/Rescue_Car_ws/install/std_msgs:/root/ros_ws/src/Rescue_Car_ws/install/statistics_msgs:/root/ros_ws/src/Rescue_Car_ws/install/rosidl_typesupport_microxrcedds_test_msg:/root/ros_ws/src/Rescue_Car_ws/install/rosidl_typesupport_microxrcedds_cpp_tests:/root/ros_ws/src/Rescue_Car_ws/install/rmw_microxrcedds:/root/ros_ws/src/Rescue_Car_ws/install/rosidl_typesupport_microxrcedds_cpp:/root/ros_ws/src/Rescue_Car_ws/install/rosidl_typesupport_microxrcedds_c_tests:/root/ros_ws/src/Rescue_Car_ws/install/rosidl_typesupport_microxrcedds_c:/root/ros_ws/src/Rescue_Car_ws/install/rosgraph_msgs:/root/ros_ws/src/Rescue_Car_ws/install/rclc_parameter:/root/ros_ws/src/Rescue_Car_ws/install/rclc:/root/ros_ws/src/Rescue_Car_ws/install/composition_interfaces:/root/ros_ws/src/Rescue_Car_ws/install/rcl_interfaces:/root/ros_ws/src/Rescue_Car_ws/install/microxrcedds_client:/root/ros_ws/src/Rescue_Car_ws/install/microcdr:/root/ros_ws/src/Rescue_Car_ws/install/micro_ros_utilities:/root/ros_ws/src/Rescue_Car_ws/install/micro_ros_setup:/root/ros_ws/src/Rescue_Car_ws/install/micro_ros_agent:/root/ros_ws/src/Rescue_Car_ws/install/micro_ros_msgs:/root/ros_ws/src/Rescue_Car_ws/install/lifecycle_msgs:/root/ros_ws/src/Rescue_Car_ws/install/complex_msgs:/root/ros_ws/src/Rescue_Car_ws/install/car:/root/ros_ws/src/Rescue_Car_ws/install/sensor_msgs_py:/opt/ros/humble LD_LIBRARY_PATH=/root/ros_ws/src/Rescue_Car_ws/install/builtin_interfaces/lib:/root/ros_ws/src/Rescue_Car_ws/install/visualization_msgs/lib:/root/ros_ws/src/Rescue_Car_ws/install/test_msgs/lib:/root/ros_ws/src/Rescue_Car_ws/install/example_interfaces/lib:/root/ros_ws/src/Rescue_Car_ws/install/action_msgs/lib:/root/ros_ws/src/Rescue_Car_ws/install/unique_identifier_msgs/lib:/root/ros_ws/src/Rescue_Car_ws/install/trajectory_msgs/lib:/root/ros_ws/src/Rescue_Car_ws/install/stereo_msgs/lib:/root/ros_ws/src/Rescue_Car_ws/install/std_srvs/lib:/root/ros_ws/src/Rescue_Car_ws/install/shape_msgs/lib:/root/ros_ws/src/Rescue_Car_ws/install/sensor_msgs/lib:/root/ros_ws/src/Rescue_Car_ws/install/nav_msgs/lib:/root/ros_ws/src/Rescue_Car_ws/install/diagnostic_msgs/lib:/root/ros_ws/src/Rescue_Car_ws/install/geometry_msgs/lib:/root/ros_ws/src/Rescue_Car_ws/install/actionlib_msgs/lib:/root/ros_ws/src/Rescue_Car_ws/install/std_msgs/lib:/root/ros_ws/src/Rescue_Car_ws/install/statistics_msgs/lib:/root/ros_ws/src/Rescue_Car_ws/install/rosidl_typesupport_microxrcedds_test_msg/lib:/root/ros_ws/src/Rescue_Car_ws/install/rmw_microxrcedds/lib:/root/ros_ws/src/Rescue_Car_ws/install/rosidl_typesupport_microxrcedds_cpp/lib:/root/ros_ws/src/Rescue_Car_ws/install/rosidl_typesupport_microxrcedds_c/lib:/root/ros_ws/src/Rescue_Car_ws/install/rosgraph_msgs/lib:/root/ros_ws/src/Rescue_Car_ws/install/rclc_parameter/lib:/root/ros_ws/src/Rescue_Car_ws/install/rclc/lib:/root/ros_ws/src/Rescue_Car_ws/install/composition_interfaces/lib:/root/ros_ws/src/Rescue_Car_ws/install/rcl_interfaces/lib:/root/ros_ws/src/Rescue_Car_ws/install/micro_ros_utilities/lib:/root/ros_ws/src/Rescue_Car_ws/install/micro_ros_agent/lib:/root/ros_ws/src/Rescue_Car_ws/install/micro_ros_msgs/lib:/root/ros_ws/src/Rescue_Car_ws/install/lifecycle_msgs/lib:/root/ros_ws/src/Rescue_Car_ws/install/complex_msgs/lib:/usr/lib/x86_64-linux-gnu/gazebo-11/plugins:/opt/ros/humble/opt/rviz_ogre_vendor/lib:/opt/ros/humble/lib/x86_64-linux-gnu:/opt/ros/humble/lib /usr/bin/cmake --build /root/ros_ws/src/Rescue_Car_ws/build/rcl_interfaces -- -j20 -l20
[1.108s] DEBUG:colcon.colcon_core.event_handler.log_command:Invoking command in '/root/ros_ws/src/Rescue_Car_ws/build/std_msgs': CMAKE_PREFIX_PATH=/root/ros_ws/src/Rescue_Car_ws/install/builtin_interfaces:/root/ros_ws/src/Rescue_Car_ws/install/micro_ros_demos_rclc:/root/ros_ws/src/Rescue_Car_ws/install/common_interfaces:/root/ros_ws/src/Rescue_Car_ws/install/visualization_msgs:/root/ros_ws/src/Rescue_Car_ws/install/test_msgs:/root/ros_ws/src/Rescue_Car_ws/install/example_interfaces:/root/ros_ws/src/Rescue_Car_ws/install/action_msgs:/root/ros_ws/src/Rescue_Car_ws/install/unique_identifier_msgs:/root/ros_ws/src/Rescue_Car_ws/install/trajectory_msgs:/root/ros_ws/src/Rescue_Car_ws/install/stereo_msgs:/root/ros_ws/src/Rescue_Car_ws/install/std_srvs:/root/ros_ws/src/Rescue_Car_ws/install/shape_msgs:/root/ros_ws/src/Rescue_Car_ws/install/sensor_msgs:/root/ros_ws/src/Rescue_Car_ws/install/nav_msgs:/root/ros_ws/src/Rescue_Car_ws/install/diagnostic_msgs:/root/ros_ws/src/Rescue_Car_ws/install/geometry_msgs:/root/ros_ws/src/Rescue_Car_ws/install/actionlib_msgs:/root/ros_ws/src/Rescue_Car_ws/install/std_msgs:/root/ros_ws/src/Rescue_Car_ws/install/statistics_msgs:/root/ros_ws/src/Rescue_Car_ws/install/rosidl_typesupport_microxrcedds_test_msg:/root/ros_ws/src/Rescue_Car_ws/install/rosidl_typesupport_microxrcedds_cpp_tests:/root/ros_ws/src/Rescue_Car_ws/install/rmw_microxrcedds:/root/ros_ws/src/Rescue_Car_ws/install/rosidl_typesupport_microxrcedds_cpp:/root/ros_ws/src/Rescue_Car_ws/install/rosidl_typesupport_microxrcedds_c_tests:/root/ros_ws/src/Rescue_Car_ws/install/rosidl_typesupport_microxrcedds_c:/root/ros_ws/src/Rescue_Car_ws/install/rosgraph_msgs:/root/ros_ws/src/Rescue_Car_ws/install/rclc_parameter:/root/ros_ws/src/Rescue_Car_ws/install/rclc:/root/ros_ws/src/Rescue_Car_ws/install/composition_interfaces:/root/ros_ws/src/Rescue_Car_ws/install/rcl_interfaces:/root/ros_ws/src/Rescue_Car_ws/install/microxrcedds_client:/root/ros_ws/src/Rescue_Car_ws/install/microcdr:/root/ros_ws/src/Rescue_Car_ws/install/micro_ros_utilities:/root/ros_ws/src/Rescue_Car_ws/install/micro_ros_setup:/root/ros_ws/src/Rescue_Car_ws/install/micro_ros_agent:/root/ros_ws/src/Rescue_Car_ws/install/micro_ros_msgs:/root/ros_ws/src/Rescue_Car_ws/install/lifecycle_msgs:/root/ros_ws/src/Rescue_Car_ws/install/complex_msgs:/root/ros_ws/src/Rescue_Car_ws/install/car:/root/ros_ws/src/Rescue_Car_ws/install/sensor_msgs_py:/opt/ros/humble LD_LIBRARY_PATH=/root/ros_ws/src/Rescue_Car_ws/install/builtin_interfaces/lib:/root/ros_ws/src/Rescue_Car_ws/install/visualization_msgs/lib:/root/ros_ws/src/Rescue_Car_ws/install/test_msgs/lib:/root/ros_ws/src/Rescue_Car_ws/install/example_interfaces/lib:/root/ros_ws/src/Rescue_Car_ws/install/action_msgs/lib:/root/ros_ws/src/Rescue_Car_ws/install/unique_identifier_msgs/lib:/root/ros_ws/src/Rescue_Car_ws/install/trajectory_msgs/lib:/root/ros_ws/src/Rescue_Car_ws/install/stereo_msgs/lib:/root/ros_ws/src/Rescue_Car_ws/install/std_srvs/lib:/root/ros_ws/src/Rescue_Car_ws/install/shape_msgs/lib:/root/ros_ws/src/Rescue_Car_ws/install/sensor_msgs/lib:/root/ros_ws/src/Rescue_Car_ws/install/nav_msgs/lib:/root/ros_ws/src/Rescue_Car_ws/install/diagnostic_msgs/lib:/root/ros_ws/src/Rescue_Car_ws/install/geometry_msgs/lib:/root/ros_ws/src/Rescue_Car_ws/install/actionlib_msgs/lib:/root/ros_ws/src/Rescue_Car_ws/install/std_msgs/lib:/root/ros_ws/src/Rescue_Car_ws/install/statistics_msgs/lib:/root/ros_ws/src/Rescue_Car_ws/install/rosidl_typesupport_microxrcedds_test_msg/lib:/root/ros_ws/src/Rescue_Car_ws/install/rmw_microxrcedds/lib:/root/ros_ws/src/Rescue_Car_ws/install/rosidl_typesupport_microxrcedds_cpp/lib:/root/ros_ws/src/Rescue_Car_ws/install/rosidl_typesupport_microxrcedds_c/lib:/root/ros_ws/src/Rescue_Car_ws/install/rosgraph_msgs/lib:/root/ros_ws/src/Rescue_Car_ws/install/rclc_parameter/lib:/root/ros_ws/src/Rescue_Car_ws/install/rclc/lib:/root/ros_ws/src/Rescue_Car_ws/install/composition_interfaces/lib:/root/ros_ws/src/Rescue_Car_ws/install/rcl_interfaces/lib:/root/ros_ws/src/Rescue_Car_ws/install/micro_ros_utilities/lib:/root/ros_ws/src/Rescue_Car_ws/install/micro_ros_agent/lib:/root/ros_ws/src/Rescue_Car_ws/install/micro_ros_msgs/lib:/root/ros_ws/src/Rescue_Car_ws/install/lifecycle_msgs/lib:/root/ros_ws/src/Rescue_Car_ws/install/complex_msgs/lib:/usr/lib/x86_64-linux-gnu/gazebo-11/plugins:/opt/ros/humble/opt/rviz_ogre_vendor/lib:/opt/ros/humble/lib/x86_64-linux-gnu:/opt/ros/humble/lib /usr/bin/cmake --build /root/ros_ws/src/Rescue_Car_ws/build/std_msgs -- -j20 -l20
[1.112s] DEBUG:colcon.colcon_core.event_handler.log_command:Invoking command in '/root/ros_ws/src/Rescue_Car_ws/build/complex_msgs': CMAKE_PREFIX_PATH=/root/ros_ws/src/Rescue_Car_ws/install/builtin_interfaces:/root/ros_ws/src/Rescue_Car_ws/install/micro_ros_demos_rclc:/root/ros_ws/src/Rescue_Car_ws/install/common_interfaces:/root/ros_ws/src/Rescue_Car_ws/install/visualization_msgs:/root/ros_ws/src/Rescue_Car_ws/install/test_msgs:/root/ros_ws/src/Rescue_Car_ws/install/example_interfaces:/root/ros_ws/src/Rescue_Car_ws/install/action_msgs:/root/ros_ws/src/Rescue_Car_ws/install/unique_identifier_msgs:/root/ros_ws/src/Rescue_Car_ws/install/trajectory_msgs:/root/ros_ws/src/Rescue_Car_ws/install/stereo_msgs:/root/ros_ws/src/Rescue_Car_ws/install/std_srvs:/root/ros_ws/src/Rescue_Car_ws/install/shape_msgs:/root/ros_ws/src/Rescue_Car_ws/install/sensor_msgs:/root/ros_ws/src/Rescue_Car_ws/install/nav_msgs:/root/ros_ws/src/Rescue_Car_ws/install/diagnostic_msgs:/root/ros_ws/src/Rescue_Car_ws/install/geometry_msgs:/root/ros_ws/src/Rescue_Car_ws/install/actionlib_msgs:/root/ros_ws/src/Rescue_Car_ws/install/std_msgs:/root/ros_ws/src/Rescue_Car_ws/install/statistics_msgs:/root/ros_ws/src/Rescue_Car_ws/install/rosidl_typesupport_microxrcedds_test_msg:/root/ros_ws/src/Rescue_Car_ws/install/rosidl_typesupport_microxrcedds_cpp_tests:/root/ros_ws/src/Rescue_Car_ws/install/rmw_microxrcedds:/root/ros_ws/src/Rescue_Car_ws/install/rosidl_typesupport_microxrcedds_cpp:/root/ros_ws/src/Rescue_Car_ws/install/rosidl_typesupport_microxrcedds_c_tests:/root/ros_ws/src/Rescue_Car_ws/install/rosidl_typesupport_microxrcedds_c:/root/ros_ws/src/Rescue_Car_ws/install/rosgraph_msgs:/root/ros_ws/src/Rescue_Car_ws/install/rclc_parameter:/root/ros_ws/src/Rescue_Car_ws/install/rclc:/root/ros_ws/src/Rescue_Car_ws/install/composition_interfaces:/root/ros_ws/src/Rescue_Car_ws/install/rcl_interfaces:/root/ros_ws/src/Rescue_Car_ws/install/microxrcedds_client:/root/ros_ws/src/Rescue_Car_ws/install/microcdr:/root/ros_ws/src/Rescue_Car_ws/install/micro_ros_utilities:/root/ros_ws/src/Rescue_Car_ws/install/micro_ros_setup:/root/ros_ws/src/Rescue_Car_ws/install/micro_ros_agent:/root/ros_ws/src/Rescue_Car_ws/install/micro_ros_msgs:/root/ros_ws/src/Rescue_Car_ws/install/lifecycle_msgs:/root/ros_ws/src/Rescue_Car_ws/install/complex_msgs:/root/ros_ws/src/Rescue_Car_ws/install/car:/root/ros_ws/src/Rescue_Car_ws/install/sensor_msgs_py:/opt/ros/humble LD_LIBRARY_PATH=/root/ros_ws/src/Rescue_Car_ws/install/builtin_interfaces/lib:/root/ros_ws/src/Rescue_Car_ws/install/visualization_msgs/lib:/root/ros_ws/src/Rescue_Car_ws/install/test_msgs/lib:/root/ros_ws/src/Rescue_Car_ws/install/example_interfaces/lib:/root/ros_ws/src/Rescue_Car_ws/install/action_msgs/lib:/root/ros_ws/src/Rescue_Car_ws/install/unique_identifier_msgs/lib:/root/ros_ws/src/Rescue_Car_ws/install/trajectory_msgs/lib:/root/ros_ws/src/Rescue_Car_ws/install/stereo_msgs/lib:/root/ros_ws/src/Rescue_Car_ws/install/std_srvs/lib:/root/ros_ws/src/Rescue_Car_ws/install/shape_msgs/lib:/root/ros_ws/src/Rescue_Car_ws/install/sensor_msgs/lib:/root/ros_ws/src/Rescue_Car_ws/install/nav_msgs/lib:/root/ros_ws/src/Rescue_Car_ws/install/diagnostic_msgs/lib:/root/ros_ws/src/Rescue_Car_ws/install/geometry_msgs/lib:/root/ros_ws/src/Rescue_Car_ws/install/actionlib_msgs/lib:/root/ros_ws/src/Rescue_Car_ws/install/std_msgs/lib:/root/ros_ws/src/Rescue_Car_ws/install/statistics_msgs/lib:/root/ros_ws/src/Rescue_Car_ws/install/rosidl_typesupport_microxrcedds_test_msg/lib:/root/ros_ws/src/Rescue_Car_ws/install/rmw_microxrcedds/lib:/root/ros_ws/src/Rescue_Car_ws/install/rosidl_typesupport_microxrcedds_cpp/lib:/root/ros_ws/src/Rescue_Car_ws/install/rosidl_typesupport_microxrcedds_c/lib:/root/ros_ws/src/Rescue_Car_ws/install/rosgraph_msgs/lib:/root/ros_ws/src/Rescue_Car_ws/install/rclc_parameter/lib:/root/ros_ws/src/Rescue_Car_ws/install/rclc/lib:/root/ros_ws/src/Rescue_Car_ws/install/composition_interfaces/lib:/root/ros_ws/src/Rescue_Car_ws/install/rcl_interfaces/lib:/root/ros_ws/src/Rescue_Car_ws/install/micro_ros_utilities/lib:/root/ros_ws/src/Rescue_Car_ws/install/micro_ros_agent/lib:/root/ros_ws/src/Rescue_Car_ws/install/micro_ros_msgs/lib:/root/ros_ws/src/Rescue_Car_ws/install/lifecycle_msgs/lib:/root/ros_ws/src/Rescue_Car_ws/install/complex_msgs/lib:/usr/lib/x86_64-linux-gnu/gazebo-11/plugins:/opt/ros/humble/opt/rviz_ogre_vendor/lib:/opt/ros/humble/lib/x86_64-linux-gnu:/opt/ros/humble/lib /usr/bin/cmake --build /root/ros_ws/src/Rescue_Car_ws/build/complex_msgs -- -j20 -l20
[1.116s] DEBUG:colcon.colcon_core.event_handler.log_command:Invoking command in '/root/ros_ws/src/Rescue_Car_ws/build/rosgraph_msgs': CMAKE_PREFIX_PATH=/root/ros_ws/src/Rescue_Car_ws/install/builtin_interfaces:/root/ros_ws/src/Rescue_Car_ws/install/micro_ros_demos_rclc:/root/ros_ws/src/Rescue_Car_ws/install/common_interfaces:/root/ros_ws/src/Rescue_Car_ws/install/visualization_msgs:/root/ros_ws/src/Rescue_Car_ws/install/test_msgs:/root/ros_ws/src/Rescue_Car_ws/install/example_interfaces:/root/ros_ws/src/Rescue_Car_ws/install/action_msgs:/root/ros_ws/src/Rescue_Car_ws/install/unique_identifier_msgs:/root/ros_ws/src/Rescue_Car_ws/install/trajectory_msgs:/root/ros_ws/src/Rescue_Car_ws/install/stereo_msgs:/root/ros_ws/src/Rescue_Car_ws/install/std_srvs:/root/ros_ws/src/Rescue_Car_ws/install/shape_msgs:/root/ros_ws/src/Rescue_Car_ws/install/sensor_msgs:/root/ros_ws/src/Rescue_Car_ws/install/nav_msgs:/root/ros_ws/src/Rescue_Car_ws/install/diagnostic_msgs:/root/ros_ws/src/Rescue_Car_ws/install/geometry_msgs:/root/ros_ws/src/Rescue_Car_ws/install/actionlib_msgs:/root/ros_ws/src/Rescue_Car_ws/install/std_msgs:/root/ros_ws/src/Rescue_Car_ws/install/statistics_msgs:/root/ros_ws/src/Rescue_Car_ws/install/rosidl_typesupport_microxrcedds_test_msg:/root/ros_ws/src/Rescue_Car_ws/install/rosidl_typesupport_microxrcedds_cpp_tests:/root/ros_ws/src/Rescue_Car_ws/install/rmw_microxrcedds:/root/ros_ws/src/Rescue_Car_ws/install/rosidl_typesupport_microxrcedds_cpp:/root/ros_ws/src/Rescue_Car_ws/install/rosidl_typesupport_microxrcedds_c_tests:/root/ros_ws/src/Rescue_Car_ws/install/rosidl_typesupport_microxrcedds_c:/root/ros_ws/src/Rescue_Car_ws/install/rosgraph_msgs:/root/ros_ws/src/Rescue_Car_ws/install/rclc_parameter:/root/ros_ws/src/Rescue_Car_ws/install/rclc:/root/ros_ws/src/Rescue_Car_ws/install/composition_interfaces:/root/ros_ws/src/Rescue_Car_ws/install/rcl_interfaces:/root/ros_ws/src/Rescue_Car_ws/install/microxrcedds_client:/root/ros_ws/src/Rescue_Car_ws/install/microcdr:/root/ros_ws/src/Rescue_Car_ws/install/micro_ros_utilities:/root/ros_ws/src/Rescue_Car_ws/install/micro_ros_setup:/root/ros_ws/src/Rescue_Car_ws/install/micro_ros_agent:/root/ros_ws/src/Rescue_Car_ws/install/micro_ros_msgs:/root/ros_ws/src/Rescue_Car_ws/install/lifecycle_msgs:/root/ros_ws/src/Rescue_Car_ws/install/complex_msgs:/root/ros_ws/src/Rescue_Car_ws/install/car:/root/ros_ws/src/Rescue_Car_ws/install/sensor_msgs_py:/opt/ros/humble LD_LIBRARY_PATH=/root/ros_ws/src/Rescue_Car_ws/install/builtin_interfaces/lib:/root/ros_ws/src/Rescue_Car_ws/install/visualization_msgs/lib:/root/ros_ws/src/Rescue_Car_ws/install/test_msgs/lib:/root/ros_ws/src/Rescue_Car_ws/install/example_interfaces/lib:/root/ros_ws/src/Rescue_Car_ws/install/action_msgs/lib:/root/ros_ws/src/Rescue_Car_ws/install/unique_identifier_msgs/lib:/root/ros_ws/src/Rescue_Car_ws/install/trajectory_msgs/lib:/root/ros_ws/src/Rescue_Car_ws/install/stereo_msgs/lib:/root/ros_ws/src/Rescue_Car_ws/install/std_srvs/lib:/root/ros_ws/src/Rescue_Car_ws/install/shape_msgs/lib:/root/ros_ws/src/Rescue_Car_ws/install/sensor_msgs/lib:/root/ros_ws/src/Rescue_Car_ws/install/nav_msgs/lib:/root/ros_ws/src/Rescue_Car_ws/install/diagnostic_msgs/lib:/root/ros_ws/src/Rescue_Car_ws/install/geometry_msgs/lib:/root/ros_ws/src/Rescue_Car_ws/install/actionlib_msgs/lib:/root/ros_ws/src/Rescue_Car_ws/install/std_msgs/lib:/root/ros_ws/src/Rescue_Car_ws/install/statistics_msgs/lib:/root/ros_ws/src/Rescue_Car_ws/install/rosidl_typesupport_microxrcedds_test_msg/lib:/root/ros_ws/src/Rescue_Car_ws/install/rmw_microxrcedds/lib:/root/ros_ws/src/Rescue_Car_ws/install/rosidl_typesupport_microxrcedds_cpp/lib:/root/ros_ws/src/Rescue_Car_ws/install/rosidl_typesupport_microxrcedds_c/lib:/root/ros_ws/src/Rescue_Car_ws/install/rosgraph_msgs/lib:/root/ros_ws/src/Rescue_Car_ws/install/rclc_parameter/lib:/root/ros_ws/src/Rescue_Car_ws/install/rclc/lib:/root/ros_ws/src/Rescue_Car_ws/install/composition_interfaces/lib:/root/ros_ws/src/Rescue_Car_ws/install/rcl_interfaces/lib:/root/ros_ws/src/Rescue_Car_ws/install/micro_ros_utilities/lib:/root/ros_ws/src/Rescue_Car_ws/install/micro_ros_agent/lib:/root/ros_ws/src/Rescue_Car_ws/install/micro_ros_msgs/lib:/root/ros_ws/src/Rescue_Car_ws/install/lifecycle_msgs/lib:/root/ros_ws/src/Rescue_Car_ws/install/complex_msgs/lib:/usr/lib/x86_64-linux-gnu/gazebo-11/plugins:/opt/ros/humble/opt/rviz_ogre_vendor/lib:/opt/ros/humble/lib/x86_64-linux-gnu:/opt/ros/humble/lib /usr/bin/cmake --build /root/ros_ws/src/Rescue_Car_ws/build/rosgraph_msgs -- -j20 -l20
[1.127s] DEBUG:colcon.colcon_core.event_handler.log_command:Invoking command in '/root/ros_ws/src/Rescue_Car_ws/build/statistics_msgs': CMAKE_PREFIX_PATH=/root/ros_ws/src/Rescue_Car_ws/install/builtin_interfaces:/root/ros_ws/src/Rescue_Car_ws/install/micro_ros_demos_rclc:/root/ros_ws/src/Rescue_Car_ws/install/common_interfaces:/root/ros_ws/src/Rescue_Car_ws/install/visualization_msgs:/root/ros_ws/src/Rescue_Car_ws/install/test_msgs:/root/ros_ws/src/Rescue_Car_ws/install/example_interfaces:/root/ros_ws/src/Rescue_Car_ws/install/action_msgs:/root/ros_ws/src/Rescue_Car_ws/install/unique_identifier_msgs:/root/ros_ws/src/Rescue_Car_ws/install/trajectory_msgs:/root/ros_ws/src/Rescue_Car_ws/install/stereo_msgs:/root/ros_ws/src/Rescue_Car_ws/install/std_srvs:/root/ros_ws/src/Rescue_Car_ws/install/shape_msgs:/root/ros_ws/src/Rescue_Car_ws/install/sensor_msgs:/root/ros_ws/src/Rescue_Car_ws/install/nav_msgs:/root/ros_ws/src/Rescue_Car_ws/install/diagnostic_msgs:/root/ros_ws/src/Rescue_Car_ws/install/geometry_msgs:/root/ros_ws/src/Rescue_Car_ws/install/actionlib_msgs:/root/ros_ws/src/Rescue_Car_ws/install/std_msgs:/root/ros_ws/src/Rescue_Car_ws/install/statistics_msgs:/root/ros_ws/src/Rescue_Car_ws/install/rosidl_typesupport_microxrcedds_test_msg:/root/ros_ws/src/Rescue_Car_ws/install/rosidl_typesupport_microxrcedds_cpp_tests:/root/ros_ws/src/Rescue_Car_ws/install/rmw_microxrcedds:/root/ros_ws/src/Rescue_Car_ws/install/rosidl_typesupport_microxrcedds_cpp:/root/ros_ws/src/Rescue_Car_ws/install/rosidl_typesupport_microxrcedds_c_tests:/root/ros_ws/src/Rescue_Car_ws/install/rosidl_typesupport_microxrcedds_c:/root/ros_ws/src/Rescue_Car_ws/install/rosgraph_msgs:/root/ros_ws/src/Rescue_Car_ws/install/rclc_parameter:/root/ros_ws/src/Rescue_Car_ws/install/rclc:/root/ros_ws/src/Rescue_Car_ws/install/composition_interfaces:/root/ros_ws/src/Rescue_Car_ws/install/rcl_interfaces:/root/ros_ws/src/Rescue_Car_ws/install/microxrcedds_client:/root/ros_ws/src/Rescue_Car_ws/install/microcdr:/root/ros_ws/src/Rescue_Car_ws/install/micro_ros_utilities:/root/ros_ws/src/Rescue_Car_ws/install/micro_ros_setup:/root/ros_ws/src/Rescue_Car_ws/install/micro_ros_agent:/root/ros_ws/src/Rescue_Car_ws/install/micro_ros_msgs:/root/ros_ws/src/Rescue_Car_ws/install/lifecycle_msgs:/root/ros_ws/src/Rescue_Car_ws/install/complex_msgs:/root/ros_ws/src/Rescue_Car_ws/install/car:/root/ros_ws/src/Rescue_Car_ws/install/sensor_msgs_py:/opt/ros/humble LD_LIBRARY_PATH=/root/ros_ws/src/Rescue_Car_ws/install/builtin_interfaces/lib:/root/ros_ws/src/Rescue_Car_ws/install/visualization_msgs/lib:/root/ros_ws/src/Rescue_Car_ws/install/test_msgs/lib:/root/ros_ws/src/Rescue_Car_ws/install/example_interfaces/lib:/root/ros_ws/src/Rescue_Car_ws/install/action_msgs/lib:/root/ros_ws/src/Rescue_Car_ws/install/unique_identifier_msgs/lib:/root/ros_ws/src/Rescue_Car_ws/install/trajectory_msgs/lib:/root/ros_ws/src/Rescue_Car_ws/install/stereo_msgs/lib:/root/ros_ws/src/Rescue_Car_ws/install/std_srvs/lib:/root/ros_ws/src/Rescue_Car_ws/install/shape_msgs/lib:/root/ros_ws/src/Rescue_Car_ws/install/sensor_msgs/lib:/root/ros_ws/src/Rescue_Car_ws/install/nav_msgs/lib:/root/ros_ws/src/Rescue_Car_ws/install/diagnostic_msgs/lib:/root/ros_ws/src/Rescue_Car_ws/install/geometry_msgs/lib:/root/ros_ws/src/Rescue_Car_ws/install/actionlib_msgs/lib:/root/ros_ws/src/Rescue_Car_ws/install/std_msgs/lib:/root/ros_ws/src/Rescue_Car_ws/install/statistics_msgs/lib:/root/ros_ws/src/Rescue_Car_ws/install/rosidl_typesupport_microxrcedds_test_msg/lib:/root/ros_ws/src/Rescue_Car_ws/install/rmw_microxrcedds/lib:/root/ros_ws/src/Rescue_Car_ws/install/rosidl_typesupport_microxrcedds_cpp/lib:/root/ros_ws/src/Rescue_Car_ws/install/rosidl_typesupport_microxrcedds_c/lib:/root/ros_ws/src/Rescue_Car_ws/install/rosgraph_msgs/lib:/root/ros_ws/src/Rescue_Car_ws/install/rclc_parameter/lib:/root/ros_ws/src/Rescue_Car_ws/install/rclc/lib:/root/ros_ws/src/Rescue_Car_ws/install/composition_interfaces/lib:/root/ros_ws/src/Rescue_Car_ws/install/rcl_interfaces/lib:/root/ros_ws/src/Rescue_Car_ws/install/micro_ros_utilities/lib:/root/ros_ws/src/Rescue_Car_ws/install/micro_ros_agent/lib:/root/ros_ws/src/Rescue_Car_ws/install/micro_ros_msgs/lib:/root/ros_ws/src/Rescue_Car_ws/install/lifecycle_msgs/lib:/root/ros_ws/src/Rescue_Car_ws/install/complex_msgs/lib:/usr/lib/x86_64-linux-gnu/gazebo-11/plugins:/opt/ros/humble/opt/rviz_ogre_vendor/lib:/opt/ros/humble/lib/x86_64-linux-gnu:/opt/ros/humble/lib /usr/bin/cmake --build /root/ros_ws/src/Rescue_Car_ws/build/statistics_msgs -- -j20 -l20
[1.143s] Level 1:colcon.colcon_core.environment:create_environment_scripts_only(rosidl_typesupport_microxrcedds_c)
[1.144s] Level 1:colcon.colcon_core.environment:checking '/root/ros_ws/src/Rescue_Car_ws/install/rosidl_typesupport_microxrcedds_c' for CMake module files
[1.145s] DEBUG:colcon.colcon_core.event_handler.log_command:Invoked command in '/root/ros_ws/src/Rescue_Car_ws/build/rosidl_typesupport_microxrcedds_c' returned '0': CMAKE_PREFIX_PATH=/root/ros_ws/src/Rescue_Car_ws/install/microcdr:/root/ros_ws/src/Rescue_Car_ws/install/micro_ros_demos_rclc:/root/ros_ws/src/Rescue_Car_ws/install/common_interfaces:/root/ros_ws/src/Rescue_Car_ws/install/visualization_msgs:/root/ros_ws/src/Rescue_Car_ws/install/test_msgs:/root/ros_ws/src/Rescue_Car_ws/install/example_interfaces:/root/ros_ws/src/Rescue_Car_ws/install/action_msgs:/root/ros_ws/src/Rescue_Car_ws/install/unique_identifier_msgs:/root/ros_ws/src/Rescue_Car_ws/install/trajectory_msgs:/root/ros_ws/src/Rescue_Car_ws/install/stereo_msgs:/root/ros_ws/src/Rescue_Car_ws/install/std_srvs:/root/ros_ws/src/Rescue_Car_ws/install/shape_msgs:/root/ros_ws/src/Rescue_Car_ws/install/sensor_msgs:/root/ros_ws/src/Rescue_Car_ws/install/nav_msgs:/root/ros_ws/src/Rescue_Car_ws/install/diagnostic_msgs:/root/ros_ws/src/Rescue_Car_ws/install/geometry_msgs:/root/ros_ws/src/Rescue_Car_ws/install/actionlib_msgs:/root/ros_ws/src/Rescue_Car_ws/install/std_msgs:/root/ros_ws/src/Rescue_Car_ws/install/statistics_msgs:/root/ros_ws/src/Rescue_Car_ws/install/rosidl_typesupport_microxrcedds_test_msg:/root/ros_ws/src/Rescue_Car_ws/install/rosidl_typesupport_microxrcedds_cpp_tests:/root/ros_ws/src/Rescue_Car_ws/install/rmw_microxrcedds:/root/ros_ws/src/Rescue_Car_ws/install/rosidl_typesupport_microxrcedds_cpp:/root/ros_ws/src/Rescue_Car_ws/install/rosidl_typesupport_microxrcedds_c_tests:/root/ros_ws/src/Rescue_Car_ws/install/rosidl_typesupport_microxrcedds_c:/root/ros_ws/src/Rescue_Car_ws/install/rosgraph_msgs:/root/ros_ws/src/Rescue_Car_ws/install/rclc_parameter:/root/ros_ws/src/Rescue_Car_ws/install/rclc:/root/ros_ws/src/Rescue_Car_ws/install/composition_interfaces:/root/ros_ws/src/Rescue_Car_ws/install/rcl_interfaces:/root/ros_ws/src/Rescue_Car_ws/install/microxrcedds_client:/root/ros_ws/src/Rescue_Car_ws/install/micro_ros_utilities:/root/ros_ws/src/Rescue_Car_ws/install/micro_ros_setup:/root/ros_ws/src/Rescue_Car_ws/install/micro_ros_agent:/root/ros_ws/src/Rescue_Car_ws/install/micro_ros_msgs:/root/ros_ws/src/Rescue_Car_ws/install/lifecycle_msgs:/root/ros_ws/src/Rescue_Car_ws/install/complex_msgs:/root/ros_ws/src/Rescue_Car_ws/install/car:/root/ros_ws/src/Rescue_Car_ws/install/builtin_interfaces:/root/ros_ws/src/Rescue_Car_ws/install/sensor_msgs_py:/opt/ros/humble /usr/bin/cmake --install /root/ros_ws/src/Rescue_Car_ws/build/rosidl_typesupport_microxrcedds_c
[1.146s] Level 1:colcon.colcon_core.environment:checking '/root/ros_ws/src/Rescue_Car_ws/install/rosidl_typesupport_microxrcedds_c' for CMake config files
[1.147s] Level 1:colcon.colcon_core.shell:create_environment_hook('rosidl_typesupport_microxrcedds_c', 'cmake_prefix_path')
[1.147s] INFO:colcon.colcon_core.shell:Creating environment hook '/root/ros_ws/src/Rescue_Car_ws/install/rosidl_typesupport_microxrcedds_c/share/rosidl_typesupport_microxrcedds_c/hook/cmake_prefix_path.ps1'
[1.147s] INFO:colcon.colcon_core.shell:Creating environment descriptor '/root/ros_ws/src/Rescue_Car_ws/install/rosidl_typesupport_microxrcedds_c/share/rosidl_typesupport_microxrcedds_c/hook/cmake_prefix_path.dsv'
[1.148s] INFO:colcon.colcon_core.shell:Creating environment hook '/root/ros_ws/src/Rescue_Car_ws/install/rosidl_typesupport_microxrcedds_c/share/rosidl_typesupport_microxrcedds_c/hook/cmake_prefix_path.sh'
[1.148s] Level 1:colcon.colcon_core.environment:checking '/root/ros_ws/src/Rescue_Car_ws/install/rosidl_typesupport_microxrcedds_c/lib'
[1.148s] Level 1:colcon.colcon_core.environment:checking '/root/ros_ws/src/Rescue_Car_ws/install/rosidl_typesupport_microxrcedds_c/bin'
[1.149s] Level 1:colcon.colcon_core.environment:checking '/root/ros_ws/src/Rescue_Car_ws/install/rosidl_typesupport_microxrcedds_c/lib/pkgconfig/rosidl_typesupport_microxrcedds_c.pc'
[1.149s] Level 1:colcon.colcon_core.environment:checking '/root/ros_ws/src/Rescue_Car_ws/install/rosidl_typesupport_microxrcedds_c/lib/python3.10/site-packages'
[1.149s] Level 1:colcon.colcon_core.environment:checking '/root/ros_ws/src/Rescue_Car_ws/install/rosidl_typesupport_microxrcedds_c/bin'
[1.149s] INFO:colcon.colcon_core.shell:Creating package script '/root/ros_ws/src/Rescue_Car_ws/install/rosidl_typesupport_microxrcedds_c/share/rosidl_typesupport_microxrcedds_c/package.ps1'
[1.150s] INFO:colcon.colcon_core.shell:Creating package descriptor '/root/ros_ws/src/Rescue_Car_ws/install/rosidl_typesupport_microxrcedds_c/share/rosidl_typesupport_microxrcedds_c/package.dsv'
[1.150s] INFO:colcon.colcon_core.shell:Creating package script '/root/ros_ws/src/Rescue_Car_ws/install/rosidl_typesupport_microxrcedds_c/share/rosidl_typesupport_microxrcedds_c/package.sh'
[1.151s] INFO:colcon.colcon_core.shell:Creating package script '/root/ros_ws/src/Rescue_Car_ws/install/rosidl_typesupport_microxrcedds_c/share/rosidl_typesupport_microxrcedds_c/package.bash'
[1.151s] INFO:colcon.colcon_core.shell:Creating package script '/root/ros_ws/src/Rescue_Car_ws/install/rosidl_typesupport_microxrcedds_c/share/rosidl_typesupport_microxrcedds_c/package.zsh'
[1.151s] Level 1:colcon.colcon_core.environment:create_file_with_runtime_dependencies(/root/ros_ws/src/Rescue_Car_ws/install/rosidl_typesupport_microxrcedds_c/share/colcon-core/packages/rosidl_typesupport_microxrcedds_c)
[1.152s] Level 1:colcon.colcon_core.environment:create_environment_scripts_only(rosidl_typesupport_microxrcedds_c)
[1.152s] Level 1:colcon.colcon_core.environment:checking '/root/ros_ws/src/Rescue_Car_ws/install/rosidl_typesupport_microxrcedds_c' for CMake module files
[1.153s] Level 1:colcon.colcon_core.environment:checking '/root/ros_ws/src/Rescue_Car_ws/install/rosidl_typesupport_microxrcedds_c' for CMake config files
[1.153s] Level 1:colcon.colcon_core.shell:create_environment_hook('rosidl_typesupport_microxrcedds_c', 'cmake_prefix_path')
[1.153s] INFO:colcon.colcon_core.shell:Creating environment hook '/root/ros_ws/src/Rescue_Car_ws/install/rosidl_typesupport_microxrcedds_c/share/rosidl_typesupport_microxrcedds_c/hook/cmake_prefix_path.ps1'
[1.154s] INFO:colcon.colcon_core.shell:Creating environment descriptor '/root/ros_ws/src/Rescue_Car_ws/install/rosidl_typesupport_microxrcedds_c/share/rosidl_typesupport_microxrcedds_c/hook/cmake_prefix_path.dsv'
[1.155s] INFO:colcon.colcon_core.shell:Creating environment hook '/root/ros_ws/src/Rescue_Car_ws/install/rosidl_typesupport_microxrcedds_c/share/rosidl_typesupport_microxrcedds_c/hook/cmake_prefix_path.sh'
[1.155s] Level 1:colcon.colcon_core.environment:checking '/root/ros_ws/src/Rescue_Car_ws/install/rosidl_typesupport_microxrcedds_c/lib'
[1.156s] Level 1:colcon.colcon_core.environment:checking '/root/ros_ws/src/Rescue_Car_ws/install/rosidl_typesupport_microxrcedds_c/bin'
[1.156s] Level 1:colcon.colcon_core.environment:checking '/root/ros_ws/src/Rescue_Car_ws/install/rosidl_typesupport_microxrcedds_c/lib/pkgconfig/rosidl_typesupport_microxrcedds_c.pc'
[1.156s] Level 1:colcon.colcon_core.environment:checking '/root/ros_ws/src/Rescue_Car_ws/install/rosidl_typesupport_microxrcedds_c/lib/python3.10/site-packages'
[1.156s] Level 1:colcon.colcon_core.environment:checking '/root/ros_ws/src/Rescue_Car_ws/install/rosidl_typesupport_microxrcedds_c/bin'
[1.156s] INFO:colcon.colcon_core.shell:Creating package script '/root/ros_ws/src/Rescue_Car_ws/install/rosidl_typesupport_microxrcedds_c/share/rosidl_typesupport_microxrcedds_c/package.ps1'
[1.158s] INFO:colcon.colcon_core.shell:Creating package descriptor '/root/ros_ws/src/Rescue_Car_ws/install/rosidl_typesupport_microxrcedds_c/share/rosidl_typesupport_microxrcedds_c/package.dsv'
[1.158s] INFO:colcon.colcon_core.shell:Creating package script '/root/ros_ws/src/Rescue_Car_ws/install/rosidl_typesupport_microxrcedds_c/share/rosidl_typesupport_microxrcedds_c/package.sh'
[1.158s] INFO:colcon.colcon_core.shell:Creating package script '/root/ros_ws/src/Rescue_Car_ws/install/rosidl_typesupport_microxrcedds_c/share/rosidl_typesupport_microxrcedds_c/package.bash'
[1.159s] INFO:colcon.colcon_core.shell:Creating package script '/root/ros_ws/src/Rescue_Car_ws/install/rosidl_typesupport_microxrcedds_c/share/rosidl_typesupport_microxrcedds_c/package.zsh'
[1.159s] Level 1:colcon.colcon_core.environment:create_file_with_runtime_dependencies(/root/ros_ws/src/Rescue_Car_ws/install/rosidl_typesupport_microxrcedds_c/share/colcon-core/packages/rosidl_typesupport_microxrcedds_c)
[1.160s] INFO:colcon.colcon_ros.task.ament_cmake.build:Building ROS package in '/root/ros_ws/src/Rescue_Car_ws/src/microros/src/uros/rosidl_typesupport_microxrcedds/rosidl_typesupport_microxrcedds_cpp' with build type 'ament_cmake'
[1.160s] INFO:colcon.colcon_cmake.task.cmake.build:Building CMake package in '/root/ros_ws/src/Rescue_Car_ws/src/microros/src/uros/rosidl_typesupport_microxrcedds/rosidl_typesupport_microxrcedds_cpp'
[1.161s] INFO:colcon.colcon_core.shell:Skip shell extension 'powershell' for command environment: Not usable outside of PowerShell
[1.161s] DEBUG:colcon.colcon_core.shell:Skip shell extension 'dsv' for command environment
[1.326s] DEBUG:colcon.colcon_core.event_handler.log_command:Invoking command in '/root/ros_ws/src/Rescue_Car_ws/build/rosidl_typesupport_microxrcedds_cpp': CMAKE_PREFIX_PATH=/root/ros_ws/src/Rescue_Car_ws/install/rosidl_typesupport_microxrcedds_c:/root/ros_ws/src/Rescue_Car_ws/install/microcdr:/root/ros_ws/src/Rescue_Car_ws/install/micro_ros_demos_rclc:/root/ros_ws/src/Rescue_Car_ws/install/common_interfaces:/root/ros_ws/src/Rescue_Car_ws/install/visualization_msgs:/root/ros_ws/src/Rescue_Car_ws/install/test_msgs:/root/ros_ws/src/Rescue_Car_ws/install/example_interfaces:/root/ros_ws/src/Rescue_Car_ws/install/action_msgs:/root/ros_ws/src/Rescue_Car_ws/install/unique_identifier_msgs:/root/ros_ws/src/Rescue_Car_ws/install/trajectory_msgs:/root/ros_ws/src/Rescue_Car_ws/install/stereo_msgs:/root/ros_ws/src/Rescue_Car_ws/install/std_srvs:/root/ros_ws/src/Rescue_Car_ws/install/shape_msgs:/root/ros_ws/src/Rescue_Car_ws/install/sensor_msgs:/root/ros_ws/src/Rescue_Car_ws/install/nav_msgs:/root/ros_ws/src/Rescue_Car_ws/install/diagnostic_msgs:/root/ros_ws/src/Rescue_Car_ws/install/geometry_msgs:/root/ros_ws/src/Rescue_Car_ws/install/actionlib_msgs:/root/ros_ws/src/Rescue_Car_ws/install/std_msgs:/root/ros_ws/src/Rescue_Car_ws/install/statistics_msgs:/root/ros_ws/src/Rescue_Car_ws/install/rosidl_typesupport_microxrcedds_test_msg:/root/ros_ws/src/Rescue_Car_ws/install/rosidl_typesupport_microxrcedds_cpp_tests:/root/ros_ws/src/Rescue_Car_ws/install/rmw_microxrcedds:/root/ros_ws/src/Rescue_Car_ws/install/rosidl_typesupport_microxrcedds_cpp:/root/ros_ws/src/Rescue_Car_ws/install/rosidl_typesupport_microxrcedds_c_tests:/root/ros_ws/src/Rescue_Car_ws/install/rosgraph_msgs:/root/ros_ws/src/Rescue_Car_ws/install/rclc_parameter:/root/ros_ws/src/Rescue_Car_ws/install/rclc:/root/ros_ws/src/Rescue_Car_ws/install/composition_interfaces:/root/ros_ws/src/Rescue_Car_ws/install/rcl_interfaces:/root/ros_ws/src/Rescue_Car_ws/install/microxrcedds_client:/root/ros_ws/src/Rescue_Car_ws/install/micro_ros_utilities:/root/ros_ws/src/Rescue_Car_ws/install/micro_ros_setup:/root/ros_ws/src/Rescue_Car_ws/install/micro_ros_agent:/root/ros_ws/src/Rescue_Car_ws/install/micro_ros_msgs:/root/ros_ws/src/Rescue_Car_ws/install/lifecycle_msgs:/root/ros_ws/src/Rescue_Car_ws/install/complex_msgs:/root/ros_ws/src/Rescue_Car_ws/install/car:/root/ros_ws/src/Rescue_Car_ws/install/builtin_interfaces:/root/ros_ws/src/Rescue_Car_ws/install/sensor_msgs_py:/opt/ros/humble /usr/bin/cmake --build /root/ros_ws/src/Rescue_Car_ws/build/rosidl_typesupport_microxrcedds_cpp -- -j20 -l20
[1.381s] DEBUG:colcon.colcon_core.event_handler.log_command:Invoking command in '/root/ros_ws/src/Rescue_Car_ws/build/action_msgs': CMAKE_PREFIX_PATH=/root/ros_ws/src/Rescue_Car_ws/install/unique_identifier_msgs:/root/ros_ws/src/Rescue_Car_ws/install/builtin_interfaces:/root/ros_ws/src/Rescue_Car_ws/install/micro_ros_demos_rclc:/root/ros_ws/src/Rescue_Car_ws/install/common_interfaces:/root/ros_ws/src/Rescue_Car_ws/install/visualization_msgs:/root/ros_ws/src/Rescue_Car_ws/install/test_msgs:/root/ros_ws/src/Rescue_Car_ws/install/example_interfaces:/root/ros_ws/src/Rescue_Car_ws/install/action_msgs:/root/ros_ws/src/Rescue_Car_ws/install/trajectory_msgs:/root/ros_ws/src/Rescue_Car_ws/install/stereo_msgs:/root/ros_ws/src/Rescue_Car_ws/install/std_srvs:/root/ros_ws/src/Rescue_Car_ws/install/shape_msgs:/root/ros_ws/src/Rescue_Car_ws/install/sensor_msgs:/root/ros_ws/src/Rescue_Car_ws/install/nav_msgs:/root/ros_ws/src/Rescue_Car_ws/install/diagnostic_msgs:/root/ros_ws/src/Rescue_Car_ws/install/geometry_msgs:/root/ros_ws/src/Rescue_Car_ws/install/actionlib_msgs:/root/ros_ws/src/Rescue_Car_ws/install/std_msgs:/root/ros_ws/src/Rescue_Car_ws/install/statistics_msgs:/root/ros_ws/src/Rescue_Car_ws/install/rosidl_typesupport_microxrcedds_test_msg:/root/ros_ws/src/Rescue_Car_ws/install/rosidl_typesupport_microxrcedds_cpp_tests:/root/ros_ws/src/Rescue_Car_ws/install/rmw_microxrcedds:/root/ros_ws/src/Rescue_Car_ws/install/rosidl_typesupport_microxrcedds_cpp:/root/ros_ws/src/Rescue_Car_ws/install/rosidl_typesupport_microxrcedds_c_tests:/root/ros_ws/src/Rescue_Car_ws/install/rosidl_typesupport_microxrcedds_c:/root/ros_ws/src/Rescue_Car_ws/install/rosgraph_msgs:/root/ros_ws/src/Rescue_Car_ws/install/rclc_parameter:/root/ros_ws/src/Rescue_Car_ws/install/rclc:/root/ros_ws/src/Rescue_Car_ws/install/composition_interfaces:/root/ros_ws/src/Rescue_Car_ws/install/rcl_interfaces:/root/ros_ws/src/Rescue_Car_ws/install/microxrcedds_client:/root/ros_ws/src/Rescue_Car_ws/install/microcdr:/root/ros_ws/src/Rescue_Car_ws/install/micro_ros_utilities:/root/ros_ws/src/Rescue_Car_ws/install/micro_ros_setup:/root/ros_ws/src/Rescue_Car_ws/install/micro_ros_agent:/root/ros_ws/src/Rescue_Car_ws/install/micro_ros_msgs:/root/ros_ws/src/Rescue_Car_ws/install/lifecycle_msgs:/root/ros_ws/src/Rescue_Car_ws/install/complex_msgs:/root/ros_ws/src/Rescue_Car_ws/install/car:/root/ros_ws/src/Rescue_Car_ws/install/sensor_msgs_py:/opt/ros/humble LD_LIBRARY_PATH=/root/ros_ws/src/Rescue_Car_ws/install/unique_identifier_msgs/lib:/root/ros_ws/src/Rescue_Car_ws/install/builtin_interfaces/lib:/root/ros_ws/src/Rescue_Car_ws/install/visualization_msgs/lib:/root/ros_ws/src/Rescue_Car_ws/install/test_msgs/lib:/root/ros_ws/src/Rescue_Car_ws/install/example_interfaces/lib:/root/ros_ws/src/Rescue_Car_ws/install/action_msgs/lib:/root/ros_ws/src/Rescue_Car_ws/install/trajectory_msgs/lib:/root/ros_ws/src/Rescue_Car_ws/install/stereo_msgs/lib:/root/ros_ws/src/Rescue_Car_ws/install/std_srvs/lib:/root/ros_ws/src/Rescue_Car_ws/install/shape_msgs/lib:/root/ros_ws/src/Rescue_Car_ws/install/sensor_msgs/lib:/root/ros_ws/src/Rescue_Car_ws/install/nav_msgs/lib:/root/ros_ws/src/Rescue_Car_ws/install/diagnostic_msgs/lib:/root/ros_ws/src/Rescue_Car_ws/install/geometry_msgs/lib:/root/ros_ws/src/Rescue_Car_ws/install/actionlib_msgs/lib:/root/ros_ws/src/Rescue_Car_ws/install/std_msgs/lib:/root/ros_ws/src/Rescue_Car_ws/install/statistics_msgs/lib:/root/ros_ws/src/Rescue_Car_ws/install/rosidl_typesupport_microxrcedds_test_msg/lib:/root/ros_ws/src/Rescue_Car_ws/install/rmw_microxrcedds/lib:/root/ros_ws/src/Rescue_Car_ws/install/rosidl_typesupport_microxrcedds_cpp/lib:/root/ros_ws/src/Rescue_Car_ws/install/rosidl_typesupport_microxrcedds_c/lib:/root/ros_ws/src/Rescue_Car_ws/install/rosgraph_msgs/lib:/root/ros_ws/src/Rescue_Car_ws/install/rclc_parameter/lib:/root/ros_ws/src/Rescue_Car_ws/install/rclc/lib:/root/ros_ws/src/Rescue_Car_ws/install/composition_interfaces/lib:/root/ros_ws/src/Rescue_Car_ws/install/rcl_interfaces/lib:/root/ros_ws/src/Rescue_Car_ws/install/micro_ros_utilities/lib:/root/ros_ws/src/Rescue_Car_ws/install/micro_ros_agent/lib:/root/ros_ws/src/Rescue_Car_ws/install/micro_ros_msgs/lib:/root/ros_ws/src/Rescue_Car_ws/install/lifecycle_msgs/lib:/root/ros_ws/src/Rescue_Car_ws/install/complex_msgs/lib:/usr/lib/x86_64-linux-gnu/gazebo-11/plugins:/opt/ros/humble/opt/rviz_ogre_vendor/lib:/opt/ros/humble/lib/x86_64-linux-gnu:/opt/ros/humble/lib /usr/bin/cmake --build /root/ros_ws/src/Rescue_Car_ws/build/action_msgs -- -j20 -l20
[1.419s] DEBUG:colcon.colcon_core.event_handler.log_command:Invoking command in '/root/ros_ws/src/Rescue_Car_ws/build/micro_ros_agent': CMAKE_PREFIX_PATH=/root/ros_ws/src/Rescue_Car_ws/install/micro_ros_msgs:/root/ros_ws/src/Rescue_Car_ws/install/builtin_interfaces:/root/ros_ws/src/Rescue_Car_ws/install/micro_ros_demos_rclc:/root/ros_ws/src/Rescue_Car_ws/install/common_interfaces:/root/ros_ws/src/Rescue_Car_ws/install/visualization_msgs:/root/ros_ws/src/Rescue_Car_ws/install/test_msgs:/root/ros_ws/src/Rescue_Car_ws/install/example_interfaces:/root/ros_ws/src/Rescue_Car_ws/install/action_msgs:/root/ros_ws/src/Rescue_Car_ws/install/unique_identifier_msgs:/root/ros_ws/src/Rescue_Car_ws/install/trajectory_msgs:/root/ros_ws/src/Rescue_Car_ws/install/stereo_msgs:/root/ros_ws/src/Rescue_Car_ws/install/std_srvs:/root/ros_ws/src/Rescue_Car_ws/install/shape_msgs:/root/ros_ws/src/Rescue_Car_ws/install/sensor_msgs:/root/ros_ws/src/Rescue_Car_ws/install/nav_msgs:/root/ros_ws/src/Rescue_Car_ws/install/diagnostic_msgs:/root/ros_ws/src/Rescue_Car_ws/install/geometry_msgs:/root/ros_ws/src/Rescue_Car_ws/install/actionlib_msgs:/root/ros_ws/src/Rescue_Car_ws/install/std_msgs:/root/ros_ws/src/Rescue_Car_ws/install/statistics_msgs:/root/ros_ws/src/Rescue_Car_ws/install/rosidl_typesupport_microxrcedds_test_msg:/root/ros_ws/src/Rescue_Car_ws/install/rosidl_typesupport_microxrcedds_cpp_tests:/root/ros_ws/src/Rescue_Car_ws/install/rmw_microxrcedds:/root/ros_ws/src/Rescue_Car_ws/install/rosidl_typesupport_microxrcedds_cpp:/root/ros_ws/src/Rescue_Car_ws/install/rosidl_typesupport_microxrcedds_c_tests:/root/ros_ws/src/Rescue_Car_ws/install/rosidl_typesupport_microxrcedds_c:/root/ros_ws/src/Rescue_Car_ws/install/rosgraph_msgs:/root/ros_ws/src/Rescue_Car_ws/install/rclc_parameter:/root/ros_ws/src/Rescue_Car_ws/install/rclc:/root/ros_ws/src/Rescue_Car_ws/install/composition_interfaces:/root/ros_ws/src/Rescue_Car_ws/install/rcl_interfaces:/root/ros_ws/src/Rescue_Car_ws/install/microxrcedds_client:/root/ros_ws/src/Rescue_Car_ws/install/microcdr:/root/ros_ws/src/Rescue_Car_ws/install/micro_ros_utilities:/root/ros_ws/src/Rescue_Car_ws/install/micro_ros_setup:/root/ros_ws/src/Rescue_Car_ws/install/micro_ros_agent:/root/ros_ws/src/Rescue_Car_ws/install/lifecycle_msgs:/root/ros_ws/src/Rescue_Car_ws/install/complex_msgs:/root/ros_ws/src/Rescue_Car_ws/install/car:/root/ros_ws/src/Rescue_Car_ws/install/sensor_msgs_py:/opt/ros/humble LD_LIBRARY_PATH=/root/ros_ws/src/Rescue_Car_ws/install/micro_ros_msgs/lib:/root/ros_ws/src/Rescue_Car_ws/install/builtin_interfaces/lib:/root/ros_ws/src/Rescue_Car_ws/install/visualization_msgs/lib:/root/ros_ws/src/Rescue_Car_ws/install/test_msgs/lib:/root/ros_ws/src/Rescue_Car_ws/install/example_interfaces/lib:/root/ros_ws/src/Rescue_Car_ws/install/action_msgs/lib:/root/ros_ws/src/Rescue_Car_ws/install/unique_identifier_msgs/lib:/root/ros_ws/src/Rescue_Car_ws/install/trajectory_msgs/lib:/root/ros_ws/src/Rescue_Car_ws/install/stereo_msgs/lib:/root/ros_ws/src/Rescue_Car_ws/install/std_srvs/lib:/root/ros_ws/src/Rescue_Car_ws/install/shape_msgs/lib:/root/ros_ws/src/Rescue_Car_ws/install/sensor_msgs/lib:/root/ros_ws/src/Rescue_Car_ws/install/nav_msgs/lib:/root/ros_ws/src/Rescue_Car_ws/install/diagnostic_msgs/lib:/root/ros_ws/src/Rescue_Car_ws/install/geometry_msgs/lib:/root/ros_ws/src/Rescue_Car_ws/install/actionlib_msgs/lib:/root/ros_ws/src/Rescue_Car_ws/install/std_msgs/lib:/root/ros_ws/src/Rescue_Car_ws/install/statistics_msgs/lib:/root/ros_ws/src/Rescue_Car_ws/install/rosidl_typesupport_microxrcedds_test_msg/lib:/root/ros_ws/src/Rescue_Car_ws/install/rmw_microxrcedds/lib:/root/ros_ws/src/Rescue_Car_ws/install/rosidl_typesupport_microxrcedds_cpp/lib:/root/ros_ws/src/Rescue_Car_ws/install/rosidl_typesupport_microxrcedds_c/lib:/root/ros_ws/src/Rescue_Car_ws/install/rosgraph_msgs/lib:/root/ros_ws/src/Rescue_Car_ws/install/rclc_parameter/lib:/root/ros_ws/src/Rescue_Car_ws/install/rclc/lib:/root/ros_ws/src/Rescue_Car_ws/install/composition_interfaces/lib:/root/ros_ws/src/Rescue_Car_ws/install/rcl_interfaces/lib:/root/ros_ws/src/Rescue_Car_ws/install/micro_ros_utilities/lib:/root/ros_ws/src/Rescue_Car_ws/install/micro_ros_agent/lib:/root/ros_ws/src/Rescue_Car_ws/install/lifecycle_msgs/lib:/root/ros_ws/src/Rescue_Car_ws/install/complex_msgs/lib:/usr/lib/x86_64-linux-gnu/gazebo-11/plugins:/opt/ros/humble/opt/rviz_ogre_vendor/lib:/opt/ros/humble/lib/x86_64-linux-gnu:/opt/ros/humble/lib /usr/bin/cmake --build /root/ros_ws/src/Rescue_Car_ws/build/micro_ros_agent -- -j20 -l20
[1.517s] DEBUG:colcon.colcon_core.event_handler.log_command:Invoked command in '/root/ros_ws/src/Rescue_Car_ws/build/micro_ros_agent' returned '0': CMAKE_PREFIX_PATH=/root/ros_ws/src/Rescue_Car_ws/install/micro_ros_msgs:/root/ros_ws/src/Rescue_Car_ws/install/builtin_interfaces:/root/ros_ws/src/Rescue_Car_ws/install/micro_ros_demos_rclc:/root/ros_ws/src/Rescue_Car_ws/install/common_interfaces:/root/ros_ws/src/Rescue_Car_ws/install/visualization_msgs:/root/ros_ws/src/Rescue_Car_ws/install/test_msgs:/root/ros_ws/src/Rescue_Car_ws/install/example_interfaces:/root/ros_ws/src/Rescue_Car_ws/install/action_msgs:/root/ros_ws/src/Rescue_Car_ws/install/unique_identifier_msgs:/root/ros_ws/src/Rescue_Car_ws/install/trajectory_msgs:/root/ros_ws/src/Rescue_Car_ws/install/stereo_msgs:/root/ros_ws/src/Rescue_Car_ws/install/std_srvs:/root/ros_ws/src/Rescue_Car_ws/install/shape_msgs:/root/ros_ws/src/Rescue_Car_ws/install/sensor_msgs:/root/ros_ws/src/Rescue_Car_ws/install/nav_msgs:/root/ros_ws/src/Rescue_Car_ws/install/diagnostic_msgs:/root/ros_ws/src/Rescue_Car_ws/install/geometry_msgs:/root/ros_ws/src/Rescue_Car_ws/install/actionlib_msgs:/root/ros_ws/src/Rescue_Car_ws/install/std_msgs:/root/ros_ws/src/Rescue_Car_ws/install/statistics_msgs:/root/ros_ws/src/Rescue_Car_ws/install/rosidl_typesupport_microxrcedds_test_msg:/root/ros_ws/src/Rescue_Car_ws/install/rosidl_typesupport_microxrcedds_cpp_tests:/root/ros_ws/src/Rescue_Car_ws/install/rmw_microxrcedds:/root/ros_ws/src/Rescue_Car_ws/install/rosidl_typesupport_microxrcedds_cpp:/root/ros_ws/src/Rescue_Car_ws/install/rosidl_typesupport_microxrcedds_c_tests:/root/ros_ws/src/Rescue_Car_ws/install/rosidl_typesupport_microxrcedds_c:/root/ros_ws/src/Rescue_Car_ws/install/rosgraph_msgs:/root/ros_ws/src/Rescue_Car_ws/install/rclc_parameter:/root/ros_ws/src/Rescue_Car_ws/install/rclc:/root/ros_ws/src/Rescue_Car_ws/install/composition_interfaces:/root/ros_ws/src/Rescue_Car_ws/install/rcl_interfaces:/root/ros_ws/src/Rescue_Car_ws/install/microxrcedds_client:/root/ros_ws/src/Rescue_Car_ws/install/microcdr:/root/ros_ws/src/Rescue_Car_ws/install/micro_ros_utilities:/root/ros_ws/src/Rescue_Car_ws/install/micro_ros_setup:/root/ros_ws/src/Rescue_Car_ws/install/micro_ros_agent:/root/ros_ws/src/Rescue_Car_ws/install/lifecycle_msgs:/root/ros_ws/src/Rescue_Car_ws/install/complex_msgs:/root/ros_ws/src/Rescue_Car_ws/install/car:/root/ros_ws/src/Rescue_Car_ws/install/sensor_msgs_py:/opt/ros/humble LD_LIBRARY_PATH=/root/ros_ws/src/Rescue_Car_ws/install/micro_ros_msgs/lib:/root/ros_ws/src/Rescue_Car_ws/install/builtin_interfaces/lib:/root/ros_ws/src/Rescue_Car_ws/install/visualization_msgs/lib:/root/ros_ws/src/Rescue_Car_ws/install/test_msgs/lib:/root/ros_ws/src/Rescue_Car_ws/install/example_interfaces/lib:/root/ros_ws/src/Rescue_Car_ws/install/action_msgs/lib:/root/ros_ws/src/Rescue_Car_ws/install/unique_identifier_msgs/lib:/root/ros_ws/src/Rescue_Car_ws/install/trajectory_msgs/lib:/root/ros_ws/src/Rescue_Car_ws/install/stereo_msgs/lib:/root/ros_ws/src/Rescue_Car_ws/install/std_srvs/lib:/root/ros_ws/src/Rescue_Car_ws/install/shape_msgs/lib:/root/ros_ws/src/Rescue_Car_ws/install/sensor_msgs/lib:/root/ros_ws/src/Rescue_Car_ws/install/nav_msgs/lib:/root/ros_ws/src/Rescue_Car_ws/install/diagnostic_msgs/lib:/root/ros_ws/src/Rescue_Car_ws/install/geometry_msgs/lib:/root/ros_ws/src/Rescue_Car_ws/install/actionlib_msgs/lib:/root/ros_ws/src/Rescue_Car_ws/install/std_msgs/lib:/root/ros_ws/src/Rescue_Car_ws/install/statistics_msgs/lib:/root/ros_ws/src/Rescue_Car_ws/install/rosidl_typesupport_microxrcedds_test_msg/lib:/root/ros_ws/src/Rescue_Car_ws/install/rmw_microxrcedds/lib:/root/ros_ws/src/Rescue_Car_ws/install/rosidl_typesupport_microxrcedds_cpp/lib:/root/ros_ws/src/Rescue_Car_ws/install/rosidl_typesupport_microxrcedds_c/lib:/root/ros_ws/src/Rescue_Car_ws/install/rosgraph_msgs/lib:/root/ros_ws/src/Rescue_Car_ws/install/rclc_parameter/lib:/root/ros_ws/src/Rescue_Car_ws/install/rclc/lib:/root/ros_ws/src/Rescue_Car_ws/install/composition_interfaces/lib:/root/ros_ws/src/Rescue_Car_ws/install/rcl_interfaces/lib:/root/ros_ws/src/Rescue_Car_ws/install/micro_ros_utilities/lib:/root/ros_ws/src/Rescue_Car_ws/install/micro_ros_agent/lib:/root/ros_ws/src/Rescue_Car_ws/install/lifecycle_msgs/lib:/root/ros_ws/src/Rescue_Car_ws/install/complex_msgs/lib:/usr/lib/x86_64-linux-gnu/gazebo-11/plugins:/opt/ros/humble/opt/rviz_ogre_vendor/lib:/opt/ros/humble/lib/x86_64-linux-gnu:/opt/ros/humble/lib /usr/bin/cmake --build /root/ros_ws/src/Rescue_Car_ws/build/micro_ros_agent -- -j20 -l20
[1.519s] DEBUG:colcon.colcon_core.event_handler.log_command:Invoking command in '/root/ros_ws/src/Rescue_Car_ws/build/micro_ros_agent': CMAKE_PREFIX_PATH=/root/ros_ws/src/Rescue_Car_ws/install/micro_ros_msgs:/root/ros_ws/src/Rescue_Car_ws/install/builtin_interfaces:/root/ros_ws/src/Rescue_Car_ws/install/micro_ros_demos_rclc:/root/ros_ws/src/Rescue_Car_ws/install/common_interfaces:/root/ros_ws/src/Rescue_Car_ws/install/visualization_msgs:/root/ros_ws/src/Rescue_Car_ws/install/test_msgs:/root/ros_ws/src/Rescue_Car_ws/install/example_interfaces:/root/ros_ws/src/Rescue_Car_ws/install/action_msgs:/root/ros_ws/src/Rescue_Car_ws/install/unique_identifier_msgs:/root/ros_ws/src/Rescue_Car_ws/install/trajectory_msgs:/root/ros_ws/src/Rescue_Car_ws/install/stereo_msgs:/root/ros_ws/src/Rescue_Car_ws/install/std_srvs:/root/ros_ws/src/Rescue_Car_ws/install/shape_msgs:/root/ros_ws/src/Rescue_Car_ws/install/sensor_msgs:/root/ros_ws/src/Rescue_Car_ws/install/nav_msgs:/root/ros_ws/src/Rescue_Car_ws/install/diagnostic_msgs:/root/ros_ws/src/Rescue_Car_ws/install/geometry_msgs:/root/ros_ws/src/Rescue_Car_ws/install/actionlib_msgs:/root/ros_ws/src/Rescue_Car_ws/install/std_msgs:/root/ros_ws/src/Rescue_Car_ws/install/statistics_msgs:/root/ros_ws/src/Rescue_Car_ws/install/rosidl_typesupport_microxrcedds_test_msg:/root/ros_ws/src/Rescue_Car_ws/install/rosidl_typesupport_microxrcedds_cpp_tests:/root/ros_ws/src/Rescue_Car_ws/install/rmw_microxrcedds:/root/ros_ws/src/Rescue_Car_ws/install/rosidl_typesupport_microxrcedds_cpp:/root/ros_ws/src/Rescue_Car_ws/install/rosidl_typesupport_microxrcedds_c_tests:/root/ros_ws/src/Rescue_Car_ws/install/rosidl_typesupport_microxrcedds_c:/root/ros_ws/src/Rescue_Car_ws/install/rosgraph_msgs:/root/ros_ws/src/Rescue_Car_ws/install/rclc_parameter:/root/ros_ws/src/Rescue_Car_ws/install/rclc:/root/ros_ws/src/Rescue_Car_ws/install/composition_interfaces:/root/ros_ws/src/Rescue_Car_ws/install/rcl_interfaces:/root/ros_ws/src/Rescue_Car_ws/install/microxrcedds_client:/root/ros_ws/src/Rescue_Car_ws/install/microcdr:/root/ros_ws/src/Rescue_Car_ws/install/micro_ros_utilities:/root/ros_ws/src/Rescue_Car_ws/install/micro_ros_setup:/root/ros_ws/src/Rescue_Car_ws/install/micro_ros_agent:/root/ros_ws/src/Rescue_Car_ws/install/lifecycle_msgs:/root/ros_ws/src/Rescue_Car_ws/install/complex_msgs:/root/ros_ws/src/Rescue_Car_ws/install/car:/root/ros_ws/src/Rescue_Car_ws/install/sensor_msgs_py:/opt/ros/humble LD_LIBRARY_PATH=/root/ros_ws/src/Rescue_Car_ws/install/micro_ros_msgs/lib:/root/ros_ws/src/Rescue_Car_ws/install/builtin_interfaces/lib:/root/ros_ws/src/Rescue_Car_ws/install/visualization_msgs/lib:/root/ros_ws/src/Rescue_Car_ws/install/test_msgs/lib:/root/ros_ws/src/Rescue_Car_ws/install/example_interfaces/lib:/root/ros_ws/src/Rescue_Car_ws/install/action_msgs/lib:/root/ros_ws/src/Rescue_Car_ws/install/unique_identifier_msgs/lib:/root/ros_ws/src/Rescue_Car_ws/install/trajectory_msgs/lib:/root/ros_ws/src/Rescue_Car_ws/install/stereo_msgs/lib:/root/ros_ws/src/Rescue_Car_ws/install/std_srvs/lib:/root/ros_ws/src/Rescue_Car_ws/install/shape_msgs/lib:/root/ros_ws/src/Rescue_Car_ws/install/sensor_msgs/lib:/root/ros_ws/src/Rescue_Car_ws/install/nav_msgs/lib:/root/ros_ws/src/Rescue_Car_ws/install/diagnostic_msgs/lib:/root/ros_ws/src/Rescue_Car_ws/install/geometry_msgs/lib:/root/ros_ws/src/Rescue_Car_ws/install/actionlib_msgs/lib:/root/ros_ws/src/Rescue_Car_ws/install/std_msgs/lib:/root/ros_ws/src/Rescue_Car_ws/install/statistics_msgs/lib:/root/ros_ws/src/Rescue_Car_ws/install/rosidl_typesupport_microxrcedds_test_msg/lib:/root/ros_ws/src/Rescue_Car_ws/install/rmw_microxrcedds/lib:/root/ros_ws/src/Rescue_Car_ws/install/rosidl_typesupport_microxrcedds_cpp/lib:/root/ros_ws/src/Rescue_Car_ws/install/rosidl_typesupport_microxrcedds_c/lib:/root/ros_ws/src/Rescue_Car_ws/install/rosgraph_msgs/lib:/root/ros_ws/src/Rescue_Car_ws/install/rclc_parameter/lib:/root/ros_ws/src/Rescue_Car_ws/install/rclc/lib:/root/ros_ws/src/Rescue_Car_ws/install/composition_interfaces/lib:/root/ros_ws/src/Rescue_Car_ws/install/rcl_interfaces/lib:/root/ros_ws/src/Rescue_Car_ws/install/micro_ros_utilities/lib:/root/ros_ws/src/Rescue_Car_ws/install/micro_ros_agent/lib:/root/ros_ws/src/Rescue_Car_ws/install/lifecycle_msgs/lib:/root/ros_ws/src/Rescue_Car_ws/install/complex_msgs/lib:/usr/lib/x86_64-linux-gnu/gazebo-11/plugins:/opt/ros/humble/opt/rviz_ogre_vendor/lib:/opt/ros/humble/lib/x86_64-linux-gnu:/opt/ros/humble/lib /usr/bin/cmake --install /root/ros_ws/src/Rescue_Car_ws/build/micro_ros_agent
[1.530s] Level 1:colcon.colcon_core.environment:create_environment_scripts_only(micro_ros_agent)
[1.530s] Level 1:colcon.colcon_core.environment:checking '/root/ros_ws/src/Rescue_Car_ws/install/micro_ros_agent' for CMake module files
[1.532s] DEBUG:colcon.colcon_core.event_handler.log_command:Invoked command in '/root/ros_ws/src/Rescue_Car_ws/build/micro_ros_agent' returned '0': CMAKE_PREFIX_PATH=/root/ros_ws/src/Rescue_Car_ws/install/micro_ros_msgs:/root/ros_ws/src/Rescue_Car_ws/install/builtin_interfaces:/root/ros_ws/src/Rescue_Car_ws/install/micro_ros_demos_rclc:/root/ros_ws/src/Rescue_Car_ws/install/common_interfaces:/root/ros_ws/src/Rescue_Car_ws/install/visualization_msgs:/root/ros_ws/src/Rescue_Car_ws/install/test_msgs:/root/ros_ws/src/Rescue_Car_ws/install/example_interfaces:/root/ros_ws/src/Rescue_Car_ws/install/action_msgs:/root/ros_ws/src/Rescue_Car_ws/install/unique_identifier_msgs:/root/ros_ws/src/Rescue_Car_ws/install/trajectory_msgs:/root/ros_ws/src/Rescue_Car_ws/install/stereo_msgs:/root/ros_ws/src/Rescue_Car_ws/install/std_srvs:/root/ros_ws/src/Rescue_Car_ws/install/shape_msgs:/root/ros_ws/src/Rescue_Car_ws/install/sensor_msgs:/root/ros_ws/src/Rescue_Car_ws/install/nav_msgs:/root/ros_ws/src/Rescue_Car_ws/install/diagnostic_msgs:/root/ros_ws/src/Rescue_Car_ws/install/geometry_msgs:/root/ros_ws/src/Rescue_Car_ws/install/actionlib_msgs:/root/ros_ws/src/Rescue_Car_ws/install/std_msgs:/root/ros_ws/src/Rescue_Car_ws/install/statistics_msgs:/root/ros_ws/src/Rescue_Car_ws/install/rosidl_typesupport_microxrcedds_test_msg:/root/ros_ws/src/Rescue_Car_ws/install/rosidl_typesupport_microxrcedds_cpp_tests:/root/ros_ws/src/Rescue_Car_ws/install/rmw_microxrcedds:/root/ros_ws/src/Rescue_Car_ws/install/rosidl_typesupport_microxrcedds_cpp:/root/ros_ws/src/Rescue_Car_ws/install/rosidl_typesupport_microxrcedds_c_tests:/root/ros_ws/src/Rescue_Car_ws/install/rosidl_typesupport_microxrcedds_c:/root/ros_ws/src/Rescue_Car_ws/install/rosgraph_msgs:/root/ros_ws/src/Rescue_Car_ws/install/rclc_parameter:/root/ros_ws/src/Rescue_Car_ws/install/rclc:/root/ros_ws/src/Rescue_Car_ws/install/composition_interfaces:/root/ros_ws/src/Rescue_Car_ws/install/rcl_interfaces:/root/ros_ws/src/Rescue_Car_ws/install/microxrcedds_client:/root/ros_ws/src/Rescue_Car_ws/install/microcdr:/root/ros_ws/src/Rescue_Car_ws/install/micro_ros_utilities:/root/ros_ws/src/Rescue_Car_ws/install/micro_ros_setup:/root/ros_ws/src/Rescue_Car_ws/install/micro_ros_agent:/root/ros_ws/src/Rescue_Car_ws/install/lifecycle_msgs:/root/ros_ws/src/Rescue_Car_ws/install/complex_msgs:/root/ros_ws/src/Rescue_Car_ws/install/car:/root/ros_ws/src/Rescue_Car_ws/install/sensor_msgs_py:/opt/ros/humble LD_LIBRARY_PATH=/root/ros_ws/src/Rescue_Car_ws/install/micro_ros_msgs/lib:/root/ros_ws/src/Rescue_Car_ws/install/builtin_interfaces/lib:/root/ros_ws/src/Rescue_Car_ws/install/visualization_msgs/lib:/root/ros_ws/src/Rescue_Car_ws/install/test_msgs/lib:/root/ros_ws/src/Rescue_Car_ws/install/example_interfaces/lib:/root/ros_ws/src/Rescue_Car_ws/install/action_msgs/lib:/root/ros_ws/src/Rescue_Car_ws/install/unique_identifier_msgs/lib:/root/ros_ws/src/Rescue_Car_ws/install/trajectory_msgs/lib:/root/ros_ws/src/Rescue_Car_ws/install/stereo_msgs/lib:/root/ros_ws/src/Rescue_Car_ws/install/std_srvs/lib:/root/ros_ws/src/Rescue_Car_ws/install/shape_msgs/lib:/root/ros_ws/src/Rescue_Car_ws/install/sensor_msgs/lib:/root/ros_ws/src/Rescue_Car_ws/install/nav_msgs/lib:/root/ros_ws/src/Rescue_Car_ws/install/diagnostic_msgs/lib:/root/ros_ws/src/Rescue_Car_ws/install/geometry_msgs/lib:/root/ros_ws/src/Rescue_Car_ws/install/actionlib_msgs/lib:/root/ros_ws/src/Rescue_Car_ws/install/std_msgs/lib:/root/ros_ws/src/Rescue_Car_ws/install/statistics_msgs/lib:/root/ros_ws/src/Rescue_Car_ws/install/rosidl_typesupport_microxrcedds_test_msg/lib:/root/ros_ws/src/Rescue_Car_ws/install/rmw_microxrcedds/lib:/root/ros_ws/src/Rescue_Car_ws/install/rosidl_typesupport_microxrcedds_cpp/lib:/root/ros_ws/src/Rescue_Car_ws/install/rosidl_typesupport_microxrcedds_c/lib:/root/ros_ws/src/Rescue_Car_ws/install/rosgraph_msgs/lib:/root/ros_ws/src/Rescue_Car_ws/install/rclc_parameter/lib:/root/ros_ws/src/Rescue_Car_ws/install/rclc/lib:/root/ros_ws/src/Rescue_Car_ws/install/composition_interfaces/lib:/root/ros_ws/src/Rescue_Car_ws/install/rcl_interfaces/lib:/root/ros_ws/src/Rescue_Car_ws/install/micro_ros_utilities/lib:/root/ros_ws/src/Rescue_Car_ws/install/micro_ros_agent/lib:/root/ros_ws/src/Rescue_Car_ws/install/lifecycle_msgs/lib:/root/ros_ws/src/Rescue_Car_ws/install/complex_msgs/lib:/usr/lib/x86_64-linux-gnu/gazebo-11/plugins:/opt/ros/humble/opt/rviz_ogre_vendor/lib:/opt/ros/humble/lib/x86_64-linux-gnu:/opt/ros/humble/lib /usr/bin/cmake --install /root/ros_ws/src/Rescue_Car_ws/build/micro_ros_agent
[1.533s] Level 1:colcon.colcon_core.environment:checking '/root/ros_ws/src/Rescue_Car_ws/install/micro_ros_agent' for CMake config files
[1.534s] Level 1:colcon.colcon_core.shell:create_environment_hook('micro_ros_agent', 'cmake_prefix_path')
[1.534s] INFO:colcon.colcon_core.shell:Creating environment hook '/root/ros_ws/src/Rescue_Car_ws/install/micro_ros_agent/share/micro_ros_agent/hook/cmake_prefix_path.ps1'
[1.534s] INFO:colcon.colcon_core.shell:Creating environment descriptor '/root/ros_ws/src/Rescue_Car_ws/install/micro_ros_agent/share/micro_ros_agent/hook/cmake_prefix_path.dsv'
[1.535s] INFO:colcon.colcon_core.shell:Creating environment hook '/root/ros_ws/src/Rescue_Car_ws/install/micro_ros_agent/share/micro_ros_agent/hook/cmake_prefix_path.sh'
[1.535s] Level 1:colcon.colcon_core.environment:checking '/root/ros_ws/src/Rescue_Car_ws/install/micro_ros_agent/lib'
[1.535s] Level 1:colcon.colcon_core.shell:create_environment_hook('micro_ros_agent', 'ld_library_path_lib')
[1.536s] INFO:colcon.colcon_core.shell:Creating environment hook '/root/ros_ws/src/Rescue_Car_ws/install/micro_ros_agent/share/micro_ros_agent/hook/ld_library_path_lib.ps1'
[1.536s] INFO:colcon.colcon_core.shell:Creating environment descriptor '/root/ros_ws/src/Rescue_Car_ws/install/micro_ros_agent/share/micro_ros_agent/hook/ld_library_path_lib.dsv'
[1.536s] INFO:colcon.colcon_core.shell:Creating environment hook '/root/ros_ws/src/Rescue_Car_ws/install/micro_ros_agent/share/micro_ros_agent/hook/ld_library_path_lib.sh'
[1.537s] Level 1:colcon.colcon_core.environment:checking '/root/ros_ws/src/Rescue_Car_ws/install/micro_ros_agent/bin'
[1.537s] Level 1:colcon.colcon_core.environment:checking '/root/ros_ws/src/Rescue_Car_ws/install/micro_ros_agent/lib/pkgconfig/micro_ros_agent.pc'
[1.537s] Level 1:colcon.colcon_core.environment:checking '/root/ros_ws/src/Rescue_Car_ws/install/micro_ros_agent/lib/python3.10/site-packages'
[1.537s] Level 1:colcon.colcon_core.environment:checking '/root/ros_ws/src/Rescue_Car_ws/install/micro_ros_agent/bin'
[1.537s] INFO:colcon.colcon_core.shell:Creating package script '/root/ros_ws/src/Rescue_Car_ws/install/micro_ros_agent/share/micro_ros_agent/package.ps1'
[1.538s] INFO:colcon.colcon_core.shell:Creating package descriptor '/root/ros_ws/src/Rescue_Car_ws/install/micro_ros_agent/share/micro_ros_agent/package.dsv'
[1.540s] INFO:colcon.colcon_core.shell:Creating package script '/root/ros_ws/src/Rescue_Car_ws/install/micro_ros_agent/share/micro_ros_agent/package.sh'
[1.541s] INFO:colcon.colcon_core.shell:Creating package script '/root/ros_ws/src/Rescue_Car_ws/install/micro_ros_agent/share/micro_ros_agent/package.bash'
[1.541s] INFO:colcon.colcon_core.shell:Creating package script '/root/ros_ws/src/Rescue_Car_ws/install/micro_ros_agent/share/micro_ros_agent/package.zsh'
[1.542s] Level 1:colcon.colcon_core.environment:create_file_with_runtime_dependencies(/root/ros_ws/src/Rescue_Car_ws/install/micro_ros_agent/share/colcon-core/packages/micro_ros_agent)
[1.543s] Level 1:colcon.colcon_core.environment:create_environment_scripts_only(micro_ros_agent)
[1.543s] Level 1:colcon.colcon_core.environment:checking '/root/ros_ws/src/Rescue_Car_ws/install/micro_ros_agent' for CMake module files
[1.545s] Level 1:colcon.colcon_core.environment:checking '/root/ros_ws/src/Rescue_Car_ws/install/micro_ros_agent' for CMake config files
[1.546s] Level 1:colcon.colcon_core.shell:create_environment_hook('micro_ros_agent', 'cmake_prefix_path')
[1.546s] INFO:colcon.colcon_core.shell:Creating environment hook '/root/ros_ws/src/Rescue_Car_ws/install/micro_ros_agent/share/micro_ros_agent/hook/cmake_prefix_path.ps1'
[1.546s] INFO:colcon.colcon_core.shell:Creating environment descriptor '/root/ros_ws/src/Rescue_Car_ws/install/micro_ros_agent/share/micro_ros_agent/hook/cmake_prefix_path.dsv'
[1.547s] INFO:colcon.colcon_core.shell:Creating environment hook '/root/ros_ws/src/Rescue_Car_ws/install/micro_ros_agent/share/micro_ros_agent/hook/cmake_prefix_path.sh'
[1.548s] Level 1:colcon.colcon_core.environment:checking '/root/ros_ws/src/Rescue_Car_ws/install/micro_ros_agent/lib'
[1.548s] Level 1:colcon.colcon_core.shell:create_environment_hook('micro_ros_agent', 'ld_library_path_lib')
[1.549s] INFO:colcon.colcon_core.shell:Creating environment hook '/root/ros_ws/src/Rescue_Car_ws/install/micro_ros_agent/share/micro_ros_agent/hook/ld_library_path_lib.ps1'
[1.549s] INFO:colcon.colcon_core.shell:Creating environment descriptor '/root/ros_ws/src/Rescue_Car_ws/install/micro_ros_agent/share/micro_ros_agent/hook/ld_library_path_lib.dsv'
[1.550s] INFO:colcon.colcon_core.shell:Creating environment hook '/root/ros_ws/src/Rescue_Car_ws/install/micro_ros_agent/share/micro_ros_agent/hook/ld_library_path_lib.sh'
[1.550s] Level 1:colcon.colcon_core.environment:checking '/root/ros_ws/src/Rescue_Car_ws/install/micro_ros_agent/bin'
[1.550s] Level 1:colcon.colcon_core.environment:checking '/root/ros_ws/src/Rescue_Car_ws/install/micro_ros_agent/lib/pkgconfig/micro_ros_agent.pc'
[1.551s] Level 1:colcon.colcon_core.environment:checking '/root/ros_ws/src/Rescue_Car_ws/install/micro_ros_agent/lib/python3.10/site-packages'
[1.551s] Level 1:colcon.colcon_core.environment:checking '/root/ros_ws/src/Rescue_Car_ws/install/micro_ros_agent/bin'
[1.551s] INFO:colcon.colcon_core.shell:Creating package script '/root/ros_ws/src/Rescue_Car_ws/install/micro_ros_agent/share/micro_ros_agent/package.ps1'
[1.552s] INFO:colcon.colcon_core.shell:Creating package descriptor '/root/ros_ws/src/Rescue_Car_ws/install/micro_ros_agent/share/micro_ros_agent/package.dsv'
[1.553s] INFO:colcon.colcon_core.shell:Creating package script '/root/ros_ws/src/Rescue_Car_ws/install/micro_ros_agent/share/micro_ros_agent/package.sh'
[1.554s] INFO:colcon.colcon_core.shell:Creating package script '/root/ros_ws/src/Rescue_Car_ws/install/micro_ros_agent/share/micro_ros_agent/package.bash'
[1.554s] INFO:colcon.colcon_core.shell:Creating package script '/root/ros_ws/src/Rescue_Car_ws/install/micro_ros_agent/share/micro_ros_agent/package.zsh'
[1.555s] Level 1:colcon.colcon_core.environment:create_file_with_runtime_dependencies(/root/ros_ws/src/Rescue_Car_ws/install/micro_ros_agent/share/colcon-core/packages/micro_ros_agent)
[1.560s] DEBUG:colcon.colcon_core.event_handler.log_command:Invoked command in '/root/ros_ws/src/Rescue_Car_ws/build/complex_msgs' returned '0': CMAKE_PREFIX_PATH=/root/ros_ws/src/Rescue_Car_ws/install/builtin_interfaces:/root/ros_ws/src/Rescue_Car_ws/install/micro_ros_demos_rclc:/root/ros_ws/src/Rescue_Car_ws/install/common_interfaces:/root/ros_ws/src/Rescue_Car_ws/install/visualization_msgs:/root/ros_ws/src/Rescue_Car_ws/install/test_msgs:/root/ros_ws/src/Rescue_Car_ws/install/example_interfaces:/root/ros_ws/src/Rescue_Car_ws/install/action_msgs:/root/ros_ws/src/Rescue_Car_ws/install/unique_identifier_msgs:/root/ros_ws/src/Rescue_Car_ws/install/trajectory_msgs:/root/ros_ws/src/Rescue_Car_ws/install/stereo_msgs:/root/ros_ws/src/Rescue_Car_ws/install/std_srvs:/root/ros_ws/src/Rescue_Car_ws/install/shape_msgs:/root/ros_ws/src/Rescue_Car_ws/install/sensor_msgs:/root/ros_ws/src/Rescue_Car_ws/install/nav_msgs:/root/ros_ws/src/Rescue_Car_ws/install/diagnostic_msgs:/root/ros_ws/src/Rescue_Car_ws/install/geometry_msgs:/root/ros_ws/src/Rescue_Car_ws/install/actionlib_msgs:/root/ros_ws/src/Rescue_Car_ws/install/std_msgs:/root/ros_ws/src/Rescue_Car_ws/install/statistics_msgs:/root/ros_ws/src/Rescue_Car_ws/install/rosidl_typesupport_microxrcedds_test_msg:/root/ros_ws/src/Rescue_Car_ws/install/rosidl_typesupport_microxrcedds_cpp_tests:/root/ros_ws/src/Rescue_Car_ws/install/rmw_microxrcedds:/root/ros_ws/src/Rescue_Car_ws/install/rosidl_typesupport_microxrcedds_cpp:/root/ros_ws/src/Rescue_Car_ws/install/rosidl_typesupport_microxrcedds_c_tests:/root/ros_ws/src/Rescue_Car_ws/install/rosidl_typesupport_microxrcedds_c:/root/ros_ws/src/Rescue_Car_ws/install/rosgraph_msgs:/root/ros_ws/src/Rescue_Car_ws/install/rclc_parameter:/root/ros_ws/src/Rescue_Car_ws/install/rclc:/root/ros_ws/src/Rescue_Car_ws/install/composition_interfaces:/root/ros_ws/src/Rescue_Car_ws/install/rcl_interfaces:/root/ros_ws/src/Rescue_Car_ws/install/microxrcedds_client:/root/ros_ws/src/Rescue_Car_ws/install/microcdr:/root/ros_ws/src/Rescue_Car_ws/install/micro_ros_utilities:/root/ros_ws/src/Rescue_Car_ws/install/micro_ros_setup:/root/ros_ws/src/Rescue_Car_ws/install/micro_ros_agent:/root/ros_ws/src/Rescue_Car_ws/install/micro_ros_msgs:/root/ros_ws/src/Rescue_Car_ws/install/lifecycle_msgs:/root/ros_ws/src/Rescue_Car_ws/install/complex_msgs:/root/ros_ws/src/Rescue_Car_ws/install/car:/root/ros_ws/src/Rescue_Car_ws/install/sensor_msgs_py:/opt/ros/humble LD_LIBRARY_PATH=/root/ros_ws/src/Rescue_Car_ws/install/builtin_interfaces/lib:/root/ros_ws/src/Rescue_Car_ws/install/visualization_msgs/lib:/root/ros_ws/src/Rescue_Car_ws/install/test_msgs/lib:/root/ros_ws/src/Rescue_Car_ws/install/example_interfaces/lib:/root/ros_ws/src/Rescue_Car_ws/install/action_msgs/lib:/root/ros_ws/src/Rescue_Car_ws/install/unique_identifier_msgs/lib:/root/ros_ws/src/Rescue_Car_ws/install/trajectory_msgs/lib:/root/ros_ws/src/Rescue_Car_ws/install/stereo_msgs/lib:/root/ros_ws/src/Rescue_Car_ws/install/std_srvs/lib:/root/ros_ws/src/Rescue_Car_ws/install/shape_msgs/lib:/root/ros_ws/src/Rescue_Car_ws/install/sensor_msgs/lib:/root/ros_ws/src/Rescue_Car_ws/install/nav_msgs/lib:/root/ros_ws/src/Rescue_Car_ws/install/diagnostic_msgs/lib:/root/ros_ws/src/Rescue_Car_ws/install/geometry_msgs/lib:/root/ros_ws/src/Rescue_Car_ws/install/actionlib_msgs/lib:/root/ros_ws/src/Rescue_Car_ws/install/std_msgs/lib:/root/ros_ws/src/Rescue_Car_ws/install/statistics_msgs/lib:/root/ros_ws/src/Rescue_Car_ws/install/rosidl_typesupport_microxrcedds_test_msg/lib:/root/ros_ws/src/Rescue_Car_ws/install/rmw_microxrcedds/lib:/root/ros_ws/src/Rescue_Car_ws/install/rosidl_typesupport_microxrcedds_cpp/lib:/root/ros_ws/src/Rescue_Car_ws/install/rosidl_typesupport_microxrcedds_c/lib:/root/ros_ws/src/Rescue_Car_ws/install/rosgraph_msgs/lib:/root/ros_ws/src/Rescue_Car_ws/install/rclc_parameter/lib:/root/ros_ws/src/Rescue_Car_ws/install/rclc/lib:/root/ros_ws/src/Rescue_Car_ws/install/composition_interfaces/lib:/root/ros_ws/src/Rescue_Car_ws/install/rcl_interfaces/lib:/root/ros_ws/src/Rescue_Car_ws/install/micro_ros_utilities/lib:/root/ros_ws/src/Rescue_Car_ws/install/micro_ros_agent/lib:/root/ros_ws/src/Rescue_Car_ws/install/micro_ros_msgs/lib:/root/ros_ws/src/Rescue_Car_ws/install/lifecycle_msgs/lib:/root/ros_ws/src/Rescue_Car_ws/install/complex_msgs/lib:/usr/lib/x86_64-linux-gnu/gazebo-11/plugins:/opt/ros/humble/opt/rviz_ogre_vendor/lib:/opt/ros/humble/lib/x86_64-linux-gnu:/opt/ros/humble/lib /usr/bin/cmake --build /root/ros_ws/src/Rescue_Car_ws/build/complex_msgs -- -j20 -l20
[1.561s] DEBUG:colcon.colcon_core.event_handler.log_command:Invoking command in '/root/ros_ws/src/Rescue_Car_ws/build/complex_msgs': CMAKE_PREFIX_PATH=/root/ros_ws/src/Rescue_Car_ws/install/builtin_interfaces:/root/ros_ws/src/Rescue_Car_ws/install/micro_ros_demos_rclc:/root/ros_ws/src/Rescue_Car_ws/install/common_interfaces:/root/ros_ws/src/Rescue_Car_ws/install/visualization_msgs:/root/ros_ws/src/Rescue_Car_ws/install/test_msgs:/root/ros_ws/src/Rescue_Car_ws/install/example_interfaces:/root/ros_ws/src/Rescue_Car_ws/install/action_msgs:/root/ros_ws/src/Rescue_Car_ws/install/unique_identifier_msgs:/root/ros_ws/src/Rescue_Car_ws/install/trajectory_msgs:/root/ros_ws/src/Rescue_Car_ws/install/stereo_msgs:/root/ros_ws/src/Rescue_Car_ws/install/std_srvs:/root/ros_ws/src/Rescue_Car_ws/install/shape_msgs:/root/ros_ws/src/Rescue_Car_ws/install/sensor_msgs:/root/ros_ws/src/Rescue_Car_ws/install/nav_msgs:/root/ros_ws/src/Rescue_Car_ws/install/diagnostic_msgs:/root/ros_ws/src/Rescue_Car_ws/install/geometry_msgs:/root/ros_ws/src/Rescue_Car_ws/install/actionlib_msgs:/root/ros_ws/src/Rescue_Car_ws/install/std_msgs:/root/ros_ws/src/Rescue_Car_ws/install/statistics_msgs:/root/ros_ws/src/Rescue_Car_ws/install/rosidl_typesupport_microxrcedds_test_msg:/root/ros_ws/src/Rescue_Car_ws/install/rosidl_typesupport_microxrcedds_cpp_tests:/root/ros_ws/src/Rescue_Car_ws/install/rmw_microxrcedds:/root/ros_ws/src/Rescue_Car_ws/install/rosidl_typesupport_microxrcedds_cpp:/root/ros_ws/src/Rescue_Car_ws/install/rosidl_typesupport_microxrcedds_c_tests:/root/ros_ws/src/Rescue_Car_ws/install/rosidl_typesupport_microxrcedds_c:/root/ros_ws/src/Rescue_Car_ws/install/rosgraph_msgs:/root/ros_ws/src/Rescue_Car_ws/install/rclc_parameter:/root/ros_ws/src/Rescue_Car_ws/install/rclc:/root/ros_ws/src/Rescue_Car_ws/install/composition_interfaces:/root/ros_ws/src/Rescue_Car_ws/install/rcl_interfaces:/root/ros_ws/src/Rescue_Car_ws/install/microxrcedds_client:/root/ros_ws/src/Rescue_Car_ws/install/microcdr:/root/ros_ws/src/Rescue_Car_ws/install/micro_ros_utilities:/root/ros_ws/src/Rescue_Car_ws/install/micro_ros_setup:/root/ros_ws/src/Rescue_Car_ws/install/micro_ros_agent:/root/ros_ws/src/Rescue_Car_ws/install/micro_ros_msgs:/root/ros_ws/src/Rescue_Car_ws/install/lifecycle_msgs:/root/ros_ws/src/Rescue_Car_ws/install/complex_msgs:/root/ros_ws/src/Rescue_Car_ws/install/car:/root/ros_ws/src/Rescue_Car_ws/install/sensor_msgs_py:/opt/ros/humble LD_LIBRARY_PATH=/root/ros_ws/src/Rescue_Car_ws/install/builtin_interfaces/lib:/root/ros_ws/src/Rescue_Car_ws/install/visualization_msgs/lib:/root/ros_ws/src/Rescue_Car_ws/install/test_msgs/lib:/root/ros_ws/src/Rescue_Car_ws/install/example_interfaces/lib:/root/ros_ws/src/Rescue_Car_ws/install/action_msgs/lib:/root/ros_ws/src/Rescue_Car_ws/install/unique_identifier_msgs/lib:/root/ros_ws/src/Rescue_Car_ws/install/trajectory_msgs/lib:/root/ros_ws/src/Rescue_Car_ws/install/stereo_msgs/lib:/root/ros_ws/src/Rescue_Car_ws/install/std_srvs/lib:/root/ros_ws/src/Rescue_Car_ws/install/shape_msgs/lib:/root/ros_ws/src/Rescue_Car_ws/install/sensor_msgs/lib:/root/ros_ws/src/Rescue_Car_ws/install/nav_msgs/lib:/root/ros_ws/src/Rescue_Car_ws/install/diagnostic_msgs/lib:/root/ros_ws/src/Rescue_Car_ws/install/geometry_msgs/lib:/root/ros_ws/src/Rescue_Car_ws/install/actionlib_msgs/lib:/root/ros_ws/src/Rescue_Car_ws/install/std_msgs/lib:/root/ros_ws/src/Rescue_Car_ws/install/statistics_msgs/lib:/root/ros_ws/src/Rescue_Car_ws/install/rosidl_typesupport_microxrcedds_test_msg/lib:/root/ros_ws/src/Rescue_Car_ws/install/rmw_microxrcedds/lib:/root/ros_ws/src/Rescue_Car_ws/install/rosidl_typesupport_microxrcedds_cpp/lib:/root/ros_ws/src/Rescue_Car_ws/install/rosidl_typesupport_microxrcedds_c/lib:/root/ros_ws/src/Rescue_Car_ws/install/rosgraph_msgs/lib:/root/ros_ws/src/Rescue_Car_ws/install/rclc_parameter/lib:/root/ros_ws/src/Rescue_Car_ws/install/rclc/lib:/root/ros_ws/src/Rescue_Car_ws/install/composition_interfaces/lib:/root/ros_ws/src/Rescue_Car_ws/install/rcl_interfaces/lib:/root/ros_ws/src/Rescue_Car_ws/install/micro_ros_utilities/lib:/root/ros_ws/src/Rescue_Car_ws/install/micro_ros_agent/lib:/root/ros_ws/src/Rescue_Car_ws/install/micro_ros_msgs/lib:/root/ros_ws/src/Rescue_Car_ws/install/lifecycle_msgs/lib:/root/ros_ws/src/Rescue_Car_ws/install/complex_msgs/lib:/usr/lib/x86_64-linux-gnu/gazebo-11/plugins:/opt/ros/humble/opt/rviz_ogre_vendor/lib:/opt/ros/humble/lib/x86_64-linux-gnu:/opt/ros/humble/lib /usr/bin/cmake --install /root/ros_ws/src/Rescue_Car_ws/build/complex_msgs
[1.565s] DEBUG:colcon.colcon_core.event_handler.log_command:Invoked command in '/root/ros_ws/src/Rescue_Car_ws/build/statistics_msgs' returned '0': CMAKE_PREFIX_PATH=/root/ros_ws/src/Rescue_Car_ws/install/builtin_interfaces:/root/ros_ws/src/Rescue_Car_ws/install/micro_ros_demos_rclc:/root/ros_ws/src/Rescue_Car_ws/install/common_interfaces:/root/ros_ws/src/Rescue_Car_ws/install/visualization_msgs:/root/ros_ws/src/Rescue_Car_ws/install/test_msgs:/root/ros_ws/src/Rescue_Car_ws/install/example_interfaces:/root/ros_ws/src/Rescue_Car_ws/install/action_msgs:/root/ros_ws/src/Rescue_Car_ws/install/unique_identifier_msgs:/root/ros_ws/src/Rescue_Car_ws/install/trajectory_msgs:/root/ros_ws/src/Rescue_Car_ws/install/stereo_msgs:/root/ros_ws/src/Rescue_Car_ws/install/std_srvs:/root/ros_ws/src/Rescue_Car_ws/install/shape_msgs:/root/ros_ws/src/Rescue_Car_ws/install/sensor_msgs:/root/ros_ws/src/Rescue_Car_ws/install/nav_msgs:/root/ros_ws/src/Rescue_Car_ws/install/diagnostic_msgs:/root/ros_ws/src/Rescue_Car_ws/install/geometry_msgs:/root/ros_ws/src/Rescue_Car_ws/install/actionlib_msgs:/root/ros_ws/src/Rescue_Car_ws/install/std_msgs:/root/ros_ws/src/Rescue_Car_ws/install/statistics_msgs:/root/ros_ws/src/Rescue_Car_ws/install/rosidl_typesupport_microxrcedds_test_msg:/root/ros_ws/src/Rescue_Car_ws/install/rosidl_typesupport_microxrcedds_cpp_tests:/root/ros_ws/src/Rescue_Car_ws/install/rmw_microxrcedds:/root/ros_ws/src/Rescue_Car_ws/install/rosidl_typesupport_microxrcedds_cpp:/root/ros_ws/src/Rescue_Car_ws/install/rosidl_typesupport_microxrcedds_c_tests:/root/ros_ws/src/Rescue_Car_ws/install/rosidl_typesupport_microxrcedds_c:/root/ros_ws/src/Rescue_Car_ws/install/rosgraph_msgs:/root/ros_ws/src/Rescue_Car_ws/install/rclc_parameter:/root/ros_ws/src/Rescue_Car_ws/install/rclc:/root/ros_ws/src/Rescue_Car_ws/install/composition_interfaces:/root/ros_ws/src/Rescue_Car_ws/install/rcl_interfaces:/root/ros_ws/src/Rescue_Car_ws/install/microxrcedds_client:/root/ros_ws/src/Rescue_Car_ws/install/microcdr:/root/ros_ws/src/Rescue_Car_ws/install/micro_ros_utilities:/root/ros_ws/src/Rescue_Car_ws/install/micro_ros_setup:/root/ros_ws/src/Rescue_Car_ws/install/micro_ros_agent:/root/ros_ws/src/Rescue_Car_ws/install/micro_ros_msgs:/root/ros_ws/src/Rescue_Car_ws/install/lifecycle_msgs:/root/ros_ws/src/Rescue_Car_ws/install/complex_msgs:/root/ros_ws/src/Rescue_Car_ws/install/car:/root/ros_ws/src/Rescue_Car_ws/install/sensor_msgs_py:/opt/ros/humble LD_LIBRARY_PATH=/root/ros_ws/src/Rescue_Car_ws/install/builtin_interfaces/lib:/root/ros_ws/src/Rescue_Car_ws/install/visualization_msgs/lib:/root/ros_ws/src/Rescue_Car_ws/install/test_msgs/lib:/root/ros_ws/src/Rescue_Car_ws/install/example_interfaces/lib:/root/ros_ws/src/Rescue_Car_ws/install/action_msgs/lib:/root/ros_ws/src/Rescue_Car_ws/install/unique_identifier_msgs/lib:/root/ros_ws/src/Rescue_Car_ws/install/trajectory_msgs/lib:/root/ros_ws/src/Rescue_Car_ws/install/stereo_msgs/lib:/root/ros_ws/src/Rescue_Car_ws/install/std_srvs/lib:/root/ros_ws/src/Rescue_Car_ws/install/shape_msgs/lib:/root/ros_ws/src/Rescue_Car_ws/install/sensor_msgs/lib:/root/ros_ws/src/Rescue_Car_ws/install/nav_msgs/lib:/root/ros_ws/src/Rescue_Car_ws/install/diagnostic_msgs/lib:/root/ros_ws/src/Rescue_Car_ws/install/geometry_msgs/lib:/root/ros_ws/src/Rescue_Car_ws/install/actionlib_msgs/lib:/root/ros_ws/src/Rescue_Car_ws/install/std_msgs/lib:/root/ros_ws/src/Rescue_Car_ws/install/statistics_msgs/lib:/root/ros_ws/src/Rescue_Car_ws/install/rosidl_typesupport_microxrcedds_test_msg/lib:/root/ros_ws/src/Rescue_Car_ws/install/rmw_microxrcedds/lib:/root/ros_ws/src/Rescue_Car_ws/install/rosidl_typesupport_microxrcedds_cpp/lib:/root/ros_ws/src/Rescue_Car_ws/install/rosidl_typesupport_microxrcedds_c/lib:/root/ros_ws/src/Rescue_Car_ws/install/rosgraph_msgs/lib:/root/ros_ws/src/Rescue_Car_ws/install/rclc_parameter/lib:/root/ros_ws/src/Rescue_Car_ws/install/rclc/lib:/root/ros_ws/src/Rescue_Car_ws/install/composition_interfaces/lib:/root/ros_ws/src/Rescue_Car_ws/install/rcl_interfaces/lib:/root/ros_ws/src/Rescue_Car_ws/install/micro_ros_utilities/lib:/root/ros_ws/src/Rescue_Car_ws/install/micro_ros_agent/lib:/root/ros_ws/src/Rescue_Car_ws/install/micro_ros_msgs/lib:/root/ros_ws/src/Rescue_Car_ws/install/lifecycle_msgs/lib:/root/ros_ws/src/Rescue_Car_ws/install/complex_msgs/lib:/usr/lib/x86_64-linux-gnu/gazebo-11/plugins:/opt/ros/humble/opt/rviz_ogre_vendor/lib:/opt/ros/humble/lib/x86_64-linux-gnu:/opt/ros/humble/lib /usr/bin/cmake --build /root/ros_ws/src/Rescue_Car_ws/build/statistics_msgs -- -j20 -l20
[1.567s] DEBUG:colcon.colcon_core.event_handler.log_command:Invoking command in '/root/ros_ws/src/Rescue_Car_ws/build/statistics_msgs': CMAKE_PREFIX_PATH=/root/ros_ws/src/Rescue_Car_ws/install/builtin_interfaces:/root/ros_ws/src/Rescue_Car_ws/install/micro_ros_demos_rclc:/root/ros_ws/src/Rescue_Car_ws/install/common_interfaces:/root/ros_ws/src/Rescue_Car_ws/install/visualization_msgs:/root/ros_ws/src/Rescue_Car_ws/install/test_msgs:/root/ros_ws/src/Rescue_Car_ws/install/example_interfaces:/root/ros_ws/src/Rescue_Car_ws/install/action_msgs:/root/ros_ws/src/Rescue_Car_ws/install/unique_identifier_msgs:/root/ros_ws/src/Rescue_Car_ws/install/trajectory_msgs:/root/ros_ws/src/Rescue_Car_ws/install/stereo_msgs:/root/ros_ws/src/Rescue_Car_ws/install/std_srvs:/root/ros_ws/src/Rescue_Car_ws/install/shape_msgs:/root/ros_ws/src/Rescue_Car_ws/install/sensor_msgs:/root/ros_ws/src/Rescue_Car_ws/install/nav_msgs:/root/ros_ws/src/Rescue_Car_ws/install/diagnostic_msgs:/root/ros_ws/src/Rescue_Car_ws/install/geometry_msgs:/root/ros_ws/src/Rescue_Car_ws/install/actionlib_msgs:/root/ros_ws/src/Rescue_Car_ws/install/std_msgs:/root/ros_ws/src/Rescue_Car_ws/install/statistics_msgs:/root/ros_ws/src/Rescue_Car_ws/install/rosidl_typesupport_microxrcedds_test_msg:/root/ros_ws/src/Rescue_Car_ws/install/rosidl_typesupport_microxrcedds_cpp_tests:/root/ros_ws/src/Rescue_Car_ws/install/rmw_microxrcedds:/root/ros_ws/src/Rescue_Car_ws/install/rosidl_typesupport_microxrcedds_cpp:/root/ros_ws/src/Rescue_Car_ws/install/rosidl_typesupport_microxrcedds_c_tests:/root/ros_ws/src/Rescue_Car_ws/install/rosidl_typesupport_microxrcedds_c:/root/ros_ws/src/Rescue_Car_ws/install/rosgraph_msgs:/root/ros_ws/src/Rescue_Car_ws/install/rclc_parameter:/root/ros_ws/src/Rescue_Car_ws/install/rclc:/root/ros_ws/src/Rescue_Car_ws/install/composition_interfaces:/root/ros_ws/src/Rescue_Car_ws/install/rcl_interfaces:/root/ros_ws/src/Rescue_Car_ws/install/microxrcedds_client:/root/ros_ws/src/Rescue_Car_ws/install/microcdr:/root/ros_ws/src/Rescue_Car_ws/install/micro_ros_utilities:/root/ros_ws/src/Rescue_Car_ws/install/micro_ros_setup:/root/ros_ws/src/Rescue_Car_ws/install/micro_ros_agent:/root/ros_ws/src/Rescue_Car_ws/install/micro_ros_msgs:/root/ros_ws/src/Rescue_Car_ws/install/lifecycle_msgs:/root/ros_ws/src/Rescue_Car_ws/install/complex_msgs:/root/ros_ws/src/Rescue_Car_ws/install/car:/root/ros_ws/src/Rescue_Car_ws/install/sensor_msgs_py:/opt/ros/humble LD_LIBRARY_PATH=/root/ros_ws/src/Rescue_Car_ws/install/builtin_interfaces/lib:/root/ros_ws/src/Rescue_Car_ws/install/visualization_msgs/lib:/root/ros_ws/src/Rescue_Car_ws/install/test_msgs/lib:/root/ros_ws/src/Rescue_Car_ws/install/example_interfaces/lib:/root/ros_ws/src/Rescue_Car_ws/install/action_msgs/lib:/root/ros_ws/src/Rescue_Car_ws/install/unique_identifier_msgs/lib:/root/ros_ws/src/Rescue_Car_ws/install/trajectory_msgs/lib:/root/ros_ws/src/Rescue_Car_ws/install/stereo_msgs/lib:/root/ros_ws/src/Rescue_Car_ws/install/std_srvs/lib:/root/ros_ws/src/Rescue_Car_ws/install/shape_msgs/lib:/root/ros_ws/src/Rescue_Car_ws/install/sensor_msgs/lib:/root/ros_ws/src/Rescue_Car_ws/install/nav_msgs/lib:/root/ros_ws/src/Rescue_Car_ws/install/diagnostic_msgs/lib:/root/ros_ws/src/Rescue_Car_ws/install/geometry_msgs/lib:/root/ros_ws/src/Rescue_Car_ws/install/actionlib_msgs/lib:/root/ros_ws/src/Rescue_Car_ws/install/std_msgs/lib:/root/ros_ws/src/Rescue_Car_ws/install/statistics_msgs/lib:/root/ros_ws/src/Rescue_Car_ws/install/rosidl_typesupport_microxrcedds_test_msg/lib:/root/ros_ws/src/Rescue_Car_ws/install/rmw_microxrcedds/lib:/root/ros_ws/src/Rescue_Car_ws/install/rosidl_typesupport_microxrcedds_cpp/lib:/root/ros_ws/src/Rescue_Car_ws/install/rosidl_typesupport_microxrcedds_c/lib:/root/ros_ws/src/Rescue_Car_ws/install/rosgraph_msgs/lib:/root/ros_ws/src/Rescue_Car_ws/install/rclc_parameter/lib:/root/ros_ws/src/Rescue_Car_ws/install/rclc/lib:/root/ros_ws/src/Rescue_Car_ws/install/composition_interfaces/lib:/root/ros_ws/src/Rescue_Car_ws/install/rcl_interfaces/lib:/root/ros_ws/src/Rescue_Car_ws/install/micro_ros_utilities/lib:/root/ros_ws/src/Rescue_Car_ws/install/micro_ros_agent/lib:/root/ros_ws/src/Rescue_Car_ws/install/micro_ros_msgs/lib:/root/ros_ws/src/Rescue_Car_ws/install/lifecycle_msgs/lib:/root/ros_ws/src/Rescue_Car_ws/install/complex_msgs/lib:/usr/lib/x86_64-linux-gnu/gazebo-11/plugins:/opt/ros/humble/opt/rviz_ogre_vendor/lib:/opt/ros/humble/lib/x86_64-linux-gnu:/opt/ros/humble/lib /usr/bin/cmake --install /root/ros_ws/src/Rescue_Car_ws/build/statistics_msgs
[1.580s] DEBUG:colcon.colcon_core.event_handler.log_command:Invoked command in '/root/ros_ws/src/Rescue_Car_ws/build/rcl_interfaces' returned '0': CMAKE_PREFIX_PATH=/root/ros_ws/src/Rescue_Car_ws/install/builtin_interfaces:/root/ros_ws/src/Rescue_Car_ws/install/micro_ros_demos_rclc:/root/ros_ws/src/Rescue_Car_ws/install/common_interfaces:/root/ros_ws/src/Rescue_Car_ws/install/visualization_msgs:/root/ros_ws/src/Rescue_Car_ws/install/test_msgs:/root/ros_ws/src/Rescue_Car_ws/install/example_interfaces:/root/ros_ws/src/Rescue_Car_ws/install/action_msgs:/root/ros_ws/src/Rescue_Car_ws/install/unique_identifier_msgs:/root/ros_ws/src/Rescue_Car_ws/install/trajectory_msgs:/root/ros_ws/src/Rescue_Car_ws/install/stereo_msgs:/root/ros_ws/src/Rescue_Car_ws/install/std_srvs:/root/ros_ws/src/Rescue_Car_ws/install/shape_msgs:/root/ros_ws/src/Rescue_Car_ws/install/sensor_msgs:/root/ros_ws/src/Rescue_Car_ws/install/nav_msgs:/root/ros_ws/src/Rescue_Car_ws/install/diagnostic_msgs:/root/ros_ws/src/Rescue_Car_ws/install/geometry_msgs:/root/ros_ws/src/Rescue_Car_ws/install/actionlib_msgs:/root/ros_ws/src/Rescue_Car_ws/install/std_msgs:/root/ros_ws/src/Rescue_Car_ws/install/statistics_msgs:/root/ros_ws/src/Rescue_Car_ws/install/rosidl_typesupport_microxrcedds_test_msg:/root/ros_ws/src/Rescue_Car_ws/install/rosidl_typesupport_microxrcedds_cpp_tests:/root/ros_ws/src/Rescue_Car_ws/install/rmw_microxrcedds:/root/ros_ws/src/Rescue_Car_ws/install/rosidl_typesupport_microxrcedds_cpp:/root/ros_ws/src/Rescue_Car_ws/install/rosidl_typesupport_microxrcedds_c_tests:/root/ros_ws/src/Rescue_Car_ws/install/rosidl_typesupport_microxrcedds_c:/root/ros_ws/src/Rescue_Car_ws/install/rosgraph_msgs:/root/ros_ws/src/Rescue_Car_ws/install/rclc_parameter:/root/ros_ws/src/Rescue_Car_ws/install/rclc:/root/ros_ws/src/Rescue_Car_ws/install/composition_interfaces:/root/ros_ws/src/Rescue_Car_ws/install/rcl_interfaces:/root/ros_ws/src/Rescue_Car_ws/install/microxrcedds_client:/root/ros_ws/src/Rescue_Car_ws/install/microcdr:/root/ros_ws/src/Rescue_Car_ws/install/micro_ros_utilities:/root/ros_ws/src/Rescue_Car_ws/install/micro_ros_setup:/root/ros_ws/src/Rescue_Car_ws/install/micro_ros_agent:/root/ros_ws/src/Rescue_Car_ws/install/micro_ros_msgs:/root/ros_ws/src/Rescue_Car_ws/install/lifecycle_msgs:/root/ros_ws/src/Rescue_Car_ws/install/complex_msgs:/root/ros_ws/src/Rescue_Car_ws/install/car:/root/ros_ws/src/Rescue_Car_ws/install/sensor_msgs_py:/opt/ros/humble LD_LIBRARY_PATH=/root/ros_ws/src/Rescue_Car_ws/install/builtin_interfaces/lib:/root/ros_ws/src/Rescue_Car_ws/install/visualization_msgs/lib:/root/ros_ws/src/Rescue_Car_ws/install/test_msgs/lib:/root/ros_ws/src/Rescue_Car_ws/install/example_interfaces/lib:/root/ros_ws/src/Rescue_Car_ws/install/action_msgs/lib:/root/ros_ws/src/Rescue_Car_ws/install/unique_identifier_msgs/lib:/root/ros_ws/src/Rescue_Car_ws/install/trajectory_msgs/lib:/root/ros_ws/src/Rescue_Car_ws/install/stereo_msgs/lib:/root/ros_ws/src/Rescue_Car_ws/install/std_srvs/lib:/root/ros_ws/src/Rescue_Car_ws/install/shape_msgs/lib:/root/ros_ws/src/Rescue_Car_ws/install/sensor_msgs/lib:/root/ros_ws/src/Rescue_Car_ws/install/nav_msgs/lib:/root/ros_ws/src/Rescue_Car_ws/install/diagnostic_msgs/lib:/root/ros_ws/src/Rescue_Car_ws/install/geometry_msgs/lib:/root/ros_ws/src/Rescue_Car_ws/install/actionlib_msgs/lib:/root/ros_ws/src/Rescue_Car_ws/install/std_msgs/lib:/root/ros_ws/src/Rescue_Car_ws/install/statistics_msgs/lib:/root/ros_ws/src/Rescue_Car_ws/install/rosidl_typesupport_microxrcedds_test_msg/lib:/root/ros_ws/src/Rescue_Car_ws/install/rmw_microxrcedds/lib:/root/ros_ws/src/Rescue_Car_ws/install/rosidl_typesupport_microxrcedds_cpp/lib:/root/ros_ws/src/Rescue_Car_ws/install/rosidl_typesupport_microxrcedds_c/lib:/root/ros_ws/src/Rescue_Car_ws/install/rosgraph_msgs/lib:/root/ros_ws/src/Rescue_Car_ws/install/rclc_parameter/lib:/root/ros_ws/src/Rescue_Car_ws/install/rclc/lib:/root/ros_ws/src/Rescue_Car_ws/install/composition_interfaces/lib:/root/ros_ws/src/Rescue_Car_ws/install/rcl_interfaces/lib:/root/ros_ws/src/Rescue_Car_ws/install/micro_ros_utilities/lib:/root/ros_ws/src/Rescue_Car_ws/install/micro_ros_agent/lib:/root/ros_ws/src/Rescue_Car_ws/install/micro_ros_msgs/lib:/root/ros_ws/src/Rescue_Car_ws/install/lifecycle_msgs/lib:/root/ros_ws/src/Rescue_Car_ws/install/complex_msgs/lib:/usr/lib/x86_64-linux-gnu/gazebo-11/plugins:/opt/ros/humble/opt/rviz_ogre_vendor/lib:/opt/ros/humble/lib/x86_64-linux-gnu:/opt/ros/humble/lib /usr/bin/cmake --build /root/ros_ws/src/Rescue_Car_ws/build/rcl_interfaces -- -j20 -l20
[1.600s] DEBUG:colcon.colcon_core.event_handler.log_command:Invoking command in '/root/ros_ws/src/Rescue_Car_ws/build/rcl_interfaces': CMAKE_PREFIX_PATH=/root/ros_ws/src/Rescue_Car_ws/install/builtin_interfaces:/root/ros_ws/src/Rescue_Car_ws/install/micro_ros_demos_rclc:/root/ros_ws/src/Rescue_Car_ws/install/common_interfaces:/root/ros_ws/src/Rescue_Car_ws/install/visualization_msgs:/root/ros_ws/src/Rescue_Car_ws/install/test_msgs:/root/ros_ws/src/Rescue_Car_ws/install/example_interfaces:/root/ros_ws/src/Rescue_Car_ws/install/action_msgs:/root/ros_ws/src/Rescue_Car_ws/install/unique_identifier_msgs:/root/ros_ws/src/Rescue_Car_ws/install/trajectory_msgs:/root/ros_ws/src/Rescue_Car_ws/install/stereo_msgs:/root/ros_ws/src/Rescue_Car_ws/install/std_srvs:/root/ros_ws/src/Rescue_Car_ws/install/shape_msgs:/root/ros_ws/src/Rescue_Car_ws/install/sensor_msgs:/root/ros_ws/src/Rescue_Car_ws/install/nav_msgs:/root/ros_ws/src/Rescue_Car_ws/install/diagnostic_msgs:/root/ros_ws/src/Rescue_Car_ws/install/geometry_msgs:/root/ros_ws/src/Rescue_Car_ws/install/actionlib_msgs:/root/ros_ws/src/Rescue_Car_ws/install/std_msgs:/root/ros_ws/src/Rescue_Car_ws/install/statistics_msgs:/root/ros_ws/src/Rescue_Car_ws/install/rosidl_typesupport_microxrcedds_test_msg:/root/ros_ws/src/Rescue_Car_ws/install/rosidl_typesupport_microxrcedds_cpp_tests:/root/ros_ws/src/Rescue_Car_ws/install/rmw_microxrcedds:/root/ros_ws/src/Rescue_Car_ws/install/rosidl_typesupport_microxrcedds_cpp:/root/ros_ws/src/Rescue_Car_ws/install/rosidl_typesupport_microxrcedds_c_tests:/root/ros_ws/src/Rescue_Car_ws/install/rosidl_typesupport_microxrcedds_c:/root/ros_ws/src/Rescue_Car_ws/install/rosgraph_msgs:/root/ros_ws/src/Rescue_Car_ws/install/rclc_parameter:/root/ros_ws/src/Rescue_Car_ws/install/rclc:/root/ros_ws/src/Rescue_Car_ws/install/composition_interfaces:/root/ros_ws/src/Rescue_Car_ws/install/rcl_interfaces:/root/ros_ws/src/Rescue_Car_ws/install/microxrcedds_client:/root/ros_ws/src/Rescue_Car_ws/install/microcdr:/root/ros_ws/src/Rescue_Car_ws/install/micro_ros_utilities:/root/ros_ws/src/Rescue_Car_ws/install/micro_ros_setup:/root/ros_ws/src/Rescue_Car_ws/install/micro_ros_agent:/root/ros_ws/src/Rescue_Car_ws/install/micro_ros_msgs:/root/ros_ws/src/Rescue_Car_ws/install/lifecycle_msgs:/root/ros_ws/src/Rescue_Car_ws/install/complex_msgs:/root/ros_ws/src/Rescue_Car_ws/install/car:/root/ros_ws/src/Rescue_Car_ws/install/sensor_msgs_py:/opt/ros/humble LD_LIBRARY_PATH=/root/ros_ws/src/Rescue_Car_ws/install/builtin_interfaces/lib:/root/ros_ws/src/Rescue_Car_ws/install/visualization_msgs/lib:/root/ros_ws/src/Rescue_Car_ws/install/test_msgs/lib:/root/ros_ws/src/Rescue_Car_ws/install/example_interfaces/lib:/root/ros_ws/src/Rescue_Car_ws/install/action_msgs/lib:/root/ros_ws/src/Rescue_Car_ws/install/unique_identifier_msgs/lib:/root/ros_ws/src/Rescue_Car_ws/install/trajectory_msgs/lib:/root/ros_ws/src/Rescue_Car_ws/install/stereo_msgs/lib:/root/ros_ws/src/Rescue_Car_ws/install/std_srvs/lib:/root/ros_ws/src/Rescue_Car_ws/install/shape_msgs/lib:/root/ros_ws/src/Rescue_Car_ws/install/sensor_msgs/lib:/root/ros_ws/src/Rescue_Car_ws/install/nav_msgs/lib:/root/ros_ws/src/Rescue_Car_ws/install/diagnostic_msgs/lib:/root/ros_ws/src/Rescue_Car_ws/install/geometry_msgs/lib:/root/ros_ws/src/Rescue_Car_ws/install/actionlib_msgs/lib:/root/ros_ws/src/Rescue_Car_ws/install/std_msgs/lib:/root/ros_ws/src/Rescue_Car_ws/install/statistics_msgs/lib:/root/ros_ws/src/Rescue_Car_ws/install/rosidl_typesupport_microxrcedds_test_msg/lib:/root/ros_ws/src/Rescue_Car_ws/install/rmw_microxrcedds/lib:/root/ros_ws/src/Rescue_Car_ws/install/rosidl_typesupport_microxrcedds_cpp/lib:/root/ros_ws/src/Rescue_Car_ws/install/rosidl_typesupport_microxrcedds_c/lib:/root/ros_ws/src/Rescue_Car_ws/install/rosgraph_msgs/lib:/root/ros_ws/src/Rescue_Car_ws/install/rclc_parameter/lib:/root/ros_ws/src/Rescue_Car_ws/install/rclc/lib:/root/ros_ws/src/Rescue_Car_ws/install/composition_interfaces/lib:/root/ros_ws/src/Rescue_Car_ws/install/rcl_interfaces/lib:/root/ros_ws/src/Rescue_Car_ws/install/micro_ros_utilities/lib:/root/ros_ws/src/Rescue_Car_ws/install/micro_ros_agent/lib:/root/ros_ws/src/Rescue_Car_ws/install/micro_ros_msgs/lib:/root/ros_ws/src/Rescue_Car_ws/install/lifecycle_msgs/lib:/root/ros_ws/src/Rescue_Car_ws/install/complex_msgs/lib:/usr/lib/x86_64-linux-gnu/gazebo-11/plugins:/opt/ros/humble/opt/rviz_ogre_vendor/lib:/opt/ros/humble/lib/x86_64-linux-gnu:/opt/ros/humble/lib /usr/bin/cmake --install /root/ros_ws/src/Rescue_Car_ws/build/rcl_interfaces
[1.607s] DEBUG:colcon.colcon_core.event_handler.log_command:Invoked command in '/root/ros_ws/src/Rescue_Car_ws/build/rosgraph_msgs' returned '0': CMAKE_PREFIX_PATH=/root/ros_ws/src/Rescue_Car_ws/install/builtin_interfaces:/root/ros_ws/src/Rescue_Car_ws/install/micro_ros_demos_rclc:/root/ros_ws/src/Rescue_Car_ws/install/common_interfaces:/root/ros_ws/src/Rescue_Car_ws/install/visualization_msgs:/root/ros_ws/src/Rescue_Car_ws/install/test_msgs:/root/ros_ws/src/Rescue_Car_ws/install/example_interfaces:/root/ros_ws/src/Rescue_Car_ws/install/action_msgs:/root/ros_ws/src/Rescue_Car_ws/install/unique_identifier_msgs:/root/ros_ws/src/Rescue_Car_ws/install/trajectory_msgs:/root/ros_ws/src/Rescue_Car_ws/install/stereo_msgs:/root/ros_ws/src/Rescue_Car_ws/install/std_srvs:/root/ros_ws/src/Rescue_Car_ws/install/shape_msgs:/root/ros_ws/src/Rescue_Car_ws/install/sensor_msgs:/root/ros_ws/src/Rescue_Car_ws/install/nav_msgs:/root/ros_ws/src/Rescue_Car_ws/install/diagnostic_msgs:/root/ros_ws/src/Rescue_Car_ws/install/geometry_msgs:/root/ros_ws/src/Rescue_Car_ws/install/actionlib_msgs:/root/ros_ws/src/Rescue_Car_ws/install/std_msgs:/root/ros_ws/src/Rescue_Car_ws/install/statistics_msgs:/root/ros_ws/src/Rescue_Car_ws/install/rosidl_typesupport_microxrcedds_test_msg:/root/ros_ws/src/Rescue_Car_ws/install/rosidl_typesupport_microxrcedds_cpp_tests:/root/ros_ws/src/Rescue_Car_ws/install/rmw_microxrcedds:/root/ros_ws/src/Rescue_Car_ws/install/rosidl_typesupport_microxrcedds_cpp:/root/ros_ws/src/Rescue_Car_ws/install/rosidl_typesupport_microxrcedds_c_tests:/root/ros_ws/src/Rescue_Car_ws/install/rosidl_typesupport_microxrcedds_c:/root/ros_ws/src/Rescue_Car_ws/install/rosgraph_msgs:/root/ros_ws/src/Rescue_Car_ws/install/rclc_parameter:/root/ros_ws/src/Rescue_Car_ws/install/rclc:/root/ros_ws/src/Rescue_Car_ws/install/composition_interfaces:/root/ros_ws/src/Rescue_Car_ws/install/rcl_interfaces:/root/ros_ws/src/Rescue_Car_ws/install/microxrcedds_client:/root/ros_ws/src/Rescue_Car_ws/install/microcdr:/root/ros_ws/src/Rescue_Car_ws/install/micro_ros_utilities:/root/ros_ws/src/Rescue_Car_ws/install/micro_ros_setup:/root/ros_ws/src/Rescue_Car_ws/install/micro_ros_agent:/root/ros_ws/src/Rescue_Car_ws/install/micro_ros_msgs:/root/ros_ws/src/Rescue_Car_ws/install/lifecycle_msgs:/root/ros_ws/src/Rescue_Car_ws/install/complex_msgs:/root/ros_ws/src/Rescue_Car_ws/install/car:/root/ros_ws/src/Rescue_Car_ws/install/sensor_msgs_py:/opt/ros/humble LD_LIBRARY_PATH=/root/ros_ws/src/Rescue_Car_ws/install/builtin_interfaces/lib:/root/ros_ws/src/Rescue_Car_ws/install/visualization_msgs/lib:/root/ros_ws/src/Rescue_Car_ws/install/test_msgs/lib:/root/ros_ws/src/Rescue_Car_ws/install/example_interfaces/lib:/root/ros_ws/src/Rescue_Car_ws/install/action_msgs/lib:/root/ros_ws/src/Rescue_Car_ws/install/unique_identifier_msgs/lib:/root/ros_ws/src/Rescue_Car_ws/install/trajectory_msgs/lib:/root/ros_ws/src/Rescue_Car_ws/install/stereo_msgs/lib:/root/ros_ws/src/Rescue_Car_ws/install/std_srvs/lib:/root/ros_ws/src/Rescue_Car_ws/install/shape_msgs/lib:/root/ros_ws/src/Rescue_Car_ws/install/sensor_msgs/lib:/root/ros_ws/src/Rescue_Car_ws/install/nav_msgs/lib:/root/ros_ws/src/Rescue_Car_ws/install/diagnostic_msgs/lib:/root/ros_ws/src/Rescue_Car_ws/install/geometry_msgs/lib:/root/ros_ws/src/Rescue_Car_ws/install/actionlib_msgs/lib:/root/ros_ws/src/Rescue_Car_ws/install/std_msgs/lib:/root/ros_ws/src/Rescue_Car_ws/install/statistics_msgs/lib:/root/ros_ws/src/Rescue_Car_ws/install/rosidl_typesupport_microxrcedds_test_msg/lib:/root/ros_ws/src/Rescue_Car_ws/install/rmw_microxrcedds/lib:/root/ros_ws/src/Rescue_Car_ws/install/rosidl_typesupport_microxrcedds_cpp/lib:/root/ros_ws/src/Rescue_Car_ws/install/rosidl_typesupport_microxrcedds_c/lib:/root/ros_ws/src/Rescue_Car_ws/install/rosgraph_msgs/lib:/root/ros_ws/src/Rescue_Car_ws/install/rclc_parameter/lib:/root/ros_ws/src/Rescue_Car_ws/install/rclc/lib:/root/ros_ws/src/Rescue_Car_ws/install/composition_interfaces/lib:/root/ros_ws/src/Rescue_Car_ws/install/rcl_interfaces/lib:/root/ros_ws/src/Rescue_Car_ws/install/micro_ros_utilities/lib:/root/ros_ws/src/Rescue_Car_ws/install/micro_ros_agent/lib:/root/ros_ws/src/Rescue_Car_ws/install/micro_ros_msgs/lib:/root/ros_ws/src/Rescue_Car_ws/install/lifecycle_msgs/lib:/root/ros_ws/src/Rescue_Car_ws/install/complex_msgs/lib:/usr/lib/x86_64-linux-gnu/gazebo-11/plugins:/opt/ros/humble/opt/rviz_ogre_vendor/lib:/opt/ros/humble/lib/x86_64-linux-gnu:/opt/ros/humble/lib /usr/bin/cmake --build /root/ros_ws/src/Rescue_Car_ws/build/rosgraph_msgs -- -j20 -l20
[1.626s] Level 1:colcon.colcon_core.environment:create_environment_scripts_only(complex_msgs)
[1.626s] Level 1:colcon.colcon_core.environment:checking '/root/ros_ws/src/Rescue_Car_ws/install/complex_msgs' for CMake module files
[1.634s] Level 1:colcon.colcon_core.environment:checking '/root/ros_ws/src/Rescue_Car_ws/install/complex_msgs' for CMake config files
[1.650s] Level 1:colcon.colcon_core.shell:create_environment_hook('complex_msgs', 'cmake_prefix_path')
[1.650s] INFO:colcon.colcon_core.shell:Creating environment hook '/root/ros_ws/src/Rescue_Car_ws/install/complex_msgs/share/complex_msgs/hook/cmake_prefix_path.ps1'
[1.651s] INFO:colcon.colcon_core.shell:Creating environment descriptor '/root/ros_ws/src/Rescue_Car_ws/install/complex_msgs/share/complex_msgs/hook/cmake_prefix_path.dsv'
[1.652s] INFO:colcon.colcon_core.shell:Creating environment hook '/root/ros_ws/src/Rescue_Car_ws/install/complex_msgs/share/complex_msgs/hook/cmake_prefix_path.sh'
[1.655s] Level 1:colcon.colcon_core.environment:checking '/root/ros_ws/src/Rescue_Car_ws/install/complex_msgs/lib'
[1.656s] Level 1:colcon.colcon_core.shell:create_environment_hook('complex_msgs', 'ld_library_path_lib')
[1.656s] INFO:colcon.colcon_core.shell:Creating environment hook '/root/ros_ws/src/Rescue_Car_ws/install/complex_msgs/share/complex_msgs/hook/ld_library_path_lib.ps1'
[1.657s] INFO:colcon.colcon_core.shell:Creating environment descriptor '/root/ros_ws/src/Rescue_Car_ws/install/complex_msgs/share/complex_msgs/hook/ld_library_path_lib.dsv'
[1.658s] INFO:colcon.colcon_core.shell:Creating environment hook '/root/ros_ws/src/Rescue_Car_ws/install/complex_msgs/share/complex_msgs/hook/ld_library_path_lib.sh'
[1.659s] Level 1:colcon.colcon_core.environment:checking '/root/ros_ws/src/Rescue_Car_ws/install/complex_msgs/bin'
[1.659s] Level 1:colcon.colcon_core.environment:checking '/root/ros_ws/src/Rescue_Car_ws/install/complex_msgs/lib/pkgconfig/complex_msgs.pc'
[1.660s] Level 1:colcon.colcon_core.environment:checking '/root/ros_ws/src/Rescue_Car_ws/install/complex_msgs/lib/python3.10/site-packages'
[1.661s] Level 1:colcon.colcon_core.environment:checking '/root/ros_ws/src/Rescue_Car_ws/install/complex_msgs/bin'
[1.662s] INFO:colcon.colcon_core.shell:Creating package script '/root/ros_ws/src/Rescue_Car_ws/install/complex_msgs/share/complex_msgs/package.ps1'
[1.664s] DEBUG:colcon.colcon_core.event_handler.log_command:Invoking command in '/root/ros_ws/src/Rescue_Car_ws/build/rosgraph_msgs': CMAKE_PREFIX_PATH=/root/ros_ws/src/Rescue_Car_ws/install/builtin_interfaces:/root/ros_ws/src/Rescue_Car_ws/install/micro_ros_demos_rclc:/root/ros_ws/src/Rescue_Car_ws/install/common_interfaces:/root/ros_ws/src/Rescue_Car_ws/install/visualization_msgs:/root/ros_ws/src/Rescue_Car_ws/install/test_msgs:/root/ros_ws/src/Rescue_Car_ws/install/example_interfaces:/root/ros_ws/src/Rescue_Car_ws/install/action_msgs:/root/ros_ws/src/Rescue_Car_ws/install/unique_identifier_msgs:/root/ros_ws/src/Rescue_Car_ws/install/trajectory_msgs:/root/ros_ws/src/Rescue_Car_ws/install/stereo_msgs:/root/ros_ws/src/Rescue_Car_ws/install/std_srvs:/root/ros_ws/src/Rescue_Car_ws/install/shape_msgs:/root/ros_ws/src/Rescue_Car_ws/install/sensor_msgs:/root/ros_ws/src/Rescue_Car_ws/install/nav_msgs:/root/ros_ws/src/Rescue_Car_ws/install/diagnostic_msgs:/root/ros_ws/src/Rescue_Car_ws/install/geometry_msgs:/root/ros_ws/src/Rescue_Car_ws/install/actionlib_msgs:/root/ros_ws/src/Rescue_Car_ws/install/std_msgs:/root/ros_ws/src/Rescue_Car_ws/install/statistics_msgs:/root/ros_ws/src/Rescue_Car_ws/install/rosidl_typesupport_microxrcedds_test_msg:/root/ros_ws/src/Rescue_Car_ws/install/rosidl_typesupport_microxrcedds_cpp_tests:/root/ros_ws/src/Rescue_Car_ws/install/rmw_microxrcedds:/root/ros_ws/src/Rescue_Car_ws/install/rosidl_typesupport_microxrcedds_cpp:/root/ros_ws/src/Rescue_Car_ws/install/rosidl_typesupport_microxrcedds_c_tests:/root/ros_ws/src/Rescue_Car_ws/install/rosidl_typesupport_microxrcedds_c:/root/ros_ws/src/Rescue_Car_ws/install/rosgraph_msgs:/root/ros_ws/src/Rescue_Car_ws/install/rclc_parameter:/root/ros_ws/src/Rescue_Car_ws/install/rclc:/root/ros_ws/src/Rescue_Car_ws/install/composition_interfaces:/root/ros_ws/src/Rescue_Car_ws/install/rcl_interfaces:/root/ros_ws/src/Rescue_Car_ws/install/microxrcedds_client:/root/ros_ws/src/Rescue_Car_ws/install/microcdr:/root/ros_ws/src/Rescue_Car_ws/install/micro_ros_utilities:/root/ros_ws/src/Rescue_Car_ws/install/micro_ros_setup:/root/ros_ws/src/Rescue_Car_ws/install/micro_ros_agent:/root/ros_ws/src/Rescue_Car_ws/install/micro_ros_msgs:/root/ros_ws/src/Rescue_Car_ws/install/lifecycle_msgs:/root/ros_ws/src/Rescue_Car_ws/install/complex_msgs:/root/ros_ws/src/Rescue_Car_ws/install/car:/root/ros_ws/src/Rescue_Car_ws/install/sensor_msgs_py:/opt/ros/humble LD_LIBRARY_PATH=/root/ros_ws/src/Rescue_Car_ws/install/builtin_interfaces/lib:/root/ros_ws/src/Rescue_Car_ws/install/visualization_msgs/lib:/root/ros_ws/src/Rescue_Car_ws/install/test_msgs/lib:/root/ros_ws/src/Rescue_Car_ws/install/example_interfaces/lib:/root/ros_ws/src/Rescue_Car_ws/install/action_msgs/lib:/root/ros_ws/src/Rescue_Car_ws/install/unique_identifier_msgs/lib:/root/ros_ws/src/Rescue_Car_ws/install/trajectory_msgs/lib:/root/ros_ws/src/Rescue_Car_ws/install/stereo_msgs/lib:/root/ros_ws/src/Rescue_Car_ws/install/std_srvs/lib:/root/ros_ws/src/Rescue_Car_ws/install/shape_msgs/lib:/root/ros_ws/src/Rescue_Car_ws/install/sensor_msgs/lib:/root/ros_ws/src/Rescue_Car_ws/install/nav_msgs/lib:/root/ros_ws/src/Rescue_Car_ws/install/diagnostic_msgs/lib:/root/ros_ws/src/Rescue_Car_ws/install/geometry_msgs/lib:/root/ros_ws/src/Rescue_Car_ws/install/actionlib_msgs/lib:/root/ros_ws/src/Rescue_Car_ws/install/std_msgs/lib:/root/ros_ws/src/Rescue_Car_ws/install/statistics_msgs/lib:/root/ros_ws/src/Rescue_Car_ws/install/rosidl_typesupport_microxrcedds_test_msg/lib:/root/ros_ws/src/Rescue_Car_ws/install/rmw_microxrcedds/lib:/root/ros_ws/src/Rescue_Car_ws/install/rosidl_typesupport_microxrcedds_cpp/lib:/root/ros_ws/src/Rescue_Car_ws/install/rosidl_typesupport_microxrcedds_c/lib:/root/ros_ws/src/Rescue_Car_ws/install/rosgraph_msgs/lib:/root/ros_ws/src/Rescue_Car_ws/install/rclc_parameter/lib:/root/ros_ws/src/Rescue_Car_ws/install/rclc/lib:/root/ros_ws/src/Rescue_Car_ws/install/composition_interfaces/lib:/root/ros_ws/src/Rescue_Car_ws/install/rcl_interfaces/lib:/root/ros_ws/src/Rescue_Car_ws/install/micro_ros_utilities/lib:/root/ros_ws/src/Rescue_Car_ws/install/micro_ros_agent/lib:/root/ros_ws/src/Rescue_Car_ws/install/micro_ros_msgs/lib:/root/ros_ws/src/Rescue_Car_ws/install/lifecycle_msgs/lib:/root/ros_ws/src/Rescue_Car_ws/install/complex_msgs/lib:/usr/lib/x86_64-linux-gnu/gazebo-11/plugins:/opt/ros/humble/opt/rviz_ogre_vendor/lib:/opt/ros/humble/lib/x86_64-linux-gnu:/opt/ros/humble/lib /usr/bin/cmake --install /root/ros_ws/src/Rescue_Car_ws/build/rosgraph_msgs
[1.665s] INFO:colcon.colcon_core.shell:Creating package descriptor '/root/ros_ws/src/Rescue_Car_ws/install/complex_msgs/share/complex_msgs/package.dsv'
[1.669s] INFO:colcon.colcon_core.shell:Creating package script '/root/ros_ws/src/Rescue_Car_ws/install/complex_msgs/share/complex_msgs/package.sh'
[1.672s] INFO:colcon.colcon_core.shell:Creating package script '/root/ros_ws/src/Rescue_Car_ws/install/complex_msgs/share/complex_msgs/package.bash'
[1.674s] INFO:colcon.colcon_core.shell:Creating package script '/root/ros_ws/src/Rescue_Car_ws/install/complex_msgs/share/complex_msgs/package.zsh'
[1.676s] Level 1:colcon.colcon_core.environment:create_file_with_runtime_dependencies(/root/ros_ws/src/Rescue_Car_ws/install/complex_msgs/share/colcon-core/packages/complex_msgs)
[1.679s] Level 1:colcon.colcon_core.environment:create_environment_scripts_only(complex_msgs)
[1.679s] Level 1:colcon.colcon_core.environment:checking '/root/ros_ws/src/Rescue_Car_ws/install/complex_msgs' for CMake module files
[1.688s] Level 1:colcon.colcon_core.environment:checking '/root/ros_ws/src/Rescue_Car_ws/install/complex_msgs' for CMake config files
[1.695s] Level 1:colcon.colcon_core.shell:create_environment_hook('complex_msgs', 'cmake_prefix_path')
[1.696s] INFO:colcon.colcon_core.shell:Creating environment hook '/root/ros_ws/src/Rescue_Car_ws/install/complex_msgs/share/complex_msgs/hook/cmake_prefix_path.ps1'
[1.698s] DEBUG:colcon.colcon_core.event_handler.log_command:Invoked command in '/root/ros_ws/src/Rescue_Car_ws/build/std_msgs' returned '0': CMAKE_PREFIX_PATH=/root/ros_ws/src/Rescue_Car_ws/install/builtin_interfaces:/root/ros_ws/src/Rescue_Car_ws/install/micro_ros_demos_rclc:/root/ros_ws/src/Rescue_Car_ws/install/common_interfaces:/root/ros_ws/src/Rescue_Car_ws/install/visualization_msgs:/root/ros_ws/src/Rescue_Car_ws/install/test_msgs:/root/ros_ws/src/Rescue_Car_ws/install/example_interfaces:/root/ros_ws/src/Rescue_Car_ws/install/action_msgs:/root/ros_ws/src/Rescue_Car_ws/install/unique_identifier_msgs:/root/ros_ws/src/Rescue_Car_ws/install/trajectory_msgs:/root/ros_ws/src/Rescue_Car_ws/install/stereo_msgs:/root/ros_ws/src/Rescue_Car_ws/install/std_srvs:/root/ros_ws/src/Rescue_Car_ws/install/shape_msgs:/root/ros_ws/src/Rescue_Car_ws/install/sensor_msgs:/root/ros_ws/src/Rescue_Car_ws/install/nav_msgs:/root/ros_ws/src/Rescue_Car_ws/install/diagnostic_msgs:/root/ros_ws/src/Rescue_Car_ws/install/geometry_msgs:/root/ros_ws/src/Rescue_Car_ws/install/actionlib_msgs:/root/ros_ws/src/Rescue_Car_ws/install/std_msgs:/root/ros_ws/src/Rescue_Car_ws/install/statistics_msgs:/root/ros_ws/src/Rescue_Car_ws/install/rosidl_typesupport_microxrcedds_test_msg:/root/ros_ws/src/Rescue_Car_ws/install/rosidl_typesupport_microxrcedds_cpp_tests:/root/ros_ws/src/Rescue_Car_ws/install/rmw_microxrcedds:/root/ros_ws/src/Rescue_Car_ws/install/rosidl_typesupport_microxrcedds_cpp:/root/ros_ws/src/Rescue_Car_ws/install/rosidl_typesupport_microxrcedds_c_tests:/root/ros_ws/src/Rescue_Car_ws/install/rosidl_typesupport_microxrcedds_c:/root/ros_ws/src/Rescue_Car_ws/install/rosgraph_msgs:/root/ros_ws/src/Rescue_Car_ws/install/rclc_parameter:/root/ros_ws/src/Rescue_Car_ws/install/rclc:/root/ros_ws/src/Rescue_Car_ws/install/composition_interfaces:/root/ros_ws/src/Rescue_Car_ws/install/rcl_interfaces:/root/ros_ws/src/Rescue_Car_ws/install/microxrcedds_client:/root/ros_ws/src/Rescue_Car_ws/install/microcdr:/root/ros_ws/src/Rescue_Car_ws/install/micro_ros_utilities:/root/ros_ws/src/Rescue_Car_ws/install/micro_ros_setup:/root/ros_ws/src/Rescue_Car_ws/install/micro_ros_agent:/root/ros_ws/src/Rescue_Car_ws/install/micro_ros_msgs:/root/ros_ws/src/Rescue_Car_ws/install/lifecycle_msgs:/root/ros_ws/src/Rescue_Car_ws/install/complex_msgs:/root/ros_ws/src/Rescue_Car_ws/install/car:/root/ros_ws/src/Rescue_Car_ws/install/sensor_msgs_py:/opt/ros/humble LD_LIBRARY_PATH=/root/ros_ws/src/Rescue_Car_ws/install/builtin_interfaces/lib:/root/ros_ws/src/Rescue_Car_ws/install/visualization_msgs/lib:/root/ros_ws/src/Rescue_Car_ws/install/test_msgs/lib:/root/ros_ws/src/Rescue_Car_ws/install/example_interfaces/lib:/root/ros_ws/src/Rescue_Car_ws/install/action_msgs/lib:/root/ros_ws/src/Rescue_Car_ws/install/unique_identifier_msgs/lib:/root/ros_ws/src/Rescue_Car_ws/install/trajectory_msgs/lib:/root/ros_ws/src/Rescue_Car_ws/install/stereo_msgs/lib:/root/ros_ws/src/Rescue_Car_ws/install/std_srvs/lib:/root/ros_ws/src/Rescue_Car_ws/install/shape_msgs/lib:/root/ros_ws/src/Rescue_Car_ws/install/sensor_msgs/lib:/root/ros_ws/src/Rescue_Car_ws/install/nav_msgs/lib:/root/ros_ws/src/Rescue_Car_ws/install/diagnostic_msgs/lib:/root/ros_ws/src/Rescue_Car_ws/install/geometry_msgs/lib:/root/ros_ws/src/Rescue_Car_ws/install/actionlib_msgs/lib:/root/ros_ws/src/Rescue_Car_ws/install/std_msgs/lib:/root/ros_ws/src/Rescue_Car_ws/install/statistics_msgs/lib:/root/ros_ws/src/Rescue_Car_ws/install/rosidl_typesupport_microxrcedds_test_msg/lib:/root/ros_ws/src/Rescue_Car_ws/install/rmw_microxrcedds/lib:/root/ros_ws/src/Rescue_Car_ws/install/rosidl_typesupport_microxrcedds_cpp/lib:/root/ros_ws/src/Rescue_Car_ws/install/rosidl_typesupport_microxrcedds_c/lib:/root/ros_ws/src/Rescue_Car_ws/install/rosgraph_msgs/lib:/root/ros_ws/src/Rescue_Car_ws/install/rclc_parameter/lib:/root/ros_ws/src/Rescue_Car_ws/install/rclc/lib:/root/ros_ws/src/Rescue_Car_ws/install/composition_interfaces/lib:/root/ros_ws/src/Rescue_Car_ws/install/rcl_interfaces/lib:/root/ros_ws/src/Rescue_Car_ws/install/micro_ros_utilities/lib:/root/ros_ws/src/Rescue_Car_ws/install/micro_ros_agent/lib:/root/ros_ws/src/Rescue_Car_ws/install/micro_ros_msgs/lib:/root/ros_ws/src/Rescue_Car_ws/install/lifecycle_msgs/lib:/root/ros_ws/src/Rescue_Car_ws/install/complex_msgs/lib:/usr/lib/x86_64-linux-gnu/gazebo-11/plugins:/opt/ros/humble/opt/rviz_ogre_vendor/lib:/opt/ros/humble/lib/x86_64-linux-gnu:/opt/ros/humble/lib /usr/bin/cmake --build /root/ros_ws/src/Rescue_Car_ws/build/std_msgs -- -j20 -l20
[1.698s] INFO:colcon.colcon_core.shell:Creating environment descriptor '/root/ros_ws/src/Rescue_Car_ws/install/complex_msgs/share/complex_msgs/hook/cmake_prefix_path.dsv'
[1.699s] DEBUG:colcon.colcon_core.event_handler.log_command:Invoking command in '/root/ros_ws/src/Rescue_Car_ws/build/std_msgs': CMAKE_PREFIX_PATH=/root/ros_ws/src/Rescue_Car_ws/install/builtin_interfaces:/root/ros_ws/src/Rescue_Car_ws/install/micro_ros_demos_rclc:/root/ros_ws/src/Rescue_Car_ws/install/common_interfaces:/root/ros_ws/src/Rescue_Car_ws/install/visualization_msgs:/root/ros_ws/src/Rescue_Car_ws/install/test_msgs:/root/ros_ws/src/Rescue_Car_ws/install/example_interfaces:/root/ros_ws/src/Rescue_Car_ws/install/action_msgs:/root/ros_ws/src/Rescue_Car_ws/install/unique_identifier_msgs:/root/ros_ws/src/Rescue_Car_ws/install/trajectory_msgs:/root/ros_ws/src/Rescue_Car_ws/install/stereo_msgs:/root/ros_ws/src/Rescue_Car_ws/install/std_srvs:/root/ros_ws/src/Rescue_Car_ws/install/shape_msgs:/root/ros_ws/src/Rescue_Car_ws/install/sensor_msgs:/root/ros_ws/src/Rescue_Car_ws/install/nav_msgs:/root/ros_ws/src/Rescue_Car_ws/install/diagnostic_msgs:/root/ros_ws/src/Rescue_Car_ws/install/geometry_msgs:/root/ros_ws/src/Rescue_Car_ws/install/actionlib_msgs:/root/ros_ws/src/Rescue_Car_ws/install/std_msgs:/root/ros_ws/src/Rescue_Car_ws/install/statistics_msgs:/root/ros_ws/src/Rescue_Car_ws/install/rosidl_typesupport_microxrcedds_test_msg:/root/ros_ws/src/Rescue_Car_ws/install/rosidl_typesupport_microxrcedds_cpp_tests:/root/ros_ws/src/Rescue_Car_ws/install/rmw_microxrcedds:/root/ros_ws/src/Rescue_Car_ws/install/rosidl_typesupport_microxrcedds_cpp:/root/ros_ws/src/Rescue_Car_ws/install/rosidl_typesupport_microxrcedds_c_tests:/root/ros_ws/src/Rescue_Car_ws/install/rosidl_typesupport_microxrcedds_c:/root/ros_ws/src/Rescue_Car_ws/install/rosgraph_msgs:/root/ros_ws/src/Rescue_Car_ws/install/rclc_parameter:/root/ros_ws/src/Rescue_Car_ws/install/rclc:/root/ros_ws/src/Rescue_Car_ws/install/composition_interfaces:/root/ros_ws/src/Rescue_Car_ws/install/rcl_interfaces:/root/ros_ws/src/Rescue_Car_ws/install/microxrcedds_client:/root/ros_ws/src/Rescue_Car_ws/install/microcdr:/root/ros_ws/src/Rescue_Car_ws/install/micro_ros_utilities:/root/ros_ws/src/Rescue_Car_ws/install/micro_ros_setup:/root/ros_ws/src/Rescue_Car_ws/install/micro_ros_agent:/root/ros_ws/src/Rescue_Car_ws/install/micro_ros_msgs:/root/ros_ws/src/Rescue_Car_ws/install/lifecycle_msgs:/root/ros_ws/src/Rescue_Car_ws/install/complex_msgs:/root/ros_ws/src/Rescue_Car_ws/install/car:/root/ros_ws/src/Rescue_Car_ws/install/sensor_msgs_py:/opt/ros/humble LD_LIBRARY_PATH=/root/ros_ws/src/Rescue_Car_ws/install/builtin_interfaces/lib:/root/ros_ws/src/Rescue_Car_ws/install/visualization_msgs/lib:/root/ros_ws/src/Rescue_Car_ws/install/test_msgs/lib:/root/ros_ws/src/Rescue_Car_ws/install/example_interfaces/lib:/root/ros_ws/src/Rescue_Car_ws/install/action_msgs/lib:/root/ros_ws/src/Rescue_Car_ws/install/unique_identifier_msgs/lib:/root/ros_ws/src/Rescue_Car_ws/install/trajectory_msgs/lib:/root/ros_ws/src/Rescue_Car_ws/install/stereo_msgs/lib:/root/ros_ws/src/Rescue_Car_ws/install/std_srvs/lib:/root/ros_ws/src/Rescue_Car_ws/install/shape_msgs/lib:/root/ros_ws/src/Rescue_Car_ws/install/sensor_msgs/lib:/root/ros_ws/src/Rescue_Car_ws/install/nav_msgs/lib:/root/ros_ws/src/Rescue_Car_ws/install/diagnostic_msgs/lib:/root/ros_ws/src/Rescue_Car_ws/install/geometry_msgs/lib:/root/ros_ws/src/Rescue_Car_ws/install/actionlib_msgs/lib:/root/ros_ws/src/Rescue_Car_ws/install/std_msgs/lib:/root/ros_ws/src/Rescue_Car_ws/install/statistics_msgs/lib:/root/ros_ws/src/Rescue_Car_ws/install/rosidl_typesupport_microxrcedds_test_msg/lib:/root/ros_ws/src/Rescue_Car_ws/install/rmw_microxrcedds/lib:/root/ros_ws/src/Rescue_Car_ws/install/rosidl_typesupport_microxrcedds_cpp/lib:/root/ros_ws/src/Rescue_Car_ws/install/rosidl_typesupport_microxrcedds_c/lib:/root/ros_ws/src/Rescue_Car_ws/install/rosgraph_msgs/lib:/root/ros_ws/src/Rescue_Car_ws/install/rclc_parameter/lib:/root/ros_ws/src/Rescue_Car_ws/install/rclc/lib:/root/ros_ws/src/Rescue_Car_ws/install/composition_interfaces/lib:/root/ros_ws/src/Rescue_Car_ws/install/rcl_interfaces/lib:/root/ros_ws/src/Rescue_Car_ws/install/micro_ros_utilities/lib:/root/ros_ws/src/Rescue_Car_ws/install/micro_ros_agent/lib:/root/ros_ws/src/Rescue_Car_ws/install/micro_ros_msgs/lib:/root/ros_ws/src/Rescue_Car_ws/install/lifecycle_msgs/lib:/root/ros_ws/src/Rescue_Car_ws/install/complex_msgs/lib:/usr/lib/x86_64-linux-gnu/gazebo-11/plugins:/opt/ros/humble/opt/rviz_ogre_vendor/lib:/opt/ros/humble/lib/x86_64-linux-gnu:/opt/ros/humble/lib /usr/bin/cmake --install /root/ros_ws/src/Rescue_Car_ws/build/std_msgs
[1.700s] INFO:colcon.colcon_core.shell:Creating environment hook '/root/ros_ws/src/Rescue_Car_ws/install/complex_msgs/share/complex_msgs/hook/cmake_prefix_path.sh'
[1.702s] Level 1:colcon.colcon_core.environment:checking '/root/ros_ws/src/Rescue_Car_ws/install/complex_msgs/lib'
[1.702s] Level 1:colcon.colcon_core.shell:create_environment_hook('complex_msgs', 'ld_library_path_lib')
[1.702s] INFO:colcon.colcon_core.shell:Creating environment hook '/root/ros_ws/src/Rescue_Car_ws/install/complex_msgs/share/complex_msgs/hook/ld_library_path_lib.ps1'
[1.703s] INFO:colcon.colcon_core.shell:Creating environment descriptor '/root/ros_ws/src/Rescue_Car_ws/install/complex_msgs/share/complex_msgs/hook/ld_library_path_lib.dsv'
[1.708s] INFO:colcon.colcon_core.shell:Creating environment hook '/root/ros_ws/src/Rescue_Car_ws/install/complex_msgs/share/complex_msgs/hook/ld_library_path_lib.sh'
[1.712s] Level 1:colcon.colcon_core.environment:checking '/root/ros_ws/src/Rescue_Car_ws/install/complex_msgs/bin'
[1.712s] Level 1:colcon.colcon_core.environment:checking '/root/ros_ws/src/Rescue_Car_ws/install/complex_msgs/lib/pkgconfig/complex_msgs.pc'
[1.713s] Level 1:colcon.colcon_core.environment:checking '/root/ros_ws/src/Rescue_Car_ws/install/complex_msgs/lib/python3.10/site-packages'
[1.717s] Level 1:colcon.colcon_core.environment:checking '/root/ros_ws/src/Rescue_Car_ws/install/complex_msgs/bin'
[1.718s] INFO:colcon.colcon_core.shell:Creating package script '/root/ros_ws/src/Rescue_Car_ws/install/complex_msgs/share/complex_msgs/package.ps1'
[1.723s] INFO:colcon.colcon_core.shell:Creating package descriptor '/root/ros_ws/src/Rescue_Car_ws/install/complex_msgs/share/complex_msgs/package.dsv'
[1.731s] INFO:colcon.colcon_core.shell:Creating package script '/root/ros_ws/src/Rescue_Car_ws/install/complex_msgs/share/complex_msgs/package.sh'
[1.733s] INFO:colcon.colcon_core.shell:Creating package script '/root/ros_ws/src/Rescue_Car_ws/install/complex_msgs/share/complex_msgs/package.bash'
[1.737s] DEBUG:colcon.colcon_core.event_handler.log_command:Invoked command in '/root/ros_ws/src/Rescue_Car_ws/build/complex_msgs' returned '0': CMAKE_PREFIX_PATH=/root/ros_ws/src/Rescue_Car_ws/install/builtin_interfaces:/root/ros_ws/src/Rescue_Car_ws/install/micro_ros_demos_rclc:/root/ros_ws/src/Rescue_Car_ws/install/common_interfaces:/root/ros_ws/src/Rescue_Car_ws/install/visualization_msgs:/root/ros_ws/src/Rescue_Car_ws/install/test_msgs:/root/ros_ws/src/Rescue_Car_ws/install/example_interfaces:/root/ros_ws/src/Rescue_Car_ws/install/action_msgs:/root/ros_ws/src/Rescue_Car_ws/install/unique_identifier_msgs:/root/ros_ws/src/Rescue_Car_ws/install/trajectory_msgs:/root/ros_ws/src/Rescue_Car_ws/install/stereo_msgs:/root/ros_ws/src/Rescue_Car_ws/install/std_srvs:/root/ros_ws/src/Rescue_Car_ws/install/shape_msgs:/root/ros_ws/src/Rescue_Car_ws/install/sensor_msgs:/root/ros_ws/src/Rescue_Car_ws/install/nav_msgs:/root/ros_ws/src/Rescue_Car_ws/install/diagnostic_msgs:/root/ros_ws/src/Rescue_Car_ws/install/geometry_msgs:/root/ros_ws/src/Rescue_Car_ws/install/actionlib_msgs:/root/ros_ws/src/Rescue_Car_ws/install/std_msgs:/root/ros_ws/src/Rescue_Car_ws/install/statistics_msgs:/root/ros_ws/src/Rescue_Car_ws/install/rosidl_typesupport_microxrcedds_test_msg:/root/ros_ws/src/Rescue_Car_ws/install/rosidl_typesupport_microxrcedds_cpp_tests:/root/ros_ws/src/Rescue_Car_ws/install/rmw_microxrcedds:/root/ros_ws/src/Rescue_Car_ws/install/rosidl_typesupport_microxrcedds_cpp:/root/ros_ws/src/Rescue_Car_ws/install/rosidl_typesupport_microxrcedds_c_tests:/root/ros_ws/src/Rescue_Car_ws/install/rosidl_typesupport_microxrcedds_c:/root/ros_ws/src/Rescue_Car_ws/install/rosgraph_msgs:/root/ros_ws/src/Rescue_Car_ws/install/rclc_parameter:/root/ros_ws/src/Rescue_Car_ws/install/rclc:/root/ros_ws/src/Rescue_Car_ws/install/composition_interfaces:/root/ros_ws/src/Rescue_Car_ws/install/rcl_interfaces:/root/ros_ws/src/Rescue_Car_ws/install/microxrcedds_client:/root/ros_ws/src/Rescue_Car_ws/install/microcdr:/root/ros_ws/src/Rescue_Car_ws/install/micro_ros_utilities:/root/ros_ws/src/Rescue_Car_ws/install/micro_ros_setup:/root/ros_ws/src/Rescue_Car_ws/install/micro_ros_agent:/root/ros_ws/src/Rescue_Car_ws/install/micro_ros_msgs:/root/ros_ws/src/Rescue_Car_ws/install/lifecycle_msgs:/root/ros_ws/src/Rescue_Car_ws/install/complex_msgs:/root/ros_ws/src/Rescue_Car_ws/install/car:/root/ros_ws/src/Rescue_Car_ws/install/sensor_msgs_py:/opt/ros/humble LD_LIBRARY_PATH=/root/ros_ws/src/Rescue_Car_ws/install/builtin_interfaces/lib:/root/ros_ws/src/Rescue_Car_ws/install/visualization_msgs/lib:/root/ros_ws/src/Rescue_Car_ws/install/test_msgs/lib:/root/ros_ws/src/Rescue_Car_ws/install/example_interfaces/lib:/root/ros_ws/src/Rescue_Car_ws/install/action_msgs/lib:/root/ros_ws/src/Rescue_Car_ws/install/unique_identifier_msgs/lib:/root/ros_ws/src/Rescue_Car_ws/install/trajectory_msgs/lib:/root/ros_ws/src/Rescue_Car_ws/install/stereo_msgs/lib:/root/ros_ws/src/Rescue_Car_ws/install/std_srvs/lib:/root/ros_ws/src/Rescue_Car_ws/install/shape_msgs/lib:/root/ros_ws/src/Rescue_Car_ws/install/sensor_msgs/lib:/root/ros_ws/src/Rescue_Car_ws/install/nav_msgs/lib:/root/ros_ws/src/Rescue_Car_ws/install/diagnostic_msgs/lib:/root/ros_ws/src/Rescue_Car_ws/install/geometry_msgs/lib:/root/ros_ws/src/Rescue_Car_ws/install/actionlib_msgs/lib:/root/ros_ws/src/Rescue_Car_ws/install/std_msgs/lib:/root/ros_ws/src/Rescue_Car_ws/install/statistics_msgs/lib:/root/ros_ws/src/Rescue_Car_ws/install/rosidl_typesupport_microxrcedds_test_msg/lib:/root/ros_ws/src/Rescue_Car_ws/install/rmw_microxrcedds/lib:/root/ros_ws/src/Rescue_Car_ws/install/rosidl_typesupport_microxrcedds_cpp/lib:/root/ros_ws/src/Rescue_Car_ws/install/rosidl_typesupport_microxrcedds_c/lib:/root/ros_ws/src/Rescue_Car_ws/install/rosgraph_msgs/lib:/root/ros_ws/src/Rescue_Car_ws/install/rclc_parameter/lib:/root/ros_ws/src/Rescue_Car_ws/install/rclc/lib:/root/ros_ws/src/Rescue_Car_ws/install/composition_interfaces/lib:/root/ros_ws/src/Rescue_Car_ws/install/rcl_interfaces/lib:/root/ros_ws/src/Rescue_Car_ws/install/micro_ros_utilities/lib:/root/ros_ws/src/Rescue_Car_ws/install/micro_ros_agent/lib:/root/ros_ws/src/Rescue_Car_ws/install/micro_ros_msgs/lib:/root/ros_ws/src/Rescue_Car_ws/install/lifecycle_msgs/lib:/root/ros_ws/src/Rescue_Car_ws/install/complex_msgs/lib:/usr/lib/x86_64-linux-gnu/gazebo-11/plugins:/opt/ros/humble/opt/rviz_ogre_vendor/lib:/opt/ros/humble/lib/x86_64-linux-gnu:/opt/ros/humble/lib /usr/bin/cmake --install /root/ros_ws/src/Rescue_Car_ws/build/complex_msgs
[1.737s] INFO:colcon.colcon_core.shell:Creating package script '/root/ros_ws/src/Rescue_Car_ws/install/complex_msgs/share/complex_msgs/package.zsh'
[1.746s] Level 1:colcon.colcon_core.environment:create_file_with_runtime_dependencies(/root/ros_ws/src/Rescue_Car_ws/install/complex_msgs/share/colcon-core/packages/complex_msgs)
[1.752s] Level 1:colcon.colcon_core.environment:create_environment_scripts_only(rcl_interfaces)
[1.753s] Level 1:colcon.colcon_core.environment:checking '/root/ros_ws/src/Rescue_Car_ws/install/rcl_interfaces' for CMake module files
[1.759s] Level 1:colcon.colcon_core.environment:checking '/root/ros_ws/src/Rescue_Car_ws/install/rcl_interfaces' for CMake config files
[1.791s] Level 1:colcon.colcon_core.shell:create_environment_hook('rcl_interfaces', 'cmake_prefix_path')
[1.791s] INFO:colcon.colcon_core.shell:Creating environment hook '/root/ros_ws/src/Rescue_Car_ws/install/rcl_interfaces/share/rcl_interfaces/hook/cmake_prefix_path.ps1'
[1.792s] INFO:colcon.colcon_core.shell:Creating environment descriptor '/root/ros_ws/src/Rescue_Car_ws/install/rcl_interfaces/share/rcl_interfaces/hook/cmake_prefix_path.dsv'
[1.796s] INFO:colcon.colcon_core.shell:Creating environment hook '/root/ros_ws/src/Rescue_Car_ws/install/rcl_interfaces/share/rcl_interfaces/hook/cmake_prefix_path.sh'
[1.801s] Level 1:colcon.colcon_core.environment:checking '/root/ros_ws/src/Rescue_Car_ws/install/rcl_interfaces/lib'
[1.803s] Level 1:colcon.colcon_core.shell:create_environment_hook('rcl_interfaces', 'ld_library_path_lib')
[1.803s] INFO:colcon.colcon_core.shell:Creating environment hook '/root/ros_ws/src/Rescue_Car_ws/install/rcl_interfaces/share/rcl_interfaces/hook/ld_library_path_lib.ps1'
[1.811s] INFO:colcon.colcon_core.shell:Creating environment descriptor '/root/ros_ws/src/Rescue_Car_ws/install/rcl_interfaces/share/rcl_interfaces/hook/ld_library_path_lib.dsv'
[1.812s] DEBUG:colcon.colcon_core.event_handler.log_command:Invoked command in '/root/ros_ws/src/Rescue_Car_ws/build/rcl_interfaces' returned '0': CMAKE_PREFIX_PATH=/root/ros_ws/src/Rescue_Car_ws/install/builtin_interfaces:/root/ros_ws/src/Rescue_Car_ws/install/micro_ros_demos_rclc:/root/ros_ws/src/Rescue_Car_ws/install/common_interfaces:/root/ros_ws/src/Rescue_Car_ws/install/visualization_msgs:/root/ros_ws/src/Rescue_Car_ws/install/test_msgs:/root/ros_ws/src/Rescue_Car_ws/install/example_interfaces:/root/ros_ws/src/Rescue_Car_ws/install/action_msgs:/root/ros_ws/src/Rescue_Car_ws/install/unique_identifier_msgs:/root/ros_ws/src/Rescue_Car_ws/install/trajectory_msgs:/root/ros_ws/src/Rescue_Car_ws/install/stereo_msgs:/root/ros_ws/src/Rescue_Car_ws/install/std_srvs:/root/ros_ws/src/Rescue_Car_ws/install/shape_msgs:/root/ros_ws/src/Rescue_Car_ws/install/sensor_msgs:/root/ros_ws/src/Rescue_Car_ws/install/nav_msgs:/root/ros_ws/src/Rescue_Car_ws/install/diagnostic_msgs:/root/ros_ws/src/Rescue_Car_ws/install/geometry_msgs:/root/ros_ws/src/Rescue_Car_ws/install/actionlib_msgs:/root/ros_ws/src/Rescue_Car_ws/install/std_msgs:/root/ros_ws/src/Rescue_Car_ws/install/statistics_msgs:/root/ros_ws/src/Rescue_Car_ws/install/rosidl_typesupport_microxrcedds_test_msg:/root/ros_ws/src/Rescue_Car_ws/install/rosidl_typesupport_microxrcedds_cpp_tests:/root/ros_ws/src/Rescue_Car_ws/install/rmw_microxrcedds:/root/ros_ws/src/Rescue_Car_ws/install/rosidl_typesupport_microxrcedds_cpp:/root/ros_ws/src/Rescue_Car_ws/install/rosidl_typesupport_microxrcedds_c_tests:/root/ros_ws/src/Rescue_Car_ws/install/rosidl_typesupport_microxrcedds_c:/root/ros_ws/src/Rescue_Car_ws/install/rosgraph_msgs:/root/ros_ws/src/Rescue_Car_ws/install/rclc_parameter:/root/ros_ws/src/Rescue_Car_ws/install/rclc:/root/ros_ws/src/Rescue_Car_ws/install/composition_interfaces:/root/ros_ws/src/Rescue_Car_ws/install/rcl_interfaces:/root/ros_ws/src/Rescue_Car_ws/install/microxrcedds_client:/root/ros_ws/src/Rescue_Car_ws/install/microcdr:/root/ros_ws/src/Rescue_Car_ws/install/micro_ros_utilities:/root/ros_ws/src/Rescue_Car_ws/install/micro_ros_setup:/root/ros_ws/src/Rescue_Car_ws/install/micro_ros_agent:/root/ros_ws/src/Rescue_Car_ws/install/micro_ros_msgs:/root/ros_ws/src/Rescue_Car_ws/install/lifecycle_msgs:/root/ros_ws/src/Rescue_Car_ws/install/complex_msgs:/root/ros_ws/src/Rescue_Car_ws/install/car:/root/ros_ws/src/Rescue_Car_ws/install/sensor_msgs_py:/opt/ros/humble LD_LIBRARY_PATH=/root/ros_ws/src/Rescue_Car_ws/install/builtin_interfaces/lib:/root/ros_ws/src/Rescue_Car_ws/install/visualization_msgs/lib:/root/ros_ws/src/Rescue_Car_ws/install/test_msgs/lib:/root/ros_ws/src/Rescue_Car_ws/install/example_interfaces/lib:/root/ros_ws/src/Rescue_Car_ws/install/action_msgs/lib:/root/ros_ws/src/Rescue_Car_ws/install/unique_identifier_msgs/lib:/root/ros_ws/src/Rescue_Car_ws/install/trajectory_msgs/lib:/root/ros_ws/src/Rescue_Car_ws/install/stereo_msgs/lib:/root/ros_ws/src/Rescue_Car_ws/install/std_srvs/lib:/root/ros_ws/src/Rescue_Car_ws/install/shape_msgs/lib:/root/ros_ws/src/Rescue_Car_ws/install/sensor_msgs/lib:/root/ros_ws/src/Rescue_Car_ws/install/nav_msgs/lib:/root/ros_ws/src/Rescue_Car_ws/install/diagnostic_msgs/lib:/root/ros_ws/src/Rescue_Car_ws/install/geometry_msgs/lib:/root/ros_ws/src/Rescue_Car_ws/install/actionlib_msgs/lib:/root/ros_ws/src/Rescue_Car_ws/install/std_msgs/lib:/root/ros_ws/src/Rescue_Car_ws/install/statistics_msgs/lib:/root/ros_ws/src/Rescue_Car_ws/install/rosidl_typesupport_microxrcedds_test_msg/lib:/root/ros_ws/src/Rescue_Car_ws/install/rmw_microxrcedds/lib:/root/ros_ws/src/Rescue_Car_ws/install/rosidl_typesupport_microxrcedds_cpp/lib:/root/ros_ws/src/Rescue_Car_ws/install/rosidl_typesupport_microxrcedds_c/lib:/root/ros_ws/src/Rescue_Car_ws/install/rosgraph_msgs/lib:/root/ros_ws/src/Rescue_Car_ws/install/rclc_parameter/lib:/root/ros_ws/src/Rescue_Car_ws/install/rclc/lib:/root/ros_ws/src/Rescue_Car_ws/install/composition_interfaces/lib:/root/ros_ws/src/Rescue_Car_ws/install/rcl_interfaces/lib:/root/ros_ws/src/Rescue_Car_ws/install/micro_ros_utilities/lib:/root/ros_ws/src/Rescue_Car_ws/install/micro_ros_agent/lib:/root/ros_ws/src/Rescue_Car_ws/install/micro_ros_msgs/lib:/root/ros_ws/src/Rescue_Car_ws/install/lifecycle_msgs/lib:/root/ros_ws/src/Rescue_Car_ws/install/complex_msgs/lib:/usr/lib/x86_64-linux-gnu/gazebo-11/plugins:/opt/ros/humble/opt/rviz_ogre_vendor/lib:/opt/ros/humble/lib/x86_64-linux-gnu:/opt/ros/humble/lib /usr/bin/cmake --install /root/ros_ws/src/Rescue_Car_ws/build/rcl_interfaces
[1.812s] INFO:colcon.colcon_core.shell:Creating environment hook '/root/ros_ws/src/Rescue_Car_ws/install/rcl_interfaces/share/rcl_interfaces/hook/ld_library_path_lib.sh'
[1.812s] Level 1:colcon.colcon_core.environment:checking '/root/ros_ws/src/Rescue_Car_ws/install/rcl_interfaces/bin'
[1.812s] Level 1:colcon.colcon_core.environment:checking '/root/ros_ws/src/Rescue_Car_ws/install/rcl_interfaces/lib/pkgconfig/rcl_interfaces.pc'
[1.813s] Level 1:colcon.colcon_core.environment:checking '/root/ros_ws/src/Rescue_Car_ws/install/rcl_interfaces/lib/python3.10/site-packages'
[1.813s] Level 1:colcon.colcon_core.environment:checking '/root/ros_ws/src/Rescue_Car_ws/install/rcl_interfaces/bin'
[1.813s] INFO:colcon.colcon_core.shell:Creating package script '/root/ros_ws/src/Rescue_Car_ws/install/rcl_interfaces/share/rcl_interfaces/package.ps1'
[1.813s] INFO:colcon.colcon_core.shell:Creating package descriptor '/root/ros_ws/src/Rescue_Car_ws/install/rcl_interfaces/share/rcl_interfaces/package.dsv'
[1.814s] INFO:colcon.colcon_core.shell:Creating package script '/root/ros_ws/src/Rescue_Car_ws/install/rcl_interfaces/share/rcl_interfaces/package.sh'
[1.814s] INFO:colcon.colcon_core.shell:Creating package script '/root/ros_ws/src/Rescue_Car_ws/install/rcl_interfaces/share/rcl_interfaces/package.bash'
[1.814s] INFO:colcon.colcon_core.shell:Creating package script '/root/ros_ws/src/Rescue_Car_ws/install/rcl_interfaces/share/rcl_interfaces/package.zsh'
[1.814s] Level 1:colcon.colcon_core.environment:create_file_with_runtime_dependencies(/root/ros_ws/src/Rescue_Car_ws/install/rcl_interfaces/share/colcon-core/packages/rcl_interfaces)
[1.815s] Level 1:colcon.colcon_core.environment:create_environment_scripts_only(rcl_interfaces)
[1.815s] Level 1:colcon.colcon_core.environment:checking '/root/ros_ws/src/Rescue_Car_ws/install/rcl_interfaces' for CMake module files
[1.815s] Level 1:colcon.colcon_core.environment:checking '/root/ros_ws/src/Rescue_Car_ws/install/rcl_interfaces' for CMake config files
[1.816s] Level 1:colcon.colcon_core.shell:create_environment_hook('rcl_interfaces', 'cmake_prefix_path')
[1.816s] INFO:colcon.colcon_core.shell:Creating environment hook '/root/ros_ws/src/Rescue_Car_ws/install/rcl_interfaces/share/rcl_interfaces/hook/cmake_prefix_path.ps1'
[1.816s] INFO:colcon.colcon_core.shell:Creating environment descriptor '/root/ros_ws/src/Rescue_Car_ws/install/rcl_interfaces/share/rcl_interfaces/hook/cmake_prefix_path.dsv'
[1.816s] INFO:colcon.colcon_core.shell:Creating environment hook '/root/ros_ws/src/Rescue_Car_ws/install/rcl_interfaces/share/rcl_interfaces/hook/cmake_prefix_path.sh'
[1.817s] Level 1:colcon.colcon_core.environment:checking '/root/ros_ws/src/Rescue_Car_ws/install/rcl_interfaces/lib'
[1.817s] Level 1:colcon.colcon_core.shell:create_environment_hook('rcl_interfaces', 'ld_library_path_lib')
[1.817s] INFO:colcon.colcon_core.shell:Creating environment hook '/root/ros_ws/src/Rescue_Car_ws/install/rcl_interfaces/share/rcl_interfaces/hook/ld_library_path_lib.ps1'
[1.817s] INFO:colcon.colcon_core.shell:Creating environment descriptor '/root/ros_ws/src/Rescue_Car_ws/install/rcl_interfaces/share/rcl_interfaces/hook/ld_library_path_lib.dsv'
[1.817s] INFO:colcon.colcon_core.shell:Creating environment hook '/root/ros_ws/src/Rescue_Car_ws/install/rcl_interfaces/share/rcl_interfaces/hook/ld_library_path_lib.sh'
[1.817s] Level 1:colcon.colcon_core.environment:checking '/root/ros_ws/src/Rescue_Car_ws/install/rcl_interfaces/bin'
[1.818s] Level 1:colcon.colcon_core.environment:checking '/root/ros_ws/src/Rescue_Car_ws/install/rcl_interfaces/lib/pkgconfig/rcl_interfaces.pc'
[1.818s] Level 1:colcon.colcon_core.environment:checking '/root/ros_ws/src/Rescue_Car_ws/install/rcl_interfaces/lib/python3.10/site-packages'
[1.818s] Level 1:colcon.colcon_core.environment:checking '/root/ros_ws/src/Rescue_Car_ws/install/rcl_interfaces/bin'
[1.818s] INFO:colcon.colcon_core.shell:Creating package script '/root/ros_ws/src/Rescue_Car_ws/install/rcl_interfaces/share/rcl_interfaces/package.ps1'
[1.818s] INFO:colcon.colcon_core.shell:Creating package descriptor '/root/ros_ws/src/Rescue_Car_ws/install/rcl_interfaces/share/rcl_interfaces/package.dsv'
[1.819s] INFO:colcon.colcon_core.shell:Creating package script '/root/ros_ws/src/Rescue_Car_ws/install/rcl_interfaces/share/rcl_interfaces/package.sh'
[1.819s] INFO:colcon.colcon_core.shell:Creating package script '/root/ros_ws/src/Rescue_Car_ws/install/rcl_interfaces/share/rcl_interfaces/package.bash'
[1.819s] INFO:colcon.colcon_core.shell:Creating package script '/root/ros_ws/src/Rescue_Car_ws/install/rcl_interfaces/share/rcl_interfaces/package.zsh'
[1.819s] Level 1:colcon.colcon_core.environment:create_file_with_runtime_dependencies(/root/ros_ws/src/Rescue_Car_ws/install/rcl_interfaces/share/colcon-core/packages/rcl_interfaces)
[1.820s] Level 1:colcon.colcon_core.environment:create_environment_scripts_only(statistics_msgs)
[1.820s] Level 1:colcon.colcon_core.environment:checking '/root/ros_ws/src/Rescue_Car_ws/install/statistics_msgs' for CMake module files
[1.821s] DEBUG:colcon.colcon_core.event_handler.log_command:Invoked command in '/root/ros_ws/src/Rescue_Car_ws/build/statistics_msgs' returned '0': CMAKE_PREFIX_PATH=/root/ros_ws/src/Rescue_Car_ws/install/builtin_interfaces:/root/ros_ws/src/Rescue_Car_ws/install/micro_ros_demos_rclc:/root/ros_ws/src/Rescue_Car_ws/install/common_interfaces:/root/ros_ws/src/Rescue_Car_ws/install/visualization_msgs:/root/ros_ws/src/Rescue_Car_ws/install/test_msgs:/root/ros_ws/src/Rescue_Car_ws/install/example_interfaces:/root/ros_ws/src/Rescue_Car_ws/install/action_msgs:/root/ros_ws/src/Rescue_Car_ws/install/unique_identifier_msgs:/root/ros_ws/src/Rescue_Car_ws/install/trajectory_msgs:/root/ros_ws/src/Rescue_Car_ws/install/stereo_msgs:/root/ros_ws/src/Rescue_Car_ws/install/std_srvs:/root/ros_ws/src/Rescue_Car_ws/install/shape_msgs:/root/ros_ws/src/Rescue_Car_ws/install/sensor_msgs:/root/ros_ws/src/Rescue_Car_ws/install/nav_msgs:/root/ros_ws/src/Rescue_Car_ws/install/diagnostic_msgs:/root/ros_ws/src/Rescue_Car_ws/install/geometry_msgs:/root/ros_ws/src/Rescue_Car_ws/install/actionlib_msgs:/root/ros_ws/src/Rescue_Car_ws/install/std_msgs:/root/ros_ws/src/Rescue_Car_ws/install/statistics_msgs:/root/ros_ws/src/Rescue_Car_ws/install/rosidl_typesupport_microxrcedds_test_msg:/root/ros_ws/src/Rescue_Car_ws/install/rosidl_typesupport_microxrcedds_cpp_tests:/root/ros_ws/src/Rescue_Car_ws/install/rmw_microxrcedds:/root/ros_ws/src/Rescue_Car_ws/install/rosidl_typesupport_microxrcedds_cpp:/root/ros_ws/src/Rescue_Car_ws/install/rosidl_typesupport_microxrcedds_c_tests:/root/ros_ws/src/Rescue_Car_ws/install/rosidl_typesupport_microxrcedds_c:/root/ros_ws/src/Rescue_Car_ws/install/rosgraph_msgs:/root/ros_ws/src/Rescue_Car_ws/install/rclc_parameter:/root/ros_ws/src/Rescue_Car_ws/install/rclc:/root/ros_ws/src/Rescue_Car_ws/install/composition_interfaces:/root/ros_ws/src/Rescue_Car_ws/install/rcl_interfaces:/root/ros_ws/src/Rescue_Car_ws/install/microxrcedds_client:/root/ros_ws/src/Rescue_Car_ws/install/microcdr:/root/ros_ws/src/Rescue_Car_ws/install/micro_ros_utilities:/root/ros_ws/src/Rescue_Car_ws/install/micro_ros_setup:/root/ros_ws/src/Rescue_Car_ws/install/micro_ros_agent:/root/ros_ws/src/Rescue_Car_ws/install/micro_ros_msgs:/root/ros_ws/src/Rescue_Car_ws/install/lifecycle_msgs:/root/ros_ws/src/Rescue_Car_ws/install/complex_msgs:/root/ros_ws/src/Rescue_Car_ws/install/car:/root/ros_ws/src/Rescue_Car_ws/install/sensor_msgs_py:/opt/ros/humble LD_LIBRARY_PATH=/root/ros_ws/src/Rescue_Car_ws/install/builtin_interfaces/lib:/root/ros_ws/src/Rescue_Car_ws/install/visualization_msgs/lib:/root/ros_ws/src/Rescue_Car_ws/install/test_msgs/lib:/root/ros_ws/src/Rescue_Car_ws/install/example_interfaces/lib:/root/ros_ws/src/Rescue_Car_ws/install/action_msgs/lib:/root/ros_ws/src/Rescue_Car_ws/install/unique_identifier_msgs/lib:/root/ros_ws/src/Rescue_Car_ws/install/trajectory_msgs/lib:/root/ros_ws/src/Rescue_Car_ws/install/stereo_msgs/lib:/root/ros_ws/src/Rescue_Car_ws/install/std_srvs/lib:/root/ros_ws/src/Rescue_Car_ws/install/shape_msgs/lib:/root/ros_ws/src/Rescue_Car_ws/install/sensor_msgs/lib:/root/ros_ws/src/Rescue_Car_ws/install/nav_msgs/lib:/root/ros_ws/src/Rescue_Car_ws/install/diagnostic_msgs/lib:/root/ros_ws/src/Rescue_Car_ws/install/geometry_msgs/lib:/root/ros_ws/src/Rescue_Car_ws/install/actionlib_msgs/lib:/root/ros_ws/src/Rescue_Car_ws/install/std_msgs/lib:/root/ros_ws/src/Rescue_Car_ws/install/statistics_msgs/lib:/root/ros_ws/src/Rescue_Car_ws/install/rosidl_typesupport_microxrcedds_test_msg/lib:/root/ros_ws/src/Rescue_Car_ws/install/rmw_microxrcedds/lib:/root/ros_ws/src/Rescue_Car_ws/install/rosidl_typesupport_microxrcedds_cpp/lib:/root/ros_ws/src/Rescue_Car_ws/install/rosidl_typesupport_microxrcedds_c/lib:/root/ros_ws/src/Rescue_Car_ws/install/rosgraph_msgs/lib:/root/ros_ws/src/Rescue_Car_ws/install/rclc_parameter/lib:/root/ros_ws/src/Rescue_Car_ws/install/rclc/lib:/root/ros_ws/src/Rescue_Car_ws/install/composition_interfaces/lib:/root/ros_ws/src/Rescue_Car_ws/install/rcl_interfaces/lib:/root/ros_ws/src/Rescue_Car_ws/install/micro_ros_utilities/lib:/root/ros_ws/src/Rescue_Car_ws/install/micro_ros_agent/lib:/root/ros_ws/src/Rescue_Car_ws/install/micro_ros_msgs/lib:/root/ros_ws/src/Rescue_Car_ws/install/lifecycle_msgs/lib:/root/ros_ws/src/Rescue_Car_ws/install/complex_msgs/lib:/usr/lib/x86_64-linux-gnu/gazebo-11/plugins:/opt/ros/humble/opt/rviz_ogre_vendor/lib:/opt/ros/humble/lib/x86_64-linux-gnu:/opt/ros/humble/lib /usr/bin/cmake --install /root/ros_ws/src/Rescue_Car_ws/build/statistics_msgs
[1.822s] Level 1:colcon.colcon_core.environment:checking '/root/ros_ws/src/Rescue_Car_ws/install/statistics_msgs' for CMake config files
[1.822s] Level 1:colcon.colcon_core.shell:create_environment_hook('statistics_msgs', 'cmake_prefix_path')
[1.822s] INFO:colcon.colcon_core.shell:Creating environment hook '/root/ros_ws/src/Rescue_Car_ws/install/statistics_msgs/share/statistics_msgs/hook/cmake_prefix_path.ps1'
[1.823s] INFO:colcon.colcon_core.shell:Creating environment descriptor '/root/ros_ws/src/Rescue_Car_ws/install/statistics_msgs/share/statistics_msgs/hook/cmake_prefix_path.dsv'
[1.823s] INFO:colcon.colcon_core.shell:Creating environment hook '/root/ros_ws/src/Rescue_Car_ws/install/statistics_msgs/share/statistics_msgs/hook/cmake_prefix_path.sh'
[1.823s] Level 1:colcon.colcon_core.environment:checking '/root/ros_ws/src/Rescue_Car_ws/install/statistics_msgs/lib'
[1.823s] Level 1:colcon.colcon_core.shell:create_environment_hook('statistics_msgs', 'ld_library_path_lib')
[1.823s] INFO:colcon.colcon_core.shell:Creating environment hook '/root/ros_ws/src/Rescue_Car_ws/install/statistics_msgs/share/statistics_msgs/hook/ld_library_path_lib.ps1'
[1.824s] INFO:colcon.colcon_core.shell:Creating environment descriptor '/root/ros_ws/src/Rescue_Car_ws/install/statistics_msgs/share/statistics_msgs/hook/ld_library_path_lib.dsv'
[1.824s] INFO:colcon.colcon_core.shell:Creating environment hook '/root/ros_ws/src/Rescue_Car_ws/install/statistics_msgs/share/statistics_msgs/hook/ld_library_path_lib.sh'
[1.824s] Level 1:colcon.colcon_core.environment:checking '/root/ros_ws/src/Rescue_Car_ws/install/statistics_msgs/bin'
[1.824s] Level 1:colcon.colcon_core.environment:checking '/root/ros_ws/src/Rescue_Car_ws/install/statistics_msgs/lib/pkgconfig/statistics_msgs.pc'
[1.824s] Level 1:colcon.colcon_core.environment:checking '/root/ros_ws/src/Rescue_Car_ws/install/statistics_msgs/lib/python3.10/site-packages'
[1.825s] Level 1:colcon.colcon_core.environment:checking '/root/ros_ws/src/Rescue_Car_ws/install/statistics_msgs/bin'
[1.825s] INFO:colcon.colcon_core.shell:Creating package script '/root/ros_ws/src/Rescue_Car_ws/install/statistics_msgs/share/statistics_msgs/package.ps1'
[1.825s] INFO:colcon.colcon_core.shell:Creating package descriptor '/root/ros_ws/src/Rescue_Car_ws/install/statistics_msgs/share/statistics_msgs/package.dsv'
[1.825s] INFO:colcon.colcon_core.shell:Creating package script '/root/ros_ws/src/Rescue_Car_ws/install/statistics_msgs/share/statistics_msgs/package.sh'
[1.826s] INFO:colcon.colcon_core.shell:Creating package script '/root/ros_ws/src/Rescue_Car_ws/install/statistics_msgs/share/statistics_msgs/package.bash'
[1.826s] INFO:colcon.colcon_core.shell:Creating package script '/root/ros_ws/src/Rescue_Car_ws/install/statistics_msgs/share/statistics_msgs/package.zsh'
[1.826s] Level 1:colcon.colcon_core.environment:create_file_with_runtime_dependencies(/root/ros_ws/src/Rescue_Car_ws/install/statistics_msgs/share/colcon-core/packages/statistics_msgs)
[1.826s] Level 1:colcon.colcon_core.environment:create_environment_scripts_only(statistics_msgs)
[1.827s] Level 1:colcon.colcon_core.environment:checking '/root/ros_ws/src/Rescue_Car_ws/install/statistics_msgs' for CMake module files
[1.827s] Level 1:colcon.colcon_core.environment:checking '/root/ros_ws/src/Rescue_Car_ws/install/statistics_msgs' for CMake config files
[1.827s] Level 1:colcon.colcon_core.shell:create_environment_hook('statistics_msgs', 'cmake_prefix_path')
[1.827s] INFO:colcon.colcon_core.shell:Creating environment hook '/root/ros_ws/src/Rescue_Car_ws/install/statistics_msgs/share/statistics_msgs/hook/cmake_prefix_path.ps1'
[1.828s] INFO:colcon.colcon_core.shell:Creating environment descriptor '/root/ros_ws/src/Rescue_Car_ws/install/statistics_msgs/share/statistics_msgs/hook/cmake_prefix_path.dsv'
[1.828s] INFO:colcon.colcon_core.shell:Creating environment hook '/root/ros_ws/src/Rescue_Car_ws/install/statistics_msgs/share/statistics_msgs/hook/cmake_prefix_path.sh'
[1.828s] Level 1:colcon.colcon_core.environment:checking '/root/ros_ws/src/Rescue_Car_ws/install/statistics_msgs/lib'
[1.829s] Level 1:colcon.colcon_core.shell:create_environment_hook('statistics_msgs', 'ld_library_path_lib')
[1.829s] INFO:colcon.colcon_core.shell:Creating environment hook '/root/ros_ws/src/Rescue_Car_ws/install/statistics_msgs/share/statistics_msgs/hook/ld_library_path_lib.ps1'
[1.829s] INFO:colcon.colcon_core.shell:Creating environment descriptor '/root/ros_ws/src/Rescue_Car_ws/install/statistics_msgs/share/statistics_msgs/hook/ld_library_path_lib.dsv'
[1.830s] INFO:colcon.colcon_core.shell:Creating environment hook '/root/ros_ws/src/Rescue_Car_ws/install/statistics_msgs/share/statistics_msgs/hook/ld_library_path_lib.sh'
[1.830s] Level 1:colcon.colcon_core.environment:checking '/root/ros_ws/src/Rescue_Car_ws/install/statistics_msgs/bin'
[1.830s] Level 1:colcon.colcon_core.environment:checking '/root/ros_ws/src/Rescue_Car_ws/install/statistics_msgs/lib/pkgconfig/statistics_msgs.pc'
[1.830s] Level 1:colcon.colcon_core.environment:checking '/root/ros_ws/src/Rescue_Car_ws/install/statistics_msgs/lib/python3.10/site-packages'
[1.830s] Level 1:colcon.colcon_core.environment:checking '/root/ros_ws/src/Rescue_Car_ws/install/statistics_msgs/bin'
[1.831s] INFO:colcon.colcon_core.shell:Creating package script '/root/ros_ws/src/Rescue_Car_ws/install/statistics_msgs/share/statistics_msgs/package.ps1'
[1.831s] INFO:colcon.colcon_core.shell:Creating package descriptor '/root/ros_ws/src/Rescue_Car_ws/install/statistics_msgs/share/statistics_msgs/package.dsv'
[1.831s] INFO:colcon.colcon_core.shell:Creating package script '/root/ros_ws/src/Rescue_Car_ws/install/statistics_msgs/share/statistics_msgs/package.sh'
[1.832s] INFO:colcon.colcon_core.shell:Creating package script '/root/ros_ws/src/Rescue_Car_ws/install/statistics_msgs/share/statistics_msgs/package.bash'
[1.832s] INFO:colcon.colcon_core.shell:Creating package script '/root/ros_ws/src/Rescue_Car_ws/install/statistics_msgs/share/statistics_msgs/package.zsh'
[1.832s] Level 1:colcon.colcon_core.environment:create_file_with_runtime_dependencies(/root/ros_ws/src/Rescue_Car_ws/install/statistics_msgs/share/colcon-core/packages/statistics_msgs)
[1.833s] Level 1:colcon.colcon_core.environment:create_environment_scripts_only(rosgraph_msgs)
[1.833s] Level 1:colcon.colcon_core.environment:checking '/root/ros_ws/src/Rescue_Car_ws/install/rosgraph_msgs' for CMake module files
[1.834s] DEBUG:colcon.colcon_core.event_handler.log_command:Invoked command in '/root/ros_ws/src/Rescue_Car_ws/build/rosgraph_msgs' returned '0': CMAKE_PREFIX_PATH=/root/ros_ws/src/Rescue_Car_ws/install/builtin_interfaces:/root/ros_ws/src/Rescue_Car_ws/install/micro_ros_demos_rclc:/root/ros_ws/src/Rescue_Car_ws/install/common_interfaces:/root/ros_ws/src/Rescue_Car_ws/install/visualization_msgs:/root/ros_ws/src/Rescue_Car_ws/install/test_msgs:/root/ros_ws/src/Rescue_Car_ws/install/example_interfaces:/root/ros_ws/src/Rescue_Car_ws/install/action_msgs:/root/ros_ws/src/Rescue_Car_ws/install/unique_identifier_msgs:/root/ros_ws/src/Rescue_Car_ws/install/trajectory_msgs:/root/ros_ws/src/Rescue_Car_ws/install/stereo_msgs:/root/ros_ws/src/Rescue_Car_ws/install/std_srvs:/root/ros_ws/src/Rescue_Car_ws/install/shape_msgs:/root/ros_ws/src/Rescue_Car_ws/install/sensor_msgs:/root/ros_ws/src/Rescue_Car_ws/install/nav_msgs:/root/ros_ws/src/Rescue_Car_ws/install/diagnostic_msgs:/root/ros_ws/src/Rescue_Car_ws/install/geometry_msgs:/root/ros_ws/src/Rescue_Car_ws/install/actionlib_msgs:/root/ros_ws/src/Rescue_Car_ws/install/std_msgs:/root/ros_ws/src/Rescue_Car_ws/install/statistics_msgs:/root/ros_ws/src/Rescue_Car_ws/install/rosidl_typesupport_microxrcedds_test_msg:/root/ros_ws/src/Rescue_Car_ws/install/rosidl_typesupport_microxrcedds_cpp_tests:/root/ros_ws/src/Rescue_Car_ws/install/rmw_microxrcedds:/root/ros_ws/src/Rescue_Car_ws/install/rosidl_typesupport_microxrcedds_cpp:/root/ros_ws/src/Rescue_Car_ws/install/rosidl_typesupport_microxrcedds_c_tests:/root/ros_ws/src/Rescue_Car_ws/install/rosidl_typesupport_microxrcedds_c:/root/ros_ws/src/Rescue_Car_ws/install/rosgraph_msgs:/root/ros_ws/src/Rescue_Car_ws/install/rclc_parameter:/root/ros_ws/src/Rescue_Car_ws/install/rclc:/root/ros_ws/src/Rescue_Car_ws/install/composition_interfaces:/root/ros_ws/src/Rescue_Car_ws/install/rcl_interfaces:/root/ros_ws/src/Rescue_Car_ws/install/microxrcedds_client:/root/ros_ws/src/Rescue_Car_ws/install/microcdr:/root/ros_ws/src/Rescue_Car_ws/install/micro_ros_utilities:/root/ros_ws/src/Rescue_Car_ws/install/micro_ros_setup:/root/ros_ws/src/Rescue_Car_ws/install/micro_ros_agent:/root/ros_ws/src/Rescue_Car_ws/install/micro_ros_msgs:/root/ros_ws/src/Rescue_Car_ws/install/lifecycle_msgs:/root/ros_ws/src/Rescue_Car_ws/install/complex_msgs:/root/ros_ws/src/Rescue_Car_ws/install/car:/root/ros_ws/src/Rescue_Car_ws/install/sensor_msgs_py:/opt/ros/humble LD_LIBRARY_PATH=/root/ros_ws/src/Rescue_Car_ws/install/builtin_interfaces/lib:/root/ros_ws/src/Rescue_Car_ws/install/visualization_msgs/lib:/root/ros_ws/src/Rescue_Car_ws/install/test_msgs/lib:/root/ros_ws/src/Rescue_Car_ws/install/example_interfaces/lib:/root/ros_ws/src/Rescue_Car_ws/install/action_msgs/lib:/root/ros_ws/src/Rescue_Car_ws/install/unique_identifier_msgs/lib:/root/ros_ws/src/Rescue_Car_ws/install/trajectory_msgs/lib:/root/ros_ws/src/Rescue_Car_ws/install/stereo_msgs/lib:/root/ros_ws/src/Rescue_Car_ws/install/std_srvs/lib:/root/ros_ws/src/Rescue_Car_ws/install/shape_msgs/lib:/root/ros_ws/src/Rescue_Car_ws/install/sensor_msgs/lib:/root/ros_ws/src/Rescue_Car_ws/install/nav_msgs/lib:/root/ros_ws/src/Rescue_Car_ws/install/diagnostic_msgs/lib:/root/ros_ws/src/Rescue_Car_ws/install/geometry_msgs/lib:/root/ros_ws/src/Rescue_Car_ws/install/actionlib_msgs/lib:/root/ros_ws/src/Rescue_Car_ws/install/std_msgs/lib:/root/ros_ws/src/Rescue_Car_ws/install/statistics_msgs/lib:/root/ros_ws/src/Rescue_Car_ws/install/rosidl_typesupport_microxrcedds_test_msg/lib:/root/ros_ws/src/Rescue_Car_ws/install/rmw_microxrcedds/lib:/root/ros_ws/src/Rescue_Car_ws/install/rosidl_typesupport_microxrcedds_cpp/lib:/root/ros_ws/src/Rescue_Car_ws/install/rosidl_typesupport_microxrcedds_c/lib:/root/ros_ws/src/Rescue_Car_ws/install/rosgraph_msgs/lib:/root/ros_ws/src/Rescue_Car_ws/install/rclc_parameter/lib:/root/ros_ws/src/Rescue_Car_ws/install/rclc/lib:/root/ros_ws/src/Rescue_Car_ws/install/composition_interfaces/lib:/root/ros_ws/src/Rescue_Car_ws/install/rcl_interfaces/lib:/root/ros_ws/src/Rescue_Car_ws/install/micro_ros_utilities/lib:/root/ros_ws/src/Rescue_Car_ws/install/micro_ros_agent/lib:/root/ros_ws/src/Rescue_Car_ws/install/micro_ros_msgs/lib:/root/ros_ws/src/Rescue_Car_ws/install/lifecycle_msgs/lib:/root/ros_ws/src/Rescue_Car_ws/install/complex_msgs/lib:/usr/lib/x86_64-linux-gnu/gazebo-11/plugins:/opt/ros/humble/opt/rviz_ogre_vendor/lib:/opt/ros/humble/lib/x86_64-linux-gnu:/opt/ros/humble/lib /usr/bin/cmake --install /root/ros_ws/src/Rescue_Car_ws/build/rosgraph_msgs
[1.834s] Level 1:colcon.colcon_core.environment:checking '/root/ros_ws/src/Rescue_Car_ws/install/rosgraph_msgs' for CMake config files
[1.835s] Level 1:colcon.colcon_core.shell:create_environment_hook('rosgraph_msgs', 'cmake_prefix_path')
[1.835s] INFO:colcon.colcon_core.shell:Creating environment hook '/root/ros_ws/src/Rescue_Car_ws/install/rosgraph_msgs/share/rosgraph_msgs/hook/cmake_prefix_path.ps1'
[1.835s] INFO:colcon.colcon_core.shell:Creating environment descriptor '/root/ros_ws/src/Rescue_Car_ws/install/rosgraph_msgs/share/rosgraph_msgs/hook/cmake_prefix_path.dsv'
[1.835s] INFO:colcon.colcon_core.shell:Creating environment hook '/root/ros_ws/src/Rescue_Car_ws/install/rosgraph_msgs/share/rosgraph_msgs/hook/cmake_prefix_path.sh'
[1.836s] Level 1:colcon.colcon_core.environment:checking '/root/ros_ws/src/Rescue_Car_ws/install/rosgraph_msgs/lib'
[1.836s] Level 1:colcon.colcon_core.shell:create_environment_hook('rosgraph_msgs', 'ld_library_path_lib')
[1.836s] INFO:colcon.colcon_core.shell:Creating environment hook '/root/ros_ws/src/Rescue_Car_ws/install/rosgraph_msgs/share/rosgraph_msgs/hook/ld_library_path_lib.ps1'
[1.836s] INFO:colcon.colcon_core.shell:Creating environment descriptor '/root/ros_ws/src/Rescue_Car_ws/install/rosgraph_msgs/share/rosgraph_msgs/hook/ld_library_path_lib.dsv'
[1.837s] INFO:colcon.colcon_core.shell:Creating environment hook '/root/ros_ws/src/Rescue_Car_ws/install/rosgraph_msgs/share/rosgraph_msgs/hook/ld_library_path_lib.sh'
[1.837s] Level 1:colcon.colcon_core.environment:checking '/root/ros_ws/src/Rescue_Car_ws/install/rosgraph_msgs/bin'
[1.837s] Level 1:colcon.colcon_core.environment:checking '/root/ros_ws/src/Rescue_Car_ws/install/rosgraph_msgs/lib/pkgconfig/rosgraph_msgs.pc'
[1.837s] Level 1:colcon.colcon_core.environment:checking '/root/ros_ws/src/Rescue_Car_ws/install/rosgraph_msgs/lib/python3.10/site-packages'
[1.837s] Level 1:colcon.colcon_core.environment:checking '/root/ros_ws/src/Rescue_Car_ws/install/rosgraph_msgs/bin'
[1.837s] INFO:colcon.colcon_core.shell:Creating package script '/root/ros_ws/src/Rescue_Car_ws/install/rosgraph_msgs/share/rosgraph_msgs/package.ps1'
[1.838s] INFO:colcon.colcon_core.shell:Creating package descriptor '/root/ros_ws/src/Rescue_Car_ws/install/rosgraph_msgs/share/rosgraph_msgs/package.dsv'
[1.838s] INFO:colcon.colcon_core.shell:Creating package script '/root/ros_ws/src/Rescue_Car_ws/install/rosgraph_msgs/share/rosgraph_msgs/package.sh'
[1.838s] INFO:colcon.colcon_core.shell:Creating package script '/root/ros_ws/src/Rescue_Car_ws/install/rosgraph_msgs/share/rosgraph_msgs/package.bash'
[1.839s] INFO:colcon.colcon_core.shell:Creating package script '/root/ros_ws/src/Rescue_Car_ws/install/rosgraph_msgs/share/rosgraph_msgs/package.zsh'
[1.839s] Level 1:colcon.colcon_core.environment:create_file_with_runtime_dependencies(/root/ros_ws/src/Rescue_Car_ws/install/rosgraph_msgs/share/colcon-core/packages/rosgraph_msgs)
[1.839s] Level 1:colcon.colcon_core.environment:create_environment_scripts_only(rosgraph_msgs)
[1.839s] Level 1:colcon.colcon_core.environment:checking '/root/ros_ws/src/Rescue_Car_ws/install/rosgraph_msgs' for CMake module files
[1.840s] Level 1:colcon.colcon_core.environment:checking '/root/ros_ws/src/Rescue_Car_ws/install/rosgraph_msgs' for CMake config files
[1.840s] Level 1:colcon.colcon_core.shell:create_environment_hook('rosgraph_msgs', 'cmake_prefix_path')
[1.840s] INFO:colcon.colcon_core.shell:Creating environment hook '/root/ros_ws/src/Rescue_Car_ws/install/rosgraph_msgs/share/rosgraph_msgs/hook/cmake_prefix_path.ps1'
[1.841s] INFO:colcon.colcon_core.shell:Creating environment descriptor '/root/ros_ws/src/Rescue_Car_ws/install/rosgraph_msgs/share/rosgraph_msgs/hook/cmake_prefix_path.dsv'
[1.841s] INFO:colcon.colcon_core.shell:Creating environment hook '/root/ros_ws/src/Rescue_Car_ws/install/rosgraph_msgs/share/rosgraph_msgs/hook/cmake_prefix_path.sh'
[1.841s] Level 1:colcon.colcon_core.environment:checking '/root/ros_ws/src/Rescue_Car_ws/install/rosgraph_msgs/lib'
[1.842s] Level 1:colcon.colcon_core.shell:create_environment_hook('rosgraph_msgs', 'ld_library_path_lib')
[1.842s] INFO:colcon.colcon_core.shell:Creating environment hook '/root/ros_ws/src/Rescue_Car_ws/install/rosgraph_msgs/share/rosgraph_msgs/hook/ld_library_path_lib.ps1'
[1.842s] INFO:colcon.colcon_core.shell:Creating environment descriptor '/root/ros_ws/src/Rescue_Car_ws/install/rosgraph_msgs/share/rosgraph_msgs/hook/ld_library_path_lib.dsv'
[1.842s] INFO:colcon.colcon_core.shell:Creating environment hook '/root/ros_ws/src/Rescue_Car_ws/install/rosgraph_msgs/share/rosgraph_msgs/hook/ld_library_path_lib.sh'
[1.842s] Level 1:colcon.colcon_core.environment:checking '/root/ros_ws/src/Rescue_Car_ws/install/rosgraph_msgs/bin'
[1.843s] Level 1:colcon.colcon_core.environment:checking '/root/ros_ws/src/Rescue_Car_ws/install/rosgraph_msgs/lib/pkgconfig/rosgraph_msgs.pc'
[1.843s] Level 1:colcon.colcon_core.environment:checking '/root/ros_ws/src/Rescue_Car_ws/install/rosgraph_msgs/lib/python3.10/site-packages'
[1.843s] Level 1:colcon.colcon_core.environment:checking '/root/ros_ws/src/Rescue_Car_ws/install/rosgraph_msgs/bin'
[1.843s] INFO:colcon.colcon_core.shell:Creating package script '/root/ros_ws/src/Rescue_Car_ws/install/rosgraph_msgs/share/rosgraph_msgs/package.ps1'
[1.843s] INFO:colcon.colcon_core.shell:Creating package descriptor '/root/ros_ws/src/Rescue_Car_ws/install/rosgraph_msgs/share/rosgraph_msgs/package.dsv'
[1.844s] INFO:colcon.colcon_core.shell:Creating package script '/root/ros_ws/src/Rescue_Car_ws/install/rosgraph_msgs/share/rosgraph_msgs/package.sh'
[1.844s] INFO:colcon.colcon_core.shell:Creating package script '/root/ros_ws/src/Rescue_Car_ws/install/rosgraph_msgs/share/rosgraph_msgs/package.bash'
[1.844s] INFO:colcon.colcon_core.shell:Creating package script '/root/ros_ws/src/Rescue_Car_ws/install/rosgraph_msgs/share/rosgraph_msgs/package.zsh'
[1.844s] Level 1:colcon.colcon_core.environment:create_file_with_runtime_dependencies(/root/ros_ws/src/Rescue_Car_ws/install/rosgraph_msgs/share/colcon-core/packages/rosgraph_msgs)
[1.847s] Level 1:colcon.colcon_core.environment:create_environment_scripts_only(std_msgs)
[1.847s] DEBUG:colcon.colcon_core.event_handler.log_command:Invoked command in '/root/ros_ws/src/Rescue_Car_ws/build/rosidl_typesupport_microxrcedds_cpp' returned '0': CMAKE_PREFIX_PATH=/root/ros_ws/src/Rescue_Car_ws/install/rosidl_typesupport_microxrcedds_c:/root/ros_ws/src/Rescue_Car_ws/install/microcdr:/root/ros_ws/src/Rescue_Car_ws/install/micro_ros_demos_rclc:/root/ros_ws/src/Rescue_Car_ws/install/common_interfaces:/root/ros_ws/src/Rescue_Car_ws/install/visualization_msgs:/root/ros_ws/src/Rescue_Car_ws/install/test_msgs:/root/ros_ws/src/Rescue_Car_ws/install/example_interfaces:/root/ros_ws/src/Rescue_Car_ws/install/action_msgs:/root/ros_ws/src/Rescue_Car_ws/install/unique_identifier_msgs:/root/ros_ws/src/Rescue_Car_ws/install/trajectory_msgs:/root/ros_ws/src/Rescue_Car_ws/install/stereo_msgs:/root/ros_ws/src/Rescue_Car_ws/install/std_srvs:/root/ros_ws/src/Rescue_Car_ws/install/shape_msgs:/root/ros_ws/src/Rescue_Car_ws/install/sensor_msgs:/root/ros_ws/src/Rescue_Car_ws/install/nav_msgs:/root/ros_ws/src/Rescue_Car_ws/install/diagnostic_msgs:/root/ros_ws/src/Rescue_Car_ws/install/geometry_msgs:/root/ros_ws/src/Rescue_Car_ws/install/actionlib_msgs:/root/ros_ws/src/Rescue_Car_ws/install/std_msgs:/root/ros_ws/src/Rescue_Car_ws/install/statistics_msgs:/root/ros_ws/src/Rescue_Car_ws/install/rosidl_typesupport_microxrcedds_test_msg:/root/ros_ws/src/Rescue_Car_ws/install/rosidl_typesupport_microxrcedds_cpp_tests:/root/ros_ws/src/Rescue_Car_ws/install/rmw_microxrcedds:/root/ros_ws/src/Rescue_Car_ws/install/rosidl_typesupport_microxrcedds_cpp:/root/ros_ws/src/Rescue_Car_ws/install/rosidl_typesupport_microxrcedds_c_tests:/root/ros_ws/src/Rescue_Car_ws/install/rosgraph_msgs:/root/ros_ws/src/Rescue_Car_ws/install/rclc_parameter:/root/ros_ws/src/Rescue_Car_ws/install/rclc:/root/ros_ws/src/Rescue_Car_ws/install/composition_interfaces:/root/ros_ws/src/Rescue_Car_ws/install/rcl_interfaces:/root/ros_ws/src/Rescue_Car_ws/install/microxrcedds_client:/root/ros_ws/src/Rescue_Car_ws/install/micro_ros_utilities:/root/ros_ws/src/Rescue_Car_ws/install/micro_ros_setup:/root/ros_ws/src/Rescue_Car_ws/install/micro_ros_agent:/root/ros_ws/src/Rescue_Car_ws/install/micro_ros_msgs:/root/ros_ws/src/Rescue_Car_ws/install/lifecycle_msgs:/root/ros_ws/src/Rescue_Car_ws/install/complex_msgs:/root/ros_ws/src/Rescue_Car_ws/install/car:/root/ros_ws/src/Rescue_Car_ws/install/builtin_interfaces:/root/ros_ws/src/Rescue_Car_ws/install/sensor_msgs_py:/opt/ros/humble /usr/bin/cmake --build /root/ros_ws/src/Rescue_Car_ws/build/rosidl_typesupport_microxrcedds_cpp -- -j20 -l20
[1.847s] Level 1:colcon.colcon_core.environment:checking '/root/ros_ws/src/Rescue_Car_ws/install/std_msgs' for CMake module files
[1.848s] DEBUG:colcon.colcon_core.event_handler.log_command:Invoking command in '/root/ros_ws/src/Rescue_Car_ws/build/rosidl_typesupport_microxrcedds_cpp': CMAKE_PREFIX_PATH=/root/ros_ws/src/Rescue_Car_ws/install/rosidl_typesupport_microxrcedds_c:/root/ros_ws/src/Rescue_Car_ws/install/microcdr:/root/ros_ws/src/Rescue_Car_ws/install/micro_ros_demos_rclc:/root/ros_ws/src/Rescue_Car_ws/install/common_interfaces:/root/ros_ws/src/Rescue_Car_ws/install/visualization_msgs:/root/ros_ws/src/Rescue_Car_ws/install/test_msgs:/root/ros_ws/src/Rescue_Car_ws/install/example_interfaces:/root/ros_ws/src/Rescue_Car_ws/install/action_msgs:/root/ros_ws/src/Rescue_Car_ws/install/unique_identifier_msgs:/root/ros_ws/src/Rescue_Car_ws/install/trajectory_msgs:/root/ros_ws/src/Rescue_Car_ws/install/stereo_msgs:/root/ros_ws/src/Rescue_Car_ws/install/std_srvs:/root/ros_ws/src/Rescue_Car_ws/install/shape_msgs:/root/ros_ws/src/Rescue_Car_ws/install/sensor_msgs:/root/ros_ws/src/Rescue_Car_ws/install/nav_msgs:/root/ros_ws/src/Rescue_Car_ws/install/diagnostic_msgs:/root/ros_ws/src/Rescue_Car_ws/install/geometry_msgs:/root/ros_ws/src/Rescue_Car_ws/install/actionlib_msgs:/root/ros_ws/src/Rescue_Car_ws/install/std_msgs:/root/ros_ws/src/Rescue_Car_ws/install/statistics_msgs:/root/ros_ws/src/Rescue_Car_ws/install/rosidl_typesupport_microxrcedds_test_msg:/root/ros_ws/src/Rescue_Car_ws/install/rosidl_typesupport_microxrcedds_cpp_tests:/root/ros_ws/src/Rescue_Car_ws/install/rmw_microxrcedds:/root/ros_ws/src/Rescue_Car_ws/install/rosidl_typesupport_microxrcedds_cpp:/root/ros_ws/src/Rescue_Car_ws/install/rosidl_typesupport_microxrcedds_c_tests:/root/ros_ws/src/Rescue_Car_ws/install/rosgraph_msgs:/root/ros_ws/src/Rescue_Car_ws/install/rclc_parameter:/root/ros_ws/src/Rescue_Car_ws/install/rclc:/root/ros_ws/src/Rescue_Car_ws/install/composition_interfaces:/root/ros_ws/src/Rescue_Car_ws/install/rcl_interfaces:/root/ros_ws/src/Rescue_Car_ws/install/microxrcedds_client:/root/ros_ws/src/Rescue_Car_ws/install/micro_ros_utilities:/root/ros_ws/src/Rescue_Car_ws/install/micro_ros_setup:/root/ros_ws/src/Rescue_Car_ws/install/micro_ros_agent:/root/ros_ws/src/Rescue_Car_ws/install/micro_ros_msgs:/root/ros_ws/src/Rescue_Car_ws/install/lifecycle_msgs:/root/ros_ws/src/Rescue_Car_ws/install/complex_msgs:/root/ros_ws/src/Rescue_Car_ws/install/car:/root/ros_ws/src/Rescue_Car_ws/install/builtin_interfaces:/root/ros_ws/src/Rescue_Car_ws/install/sensor_msgs_py:/opt/ros/humble /usr/bin/cmake --install /root/ros_ws/src/Rescue_Car_ws/build/rosidl_typesupport_microxrcedds_cpp
[1.848s] DEBUG:colcon.colcon_core.event_handler.log_command:Invoked command in '/root/ros_ws/src/Rescue_Car_ws/build/std_msgs' returned '0': CMAKE_PREFIX_PATH=/root/ros_ws/src/Rescue_Car_ws/install/builtin_interfaces:/root/ros_ws/src/Rescue_Car_ws/install/micro_ros_demos_rclc:/root/ros_ws/src/Rescue_Car_ws/install/common_interfaces:/root/ros_ws/src/Rescue_Car_ws/install/visualization_msgs:/root/ros_ws/src/Rescue_Car_ws/install/test_msgs:/root/ros_ws/src/Rescue_Car_ws/install/example_interfaces:/root/ros_ws/src/Rescue_Car_ws/install/action_msgs:/root/ros_ws/src/Rescue_Car_ws/install/unique_identifier_msgs:/root/ros_ws/src/Rescue_Car_ws/install/trajectory_msgs:/root/ros_ws/src/Rescue_Car_ws/install/stereo_msgs:/root/ros_ws/src/Rescue_Car_ws/install/std_srvs:/root/ros_ws/src/Rescue_Car_ws/install/shape_msgs:/root/ros_ws/src/Rescue_Car_ws/install/sensor_msgs:/root/ros_ws/src/Rescue_Car_ws/install/nav_msgs:/root/ros_ws/src/Rescue_Car_ws/install/diagnostic_msgs:/root/ros_ws/src/Rescue_Car_ws/install/geometry_msgs:/root/ros_ws/src/Rescue_Car_ws/install/actionlib_msgs:/root/ros_ws/src/Rescue_Car_ws/install/std_msgs:/root/ros_ws/src/Rescue_Car_ws/install/statistics_msgs:/root/ros_ws/src/Rescue_Car_ws/install/rosidl_typesupport_microxrcedds_test_msg:/root/ros_ws/src/Rescue_Car_ws/install/rosidl_typesupport_microxrcedds_cpp_tests:/root/ros_ws/src/Rescue_Car_ws/install/rmw_microxrcedds:/root/ros_ws/src/Rescue_Car_ws/install/rosidl_typesupport_microxrcedds_cpp:/root/ros_ws/src/Rescue_Car_ws/install/rosidl_typesupport_microxrcedds_c_tests:/root/ros_ws/src/Rescue_Car_ws/install/rosidl_typesupport_microxrcedds_c:/root/ros_ws/src/Rescue_Car_ws/install/rosgraph_msgs:/root/ros_ws/src/Rescue_Car_ws/install/rclc_parameter:/root/ros_ws/src/Rescue_Car_ws/install/rclc:/root/ros_ws/src/Rescue_Car_ws/install/composition_interfaces:/root/ros_ws/src/Rescue_Car_ws/install/rcl_interfaces:/root/ros_ws/src/Rescue_Car_ws/install/microxrcedds_client:/root/ros_ws/src/Rescue_Car_ws/install/microcdr:/root/ros_ws/src/Rescue_Car_ws/install/micro_ros_utilities:/root/ros_ws/src/Rescue_Car_ws/install/micro_ros_setup:/root/ros_ws/src/Rescue_Car_ws/install/micro_ros_agent:/root/ros_ws/src/Rescue_Car_ws/install/micro_ros_msgs:/root/ros_ws/src/Rescue_Car_ws/install/lifecycle_msgs:/root/ros_ws/src/Rescue_Car_ws/install/complex_msgs:/root/ros_ws/src/Rescue_Car_ws/install/car:/root/ros_ws/src/Rescue_Car_ws/install/sensor_msgs_py:/opt/ros/humble LD_LIBRARY_PATH=/root/ros_ws/src/Rescue_Car_ws/install/builtin_interfaces/lib:/root/ros_ws/src/Rescue_Car_ws/install/visualization_msgs/lib:/root/ros_ws/src/Rescue_Car_ws/install/test_msgs/lib:/root/ros_ws/src/Rescue_Car_ws/install/example_interfaces/lib:/root/ros_ws/src/Rescue_Car_ws/install/action_msgs/lib:/root/ros_ws/src/Rescue_Car_ws/install/unique_identifier_msgs/lib:/root/ros_ws/src/Rescue_Car_ws/install/trajectory_msgs/lib:/root/ros_ws/src/Rescue_Car_ws/install/stereo_msgs/lib:/root/ros_ws/src/Rescue_Car_ws/install/std_srvs/lib:/root/ros_ws/src/Rescue_Car_ws/install/shape_msgs/lib:/root/ros_ws/src/Rescue_Car_ws/install/sensor_msgs/lib:/root/ros_ws/src/Rescue_Car_ws/install/nav_msgs/lib:/root/ros_ws/src/Rescue_Car_ws/install/diagnostic_msgs/lib:/root/ros_ws/src/Rescue_Car_ws/install/geometry_msgs/lib:/root/ros_ws/src/Rescue_Car_ws/install/actionlib_msgs/lib:/root/ros_ws/src/Rescue_Car_ws/install/std_msgs/lib:/root/ros_ws/src/Rescue_Car_ws/install/statistics_msgs/lib:/root/ros_ws/src/Rescue_Car_ws/install/rosidl_typesupport_microxrcedds_test_msg/lib:/root/ros_ws/src/Rescue_Car_ws/install/rmw_microxrcedds/lib:/root/ros_ws/src/Rescue_Car_ws/install/rosidl_typesupport_microxrcedds_cpp/lib:/root/ros_ws/src/Rescue_Car_ws/install/rosidl_typesupport_microxrcedds_c/lib:/root/ros_ws/src/Rescue_Car_ws/install/rosgraph_msgs/lib:/root/ros_ws/src/Rescue_Car_ws/install/rclc_parameter/lib:/root/ros_ws/src/Rescue_Car_ws/install/rclc/lib:/root/ros_ws/src/Rescue_Car_ws/install/composition_interfaces/lib:/root/ros_ws/src/Rescue_Car_ws/install/rcl_interfaces/lib:/root/ros_ws/src/Rescue_Car_ws/install/micro_ros_utilities/lib:/root/ros_ws/src/Rescue_Car_ws/install/micro_ros_agent/lib:/root/ros_ws/src/Rescue_Car_ws/install/micro_ros_msgs/lib:/root/ros_ws/src/Rescue_Car_ws/install/lifecycle_msgs/lib:/root/ros_ws/src/Rescue_Car_ws/install/complex_msgs/lib:/usr/lib/x86_64-linux-gnu/gazebo-11/plugins:/opt/ros/humble/opt/rviz_ogre_vendor/lib:/opt/ros/humble/lib/x86_64-linux-gnu:/opt/ros/humble/lib /usr/bin/cmake --install /root/ros_ws/src/Rescue_Car_ws/build/std_msgs
[1.849s] Level 1:colcon.colcon_core.environment:checking '/root/ros_ws/src/Rescue_Car_ws/install/std_msgs' for CMake config files
[1.849s] Level 1:colcon.colcon_core.shell:create_environment_hook('std_msgs', 'cmake_prefix_path')
[1.849s] INFO:colcon.colcon_core.shell:Creating environment hook '/root/ros_ws/src/Rescue_Car_ws/install/std_msgs/share/std_msgs/hook/cmake_prefix_path.ps1'
[1.850s] INFO:colcon.colcon_core.shell:Creating environment descriptor '/root/ros_ws/src/Rescue_Car_ws/install/std_msgs/share/std_msgs/hook/cmake_prefix_path.dsv'
[1.850s] INFO:colcon.colcon_core.shell:Creating environment hook '/root/ros_ws/src/Rescue_Car_ws/install/std_msgs/share/std_msgs/hook/cmake_prefix_path.sh'
[1.850s] Level 1:colcon.colcon_core.environment:checking '/root/ros_ws/src/Rescue_Car_ws/install/std_msgs/lib'
[1.851s] Level 1:colcon.colcon_core.shell:create_environment_hook('std_msgs', 'ld_library_path_lib')
[1.851s] INFO:colcon.colcon_core.shell:Creating environment hook '/root/ros_ws/src/Rescue_Car_ws/install/std_msgs/share/std_msgs/hook/ld_library_path_lib.ps1'
[1.851s] INFO:colcon.colcon_core.shell:Creating environment descriptor '/root/ros_ws/src/Rescue_Car_ws/install/std_msgs/share/std_msgs/hook/ld_library_path_lib.dsv'
[1.851s] INFO:colcon.colcon_core.shell:Creating environment hook '/root/ros_ws/src/Rescue_Car_ws/install/std_msgs/share/std_msgs/hook/ld_library_path_lib.sh'
[1.852s] Level 1:colcon.colcon_core.environment:checking '/root/ros_ws/src/Rescue_Car_ws/install/std_msgs/bin'
[1.852s] Level 1:colcon.colcon_core.environment:checking '/root/ros_ws/src/Rescue_Car_ws/install/std_msgs/lib/pkgconfig/std_msgs.pc'
[1.852s] Level 1:colcon.colcon_core.environment:checking '/root/ros_ws/src/Rescue_Car_ws/install/std_msgs/lib/python3.10/site-packages'
[1.852s] Level 1:colcon.colcon_core.environment:checking '/root/ros_ws/src/Rescue_Car_ws/install/std_msgs/bin'
[1.852s] INFO:colcon.colcon_core.shell:Creating package script '/root/ros_ws/src/Rescue_Car_ws/install/std_msgs/share/std_msgs/package.ps1'
[1.852s] INFO:colcon.colcon_core.shell:Creating package descriptor '/root/ros_ws/src/Rescue_Car_ws/install/std_msgs/share/std_msgs/package.dsv'
[1.853s] INFO:colcon.colcon_core.shell:Creating package script '/root/ros_ws/src/Rescue_Car_ws/install/std_msgs/share/std_msgs/package.sh'
[1.853s] INFO:colcon.colcon_core.shell:Creating package script '/root/ros_ws/src/Rescue_Car_ws/install/std_msgs/share/std_msgs/package.bash'
[1.853s] INFO:colcon.colcon_core.shell:Creating package script '/root/ros_ws/src/Rescue_Car_ws/install/std_msgs/share/std_msgs/package.zsh'
[1.853s] Level 1:colcon.colcon_core.environment:create_file_with_runtime_dependencies(/root/ros_ws/src/Rescue_Car_ws/install/std_msgs/share/colcon-core/packages/std_msgs)
[1.854s] Level 1:colcon.colcon_core.environment:create_environment_scripts_only(std_msgs)
[1.854s] Level 1:colcon.colcon_core.environment:checking '/root/ros_ws/src/Rescue_Car_ws/install/std_msgs' for CMake module files
[1.854s] Level 1:colcon.colcon_core.environment:checking '/root/ros_ws/src/Rescue_Car_ws/install/std_msgs' for CMake config files
[1.855s] Level 1:colcon.colcon_core.shell:create_environment_hook('std_msgs', 'cmake_prefix_path')
[1.855s] INFO:colcon.colcon_core.shell:Creating environment hook '/root/ros_ws/src/Rescue_Car_ws/install/std_msgs/share/std_msgs/hook/cmake_prefix_path.ps1'
[1.855s] INFO:colcon.colcon_core.shell:Creating environment descriptor '/root/ros_ws/src/Rescue_Car_ws/install/std_msgs/share/std_msgs/hook/cmake_prefix_path.dsv'
[1.856s] INFO:colcon.colcon_core.shell:Creating environment hook '/root/ros_ws/src/Rescue_Car_ws/install/std_msgs/share/std_msgs/hook/cmake_prefix_path.sh'
[1.856s] Level 1:colcon.colcon_core.environment:checking '/root/ros_ws/src/Rescue_Car_ws/install/std_msgs/lib'
[1.856s] Level 1:colcon.colcon_core.shell:create_environment_hook('std_msgs', 'ld_library_path_lib')
[1.856s] INFO:colcon.colcon_core.shell:Creating environment hook '/root/ros_ws/src/Rescue_Car_ws/install/std_msgs/share/std_msgs/hook/ld_library_path_lib.ps1'
[1.857s] INFO:colcon.colcon_core.shell:Creating environment descriptor '/root/ros_ws/src/Rescue_Car_ws/install/std_msgs/share/std_msgs/hook/ld_library_path_lib.dsv'
[1.857s] INFO:colcon.colcon_core.shell:Creating environment hook '/root/ros_ws/src/Rescue_Car_ws/install/std_msgs/share/std_msgs/hook/ld_library_path_lib.sh'
[1.857s] Level 1:colcon.colcon_core.environment:checking '/root/ros_ws/src/Rescue_Car_ws/install/std_msgs/bin'
[1.857s] Level 1:colcon.colcon_core.environment:checking '/root/ros_ws/src/Rescue_Car_ws/install/std_msgs/lib/pkgconfig/std_msgs.pc'
[1.857s] Level 1:colcon.colcon_core.environment:checking '/root/ros_ws/src/Rescue_Car_ws/install/std_msgs/lib/python3.10/site-packages'
[1.857s] Level 1:colcon.colcon_core.environment:checking '/root/ros_ws/src/Rescue_Car_ws/install/std_msgs/bin'
[1.858s] INFO:colcon.colcon_core.shell:Creating package script '/root/ros_ws/src/Rescue_Car_ws/install/std_msgs/share/std_msgs/package.ps1'
[1.858s] INFO:colcon.colcon_core.shell:Creating package descriptor '/root/ros_ws/src/Rescue_Car_ws/install/std_msgs/share/std_msgs/package.dsv'
[1.858s] INFO:colcon.colcon_core.shell:Creating package script '/root/ros_ws/src/Rescue_Car_ws/install/std_msgs/share/std_msgs/package.sh'
[1.859s] INFO:colcon.colcon_core.shell:Creating package script '/root/ros_ws/src/Rescue_Car_ws/install/std_msgs/share/std_msgs/package.bash'
[1.859s] INFO:colcon.colcon_core.shell:Creating package script '/root/ros_ws/src/Rescue_Car_ws/install/std_msgs/share/std_msgs/package.zsh'
[1.859s] Level 1:colcon.colcon_core.environment:create_file_with_runtime_dependencies(/root/ros_ws/src/Rescue_Car_ws/install/std_msgs/share/colcon-core/packages/std_msgs)
[1.860s] INFO:colcon.colcon_ros.task.ament_cmake.build:Building ROS package in '/root/ros_ws/src/Rescue_Car_ws/src/microros/src/ros2/common_interfaces/geometry_msgs' with build type 'ament_cmake'
[1.860s] INFO:colcon.colcon_cmake.task.cmake.build:Building CMake package in '/root/ros_ws/src/Rescue_Car_ws/src/microros/src/ros2/common_interfaces/geometry_msgs'
[1.860s] INFO:colcon.colcon_core.shell:Skip shell extension 'powershell' for command environment: Not usable outside of PowerShell
[1.860s] DEBUG:colcon.colcon_core.shell:Skip shell extension 'dsv' for command environment
[1.864s] INFO:colcon.colcon_ros.task.ament_cmake.build:Building ROS package in '/root/ros_ws/src/Rescue_Car_ws/src/microros/src/ros2/common_interfaces/actionlib_msgs' with build type 'ament_cmake'
[1.865s] INFO:colcon.colcon_cmake.task.cmake.build:Building CMake package in '/root/ros_ws/src/Rescue_Car_ws/src/microros/src/ros2/common_interfaces/actionlib_msgs'
[1.865s] INFO:colcon.colcon_core.shell:Skip shell extension 'powershell' for command environment: Not usable outside of PowerShell
[1.865s] DEBUG:colcon.colcon_core.shell:Skip shell extension 'dsv' for command environment
[1.869s] INFO:colcon.colcon_ros.task.ament_cmake.build:Building ROS package in '/root/ros_ws/src/Rescue_Car_ws/src/microros/src/ros2/rcl_interfaces/composition_interfaces' with build type 'ament_cmake'
[1.869s] INFO:colcon.colcon_cmake.task.cmake.build:Building CMake package in '/root/ros_ws/src/Rescue_Car_ws/src/microros/src/ros2/rcl_interfaces/composition_interfaces'
[1.869s] INFO:colcon.colcon_core.shell:Skip shell extension 'powershell' for command environment: Not usable outside of PowerShell
[1.869s] DEBUG:colcon.colcon_core.shell:Skip shell extension 'dsv' for command environment
[1.877s] DEBUG:colcon.colcon_core.event_handler.log_command:Invoked command in '/root/ros_ws/src/Rescue_Car_ws/build/action_msgs' returned '0': CMAKE_PREFIX_PATH=/root/ros_ws/src/Rescue_Car_ws/install/unique_identifier_msgs:/root/ros_ws/src/Rescue_Car_ws/install/builtin_interfaces:/root/ros_ws/src/Rescue_Car_ws/install/micro_ros_demos_rclc:/root/ros_ws/src/Rescue_Car_ws/install/common_interfaces:/root/ros_ws/src/Rescue_Car_ws/install/visualization_msgs:/root/ros_ws/src/Rescue_Car_ws/install/test_msgs:/root/ros_ws/src/Rescue_Car_ws/install/example_interfaces:/root/ros_ws/src/Rescue_Car_ws/install/action_msgs:/root/ros_ws/src/Rescue_Car_ws/install/trajectory_msgs:/root/ros_ws/src/Rescue_Car_ws/install/stereo_msgs:/root/ros_ws/src/Rescue_Car_ws/install/std_srvs:/root/ros_ws/src/Rescue_Car_ws/install/shape_msgs:/root/ros_ws/src/Rescue_Car_ws/install/sensor_msgs:/root/ros_ws/src/Rescue_Car_ws/install/nav_msgs:/root/ros_ws/src/Rescue_Car_ws/install/diagnostic_msgs:/root/ros_ws/src/Rescue_Car_ws/install/geometry_msgs:/root/ros_ws/src/Rescue_Car_ws/install/actionlib_msgs:/root/ros_ws/src/Rescue_Car_ws/install/std_msgs:/root/ros_ws/src/Rescue_Car_ws/install/statistics_msgs:/root/ros_ws/src/Rescue_Car_ws/install/rosidl_typesupport_microxrcedds_test_msg:/root/ros_ws/src/Rescue_Car_ws/install/rosidl_typesupport_microxrcedds_cpp_tests:/root/ros_ws/src/Rescue_Car_ws/install/rmw_microxrcedds:/root/ros_ws/src/Rescue_Car_ws/install/rosidl_typesupport_microxrcedds_cpp:/root/ros_ws/src/Rescue_Car_ws/install/rosidl_typesupport_microxrcedds_c_tests:/root/ros_ws/src/Rescue_Car_ws/install/rosidl_typesupport_microxrcedds_c:/root/ros_ws/src/Rescue_Car_ws/install/rosgraph_msgs:/root/ros_ws/src/Rescue_Car_ws/install/rclc_parameter:/root/ros_ws/src/Rescue_Car_ws/install/rclc:/root/ros_ws/src/Rescue_Car_ws/install/composition_interfaces:/root/ros_ws/src/Rescue_Car_ws/install/rcl_interfaces:/root/ros_ws/src/Rescue_Car_ws/install/microxrcedds_client:/root/ros_ws/src/Rescue_Car_ws/install/microcdr:/root/ros_ws/src/Rescue_Car_ws/install/micro_ros_utilities:/root/ros_ws/src/Rescue_Car_ws/install/micro_ros_setup:/root/ros_ws/src/Rescue_Car_ws/install/micro_ros_agent:/root/ros_ws/src/Rescue_Car_ws/install/micro_ros_msgs:/root/ros_ws/src/Rescue_Car_ws/install/lifecycle_msgs:/root/ros_ws/src/Rescue_Car_ws/install/complex_msgs:/root/ros_ws/src/Rescue_Car_ws/install/car:/root/ros_ws/src/Rescue_Car_ws/install/sensor_msgs_py:/opt/ros/humble LD_LIBRARY_PATH=/root/ros_ws/src/Rescue_Car_ws/install/unique_identifier_msgs/lib:/root/ros_ws/src/Rescue_Car_ws/install/builtin_interfaces/lib:/root/ros_ws/src/Rescue_Car_ws/install/visualization_msgs/lib:/root/ros_ws/src/Rescue_Car_ws/install/test_msgs/lib:/root/ros_ws/src/Rescue_Car_ws/install/example_interfaces/lib:/root/ros_ws/src/Rescue_Car_ws/install/action_msgs/lib:/root/ros_ws/src/Rescue_Car_ws/install/trajectory_msgs/lib:/root/ros_ws/src/Rescue_Car_ws/install/stereo_msgs/lib:/root/ros_ws/src/Rescue_Car_ws/install/std_srvs/lib:/root/ros_ws/src/Rescue_Car_ws/install/shape_msgs/lib:/root/ros_ws/src/Rescue_Car_ws/install/sensor_msgs/lib:/root/ros_ws/src/Rescue_Car_ws/install/nav_msgs/lib:/root/ros_ws/src/Rescue_Car_ws/install/diagnostic_msgs/lib:/root/ros_ws/src/Rescue_Car_ws/install/geometry_msgs/lib:/root/ros_ws/src/Rescue_Car_ws/install/actionlib_msgs/lib:/root/ros_ws/src/Rescue_Car_ws/install/std_msgs/lib:/root/ros_ws/src/Rescue_Car_ws/install/statistics_msgs/lib:/root/ros_ws/src/Rescue_Car_ws/install/rosidl_typesupport_microxrcedds_test_msg/lib:/root/ros_ws/src/Rescue_Car_ws/install/rmw_microxrcedds/lib:/root/ros_ws/src/Rescue_Car_ws/install/rosidl_typesupport_microxrcedds_cpp/lib:/root/ros_ws/src/Rescue_Car_ws/install/rosidl_typesupport_microxrcedds_c/lib:/root/ros_ws/src/Rescue_Car_ws/install/rosgraph_msgs/lib:/root/ros_ws/src/Rescue_Car_ws/install/rclc_parameter/lib:/root/ros_ws/src/Rescue_Car_ws/install/rclc/lib:/root/ros_ws/src/Rescue_Car_ws/install/composition_interfaces/lib:/root/ros_ws/src/Rescue_Car_ws/install/rcl_interfaces/lib:/root/ros_ws/src/Rescue_Car_ws/install/micro_ros_utilities/lib:/root/ros_ws/src/Rescue_Car_ws/install/micro_ros_agent/lib:/root/ros_ws/src/Rescue_Car_ws/install/micro_ros_msgs/lib:/root/ros_ws/src/Rescue_Car_ws/install/lifecycle_msgs/lib:/root/ros_ws/src/Rescue_Car_ws/install/complex_msgs/lib:/usr/lib/x86_64-linux-gnu/gazebo-11/plugins:/opt/ros/humble/opt/rviz_ogre_vendor/lib:/opt/ros/humble/lib/x86_64-linux-gnu:/opt/ros/humble/lib /usr/bin/cmake --build /root/ros_ws/src/Rescue_Car_ws/build/action_msgs -- -j20 -l20
[1.880s] DEBUG:colcon.colcon_core.event_handler.log_command:Invoking command in '/root/ros_ws/src/Rescue_Car_ws/build/action_msgs': CMAKE_PREFIX_PATH=/root/ros_ws/src/Rescue_Car_ws/install/unique_identifier_msgs:/root/ros_ws/src/Rescue_Car_ws/install/builtin_interfaces:/root/ros_ws/src/Rescue_Car_ws/install/micro_ros_demos_rclc:/root/ros_ws/src/Rescue_Car_ws/install/common_interfaces:/root/ros_ws/src/Rescue_Car_ws/install/visualization_msgs:/root/ros_ws/src/Rescue_Car_ws/install/test_msgs:/root/ros_ws/src/Rescue_Car_ws/install/example_interfaces:/root/ros_ws/src/Rescue_Car_ws/install/action_msgs:/root/ros_ws/src/Rescue_Car_ws/install/trajectory_msgs:/root/ros_ws/src/Rescue_Car_ws/install/stereo_msgs:/root/ros_ws/src/Rescue_Car_ws/install/std_srvs:/root/ros_ws/src/Rescue_Car_ws/install/shape_msgs:/root/ros_ws/src/Rescue_Car_ws/install/sensor_msgs:/root/ros_ws/src/Rescue_Car_ws/install/nav_msgs:/root/ros_ws/src/Rescue_Car_ws/install/diagnostic_msgs:/root/ros_ws/src/Rescue_Car_ws/install/geometry_msgs:/root/ros_ws/src/Rescue_Car_ws/install/actionlib_msgs:/root/ros_ws/src/Rescue_Car_ws/install/std_msgs:/root/ros_ws/src/Rescue_Car_ws/install/statistics_msgs:/root/ros_ws/src/Rescue_Car_ws/install/rosidl_typesupport_microxrcedds_test_msg:/root/ros_ws/src/Rescue_Car_ws/install/rosidl_typesupport_microxrcedds_cpp_tests:/root/ros_ws/src/Rescue_Car_ws/install/rmw_microxrcedds:/root/ros_ws/src/Rescue_Car_ws/install/rosidl_typesupport_microxrcedds_cpp:/root/ros_ws/src/Rescue_Car_ws/install/rosidl_typesupport_microxrcedds_c_tests:/root/ros_ws/src/Rescue_Car_ws/install/rosidl_typesupport_microxrcedds_c:/root/ros_ws/src/Rescue_Car_ws/install/rosgraph_msgs:/root/ros_ws/src/Rescue_Car_ws/install/rclc_parameter:/root/ros_ws/src/Rescue_Car_ws/install/rclc:/root/ros_ws/src/Rescue_Car_ws/install/composition_interfaces:/root/ros_ws/src/Rescue_Car_ws/install/rcl_interfaces:/root/ros_ws/src/Rescue_Car_ws/install/microxrcedds_client:/root/ros_ws/src/Rescue_Car_ws/install/microcdr:/root/ros_ws/src/Rescue_Car_ws/install/micro_ros_utilities:/root/ros_ws/src/Rescue_Car_ws/install/micro_ros_setup:/root/ros_ws/src/Rescue_Car_ws/install/micro_ros_agent:/root/ros_ws/src/Rescue_Car_ws/install/micro_ros_msgs:/root/ros_ws/src/Rescue_Car_ws/install/lifecycle_msgs:/root/ros_ws/src/Rescue_Car_ws/install/complex_msgs:/root/ros_ws/src/Rescue_Car_ws/install/car:/root/ros_ws/src/Rescue_Car_ws/install/sensor_msgs_py:/opt/ros/humble LD_LIBRARY_PATH=/root/ros_ws/src/Rescue_Car_ws/install/unique_identifier_msgs/lib:/root/ros_ws/src/Rescue_Car_ws/install/builtin_interfaces/lib:/root/ros_ws/src/Rescue_Car_ws/install/visualization_msgs/lib:/root/ros_ws/src/Rescue_Car_ws/install/test_msgs/lib:/root/ros_ws/src/Rescue_Car_ws/install/example_interfaces/lib:/root/ros_ws/src/Rescue_Car_ws/install/action_msgs/lib:/root/ros_ws/src/Rescue_Car_ws/install/trajectory_msgs/lib:/root/ros_ws/src/Rescue_Car_ws/install/stereo_msgs/lib:/root/ros_ws/src/Rescue_Car_ws/install/std_srvs/lib:/root/ros_ws/src/Rescue_Car_ws/install/shape_msgs/lib:/root/ros_ws/src/Rescue_Car_ws/install/sensor_msgs/lib:/root/ros_ws/src/Rescue_Car_ws/install/nav_msgs/lib:/root/ros_ws/src/Rescue_Car_ws/install/diagnostic_msgs/lib:/root/ros_ws/src/Rescue_Car_ws/install/geometry_msgs/lib:/root/ros_ws/src/Rescue_Car_ws/install/actionlib_msgs/lib:/root/ros_ws/src/Rescue_Car_ws/install/std_msgs/lib:/root/ros_ws/src/Rescue_Car_ws/install/statistics_msgs/lib:/root/ros_ws/src/Rescue_Car_ws/install/rosidl_typesupport_microxrcedds_test_msg/lib:/root/ros_ws/src/Rescue_Car_ws/install/rmw_microxrcedds/lib:/root/ros_ws/src/Rescue_Car_ws/install/rosidl_typesupport_microxrcedds_cpp/lib:/root/ros_ws/src/Rescue_Car_ws/install/rosidl_typesupport_microxrcedds_c/lib:/root/ros_ws/src/Rescue_Car_ws/install/rosgraph_msgs/lib:/root/ros_ws/src/Rescue_Car_ws/install/rclc_parameter/lib:/root/ros_ws/src/Rescue_Car_ws/install/rclc/lib:/root/ros_ws/src/Rescue_Car_ws/install/composition_interfaces/lib:/root/ros_ws/src/Rescue_Car_ws/install/rcl_interfaces/lib:/root/ros_ws/src/Rescue_Car_ws/install/micro_ros_utilities/lib:/root/ros_ws/src/Rescue_Car_ws/install/micro_ros_agent/lib:/root/ros_ws/src/Rescue_Car_ws/install/micro_ros_msgs/lib:/root/ros_ws/src/Rescue_Car_ws/install/lifecycle_msgs/lib:/root/ros_ws/src/Rescue_Car_ws/install/complex_msgs/lib:/usr/lib/x86_64-linux-gnu/gazebo-11/plugins:/opt/ros/humble/opt/rviz_ogre_vendor/lib:/opt/ros/humble/lib/x86_64-linux-gnu:/opt/ros/humble/lib /usr/bin/cmake --install /root/ros_ws/src/Rescue_Car_ws/build/action_msgs
[1.900s] Level 1:colcon.colcon_core.environment:create_environment_scripts_only(rosidl_typesupport_microxrcedds_cpp)
[1.900s] Level 1:colcon.colcon_core.environment:checking '/root/ros_ws/src/Rescue_Car_ws/install/rosidl_typesupport_microxrcedds_cpp' for CMake module files
[1.902s] Level 1:colcon.colcon_core.environment:checking '/root/ros_ws/src/Rescue_Car_ws/install/rosidl_typesupport_microxrcedds_cpp' for CMake config files
[1.911s] DEBUG:colcon.colcon_core.event_handler.log_command:Invoked command in '/root/ros_ws/src/Rescue_Car_ws/build/rosidl_typesupport_microxrcedds_cpp' returned '0': CMAKE_PREFIX_PATH=/root/ros_ws/src/Rescue_Car_ws/install/rosidl_typesupport_microxrcedds_c:/root/ros_ws/src/Rescue_Car_ws/install/microcdr:/root/ros_ws/src/Rescue_Car_ws/install/micro_ros_demos_rclc:/root/ros_ws/src/Rescue_Car_ws/install/common_interfaces:/root/ros_ws/src/Rescue_Car_ws/install/visualization_msgs:/root/ros_ws/src/Rescue_Car_ws/install/test_msgs:/root/ros_ws/src/Rescue_Car_ws/install/example_interfaces:/root/ros_ws/src/Rescue_Car_ws/install/action_msgs:/root/ros_ws/src/Rescue_Car_ws/install/unique_identifier_msgs:/root/ros_ws/src/Rescue_Car_ws/install/trajectory_msgs:/root/ros_ws/src/Rescue_Car_ws/install/stereo_msgs:/root/ros_ws/src/Rescue_Car_ws/install/std_srvs:/root/ros_ws/src/Rescue_Car_ws/install/shape_msgs:/root/ros_ws/src/Rescue_Car_ws/install/sensor_msgs:/root/ros_ws/src/Rescue_Car_ws/install/nav_msgs:/root/ros_ws/src/Rescue_Car_ws/install/diagnostic_msgs:/root/ros_ws/src/Rescue_Car_ws/install/geometry_msgs:/root/ros_ws/src/Rescue_Car_ws/install/actionlib_msgs:/root/ros_ws/src/Rescue_Car_ws/install/std_msgs:/root/ros_ws/src/Rescue_Car_ws/install/statistics_msgs:/root/ros_ws/src/Rescue_Car_ws/install/rosidl_typesupport_microxrcedds_test_msg:/root/ros_ws/src/Rescue_Car_ws/install/rosidl_typesupport_microxrcedds_cpp_tests:/root/ros_ws/src/Rescue_Car_ws/install/rmw_microxrcedds:/root/ros_ws/src/Rescue_Car_ws/install/rosidl_typesupport_microxrcedds_cpp:/root/ros_ws/src/Rescue_Car_ws/install/rosidl_typesupport_microxrcedds_c_tests:/root/ros_ws/src/Rescue_Car_ws/install/rosgraph_msgs:/root/ros_ws/src/Rescue_Car_ws/install/rclc_parameter:/root/ros_ws/src/Rescue_Car_ws/install/rclc:/root/ros_ws/src/Rescue_Car_ws/install/composition_interfaces:/root/ros_ws/src/Rescue_Car_ws/install/rcl_interfaces:/root/ros_ws/src/Rescue_Car_ws/install/microxrcedds_client:/root/ros_ws/src/Rescue_Car_ws/install/micro_ros_utilities:/root/ros_ws/src/Rescue_Car_ws/install/micro_ros_setup:/root/ros_ws/src/Rescue_Car_ws/install/micro_ros_agent:/root/ros_ws/src/Rescue_Car_ws/install/micro_ros_msgs:/root/ros_ws/src/Rescue_Car_ws/install/lifecycle_msgs:/root/ros_ws/src/Rescue_Car_ws/install/complex_msgs:/root/ros_ws/src/Rescue_Car_ws/install/car:/root/ros_ws/src/Rescue_Car_ws/install/builtin_interfaces:/root/ros_ws/src/Rescue_Car_ws/install/sensor_msgs_py:/opt/ros/humble /usr/bin/cmake --install /root/ros_ws/src/Rescue_Car_ws/build/rosidl_typesupport_microxrcedds_cpp
[1.912s] Level 1:colcon.colcon_core.shell:create_environment_hook('rosidl_typesupport_microxrcedds_cpp', 'cmake_prefix_path')
[1.912s] INFO:colcon.colcon_core.shell:Creating environment hook '/root/ros_ws/src/Rescue_Car_ws/install/rosidl_typesupport_microxrcedds_cpp/share/rosidl_typesupport_microxrcedds_cpp/hook/cmake_prefix_path.ps1'
[1.912s] INFO:colcon.colcon_core.shell:Creating environment descriptor '/root/ros_ws/src/Rescue_Car_ws/install/rosidl_typesupport_microxrcedds_cpp/share/rosidl_typesupport_microxrcedds_cpp/hook/cmake_prefix_path.dsv'
[1.912s] INFO:colcon.colcon_core.shell:Creating environment hook '/root/ros_ws/src/Rescue_Car_ws/install/rosidl_typesupport_microxrcedds_cpp/share/rosidl_typesupport_microxrcedds_cpp/hook/cmake_prefix_path.sh'
[1.913s] Level 1:colcon.colcon_core.environment:checking '/root/ros_ws/src/Rescue_Car_ws/install/rosidl_typesupport_microxrcedds_cpp/lib'
[1.913s] Level 1:colcon.colcon_core.environment:checking '/root/ros_ws/src/Rescue_Car_ws/install/rosidl_typesupport_microxrcedds_cpp/bin'
[1.913s] Level 1:colcon.colcon_core.environment:checking '/root/ros_ws/src/Rescue_Car_ws/install/rosidl_typesupport_microxrcedds_cpp/lib/pkgconfig/rosidl_typesupport_microxrcedds_cpp.pc'
[1.913s] Level 1:colcon.colcon_core.environment:checking '/root/ros_ws/src/Rescue_Car_ws/install/rosidl_typesupport_microxrcedds_cpp/lib/python3.10/site-packages'
[1.913s] Level 1:colcon.colcon_core.environment:checking '/root/ros_ws/src/Rescue_Car_ws/install/rosidl_typesupport_microxrcedds_cpp/bin'
[1.914s] INFO:colcon.colcon_core.shell:Creating package script '/root/ros_ws/src/Rescue_Car_ws/install/rosidl_typesupport_microxrcedds_cpp/share/rosidl_typesupport_microxrcedds_cpp/package.ps1'
[1.914s] INFO:colcon.colcon_core.shell:Creating package descriptor '/root/ros_ws/src/Rescue_Car_ws/install/rosidl_typesupport_microxrcedds_cpp/share/rosidl_typesupport_microxrcedds_cpp/package.dsv'
[1.914s] INFO:colcon.colcon_core.shell:Creating package script '/root/ros_ws/src/Rescue_Car_ws/install/rosidl_typesupport_microxrcedds_cpp/share/rosidl_typesupport_microxrcedds_cpp/package.sh'
[1.915s] INFO:colcon.colcon_core.shell:Creating package script '/root/ros_ws/src/Rescue_Car_ws/install/rosidl_typesupport_microxrcedds_cpp/share/rosidl_typesupport_microxrcedds_cpp/package.bash'
[1.915s] INFO:colcon.colcon_core.shell:Creating package script '/root/ros_ws/src/Rescue_Car_ws/install/rosidl_typesupport_microxrcedds_cpp/share/rosidl_typesupport_microxrcedds_cpp/package.zsh'
[1.916s] Level 1:colcon.colcon_core.environment:create_file_with_runtime_dependencies(/root/ros_ws/src/Rescue_Car_ws/install/rosidl_typesupport_microxrcedds_cpp/share/colcon-core/packages/rosidl_typesupport_microxrcedds_cpp)
[1.916s] Level 1:colcon.colcon_core.environment:create_environment_scripts_only(rosidl_typesupport_microxrcedds_cpp)
[1.916s] Level 1:colcon.colcon_core.environment:checking '/root/ros_ws/src/Rescue_Car_ws/install/rosidl_typesupport_microxrcedds_cpp' for CMake module files
[1.917s] Level 1:colcon.colcon_core.environment:checking '/root/ros_ws/src/Rescue_Car_ws/install/rosidl_typesupport_microxrcedds_cpp' for CMake config files
[1.917s] Level 1:colcon.colcon_core.shell:create_environment_hook('rosidl_typesupport_microxrcedds_cpp', 'cmake_prefix_path')
[1.918s] INFO:colcon.colcon_core.shell:Creating environment hook '/root/ros_ws/src/Rescue_Car_ws/install/rosidl_typesupport_microxrcedds_cpp/share/rosidl_typesupport_microxrcedds_cpp/hook/cmake_prefix_path.ps1'
[1.918s] INFO:colcon.colcon_core.shell:Creating environment descriptor '/root/ros_ws/src/Rescue_Car_ws/install/rosidl_typesupport_microxrcedds_cpp/share/rosidl_typesupport_microxrcedds_cpp/hook/cmake_prefix_path.dsv'
[1.918s] INFO:colcon.colcon_core.shell:Creating environment hook '/root/ros_ws/src/Rescue_Car_ws/install/rosidl_typesupport_microxrcedds_cpp/share/rosidl_typesupport_microxrcedds_cpp/hook/cmake_prefix_path.sh'
[1.919s] Level 1:colcon.colcon_core.environment:checking '/root/ros_ws/src/Rescue_Car_ws/install/rosidl_typesupport_microxrcedds_cpp/lib'
[1.919s] Level 1:colcon.colcon_core.environment:checking '/root/ros_ws/src/Rescue_Car_ws/install/rosidl_typesupport_microxrcedds_cpp/bin'
[1.919s] Level 1:colcon.colcon_core.environment:checking '/root/ros_ws/src/Rescue_Car_ws/install/rosidl_typesupport_microxrcedds_cpp/lib/pkgconfig/rosidl_typesupport_microxrcedds_cpp.pc'
[1.919s] Level 1:colcon.colcon_core.environment:checking '/root/ros_ws/src/Rescue_Car_ws/install/rosidl_typesupport_microxrcedds_cpp/lib/python3.10/site-packages'
[1.920s] Level 1:colcon.colcon_core.environment:checking '/root/ros_ws/src/Rescue_Car_ws/install/rosidl_typesupport_microxrcedds_cpp/bin'
[1.920s] INFO:colcon.colcon_core.shell:Creating package script '/root/ros_ws/src/Rescue_Car_ws/install/rosidl_typesupport_microxrcedds_cpp/share/rosidl_typesupport_microxrcedds_cpp/package.ps1'
[1.920s] INFO:colcon.colcon_core.shell:Creating package descriptor '/root/ros_ws/src/Rescue_Car_ws/install/rosidl_typesupport_microxrcedds_cpp/share/rosidl_typesupport_microxrcedds_cpp/package.dsv'
[1.921s] INFO:colcon.colcon_core.shell:Creating package script '/root/ros_ws/src/Rescue_Car_ws/install/rosidl_typesupport_microxrcedds_cpp/share/rosidl_typesupport_microxrcedds_cpp/package.sh'
[1.921s] INFO:colcon.colcon_core.shell:Creating package script '/root/ros_ws/src/Rescue_Car_ws/install/rosidl_typesupport_microxrcedds_cpp/share/rosidl_typesupport_microxrcedds_cpp/package.bash'
[1.922s] INFO:colcon.colcon_core.shell:Creating package script '/root/ros_ws/src/Rescue_Car_ws/install/rosidl_typesupport_microxrcedds_cpp/share/rosidl_typesupport_microxrcedds_cpp/package.zsh'
[1.922s] Level 1:colcon.colcon_core.environment:create_file_with_runtime_dependencies(/root/ros_ws/src/Rescue_Car_ws/install/rosidl_typesupport_microxrcedds_cpp/share/colcon-core/packages/rosidl_typesupport_microxrcedds_cpp)
[1.923s] INFO:colcon.colcon_ros.task.ament_cmake.build:Building ROS package in '/root/ros_ws/src/Rescue_Car_ws/src/microros/src/uros/rmw_microxrcedds/rmw_microxrcedds_c' with build type 'ament_cmake'
[1.923s] INFO:colcon.colcon_cmake.task.cmake.build:Building CMake package in '/root/ros_ws/src/Rescue_Car_ws/src/microros/src/uros/rmw_microxrcedds/rmw_microxrcedds_c'
[1.923s] INFO:colcon.colcon_core.shell:Skip shell extension 'powershell' for command environment: Not usable outside of PowerShell
[1.923s] DEBUG:colcon.colcon_core.shell:Skip shell extension 'dsv' for command environment
[1.937s] Level 1:colcon.colcon_core.environment:create_environment_scripts_only(action_msgs)
[1.938s] Level 1:colcon.colcon_core.environment:checking '/root/ros_ws/src/Rescue_Car_ws/install/action_msgs' for CMake module files
[1.938s] DEBUG:colcon.colcon_core.event_handler.log_command:Invoked command in '/root/ros_ws/src/Rescue_Car_ws/build/action_msgs' returned '0': CMAKE_PREFIX_PATH=/root/ros_ws/src/Rescue_Car_ws/install/unique_identifier_msgs:/root/ros_ws/src/Rescue_Car_ws/install/builtin_interfaces:/root/ros_ws/src/Rescue_Car_ws/install/micro_ros_demos_rclc:/root/ros_ws/src/Rescue_Car_ws/install/common_interfaces:/root/ros_ws/src/Rescue_Car_ws/install/visualization_msgs:/root/ros_ws/src/Rescue_Car_ws/install/test_msgs:/root/ros_ws/src/Rescue_Car_ws/install/example_interfaces:/root/ros_ws/src/Rescue_Car_ws/install/action_msgs:/root/ros_ws/src/Rescue_Car_ws/install/trajectory_msgs:/root/ros_ws/src/Rescue_Car_ws/install/stereo_msgs:/root/ros_ws/src/Rescue_Car_ws/install/std_srvs:/root/ros_ws/src/Rescue_Car_ws/install/shape_msgs:/root/ros_ws/src/Rescue_Car_ws/install/sensor_msgs:/root/ros_ws/src/Rescue_Car_ws/install/nav_msgs:/root/ros_ws/src/Rescue_Car_ws/install/diagnostic_msgs:/root/ros_ws/src/Rescue_Car_ws/install/geometry_msgs:/root/ros_ws/src/Rescue_Car_ws/install/actionlib_msgs:/root/ros_ws/src/Rescue_Car_ws/install/std_msgs:/root/ros_ws/src/Rescue_Car_ws/install/statistics_msgs:/root/ros_ws/src/Rescue_Car_ws/install/rosidl_typesupport_microxrcedds_test_msg:/root/ros_ws/src/Rescue_Car_ws/install/rosidl_typesupport_microxrcedds_cpp_tests:/root/ros_ws/src/Rescue_Car_ws/install/rmw_microxrcedds:/root/ros_ws/src/Rescue_Car_ws/install/rosidl_typesupport_microxrcedds_cpp:/root/ros_ws/src/Rescue_Car_ws/install/rosidl_typesupport_microxrcedds_c_tests:/root/ros_ws/src/Rescue_Car_ws/install/rosidl_typesupport_microxrcedds_c:/root/ros_ws/src/Rescue_Car_ws/install/rosgraph_msgs:/root/ros_ws/src/Rescue_Car_ws/install/rclc_parameter:/root/ros_ws/src/Rescue_Car_ws/install/rclc:/root/ros_ws/src/Rescue_Car_ws/install/composition_interfaces:/root/ros_ws/src/Rescue_Car_ws/install/rcl_interfaces:/root/ros_ws/src/Rescue_Car_ws/install/microxrcedds_client:/root/ros_ws/src/Rescue_Car_ws/install/microcdr:/root/ros_ws/src/Rescue_Car_ws/install/micro_ros_utilities:/root/ros_ws/src/Rescue_Car_ws/install/micro_ros_setup:/root/ros_ws/src/Rescue_Car_ws/install/micro_ros_agent:/root/ros_ws/src/Rescue_Car_ws/install/micro_ros_msgs:/root/ros_ws/src/Rescue_Car_ws/install/lifecycle_msgs:/root/ros_ws/src/Rescue_Car_ws/install/complex_msgs:/root/ros_ws/src/Rescue_Car_ws/install/car:/root/ros_ws/src/Rescue_Car_ws/install/sensor_msgs_py:/opt/ros/humble LD_LIBRARY_PATH=/root/ros_ws/src/Rescue_Car_ws/install/unique_identifier_msgs/lib:/root/ros_ws/src/Rescue_Car_ws/install/builtin_interfaces/lib:/root/ros_ws/src/Rescue_Car_ws/install/visualization_msgs/lib:/root/ros_ws/src/Rescue_Car_ws/install/test_msgs/lib:/root/ros_ws/src/Rescue_Car_ws/install/example_interfaces/lib:/root/ros_ws/src/Rescue_Car_ws/install/action_msgs/lib:/root/ros_ws/src/Rescue_Car_ws/install/trajectory_msgs/lib:/root/ros_ws/src/Rescue_Car_ws/install/stereo_msgs/lib:/root/ros_ws/src/Rescue_Car_ws/install/std_srvs/lib:/root/ros_ws/src/Rescue_Car_ws/install/shape_msgs/lib:/root/ros_ws/src/Rescue_Car_ws/install/sensor_msgs/lib:/root/ros_ws/src/Rescue_Car_ws/install/nav_msgs/lib:/root/ros_ws/src/Rescue_Car_ws/install/diagnostic_msgs/lib:/root/ros_ws/src/Rescue_Car_ws/install/geometry_msgs/lib:/root/ros_ws/src/Rescue_Car_ws/install/actionlib_msgs/lib:/root/ros_ws/src/Rescue_Car_ws/install/std_msgs/lib:/root/ros_ws/src/Rescue_Car_ws/install/statistics_msgs/lib:/root/ros_ws/src/Rescue_Car_ws/install/rosidl_typesupport_microxrcedds_test_msg/lib:/root/ros_ws/src/Rescue_Car_ws/install/rmw_microxrcedds/lib:/root/ros_ws/src/Rescue_Car_ws/install/rosidl_typesupport_microxrcedds_cpp/lib:/root/ros_ws/src/Rescue_Car_ws/install/rosidl_typesupport_microxrcedds_c/lib:/root/ros_ws/src/Rescue_Car_ws/install/rosgraph_msgs/lib:/root/ros_ws/src/Rescue_Car_ws/install/rclc_parameter/lib:/root/ros_ws/src/Rescue_Car_ws/install/rclc/lib:/root/ros_ws/src/Rescue_Car_ws/install/composition_interfaces/lib:/root/ros_ws/src/Rescue_Car_ws/install/rcl_interfaces/lib:/root/ros_ws/src/Rescue_Car_ws/install/micro_ros_utilities/lib:/root/ros_ws/src/Rescue_Car_ws/install/micro_ros_agent/lib:/root/ros_ws/src/Rescue_Car_ws/install/micro_ros_msgs/lib:/root/ros_ws/src/Rescue_Car_ws/install/lifecycle_msgs/lib:/root/ros_ws/src/Rescue_Car_ws/install/complex_msgs/lib:/usr/lib/x86_64-linux-gnu/gazebo-11/plugins:/opt/ros/humble/opt/rviz_ogre_vendor/lib:/opt/ros/humble/lib/x86_64-linux-gnu:/opt/ros/humble/lib /usr/bin/cmake --install /root/ros_ws/src/Rescue_Car_ws/build/action_msgs
[1.939s] Level 1:colcon.colcon_core.environment:checking '/root/ros_ws/src/Rescue_Car_ws/install/action_msgs' for CMake config files
[1.939s] Level 1:colcon.colcon_core.shell:create_environment_hook('action_msgs', 'cmake_prefix_path')
[1.939s] INFO:colcon.colcon_core.shell:Creating environment hook '/root/ros_ws/src/Rescue_Car_ws/install/action_msgs/share/action_msgs/hook/cmake_prefix_path.ps1'
[1.940s] INFO:colcon.colcon_core.shell:Creating environment descriptor '/root/ros_ws/src/Rescue_Car_ws/install/action_msgs/share/action_msgs/hook/cmake_prefix_path.dsv'
[1.940s] INFO:colcon.colcon_core.shell:Creating environment hook '/root/ros_ws/src/Rescue_Car_ws/install/action_msgs/share/action_msgs/hook/cmake_prefix_path.sh'
[1.940s] Level 1:colcon.colcon_core.environment:checking '/root/ros_ws/src/Rescue_Car_ws/install/action_msgs/lib'
[1.940s] Level 1:colcon.colcon_core.shell:create_environment_hook('action_msgs', 'ld_library_path_lib')
[1.940s] INFO:colcon.colcon_core.shell:Creating environment hook '/root/ros_ws/src/Rescue_Car_ws/install/action_msgs/share/action_msgs/hook/ld_library_path_lib.ps1'
[1.941s] INFO:colcon.colcon_core.shell:Creating environment descriptor '/root/ros_ws/src/Rescue_Car_ws/install/action_msgs/share/action_msgs/hook/ld_library_path_lib.dsv'
[1.941s] INFO:colcon.colcon_core.shell:Creating environment hook '/root/ros_ws/src/Rescue_Car_ws/install/action_msgs/share/action_msgs/hook/ld_library_path_lib.sh'
[1.941s] Level 1:colcon.colcon_core.environment:checking '/root/ros_ws/src/Rescue_Car_ws/install/action_msgs/bin'
[1.941s] Level 1:colcon.colcon_core.environment:checking '/root/ros_ws/src/Rescue_Car_ws/install/action_msgs/lib/pkgconfig/action_msgs.pc'
[1.941s] Level 1:colcon.colcon_core.environment:checking '/root/ros_ws/src/Rescue_Car_ws/install/action_msgs/lib/python3.10/site-packages'
[1.942s] Level 1:colcon.colcon_core.environment:checking '/root/ros_ws/src/Rescue_Car_ws/install/action_msgs/bin'
[1.942s] INFO:colcon.colcon_core.shell:Creating package script '/root/ros_ws/src/Rescue_Car_ws/install/action_msgs/share/action_msgs/package.ps1'
[1.942s] INFO:colcon.colcon_core.shell:Creating package descriptor '/root/ros_ws/src/Rescue_Car_ws/install/action_msgs/share/action_msgs/package.dsv'
[1.942s] INFO:colcon.colcon_core.shell:Creating package script '/root/ros_ws/src/Rescue_Car_ws/install/action_msgs/share/action_msgs/package.sh'
[1.943s] INFO:colcon.colcon_core.shell:Creating package script '/root/ros_ws/src/Rescue_Car_ws/install/action_msgs/share/action_msgs/package.bash'
[1.943s] INFO:colcon.colcon_core.shell:Creating package script '/root/ros_ws/src/Rescue_Car_ws/install/action_msgs/share/action_msgs/package.zsh'
[1.943s] Level 1:colcon.colcon_core.environment:create_file_with_runtime_dependencies(/root/ros_ws/src/Rescue_Car_ws/install/action_msgs/share/colcon-core/packages/action_msgs)
[1.944s] Level 1:colcon.colcon_core.environment:create_environment_scripts_only(action_msgs)
[1.944s] Level 1:colcon.colcon_core.environment:checking '/root/ros_ws/src/Rescue_Car_ws/install/action_msgs' for CMake module files
[1.944s] Level 1:colcon.colcon_core.environment:checking '/root/ros_ws/src/Rescue_Car_ws/install/action_msgs' for CMake config files
[1.945s] Level 1:colcon.colcon_core.shell:create_environment_hook('action_msgs', 'cmake_prefix_path')
[1.945s] INFO:colcon.colcon_core.shell:Creating environment hook '/root/ros_ws/src/Rescue_Car_ws/install/action_msgs/share/action_msgs/hook/cmake_prefix_path.ps1'
[1.945s] INFO:colcon.colcon_core.shell:Creating environment descriptor '/root/ros_ws/src/Rescue_Car_ws/install/action_msgs/share/action_msgs/hook/cmake_prefix_path.dsv'
[1.945s] INFO:colcon.colcon_core.shell:Creating environment hook '/root/ros_ws/src/Rescue_Car_ws/install/action_msgs/share/action_msgs/hook/cmake_prefix_path.sh'
[1.946s] Level 1:colcon.colcon_core.environment:checking '/root/ros_ws/src/Rescue_Car_ws/install/action_msgs/lib'
[1.946s] Level 1:colcon.colcon_core.shell:create_environment_hook('action_msgs', 'ld_library_path_lib')
[1.946s] INFO:colcon.colcon_core.shell:Creating environment hook '/root/ros_ws/src/Rescue_Car_ws/install/action_msgs/share/action_msgs/hook/ld_library_path_lib.ps1'
[1.946s] INFO:colcon.colcon_core.shell:Creating environment descriptor '/root/ros_ws/src/Rescue_Car_ws/install/action_msgs/share/action_msgs/hook/ld_library_path_lib.dsv'
[1.947s] INFO:colcon.colcon_core.shell:Creating environment hook '/root/ros_ws/src/Rescue_Car_ws/install/action_msgs/share/action_msgs/hook/ld_library_path_lib.sh'
[1.947s] Level 1:colcon.colcon_core.environment:checking '/root/ros_ws/src/Rescue_Car_ws/install/action_msgs/bin'
[1.947s] Level 1:colcon.colcon_core.environment:checking '/root/ros_ws/src/Rescue_Car_ws/install/action_msgs/lib/pkgconfig/action_msgs.pc'
[1.947s] Level 1:colcon.colcon_core.environment:checking '/root/ros_ws/src/Rescue_Car_ws/install/action_msgs/lib/python3.10/site-packages'
[1.948s] Level 1:colcon.colcon_core.environment:checking '/root/ros_ws/src/Rescue_Car_ws/install/action_msgs/bin'
[1.948s] INFO:colcon.colcon_core.shell:Creating package script '/root/ros_ws/src/Rescue_Car_ws/install/action_msgs/share/action_msgs/package.ps1'
[1.948s] INFO:colcon.colcon_core.shell:Creating package descriptor '/root/ros_ws/src/Rescue_Car_ws/install/action_msgs/share/action_msgs/package.dsv'
[1.949s] INFO:colcon.colcon_core.shell:Creating package script '/root/ros_ws/src/Rescue_Car_ws/install/action_msgs/share/action_msgs/package.sh'
[1.949s] INFO:colcon.colcon_core.shell:Creating package script '/root/ros_ws/src/Rescue_Car_ws/install/action_msgs/share/action_msgs/package.bash'
[1.949s] INFO:colcon.colcon_core.shell:Creating package script '/root/ros_ws/src/Rescue_Car_ws/install/action_msgs/share/action_msgs/package.zsh'
[1.950s] Level 1:colcon.colcon_core.environment:create_file_with_runtime_dependencies(/root/ros_ws/src/Rescue_Car_ws/install/action_msgs/share/colcon-core/packages/action_msgs)
[1.950s] INFO:colcon.colcon_ros.task.ament_cmake.build:Building ROS package in '/root/ros_ws/src/Rescue_Car_ws/src/microros/src/ros2/example_interfaces' with build type 'ament_cmake'
[1.950s] INFO:colcon.colcon_cmake.task.cmake.build:Building CMake package in '/root/ros_ws/src/Rescue_Car_ws/src/microros/src/ros2/example_interfaces'
[1.951s] INFO:colcon.colcon_core.shell:Skip shell extension 'powershell' for command environment: Not usable outside of PowerShell
[1.951s] DEBUG:colcon.colcon_core.shell:Skip shell extension 'dsv' for command environment
[1.956s] INFO:colcon.colcon_ros.task.ament_cmake.build:Building ROS package in '/root/ros_ws/src/Rescue_Car_ws/src/microros/src/ros2/rcl_interfaces/test_msgs' with build type 'ament_cmake'
[1.956s] INFO:colcon.colcon_cmake.task.cmake.build:Building CMake package in '/root/ros_ws/src/Rescue_Car_ws/src/microros/src/ros2/rcl_interfaces/test_msgs'
[1.956s] INFO:colcon.colcon_core.shell:Skip shell extension 'powershell' for command environment: Not usable outside of PowerShell
[1.956s] DEBUG:colcon.colcon_core.shell:Skip shell extension 'dsv' for command environment
[2.003s] DEBUG:colcon.colcon_core.event_handler.log_command:Invoking command in '/root/ros_ws/src/Rescue_Car_ws/build/geometry_msgs': CMAKE_PREFIX_PATH=/root/ros_ws/src/Rescue_Car_ws/install/std_msgs:/root/ros_ws/src/Rescue_Car_ws/install/builtin_interfaces:/root/ros_ws/src/Rescue_Car_ws/install/micro_ros_demos_rclc:/root/ros_ws/src/Rescue_Car_ws/install/common_interfaces:/root/ros_ws/src/Rescue_Car_ws/install/visualization_msgs:/root/ros_ws/src/Rescue_Car_ws/install/test_msgs:/root/ros_ws/src/Rescue_Car_ws/install/example_interfaces:/root/ros_ws/src/Rescue_Car_ws/install/action_msgs:/root/ros_ws/src/Rescue_Car_ws/install/unique_identifier_msgs:/root/ros_ws/src/Rescue_Car_ws/install/trajectory_msgs:/root/ros_ws/src/Rescue_Car_ws/install/stereo_msgs:/root/ros_ws/src/Rescue_Car_ws/install/std_srvs:/root/ros_ws/src/Rescue_Car_ws/install/shape_msgs:/root/ros_ws/src/Rescue_Car_ws/install/sensor_msgs:/root/ros_ws/src/Rescue_Car_ws/install/nav_msgs:/root/ros_ws/src/Rescue_Car_ws/install/diagnostic_msgs:/root/ros_ws/src/Rescue_Car_ws/install/geometry_msgs:/root/ros_ws/src/Rescue_Car_ws/install/actionlib_msgs:/root/ros_ws/src/Rescue_Car_ws/install/statistics_msgs:/root/ros_ws/src/Rescue_Car_ws/install/rosidl_typesupport_microxrcedds_test_msg:/root/ros_ws/src/Rescue_Car_ws/install/rosidl_typesupport_microxrcedds_cpp_tests:/root/ros_ws/src/Rescue_Car_ws/install/rmw_microxrcedds:/root/ros_ws/src/Rescue_Car_ws/install/rosidl_typesupport_microxrcedds_cpp:/root/ros_ws/src/Rescue_Car_ws/install/rosidl_typesupport_microxrcedds_c_tests:/root/ros_ws/src/Rescue_Car_ws/install/rosidl_typesupport_microxrcedds_c:/root/ros_ws/src/Rescue_Car_ws/install/rosgraph_msgs:/root/ros_ws/src/Rescue_Car_ws/install/rclc_parameter:/root/ros_ws/src/Rescue_Car_ws/install/rclc:/root/ros_ws/src/Rescue_Car_ws/install/composition_interfaces:/root/ros_ws/src/Rescue_Car_ws/install/rcl_interfaces:/root/ros_ws/src/Rescue_Car_ws/install/microxrcedds_client:/root/ros_ws/src/Rescue_Car_ws/install/microcdr:/root/ros_ws/src/Rescue_Car_ws/install/micro_ros_utilities:/root/ros_ws/src/Rescue_Car_ws/install/micro_ros_setup:/root/ros_ws/src/Rescue_Car_ws/install/micro_ros_agent:/root/ros_ws/src/Rescue_Car_ws/install/micro_ros_msgs:/root/ros_ws/src/Rescue_Car_ws/install/lifecycle_msgs:/root/ros_ws/src/Rescue_Car_ws/install/complex_msgs:/root/ros_ws/src/Rescue_Car_ws/install/car:/root/ros_ws/src/Rescue_Car_ws/install/sensor_msgs_py:/opt/ros/humble LD_LIBRARY_PATH=/root/ros_ws/src/Rescue_Car_ws/install/std_msgs/lib:/root/ros_ws/src/Rescue_Car_ws/install/builtin_interfaces/lib:/root/ros_ws/src/Rescue_Car_ws/install/visualization_msgs/lib:/root/ros_ws/src/Rescue_Car_ws/install/test_msgs/lib:/root/ros_ws/src/Rescue_Car_ws/install/example_interfaces/lib:/root/ros_ws/src/Rescue_Car_ws/install/action_msgs/lib:/root/ros_ws/src/Rescue_Car_ws/install/unique_identifier_msgs/lib:/root/ros_ws/src/Rescue_Car_ws/install/trajectory_msgs/lib:/root/ros_ws/src/Rescue_Car_ws/install/stereo_msgs/lib:/root/ros_ws/src/Rescue_Car_ws/install/std_srvs/lib:/root/ros_ws/src/Rescue_Car_ws/install/shape_msgs/lib:/root/ros_ws/src/Rescue_Car_ws/install/sensor_msgs/lib:/root/ros_ws/src/Rescue_Car_ws/install/nav_msgs/lib:/root/ros_ws/src/Rescue_Car_ws/install/diagnostic_msgs/lib:/root/ros_ws/src/Rescue_Car_ws/install/geometry_msgs/lib:/root/ros_ws/src/Rescue_Car_ws/install/actionlib_msgs/lib:/root/ros_ws/src/Rescue_Car_ws/install/statistics_msgs/lib:/root/ros_ws/src/Rescue_Car_ws/install/rosidl_typesupport_microxrcedds_test_msg/lib:/root/ros_ws/src/Rescue_Car_ws/install/rmw_microxrcedds/lib:/root/ros_ws/src/Rescue_Car_ws/install/rosidl_typesupport_microxrcedds_cpp/lib:/root/ros_ws/src/Rescue_Car_ws/install/rosidl_typesupport_microxrcedds_c/lib:/root/ros_ws/src/Rescue_Car_ws/install/rosgraph_msgs/lib:/root/ros_ws/src/Rescue_Car_ws/install/rclc_parameter/lib:/root/ros_ws/src/Rescue_Car_ws/install/rclc/lib:/root/ros_ws/src/Rescue_Car_ws/install/composition_interfaces/lib:/root/ros_ws/src/Rescue_Car_ws/install/rcl_interfaces/lib:/root/ros_ws/src/Rescue_Car_ws/install/micro_ros_utilities/lib:/root/ros_ws/src/Rescue_Car_ws/install/micro_ros_agent/lib:/root/ros_ws/src/Rescue_Car_ws/install/micro_ros_msgs/lib:/root/ros_ws/src/Rescue_Car_ws/install/lifecycle_msgs/lib:/root/ros_ws/src/Rescue_Car_ws/install/complex_msgs/lib:/usr/lib/x86_64-linux-gnu/gazebo-11/plugins:/opt/ros/humble/opt/rviz_ogre_vendor/lib:/opt/ros/humble/lib/x86_64-linux-gnu:/opt/ros/humble/lib /usr/bin/cmake --build /root/ros_ws/src/Rescue_Car_ws/build/geometry_msgs -- -j20 -l20
[2.006s] DEBUG:colcon.colcon_core.event_handler.log_command:Invoking command in '/root/ros_ws/src/Rescue_Car_ws/build/actionlib_msgs': CMAKE_PREFIX_PATH=/root/ros_ws/src/Rescue_Car_ws/install/std_msgs:/root/ros_ws/src/Rescue_Car_ws/install/builtin_interfaces:/root/ros_ws/src/Rescue_Car_ws/install/micro_ros_demos_rclc:/root/ros_ws/src/Rescue_Car_ws/install/common_interfaces:/root/ros_ws/src/Rescue_Car_ws/install/visualization_msgs:/root/ros_ws/src/Rescue_Car_ws/install/test_msgs:/root/ros_ws/src/Rescue_Car_ws/install/example_interfaces:/root/ros_ws/src/Rescue_Car_ws/install/action_msgs:/root/ros_ws/src/Rescue_Car_ws/install/unique_identifier_msgs:/root/ros_ws/src/Rescue_Car_ws/install/trajectory_msgs:/root/ros_ws/src/Rescue_Car_ws/install/stereo_msgs:/root/ros_ws/src/Rescue_Car_ws/install/std_srvs:/root/ros_ws/src/Rescue_Car_ws/install/shape_msgs:/root/ros_ws/src/Rescue_Car_ws/install/sensor_msgs:/root/ros_ws/src/Rescue_Car_ws/install/nav_msgs:/root/ros_ws/src/Rescue_Car_ws/install/diagnostic_msgs:/root/ros_ws/src/Rescue_Car_ws/install/geometry_msgs:/root/ros_ws/src/Rescue_Car_ws/install/actionlib_msgs:/root/ros_ws/src/Rescue_Car_ws/install/statistics_msgs:/root/ros_ws/src/Rescue_Car_ws/install/rosidl_typesupport_microxrcedds_test_msg:/root/ros_ws/src/Rescue_Car_ws/install/rosidl_typesupport_microxrcedds_cpp_tests:/root/ros_ws/src/Rescue_Car_ws/install/rmw_microxrcedds:/root/ros_ws/src/Rescue_Car_ws/install/rosidl_typesupport_microxrcedds_cpp:/root/ros_ws/src/Rescue_Car_ws/install/rosidl_typesupport_microxrcedds_c_tests:/root/ros_ws/src/Rescue_Car_ws/install/rosidl_typesupport_microxrcedds_c:/root/ros_ws/src/Rescue_Car_ws/install/rosgraph_msgs:/root/ros_ws/src/Rescue_Car_ws/install/rclc_parameter:/root/ros_ws/src/Rescue_Car_ws/install/rclc:/root/ros_ws/src/Rescue_Car_ws/install/composition_interfaces:/root/ros_ws/src/Rescue_Car_ws/install/rcl_interfaces:/root/ros_ws/src/Rescue_Car_ws/install/microxrcedds_client:/root/ros_ws/src/Rescue_Car_ws/install/microcdr:/root/ros_ws/src/Rescue_Car_ws/install/micro_ros_utilities:/root/ros_ws/src/Rescue_Car_ws/install/micro_ros_setup:/root/ros_ws/src/Rescue_Car_ws/install/micro_ros_agent:/root/ros_ws/src/Rescue_Car_ws/install/micro_ros_msgs:/root/ros_ws/src/Rescue_Car_ws/install/lifecycle_msgs:/root/ros_ws/src/Rescue_Car_ws/install/complex_msgs:/root/ros_ws/src/Rescue_Car_ws/install/car:/root/ros_ws/src/Rescue_Car_ws/install/sensor_msgs_py:/opt/ros/humble LD_LIBRARY_PATH=/root/ros_ws/src/Rescue_Car_ws/install/std_msgs/lib:/root/ros_ws/src/Rescue_Car_ws/install/builtin_interfaces/lib:/root/ros_ws/src/Rescue_Car_ws/install/visualization_msgs/lib:/root/ros_ws/src/Rescue_Car_ws/install/test_msgs/lib:/root/ros_ws/src/Rescue_Car_ws/install/example_interfaces/lib:/root/ros_ws/src/Rescue_Car_ws/install/action_msgs/lib:/root/ros_ws/src/Rescue_Car_ws/install/unique_identifier_msgs/lib:/root/ros_ws/src/Rescue_Car_ws/install/trajectory_msgs/lib:/root/ros_ws/src/Rescue_Car_ws/install/stereo_msgs/lib:/root/ros_ws/src/Rescue_Car_ws/install/std_srvs/lib:/root/ros_ws/src/Rescue_Car_ws/install/shape_msgs/lib:/root/ros_ws/src/Rescue_Car_ws/install/sensor_msgs/lib:/root/ros_ws/src/Rescue_Car_ws/install/nav_msgs/lib:/root/ros_ws/src/Rescue_Car_ws/install/diagnostic_msgs/lib:/root/ros_ws/src/Rescue_Car_ws/install/geometry_msgs/lib:/root/ros_ws/src/Rescue_Car_ws/install/actionlib_msgs/lib:/root/ros_ws/src/Rescue_Car_ws/install/statistics_msgs/lib:/root/ros_ws/src/Rescue_Car_ws/install/rosidl_typesupport_microxrcedds_test_msg/lib:/root/ros_ws/src/Rescue_Car_ws/install/rmw_microxrcedds/lib:/root/ros_ws/src/Rescue_Car_ws/install/rosidl_typesupport_microxrcedds_cpp/lib:/root/ros_ws/src/Rescue_Car_ws/install/rosidl_typesupport_microxrcedds_c/lib:/root/ros_ws/src/Rescue_Car_ws/install/rosgraph_msgs/lib:/root/ros_ws/src/Rescue_Car_ws/install/rclc_parameter/lib:/root/ros_ws/src/Rescue_Car_ws/install/rclc/lib:/root/ros_ws/src/Rescue_Car_ws/install/composition_interfaces/lib:/root/ros_ws/src/Rescue_Car_ws/install/rcl_interfaces/lib:/root/ros_ws/src/Rescue_Car_ws/install/micro_ros_utilities/lib:/root/ros_ws/src/Rescue_Car_ws/install/micro_ros_agent/lib:/root/ros_ws/src/Rescue_Car_ws/install/micro_ros_msgs/lib:/root/ros_ws/src/Rescue_Car_ws/install/lifecycle_msgs/lib:/root/ros_ws/src/Rescue_Car_ws/install/complex_msgs/lib:/usr/lib/x86_64-linux-gnu/gazebo-11/plugins:/opt/ros/humble/opt/rviz_ogre_vendor/lib:/opt/ros/humble/lib/x86_64-linux-gnu:/opt/ros/humble/lib /usr/bin/cmake --build /root/ros_ws/src/Rescue_Car_ws/build/actionlib_msgs -- -j20 -l20
[2.027s] DEBUG:colcon.colcon_core.event_handler.log_command:Invoking command in '/root/ros_ws/src/Rescue_Car_ws/build/composition_interfaces': CMAKE_PREFIX_PATH=/root/ros_ws/src/Rescue_Car_ws/install/rcl_interfaces:/root/ros_ws/src/Rescue_Car_ws/install/builtin_interfaces:/root/ros_ws/src/Rescue_Car_ws/install/micro_ros_demos_rclc:/root/ros_ws/src/Rescue_Car_ws/install/common_interfaces:/root/ros_ws/src/Rescue_Car_ws/install/visualization_msgs:/root/ros_ws/src/Rescue_Car_ws/install/test_msgs:/root/ros_ws/src/Rescue_Car_ws/install/example_interfaces:/root/ros_ws/src/Rescue_Car_ws/install/action_msgs:/root/ros_ws/src/Rescue_Car_ws/install/unique_identifier_msgs:/root/ros_ws/src/Rescue_Car_ws/install/trajectory_msgs:/root/ros_ws/src/Rescue_Car_ws/install/stereo_msgs:/root/ros_ws/src/Rescue_Car_ws/install/std_srvs:/root/ros_ws/src/Rescue_Car_ws/install/shape_msgs:/root/ros_ws/src/Rescue_Car_ws/install/sensor_msgs:/root/ros_ws/src/Rescue_Car_ws/install/nav_msgs:/root/ros_ws/src/Rescue_Car_ws/install/diagnostic_msgs:/root/ros_ws/src/Rescue_Car_ws/install/geometry_msgs:/root/ros_ws/src/Rescue_Car_ws/install/actionlib_msgs:/root/ros_ws/src/Rescue_Car_ws/install/std_msgs:/root/ros_ws/src/Rescue_Car_ws/install/statistics_msgs:/root/ros_ws/src/Rescue_Car_ws/install/rosidl_typesupport_microxrcedds_test_msg:/root/ros_ws/src/Rescue_Car_ws/install/rosidl_typesupport_microxrcedds_cpp_tests:/root/ros_ws/src/Rescue_Car_ws/install/rmw_microxrcedds:/root/ros_ws/src/Rescue_Car_ws/install/rosidl_typesupport_microxrcedds_cpp:/root/ros_ws/src/Rescue_Car_ws/install/rosidl_typesupport_microxrcedds_c_tests:/root/ros_ws/src/Rescue_Car_ws/install/rosidl_typesupport_microxrcedds_c:/root/ros_ws/src/Rescue_Car_ws/install/rosgraph_msgs:/root/ros_ws/src/Rescue_Car_ws/install/rclc_parameter:/root/ros_ws/src/Rescue_Car_ws/install/rclc:/root/ros_ws/src/Rescue_Car_ws/install/composition_interfaces:/root/ros_ws/src/Rescue_Car_ws/install/microxrcedds_client:/root/ros_ws/src/Rescue_Car_ws/install/microcdr:/root/ros_ws/src/Rescue_Car_ws/install/micro_ros_utilities:/root/ros_ws/src/Rescue_Car_ws/install/micro_ros_setup:/root/ros_ws/src/Rescue_Car_ws/install/micro_ros_agent:/root/ros_ws/src/Rescue_Car_ws/install/micro_ros_msgs:/root/ros_ws/src/Rescue_Car_ws/install/lifecycle_msgs:/root/ros_ws/src/Rescue_Car_ws/install/complex_msgs:/root/ros_ws/src/Rescue_Car_ws/install/car:/root/ros_ws/src/Rescue_Car_ws/install/sensor_msgs_py:/opt/ros/humble LD_LIBRARY_PATH=/root/ros_ws/src/Rescue_Car_ws/install/rcl_interfaces/lib:/root/ros_ws/src/Rescue_Car_ws/install/builtin_interfaces/lib:/root/ros_ws/src/Rescue_Car_ws/install/visualization_msgs/lib:/root/ros_ws/src/Rescue_Car_ws/install/test_msgs/lib:/root/ros_ws/src/Rescue_Car_ws/install/example_interfaces/lib:/root/ros_ws/src/Rescue_Car_ws/install/action_msgs/lib:/root/ros_ws/src/Rescue_Car_ws/install/unique_identifier_msgs/lib:/root/ros_ws/src/Rescue_Car_ws/install/trajectory_msgs/lib:/root/ros_ws/src/Rescue_Car_ws/install/stereo_msgs/lib:/root/ros_ws/src/Rescue_Car_ws/install/std_srvs/lib:/root/ros_ws/src/Rescue_Car_ws/install/shape_msgs/lib:/root/ros_ws/src/Rescue_Car_ws/install/sensor_msgs/lib:/root/ros_ws/src/Rescue_Car_ws/install/nav_msgs/lib:/root/ros_ws/src/Rescue_Car_ws/install/diagnostic_msgs/lib:/root/ros_ws/src/Rescue_Car_ws/install/geometry_msgs/lib:/root/ros_ws/src/Rescue_Car_ws/install/actionlib_msgs/lib:/root/ros_ws/src/Rescue_Car_ws/install/std_msgs/lib:/root/ros_ws/src/Rescue_Car_ws/install/statistics_msgs/lib:/root/ros_ws/src/Rescue_Car_ws/install/rosidl_typesupport_microxrcedds_test_msg/lib:/root/ros_ws/src/Rescue_Car_ws/install/rmw_microxrcedds/lib:/root/ros_ws/src/Rescue_Car_ws/install/rosidl_typesupport_microxrcedds_cpp/lib:/root/ros_ws/src/Rescue_Car_ws/install/rosidl_typesupport_microxrcedds_c/lib:/root/ros_ws/src/Rescue_Car_ws/install/rosgraph_msgs/lib:/root/ros_ws/src/Rescue_Car_ws/install/rclc_parameter/lib:/root/ros_ws/src/Rescue_Car_ws/install/rclc/lib:/root/ros_ws/src/Rescue_Car_ws/install/composition_interfaces/lib:/root/ros_ws/src/Rescue_Car_ws/install/micro_ros_utilities/lib:/root/ros_ws/src/Rescue_Car_ws/install/micro_ros_agent/lib:/root/ros_ws/src/Rescue_Car_ws/install/micro_ros_msgs/lib:/root/ros_ws/src/Rescue_Car_ws/install/lifecycle_msgs/lib:/root/ros_ws/src/Rescue_Car_ws/install/complex_msgs/lib:/usr/lib/x86_64-linux-gnu/gazebo-11/plugins:/opt/ros/humble/opt/rviz_ogre_vendor/lib:/opt/ros/humble/lib/x86_64-linux-gnu:/opt/ros/humble/lib /usr/bin/cmake --build /root/ros_ws/src/Rescue_Car_ws/build/composition_interfaces -- -j20 -l20
[2.218s] DEBUG:colcon.colcon_core.event_handler.log_command:Invoking command in '/root/ros_ws/src/Rescue_Car_ws/build/rmw_microxrcedds': CMAKE_PREFIX_PATH=/root/ros_ws/src/Rescue_Car_ws/install/rosidl_typesupport_microxrcedds_cpp:/root/ros_ws/src/Rescue_Car_ws/install/rosidl_typesupport_microxrcedds_c:/root/ros_ws/src/Rescue_Car_ws/install/microxrcedds_client:/root/ros_ws/src/Rescue_Car_ws/install/microcdr:/root/ros_ws/src/Rescue_Car_ws/install/micro_ros_msgs:/root/ros_ws/src/Rescue_Car_ws/install/micro_ros_demos_rclc:/root/ros_ws/src/Rescue_Car_ws/install/common_interfaces:/root/ros_ws/src/Rescue_Car_ws/install/visualization_msgs:/root/ros_ws/src/Rescue_Car_ws/install/test_msgs:/root/ros_ws/src/Rescue_Car_ws/install/example_interfaces:/root/ros_ws/src/Rescue_Car_ws/install/action_msgs:/root/ros_ws/src/Rescue_Car_ws/install/unique_identifier_msgs:/root/ros_ws/src/Rescue_Car_ws/install/trajectory_msgs:/root/ros_ws/src/Rescue_Car_ws/install/stereo_msgs:/root/ros_ws/src/Rescue_Car_ws/install/std_srvs:/root/ros_ws/src/Rescue_Car_ws/install/shape_msgs:/root/ros_ws/src/Rescue_Car_ws/install/sensor_msgs:/root/ros_ws/src/Rescue_Car_ws/install/nav_msgs:/root/ros_ws/src/Rescue_Car_ws/install/diagnostic_msgs:/root/ros_ws/src/Rescue_Car_ws/install/geometry_msgs:/root/ros_ws/src/Rescue_Car_ws/install/actionlib_msgs:/root/ros_ws/src/Rescue_Car_ws/install/std_msgs:/root/ros_ws/src/Rescue_Car_ws/install/statistics_msgs:/root/ros_ws/src/Rescue_Car_ws/install/rosidl_typesupport_microxrcedds_test_msg:/root/ros_ws/src/Rescue_Car_ws/install/rosidl_typesupport_microxrcedds_cpp_tests:/root/ros_ws/src/Rescue_Car_ws/install/rmw_microxrcedds:/root/ros_ws/src/Rescue_Car_ws/install/rosidl_typesupport_microxrcedds_c_tests:/root/ros_ws/src/Rescue_Car_ws/install/rosgraph_msgs:/root/ros_ws/src/Rescue_Car_ws/install/rclc_parameter:/root/ros_ws/src/Rescue_Car_ws/install/rclc:/root/ros_ws/src/Rescue_Car_ws/install/composition_interfaces:/root/ros_ws/src/Rescue_Car_ws/install/rcl_interfaces:/root/ros_ws/src/Rescue_Car_ws/install/micro_ros_utilities:/root/ros_ws/src/Rescue_Car_ws/install/micro_ros_setup:/root/ros_ws/src/Rescue_Car_ws/install/micro_ros_agent:/root/ros_ws/src/Rescue_Car_ws/install/lifecycle_msgs:/root/ros_ws/src/Rescue_Car_ws/install/complex_msgs:/root/ros_ws/src/Rescue_Car_ws/install/car:/root/ros_ws/src/Rescue_Car_ws/install/builtin_interfaces:/root/ros_ws/src/Rescue_Car_ws/install/sensor_msgs_py:/opt/ros/humble LD_LIBRARY_PATH=/root/ros_ws/src/Rescue_Car_ws/install/micro_ros_msgs/lib:/root/ros_ws/src/Rescue_Car_ws/install/visualization_msgs/lib:/root/ros_ws/src/Rescue_Car_ws/install/test_msgs/lib:/root/ros_ws/src/Rescue_Car_ws/install/example_interfaces/lib:/root/ros_ws/src/Rescue_Car_ws/install/action_msgs/lib:/root/ros_ws/src/Rescue_Car_ws/install/unique_identifier_msgs/lib:/root/ros_ws/src/Rescue_Car_ws/install/trajectory_msgs/lib:/root/ros_ws/src/Rescue_Car_ws/install/stereo_msgs/lib:/root/ros_ws/src/Rescue_Car_ws/install/std_srvs/lib:/root/ros_ws/src/Rescue_Car_ws/install/shape_msgs/lib:/root/ros_ws/src/Rescue_Car_ws/install/sensor_msgs/lib:/root/ros_ws/src/Rescue_Car_ws/install/nav_msgs/lib:/root/ros_ws/src/Rescue_Car_ws/install/diagnostic_msgs/lib:/root/ros_ws/src/Rescue_Car_ws/install/geometry_msgs/lib:/root/ros_ws/src/Rescue_Car_ws/install/actionlib_msgs/lib:/root/ros_ws/src/Rescue_Car_ws/install/std_msgs/lib:/root/ros_ws/src/Rescue_Car_ws/install/statistics_msgs/lib:/root/ros_ws/src/Rescue_Car_ws/install/rosidl_typesupport_microxrcedds_test_msg/lib:/root/ros_ws/src/Rescue_Car_ws/install/rmw_microxrcedds/lib:/root/ros_ws/src/Rescue_Car_ws/install/rosidl_typesupport_microxrcedds_cpp/lib:/root/ros_ws/src/Rescue_Car_ws/install/rosidl_typesupport_microxrcedds_c/lib:/root/ros_ws/src/Rescue_Car_ws/install/rosgraph_msgs/lib:/root/ros_ws/src/Rescue_Car_ws/install/rclc_parameter/lib:/root/ros_ws/src/Rescue_Car_ws/install/rclc/lib:/root/ros_ws/src/Rescue_Car_ws/install/composition_interfaces/lib:/root/ros_ws/src/Rescue_Car_ws/install/rcl_interfaces/lib:/root/ros_ws/src/Rescue_Car_ws/install/micro_ros_utilities/lib:/root/ros_ws/src/Rescue_Car_ws/install/micro_ros_agent/lib:/root/ros_ws/src/Rescue_Car_ws/install/lifecycle_msgs/lib:/root/ros_ws/src/Rescue_Car_ws/install/complex_msgs/lib:/root/ros_ws/src/Rescue_Car_ws/install/builtin_interfaces/lib:/usr/lib/x86_64-linux-gnu/gazebo-11/plugins:/opt/ros/humble/opt/rviz_ogre_vendor/lib:/opt/ros/humble/lib/x86_64-linux-gnu:/opt/ros/humble/lib /usr/bin/cmake --build /root/ros_ws/src/Rescue_Car_ws/build/rmw_microxrcedds -- -j20 -l20
[2.288s] DEBUG:colcon.colcon_core.event_handler.log_command:Invoking command in '/root/ros_ws/src/Rescue_Car_ws/build/example_interfaces': CMAKE_PREFIX_PATH=/root/ros_ws/src/Rescue_Car_ws/install/action_msgs:/root/ros_ws/src/Rescue_Car_ws/install/unique_identifier_msgs:/root/ros_ws/src/Rescue_Car_ws/install/builtin_interfaces:/root/ros_ws/src/Rescue_Car_ws/install/micro_ros_demos_rclc:/root/ros_ws/src/Rescue_Car_ws/install/common_interfaces:/root/ros_ws/src/Rescue_Car_ws/install/visualization_msgs:/root/ros_ws/src/Rescue_Car_ws/install/test_msgs:/root/ros_ws/src/Rescue_Car_ws/install/example_interfaces:/root/ros_ws/src/Rescue_Car_ws/install/trajectory_msgs:/root/ros_ws/src/Rescue_Car_ws/install/stereo_msgs:/root/ros_ws/src/Rescue_Car_ws/install/std_srvs:/root/ros_ws/src/Rescue_Car_ws/install/shape_msgs:/root/ros_ws/src/Rescue_Car_ws/install/sensor_msgs:/root/ros_ws/src/Rescue_Car_ws/install/nav_msgs:/root/ros_ws/src/Rescue_Car_ws/install/diagnostic_msgs:/root/ros_ws/src/Rescue_Car_ws/install/geometry_msgs:/root/ros_ws/src/Rescue_Car_ws/install/actionlib_msgs:/root/ros_ws/src/Rescue_Car_ws/install/std_msgs:/root/ros_ws/src/Rescue_Car_ws/install/statistics_msgs:/root/ros_ws/src/Rescue_Car_ws/install/rosidl_typesupport_microxrcedds_test_msg:/root/ros_ws/src/Rescue_Car_ws/install/rosidl_typesupport_microxrcedds_cpp_tests:/root/ros_ws/src/Rescue_Car_ws/install/rmw_microxrcedds:/root/ros_ws/src/Rescue_Car_ws/install/rosidl_typesupport_microxrcedds_cpp:/root/ros_ws/src/Rescue_Car_ws/install/rosidl_typesupport_microxrcedds_c_tests:/root/ros_ws/src/Rescue_Car_ws/install/rosidl_typesupport_microxrcedds_c:/root/ros_ws/src/Rescue_Car_ws/install/rosgraph_msgs:/root/ros_ws/src/Rescue_Car_ws/install/rclc_parameter:/root/ros_ws/src/Rescue_Car_ws/install/rclc:/root/ros_ws/src/Rescue_Car_ws/install/composition_interfaces:/root/ros_ws/src/Rescue_Car_ws/install/rcl_interfaces:/root/ros_ws/src/Rescue_Car_ws/install/microxrcedds_client:/root/ros_ws/src/Rescue_Car_ws/install/microcdr:/root/ros_ws/src/Rescue_Car_ws/install/micro_ros_utilities:/root/ros_ws/src/Rescue_Car_ws/install/micro_ros_setup:/root/ros_ws/src/Rescue_Car_ws/install/micro_ros_agent:/root/ros_ws/src/Rescue_Car_ws/install/micro_ros_msgs:/root/ros_ws/src/Rescue_Car_ws/install/lifecycle_msgs:/root/ros_ws/src/Rescue_Car_ws/install/complex_msgs:/root/ros_ws/src/Rescue_Car_ws/install/car:/root/ros_ws/src/Rescue_Car_ws/install/sensor_msgs_py:/opt/ros/humble LD_LIBRARY_PATH=/root/ros_ws/src/Rescue_Car_ws/install/action_msgs/lib:/root/ros_ws/src/Rescue_Car_ws/install/unique_identifier_msgs/lib:/root/ros_ws/src/Rescue_Car_ws/install/builtin_interfaces/lib:/root/ros_ws/src/Rescue_Car_ws/install/visualization_msgs/lib:/root/ros_ws/src/Rescue_Car_ws/install/test_msgs/lib:/root/ros_ws/src/Rescue_Car_ws/install/example_interfaces/lib:/root/ros_ws/src/Rescue_Car_ws/install/trajectory_msgs/lib:/root/ros_ws/src/Rescue_Car_ws/install/stereo_msgs/lib:/root/ros_ws/src/Rescue_Car_ws/install/std_srvs/lib:/root/ros_ws/src/Rescue_Car_ws/install/shape_msgs/lib:/root/ros_ws/src/Rescue_Car_ws/install/sensor_msgs/lib:/root/ros_ws/src/Rescue_Car_ws/install/nav_msgs/lib:/root/ros_ws/src/Rescue_Car_ws/install/diagnostic_msgs/lib:/root/ros_ws/src/Rescue_Car_ws/install/geometry_msgs/lib:/root/ros_ws/src/Rescue_Car_ws/install/actionlib_msgs/lib:/root/ros_ws/src/Rescue_Car_ws/install/std_msgs/lib:/root/ros_ws/src/Rescue_Car_ws/install/statistics_msgs/lib:/root/ros_ws/src/Rescue_Car_ws/install/rosidl_typesupport_microxrcedds_test_msg/lib:/root/ros_ws/src/Rescue_Car_ws/install/rmw_microxrcedds/lib:/root/ros_ws/src/Rescue_Car_ws/install/rosidl_typesupport_microxrcedds_cpp/lib:/root/ros_ws/src/Rescue_Car_ws/install/rosidl_typesupport_microxrcedds_c/lib:/root/ros_ws/src/Rescue_Car_ws/install/rosgraph_msgs/lib:/root/ros_ws/src/Rescue_Car_ws/install/rclc_parameter/lib:/root/ros_ws/src/Rescue_Car_ws/install/rclc/lib:/root/ros_ws/src/Rescue_Car_ws/install/composition_interfaces/lib:/root/ros_ws/src/Rescue_Car_ws/install/rcl_interfaces/lib:/root/ros_ws/src/Rescue_Car_ws/install/micro_ros_utilities/lib:/root/ros_ws/src/Rescue_Car_ws/install/micro_ros_agent/lib:/root/ros_ws/src/Rescue_Car_ws/install/micro_ros_msgs/lib:/root/ros_ws/src/Rescue_Car_ws/install/lifecycle_msgs/lib:/root/ros_ws/src/Rescue_Car_ws/install/complex_msgs/lib:/usr/lib/x86_64-linux-gnu/gazebo-11/plugins:/opt/ros/humble/opt/rviz_ogre_vendor/lib:/opt/ros/humble/lib/x86_64-linux-gnu:/opt/ros/humble/lib /usr/bin/cmake --build /root/ros_ws/src/Rescue_Car_ws/build/example_interfaces -- -j20 -l20
[2.323s] DEBUG:colcon.colcon_core.event_handler.log_command:Invoking command in '/root/ros_ws/src/Rescue_Car_ws/build/test_msgs': CMAKE_PREFIX_PATH=/root/ros_ws/src/Rescue_Car_ws/install/action_msgs:/root/ros_ws/src/Rescue_Car_ws/install/unique_identifier_msgs:/root/ros_ws/src/Rescue_Car_ws/install/builtin_interfaces:/root/ros_ws/src/Rescue_Car_ws/install/micro_ros_demos_rclc:/root/ros_ws/src/Rescue_Car_ws/install/common_interfaces:/root/ros_ws/src/Rescue_Car_ws/install/visualization_msgs:/root/ros_ws/src/Rescue_Car_ws/install/test_msgs:/root/ros_ws/src/Rescue_Car_ws/install/example_interfaces:/root/ros_ws/src/Rescue_Car_ws/install/trajectory_msgs:/root/ros_ws/src/Rescue_Car_ws/install/stereo_msgs:/root/ros_ws/src/Rescue_Car_ws/install/std_srvs:/root/ros_ws/src/Rescue_Car_ws/install/shape_msgs:/root/ros_ws/src/Rescue_Car_ws/install/sensor_msgs:/root/ros_ws/src/Rescue_Car_ws/install/nav_msgs:/root/ros_ws/src/Rescue_Car_ws/install/diagnostic_msgs:/root/ros_ws/src/Rescue_Car_ws/install/geometry_msgs:/root/ros_ws/src/Rescue_Car_ws/install/actionlib_msgs:/root/ros_ws/src/Rescue_Car_ws/install/std_msgs:/root/ros_ws/src/Rescue_Car_ws/install/statistics_msgs:/root/ros_ws/src/Rescue_Car_ws/install/rosidl_typesupport_microxrcedds_test_msg:/root/ros_ws/src/Rescue_Car_ws/install/rosidl_typesupport_microxrcedds_cpp_tests:/root/ros_ws/src/Rescue_Car_ws/install/rmw_microxrcedds:/root/ros_ws/src/Rescue_Car_ws/install/rosidl_typesupport_microxrcedds_cpp:/root/ros_ws/src/Rescue_Car_ws/install/rosidl_typesupport_microxrcedds_c_tests:/root/ros_ws/src/Rescue_Car_ws/install/rosidl_typesupport_microxrcedds_c:/root/ros_ws/src/Rescue_Car_ws/install/rosgraph_msgs:/root/ros_ws/src/Rescue_Car_ws/install/rclc_parameter:/root/ros_ws/src/Rescue_Car_ws/install/rclc:/root/ros_ws/src/Rescue_Car_ws/install/composition_interfaces:/root/ros_ws/src/Rescue_Car_ws/install/rcl_interfaces:/root/ros_ws/src/Rescue_Car_ws/install/microxrcedds_client:/root/ros_ws/src/Rescue_Car_ws/install/microcdr:/root/ros_ws/src/Rescue_Car_ws/install/micro_ros_utilities:/root/ros_ws/src/Rescue_Car_ws/install/micro_ros_setup:/root/ros_ws/src/Rescue_Car_ws/install/micro_ros_agent:/root/ros_ws/src/Rescue_Car_ws/install/micro_ros_msgs:/root/ros_ws/src/Rescue_Car_ws/install/lifecycle_msgs:/root/ros_ws/src/Rescue_Car_ws/install/complex_msgs:/root/ros_ws/src/Rescue_Car_ws/install/car:/root/ros_ws/src/Rescue_Car_ws/install/sensor_msgs_py:/opt/ros/humble LD_LIBRARY_PATH=/root/ros_ws/src/Rescue_Car_ws/install/action_msgs/lib:/root/ros_ws/src/Rescue_Car_ws/install/unique_identifier_msgs/lib:/root/ros_ws/src/Rescue_Car_ws/install/builtin_interfaces/lib:/root/ros_ws/src/Rescue_Car_ws/install/visualization_msgs/lib:/root/ros_ws/src/Rescue_Car_ws/install/test_msgs/lib:/root/ros_ws/src/Rescue_Car_ws/install/example_interfaces/lib:/root/ros_ws/src/Rescue_Car_ws/install/trajectory_msgs/lib:/root/ros_ws/src/Rescue_Car_ws/install/stereo_msgs/lib:/root/ros_ws/src/Rescue_Car_ws/install/std_srvs/lib:/root/ros_ws/src/Rescue_Car_ws/install/shape_msgs/lib:/root/ros_ws/src/Rescue_Car_ws/install/sensor_msgs/lib:/root/ros_ws/src/Rescue_Car_ws/install/nav_msgs/lib:/root/ros_ws/src/Rescue_Car_ws/install/diagnostic_msgs/lib:/root/ros_ws/src/Rescue_Car_ws/install/geometry_msgs/lib:/root/ros_ws/src/Rescue_Car_ws/install/actionlib_msgs/lib:/root/ros_ws/src/Rescue_Car_ws/install/std_msgs/lib:/root/ros_ws/src/Rescue_Car_ws/install/statistics_msgs/lib:/root/ros_ws/src/Rescue_Car_ws/install/rosidl_typesupport_microxrcedds_test_msg/lib:/root/ros_ws/src/Rescue_Car_ws/install/rmw_microxrcedds/lib:/root/ros_ws/src/Rescue_Car_ws/install/rosidl_typesupport_microxrcedds_cpp/lib:/root/ros_ws/src/Rescue_Car_ws/install/rosidl_typesupport_microxrcedds_c/lib:/root/ros_ws/src/Rescue_Car_ws/install/rosgraph_msgs/lib:/root/ros_ws/src/Rescue_Car_ws/install/rclc_parameter/lib:/root/ros_ws/src/Rescue_Car_ws/install/rclc/lib:/root/ros_ws/src/Rescue_Car_ws/install/composition_interfaces/lib:/root/ros_ws/src/Rescue_Car_ws/install/rcl_interfaces/lib:/root/ros_ws/src/Rescue_Car_ws/install/micro_ros_utilities/lib:/root/ros_ws/src/Rescue_Car_ws/install/micro_ros_agent/lib:/root/ros_ws/src/Rescue_Car_ws/install/micro_ros_msgs/lib:/root/ros_ws/src/Rescue_Car_ws/install/lifecycle_msgs/lib:/root/ros_ws/src/Rescue_Car_ws/install/complex_msgs/lib:/usr/lib/x86_64-linux-gnu/gazebo-11/plugins:/opt/ros/humble/opt/rviz_ogre_vendor/lib:/opt/ros/humble/lib/x86_64-linux-gnu:/opt/ros/humble/lib /usr/bin/cmake --build /root/ros_ws/src/Rescue_Car_ws/build/test_msgs -- -j20 -l20
[2.356s] DEBUG:colcon.colcon_core.event_handler.log_command:Invoked command in '/root/ros_ws/src/Rescue_Car_ws/build/rmw_microxrcedds' returned '0': CMAKE_PREFIX_PATH=/root/ros_ws/src/Rescue_Car_ws/install/rosidl_typesupport_microxrcedds_cpp:/root/ros_ws/src/Rescue_Car_ws/install/rosidl_typesupport_microxrcedds_c:/root/ros_ws/src/Rescue_Car_ws/install/microxrcedds_client:/root/ros_ws/src/Rescue_Car_ws/install/microcdr:/root/ros_ws/src/Rescue_Car_ws/install/micro_ros_msgs:/root/ros_ws/src/Rescue_Car_ws/install/micro_ros_demos_rclc:/root/ros_ws/src/Rescue_Car_ws/install/common_interfaces:/root/ros_ws/src/Rescue_Car_ws/install/visualization_msgs:/root/ros_ws/src/Rescue_Car_ws/install/test_msgs:/root/ros_ws/src/Rescue_Car_ws/install/example_interfaces:/root/ros_ws/src/Rescue_Car_ws/install/action_msgs:/root/ros_ws/src/Rescue_Car_ws/install/unique_identifier_msgs:/root/ros_ws/src/Rescue_Car_ws/install/trajectory_msgs:/root/ros_ws/src/Rescue_Car_ws/install/stereo_msgs:/root/ros_ws/src/Rescue_Car_ws/install/std_srvs:/root/ros_ws/src/Rescue_Car_ws/install/shape_msgs:/root/ros_ws/src/Rescue_Car_ws/install/sensor_msgs:/root/ros_ws/src/Rescue_Car_ws/install/nav_msgs:/root/ros_ws/src/Rescue_Car_ws/install/diagnostic_msgs:/root/ros_ws/src/Rescue_Car_ws/install/geometry_msgs:/root/ros_ws/src/Rescue_Car_ws/install/actionlib_msgs:/root/ros_ws/src/Rescue_Car_ws/install/std_msgs:/root/ros_ws/src/Rescue_Car_ws/install/statistics_msgs:/root/ros_ws/src/Rescue_Car_ws/install/rosidl_typesupport_microxrcedds_test_msg:/root/ros_ws/src/Rescue_Car_ws/install/rosidl_typesupport_microxrcedds_cpp_tests:/root/ros_ws/src/Rescue_Car_ws/install/rmw_microxrcedds:/root/ros_ws/src/Rescue_Car_ws/install/rosidl_typesupport_microxrcedds_c_tests:/root/ros_ws/src/Rescue_Car_ws/install/rosgraph_msgs:/root/ros_ws/src/Rescue_Car_ws/install/rclc_parameter:/root/ros_ws/src/Rescue_Car_ws/install/rclc:/root/ros_ws/src/Rescue_Car_ws/install/composition_interfaces:/root/ros_ws/src/Rescue_Car_ws/install/rcl_interfaces:/root/ros_ws/src/Rescue_Car_ws/install/micro_ros_utilities:/root/ros_ws/src/Rescue_Car_ws/install/micro_ros_setup:/root/ros_ws/src/Rescue_Car_ws/install/micro_ros_agent:/root/ros_ws/src/Rescue_Car_ws/install/lifecycle_msgs:/root/ros_ws/src/Rescue_Car_ws/install/complex_msgs:/root/ros_ws/src/Rescue_Car_ws/install/car:/root/ros_ws/src/Rescue_Car_ws/install/builtin_interfaces:/root/ros_ws/src/Rescue_Car_ws/install/sensor_msgs_py:/opt/ros/humble LD_LIBRARY_PATH=/root/ros_ws/src/Rescue_Car_ws/install/micro_ros_msgs/lib:/root/ros_ws/src/Rescue_Car_ws/install/visualization_msgs/lib:/root/ros_ws/src/Rescue_Car_ws/install/test_msgs/lib:/root/ros_ws/src/Rescue_Car_ws/install/example_interfaces/lib:/root/ros_ws/src/Rescue_Car_ws/install/action_msgs/lib:/root/ros_ws/src/Rescue_Car_ws/install/unique_identifier_msgs/lib:/root/ros_ws/src/Rescue_Car_ws/install/trajectory_msgs/lib:/root/ros_ws/src/Rescue_Car_ws/install/stereo_msgs/lib:/root/ros_ws/src/Rescue_Car_ws/install/std_srvs/lib:/root/ros_ws/src/Rescue_Car_ws/install/shape_msgs/lib:/root/ros_ws/src/Rescue_Car_ws/install/sensor_msgs/lib:/root/ros_ws/src/Rescue_Car_ws/install/nav_msgs/lib:/root/ros_ws/src/Rescue_Car_ws/install/diagnostic_msgs/lib:/root/ros_ws/src/Rescue_Car_ws/install/geometry_msgs/lib:/root/ros_ws/src/Rescue_Car_ws/install/actionlib_msgs/lib:/root/ros_ws/src/Rescue_Car_ws/install/std_msgs/lib:/root/ros_ws/src/Rescue_Car_ws/install/statistics_msgs/lib:/root/ros_ws/src/Rescue_Car_ws/install/rosidl_typesupport_microxrcedds_test_msg/lib:/root/ros_ws/src/Rescue_Car_ws/install/rmw_microxrcedds/lib:/root/ros_ws/src/Rescue_Car_ws/install/rosidl_typesupport_microxrcedds_cpp/lib:/root/ros_ws/src/Rescue_Car_ws/install/rosidl_typesupport_microxrcedds_c/lib:/root/ros_ws/src/Rescue_Car_ws/install/rosgraph_msgs/lib:/root/ros_ws/src/Rescue_Car_ws/install/rclc_parameter/lib:/root/ros_ws/src/Rescue_Car_ws/install/rclc/lib:/root/ros_ws/src/Rescue_Car_ws/install/composition_interfaces/lib:/root/ros_ws/src/Rescue_Car_ws/install/rcl_interfaces/lib:/root/ros_ws/src/Rescue_Car_ws/install/micro_ros_utilities/lib:/root/ros_ws/src/Rescue_Car_ws/install/micro_ros_agent/lib:/root/ros_ws/src/Rescue_Car_ws/install/lifecycle_msgs/lib:/root/ros_ws/src/Rescue_Car_ws/install/complex_msgs/lib:/root/ros_ws/src/Rescue_Car_ws/install/builtin_interfaces/lib:/usr/lib/x86_64-linux-gnu/gazebo-11/plugins:/opt/ros/humble/opt/rviz_ogre_vendor/lib:/opt/ros/humble/lib/x86_64-linux-gnu:/opt/ros/humble/lib /usr/bin/cmake --build /root/ros_ws/src/Rescue_Car_ws/build/rmw_microxrcedds -- -j20 -l20
[2.359s] DEBUG:colcon.colcon_core.event_handler.log_command:Invoking command in '/root/ros_ws/src/Rescue_Car_ws/build/rmw_microxrcedds': CMAKE_PREFIX_PATH=/root/ros_ws/src/Rescue_Car_ws/install/rosidl_typesupport_microxrcedds_cpp:/root/ros_ws/src/Rescue_Car_ws/install/rosidl_typesupport_microxrcedds_c:/root/ros_ws/src/Rescue_Car_ws/install/microxrcedds_client:/root/ros_ws/src/Rescue_Car_ws/install/microcdr:/root/ros_ws/src/Rescue_Car_ws/install/micro_ros_msgs:/root/ros_ws/src/Rescue_Car_ws/install/micro_ros_demos_rclc:/root/ros_ws/src/Rescue_Car_ws/install/common_interfaces:/root/ros_ws/src/Rescue_Car_ws/install/visualization_msgs:/root/ros_ws/src/Rescue_Car_ws/install/test_msgs:/root/ros_ws/src/Rescue_Car_ws/install/example_interfaces:/root/ros_ws/src/Rescue_Car_ws/install/action_msgs:/root/ros_ws/src/Rescue_Car_ws/install/unique_identifier_msgs:/root/ros_ws/src/Rescue_Car_ws/install/trajectory_msgs:/root/ros_ws/src/Rescue_Car_ws/install/stereo_msgs:/root/ros_ws/src/Rescue_Car_ws/install/std_srvs:/root/ros_ws/src/Rescue_Car_ws/install/shape_msgs:/root/ros_ws/src/Rescue_Car_ws/install/sensor_msgs:/root/ros_ws/src/Rescue_Car_ws/install/nav_msgs:/root/ros_ws/src/Rescue_Car_ws/install/diagnostic_msgs:/root/ros_ws/src/Rescue_Car_ws/install/geometry_msgs:/root/ros_ws/src/Rescue_Car_ws/install/actionlib_msgs:/root/ros_ws/src/Rescue_Car_ws/install/std_msgs:/root/ros_ws/src/Rescue_Car_ws/install/statistics_msgs:/root/ros_ws/src/Rescue_Car_ws/install/rosidl_typesupport_microxrcedds_test_msg:/root/ros_ws/src/Rescue_Car_ws/install/rosidl_typesupport_microxrcedds_cpp_tests:/root/ros_ws/src/Rescue_Car_ws/install/rmw_microxrcedds:/root/ros_ws/src/Rescue_Car_ws/install/rosidl_typesupport_microxrcedds_c_tests:/root/ros_ws/src/Rescue_Car_ws/install/rosgraph_msgs:/root/ros_ws/src/Rescue_Car_ws/install/rclc_parameter:/root/ros_ws/src/Rescue_Car_ws/install/rclc:/root/ros_ws/src/Rescue_Car_ws/install/composition_interfaces:/root/ros_ws/src/Rescue_Car_ws/install/rcl_interfaces:/root/ros_ws/src/Rescue_Car_ws/install/micro_ros_utilities:/root/ros_ws/src/Rescue_Car_ws/install/micro_ros_setup:/root/ros_ws/src/Rescue_Car_ws/install/micro_ros_agent:/root/ros_ws/src/Rescue_Car_ws/install/lifecycle_msgs:/root/ros_ws/src/Rescue_Car_ws/install/complex_msgs:/root/ros_ws/src/Rescue_Car_ws/install/car:/root/ros_ws/src/Rescue_Car_ws/install/builtin_interfaces:/root/ros_ws/src/Rescue_Car_ws/install/sensor_msgs_py:/opt/ros/humble LD_LIBRARY_PATH=/root/ros_ws/src/Rescue_Car_ws/install/micro_ros_msgs/lib:/root/ros_ws/src/Rescue_Car_ws/install/visualization_msgs/lib:/root/ros_ws/src/Rescue_Car_ws/install/test_msgs/lib:/root/ros_ws/src/Rescue_Car_ws/install/example_interfaces/lib:/root/ros_ws/src/Rescue_Car_ws/install/action_msgs/lib:/root/ros_ws/src/Rescue_Car_ws/install/unique_identifier_msgs/lib:/root/ros_ws/src/Rescue_Car_ws/install/trajectory_msgs/lib:/root/ros_ws/src/Rescue_Car_ws/install/stereo_msgs/lib:/root/ros_ws/src/Rescue_Car_ws/install/std_srvs/lib:/root/ros_ws/src/Rescue_Car_ws/install/shape_msgs/lib:/root/ros_ws/src/Rescue_Car_ws/install/sensor_msgs/lib:/root/ros_ws/src/Rescue_Car_ws/install/nav_msgs/lib:/root/ros_ws/src/Rescue_Car_ws/install/diagnostic_msgs/lib:/root/ros_ws/src/Rescue_Car_ws/install/geometry_msgs/lib:/root/ros_ws/src/Rescue_Car_ws/install/actionlib_msgs/lib:/root/ros_ws/src/Rescue_Car_ws/install/std_msgs/lib:/root/ros_ws/src/Rescue_Car_ws/install/statistics_msgs/lib:/root/ros_ws/src/Rescue_Car_ws/install/rosidl_typesupport_microxrcedds_test_msg/lib:/root/ros_ws/src/Rescue_Car_ws/install/rmw_microxrcedds/lib:/root/ros_ws/src/Rescue_Car_ws/install/rosidl_typesupport_microxrcedds_cpp/lib:/root/ros_ws/src/Rescue_Car_ws/install/rosidl_typesupport_microxrcedds_c/lib:/root/ros_ws/src/Rescue_Car_ws/install/rosgraph_msgs/lib:/root/ros_ws/src/Rescue_Car_ws/install/rclc_parameter/lib:/root/ros_ws/src/Rescue_Car_ws/install/rclc/lib:/root/ros_ws/src/Rescue_Car_ws/install/composition_interfaces/lib:/root/ros_ws/src/Rescue_Car_ws/install/rcl_interfaces/lib:/root/ros_ws/src/Rescue_Car_ws/install/micro_ros_utilities/lib:/root/ros_ws/src/Rescue_Car_ws/install/micro_ros_agent/lib:/root/ros_ws/src/Rescue_Car_ws/install/lifecycle_msgs/lib:/root/ros_ws/src/Rescue_Car_ws/install/complex_msgs/lib:/root/ros_ws/src/Rescue_Car_ws/install/builtin_interfaces/lib:/usr/lib/x86_64-linux-gnu/gazebo-11/plugins:/opt/ros/humble/opt/rviz_ogre_vendor/lib:/opt/ros/humble/lib/x86_64-linux-gnu:/opt/ros/humble/lib /usr/bin/cmake --install /root/ros_ws/src/Rescue_Car_ws/build/rmw_microxrcedds
[2.376s] Level 1:colcon.colcon_core.environment:create_environment_scripts_only(rmw_microxrcedds)
[2.376s] Level 1:colcon.colcon_core.environment:checking '/root/ros_ws/src/Rescue_Car_ws/install/rmw_microxrcedds' for CMake module files
[2.377s] Level 1:colcon.colcon_core.environment:checking '/root/ros_ws/src/Rescue_Car_ws/install/rmw_microxrcedds' for CMake config files
[2.377s] Level 1:colcon.colcon_core.shell:create_environment_hook('rmw_microxrcedds', 'cmake_prefix_path')
[2.377s] INFO:colcon.colcon_core.shell:Creating environment hook '/root/ros_ws/src/Rescue_Car_ws/install/rmw_microxrcedds/share/rmw_microxrcedds/hook/cmake_prefix_path.ps1'
[2.378s] DEBUG:colcon.colcon_core.event_handler.log_command:Invoked command in '/root/ros_ws/src/Rescue_Car_ws/build/rmw_microxrcedds' returned '0': CMAKE_PREFIX_PATH=/root/ros_ws/src/Rescue_Car_ws/install/rosidl_typesupport_microxrcedds_cpp:/root/ros_ws/src/Rescue_Car_ws/install/rosidl_typesupport_microxrcedds_c:/root/ros_ws/src/Rescue_Car_ws/install/microxrcedds_client:/root/ros_ws/src/Rescue_Car_ws/install/microcdr:/root/ros_ws/src/Rescue_Car_ws/install/micro_ros_msgs:/root/ros_ws/src/Rescue_Car_ws/install/micro_ros_demos_rclc:/root/ros_ws/src/Rescue_Car_ws/install/common_interfaces:/root/ros_ws/src/Rescue_Car_ws/install/visualization_msgs:/root/ros_ws/src/Rescue_Car_ws/install/test_msgs:/root/ros_ws/src/Rescue_Car_ws/install/example_interfaces:/root/ros_ws/src/Rescue_Car_ws/install/action_msgs:/root/ros_ws/src/Rescue_Car_ws/install/unique_identifier_msgs:/root/ros_ws/src/Rescue_Car_ws/install/trajectory_msgs:/root/ros_ws/src/Rescue_Car_ws/install/stereo_msgs:/root/ros_ws/src/Rescue_Car_ws/install/std_srvs:/root/ros_ws/src/Rescue_Car_ws/install/shape_msgs:/root/ros_ws/src/Rescue_Car_ws/install/sensor_msgs:/root/ros_ws/src/Rescue_Car_ws/install/nav_msgs:/root/ros_ws/src/Rescue_Car_ws/install/diagnostic_msgs:/root/ros_ws/src/Rescue_Car_ws/install/geometry_msgs:/root/ros_ws/src/Rescue_Car_ws/install/actionlib_msgs:/root/ros_ws/src/Rescue_Car_ws/install/std_msgs:/root/ros_ws/src/Rescue_Car_ws/install/statistics_msgs:/root/ros_ws/src/Rescue_Car_ws/install/rosidl_typesupport_microxrcedds_test_msg:/root/ros_ws/src/Rescue_Car_ws/install/rosidl_typesupport_microxrcedds_cpp_tests:/root/ros_ws/src/Rescue_Car_ws/install/rmw_microxrcedds:/root/ros_ws/src/Rescue_Car_ws/install/rosidl_typesupport_microxrcedds_c_tests:/root/ros_ws/src/Rescue_Car_ws/install/rosgraph_msgs:/root/ros_ws/src/Rescue_Car_ws/install/rclc_parameter:/root/ros_ws/src/Rescue_Car_ws/install/rclc:/root/ros_ws/src/Rescue_Car_ws/install/composition_interfaces:/root/ros_ws/src/Rescue_Car_ws/install/rcl_interfaces:/root/ros_ws/src/Rescue_Car_ws/install/micro_ros_utilities:/root/ros_ws/src/Rescue_Car_ws/install/micro_ros_setup:/root/ros_ws/src/Rescue_Car_ws/install/micro_ros_agent:/root/ros_ws/src/Rescue_Car_ws/install/lifecycle_msgs:/root/ros_ws/src/Rescue_Car_ws/install/complex_msgs:/root/ros_ws/src/Rescue_Car_ws/install/car:/root/ros_ws/src/Rescue_Car_ws/install/builtin_interfaces:/root/ros_ws/src/Rescue_Car_ws/install/sensor_msgs_py:/opt/ros/humble LD_LIBRARY_PATH=/root/ros_ws/src/Rescue_Car_ws/install/micro_ros_msgs/lib:/root/ros_ws/src/Rescue_Car_ws/install/visualization_msgs/lib:/root/ros_ws/src/Rescue_Car_ws/install/test_msgs/lib:/root/ros_ws/src/Rescue_Car_ws/install/example_interfaces/lib:/root/ros_ws/src/Rescue_Car_ws/install/action_msgs/lib:/root/ros_ws/src/Rescue_Car_ws/install/unique_identifier_msgs/lib:/root/ros_ws/src/Rescue_Car_ws/install/trajectory_msgs/lib:/root/ros_ws/src/Rescue_Car_ws/install/stereo_msgs/lib:/root/ros_ws/src/Rescue_Car_ws/install/std_srvs/lib:/root/ros_ws/src/Rescue_Car_ws/install/shape_msgs/lib:/root/ros_ws/src/Rescue_Car_ws/install/sensor_msgs/lib:/root/ros_ws/src/Rescue_Car_ws/install/nav_msgs/lib:/root/ros_ws/src/Rescue_Car_ws/install/diagnostic_msgs/lib:/root/ros_ws/src/Rescue_Car_ws/install/geometry_msgs/lib:/root/ros_ws/src/Rescue_Car_ws/install/actionlib_msgs/lib:/root/ros_ws/src/Rescue_Car_ws/install/std_msgs/lib:/root/ros_ws/src/Rescue_Car_ws/install/statistics_msgs/lib:/root/ros_ws/src/Rescue_Car_ws/install/rosidl_typesupport_microxrcedds_test_msg/lib:/root/ros_ws/src/Rescue_Car_ws/install/rmw_microxrcedds/lib:/root/ros_ws/src/Rescue_Car_ws/install/rosidl_typesupport_microxrcedds_cpp/lib:/root/ros_ws/src/Rescue_Car_ws/install/rosidl_typesupport_microxrcedds_c/lib:/root/ros_ws/src/Rescue_Car_ws/install/rosgraph_msgs/lib:/root/ros_ws/src/Rescue_Car_ws/install/rclc_parameter/lib:/root/ros_ws/src/Rescue_Car_ws/install/rclc/lib:/root/ros_ws/src/Rescue_Car_ws/install/composition_interfaces/lib:/root/ros_ws/src/Rescue_Car_ws/install/rcl_interfaces/lib:/root/ros_ws/src/Rescue_Car_ws/install/micro_ros_utilities/lib:/root/ros_ws/src/Rescue_Car_ws/install/micro_ros_agent/lib:/root/ros_ws/src/Rescue_Car_ws/install/lifecycle_msgs/lib:/root/ros_ws/src/Rescue_Car_ws/install/complex_msgs/lib:/root/ros_ws/src/Rescue_Car_ws/install/builtin_interfaces/lib:/usr/lib/x86_64-linux-gnu/gazebo-11/plugins:/opt/ros/humble/opt/rviz_ogre_vendor/lib:/opt/ros/humble/lib/x86_64-linux-gnu:/opt/ros/humble/lib /usr/bin/cmake --install /root/ros_ws/src/Rescue_Car_ws/build/rmw_microxrcedds
[2.380s] INFO:colcon.colcon_core.shell:Creating environment descriptor '/root/ros_ws/src/Rescue_Car_ws/install/rmw_microxrcedds/share/rmw_microxrcedds/hook/cmake_prefix_path.dsv'
[2.381s] INFO:colcon.colcon_core.shell:Creating environment hook '/root/ros_ws/src/Rescue_Car_ws/install/rmw_microxrcedds/share/rmw_microxrcedds/hook/cmake_prefix_path.sh'
[2.381s] Level 1:colcon.colcon_core.environment:checking '/root/ros_ws/src/Rescue_Car_ws/install/rmw_microxrcedds/lib'
[2.382s] Level 1:colcon.colcon_core.shell:create_environment_hook('rmw_microxrcedds', 'ld_library_path_lib')
[2.382s] INFO:colcon.colcon_core.shell:Creating environment hook '/root/ros_ws/src/Rescue_Car_ws/install/rmw_microxrcedds/share/rmw_microxrcedds/hook/ld_library_path_lib.ps1'
[2.382s] INFO:colcon.colcon_core.shell:Creating environment descriptor '/root/ros_ws/src/Rescue_Car_ws/install/rmw_microxrcedds/share/rmw_microxrcedds/hook/ld_library_path_lib.dsv'
[2.383s] INFO:colcon.colcon_core.shell:Creating environment hook '/root/ros_ws/src/Rescue_Car_ws/install/rmw_microxrcedds/share/rmw_microxrcedds/hook/ld_library_path_lib.sh'
[2.383s] Level 1:colcon.colcon_core.environment:checking '/root/ros_ws/src/Rescue_Car_ws/install/rmw_microxrcedds/bin'
[2.383s] Level 1:colcon.colcon_core.environment:checking '/root/ros_ws/src/Rescue_Car_ws/install/rmw_microxrcedds/lib/pkgconfig/rmw_microxrcedds.pc'
[2.384s] Level 1:colcon.colcon_core.environment:checking '/root/ros_ws/src/Rescue_Car_ws/install/rmw_microxrcedds/lib/python3.10/site-packages'
[2.384s] Level 1:colcon.colcon_core.environment:checking '/root/ros_ws/src/Rescue_Car_ws/install/rmw_microxrcedds/bin'
[2.384s] INFO:colcon.colcon_core.shell:Creating package script '/root/ros_ws/src/Rescue_Car_ws/install/rmw_microxrcedds/share/rmw_microxrcedds/package.ps1'
[2.385s] INFO:colcon.colcon_core.shell:Creating package descriptor '/root/ros_ws/src/Rescue_Car_ws/install/rmw_microxrcedds/share/rmw_microxrcedds/package.dsv'
[2.385s] INFO:colcon.colcon_core.shell:Creating package script '/root/ros_ws/src/Rescue_Car_ws/install/rmw_microxrcedds/share/rmw_microxrcedds/package.sh'
[2.386s] INFO:colcon.colcon_core.shell:Creating package script '/root/ros_ws/src/Rescue_Car_ws/install/rmw_microxrcedds/share/rmw_microxrcedds/package.bash'
[2.386s] INFO:colcon.colcon_core.shell:Creating package script '/root/ros_ws/src/Rescue_Car_ws/install/rmw_microxrcedds/share/rmw_microxrcedds/package.zsh'
[2.387s] Level 1:colcon.colcon_core.environment:create_file_with_runtime_dependencies(/root/ros_ws/src/Rescue_Car_ws/install/rmw_microxrcedds/share/colcon-core/packages/rmw_microxrcedds)
[2.388s] Level 1:colcon.colcon_core.environment:create_environment_scripts_only(rmw_microxrcedds)
[2.388s] Level 1:colcon.colcon_core.environment:checking '/root/ros_ws/src/Rescue_Car_ws/install/rmw_microxrcedds' for CMake module files
[2.388s] Level 1:colcon.colcon_core.environment:checking '/root/ros_ws/src/Rescue_Car_ws/install/rmw_microxrcedds' for CMake config files
[2.389s] Level 1:colcon.colcon_core.shell:create_environment_hook('rmw_microxrcedds', 'cmake_prefix_path')
[2.389s] INFO:colcon.colcon_core.shell:Creating environment hook '/root/ros_ws/src/Rescue_Car_ws/install/rmw_microxrcedds/share/rmw_microxrcedds/hook/cmake_prefix_path.ps1'
[2.390s] INFO:colcon.colcon_core.shell:Creating environment descriptor '/root/ros_ws/src/Rescue_Car_ws/install/rmw_microxrcedds/share/rmw_microxrcedds/hook/cmake_prefix_path.dsv'
[2.390s] INFO:colcon.colcon_core.shell:Creating environment hook '/root/ros_ws/src/Rescue_Car_ws/install/rmw_microxrcedds/share/rmw_microxrcedds/hook/cmake_prefix_path.sh'
[2.391s] Level 1:colcon.colcon_core.environment:checking '/root/ros_ws/src/Rescue_Car_ws/install/rmw_microxrcedds/lib'
[2.391s] Level 1:colcon.colcon_core.shell:create_environment_hook('rmw_microxrcedds', 'ld_library_path_lib')
[2.391s] INFO:colcon.colcon_core.shell:Creating environment hook '/root/ros_ws/src/Rescue_Car_ws/install/rmw_microxrcedds/share/rmw_microxrcedds/hook/ld_library_path_lib.ps1'
[2.391s] INFO:colcon.colcon_core.shell:Creating environment descriptor '/root/ros_ws/src/Rescue_Car_ws/install/rmw_microxrcedds/share/rmw_microxrcedds/hook/ld_library_path_lib.dsv'
[2.392s] INFO:colcon.colcon_core.shell:Creating environment hook '/root/ros_ws/src/Rescue_Car_ws/install/rmw_microxrcedds/share/rmw_microxrcedds/hook/ld_library_path_lib.sh'
[2.392s] Level 1:colcon.colcon_core.environment:checking '/root/ros_ws/src/Rescue_Car_ws/install/rmw_microxrcedds/bin'
[2.392s] Level 1:colcon.colcon_core.environment:checking '/root/ros_ws/src/Rescue_Car_ws/install/rmw_microxrcedds/lib/pkgconfig/rmw_microxrcedds.pc'
[2.392s] Level 1:colcon.colcon_core.environment:checking '/root/ros_ws/src/Rescue_Car_ws/install/rmw_microxrcedds/lib/python3.10/site-packages'
[2.392s] Level 1:colcon.colcon_core.environment:checking '/root/ros_ws/src/Rescue_Car_ws/install/rmw_microxrcedds/bin'
[2.393s] INFO:colcon.colcon_core.shell:Creating package script '/root/ros_ws/src/Rescue_Car_ws/install/rmw_microxrcedds/share/rmw_microxrcedds/package.ps1'
[2.393s] INFO:colcon.colcon_core.shell:Creating package descriptor '/root/ros_ws/src/Rescue_Car_ws/install/rmw_microxrcedds/share/rmw_microxrcedds/package.dsv'
[2.394s] INFO:colcon.colcon_core.shell:Creating package script '/root/ros_ws/src/Rescue_Car_ws/install/rmw_microxrcedds/share/rmw_microxrcedds/package.sh'
[2.395s] INFO:colcon.colcon_core.shell:Creating package script '/root/ros_ws/src/Rescue_Car_ws/install/rmw_microxrcedds/share/rmw_microxrcedds/package.bash'
[2.396s] INFO:colcon.colcon_core.shell:Creating package script '/root/ros_ws/src/Rescue_Car_ws/install/rmw_microxrcedds/share/rmw_microxrcedds/package.zsh'
[2.396s] Level 1:colcon.colcon_core.environment:create_file_with_runtime_dependencies(/root/ros_ws/src/Rescue_Car_ws/install/rmw_microxrcedds/share/colcon-core/packages/rmw_microxrcedds)
[2.397s] INFO:colcon.colcon_ros.task.ament_cmake.build:Building ROS package in '/root/ros_ws/src/Rescue_Car_ws/src/microros/src/uros/rosidl_typesupport_microxrcedds/test/msg' with build type 'ament_cmake'
[2.397s] INFO:colcon.colcon_cmake.task.cmake.build:Building CMake package in '/root/ros_ws/src/Rescue_Car_ws/src/microros/src/uros/rosidl_typesupport_microxrcedds/test/msg'
[2.398s] INFO:colcon.colcon_core.shell:Skip shell extension 'powershell' for command environment: Not usable outside of PowerShell
[2.398s] DEBUG:colcon.colcon_core.shell:Skip shell extension 'dsv' for command environment
[2.412s] DEBUG:colcon.colcon_core.event_handler.log_command:Invoked command in '/root/ros_ws/src/Rescue_Car_ws/build/actionlib_msgs' returned '0': CMAKE_PREFIX_PATH=/root/ros_ws/src/Rescue_Car_ws/install/std_msgs:/root/ros_ws/src/Rescue_Car_ws/install/builtin_interfaces:/root/ros_ws/src/Rescue_Car_ws/install/micro_ros_demos_rclc:/root/ros_ws/src/Rescue_Car_ws/install/common_interfaces:/root/ros_ws/src/Rescue_Car_ws/install/visualization_msgs:/root/ros_ws/src/Rescue_Car_ws/install/test_msgs:/root/ros_ws/src/Rescue_Car_ws/install/example_interfaces:/root/ros_ws/src/Rescue_Car_ws/install/action_msgs:/root/ros_ws/src/Rescue_Car_ws/install/unique_identifier_msgs:/root/ros_ws/src/Rescue_Car_ws/install/trajectory_msgs:/root/ros_ws/src/Rescue_Car_ws/install/stereo_msgs:/root/ros_ws/src/Rescue_Car_ws/install/std_srvs:/root/ros_ws/src/Rescue_Car_ws/install/shape_msgs:/root/ros_ws/src/Rescue_Car_ws/install/sensor_msgs:/root/ros_ws/src/Rescue_Car_ws/install/nav_msgs:/root/ros_ws/src/Rescue_Car_ws/install/diagnostic_msgs:/root/ros_ws/src/Rescue_Car_ws/install/geometry_msgs:/root/ros_ws/src/Rescue_Car_ws/install/actionlib_msgs:/root/ros_ws/src/Rescue_Car_ws/install/statistics_msgs:/root/ros_ws/src/Rescue_Car_ws/install/rosidl_typesupport_microxrcedds_test_msg:/root/ros_ws/src/Rescue_Car_ws/install/rosidl_typesupport_microxrcedds_cpp_tests:/root/ros_ws/src/Rescue_Car_ws/install/rmw_microxrcedds:/root/ros_ws/src/Rescue_Car_ws/install/rosidl_typesupport_microxrcedds_cpp:/root/ros_ws/src/Rescue_Car_ws/install/rosidl_typesupport_microxrcedds_c_tests:/root/ros_ws/src/Rescue_Car_ws/install/rosidl_typesupport_microxrcedds_c:/root/ros_ws/src/Rescue_Car_ws/install/rosgraph_msgs:/root/ros_ws/src/Rescue_Car_ws/install/rclc_parameter:/root/ros_ws/src/Rescue_Car_ws/install/rclc:/root/ros_ws/src/Rescue_Car_ws/install/composition_interfaces:/root/ros_ws/src/Rescue_Car_ws/install/rcl_interfaces:/root/ros_ws/src/Rescue_Car_ws/install/microxrcedds_client:/root/ros_ws/src/Rescue_Car_ws/install/microcdr:/root/ros_ws/src/Rescue_Car_ws/install/micro_ros_utilities:/root/ros_ws/src/Rescue_Car_ws/install/micro_ros_setup:/root/ros_ws/src/Rescue_Car_ws/install/micro_ros_agent:/root/ros_ws/src/Rescue_Car_ws/install/micro_ros_msgs:/root/ros_ws/src/Rescue_Car_ws/install/lifecycle_msgs:/root/ros_ws/src/Rescue_Car_ws/install/complex_msgs:/root/ros_ws/src/Rescue_Car_ws/install/car:/root/ros_ws/src/Rescue_Car_ws/install/sensor_msgs_py:/opt/ros/humble LD_LIBRARY_PATH=/root/ros_ws/src/Rescue_Car_ws/install/std_msgs/lib:/root/ros_ws/src/Rescue_Car_ws/install/builtin_interfaces/lib:/root/ros_ws/src/Rescue_Car_ws/install/visualization_msgs/lib:/root/ros_ws/src/Rescue_Car_ws/install/test_msgs/lib:/root/ros_ws/src/Rescue_Car_ws/install/example_interfaces/lib:/root/ros_ws/src/Rescue_Car_ws/install/action_msgs/lib:/root/ros_ws/src/Rescue_Car_ws/install/unique_identifier_msgs/lib:/root/ros_ws/src/Rescue_Car_ws/install/trajectory_msgs/lib:/root/ros_ws/src/Rescue_Car_ws/install/stereo_msgs/lib:/root/ros_ws/src/Rescue_Car_ws/install/std_srvs/lib:/root/ros_ws/src/Rescue_Car_ws/install/shape_msgs/lib:/root/ros_ws/src/Rescue_Car_ws/install/sensor_msgs/lib:/root/ros_ws/src/Rescue_Car_ws/install/nav_msgs/lib:/root/ros_ws/src/Rescue_Car_ws/install/diagnostic_msgs/lib:/root/ros_ws/src/Rescue_Car_ws/install/geometry_msgs/lib:/root/ros_ws/src/Rescue_Car_ws/install/actionlib_msgs/lib:/root/ros_ws/src/Rescue_Car_ws/install/statistics_msgs/lib:/root/ros_ws/src/Rescue_Car_ws/install/rosidl_typesupport_microxrcedds_test_msg/lib:/root/ros_ws/src/Rescue_Car_ws/install/rmw_microxrcedds/lib:/root/ros_ws/src/Rescue_Car_ws/install/rosidl_typesupport_microxrcedds_cpp/lib:/root/ros_ws/src/Rescue_Car_ws/install/rosidl_typesupport_microxrcedds_c/lib:/root/ros_ws/src/Rescue_Car_ws/install/rosgraph_msgs/lib:/root/ros_ws/src/Rescue_Car_ws/install/rclc_parameter/lib:/root/ros_ws/src/Rescue_Car_ws/install/rclc/lib:/root/ros_ws/src/Rescue_Car_ws/install/composition_interfaces/lib:/root/ros_ws/src/Rescue_Car_ws/install/rcl_interfaces/lib:/root/ros_ws/src/Rescue_Car_ws/install/micro_ros_utilities/lib:/root/ros_ws/src/Rescue_Car_ws/install/micro_ros_agent/lib:/root/ros_ws/src/Rescue_Car_ws/install/micro_ros_msgs/lib:/root/ros_ws/src/Rescue_Car_ws/install/lifecycle_msgs/lib:/root/ros_ws/src/Rescue_Car_ws/install/complex_msgs/lib:/usr/lib/x86_64-linux-gnu/gazebo-11/plugins:/opt/ros/humble/opt/rviz_ogre_vendor/lib:/opt/ros/humble/lib/x86_64-linux-gnu:/opt/ros/humble/lib /usr/bin/cmake --build /root/ros_ws/src/Rescue_Car_ws/build/actionlib_msgs -- -j20 -l20
[2.413s] DEBUG:colcon.colcon_core.event_handler.log_command:Invoking command in '/root/ros_ws/src/Rescue_Car_ws/build/actionlib_msgs': CMAKE_PREFIX_PATH=/root/ros_ws/src/Rescue_Car_ws/install/std_msgs:/root/ros_ws/src/Rescue_Car_ws/install/builtin_interfaces:/root/ros_ws/src/Rescue_Car_ws/install/micro_ros_demos_rclc:/root/ros_ws/src/Rescue_Car_ws/install/common_interfaces:/root/ros_ws/src/Rescue_Car_ws/install/visualization_msgs:/root/ros_ws/src/Rescue_Car_ws/install/test_msgs:/root/ros_ws/src/Rescue_Car_ws/install/example_interfaces:/root/ros_ws/src/Rescue_Car_ws/install/action_msgs:/root/ros_ws/src/Rescue_Car_ws/install/unique_identifier_msgs:/root/ros_ws/src/Rescue_Car_ws/install/trajectory_msgs:/root/ros_ws/src/Rescue_Car_ws/install/stereo_msgs:/root/ros_ws/src/Rescue_Car_ws/install/std_srvs:/root/ros_ws/src/Rescue_Car_ws/install/shape_msgs:/root/ros_ws/src/Rescue_Car_ws/install/sensor_msgs:/root/ros_ws/src/Rescue_Car_ws/install/nav_msgs:/root/ros_ws/src/Rescue_Car_ws/install/diagnostic_msgs:/root/ros_ws/src/Rescue_Car_ws/install/geometry_msgs:/root/ros_ws/src/Rescue_Car_ws/install/actionlib_msgs:/root/ros_ws/src/Rescue_Car_ws/install/statistics_msgs:/root/ros_ws/src/Rescue_Car_ws/install/rosidl_typesupport_microxrcedds_test_msg:/root/ros_ws/src/Rescue_Car_ws/install/rosidl_typesupport_microxrcedds_cpp_tests:/root/ros_ws/src/Rescue_Car_ws/install/rmw_microxrcedds:/root/ros_ws/src/Rescue_Car_ws/install/rosidl_typesupport_microxrcedds_cpp:/root/ros_ws/src/Rescue_Car_ws/install/rosidl_typesupport_microxrcedds_c_tests:/root/ros_ws/src/Rescue_Car_ws/install/rosidl_typesupport_microxrcedds_c:/root/ros_ws/src/Rescue_Car_ws/install/rosgraph_msgs:/root/ros_ws/src/Rescue_Car_ws/install/rclc_parameter:/root/ros_ws/src/Rescue_Car_ws/install/rclc:/root/ros_ws/src/Rescue_Car_ws/install/composition_interfaces:/root/ros_ws/src/Rescue_Car_ws/install/rcl_interfaces:/root/ros_ws/src/Rescue_Car_ws/install/microxrcedds_client:/root/ros_ws/src/Rescue_Car_ws/install/microcdr:/root/ros_ws/src/Rescue_Car_ws/install/micro_ros_utilities:/root/ros_ws/src/Rescue_Car_ws/install/micro_ros_setup:/root/ros_ws/src/Rescue_Car_ws/install/micro_ros_agent:/root/ros_ws/src/Rescue_Car_ws/install/micro_ros_msgs:/root/ros_ws/src/Rescue_Car_ws/install/lifecycle_msgs:/root/ros_ws/src/Rescue_Car_ws/install/complex_msgs:/root/ros_ws/src/Rescue_Car_ws/install/car:/root/ros_ws/src/Rescue_Car_ws/install/sensor_msgs_py:/opt/ros/humble LD_LIBRARY_PATH=/root/ros_ws/src/Rescue_Car_ws/install/std_msgs/lib:/root/ros_ws/src/Rescue_Car_ws/install/builtin_interfaces/lib:/root/ros_ws/src/Rescue_Car_ws/install/visualization_msgs/lib:/root/ros_ws/src/Rescue_Car_ws/install/test_msgs/lib:/root/ros_ws/src/Rescue_Car_ws/install/example_interfaces/lib:/root/ros_ws/src/Rescue_Car_ws/install/action_msgs/lib:/root/ros_ws/src/Rescue_Car_ws/install/unique_identifier_msgs/lib:/root/ros_ws/src/Rescue_Car_ws/install/trajectory_msgs/lib:/root/ros_ws/src/Rescue_Car_ws/install/stereo_msgs/lib:/root/ros_ws/src/Rescue_Car_ws/install/std_srvs/lib:/root/ros_ws/src/Rescue_Car_ws/install/shape_msgs/lib:/root/ros_ws/src/Rescue_Car_ws/install/sensor_msgs/lib:/root/ros_ws/src/Rescue_Car_ws/install/nav_msgs/lib:/root/ros_ws/src/Rescue_Car_ws/install/diagnostic_msgs/lib:/root/ros_ws/src/Rescue_Car_ws/install/geometry_msgs/lib:/root/ros_ws/src/Rescue_Car_ws/install/actionlib_msgs/lib:/root/ros_ws/src/Rescue_Car_ws/install/statistics_msgs/lib:/root/ros_ws/src/Rescue_Car_ws/install/rosidl_typesupport_microxrcedds_test_msg/lib:/root/ros_ws/src/Rescue_Car_ws/install/rmw_microxrcedds/lib:/root/ros_ws/src/Rescue_Car_ws/install/rosidl_typesupport_microxrcedds_cpp/lib:/root/ros_ws/src/Rescue_Car_ws/install/rosidl_typesupport_microxrcedds_c/lib:/root/ros_ws/src/Rescue_Car_ws/install/rosgraph_msgs/lib:/root/ros_ws/src/Rescue_Car_ws/install/rclc_parameter/lib:/root/ros_ws/src/Rescue_Car_ws/install/rclc/lib:/root/ros_ws/src/Rescue_Car_ws/install/composition_interfaces/lib:/root/ros_ws/src/Rescue_Car_ws/install/rcl_interfaces/lib:/root/ros_ws/src/Rescue_Car_ws/install/micro_ros_utilities/lib:/root/ros_ws/src/Rescue_Car_ws/install/micro_ros_agent/lib:/root/ros_ws/src/Rescue_Car_ws/install/micro_ros_msgs/lib:/root/ros_ws/src/Rescue_Car_ws/install/lifecycle_msgs/lib:/root/ros_ws/src/Rescue_Car_ws/install/complex_msgs/lib:/usr/lib/x86_64-linux-gnu/gazebo-11/plugins:/opt/ros/humble/opt/rviz_ogre_vendor/lib:/opt/ros/humble/lib/x86_64-linux-gnu:/opt/ros/humble/lib /usr/bin/cmake --install /root/ros_ws/src/Rescue_Car_ws/build/actionlib_msgs
[2.415s] DEBUG:colcon.colcon_core.event_handler.log_command:Invoked command in '/root/ros_ws/src/Rescue_Car_ws/build/geometry_msgs' returned '0': CMAKE_PREFIX_PATH=/root/ros_ws/src/Rescue_Car_ws/install/std_msgs:/root/ros_ws/src/Rescue_Car_ws/install/builtin_interfaces:/root/ros_ws/src/Rescue_Car_ws/install/micro_ros_demos_rclc:/root/ros_ws/src/Rescue_Car_ws/install/common_interfaces:/root/ros_ws/src/Rescue_Car_ws/install/visualization_msgs:/root/ros_ws/src/Rescue_Car_ws/install/test_msgs:/root/ros_ws/src/Rescue_Car_ws/install/example_interfaces:/root/ros_ws/src/Rescue_Car_ws/install/action_msgs:/root/ros_ws/src/Rescue_Car_ws/install/unique_identifier_msgs:/root/ros_ws/src/Rescue_Car_ws/install/trajectory_msgs:/root/ros_ws/src/Rescue_Car_ws/install/stereo_msgs:/root/ros_ws/src/Rescue_Car_ws/install/std_srvs:/root/ros_ws/src/Rescue_Car_ws/install/shape_msgs:/root/ros_ws/src/Rescue_Car_ws/install/sensor_msgs:/root/ros_ws/src/Rescue_Car_ws/install/nav_msgs:/root/ros_ws/src/Rescue_Car_ws/install/diagnostic_msgs:/root/ros_ws/src/Rescue_Car_ws/install/geometry_msgs:/root/ros_ws/src/Rescue_Car_ws/install/actionlib_msgs:/root/ros_ws/src/Rescue_Car_ws/install/statistics_msgs:/root/ros_ws/src/Rescue_Car_ws/install/rosidl_typesupport_microxrcedds_test_msg:/root/ros_ws/src/Rescue_Car_ws/install/rosidl_typesupport_microxrcedds_cpp_tests:/root/ros_ws/src/Rescue_Car_ws/install/rmw_microxrcedds:/root/ros_ws/src/Rescue_Car_ws/install/rosidl_typesupport_microxrcedds_cpp:/root/ros_ws/src/Rescue_Car_ws/install/rosidl_typesupport_microxrcedds_c_tests:/root/ros_ws/src/Rescue_Car_ws/install/rosidl_typesupport_microxrcedds_c:/root/ros_ws/src/Rescue_Car_ws/install/rosgraph_msgs:/root/ros_ws/src/Rescue_Car_ws/install/rclc_parameter:/root/ros_ws/src/Rescue_Car_ws/install/rclc:/root/ros_ws/src/Rescue_Car_ws/install/composition_interfaces:/root/ros_ws/src/Rescue_Car_ws/install/rcl_interfaces:/root/ros_ws/src/Rescue_Car_ws/install/microxrcedds_client:/root/ros_ws/src/Rescue_Car_ws/install/microcdr:/root/ros_ws/src/Rescue_Car_ws/install/micro_ros_utilities:/root/ros_ws/src/Rescue_Car_ws/install/micro_ros_setup:/root/ros_ws/src/Rescue_Car_ws/install/micro_ros_agent:/root/ros_ws/src/Rescue_Car_ws/install/micro_ros_msgs:/root/ros_ws/src/Rescue_Car_ws/install/lifecycle_msgs:/root/ros_ws/src/Rescue_Car_ws/install/complex_msgs:/root/ros_ws/src/Rescue_Car_ws/install/car:/root/ros_ws/src/Rescue_Car_ws/install/sensor_msgs_py:/opt/ros/humble LD_LIBRARY_PATH=/root/ros_ws/src/Rescue_Car_ws/install/std_msgs/lib:/root/ros_ws/src/Rescue_Car_ws/install/builtin_interfaces/lib:/root/ros_ws/src/Rescue_Car_ws/install/visualization_msgs/lib:/root/ros_ws/src/Rescue_Car_ws/install/test_msgs/lib:/root/ros_ws/src/Rescue_Car_ws/install/example_interfaces/lib:/root/ros_ws/src/Rescue_Car_ws/install/action_msgs/lib:/root/ros_ws/src/Rescue_Car_ws/install/unique_identifier_msgs/lib:/root/ros_ws/src/Rescue_Car_ws/install/trajectory_msgs/lib:/root/ros_ws/src/Rescue_Car_ws/install/stereo_msgs/lib:/root/ros_ws/src/Rescue_Car_ws/install/std_srvs/lib:/root/ros_ws/src/Rescue_Car_ws/install/shape_msgs/lib:/root/ros_ws/src/Rescue_Car_ws/install/sensor_msgs/lib:/root/ros_ws/src/Rescue_Car_ws/install/nav_msgs/lib:/root/ros_ws/src/Rescue_Car_ws/install/diagnostic_msgs/lib:/root/ros_ws/src/Rescue_Car_ws/install/geometry_msgs/lib:/root/ros_ws/src/Rescue_Car_ws/install/actionlib_msgs/lib:/root/ros_ws/src/Rescue_Car_ws/install/statistics_msgs/lib:/root/ros_ws/src/Rescue_Car_ws/install/rosidl_typesupport_microxrcedds_test_msg/lib:/root/ros_ws/src/Rescue_Car_ws/install/rmw_microxrcedds/lib:/root/ros_ws/src/Rescue_Car_ws/install/rosidl_typesupport_microxrcedds_cpp/lib:/root/ros_ws/src/Rescue_Car_ws/install/rosidl_typesupport_microxrcedds_c/lib:/root/ros_ws/src/Rescue_Car_ws/install/rosgraph_msgs/lib:/root/ros_ws/src/Rescue_Car_ws/install/rclc_parameter/lib:/root/ros_ws/src/Rescue_Car_ws/install/rclc/lib:/root/ros_ws/src/Rescue_Car_ws/install/composition_interfaces/lib:/root/ros_ws/src/Rescue_Car_ws/install/rcl_interfaces/lib:/root/ros_ws/src/Rescue_Car_ws/install/micro_ros_utilities/lib:/root/ros_ws/src/Rescue_Car_ws/install/micro_ros_agent/lib:/root/ros_ws/src/Rescue_Car_ws/install/micro_ros_msgs/lib:/root/ros_ws/src/Rescue_Car_ws/install/lifecycle_msgs/lib:/root/ros_ws/src/Rescue_Car_ws/install/complex_msgs/lib:/usr/lib/x86_64-linux-gnu/gazebo-11/plugins:/opt/ros/humble/opt/rviz_ogre_vendor/lib:/opt/ros/humble/lib/x86_64-linux-gnu:/opt/ros/humble/lib /usr/bin/cmake --build /root/ros_ws/src/Rescue_Car_ws/build/geometry_msgs -- -j20 -l20
[2.420s] DEBUG:colcon.colcon_core.event_handler.log_command:Invoking command in '/root/ros_ws/src/Rescue_Car_ws/build/geometry_msgs': CMAKE_PREFIX_PATH=/root/ros_ws/src/Rescue_Car_ws/install/std_msgs:/root/ros_ws/src/Rescue_Car_ws/install/builtin_interfaces:/root/ros_ws/src/Rescue_Car_ws/install/micro_ros_demos_rclc:/root/ros_ws/src/Rescue_Car_ws/install/common_interfaces:/root/ros_ws/src/Rescue_Car_ws/install/visualization_msgs:/root/ros_ws/src/Rescue_Car_ws/install/test_msgs:/root/ros_ws/src/Rescue_Car_ws/install/example_interfaces:/root/ros_ws/src/Rescue_Car_ws/install/action_msgs:/root/ros_ws/src/Rescue_Car_ws/install/unique_identifier_msgs:/root/ros_ws/src/Rescue_Car_ws/install/trajectory_msgs:/root/ros_ws/src/Rescue_Car_ws/install/stereo_msgs:/root/ros_ws/src/Rescue_Car_ws/install/std_srvs:/root/ros_ws/src/Rescue_Car_ws/install/shape_msgs:/root/ros_ws/src/Rescue_Car_ws/install/sensor_msgs:/root/ros_ws/src/Rescue_Car_ws/install/nav_msgs:/root/ros_ws/src/Rescue_Car_ws/install/diagnostic_msgs:/root/ros_ws/src/Rescue_Car_ws/install/geometry_msgs:/root/ros_ws/src/Rescue_Car_ws/install/actionlib_msgs:/root/ros_ws/src/Rescue_Car_ws/install/statistics_msgs:/root/ros_ws/src/Rescue_Car_ws/install/rosidl_typesupport_microxrcedds_test_msg:/root/ros_ws/src/Rescue_Car_ws/install/rosidl_typesupport_microxrcedds_cpp_tests:/root/ros_ws/src/Rescue_Car_ws/install/rmw_microxrcedds:/root/ros_ws/src/Rescue_Car_ws/install/rosidl_typesupport_microxrcedds_cpp:/root/ros_ws/src/Rescue_Car_ws/install/rosidl_typesupport_microxrcedds_c_tests:/root/ros_ws/src/Rescue_Car_ws/install/rosidl_typesupport_microxrcedds_c:/root/ros_ws/src/Rescue_Car_ws/install/rosgraph_msgs:/root/ros_ws/src/Rescue_Car_ws/install/rclc_parameter:/root/ros_ws/src/Rescue_Car_ws/install/rclc:/root/ros_ws/src/Rescue_Car_ws/install/composition_interfaces:/root/ros_ws/src/Rescue_Car_ws/install/rcl_interfaces:/root/ros_ws/src/Rescue_Car_ws/install/microxrcedds_client:/root/ros_ws/src/Rescue_Car_ws/install/microcdr:/root/ros_ws/src/Rescue_Car_ws/install/micro_ros_utilities:/root/ros_ws/src/Rescue_Car_ws/install/micro_ros_setup:/root/ros_ws/src/Rescue_Car_ws/install/micro_ros_agent:/root/ros_ws/src/Rescue_Car_ws/install/micro_ros_msgs:/root/ros_ws/src/Rescue_Car_ws/install/lifecycle_msgs:/root/ros_ws/src/Rescue_Car_ws/install/complex_msgs:/root/ros_ws/src/Rescue_Car_ws/install/car:/root/ros_ws/src/Rescue_Car_ws/install/sensor_msgs_py:/opt/ros/humble LD_LIBRARY_PATH=/root/ros_ws/src/Rescue_Car_ws/install/std_msgs/lib:/root/ros_ws/src/Rescue_Car_ws/install/builtin_interfaces/lib:/root/ros_ws/src/Rescue_Car_ws/install/visualization_msgs/lib:/root/ros_ws/src/Rescue_Car_ws/install/test_msgs/lib:/root/ros_ws/src/Rescue_Car_ws/install/example_interfaces/lib:/root/ros_ws/src/Rescue_Car_ws/install/action_msgs/lib:/root/ros_ws/src/Rescue_Car_ws/install/unique_identifier_msgs/lib:/root/ros_ws/src/Rescue_Car_ws/install/trajectory_msgs/lib:/root/ros_ws/src/Rescue_Car_ws/install/stereo_msgs/lib:/root/ros_ws/src/Rescue_Car_ws/install/std_srvs/lib:/root/ros_ws/src/Rescue_Car_ws/install/shape_msgs/lib:/root/ros_ws/src/Rescue_Car_ws/install/sensor_msgs/lib:/root/ros_ws/src/Rescue_Car_ws/install/nav_msgs/lib:/root/ros_ws/src/Rescue_Car_ws/install/diagnostic_msgs/lib:/root/ros_ws/src/Rescue_Car_ws/install/geometry_msgs/lib:/root/ros_ws/src/Rescue_Car_ws/install/actionlib_msgs/lib:/root/ros_ws/src/Rescue_Car_ws/install/statistics_msgs/lib:/root/ros_ws/src/Rescue_Car_ws/install/rosidl_typesupport_microxrcedds_test_msg/lib:/root/ros_ws/src/Rescue_Car_ws/install/rmw_microxrcedds/lib:/root/ros_ws/src/Rescue_Car_ws/install/rosidl_typesupport_microxrcedds_cpp/lib:/root/ros_ws/src/Rescue_Car_ws/install/rosidl_typesupport_microxrcedds_c/lib:/root/ros_ws/src/Rescue_Car_ws/install/rosgraph_msgs/lib:/root/ros_ws/src/Rescue_Car_ws/install/rclc_parameter/lib:/root/ros_ws/src/Rescue_Car_ws/install/rclc/lib:/root/ros_ws/src/Rescue_Car_ws/install/composition_interfaces/lib:/root/ros_ws/src/Rescue_Car_ws/install/rcl_interfaces/lib:/root/ros_ws/src/Rescue_Car_ws/install/micro_ros_utilities/lib:/root/ros_ws/src/Rescue_Car_ws/install/micro_ros_agent/lib:/root/ros_ws/src/Rescue_Car_ws/install/micro_ros_msgs/lib:/root/ros_ws/src/Rescue_Car_ws/install/lifecycle_msgs/lib:/root/ros_ws/src/Rescue_Car_ws/install/complex_msgs/lib:/usr/lib/x86_64-linux-gnu/gazebo-11/plugins:/opt/ros/humble/opt/rviz_ogre_vendor/lib:/opt/ros/humble/lib/x86_64-linux-gnu:/opt/ros/humble/lib /usr/bin/cmake --install /root/ros_ws/src/Rescue_Car_ws/build/geometry_msgs
[2.428s] DEBUG:colcon.colcon_core.event_handler.log_command:Invoked command in '/root/ros_ws/src/Rescue_Car_ws/build/composition_interfaces' returned '0': CMAKE_PREFIX_PATH=/root/ros_ws/src/Rescue_Car_ws/install/rcl_interfaces:/root/ros_ws/src/Rescue_Car_ws/install/builtin_interfaces:/root/ros_ws/src/Rescue_Car_ws/install/micro_ros_demos_rclc:/root/ros_ws/src/Rescue_Car_ws/install/common_interfaces:/root/ros_ws/src/Rescue_Car_ws/install/visualization_msgs:/root/ros_ws/src/Rescue_Car_ws/install/test_msgs:/root/ros_ws/src/Rescue_Car_ws/install/example_interfaces:/root/ros_ws/src/Rescue_Car_ws/install/action_msgs:/root/ros_ws/src/Rescue_Car_ws/install/unique_identifier_msgs:/root/ros_ws/src/Rescue_Car_ws/install/trajectory_msgs:/root/ros_ws/src/Rescue_Car_ws/install/stereo_msgs:/root/ros_ws/src/Rescue_Car_ws/install/std_srvs:/root/ros_ws/src/Rescue_Car_ws/install/shape_msgs:/root/ros_ws/src/Rescue_Car_ws/install/sensor_msgs:/root/ros_ws/src/Rescue_Car_ws/install/nav_msgs:/root/ros_ws/src/Rescue_Car_ws/install/diagnostic_msgs:/root/ros_ws/src/Rescue_Car_ws/install/geometry_msgs:/root/ros_ws/src/Rescue_Car_ws/install/actionlib_msgs:/root/ros_ws/src/Rescue_Car_ws/install/std_msgs:/root/ros_ws/src/Rescue_Car_ws/install/statistics_msgs:/root/ros_ws/src/Rescue_Car_ws/install/rosidl_typesupport_microxrcedds_test_msg:/root/ros_ws/src/Rescue_Car_ws/install/rosidl_typesupport_microxrcedds_cpp_tests:/root/ros_ws/src/Rescue_Car_ws/install/rmw_microxrcedds:/root/ros_ws/src/Rescue_Car_ws/install/rosidl_typesupport_microxrcedds_cpp:/root/ros_ws/src/Rescue_Car_ws/install/rosidl_typesupport_microxrcedds_c_tests:/root/ros_ws/src/Rescue_Car_ws/install/rosidl_typesupport_microxrcedds_c:/root/ros_ws/src/Rescue_Car_ws/install/rosgraph_msgs:/root/ros_ws/src/Rescue_Car_ws/install/rclc_parameter:/root/ros_ws/src/Rescue_Car_ws/install/rclc:/root/ros_ws/src/Rescue_Car_ws/install/composition_interfaces:/root/ros_ws/src/Rescue_Car_ws/install/microxrcedds_client:/root/ros_ws/src/Rescue_Car_ws/install/microcdr:/root/ros_ws/src/Rescue_Car_ws/install/micro_ros_utilities:/root/ros_ws/src/Rescue_Car_ws/install/micro_ros_setup:/root/ros_ws/src/Rescue_Car_ws/install/micro_ros_agent:/root/ros_ws/src/Rescue_Car_ws/install/micro_ros_msgs:/root/ros_ws/src/Rescue_Car_ws/install/lifecycle_msgs:/root/ros_ws/src/Rescue_Car_ws/install/complex_msgs:/root/ros_ws/src/Rescue_Car_ws/install/car:/root/ros_ws/src/Rescue_Car_ws/install/sensor_msgs_py:/opt/ros/humble LD_LIBRARY_PATH=/root/ros_ws/src/Rescue_Car_ws/install/rcl_interfaces/lib:/root/ros_ws/src/Rescue_Car_ws/install/builtin_interfaces/lib:/root/ros_ws/src/Rescue_Car_ws/install/visualization_msgs/lib:/root/ros_ws/src/Rescue_Car_ws/install/test_msgs/lib:/root/ros_ws/src/Rescue_Car_ws/install/example_interfaces/lib:/root/ros_ws/src/Rescue_Car_ws/install/action_msgs/lib:/root/ros_ws/src/Rescue_Car_ws/install/unique_identifier_msgs/lib:/root/ros_ws/src/Rescue_Car_ws/install/trajectory_msgs/lib:/root/ros_ws/src/Rescue_Car_ws/install/stereo_msgs/lib:/root/ros_ws/src/Rescue_Car_ws/install/std_srvs/lib:/root/ros_ws/src/Rescue_Car_ws/install/shape_msgs/lib:/root/ros_ws/src/Rescue_Car_ws/install/sensor_msgs/lib:/root/ros_ws/src/Rescue_Car_ws/install/nav_msgs/lib:/root/ros_ws/src/Rescue_Car_ws/install/diagnostic_msgs/lib:/root/ros_ws/src/Rescue_Car_ws/install/geometry_msgs/lib:/root/ros_ws/src/Rescue_Car_ws/install/actionlib_msgs/lib:/root/ros_ws/src/Rescue_Car_ws/install/std_msgs/lib:/root/ros_ws/src/Rescue_Car_ws/install/statistics_msgs/lib:/root/ros_ws/src/Rescue_Car_ws/install/rosidl_typesupport_microxrcedds_test_msg/lib:/root/ros_ws/src/Rescue_Car_ws/install/rmw_microxrcedds/lib:/root/ros_ws/src/Rescue_Car_ws/install/rosidl_typesupport_microxrcedds_cpp/lib:/root/ros_ws/src/Rescue_Car_ws/install/rosidl_typesupport_microxrcedds_c/lib:/root/ros_ws/src/Rescue_Car_ws/install/rosgraph_msgs/lib:/root/ros_ws/src/Rescue_Car_ws/install/rclc_parameter/lib:/root/ros_ws/src/Rescue_Car_ws/install/rclc/lib:/root/ros_ws/src/Rescue_Car_ws/install/composition_interfaces/lib:/root/ros_ws/src/Rescue_Car_ws/install/micro_ros_utilities/lib:/root/ros_ws/src/Rescue_Car_ws/install/micro_ros_agent/lib:/root/ros_ws/src/Rescue_Car_ws/install/micro_ros_msgs/lib:/root/ros_ws/src/Rescue_Car_ws/install/lifecycle_msgs/lib:/root/ros_ws/src/Rescue_Car_ws/install/complex_msgs/lib:/usr/lib/x86_64-linux-gnu/gazebo-11/plugins:/opt/ros/humble/opt/rviz_ogre_vendor/lib:/opt/ros/humble/lib/x86_64-linux-gnu:/opt/ros/humble/lib /usr/bin/cmake --build /root/ros_ws/src/Rescue_Car_ws/build/composition_interfaces -- -j20 -l20
[2.428s] DEBUG:colcon.colcon_core.event_handler.log_command:Invoking command in '/root/ros_ws/src/Rescue_Car_ws/build/composition_interfaces': CMAKE_PREFIX_PATH=/root/ros_ws/src/Rescue_Car_ws/install/rcl_interfaces:/root/ros_ws/src/Rescue_Car_ws/install/builtin_interfaces:/root/ros_ws/src/Rescue_Car_ws/install/micro_ros_demos_rclc:/root/ros_ws/src/Rescue_Car_ws/install/common_interfaces:/root/ros_ws/src/Rescue_Car_ws/install/visualization_msgs:/root/ros_ws/src/Rescue_Car_ws/install/test_msgs:/root/ros_ws/src/Rescue_Car_ws/install/example_interfaces:/root/ros_ws/src/Rescue_Car_ws/install/action_msgs:/root/ros_ws/src/Rescue_Car_ws/install/unique_identifier_msgs:/root/ros_ws/src/Rescue_Car_ws/install/trajectory_msgs:/root/ros_ws/src/Rescue_Car_ws/install/stereo_msgs:/root/ros_ws/src/Rescue_Car_ws/install/std_srvs:/root/ros_ws/src/Rescue_Car_ws/install/shape_msgs:/root/ros_ws/src/Rescue_Car_ws/install/sensor_msgs:/root/ros_ws/src/Rescue_Car_ws/install/nav_msgs:/root/ros_ws/src/Rescue_Car_ws/install/diagnostic_msgs:/root/ros_ws/src/Rescue_Car_ws/install/geometry_msgs:/root/ros_ws/src/Rescue_Car_ws/install/actionlib_msgs:/root/ros_ws/src/Rescue_Car_ws/install/std_msgs:/root/ros_ws/src/Rescue_Car_ws/install/statistics_msgs:/root/ros_ws/src/Rescue_Car_ws/install/rosidl_typesupport_microxrcedds_test_msg:/root/ros_ws/src/Rescue_Car_ws/install/rosidl_typesupport_microxrcedds_cpp_tests:/root/ros_ws/src/Rescue_Car_ws/install/rmw_microxrcedds:/root/ros_ws/src/Rescue_Car_ws/install/rosidl_typesupport_microxrcedds_cpp:/root/ros_ws/src/Rescue_Car_ws/install/rosidl_typesupport_microxrcedds_c_tests:/root/ros_ws/src/Rescue_Car_ws/install/rosidl_typesupport_microxrcedds_c:/root/ros_ws/src/Rescue_Car_ws/install/rosgraph_msgs:/root/ros_ws/src/Rescue_Car_ws/install/rclc_parameter:/root/ros_ws/src/Rescue_Car_ws/install/rclc:/root/ros_ws/src/Rescue_Car_ws/install/composition_interfaces:/root/ros_ws/src/Rescue_Car_ws/install/microxrcedds_client:/root/ros_ws/src/Rescue_Car_ws/install/microcdr:/root/ros_ws/src/Rescue_Car_ws/install/micro_ros_utilities:/root/ros_ws/src/Rescue_Car_ws/install/micro_ros_setup:/root/ros_ws/src/Rescue_Car_ws/install/micro_ros_agent:/root/ros_ws/src/Rescue_Car_ws/install/micro_ros_msgs:/root/ros_ws/src/Rescue_Car_ws/install/lifecycle_msgs:/root/ros_ws/src/Rescue_Car_ws/install/complex_msgs:/root/ros_ws/src/Rescue_Car_ws/install/car:/root/ros_ws/src/Rescue_Car_ws/install/sensor_msgs_py:/opt/ros/humble LD_LIBRARY_PATH=/root/ros_ws/src/Rescue_Car_ws/install/rcl_interfaces/lib:/root/ros_ws/src/Rescue_Car_ws/install/builtin_interfaces/lib:/root/ros_ws/src/Rescue_Car_ws/install/visualization_msgs/lib:/root/ros_ws/src/Rescue_Car_ws/install/test_msgs/lib:/root/ros_ws/src/Rescue_Car_ws/install/example_interfaces/lib:/root/ros_ws/src/Rescue_Car_ws/install/action_msgs/lib:/root/ros_ws/src/Rescue_Car_ws/install/unique_identifier_msgs/lib:/root/ros_ws/src/Rescue_Car_ws/install/trajectory_msgs/lib:/root/ros_ws/src/Rescue_Car_ws/install/stereo_msgs/lib:/root/ros_ws/src/Rescue_Car_ws/install/std_srvs/lib:/root/ros_ws/src/Rescue_Car_ws/install/shape_msgs/lib:/root/ros_ws/src/Rescue_Car_ws/install/sensor_msgs/lib:/root/ros_ws/src/Rescue_Car_ws/install/nav_msgs/lib:/root/ros_ws/src/Rescue_Car_ws/install/diagnostic_msgs/lib:/root/ros_ws/src/Rescue_Car_ws/install/geometry_msgs/lib:/root/ros_ws/src/Rescue_Car_ws/install/actionlib_msgs/lib:/root/ros_ws/src/Rescue_Car_ws/install/std_msgs/lib:/root/ros_ws/src/Rescue_Car_ws/install/statistics_msgs/lib:/root/ros_ws/src/Rescue_Car_ws/install/rosidl_typesupport_microxrcedds_test_msg/lib:/root/ros_ws/src/Rescue_Car_ws/install/rmw_microxrcedds/lib:/root/ros_ws/src/Rescue_Car_ws/install/rosidl_typesupport_microxrcedds_cpp/lib:/root/ros_ws/src/Rescue_Car_ws/install/rosidl_typesupport_microxrcedds_c/lib:/root/ros_ws/src/Rescue_Car_ws/install/rosgraph_msgs/lib:/root/ros_ws/src/Rescue_Car_ws/install/rclc_parameter/lib:/root/ros_ws/src/Rescue_Car_ws/install/rclc/lib:/root/ros_ws/src/Rescue_Car_ws/install/composition_interfaces/lib:/root/ros_ws/src/Rescue_Car_ws/install/micro_ros_utilities/lib:/root/ros_ws/src/Rescue_Car_ws/install/micro_ros_agent/lib:/root/ros_ws/src/Rescue_Car_ws/install/micro_ros_msgs/lib:/root/ros_ws/src/Rescue_Car_ws/install/lifecycle_msgs/lib:/root/ros_ws/src/Rescue_Car_ws/install/complex_msgs/lib:/usr/lib/x86_64-linux-gnu/gazebo-11/plugins:/opt/ros/humble/opt/rviz_ogre_vendor/lib:/opt/ros/humble/lib/x86_64-linux-gnu:/opt/ros/humble/lib /usr/bin/cmake --install /root/ros_ws/src/Rescue_Car_ws/build/composition_interfaces
[2.515s] Level 1:colcon.colcon_core.environment:create_environment_scripts_only(composition_interfaces)
[2.516s] Level 1:colcon.colcon_core.environment:checking '/root/ros_ws/src/Rescue_Car_ws/install/composition_interfaces' for CMake module files
[2.525s] Level 1:colcon.colcon_core.environment:checking '/root/ros_ws/src/Rescue_Car_ws/install/composition_interfaces' for CMake config files
[2.536s] Level 1:colcon.colcon_core.shell:create_environment_hook('composition_interfaces', 'cmake_prefix_path')
[2.536s] INFO:colcon.colcon_core.shell:Creating environment hook '/root/ros_ws/src/Rescue_Car_ws/install/composition_interfaces/share/composition_interfaces/hook/cmake_prefix_path.ps1'
[2.539s] INFO:colcon.colcon_core.shell:Creating environment descriptor '/root/ros_ws/src/Rescue_Car_ws/install/composition_interfaces/share/composition_interfaces/hook/cmake_prefix_path.dsv'
[2.540s] INFO:colcon.colcon_core.shell:Creating environment hook '/root/ros_ws/src/Rescue_Car_ws/install/composition_interfaces/share/composition_interfaces/hook/cmake_prefix_path.sh'
[2.542s] Level 1:colcon.colcon_core.environment:checking '/root/ros_ws/src/Rescue_Car_ws/install/composition_interfaces/lib'
[2.543s] DEBUG:colcon.colcon_core.event_handler.log_command:Invoked command in '/root/ros_ws/src/Rescue_Car_ws/build/composition_interfaces' returned '0': CMAKE_PREFIX_PATH=/root/ros_ws/src/Rescue_Car_ws/install/rcl_interfaces:/root/ros_ws/src/Rescue_Car_ws/install/builtin_interfaces:/root/ros_ws/src/Rescue_Car_ws/install/micro_ros_demos_rclc:/root/ros_ws/src/Rescue_Car_ws/install/common_interfaces:/root/ros_ws/src/Rescue_Car_ws/install/visualization_msgs:/root/ros_ws/src/Rescue_Car_ws/install/test_msgs:/root/ros_ws/src/Rescue_Car_ws/install/example_interfaces:/root/ros_ws/src/Rescue_Car_ws/install/action_msgs:/root/ros_ws/src/Rescue_Car_ws/install/unique_identifier_msgs:/root/ros_ws/src/Rescue_Car_ws/install/trajectory_msgs:/root/ros_ws/src/Rescue_Car_ws/install/stereo_msgs:/root/ros_ws/src/Rescue_Car_ws/install/std_srvs:/root/ros_ws/src/Rescue_Car_ws/install/shape_msgs:/root/ros_ws/src/Rescue_Car_ws/install/sensor_msgs:/root/ros_ws/src/Rescue_Car_ws/install/nav_msgs:/root/ros_ws/src/Rescue_Car_ws/install/diagnostic_msgs:/root/ros_ws/src/Rescue_Car_ws/install/geometry_msgs:/root/ros_ws/src/Rescue_Car_ws/install/actionlib_msgs:/root/ros_ws/src/Rescue_Car_ws/install/std_msgs:/root/ros_ws/src/Rescue_Car_ws/install/statistics_msgs:/root/ros_ws/src/Rescue_Car_ws/install/rosidl_typesupport_microxrcedds_test_msg:/root/ros_ws/src/Rescue_Car_ws/install/rosidl_typesupport_microxrcedds_cpp_tests:/root/ros_ws/src/Rescue_Car_ws/install/rmw_microxrcedds:/root/ros_ws/src/Rescue_Car_ws/install/rosidl_typesupport_microxrcedds_cpp:/root/ros_ws/src/Rescue_Car_ws/install/rosidl_typesupport_microxrcedds_c_tests:/root/ros_ws/src/Rescue_Car_ws/install/rosidl_typesupport_microxrcedds_c:/root/ros_ws/src/Rescue_Car_ws/install/rosgraph_msgs:/root/ros_ws/src/Rescue_Car_ws/install/rclc_parameter:/root/ros_ws/src/Rescue_Car_ws/install/rclc:/root/ros_ws/src/Rescue_Car_ws/install/composition_interfaces:/root/ros_ws/src/Rescue_Car_ws/install/microxrcedds_client:/root/ros_ws/src/Rescue_Car_ws/install/microcdr:/root/ros_ws/src/Rescue_Car_ws/install/micro_ros_utilities:/root/ros_ws/src/Rescue_Car_ws/install/micro_ros_setup:/root/ros_ws/src/Rescue_Car_ws/install/micro_ros_agent:/root/ros_ws/src/Rescue_Car_ws/install/micro_ros_msgs:/root/ros_ws/src/Rescue_Car_ws/install/lifecycle_msgs:/root/ros_ws/src/Rescue_Car_ws/install/complex_msgs:/root/ros_ws/src/Rescue_Car_ws/install/car:/root/ros_ws/src/Rescue_Car_ws/install/sensor_msgs_py:/opt/ros/humble LD_LIBRARY_PATH=/root/ros_ws/src/Rescue_Car_ws/install/rcl_interfaces/lib:/root/ros_ws/src/Rescue_Car_ws/install/builtin_interfaces/lib:/root/ros_ws/src/Rescue_Car_ws/install/visualization_msgs/lib:/root/ros_ws/src/Rescue_Car_ws/install/test_msgs/lib:/root/ros_ws/src/Rescue_Car_ws/install/example_interfaces/lib:/root/ros_ws/src/Rescue_Car_ws/install/action_msgs/lib:/root/ros_ws/src/Rescue_Car_ws/install/unique_identifier_msgs/lib:/root/ros_ws/src/Rescue_Car_ws/install/trajectory_msgs/lib:/root/ros_ws/src/Rescue_Car_ws/install/stereo_msgs/lib:/root/ros_ws/src/Rescue_Car_ws/install/std_srvs/lib:/root/ros_ws/src/Rescue_Car_ws/install/shape_msgs/lib:/root/ros_ws/src/Rescue_Car_ws/install/sensor_msgs/lib:/root/ros_ws/src/Rescue_Car_ws/install/nav_msgs/lib:/root/ros_ws/src/Rescue_Car_ws/install/diagnostic_msgs/lib:/root/ros_ws/src/Rescue_Car_ws/install/geometry_msgs/lib:/root/ros_ws/src/Rescue_Car_ws/install/actionlib_msgs/lib:/root/ros_ws/src/Rescue_Car_ws/install/std_msgs/lib:/root/ros_ws/src/Rescue_Car_ws/install/statistics_msgs/lib:/root/ros_ws/src/Rescue_Car_ws/install/rosidl_typesupport_microxrcedds_test_msg/lib:/root/ros_ws/src/Rescue_Car_ws/install/rmw_microxrcedds/lib:/root/ros_ws/src/Rescue_Car_ws/install/rosidl_typesupport_microxrcedds_cpp/lib:/root/ros_ws/src/Rescue_Car_ws/install/rosidl_typesupport_microxrcedds_c/lib:/root/ros_ws/src/Rescue_Car_ws/install/rosgraph_msgs/lib:/root/ros_ws/src/Rescue_Car_ws/install/rclc_parameter/lib:/root/ros_ws/src/Rescue_Car_ws/install/rclc/lib:/root/ros_ws/src/Rescue_Car_ws/install/composition_interfaces/lib:/root/ros_ws/src/Rescue_Car_ws/install/micro_ros_utilities/lib:/root/ros_ws/src/Rescue_Car_ws/install/micro_ros_agent/lib:/root/ros_ws/src/Rescue_Car_ws/install/micro_ros_msgs/lib:/root/ros_ws/src/Rescue_Car_ws/install/lifecycle_msgs/lib:/root/ros_ws/src/Rescue_Car_ws/install/complex_msgs/lib:/usr/lib/x86_64-linux-gnu/gazebo-11/plugins:/opt/ros/humble/opt/rviz_ogre_vendor/lib:/opt/ros/humble/lib/x86_64-linux-gnu:/opt/ros/humble/lib /usr/bin/cmake --install /root/ros_ws/src/Rescue_Car_ws/build/composition_interfaces
[2.543s] Level 1:colcon.colcon_core.shell:create_environment_hook('composition_interfaces', 'ld_library_path_lib')
[2.543s] INFO:colcon.colcon_core.shell:Creating environment hook '/root/ros_ws/src/Rescue_Car_ws/install/composition_interfaces/share/composition_interfaces/hook/ld_library_path_lib.ps1'
[2.546s] INFO:colcon.colcon_core.shell:Creating environment descriptor '/root/ros_ws/src/Rescue_Car_ws/install/composition_interfaces/share/composition_interfaces/hook/ld_library_path_lib.dsv'
[2.547s] INFO:colcon.colcon_core.shell:Creating environment hook '/root/ros_ws/src/Rescue_Car_ws/install/composition_interfaces/share/composition_interfaces/hook/ld_library_path_lib.sh'
[2.550s] Level 1:colcon.colcon_core.environment:checking '/root/ros_ws/src/Rescue_Car_ws/install/composition_interfaces/bin'
[2.550s] Level 1:colcon.colcon_core.environment:checking '/root/ros_ws/src/Rescue_Car_ws/install/composition_interfaces/lib/pkgconfig/composition_interfaces.pc'
[2.550s] Level 1:colcon.colcon_core.environment:checking '/root/ros_ws/src/Rescue_Car_ws/install/composition_interfaces/lib/python3.10/site-packages'
[2.551s] Level 1:colcon.colcon_core.environment:checking '/root/ros_ws/src/Rescue_Car_ws/install/composition_interfaces/bin'
[2.552s] INFO:colcon.colcon_core.shell:Creating package script '/root/ros_ws/src/Rescue_Car_ws/install/composition_interfaces/share/composition_interfaces/package.ps1'
[2.556s] INFO:colcon.colcon_core.shell:Creating package descriptor '/root/ros_ws/src/Rescue_Car_ws/install/composition_interfaces/share/composition_interfaces/package.dsv'
[2.557s] INFO:colcon.colcon_core.shell:Creating package script '/root/ros_ws/src/Rescue_Car_ws/install/composition_interfaces/share/composition_interfaces/package.sh'
[2.558s] INFO:colcon.colcon_core.shell:Creating package script '/root/ros_ws/src/Rescue_Car_ws/install/composition_interfaces/share/composition_interfaces/package.bash'
[2.559s] INFO:colcon.colcon_core.shell:Creating package script '/root/ros_ws/src/Rescue_Car_ws/install/composition_interfaces/share/composition_interfaces/package.zsh'
[2.560s] Level 1:colcon.colcon_core.environment:create_file_with_runtime_dependencies(/root/ros_ws/src/Rescue_Car_ws/install/composition_interfaces/share/colcon-core/packages/composition_interfaces)
[2.564s] Level 1:colcon.colcon_core.environment:create_environment_scripts_only(composition_interfaces)
[2.564s] Level 1:colcon.colcon_core.environment:checking '/root/ros_ws/src/Rescue_Car_ws/install/composition_interfaces' for CMake module files
[2.570s] Level 1:colcon.colcon_core.environment:checking '/root/ros_ws/src/Rescue_Car_ws/install/composition_interfaces' for CMake config files
[2.570s] Level 1:colcon.colcon_core.shell:create_environment_hook('composition_interfaces', 'cmake_prefix_path')
[2.571s] INFO:colcon.colcon_core.shell:Creating environment hook '/root/ros_ws/src/Rescue_Car_ws/install/composition_interfaces/share/composition_interfaces/hook/cmake_prefix_path.ps1'
[2.571s] INFO:colcon.colcon_core.shell:Creating environment descriptor '/root/ros_ws/src/Rescue_Car_ws/install/composition_interfaces/share/composition_interfaces/hook/cmake_prefix_path.dsv'
[2.572s] INFO:colcon.colcon_core.shell:Creating environment hook '/root/ros_ws/src/Rescue_Car_ws/install/composition_interfaces/share/composition_interfaces/hook/cmake_prefix_path.sh'
[2.573s] Level 1:colcon.colcon_core.environment:checking '/root/ros_ws/src/Rescue_Car_ws/install/composition_interfaces/lib'
[2.573s] Level 1:colcon.colcon_core.shell:create_environment_hook('composition_interfaces', 'ld_library_path_lib')
[2.573s] INFO:colcon.colcon_core.shell:Creating environment hook '/root/ros_ws/src/Rescue_Car_ws/install/composition_interfaces/share/composition_interfaces/hook/ld_library_path_lib.ps1'
[2.574s] INFO:colcon.colcon_core.shell:Creating environment descriptor '/root/ros_ws/src/Rescue_Car_ws/install/composition_interfaces/share/composition_interfaces/hook/ld_library_path_lib.dsv'
[2.574s] INFO:colcon.colcon_core.shell:Creating environment hook '/root/ros_ws/src/Rescue_Car_ws/install/composition_interfaces/share/composition_interfaces/hook/ld_library_path_lib.sh'
[2.575s] Level 1:colcon.colcon_core.environment:checking '/root/ros_ws/src/Rescue_Car_ws/install/composition_interfaces/bin'
[2.575s] Level 1:colcon.colcon_core.environment:checking '/root/ros_ws/src/Rescue_Car_ws/install/composition_interfaces/lib/pkgconfig/composition_interfaces.pc'
[2.575s] Level 1:colcon.colcon_core.environment:checking '/root/ros_ws/src/Rescue_Car_ws/install/composition_interfaces/lib/python3.10/site-packages'
[2.575s] Level 1:colcon.colcon_core.environment:checking '/root/ros_ws/src/Rescue_Car_ws/install/composition_interfaces/bin'
[2.576s] INFO:colcon.colcon_core.shell:Creating package script '/root/ros_ws/src/Rescue_Car_ws/install/composition_interfaces/share/composition_interfaces/package.ps1'
[2.576s] INFO:colcon.colcon_core.shell:Creating package descriptor '/root/ros_ws/src/Rescue_Car_ws/install/composition_interfaces/share/composition_interfaces/package.dsv'
[2.577s] INFO:colcon.colcon_core.shell:Creating package script '/root/ros_ws/src/Rescue_Car_ws/install/composition_interfaces/share/composition_interfaces/package.sh'
[2.578s] INFO:colcon.colcon_core.shell:Creating package script '/root/ros_ws/src/Rescue_Car_ws/install/composition_interfaces/share/composition_interfaces/package.bash'
[2.578s] INFO:colcon.colcon_core.shell:Creating package script '/root/ros_ws/src/Rescue_Car_ws/install/composition_interfaces/share/composition_interfaces/package.zsh'
[2.579s] Level 1:colcon.colcon_core.environment:create_file_with_runtime_dependencies(/root/ros_ws/src/Rescue_Car_ws/install/composition_interfaces/share/colcon-core/packages/composition_interfaces)
[2.579s] Level 1:colcon.colcon_core.environment:create_environment_scripts_only(actionlib_msgs)
[2.580s] Level 1:colcon.colcon_core.environment:checking '/root/ros_ws/src/Rescue_Car_ws/install/actionlib_msgs' for CMake module files
[2.582s] DEBUG:colcon.colcon_core.event_handler.log_command:Invoked command in '/root/ros_ws/src/Rescue_Car_ws/build/actionlib_msgs' returned '0': CMAKE_PREFIX_PATH=/root/ros_ws/src/Rescue_Car_ws/install/std_msgs:/root/ros_ws/src/Rescue_Car_ws/install/builtin_interfaces:/root/ros_ws/src/Rescue_Car_ws/install/micro_ros_demos_rclc:/root/ros_ws/src/Rescue_Car_ws/install/common_interfaces:/root/ros_ws/src/Rescue_Car_ws/install/visualization_msgs:/root/ros_ws/src/Rescue_Car_ws/install/test_msgs:/root/ros_ws/src/Rescue_Car_ws/install/example_interfaces:/root/ros_ws/src/Rescue_Car_ws/install/action_msgs:/root/ros_ws/src/Rescue_Car_ws/install/unique_identifier_msgs:/root/ros_ws/src/Rescue_Car_ws/install/trajectory_msgs:/root/ros_ws/src/Rescue_Car_ws/install/stereo_msgs:/root/ros_ws/src/Rescue_Car_ws/install/std_srvs:/root/ros_ws/src/Rescue_Car_ws/install/shape_msgs:/root/ros_ws/src/Rescue_Car_ws/install/sensor_msgs:/root/ros_ws/src/Rescue_Car_ws/install/nav_msgs:/root/ros_ws/src/Rescue_Car_ws/install/diagnostic_msgs:/root/ros_ws/src/Rescue_Car_ws/install/geometry_msgs:/root/ros_ws/src/Rescue_Car_ws/install/actionlib_msgs:/root/ros_ws/src/Rescue_Car_ws/install/statistics_msgs:/root/ros_ws/src/Rescue_Car_ws/install/rosidl_typesupport_microxrcedds_test_msg:/root/ros_ws/src/Rescue_Car_ws/install/rosidl_typesupport_microxrcedds_cpp_tests:/root/ros_ws/src/Rescue_Car_ws/install/rmw_microxrcedds:/root/ros_ws/src/Rescue_Car_ws/install/rosidl_typesupport_microxrcedds_cpp:/root/ros_ws/src/Rescue_Car_ws/install/rosidl_typesupport_microxrcedds_c_tests:/root/ros_ws/src/Rescue_Car_ws/install/rosidl_typesupport_microxrcedds_c:/root/ros_ws/src/Rescue_Car_ws/install/rosgraph_msgs:/root/ros_ws/src/Rescue_Car_ws/install/rclc_parameter:/root/ros_ws/src/Rescue_Car_ws/install/rclc:/root/ros_ws/src/Rescue_Car_ws/install/composition_interfaces:/root/ros_ws/src/Rescue_Car_ws/install/rcl_interfaces:/root/ros_ws/src/Rescue_Car_ws/install/microxrcedds_client:/root/ros_ws/src/Rescue_Car_ws/install/microcdr:/root/ros_ws/src/Rescue_Car_ws/install/micro_ros_utilities:/root/ros_ws/src/Rescue_Car_ws/install/micro_ros_setup:/root/ros_ws/src/Rescue_Car_ws/install/micro_ros_agent:/root/ros_ws/src/Rescue_Car_ws/install/micro_ros_msgs:/root/ros_ws/src/Rescue_Car_ws/install/lifecycle_msgs:/root/ros_ws/src/Rescue_Car_ws/install/complex_msgs:/root/ros_ws/src/Rescue_Car_ws/install/car:/root/ros_ws/src/Rescue_Car_ws/install/sensor_msgs_py:/opt/ros/humble LD_LIBRARY_PATH=/root/ros_ws/src/Rescue_Car_ws/install/std_msgs/lib:/root/ros_ws/src/Rescue_Car_ws/install/builtin_interfaces/lib:/root/ros_ws/src/Rescue_Car_ws/install/visualization_msgs/lib:/root/ros_ws/src/Rescue_Car_ws/install/test_msgs/lib:/root/ros_ws/src/Rescue_Car_ws/install/example_interfaces/lib:/root/ros_ws/src/Rescue_Car_ws/install/action_msgs/lib:/root/ros_ws/src/Rescue_Car_ws/install/unique_identifier_msgs/lib:/root/ros_ws/src/Rescue_Car_ws/install/trajectory_msgs/lib:/root/ros_ws/src/Rescue_Car_ws/install/stereo_msgs/lib:/root/ros_ws/src/Rescue_Car_ws/install/std_srvs/lib:/root/ros_ws/src/Rescue_Car_ws/install/shape_msgs/lib:/root/ros_ws/src/Rescue_Car_ws/install/sensor_msgs/lib:/root/ros_ws/src/Rescue_Car_ws/install/nav_msgs/lib:/root/ros_ws/src/Rescue_Car_ws/install/diagnostic_msgs/lib:/root/ros_ws/src/Rescue_Car_ws/install/geometry_msgs/lib:/root/ros_ws/src/Rescue_Car_ws/install/actionlib_msgs/lib:/root/ros_ws/src/Rescue_Car_ws/install/statistics_msgs/lib:/root/ros_ws/src/Rescue_Car_ws/install/rosidl_typesupport_microxrcedds_test_msg/lib:/root/ros_ws/src/Rescue_Car_ws/install/rmw_microxrcedds/lib:/root/ros_ws/src/Rescue_Car_ws/install/rosidl_typesupport_microxrcedds_cpp/lib:/root/ros_ws/src/Rescue_Car_ws/install/rosidl_typesupport_microxrcedds_c/lib:/root/ros_ws/src/Rescue_Car_ws/install/rosgraph_msgs/lib:/root/ros_ws/src/Rescue_Car_ws/install/rclc_parameter/lib:/root/ros_ws/src/Rescue_Car_ws/install/rclc/lib:/root/ros_ws/src/Rescue_Car_ws/install/composition_interfaces/lib:/root/ros_ws/src/Rescue_Car_ws/install/rcl_interfaces/lib:/root/ros_ws/src/Rescue_Car_ws/install/micro_ros_utilities/lib:/root/ros_ws/src/Rescue_Car_ws/install/micro_ros_agent/lib:/root/ros_ws/src/Rescue_Car_ws/install/micro_ros_msgs/lib:/root/ros_ws/src/Rescue_Car_ws/install/lifecycle_msgs/lib:/root/ros_ws/src/Rescue_Car_ws/install/complex_msgs/lib:/usr/lib/x86_64-linux-gnu/gazebo-11/plugins:/opt/ros/humble/opt/rviz_ogre_vendor/lib:/opt/ros/humble/lib/x86_64-linux-gnu:/opt/ros/humble/lib /usr/bin/cmake --install /root/ros_ws/src/Rescue_Car_ws/build/actionlib_msgs
[2.582s] Level 1:colcon.colcon_core.environment:checking '/root/ros_ws/src/Rescue_Car_ws/install/actionlib_msgs' for CMake config files
[2.583s] Level 1:colcon.colcon_core.shell:create_environment_hook('actionlib_msgs', 'cmake_prefix_path')
[2.584s] INFO:colcon.colcon_core.shell:Creating environment hook '/root/ros_ws/src/Rescue_Car_ws/install/actionlib_msgs/share/actionlib_msgs/hook/cmake_prefix_path.ps1'
[2.584s] INFO:colcon.colcon_core.shell:Creating environment descriptor '/root/ros_ws/src/Rescue_Car_ws/install/actionlib_msgs/share/actionlib_msgs/hook/cmake_prefix_path.dsv'
[2.585s] INFO:colcon.colcon_core.shell:Creating environment hook '/root/ros_ws/src/Rescue_Car_ws/install/actionlib_msgs/share/actionlib_msgs/hook/cmake_prefix_path.sh'
[2.585s] Level 1:colcon.colcon_core.environment:checking '/root/ros_ws/src/Rescue_Car_ws/install/actionlib_msgs/lib'
[2.586s] Level 1:colcon.colcon_core.shell:create_environment_hook('actionlib_msgs', 'ld_library_path_lib')
[2.586s] INFO:colcon.colcon_core.shell:Creating environment hook '/root/ros_ws/src/Rescue_Car_ws/install/actionlib_msgs/share/actionlib_msgs/hook/ld_library_path_lib.ps1'
[2.586s] INFO:colcon.colcon_core.shell:Creating environment descriptor '/root/ros_ws/src/Rescue_Car_ws/install/actionlib_msgs/share/actionlib_msgs/hook/ld_library_path_lib.dsv'
[2.587s] INFO:colcon.colcon_core.shell:Creating environment hook '/root/ros_ws/src/Rescue_Car_ws/install/actionlib_msgs/share/actionlib_msgs/hook/ld_library_path_lib.sh'
[2.587s] Level 1:colcon.colcon_core.environment:checking '/root/ros_ws/src/Rescue_Car_ws/install/actionlib_msgs/bin'
[2.587s] Level 1:colcon.colcon_core.environment:checking '/root/ros_ws/src/Rescue_Car_ws/install/actionlib_msgs/lib/pkgconfig/actionlib_msgs.pc'
[2.588s] Level 1:colcon.colcon_core.environment:checking '/root/ros_ws/src/Rescue_Car_ws/install/actionlib_msgs/lib/python3.10/site-packages'
[2.588s] Level 1:colcon.colcon_core.environment:checking '/root/ros_ws/src/Rescue_Car_ws/install/actionlib_msgs/bin'
[2.588s] INFO:colcon.colcon_core.shell:Creating package script '/root/ros_ws/src/Rescue_Car_ws/install/actionlib_msgs/share/actionlib_msgs/package.ps1'
[2.589s] INFO:colcon.colcon_core.shell:Creating package descriptor '/root/ros_ws/src/Rescue_Car_ws/install/actionlib_msgs/share/actionlib_msgs/package.dsv'
[2.590s] INFO:colcon.colcon_core.shell:Creating package script '/root/ros_ws/src/Rescue_Car_ws/install/actionlib_msgs/share/actionlib_msgs/package.sh'
[2.590s] INFO:colcon.colcon_core.shell:Creating package script '/root/ros_ws/src/Rescue_Car_ws/install/actionlib_msgs/share/actionlib_msgs/package.bash'
[2.591s] INFO:colcon.colcon_core.shell:Creating package script '/root/ros_ws/src/Rescue_Car_ws/install/actionlib_msgs/share/actionlib_msgs/package.zsh'
[2.591s] Level 1:colcon.colcon_core.environment:create_file_with_runtime_dependencies(/root/ros_ws/src/Rescue_Car_ws/install/actionlib_msgs/share/colcon-core/packages/actionlib_msgs)
[2.592s] Level 1:colcon.colcon_core.environment:create_environment_scripts_only(actionlib_msgs)
[2.593s] Level 1:colcon.colcon_core.environment:checking '/root/ros_ws/src/Rescue_Car_ws/install/actionlib_msgs' for CMake module files
[2.595s] Level 1:colcon.colcon_core.environment:checking '/root/ros_ws/src/Rescue_Car_ws/install/actionlib_msgs' for CMake config files
[2.596s] Level 1:colcon.colcon_core.shell:create_environment_hook('actionlib_msgs', 'cmake_prefix_path')
[2.596s] INFO:colcon.colcon_core.shell:Creating environment hook '/root/ros_ws/src/Rescue_Car_ws/install/actionlib_msgs/share/actionlib_msgs/hook/cmake_prefix_path.ps1'
[2.597s] INFO:colcon.colcon_core.shell:Creating environment descriptor '/root/ros_ws/src/Rescue_Car_ws/install/actionlib_msgs/share/actionlib_msgs/hook/cmake_prefix_path.dsv'
[2.597s] INFO:colcon.colcon_core.shell:Creating environment hook '/root/ros_ws/src/Rescue_Car_ws/install/actionlib_msgs/share/actionlib_msgs/hook/cmake_prefix_path.sh'
[2.598s] Level 1:colcon.colcon_core.environment:checking '/root/ros_ws/src/Rescue_Car_ws/install/actionlib_msgs/lib'
[2.598s] Level 1:colcon.colcon_core.shell:create_environment_hook('actionlib_msgs', 'ld_library_path_lib')
[2.598s] INFO:colcon.colcon_core.shell:Creating environment hook '/root/ros_ws/src/Rescue_Car_ws/install/actionlib_msgs/share/actionlib_msgs/hook/ld_library_path_lib.ps1'
[2.599s] INFO:colcon.colcon_core.shell:Creating environment descriptor '/root/ros_ws/src/Rescue_Car_ws/install/actionlib_msgs/share/actionlib_msgs/hook/ld_library_path_lib.dsv'
[2.599s] INFO:colcon.colcon_core.shell:Creating environment hook '/root/ros_ws/src/Rescue_Car_ws/install/actionlib_msgs/share/actionlib_msgs/hook/ld_library_path_lib.sh'
[2.600s] Level 1:colcon.colcon_core.environment:checking '/root/ros_ws/src/Rescue_Car_ws/install/actionlib_msgs/bin'
[2.600s] Level 1:colcon.colcon_core.environment:checking '/root/ros_ws/src/Rescue_Car_ws/install/actionlib_msgs/lib/pkgconfig/actionlib_msgs.pc'
[2.600s] Level 1:colcon.colcon_core.environment:checking '/root/ros_ws/src/Rescue_Car_ws/install/actionlib_msgs/lib/python3.10/site-packages'
[2.600s] Level 1:colcon.colcon_core.environment:checking '/root/ros_ws/src/Rescue_Car_ws/install/actionlib_msgs/bin'
[2.600s] INFO:colcon.colcon_core.shell:Creating package script '/root/ros_ws/src/Rescue_Car_ws/install/actionlib_msgs/share/actionlib_msgs/package.ps1'
[2.601s] INFO:colcon.colcon_core.shell:Creating package descriptor '/root/ros_ws/src/Rescue_Car_ws/install/actionlib_msgs/share/actionlib_msgs/package.dsv'
[2.601s] INFO:colcon.colcon_core.shell:Creating package script '/root/ros_ws/src/Rescue_Car_ws/install/actionlib_msgs/share/actionlib_msgs/package.sh'
[2.601s] INFO:colcon.colcon_core.shell:Creating package script '/root/ros_ws/src/Rescue_Car_ws/install/actionlib_msgs/share/actionlib_msgs/package.bash'
[2.601s] INFO:colcon.colcon_core.shell:Creating package script '/root/ros_ws/src/Rescue_Car_ws/install/actionlib_msgs/share/actionlib_msgs/package.zsh'
[2.602s] Level 1:colcon.colcon_core.environment:create_file_with_runtime_dependencies(/root/ros_ws/src/Rescue_Car_ws/install/actionlib_msgs/share/colcon-core/packages/actionlib_msgs)
[2.604s] Level 1:colcon.colcon_core.environment:create_environment_scripts_only(geometry_msgs)
[2.604s] Level 1:colcon.colcon_core.environment:checking '/root/ros_ws/src/Rescue_Car_ws/install/geometry_msgs' for CMake module files
[2.605s] DEBUG:colcon.colcon_core.event_handler.log_command:Invoked command in '/root/ros_ws/src/Rescue_Car_ws/build/geometry_msgs' returned '0': CMAKE_PREFIX_PATH=/root/ros_ws/src/Rescue_Car_ws/install/std_msgs:/root/ros_ws/src/Rescue_Car_ws/install/builtin_interfaces:/root/ros_ws/src/Rescue_Car_ws/install/micro_ros_demos_rclc:/root/ros_ws/src/Rescue_Car_ws/install/common_interfaces:/root/ros_ws/src/Rescue_Car_ws/install/visualization_msgs:/root/ros_ws/src/Rescue_Car_ws/install/test_msgs:/root/ros_ws/src/Rescue_Car_ws/install/example_interfaces:/root/ros_ws/src/Rescue_Car_ws/install/action_msgs:/root/ros_ws/src/Rescue_Car_ws/install/unique_identifier_msgs:/root/ros_ws/src/Rescue_Car_ws/install/trajectory_msgs:/root/ros_ws/src/Rescue_Car_ws/install/stereo_msgs:/root/ros_ws/src/Rescue_Car_ws/install/std_srvs:/root/ros_ws/src/Rescue_Car_ws/install/shape_msgs:/root/ros_ws/src/Rescue_Car_ws/install/sensor_msgs:/root/ros_ws/src/Rescue_Car_ws/install/nav_msgs:/root/ros_ws/src/Rescue_Car_ws/install/diagnostic_msgs:/root/ros_ws/src/Rescue_Car_ws/install/geometry_msgs:/root/ros_ws/src/Rescue_Car_ws/install/actionlib_msgs:/root/ros_ws/src/Rescue_Car_ws/install/statistics_msgs:/root/ros_ws/src/Rescue_Car_ws/install/rosidl_typesupport_microxrcedds_test_msg:/root/ros_ws/src/Rescue_Car_ws/install/rosidl_typesupport_microxrcedds_cpp_tests:/root/ros_ws/src/Rescue_Car_ws/install/rmw_microxrcedds:/root/ros_ws/src/Rescue_Car_ws/install/rosidl_typesupport_microxrcedds_cpp:/root/ros_ws/src/Rescue_Car_ws/install/rosidl_typesupport_microxrcedds_c_tests:/root/ros_ws/src/Rescue_Car_ws/install/rosidl_typesupport_microxrcedds_c:/root/ros_ws/src/Rescue_Car_ws/install/rosgraph_msgs:/root/ros_ws/src/Rescue_Car_ws/install/rclc_parameter:/root/ros_ws/src/Rescue_Car_ws/install/rclc:/root/ros_ws/src/Rescue_Car_ws/install/composition_interfaces:/root/ros_ws/src/Rescue_Car_ws/install/rcl_interfaces:/root/ros_ws/src/Rescue_Car_ws/install/microxrcedds_client:/root/ros_ws/src/Rescue_Car_ws/install/microcdr:/root/ros_ws/src/Rescue_Car_ws/install/micro_ros_utilities:/root/ros_ws/src/Rescue_Car_ws/install/micro_ros_setup:/root/ros_ws/src/Rescue_Car_ws/install/micro_ros_agent:/root/ros_ws/src/Rescue_Car_ws/install/micro_ros_msgs:/root/ros_ws/src/Rescue_Car_ws/install/lifecycle_msgs:/root/ros_ws/src/Rescue_Car_ws/install/complex_msgs:/root/ros_ws/src/Rescue_Car_ws/install/car:/root/ros_ws/src/Rescue_Car_ws/install/sensor_msgs_py:/opt/ros/humble LD_LIBRARY_PATH=/root/ros_ws/src/Rescue_Car_ws/install/std_msgs/lib:/root/ros_ws/src/Rescue_Car_ws/install/builtin_interfaces/lib:/root/ros_ws/src/Rescue_Car_ws/install/visualization_msgs/lib:/root/ros_ws/src/Rescue_Car_ws/install/test_msgs/lib:/root/ros_ws/src/Rescue_Car_ws/install/example_interfaces/lib:/root/ros_ws/src/Rescue_Car_ws/install/action_msgs/lib:/root/ros_ws/src/Rescue_Car_ws/install/unique_identifier_msgs/lib:/root/ros_ws/src/Rescue_Car_ws/install/trajectory_msgs/lib:/root/ros_ws/src/Rescue_Car_ws/install/stereo_msgs/lib:/root/ros_ws/src/Rescue_Car_ws/install/std_srvs/lib:/root/ros_ws/src/Rescue_Car_ws/install/shape_msgs/lib:/root/ros_ws/src/Rescue_Car_ws/install/sensor_msgs/lib:/root/ros_ws/src/Rescue_Car_ws/install/nav_msgs/lib:/root/ros_ws/src/Rescue_Car_ws/install/diagnostic_msgs/lib:/root/ros_ws/src/Rescue_Car_ws/install/geometry_msgs/lib:/root/ros_ws/src/Rescue_Car_ws/install/actionlib_msgs/lib:/root/ros_ws/src/Rescue_Car_ws/install/statistics_msgs/lib:/root/ros_ws/src/Rescue_Car_ws/install/rosidl_typesupport_microxrcedds_test_msg/lib:/root/ros_ws/src/Rescue_Car_ws/install/rmw_microxrcedds/lib:/root/ros_ws/src/Rescue_Car_ws/install/rosidl_typesupport_microxrcedds_cpp/lib:/root/ros_ws/src/Rescue_Car_ws/install/rosidl_typesupport_microxrcedds_c/lib:/root/ros_ws/src/Rescue_Car_ws/install/rosgraph_msgs/lib:/root/ros_ws/src/Rescue_Car_ws/install/rclc_parameter/lib:/root/ros_ws/src/Rescue_Car_ws/install/rclc/lib:/root/ros_ws/src/Rescue_Car_ws/install/composition_interfaces/lib:/root/ros_ws/src/Rescue_Car_ws/install/rcl_interfaces/lib:/root/ros_ws/src/Rescue_Car_ws/install/micro_ros_utilities/lib:/root/ros_ws/src/Rescue_Car_ws/install/micro_ros_agent/lib:/root/ros_ws/src/Rescue_Car_ws/install/micro_ros_msgs/lib:/root/ros_ws/src/Rescue_Car_ws/install/lifecycle_msgs/lib:/root/ros_ws/src/Rescue_Car_ws/install/complex_msgs/lib:/usr/lib/x86_64-linux-gnu/gazebo-11/plugins:/opt/ros/humble/opt/rviz_ogre_vendor/lib:/opt/ros/humble/lib/x86_64-linux-gnu:/opt/ros/humble/lib /usr/bin/cmake --install /root/ros_ws/src/Rescue_Car_ws/build/geometry_msgs
[2.605s] Level 1:colcon.colcon_core.environment:checking '/root/ros_ws/src/Rescue_Car_ws/install/geometry_msgs' for CMake config files
[2.607s] Level 1:colcon.colcon_core.shell:create_environment_hook('geometry_msgs', 'cmake_prefix_path')
[2.607s] INFO:colcon.colcon_core.shell:Creating environment hook '/root/ros_ws/src/Rescue_Car_ws/install/geometry_msgs/share/geometry_msgs/hook/cmake_prefix_path.ps1'
[2.608s] INFO:colcon.colcon_core.shell:Creating environment descriptor '/root/ros_ws/src/Rescue_Car_ws/install/geometry_msgs/share/geometry_msgs/hook/cmake_prefix_path.dsv'
[2.608s] INFO:colcon.colcon_core.shell:Creating environment hook '/root/ros_ws/src/Rescue_Car_ws/install/geometry_msgs/share/geometry_msgs/hook/cmake_prefix_path.sh'
[2.609s] Level 1:colcon.colcon_core.environment:checking '/root/ros_ws/src/Rescue_Car_ws/install/geometry_msgs/lib'
[2.609s] Level 1:colcon.colcon_core.shell:create_environment_hook('geometry_msgs', 'ld_library_path_lib')
[2.609s] INFO:colcon.colcon_core.shell:Creating environment hook '/root/ros_ws/src/Rescue_Car_ws/install/geometry_msgs/share/geometry_msgs/hook/ld_library_path_lib.ps1'
[2.610s] INFO:colcon.colcon_core.shell:Creating environment descriptor '/root/ros_ws/src/Rescue_Car_ws/install/geometry_msgs/share/geometry_msgs/hook/ld_library_path_lib.dsv'
[2.610s] INFO:colcon.colcon_core.shell:Creating environment hook '/root/ros_ws/src/Rescue_Car_ws/install/geometry_msgs/share/geometry_msgs/hook/ld_library_path_lib.sh'
[2.610s] Level 1:colcon.colcon_core.environment:checking '/root/ros_ws/src/Rescue_Car_ws/install/geometry_msgs/bin'
[2.610s] Level 1:colcon.colcon_core.environment:checking '/root/ros_ws/src/Rescue_Car_ws/install/geometry_msgs/lib/pkgconfig/geometry_msgs.pc'
[2.611s] Level 1:colcon.colcon_core.environment:checking '/root/ros_ws/src/Rescue_Car_ws/install/geometry_msgs/lib/python3.10/site-packages'
[2.611s] Level 1:colcon.colcon_core.environment:checking '/root/ros_ws/src/Rescue_Car_ws/install/geometry_msgs/bin'
[2.612s] INFO:colcon.colcon_core.shell:Creating package script '/root/ros_ws/src/Rescue_Car_ws/install/geometry_msgs/share/geometry_msgs/package.ps1'
[2.612s] INFO:colcon.colcon_core.shell:Creating package descriptor '/root/ros_ws/src/Rescue_Car_ws/install/geometry_msgs/share/geometry_msgs/package.dsv'
[2.613s] INFO:colcon.colcon_core.shell:Creating package script '/root/ros_ws/src/Rescue_Car_ws/install/geometry_msgs/share/geometry_msgs/package.sh'
[2.614s] INFO:colcon.colcon_core.shell:Creating package script '/root/ros_ws/src/Rescue_Car_ws/install/geometry_msgs/share/geometry_msgs/package.bash'
[2.614s] INFO:colcon.colcon_core.shell:Creating package script '/root/ros_ws/src/Rescue_Car_ws/install/geometry_msgs/share/geometry_msgs/package.zsh'
[2.615s] Level 1:colcon.colcon_core.environment:create_file_with_runtime_dependencies(/root/ros_ws/src/Rescue_Car_ws/install/geometry_msgs/share/colcon-core/packages/geometry_msgs)
[2.616s] Level 1:colcon.colcon_core.environment:create_environment_scripts_only(geometry_msgs)
[2.617s] Level 1:colcon.colcon_core.environment:checking '/root/ros_ws/src/Rescue_Car_ws/install/geometry_msgs' for CMake module files
[2.617s] Level 1:colcon.colcon_core.environment:checking '/root/ros_ws/src/Rescue_Car_ws/install/geometry_msgs' for CMake config files
[2.618s] Level 1:colcon.colcon_core.shell:create_environment_hook('geometry_msgs', 'cmake_prefix_path')
[2.619s] INFO:colcon.colcon_core.shell:Creating environment hook '/root/ros_ws/src/Rescue_Car_ws/install/geometry_msgs/share/geometry_msgs/hook/cmake_prefix_path.ps1'
[2.620s] INFO:colcon.colcon_core.shell:Creating environment descriptor '/root/ros_ws/src/Rescue_Car_ws/install/geometry_msgs/share/geometry_msgs/hook/cmake_prefix_path.dsv'
[2.620s] INFO:colcon.colcon_core.shell:Creating environment hook '/root/ros_ws/src/Rescue_Car_ws/install/geometry_msgs/share/geometry_msgs/hook/cmake_prefix_path.sh'
[2.621s] Level 1:colcon.colcon_core.environment:checking '/root/ros_ws/src/Rescue_Car_ws/install/geometry_msgs/lib'
[2.621s] Level 1:colcon.colcon_core.shell:create_environment_hook('geometry_msgs', 'ld_library_path_lib')
[2.621s] INFO:colcon.colcon_core.shell:Creating environment hook '/root/ros_ws/src/Rescue_Car_ws/install/geometry_msgs/share/geometry_msgs/hook/ld_library_path_lib.ps1'
[2.622s] INFO:colcon.colcon_core.shell:Creating environment descriptor '/root/ros_ws/src/Rescue_Car_ws/install/geometry_msgs/share/geometry_msgs/hook/ld_library_path_lib.dsv'
[2.622s] INFO:colcon.colcon_core.shell:Creating environment hook '/root/ros_ws/src/Rescue_Car_ws/install/geometry_msgs/share/geometry_msgs/hook/ld_library_path_lib.sh'
[2.623s] Level 1:colcon.colcon_core.environment:checking '/root/ros_ws/src/Rescue_Car_ws/install/geometry_msgs/bin'
[2.623s] Level 1:colcon.colcon_core.environment:checking '/root/ros_ws/src/Rescue_Car_ws/install/geometry_msgs/lib/pkgconfig/geometry_msgs.pc'
[2.623s] Level 1:colcon.colcon_core.environment:checking '/root/ros_ws/src/Rescue_Car_ws/install/geometry_msgs/lib/python3.10/site-packages'
[2.623s] Level 1:colcon.colcon_core.environment:checking '/root/ros_ws/src/Rescue_Car_ws/install/geometry_msgs/bin'
[2.624s] INFO:colcon.colcon_core.shell:Creating package script '/root/ros_ws/src/Rescue_Car_ws/install/geometry_msgs/share/geometry_msgs/package.ps1'
[2.624s] INFO:colcon.colcon_core.shell:Creating package descriptor '/root/ros_ws/src/Rescue_Car_ws/install/geometry_msgs/share/geometry_msgs/package.dsv'
[2.625s] INFO:colcon.colcon_core.shell:Creating package script '/root/ros_ws/src/Rescue_Car_ws/install/geometry_msgs/share/geometry_msgs/package.sh'
[2.626s] INFO:colcon.colcon_core.shell:Creating package script '/root/ros_ws/src/Rescue_Car_ws/install/geometry_msgs/share/geometry_msgs/package.bash'
[2.626s] INFO:colcon.colcon_core.shell:Creating package script '/root/ros_ws/src/Rescue_Car_ws/install/geometry_msgs/share/geometry_msgs/package.zsh'
[2.627s] Level 1:colcon.colcon_core.environment:create_file_with_runtime_dependencies(/root/ros_ws/src/Rescue_Car_ws/install/geometry_msgs/share/colcon-core/packages/geometry_msgs)
[2.627s] INFO:colcon.colcon_ros.task.ament_cmake.build:Building ROS package in '/root/ros_ws/src/Rescue_Car_ws/src/microros/src/ros2/common_interfaces/sensor_msgs' with build type 'ament_cmake'
[2.628s] INFO:colcon.colcon_cmake.task.cmake.build:Building CMake package in '/root/ros_ws/src/Rescue_Car_ws/src/microros/src/ros2/common_interfaces/sensor_msgs'
[2.628s] INFO:colcon.colcon_core.shell:Skip shell extension 'powershell' for command environment: Not usable outside of PowerShell
[2.628s] DEBUG:colcon.colcon_core.shell:Skip shell extension 'dsv' for command environment
[2.633s] INFO:colcon.colcon_ros.task.ament_cmake.build:Building ROS package in '/root/ros_ws/src/Rescue_Car_ws/src/microros/src/ros2/common_interfaces/diagnostic_msgs' with build type 'ament_cmake'
[2.633s] INFO:colcon.colcon_cmake.task.cmake.build:Building CMake package in '/root/ros_ws/src/Rescue_Car_ws/src/microros/src/ros2/common_interfaces/diagnostic_msgs'
[2.633s] INFO:colcon.colcon_core.shell:Skip shell extension 'powershell' for command environment: Not usable outside of PowerShell
[2.633s] DEBUG:colcon.colcon_core.shell:Skip shell extension 'dsv' for command environment
[2.638s] INFO:colcon.colcon_ros.task.ament_cmake.build:Building ROS package in '/root/ros_ws/src/Rescue_Car_ws/src/microros/src/ros2/common_interfaces/nav_msgs' with build type 'ament_cmake'
[2.638s] INFO:colcon.colcon_cmake.task.cmake.build:Building CMake package in '/root/ros_ws/src/Rescue_Car_ws/src/microros/src/ros2/common_interfaces/nav_msgs'
[2.639s] INFO:colcon.colcon_core.shell:Skip shell extension 'powershell' for command environment: Not usable outside of PowerShell
[2.639s] DEBUG:colcon.colcon_core.shell:Skip shell extension 'dsv' for command environment
[2.643s] INFO:colcon.colcon_ros.task.ament_cmake.build:Building ROS package in '/root/ros_ws/src/Rescue_Car_ws/src/microros/src/ros2/common_interfaces/shape_msgs' with build type 'ament_cmake'
[2.643s] INFO:colcon.colcon_cmake.task.cmake.build:Building CMake package in '/root/ros_ws/src/Rescue_Car_ws/src/microros/src/ros2/common_interfaces/shape_msgs'
[2.644s] INFO:colcon.colcon_core.shell:Skip shell extension 'powershell' for command environment: Not usable outside of PowerShell
[2.644s] DEBUG:colcon.colcon_core.shell:Skip shell extension 'dsv' for command environment
[2.649s] INFO:colcon.colcon_ros.task.ament_cmake.build:Building ROS package in '/root/ros_ws/src/Rescue_Car_ws/src/microros/src/ros2/common_interfaces/trajectory_msgs' with build type 'ament_cmake'
[2.649s] INFO:colcon.colcon_cmake.task.cmake.build:Building CMake package in '/root/ros_ws/src/Rescue_Car_ws/src/microros/src/ros2/common_interfaces/trajectory_msgs'
[2.650s] INFO:colcon.colcon_core.shell:Skip shell extension 'powershell' for command environment: Not usable outside of PowerShell
[2.650s] DEBUG:colcon.colcon_core.shell:Skip shell extension 'dsv' for command environment
[2.701s] DEBUG:colcon.colcon_core.event_handler.log_command:Invoked command in '/root/ros_ws/src/Rescue_Car_ws/build/example_interfaces' returned '0': CMAKE_PREFIX_PATH=/root/ros_ws/src/Rescue_Car_ws/install/action_msgs:/root/ros_ws/src/Rescue_Car_ws/install/unique_identifier_msgs:/root/ros_ws/src/Rescue_Car_ws/install/builtin_interfaces:/root/ros_ws/src/Rescue_Car_ws/install/micro_ros_demos_rclc:/root/ros_ws/src/Rescue_Car_ws/install/common_interfaces:/root/ros_ws/src/Rescue_Car_ws/install/visualization_msgs:/root/ros_ws/src/Rescue_Car_ws/install/test_msgs:/root/ros_ws/src/Rescue_Car_ws/install/example_interfaces:/root/ros_ws/src/Rescue_Car_ws/install/trajectory_msgs:/root/ros_ws/src/Rescue_Car_ws/install/stereo_msgs:/root/ros_ws/src/Rescue_Car_ws/install/std_srvs:/root/ros_ws/src/Rescue_Car_ws/install/shape_msgs:/root/ros_ws/src/Rescue_Car_ws/install/sensor_msgs:/root/ros_ws/src/Rescue_Car_ws/install/nav_msgs:/root/ros_ws/src/Rescue_Car_ws/install/diagnostic_msgs:/root/ros_ws/src/Rescue_Car_ws/install/geometry_msgs:/root/ros_ws/src/Rescue_Car_ws/install/actionlib_msgs:/root/ros_ws/src/Rescue_Car_ws/install/std_msgs:/root/ros_ws/src/Rescue_Car_ws/install/statistics_msgs:/root/ros_ws/src/Rescue_Car_ws/install/rosidl_typesupport_microxrcedds_test_msg:/root/ros_ws/src/Rescue_Car_ws/install/rosidl_typesupport_microxrcedds_cpp_tests:/root/ros_ws/src/Rescue_Car_ws/install/rmw_microxrcedds:/root/ros_ws/src/Rescue_Car_ws/install/rosidl_typesupport_microxrcedds_cpp:/root/ros_ws/src/Rescue_Car_ws/install/rosidl_typesupport_microxrcedds_c_tests:/root/ros_ws/src/Rescue_Car_ws/install/rosidl_typesupport_microxrcedds_c:/root/ros_ws/src/Rescue_Car_ws/install/rosgraph_msgs:/root/ros_ws/src/Rescue_Car_ws/install/rclc_parameter:/root/ros_ws/src/Rescue_Car_ws/install/rclc:/root/ros_ws/src/Rescue_Car_ws/install/composition_interfaces:/root/ros_ws/src/Rescue_Car_ws/install/rcl_interfaces:/root/ros_ws/src/Rescue_Car_ws/install/microxrcedds_client:/root/ros_ws/src/Rescue_Car_ws/install/microcdr:/root/ros_ws/src/Rescue_Car_ws/install/micro_ros_utilities:/root/ros_ws/src/Rescue_Car_ws/install/micro_ros_setup:/root/ros_ws/src/Rescue_Car_ws/install/micro_ros_agent:/root/ros_ws/src/Rescue_Car_ws/install/micro_ros_msgs:/root/ros_ws/src/Rescue_Car_ws/install/lifecycle_msgs:/root/ros_ws/src/Rescue_Car_ws/install/complex_msgs:/root/ros_ws/src/Rescue_Car_ws/install/car:/root/ros_ws/src/Rescue_Car_ws/install/sensor_msgs_py:/opt/ros/humble LD_LIBRARY_PATH=/root/ros_ws/src/Rescue_Car_ws/install/action_msgs/lib:/root/ros_ws/src/Rescue_Car_ws/install/unique_identifier_msgs/lib:/root/ros_ws/src/Rescue_Car_ws/install/builtin_interfaces/lib:/root/ros_ws/src/Rescue_Car_ws/install/visualization_msgs/lib:/root/ros_ws/src/Rescue_Car_ws/install/test_msgs/lib:/root/ros_ws/src/Rescue_Car_ws/install/example_interfaces/lib:/root/ros_ws/src/Rescue_Car_ws/install/trajectory_msgs/lib:/root/ros_ws/src/Rescue_Car_ws/install/stereo_msgs/lib:/root/ros_ws/src/Rescue_Car_ws/install/std_srvs/lib:/root/ros_ws/src/Rescue_Car_ws/install/shape_msgs/lib:/root/ros_ws/src/Rescue_Car_ws/install/sensor_msgs/lib:/root/ros_ws/src/Rescue_Car_ws/install/nav_msgs/lib:/root/ros_ws/src/Rescue_Car_ws/install/diagnostic_msgs/lib:/root/ros_ws/src/Rescue_Car_ws/install/geometry_msgs/lib:/root/ros_ws/src/Rescue_Car_ws/install/actionlib_msgs/lib:/root/ros_ws/src/Rescue_Car_ws/install/std_msgs/lib:/root/ros_ws/src/Rescue_Car_ws/install/statistics_msgs/lib:/root/ros_ws/src/Rescue_Car_ws/install/rosidl_typesupport_microxrcedds_test_msg/lib:/root/ros_ws/src/Rescue_Car_ws/install/rmw_microxrcedds/lib:/root/ros_ws/src/Rescue_Car_ws/install/rosidl_typesupport_microxrcedds_cpp/lib:/root/ros_ws/src/Rescue_Car_ws/install/rosidl_typesupport_microxrcedds_c/lib:/root/ros_ws/src/Rescue_Car_ws/install/rosgraph_msgs/lib:/root/ros_ws/src/Rescue_Car_ws/install/rclc_parameter/lib:/root/ros_ws/src/Rescue_Car_ws/install/rclc/lib:/root/ros_ws/src/Rescue_Car_ws/install/composition_interfaces/lib:/root/ros_ws/src/Rescue_Car_ws/install/rcl_interfaces/lib:/root/ros_ws/src/Rescue_Car_ws/install/micro_ros_utilities/lib:/root/ros_ws/src/Rescue_Car_ws/install/micro_ros_agent/lib:/root/ros_ws/src/Rescue_Car_ws/install/micro_ros_msgs/lib:/root/ros_ws/src/Rescue_Car_ws/install/lifecycle_msgs/lib:/root/ros_ws/src/Rescue_Car_ws/install/complex_msgs/lib:/usr/lib/x86_64-linux-gnu/gazebo-11/plugins:/opt/ros/humble/opt/rviz_ogre_vendor/lib:/opt/ros/humble/lib/x86_64-linux-gnu:/opt/ros/humble/lib /usr/bin/cmake --build /root/ros_ws/src/Rescue_Car_ws/build/example_interfaces -- -j20 -l20
[2.703s] DEBUG:colcon.colcon_core.event_handler.log_command:Invoking command in '/root/ros_ws/src/Rescue_Car_ws/build/example_interfaces': CMAKE_PREFIX_PATH=/root/ros_ws/src/Rescue_Car_ws/install/action_msgs:/root/ros_ws/src/Rescue_Car_ws/install/unique_identifier_msgs:/root/ros_ws/src/Rescue_Car_ws/install/builtin_interfaces:/root/ros_ws/src/Rescue_Car_ws/install/micro_ros_demos_rclc:/root/ros_ws/src/Rescue_Car_ws/install/common_interfaces:/root/ros_ws/src/Rescue_Car_ws/install/visualization_msgs:/root/ros_ws/src/Rescue_Car_ws/install/test_msgs:/root/ros_ws/src/Rescue_Car_ws/install/example_interfaces:/root/ros_ws/src/Rescue_Car_ws/install/trajectory_msgs:/root/ros_ws/src/Rescue_Car_ws/install/stereo_msgs:/root/ros_ws/src/Rescue_Car_ws/install/std_srvs:/root/ros_ws/src/Rescue_Car_ws/install/shape_msgs:/root/ros_ws/src/Rescue_Car_ws/install/sensor_msgs:/root/ros_ws/src/Rescue_Car_ws/install/nav_msgs:/root/ros_ws/src/Rescue_Car_ws/install/diagnostic_msgs:/root/ros_ws/src/Rescue_Car_ws/install/geometry_msgs:/root/ros_ws/src/Rescue_Car_ws/install/actionlib_msgs:/root/ros_ws/src/Rescue_Car_ws/install/std_msgs:/root/ros_ws/src/Rescue_Car_ws/install/statistics_msgs:/root/ros_ws/src/Rescue_Car_ws/install/rosidl_typesupport_microxrcedds_test_msg:/root/ros_ws/src/Rescue_Car_ws/install/rosidl_typesupport_microxrcedds_cpp_tests:/root/ros_ws/src/Rescue_Car_ws/install/rmw_microxrcedds:/root/ros_ws/src/Rescue_Car_ws/install/rosidl_typesupport_microxrcedds_cpp:/root/ros_ws/src/Rescue_Car_ws/install/rosidl_typesupport_microxrcedds_c_tests:/root/ros_ws/src/Rescue_Car_ws/install/rosidl_typesupport_microxrcedds_c:/root/ros_ws/src/Rescue_Car_ws/install/rosgraph_msgs:/root/ros_ws/src/Rescue_Car_ws/install/rclc_parameter:/root/ros_ws/src/Rescue_Car_ws/install/rclc:/root/ros_ws/src/Rescue_Car_ws/install/composition_interfaces:/root/ros_ws/src/Rescue_Car_ws/install/rcl_interfaces:/root/ros_ws/src/Rescue_Car_ws/install/microxrcedds_client:/root/ros_ws/src/Rescue_Car_ws/install/microcdr:/root/ros_ws/src/Rescue_Car_ws/install/micro_ros_utilities:/root/ros_ws/src/Rescue_Car_ws/install/micro_ros_setup:/root/ros_ws/src/Rescue_Car_ws/install/micro_ros_agent:/root/ros_ws/src/Rescue_Car_ws/install/micro_ros_msgs:/root/ros_ws/src/Rescue_Car_ws/install/lifecycle_msgs:/root/ros_ws/src/Rescue_Car_ws/install/complex_msgs:/root/ros_ws/src/Rescue_Car_ws/install/car:/root/ros_ws/src/Rescue_Car_ws/install/sensor_msgs_py:/opt/ros/humble LD_LIBRARY_PATH=/root/ros_ws/src/Rescue_Car_ws/install/action_msgs/lib:/root/ros_ws/src/Rescue_Car_ws/install/unique_identifier_msgs/lib:/root/ros_ws/src/Rescue_Car_ws/install/builtin_interfaces/lib:/root/ros_ws/src/Rescue_Car_ws/install/visualization_msgs/lib:/root/ros_ws/src/Rescue_Car_ws/install/test_msgs/lib:/root/ros_ws/src/Rescue_Car_ws/install/example_interfaces/lib:/root/ros_ws/src/Rescue_Car_ws/install/trajectory_msgs/lib:/root/ros_ws/src/Rescue_Car_ws/install/stereo_msgs/lib:/root/ros_ws/src/Rescue_Car_ws/install/std_srvs/lib:/root/ros_ws/src/Rescue_Car_ws/install/shape_msgs/lib:/root/ros_ws/src/Rescue_Car_ws/install/sensor_msgs/lib:/root/ros_ws/src/Rescue_Car_ws/install/nav_msgs/lib:/root/ros_ws/src/Rescue_Car_ws/install/diagnostic_msgs/lib:/root/ros_ws/src/Rescue_Car_ws/install/geometry_msgs/lib:/root/ros_ws/src/Rescue_Car_ws/install/actionlib_msgs/lib:/root/ros_ws/src/Rescue_Car_ws/install/std_msgs/lib:/root/ros_ws/src/Rescue_Car_ws/install/statistics_msgs/lib:/root/ros_ws/src/Rescue_Car_ws/install/rosidl_typesupport_microxrcedds_test_msg/lib:/root/ros_ws/src/Rescue_Car_ws/install/rmw_microxrcedds/lib:/root/ros_ws/src/Rescue_Car_ws/install/rosidl_typesupport_microxrcedds_cpp/lib:/root/ros_ws/src/Rescue_Car_ws/install/rosidl_typesupport_microxrcedds_c/lib:/root/ros_ws/src/Rescue_Car_ws/install/rosgraph_msgs/lib:/root/ros_ws/src/Rescue_Car_ws/install/rclc_parameter/lib:/root/ros_ws/src/Rescue_Car_ws/install/rclc/lib:/root/ros_ws/src/Rescue_Car_ws/install/composition_interfaces/lib:/root/ros_ws/src/Rescue_Car_ws/install/rcl_interfaces/lib:/root/ros_ws/src/Rescue_Car_ws/install/micro_ros_utilities/lib:/root/ros_ws/src/Rescue_Car_ws/install/micro_ros_agent/lib:/root/ros_ws/src/Rescue_Car_ws/install/micro_ros_msgs/lib:/root/ros_ws/src/Rescue_Car_ws/install/lifecycle_msgs/lib:/root/ros_ws/src/Rescue_Car_ws/install/complex_msgs/lib:/usr/lib/x86_64-linux-gnu/gazebo-11/plugins:/opt/ros/humble/opt/rviz_ogre_vendor/lib:/opt/ros/humble/lib/x86_64-linux-gnu:/opt/ros/humble/lib /usr/bin/cmake --install /root/ros_ws/src/Rescue_Car_ws/build/example_interfaces
[2.704s] DEBUG:colcon.colcon_core.event_handler.log_command:Invoked command in '/root/ros_ws/src/Rescue_Car_ws/build/test_msgs' returned '0': CMAKE_PREFIX_PATH=/root/ros_ws/src/Rescue_Car_ws/install/action_msgs:/root/ros_ws/src/Rescue_Car_ws/install/unique_identifier_msgs:/root/ros_ws/src/Rescue_Car_ws/install/builtin_interfaces:/root/ros_ws/src/Rescue_Car_ws/install/micro_ros_demos_rclc:/root/ros_ws/src/Rescue_Car_ws/install/common_interfaces:/root/ros_ws/src/Rescue_Car_ws/install/visualization_msgs:/root/ros_ws/src/Rescue_Car_ws/install/test_msgs:/root/ros_ws/src/Rescue_Car_ws/install/example_interfaces:/root/ros_ws/src/Rescue_Car_ws/install/trajectory_msgs:/root/ros_ws/src/Rescue_Car_ws/install/stereo_msgs:/root/ros_ws/src/Rescue_Car_ws/install/std_srvs:/root/ros_ws/src/Rescue_Car_ws/install/shape_msgs:/root/ros_ws/src/Rescue_Car_ws/install/sensor_msgs:/root/ros_ws/src/Rescue_Car_ws/install/nav_msgs:/root/ros_ws/src/Rescue_Car_ws/install/diagnostic_msgs:/root/ros_ws/src/Rescue_Car_ws/install/geometry_msgs:/root/ros_ws/src/Rescue_Car_ws/install/actionlib_msgs:/root/ros_ws/src/Rescue_Car_ws/install/std_msgs:/root/ros_ws/src/Rescue_Car_ws/install/statistics_msgs:/root/ros_ws/src/Rescue_Car_ws/install/rosidl_typesupport_microxrcedds_test_msg:/root/ros_ws/src/Rescue_Car_ws/install/rosidl_typesupport_microxrcedds_cpp_tests:/root/ros_ws/src/Rescue_Car_ws/install/rmw_microxrcedds:/root/ros_ws/src/Rescue_Car_ws/install/rosidl_typesupport_microxrcedds_cpp:/root/ros_ws/src/Rescue_Car_ws/install/rosidl_typesupport_microxrcedds_c_tests:/root/ros_ws/src/Rescue_Car_ws/install/rosidl_typesupport_microxrcedds_c:/root/ros_ws/src/Rescue_Car_ws/install/rosgraph_msgs:/root/ros_ws/src/Rescue_Car_ws/install/rclc_parameter:/root/ros_ws/src/Rescue_Car_ws/install/rclc:/root/ros_ws/src/Rescue_Car_ws/install/composition_interfaces:/root/ros_ws/src/Rescue_Car_ws/install/rcl_interfaces:/root/ros_ws/src/Rescue_Car_ws/install/microxrcedds_client:/root/ros_ws/src/Rescue_Car_ws/install/microcdr:/root/ros_ws/src/Rescue_Car_ws/install/micro_ros_utilities:/root/ros_ws/src/Rescue_Car_ws/install/micro_ros_setup:/root/ros_ws/src/Rescue_Car_ws/install/micro_ros_agent:/root/ros_ws/src/Rescue_Car_ws/install/micro_ros_msgs:/root/ros_ws/src/Rescue_Car_ws/install/lifecycle_msgs:/root/ros_ws/src/Rescue_Car_ws/install/complex_msgs:/root/ros_ws/src/Rescue_Car_ws/install/car:/root/ros_ws/src/Rescue_Car_ws/install/sensor_msgs_py:/opt/ros/humble LD_LIBRARY_PATH=/root/ros_ws/src/Rescue_Car_ws/install/action_msgs/lib:/root/ros_ws/src/Rescue_Car_ws/install/unique_identifier_msgs/lib:/root/ros_ws/src/Rescue_Car_ws/install/builtin_interfaces/lib:/root/ros_ws/src/Rescue_Car_ws/install/visualization_msgs/lib:/root/ros_ws/src/Rescue_Car_ws/install/test_msgs/lib:/root/ros_ws/src/Rescue_Car_ws/install/example_interfaces/lib:/root/ros_ws/src/Rescue_Car_ws/install/trajectory_msgs/lib:/root/ros_ws/src/Rescue_Car_ws/install/stereo_msgs/lib:/root/ros_ws/src/Rescue_Car_ws/install/std_srvs/lib:/root/ros_ws/src/Rescue_Car_ws/install/shape_msgs/lib:/root/ros_ws/src/Rescue_Car_ws/install/sensor_msgs/lib:/root/ros_ws/src/Rescue_Car_ws/install/nav_msgs/lib:/root/ros_ws/src/Rescue_Car_ws/install/diagnostic_msgs/lib:/root/ros_ws/src/Rescue_Car_ws/install/geometry_msgs/lib:/root/ros_ws/src/Rescue_Car_ws/install/actionlib_msgs/lib:/root/ros_ws/src/Rescue_Car_ws/install/std_msgs/lib:/root/ros_ws/src/Rescue_Car_ws/install/statistics_msgs/lib:/root/ros_ws/src/Rescue_Car_ws/install/rosidl_typesupport_microxrcedds_test_msg/lib:/root/ros_ws/src/Rescue_Car_ws/install/rmw_microxrcedds/lib:/root/ros_ws/src/Rescue_Car_ws/install/rosidl_typesupport_microxrcedds_cpp/lib:/root/ros_ws/src/Rescue_Car_ws/install/rosidl_typesupport_microxrcedds_c/lib:/root/ros_ws/src/Rescue_Car_ws/install/rosgraph_msgs/lib:/root/ros_ws/src/Rescue_Car_ws/install/rclc_parameter/lib:/root/ros_ws/src/Rescue_Car_ws/install/rclc/lib:/root/ros_ws/src/Rescue_Car_ws/install/composition_interfaces/lib:/root/ros_ws/src/Rescue_Car_ws/install/rcl_interfaces/lib:/root/ros_ws/src/Rescue_Car_ws/install/micro_ros_utilities/lib:/root/ros_ws/src/Rescue_Car_ws/install/micro_ros_agent/lib:/root/ros_ws/src/Rescue_Car_ws/install/micro_ros_msgs/lib:/root/ros_ws/src/Rescue_Car_ws/install/lifecycle_msgs/lib:/root/ros_ws/src/Rescue_Car_ws/install/complex_msgs/lib:/usr/lib/x86_64-linux-gnu/gazebo-11/plugins:/opt/ros/humble/opt/rviz_ogre_vendor/lib:/opt/ros/humble/lib/x86_64-linux-gnu:/opt/ros/humble/lib /usr/bin/cmake --build /root/ros_ws/src/Rescue_Car_ws/build/test_msgs -- -j20 -l20
[2.707s] DEBUG:colcon.colcon_core.event_handler.log_command:Invoking command in '/root/ros_ws/src/Rescue_Car_ws/build/test_msgs': CMAKE_PREFIX_PATH=/root/ros_ws/src/Rescue_Car_ws/install/action_msgs:/root/ros_ws/src/Rescue_Car_ws/install/unique_identifier_msgs:/root/ros_ws/src/Rescue_Car_ws/install/builtin_interfaces:/root/ros_ws/src/Rescue_Car_ws/install/micro_ros_demos_rclc:/root/ros_ws/src/Rescue_Car_ws/install/common_interfaces:/root/ros_ws/src/Rescue_Car_ws/install/visualization_msgs:/root/ros_ws/src/Rescue_Car_ws/install/test_msgs:/root/ros_ws/src/Rescue_Car_ws/install/example_interfaces:/root/ros_ws/src/Rescue_Car_ws/install/trajectory_msgs:/root/ros_ws/src/Rescue_Car_ws/install/stereo_msgs:/root/ros_ws/src/Rescue_Car_ws/install/std_srvs:/root/ros_ws/src/Rescue_Car_ws/install/shape_msgs:/root/ros_ws/src/Rescue_Car_ws/install/sensor_msgs:/root/ros_ws/src/Rescue_Car_ws/install/nav_msgs:/root/ros_ws/src/Rescue_Car_ws/install/diagnostic_msgs:/root/ros_ws/src/Rescue_Car_ws/install/geometry_msgs:/root/ros_ws/src/Rescue_Car_ws/install/actionlib_msgs:/root/ros_ws/src/Rescue_Car_ws/install/std_msgs:/root/ros_ws/src/Rescue_Car_ws/install/statistics_msgs:/root/ros_ws/src/Rescue_Car_ws/install/rosidl_typesupport_microxrcedds_test_msg:/root/ros_ws/src/Rescue_Car_ws/install/rosidl_typesupport_microxrcedds_cpp_tests:/root/ros_ws/src/Rescue_Car_ws/install/rmw_microxrcedds:/root/ros_ws/src/Rescue_Car_ws/install/rosidl_typesupport_microxrcedds_cpp:/root/ros_ws/src/Rescue_Car_ws/install/rosidl_typesupport_microxrcedds_c_tests:/root/ros_ws/src/Rescue_Car_ws/install/rosidl_typesupport_microxrcedds_c:/root/ros_ws/src/Rescue_Car_ws/install/rosgraph_msgs:/root/ros_ws/src/Rescue_Car_ws/install/rclc_parameter:/root/ros_ws/src/Rescue_Car_ws/install/rclc:/root/ros_ws/src/Rescue_Car_ws/install/composition_interfaces:/root/ros_ws/src/Rescue_Car_ws/install/rcl_interfaces:/root/ros_ws/src/Rescue_Car_ws/install/microxrcedds_client:/root/ros_ws/src/Rescue_Car_ws/install/microcdr:/root/ros_ws/src/Rescue_Car_ws/install/micro_ros_utilities:/root/ros_ws/src/Rescue_Car_ws/install/micro_ros_setup:/root/ros_ws/src/Rescue_Car_ws/install/micro_ros_agent:/root/ros_ws/src/Rescue_Car_ws/install/micro_ros_msgs:/root/ros_ws/src/Rescue_Car_ws/install/lifecycle_msgs:/root/ros_ws/src/Rescue_Car_ws/install/complex_msgs:/root/ros_ws/src/Rescue_Car_ws/install/car:/root/ros_ws/src/Rescue_Car_ws/install/sensor_msgs_py:/opt/ros/humble LD_LIBRARY_PATH=/root/ros_ws/src/Rescue_Car_ws/install/action_msgs/lib:/root/ros_ws/src/Rescue_Car_ws/install/unique_identifier_msgs/lib:/root/ros_ws/src/Rescue_Car_ws/install/builtin_interfaces/lib:/root/ros_ws/src/Rescue_Car_ws/install/visualization_msgs/lib:/root/ros_ws/src/Rescue_Car_ws/install/test_msgs/lib:/root/ros_ws/src/Rescue_Car_ws/install/example_interfaces/lib:/root/ros_ws/src/Rescue_Car_ws/install/trajectory_msgs/lib:/root/ros_ws/src/Rescue_Car_ws/install/stereo_msgs/lib:/root/ros_ws/src/Rescue_Car_ws/install/std_srvs/lib:/root/ros_ws/src/Rescue_Car_ws/install/shape_msgs/lib:/root/ros_ws/src/Rescue_Car_ws/install/sensor_msgs/lib:/root/ros_ws/src/Rescue_Car_ws/install/nav_msgs/lib:/root/ros_ws/src/Rescue_Car_ws/install/diagnostic_msgs/lib:/root/ros_ws/src/Rescue_Car_ws/install/geometry_msgs/lib:/root/ros_ws/src/Rescue_Car_ws/install/actionlib_msgs/lib:/root/ros_ws/src/Rescue_Car_ws/install/std_msgs/lib:/root/ros_ws/src/Rescue_Car_ws/install/statistics_msgs/lib:/root/ros_ws/src/Rescue_Car_ws/install/rosidl_typesupport_microxrcedds_test_msg/lib:/root/ros_ws/src/Rescue_Car_ws/install/rmw_microxrcedds/lib:/root/ros_ws/src/Rescue_Car_ws/install/rosidl_typesupport_microxrcedds_cpp/lib:/root/ros_ws/src/Rescue_Car_ws/install/rosidl_typesupport_microxrcedds_c/lib:/root/ros_ws/src/Rescue_Car_ws/install/rosgraph_msgs/lib:/root/ros_ws/src/Rescue_Car_ws/install/rclc_parameter/lib:/root/ros_ws/src/Rescue_Car_ws/install/rclc/lib:/root/ros_ws/src/Rescue_Car_ws/install/composition_interfaces/lib:/root/ros_ws/src/Rescue_Car_ws/install/rcl_interfaces/lib:/root/ros_ws/src/Rescue_Car_ws/install/micro_ros_utilities/lib:/root/ros_ws/src/Rescue_Car_ws/install/micro_ros_agent/lib:/root/ros_ws/src/Rescue_Car_ws/install/micro_ros_msgs/lib:/root/ros_ws/src/Rescue_Car_ws/install/lifecycle_msgs/lib:/root/ros_ws/src/Rescue_Car_ws/install/complex_msgs/lib:/usr/lib/x86_64-linux-gnu/gazebo-11/plugins:/opt/ros/humble/opt/rviz_ogre_vendor/lib:/opt/ros/humble/lib/x86_64-linux-gnu:/opt/ros/humble/lib /usr/bin/cmake --install /root/ros_ws/src/Rescue_Car_ws/build/test_msgs
[2.774s] Level 1:colcon.colcon_core.environment:create_environment_scripts_only(test_msgs)
[2.776s] Level 1:colcon.colcon_core.environment:checking '/root/ros_ws/src/Rescue_Car_ws/install/test_msgs' for CMake module files
[2.785s] Level 1:colcon.colcon_core.environment:checking '/root/ros_ws/src/Rescue_Car_ws/install/test_msgs' for CMake config files
[2.789s] DEBUG:colcon.colcon_core.event_handler.log_command:Invoked command in '/root/ros_ws/src/Rescue_Car_ws/build/test_msgs' returned '0': CMAKE_PREFIX_PATH=/root/ros_ws/src/Rescue_Car_ws/install/action_msgs:/root/ros_ws/src/Rescue_Car_ws/install/unique_identifier_msgs:/root/ros_ws/src/Rescue_Car_ws/install/builtin_interfaces:/root/ros_ws/src/Rescue_Car_ws/install/micro_ros_demos_rclc:/root/ros_ws/src/Rescue_Car_ws/install/common_interfaces:/root/ros_ws/src/Rescue_Car_ws/install/visualization_msgs:/root/ros_ws/src/Rescue_Car_ws/install/test_msgs:/root/ros_ws/src/Rescue_Car_ws/install/example_interfaces:/root/ros_ws/src/Rescue_Car_ws/install/trajectory_msgs:/root/ros_ws/src/Rescue_Car_ws/install/stereo_msgs:/root/ros_ws/src/Rescue_Car_ws/install/std_srvs:/root/ros_ws/src/Rescue_Car_ws/install/shape_msgs:/root/ros_ws/src/Rescue_Car_ws/install/sensor_msgs:/root/ros_ws/src/Rescue_Car_ws/install/nav_msgs:/root/ros_ws/src/Rescue_Car_ws/install/diagnostic_msgs:/root/ros_ws/src/Rescue_Car_ws/install/geometry_msgs:/root/ros_ws/src/Rescue_Car_ws/install/actionlib_msgs:/root/ros_ws/src/Rescue_Car_ws/install/std_msgs:/root/ros_ws/src/Rescue_Car_ws/install/statistics_msgs:/root/ros_ws/src/Rescue_Car_ws/install/rosidl_typesupport_microxrcedds_test_msg:/root/ros_ws/src/Rescue_Car_ws/install/rosidl_typesupport_microxrcedds_cpp_tests:/root/ros_ws/src/Rescue_Car_ws/install/rmw_microxrcedds:/root/ros_ws/src/Rescue_Car_ws/install/rosidl_typesupport_microxrcedds_cpp:/root/ros_ws/src/Rescue_Car_ws/install/rosidl_typesupport_microxrcedds_c_tests:/root/ros_ws/src/Rescue_Car_ws/install/rosidl_typesupport_microxrcedds_c:/root/ros_ws/src/Rescue_Car_ws/install/rosgraph_msgs:/root/ros_ws/src/Rescue_Car_ws/install/rclc_parameter:/root/ros_ws/src/Rescue_Car_ws/install/rclc:/root/ros_ws/src/Rescue_Car_ws/install/composition_interfaces:/root/ros_ws/src/Rescue_Car_ws/install/rcl_interfaces:/root/ros_ws/src/Rescue_Car_ws/install/microxrcedds_client:/root/ros_ws/src/Rescue_Car_ws/install/microcdr:/root/ros_ws/src/Rescue_Car_ws/install/micro_ros_utilities:/root/ros_ws/src/Rescue_Car_ws/install/micro_ros_setup:/root/ros_ws/src/Rescue_Car_ws/install/micro_ros_agent:/root/ros_ws/src/Rescue_Car_ws/install/micro_ros_msgs:/root/ros_ws/src/Rescue_Car_ws/install/lifecycle_msgs:/root/ros_ws/src/Rescue_Car_ws/install/complex_msgs:/root/ros_ws/src/Rescue_Car_ws/install/car:/root/ros_ws/src/Rescue_Car_ws/install/sensor_msgs_py:/opt/ros/humble LD_LIBRARY_PATH=/root/ros_ws/src/Rescue_Car_ws/install/action_msgs/lib:/root/ros_ws/src/Rescue_Car_ws/install/unique_identifier_msgs/lib:/root/ros_ws/src/Rescue_Car_ws/install/builtin_interfaces/lib:/root/ros_ws/src/Rescue_Car_ws/install/visualization_msgs/lib:/root/ros_ws/src/Rescue_Car_ws/install/test_msgs/lib:/root/ros_ws/src/Rescue_Car_ws/install/example_interfaces/lib:/root/ros_ws/src/Rescue_Car_ws/install/trajectory_msgs/lib:/root/ros_ws/src/Rescue_Car_ws/install/stereo_msgs/lib:/root/ros_ws/src/Rescue_Car_ws/install/std_srvs/lib:/root/ros_ws/src/Rescue_Car_ws/install/shape_msgs/lib:/root/ros_ws/src/Rescue_Car_ws/install/sensor_msgs/lib:/root/ros_ws/src/Rescue_Car_ws/install/nav_msgs/lib:/root/ros_ws/src/Rescue_Car_ws/install/diagnostic_msgs/lib:/root/ros_ws/src/Rescue_Car_ws/install/geometry_msgs/lib:/root/ros_ws/src/Rescue_Car_ws/install/actionlib_msgs/lib:/root/ros_ws/src/Rescue_Car_ws/install/std_msgs/lib:/root/ros_ws/src/Rescue_Car_ws/install/statistics_msgs/lib:/root/ros_ws/src/Rescue_Car_ws/install/rosidl_typesupport_microxrcedds_test_msg/lib:/root/ros_ws/src/Rescue_Car_ws/install/rmw_microxrcedds/lib:/root/ros_ws/src/Rescue_Car_ws/install/rosidl_typesupport_microxrcedds_cpp/lib:/root/ros_ws/src/Rescue_Car_ws/install/rosidl_typesupport_microxrcedds_c/lib:/root/ros_ws/src/Rescue_Car_ws/install/rosgraph_msgs/lib:/root/ros_ws/src/Rescue_Car_ws/install/rclc_parameter/lib:/root/ros_ws/src/Rescue_Car_ws/install/rclc/lib:/root/ros_ws/src/Rescue_Car_ws/install/composition_interfaces/lib:/root/ros_ws/src/Rescue_Car_ws/install/rcl_interfaces/lib:/root/ros_ws/src/Rescue_Car_ws/install/micro_ros_utilities/lib:/root/ros_ws/src/Rescue_Car_ws/install/micro_ros_agent/lib:/root/ros_ws/src/Rescue_Car_ws/install/micro_ros_msgs/lib:/root/ros_ws/src/Rescue_Car_ws/install/lifecycle_msgs/lib:/root/ros_ws/src/Rescue_Car_ws/install/complex_msgs/lib:/usr/lib/x86_64-linux-gnu/gazebo-11/plugins:/opt/ros/humble/opt/rviz_ogre_vendor/lib:/opt/ros/humble/lib/x86_64-linux-gnu:/opt/ros/humble/lib /usr/bin/cmake --install /root/ros_ws/src/Rescue_Car_ws/build/test_msgs
[2.800s] Level 1:colcon.colcon_core.shell:create_environment_hook('test_msgs', 'cmake_prefix_path')
[2.800s] INFO:colcon.colcon_core.shell:Creating environment hook '/root/ros_ws/src/Rescue_Car_ws/install/test_msgs/share/test_msgs/hook/cmake_prefix_path.ps1'
[2.800s] INFO:colcon.colcon_core.shell:Creating environment descriptor '/root/ros_ws/src/Rescue_Car_ws/install/test_msgs/share/test_msgs/hook/cmake_prefix_path.dsv'
[2.800s] INFO:colcon.colcon_core.shell:Creating environment hook '/root/ros_ws/src/Rescue_Car_ws/install/test_msgs/share/test_msgs/hook/cmake_prefix_path.sh'
[2.801s] Level 1:colcon.colcon_core.environment:checking '/root/ros_ws/src/Rescue_Car_ws/install/test_msgs/lib'
[2.801s] Level 1:colcon.colcon_core.shell:create_environment_hook('test_msgs', 'ld_library_path_lib')
[2.801s] INFO:colcon.colcon_core.shell:Creating environment hook '/root/ros_ws/src/Rescue_Car_ws/install/test_msgs/share/test_msgs/hook/ld_library_path_lib.ps1'
[2.801s] INFO:colcon.colcon_core.shell:Creating environment descriptor '/root/ros_ws/src/Rescue_Car_ws/install/test_msgs/share/test_msgs/hook/ld_library_path_lib.dsv'
[2.801s] INFO:colcon.colcon_core.shell:Creating environment hook '/root/ros_ws/src/Rescue_Car_ws/install/test_msgs/share/test_msgs/hook/ld_library_path_lib.sh'
[2.802s] Level 1:colcon.colcon_core.environment:checking '/root/ros_ws/src/Rescue_Car_ws/install/test_msgs/bin'
[2.802s] Level 1:colcon.colcon_core.environment:checking '/root/ros_ws/src/Rescue_Car_ws/install/test_msgs/lib/pkgconfig/test_msgs.pc'
[2.802s] Level 1:colcon.colcon_core.environment:checking '/root/ros_ws/src/Rescue_Car_ws/install/test_msgs/lib/python3.10/site-packages'
[2.802s] Level 1:colcon.colcon_core.environment:checking '/root/ros_ws/src/Rescue_Car_ws/install/test_msgs/bin'
[2.802s] INFO:colcon.colcon_core.shell:Creating package script '/root/ros_ws/src/Rescue_Car_ws/install/test_msgs/share/test_msgs/package.ps1'
[2.802s] INFO:colcon.colcon_core.shell:Creating package descriptor '/root/ros_ws/src/Rescue_Car_ws/install/test_msgs/share/test_msgs/package.dsv'
[2.803s] INFO:colcon.colcon_core.shell:Creating package script '/root/ros_ws/src/Rescue_Car_ws/install/test_msgs/share/test_msgs/package.sh'
[2.803s] INFO:colcon.colcon_core.shell:Creating package script '/root/ros_ws/src/Rescue_Car_ws/install/test_msgs/share/test_msgs/package.bash'
[2.803s] INFO:colcon.colcon_core.shell:Creating package script '/root/ros_ws/src/Rescue_Car_ws/install/test_msgs/share/test_msgs/package.zsh'
[2.804s] Level 1:colcon.colcon_core.environment:create_file_with_runtime_dependencies(/root/ros_ws/src/Rescue_Car_ws/install/test_msgs/share/colcon-core/packages/test_msgs)
[2.804s] Level 1:colcon.colcon_core.environment:create_environment_scripts_only(test_msgs)
[2.804s] Level 1:colcon.colcon_core.environment:checking '/root/ros_ws/src/Rescue_Car_ws/install/test_msgs' for CMake module files
[2.804s] Level 1:colcon.colcon_core.environment:checking '/root/ros_ws/src/Rescue_Car_ws/install/test_msgs' for CMake config files
[2.805s] Level 1:colcon.colcon_core.shell:create_environment_hook('test_msgs', 'cmake_prefix_path')
[2.805s] INFO:colcon.colcon_core.shell:Creating environment hook '/root/ros_ws/src/Rescue_Car_ws/install/test_msgs/share/test_msgs/hook/cmake_prefix_path.ps1'
[2.805s] INFO:colcon.colcon_core.shell:Creating environment descriptor '/root/ros_ws/src/Rescue_Car_ws/install/test_msgs/share/test_msgs/hook/cmake_prefix_path.dsv'
[2.805s] INFO:colcon.colcon_core.shell:Creating environment hook '/root/ros_ws/src/Rescue_Car_ws/install/test_msgs/share/test_msgs/hook/cmake_prefix_path.sh'
[2.806s] Level 1:colcon.colcon_core.environment:checking '/root/ros_ws/src/Rescue_Car_ws/install/test_msgs/lib'
[2.806s] Level 1:colcon.colcon_core.shell:create_environment_hook('test_msgs', 'ld_library_path_lib')
[2.806s] INFO:colcon.colcon_core.shell:Creating environment hook '/root/ros_ws/src/Rescue_Car_ws/install/test_msgs/share/test_msgs/hook/ld_library_path_lib.ps1'
[2.806s] INFO:colcon.colcon_core.shell:Creating environment descriptor '/root/ros_ws/src/Rescue_Car_ws/install/test_msgs/share/test_msgs/hook/ld_library_path_lib.dsv'
[2.806s] INFO:colcon.colcon_core.shell:Creating environment hook '/root/ros_ws/src/Rescue_Car_ws/install/test_msgs/share/test_msgs/hook/ld_library_path_lib.sh'
[2.807s] Level 1:colcon.colcon_core.environment:checking '/root/ros_ws/src/Rescue_Car_ws/install/test_msgs/bin'
[2.807s] Level 1:colcon.colcon_core.environment:checking '/root/ros_ws/src/Rescue_Car_ws/install/test_msgs/lib/pkgconfig/test_msgs.pc'
[2.807s] Level 1:colcon.colcon_core.environment:checking '/root/ros_ws/src/Rescue_Car_ws/install/test_msgs/lib/python3.10/site-packages'
[2.807s] Level 1:colcon.colcon_core.environment:checking '/root/ros_ws/src/Rescue_Car_ws/install/test_msgs/bin'
[2.807s] INFO:colcon.colcon_core.shell:Creating package script '/root/ros_ws/src/Rescue_Car_ws/install/test_msgs/share/test_msgs/package.ps1'
[2.808s] INFO:colcon.colcon_core.shell:Creating package descriptor '/root/ros_ws/src/Rescue_Car_ws/install/test_msgs/share/test_msgs/package.dsv'
[2.808s] INFO:colcon.colcon_core.shell:Creating package script '/root/ros_ws/src/Rescue_Car_ws/install/test_msgs/share/test_msgs/package.sh'
[2.808s] INFO:colcon.colcon_core.shell:Creating package script '/root/ros_ws/src/Rescue_Car_ws/install/test_msgs/share/test_msgs/package.bash'
[2.808s] INFO:colcon.colcon_core.shell:Creating package script '/root/ros_ws/src/Rescue_Car_ws/install/test_msgs/share/test_msgs/package.zsh'
[2.809s] Level 1:colcon.colcon_core.environment:create_file_with_runtime_dependencies(/root/ros_ws/src/Rescue_Car_ws/install/test_msgs/share/colcon-core/packages/test_msgs)
[2.810s] Level 1:colcon.colcon_core.environment:create_environment_scripts_only(example_interfaces)
[2.810s] Level 1:colcon.colcon_core.environment:checking '/root/ros_ws/src/Rescue_Car_ws/install/example_interfaces' for CMake module files
[2.811s] DEBUG:colcon.colcon_core.event_handler.log_command:Invoked command in '/root/ros_ws/src/Rescue_Car_ws/build/example_interfaces' returned '0': CMAKE_PREFIX_PATH=/root/ros_ws/src/Rescue_Car_ws/install/action_msgs:/root/ros_ws/src/Rescue_Car_ws/install/unique_identifier_msgs:/root/ros_ws/src/Rescue_Car_ws/install/builtin_interfaces:/root/ros_ws/src/Rescue_Car_ws/install/micro_ros_demos_rclc:/root/ros_ws/src/Rescue_Car_ws/install/common_interfaces:/root/ros_ws/src/Rescue_Car_ws/install/visualization_msgs:/root/ros_ws/src/Rescue_Car_ws/install/test_msgs:/root/ros_ws/src/Rescue_Car_ws/install/example_interfaces:/root/ros_ws/src/Rescue_Car_ws/install/trajectory_msgs:/root/ros_ws/src/Rescue_Car_ws/install/stereo_msgs:/root/ros_ws/src/Rescue_Car_ws/install/std_srvs:/root/ros_ws/src/Rescue_Car_ws/install/shape_msgs:/root/ros_ws/src/Rescue_Car_ws/install/sensor_msgs:/root/ros_ws/src/Rescue_Car_ws/install/nav_msgs:/root/ros_ws/src/Rescue_Car_ws/install/diagnostic_msgs:/root/ros_ws/src/Rescue_Car_ws/install/geometry_msgs:/root/ros_ws/src/Rescue_Car_ws/install/actionlib_msgs:/root/ros_ws/src/Rescue_Car_ws/install/std_msgs:/root/ros_ws/src/Rescue_Car_ws/install/statistics_msgs:/root/ros_ws/src/Rescue_Car_ws/install/rosidl_typesupport_microxrcedds_test_msg:/root/ros_ws/src/Rescue_Car_ws/install/rosidl_typesupport_microxrcedds_cpp_tests:/root/ros_ws/src/Rescue_Car_ws/install/rmw_microxrcedds:/root/ros_ws/src/Rescue_Car_ws/install/rosidl_typesupport_microxrcedds_cpp:/root/ros_ws/src/Rescue_Car_ws/install/rosidl_typesupport_microxrcedds_c_tests:/root/ros_ws/src/Rescue_Car_ws/install/rosidl_typesupport_microxrcedds_c:/root/ros_ws/src/Rescue_Car_ws/install/rosgraph_msgs:/root/ros_ws/src/Rescue_Car_ws/install/rclc_parameter:/root/ros_ws/src/Rescue_Car_ws/install/rclc:/root/ros_ws/src/Rescue_Car_ws/install/composition_interfaces:/root/ros_ws/src/Rescue_Car_ws/install/rcl_interfaces:/root/ros_ws/src/Rescue_Car_ws/install/microxrcedds_client:/root/ros_ws/src/Rescue_Car_ws/install/microcdr:/root/ros_ws/src/Rescue_Car_ws/install/micro_ros_utilities:/root/ros_ws/src/Rescue_Car_ws/install/micro_ros_setup:/root/ros_ws/src/Rescue_Car_ws/install/micro_ros_agent:/root/ros_ws/src/Rescue_Car_ws/install/micro_ros_msgs:/root/ros_ws/src/Rescue_Car_ws/install/lifecycle_msgs:/root/ros_ws/src/Rescue_Car_ws/install/complex_msgs:/root/ros_ws/src/Rescue_Car_ws/install/car:/root/ros_ws/src/Rescue_Car_ws/install/sensor_msgs_py:/opt/ros/humble LD_LIBRARY_PATH=/root/ros_ws/src/Rescue_Car_ws/install/action_msgs/lib:/root/ros_ws/src/Rescue_Car_ws/install/unique_identifier_msgs/lib:/root/ros_ws/src/Rescue_Car_ws/install/builtin_interfaces/lib:/root/ros_ws/src/Rescue_Car_ws/install/visualization_msgs/lib:/root/ros_ws/src/Rescue_Car_ws/install/test_msgs/lib:/root/ros_ws/src/Rescue_Car_ws/install/example_interfaces/lib:/root/ros_ws/src/Rescue_Car_ws/install/trajectory_msgs/lib:/root/ros_ws/src/Rescue_Car_ws/install/stereo_msgs/lib:/root/ros_ws/src/Rescue_Car_ws/install/std_srvs/lib:/root/ros_ws/src/Rescue_Car_ws/install/shape_msgs/lib:/root/ros_ws/src/Rescue_Car_ws/install/sensor_msgs/lib:/root/ros_ws/src/Rescue_Car_ws/install/nav_msgs/lib:/root/ros_ws/src/Rescue_Car_ws/install/diagnostic_msgs/lib:/root/ros_ws/src/Rescue_Car_ws/install/geometry_msgs/lib:/root/ros_ws/src/Rescue_Car_ws/install/actionlib_msgs/lib:/root/ros_ws/src/Rescue_Car_ws/install/std_msgs/lib:/root/ros_ws/src/Rescue_Car_ws/install/statistics_msgs/lib:/root/ros_ws/src/Rescue_Car_ws/install/rosidl_typesupport_microxrcedds_test_msg/lib:/root/ros_ws/src/Rescue_Car_ws/install/rmw_microxrcedds/lib:/root/ros_ws/src/Rescue_Car_ws/install/rosidl_typesupport_microxrcedds_cpp/lib:/root/ros_ws/src/Rescue_Car_ws/install/rosidl_typesupport_microxrcedds_c/lib:/root/ros_ws/src/Rescue_Car_ws/install/rosgraph_msgs/lib:/root/ros_ws/src/Rescue_Car_ws/install/rclc_parameter/lib:/root/ros_ws/src/Rescue_Car_ws/install/rclc/lib:/root/ros_ws/src/Rescue_Car_ws/install/composition_interfaces/lib:/root/ros_ws/src/Rescue_Car_ws/install/rcl_interfaces/lib:/root/ros_ws/src/Rescue_Car_ws/install/micro_ros_utilities/lib:/root/ros_ws/src/Rescue_Car_ws/install/micro_ros_agent/lib:/root/ros_ws/src/Rescue_Car_ws/install/micro_ros_msgs/lib:/root/ros_ws/src/Rescue_Car_ws/install/lifecycle_msgs/lib:/root/ros_ws/src/Rescue_Car_ws/install/complex_msgs/lib:/usr/lib/x86_64-linux-gnu/gazebo-11/plugins:/opt/ros/humble/opt/rviz_ogre_vendor/lib:/opt/ros/humble/lib/x86_64-linux-gnu:/opt/ros/humble/lib /usr/bin/cmake --install /root/ros_ws/src/Rescue_Car_ws/build/example_interfaces
[2.812s] Level 1:colcon.colcon_core.environment:checking '/root/ros_ws/src/Rescue_Car_ws/install/example_interfaces' for CMake config files
[2.813s] Level 1:colcon.colcon_core.shell:create_environment_hook('example_interfaces', 'cmake_prefix_path')
[2.813s] INFO:colcon.colcon_core.shell:Creating environment hook '/root/ros_ws/src/Rescue_Car_ws/install/example_interfaces/share/example_interfaces/hook/cmake_prefix_path.ps1'
[2.813s] INFO:colcon.colcon_core.shell:Creating environment descriptor '/root/ros_ws/src/Rescue_Car_ws/install/example_interfaces/share/example_interfaces/hook/cmake_prefix_path.dsv'
[2.814s] INFO:colcon.colcon_core.shell:Creating environment hook '/root/ros_ws/src/Rescue_Car_ws/install/example_interfaces/share/example_interfaces/hook/cmake_prefix_path.sh'
[2.814s] Level 1:colcon.colcon_core.environment:checking '/root/ros_ws/src/Rescue_Car_ws/install/example_interfaces/lib'
[2.814s] Level 1:colcon.colcon_core.shell:create_environment_hook('example_interfaces', 'ld_library_path_lib')
[2.814s] INFO:colcon.colcon_core.shell:Creating environment hook '/root/ros_ws/src/Rescue_Car_ws/install/example_interfaces/share/example_interfaces/hook/ld_library_path_lib.ps1'
[2.815s] INFO:colcon.colcon_core.shell:Creating environment descriptor '/root/ros_ws/src/Rescue_Car_ws/install/example_interfaces/share/example_interfaces/hook/ld_library_path_lib.dsv'
[2.815s] INFO:colcon.colcon_core.shell:Creating environment hook '/root/ros_ws/src/Rescue_Car_ws/install/example_interfaces/share/example_interfaces/hook/ld_library_path_lib.sh'
[2.815s] Level 1:colcon.colcon_core.environment:checking '/root/ros_ws/src/Rescue_Car_ws/install/example_interfaces/bin'
[2.815s] Level 1:colcon.colcon_core.environment:checking '/root/ros_ws/src/Rescue_Car_ws/install/example_interfaces/lib/pkgconfig/example_interfaces.pc'
[2.815s] Level 1:colcon.colcon_core.environment:checking '/root/ros_ws/src/Rescue_Car_ws/install/example_interfaces/lib/python3.10/site-packages'
[2.816s] Level 1:colcon.colcon_core.environment:checking '/root/ros_ws/src/Rescue_Car_ws/install/example_interfaces/bin'
[2.816s] INFO:colcon.colcon_core.shell:Creating package script '/root/ros_ws/src/Rescue_Car_ws/install/example_interfaces/share/example_interfaces/package.ps1'
[2.816s] INFO:colcon.colcon_core.shell:Creating package descriptor '/root/ros_ws/src/Rescue_Car_ws/install/example_interfaces/share/example_interfaces/package.dsv'
[2.817s] INFO:colcon.colcon_core.shell:Creating package script '/root/ros_ws/src/Rescue_Car_ws/install/example_interfaces/share/example_interfaces/package.sh'
[2.817s] INFO:colcon.colcon_core.shell:Creating package script '/root/ros_ws/src/Rescue_Car_ws/install/example_interfaces/share/example_interfaces/package.bash'
[2.817s] INFO:colcon.colcon_core.shell:Creating package script '/root/ros_ws/src/Rescue_Car_ws/install/example_interfaces/share/example_interfaces/package.zsh'
[2.818s] Level 1:colcon.colcon_core.environment:create_file_with_runtime_dependencies(/root/ros_ws/src/Rescue_Car_ws/install/example_interfaces/share/colcon-core/packages/example_interfaces)
[2.818s] Level 1:colcon.colcon_core.environment:create_environment_scripts_only(example_interfaces)
[2.818s] Level 1:colcon.colcon_core.environment:checking '/root/ros_ws/src/Rescue_Car_ws/install/example_interfaces' for CMake module files
[2.818s] Level 1:colcon.colcon_core.environment:checking '/root/ros_ws/src/Rescue_Car_ws/install/example_interfaces' for CMake config files
[2.819s] Level 1:colcon.colcon_core.shell:create_environment_hook('example_interfaces', 'cmake_prefix_path')
[2.819s] INFO:colcon.colcon_core.shell:Creating environment hook '/root/ros_ws/src/Rescue_Car_ws/install/example_interfaces/share/example_interfaces/hook/cmake_prefix_path.ps1'
[2.820s] INFO:colcon.colcon_core.shell:Creating environment descriptor '/root/ros_ws/src/Rescue_Car_ws/install/example_interfaces/share/example_interfaces/hook/cmake_prefix_path.dsv'
[2.820s] INFO:colcon.colcon_core.shell:Creating environment hook '/root/ros_ws/src/Rescue_Car_ws/install/example_interfaces/share/example_interfaces/hook/cmake_prefix_path.sh'
[2.820s] Level 1:colcon.colcon_core.environment:checking '/root/ros_ws/src/Rescue_Car_ws/install/example_interfaces/lib'
[2.820s] Level 1:colcon.colcon_core.shell:create_environment_hook('example_interfaces', 'ld_library_path_lib')
[2.821s] INFO:colcon.colcon_core.shell:Creating environment hook '/root/ros_ws/src/Rescue_Car_ws/install/example_interfaces/share/example_interfaces/hook/ld_library_path_lib.ps1'
[2.821s] INFO:colcon.colcon_core.shell:Creating environment descriptor '/root/ros_ws/src/Rescue_Car_ws/install/example_interfaces/share/example_interfaces/hook/ld_library_path_lib.dsv'
[2.821s] INFO:colcon.colcon_core.shell:Creating environment hook '/root/ros_ws/src/Rescue_Car_ws/install/example_interfaces/share/example_interfaces/hook/ld_library_path_lib.sh'
[2.821s] Level 1:colcon.colcon_core.environment:checking '/root/ros_ws/src/Rescue_Car_ws/install/example_interfaces/bin'
[2.822s] Level 1:colcon.colcon_core.environment:checking '/root/ros_ws/src/Rescue_Car_ws/install/example_interfaces/lib/pkgconfig/example_interfaces.pc'
[2.822s] Level 1:colcon.colcon_core.environment:checking '/root/ros_ws/src/Rescue_Car_ws/install/example_interfaces/lib/python3.10/site-packages'
[2.822s] Level 1:colcon.colcon_core.environment:checking '/root/ros_ws/src/Rescue_Car_ws/install/example_interfaces/bin'
[2.822s] INFO:colcon.colcon_core.shell:Creating package script '/root/ros_ws/src/Rescue_Car_ws/install/example_interfaces/share/example_interfaces/package.ps1'
[2.823s] INFO:colcon.colcon_core.shell:Creating package descriptor '/root/ros_ws/src/Rescue_Car_ws/install/example_interfaces/share/example_interfaces/package.dsv'
[2.823s] INFO:colcon.colcon_core.shell:Creating package script '/root/ros_ws/src/Rescue_Car_ws/install/example_interfaces/share/example_interfaces/package.sh'
[2.824s] INFO:colcon.colcon_core.shell:Creating package script '/root/ros_ws/src/Rescue_Car_ws/install/example_interfaces/share/example_interfaces/package.bash'
[2.824s] INFO:colcon.colcon_core.shell:Creating package script '/root/ros_ws/src/Rescue_Car_ws/install/example_interfaces/share/example_interfaces/package.zsh'
[2.824s] Level 1:colcon.colcon_core.environment:create_file_with_runtime_dependencies(/root/ros_ws/src/Rescue_Car_ws/install/example_interfaces/share/colcon-core/packages/example_interfaces)
[2.824s] INFO:colcon.colcon_ros.task.ament_cmake.build:Building ROS package in '/root/ros_ws/src/Rescue_Car_ws/src/microros/src/uros/rclc/rclc' with build type 'ament_cmake'
[2.825s] INFO:colcon.colcon_cmake.task.cmake.build:Building CMake package in '/root/ros_ws/src/Rescue_Car_ws/src/microros/src/uros/rclc/rclc'
[2.825s] INFO:colcon.colcon_core.shell:Skip shell extension 'powershell' for command environment: Not usable outside of PowerShell
[2.825s] DEBUG:colcon.colcon_core.shell:Skip shell extension 'dsv' for command environment
[2.847s] DEBUG:colcon.colcon_core.event_handler.log_command:Invoking command in '/root/ros_ws/src/Rescue_Car_ws/build/rosidl_typesupport_microxrcedds_test_msg': CMAKE_PREFIX_PATH=/root/ros_ws/src/Rescue_Car_ws/install/rmw_microxrcedds:/root/ros_ws/src/Rescue_Car_ws/install/rosidl_typesupport_microxrcedds_cpp:/root/ros_ws/src/Rescue_Car_ws/install/rosidl_typesupport_microxrcedds_c:/root/ros_ws/src/Rescue_Car_ws/install/microxrcedds_client:/root/ros_ws/src/Rescue_Car_ws/install/microcdr:/root/ros_ws/src/Rescue_Car_ws/install/micro_ros_msgs:/root/ros_ws/src/Rescue_Car_ws/install/builtin_interfaces:/root/ros_ws/src/Rescue_Car_ws/install/micro_ros_demos_rclc:/root/ros_ws/src/Rescue_Car_ws/install/common_interfaces:/root/ros_ws/src/Rescue_Car_ws/install/visualization_msgs:/root/ros_ws/src/Rescue_Car_ws/install/test_msgs:/root/ros_ws/src/Rescue_Car_ws/install/example_interfaces:/root/ros_ws/src/Rescue_Car_ws/install/action_msgs:/root/ros_ws/src/Rescue_Car_ws/install/unique_identifier_msgs:/root/ros_ws/src/Rescue_Car_ws/install/trajectory_msgs:/root/ros_ws/src/Rescue_Car_ws/install/stereo_msgs:/root/ros_ws/src/Rescue_Car_ws/install/std_srvs:/root/ros_ws/src/Rescue_Car_ws/install/shape_msgs:/root/ros_ws/src/Rescue_Car_ws/install/sensor_msgs:/root/ros_ws/src/Rescue_Car_ws/install/nav_msgs:/root/ros_ws/src/Rescue_Car_ws/install/diagnostic_msgs:/root/ros_ws/src/Rescue_Car_ws/install/geometry_msgs:/root/ros_ws/src/Rescue_Car_ws/install/actionlib_msgs:/root/ros_ws/src/Rescue_Car_ws/install/std_msgs:/root/ros_ws/src/Rescue_Car_ws/install/statistics_msgs:/root/ros_ws/src/Rescue_Car_ws/install/rosidl_typesupport_microxrcedds_test_msg:/root/ros_ws/src/Rescue_Car_ws/install/rosidl_typesupport_microxrcedds_cpp_tests:/root/ros_ws/src/Rescue_Car_ws/install/rosidl_typesupport_microxrcedds_c_tests:/root/ros_ws/src/Rescue_Car_ws/install/rosgraph_msgs:/root/ros_ws/src/Rescue_Car_ws/install/rclc_parameter:/root/ros_ws/src/Rescue_Car_ws/install/rclc:/root/ros_ws/src/Rescue_Car_ws/install/composition_interfaces:/root/ros_ws/src/Rescue_Car_ws/install/rcl_interfaces:/root/ros_ws/src/Rescue_Car_ws/install/micro_ros_utilities:/root/ros_ws/src/Rescue_Car_ws/install/micro_ros_setup:/root/ros_ws/src/Rescue_Car_ws/install/micro_ros_agent:/root/ros_ws/src/Rescue_Car_ws/install/lifecycle_msgs:/root/ros_ws/src/Rescue_Car_ws/install/complex_msgs:/root/ros_ws/src/Rescue_Car_ws/install/car:/root/ros_ws/src/Rescue_Car_ws/install/sensor_msgs_py:/opt/ros/humble LD_LIBRARY_PATH=/root/ros_ws/src/Rescue_Car_ws/install/rmw_microxrcedds/lib:/root/ros_ws/src/Rescue_Car_ws/install/micro_ros_msgs/lib:/root/ros_ws/src/Rescue_Car_ws/install/builtin_interfaces/lib:/root/ros_ws/src/Rescue_Car_ws/install/visualization_msgs/lib:/root/ros_ws/src/Rescue_Car_ws/install/test_msgs/lib:/root/ros_ws/src/Rescue_Car_ws/install/example_interfaces/lib:/root/ros_ws/src/Rescue_Car_ws/install/action_msgs/lib:/root/ros_ws/src/Rescue_Car_ws/install/unique_identifier_msgs/lib:/root/ros_ws/src/Rescue_Car_ws/install/trajectory_msgs/lib:/root/ros_ws/src/Rescue_Car_ws/install/stereo_msgs/lib:/root/ros_ws/src/Rescue_Car_ws/install/std_srvs/lib:/root/ros_ws/src/Rescue_Car_ws/install/shape_msgs/lib:/root/ros_ws/src/Rescue_Car_ws/install/sensor_msgs/lib:/root/ros_ws/src/Rescue_Car_ws/install/nav_msgs/lib:/root/ros_ws/src/Rescue_Car_ws/install/diagnostic_msgs/lib:/root/ros_ws/src/Rescue_Car_ws/install/geometry_msgs/lib:/root/ros_ws/src/Rescue_Car_ws/install/actionlib_msgs/lib:/root/ros_ws/src/Rescue_Car_ws/install/std_msgs/lib:/root/ros_ws/src/Rescue_Car_ws/install/statistics_msgs/lib:/root/ros_ws/src/Rescue_Car_ws/install/rosidl_typesupport_microxrcedds_test_msg/lib:/root/ros_ws/src/Rescue_Car_ws/install/rosidl_typesupport_microxrcedds_cpp/lib:/root/ros_ws/src/Rescue_Car_ws/install/rosidl_typesupport_microxrcedds_c/lib:/root/ros_ws/src/Rescue_Car_ws/install/rosgraph_msgs/lib:/root/ros_ws/src/Rescue_Car_ws/install/rclc_parameter/lib:/root/ros_ws/src/Rescue_Car_ws/install/rclc/lib:/root/ros_ws/src/Rescue_Car_ws/install/composition_interfaces/lib:/root/ros_ws/src/Rescue_Car_ws/install/rcl_interfaces/lib:/root/ros_ws/src/Rescue_Car_ws/install/micro_ros_utilities/lib:/root/ros_ws/src/Rescue_Car_ws/install/micro_ros_agent/lib:/root/ros_ws/src/Rescue_Car_ws/install/lifecycle_msgs/lib:/root/ros_ws/src/Rescue_Car_ws/install/complex_msgs/lib:/usr/lib/x86_64-linux-gnu/gazebo-11/plugins:/opt/ros/humble/opt/rviz_ogre_vendor/lib:/opt/ros/humble/lib/x86_64-linux-gnu:/opt/ros/humble/lib /usr/bin/cmake --build /root/ros_ws/src/Rescue_Car_ws/build/rosidl_typesupport_microxrcedds_test_msg -- -j20 -l20
[2.862s] DEBUG:colcon.colcon_core.event_handler.log_command:Invoking command in '/root/ros_ws/src/Rescue_Car_ws/build/sensor_msgs': CMAKE_PREFIX_PATH=/root/ros_ws/src/Rescue_Car_ws/install/geometry_msgs:/root/ros_ws/src/Rescue_Car_ws/install/std_msgs:/root/ros_ws/src/Rescue_Car_ws/install/builtin_interfaces:/root/ros_ws/src/Rescue_Car_ws/install/micro_ros_demos_rclc:/root/ros_ws/src/Rescue_Car_ws/install/common_interfaces:/root/ros_ws/src/Rescue_Car_ws/install/visualization_msgs:/root/ros_ws/src/Rescue_Car_ws/install/test_msgs:/root/ros_ws/src/Rescue_Car_ws/install/example_interfaces:/root/ros_ws/src/Rescue_Car_ws/install/action_msgs:/root/ros_ws/src/Rescue_Car_ws/install/unique_identifier_msgs:/root/ros_ws/src/Rescue_Car_ws/install/trajectory_msgs:/root/ros_ws/src/Rescue_Car_ws/install/stereo_msgs:/root/ros_ws/src/Rescue_Car_ws/install/std_srvs:/root/ros_ws/src/Rescue_Car_ws/install/shape_msgs:/root/ros_ws/src/Rescue_Car_ws/install/sensor_msgs:/root/ros_ws/src/Rescue_Car_ws/install/nav_msgs:/root/ros_ws/src/Rescue_Car_ws/install/diagnostic_msgs:/root/ros_ws/src/Rescue_Car_ws/install/actionlib_msgs:/root/ros_ws/src/Rescue_Car_ws/install/statistics_msgs:/root/ros_ws/src/Rescue_Car_ws/install/rosidl_typesupport_microxrcedds_test_msg:/root/ros_ws/src/Rescue_Car_ws/install/rosidl_typesupport_microxrcedds_cpp_tests:/root/ros_ws/src/Rescue_Car_ws/install/rmw_microxrcedds:/root/ros_ws/src/Rescue_Car_ws/install/rosidl_typesupport_microxrcedds_cpp:/root/ros_ws/src/Rescue_Car_ws/install/rosidl_typesupport_microxrcedds_c_tests:/root/ros_ws/src/Rescue_Car_ws/install/rosidl_typesupport_microxrcedds_c:/root/ros_ws/src/Rescue_Car_ws/install/rosgraph_msgs:/root/ros_ws/src/Rescue_Car_ws/install/rclc_parameter:/root/ros_ws/src/Rescue_Car_ws/install/rclc:/root/ros_ws/src/Rescue_Car_ws/install/composition_interfaces:/root/ros_ws/src/Rescue_Car_ws/install/rcl_interfaces:/root/ros_ws/src/Rescue_Car_ws/install/microxrcedds_client:/root/ros_ws/src/Rescue_Car_ws/install/microcdr:/root/ros_ws/src/Rescue_Car_ws/install/micro_ros_utilities:/root/ros_ws/src/Rescue_Car_ws/install/micro_ros_setup:/root/ros_ws/src/Rescue_Car_ws/install/micro_ros_agent:/root/ros_ws/src/Rescue_Car_ws/install/micro_ros_msgs:/root/ros_ws/src/Rescue_Car_ws/install/lifecycle_msgs:/root/ros_ws/src/Rescue_Car_ws/install/complex_msgs:/root/ros_ws/src/Rescue_Car_ws/install/car:/root/ros_ws/src/Rescue_Car_ws/install/sensor_msgs_py:/opt/ros/humble LD_LIBRARY_PATH=/root/ros_ws/src/Rescue_Car_ws/install/geometry_msgs/lib:/root/ros_ws/src/Rescue_Car_ws/install/std_msgs/lib:/root/ros_ws/src/Rescue_Car_ws/install/builtin_interfaces/lib:/root/ros_ws/src/Rescue_Car_ws/install/visualization_msgs/lib:/root/ros_ws/src/Rescue_Car_ws/install/test_msgs/lib:/root/ros_ws/src/Rescue_Car_ws/install/example_interfaces/lib:/root/ros_ws/src/Rescue_Car_ws/install/action_msgs/lib:/root/ros_ws/src/Rescue_Car_ws/install/unique_identifier_msgs/lib:/root/ros_ws/src/Rescue_Car_ws/install/trajectory_msgs/lib:/root/ros_ws/src/Rescue_Car_ws/install/stereo_msgs/lib:/root/ros_ws/src/Rescue_Car_ws/install/std_srvs/lib:/root/ros_ws/src/Rescue_Car_ws/install/shape_msgs/lib:/root/ros_ws/src/Rescue_Car_ws/install/sensor_msgs/lib:/root/ros_ws/src/Rescue_Car_ws/install/nav_msgs/lib:/root/ros_ws/src/Rescue_Car_ws/install/diagnostic_msgs/lib:/root/ros_ws/src/Rescue_Car_ws/install/actionlib_msgs/lib:/root/ros_ws/src/Rescue_Car_ws/install/statistics_msgs/lib:/root/ros_ws/src/Rescue_Car_ws/install/rosidl_typesupport_microxrcedds_test_msg/lib:/root/ros_ws/src/Rescue_Car_ws/install/rmw_microxrcedds/lib:/root/ros_ws/src/Rescue_Car_ws/install/rosidl_typesupport_microxrcedds_cpp/lib:/root/ros_ws/src/Rescue_Car_ws/install/rosidl_typesupport_microxrcedds_c/lib:/root/ros_ws/src/Rescue_Car_ws/install/rosgraph_msgs/lib:/root/ros_ws/src/Rescue_Car_ws/install/rclc_parameter/lib:/root/ros_ws/src/Rescue_Car_ws/install/rclc/lib:/root/ros_ws/src/Rescue_Car_ws/install/composition_interfaces/lib:/root/ros_ws/src/Rescue_Car_ws/install/rcl_interfaces/lib:/root/ros_ws/src/Rescue_Car_ws/install/micro_ros_utilities/lib:/root/ros_ws/src/Rescue_Car_ws/install/micro_ros_agent/lib:/root/ros_ws/src/Rescue_Car_ws/install/micro_ros_msgs/lib:/root/ros_ws/src/Rescue_Car_ws/install/lifecycle_msgs/lib:/root/ros_ws/src/Rescue_Car_ws/install/complex_msgs/lib:/usr/lib/x86_64-linux-gnu/gazebo-11/plugins:/opt/ros/humble/opt/rviz_ogre_vendor/lib:/opt/ros/humble/lib/x86_64-linux-gnu:/opt/ros/humble/lib /usr/bin/cmake --build /root/ros_ws/src/Rescue_Car_ws/build/sensor_msgs -- -j20 -l20
[2.864s] DEBUG:colcon.colcon_core.event_handler.log_command:Invoking command in '/root/ros_ws/src/Rescue_Car_ws/build/diagnostic_msgs': CMAKE_PREFIX_PATH=/root/ros_ws/src/Rescue_Car_ws/install/geometry_msgs:/root/ros_ws/src/Rescue_Car_ws/install/std_msgs:/root/ros_ws/src/Rescue_Car_ws/install/builtin_interfaces:/root/ros_ws/src/Rescue_Car_ws/install/micro_ros_demos_rclc:/root/ros_ws/src/Rescue_Car_ws/install/common_interfaces:/root/ros_ws/src/Rescue_Car_ws/install/visualization_msgs:/root/ros_ws/src/Rescue_Car_ws/install/test_msgs:/root/ros_ws/src/Rescue_Car_ws/install/example_interfaces:/root/ros_ws/src/Rescue_Car_ws/install/action_msgs:/root/ros_ws/src/Rescue_Car_ws/install/unique_identifier_msgs:/root/ros_ws/src/Rescue_Car_ws/install/trajectory_msgs:/root/ros_ws/src/Rescue_Car_ws/install/stereo_msgs:/root/ros_ws/src/Rescue_Car_ws/install/std_srvs:/root/ros_ws/src/Rescue_Car_ws/install/shape_msgs:/root/ros_ws/src/Rescue_Car_ws/install/sensor_msgs:/root/ros_ws/src/Rescue_Car_ws/install/nav_msgs:/root/ros_ws/src/Rescue_Car_ws/install/diagnostic_msgs:/root/ros_ws/src/Rescue_Car_ws/install/actionlib_msgs:/root/ros_ws/src/Rescue_Car_ws/install/statistics_msgs:/root/ros_ws/src/Rescue_Car_ws/install/rosidl_typesupport_microxrcedds_test_msg:/root/ros_ws/src/Rescue_Car_ws/install/rosidl_typesupport_microxrcedds_cpp_tests:/root/ros_ws/src/Rescue_Car_ws/install/rmw_microxrcedds:/root/ros_ws/src/Rescue_Car_ws/install/rosidl_typesupport_microxrcedds_cpp:/root/ros_ws/src/Rescue_Car_ws/install/rosidl_typesupport_microxrcedds_c_tests:/root/ros_ws/src/Rescue_Car_ws/install/rosidl_typesupport_microxrcedds_c:/root/ros_ws/src/Rescue_Car_ws/install/rosgraph_msgs:/root/ros_ws/src/Rescue_Car_ws/install/rclc_parameter:/root/ros_ws/src/Rescue_Car_ws/install/rclc:/root/ros_ws/src/Rescue_Car_ws/install/composition_interfaces:/root/ros_ws/src/Rescue_Car_ws/install/rcl_interfaces:/root/ros_ws/src/Rescue_Car_ws/install/microxrcedds_client:/root/ros_ws/src/Rescue_Car_ws/install/microcdr:/root/ros_ws/src/Rescue_Car_ws/install/micro_ros_utilities:/root/ros_ws/src/Rescue_Car_ws/install/micro_ros_setup:/root/ros_ws/src/Rescue_Car_ws/install/micro_ros_agent:/root/ros_ws/src/Rescue_Car_ws/install/micro_ros_msgs:/root/ros_ws/src/Rescue_Car_ws/install/lifecycle_msgs:/root/ros_ws/src/Rescue_Car_ws/install/complex_msgs:/root/ros_ws/src/Rescue_Car_ws/install/car:/root/ros_ws/src/Rescue_Car_ws/install/sensor_msgs_py:/opt/ros/humble LD_LIBRARY_PATH=/root/ros_ws/src/Rescue_Car_ws/install/geometry_msgs/lib:/root/ros_ws/src/Rescue_Car_ws/install/std_msgs/lib:/root/ros_ws/src/Rescue_Car_ws/install/builtin_interfaces/lib:/root/ros_ws/src/Rescue_Car_ws/install/visualization_msgs/lib:/root/ros_ws/src/Rescue_Car_ws/install/test_msgs/lib:/root/ros_ws/src/Rescue_Car_ws/install/example_interfaces/lib:/root/ros_ws/src/Rescue_Car_ws/install/action_msgs/lib:/root/ros_ws/src/Rescue_Car_ws/install/unique_identifier_msgs/lib:/root/ros_ws/src/Rescue_Car_ws/install/trajectory_msgs/lib:/root/ros_ws/src/Rescue_Car_ws/install/stereo_msgs/lib:/root/ros_ws/src/Rescue_Car_ws/install/std_srvs/lib:/root/ros_ws/src/Rescue_Car_ws/install/shape_msgs/lib:/root/ros_ws/src/Rescue_Car_ws/install/sensor_msgs/lib:/root/ros_ws/src/Rescue_Car_ws/install/nav_msgs/lib:/root/ros_ws/src/Rescue_Car_ws/install/diagnostic_msgs/lib:/root/ros_ws/src/Rescue_Car_ws/install/actionlib_msgs/lib:/root/ros_ws/src/Rescue_Car_ws/install/statistics_msgs/lib:/root/ros_ws/src/Rescue_Car_ws/install/rosidl_typesupport_microxrcedds_test_msg/lib:/root/ros_ws/src/Rescue_Car_ws/install/rmw_microxrcedds/lib:/root/ros_ws/src/Rescue_Car_ws/install/rosidl_typesupport_microxrcedds_cpp/lib:/root/ros_ws/src/Rescue_Car_ws/install/rosidl_typesupport_microxrcedds_c/lib:/root/ros_ws/src/Rescue_Car_ws/install/rosgraph_msgs/lib:/root/ros_ws/src/Rescue_Car_ws/install/rclc_parameter/lib:/root/ros_ws/src/Rescue_Car_ws/install/rclc/lib:/root/ros_ws/src/Rescue_Car_ws/install/composition_interfaces/lib:/root/ros_ws/src/Rescue_Car_ws/install/rcl_interfaces/lib:/root/ros_ws/src/Rescue_Car_ws/install/micro_ros_utilities/lib:/root/ros_ws/src/Rescue_Car_ws/install/micro_ros_agent/lib:/root/ros_ws/src/Rescue_Car_ws/install/micro_ros_msgs/lib:/root/ros_ws/src/Rescue_Car_ws/install/lifecycle_msgs/lib:/root/ros_ws/src/Rescue_Car_ws/install/complex_msgs/lib:/usr/lib/x86_64-linux-gnu/gazebo-11/plugins:/opt/ros/humble/opt/rviz_ogre_vendor/lib:/opt/ros/humble/lib/x86_64-linux-gnu:/opt/ros/humble/lib /usr/bin/cmake --build /root/ros_ws/src/Rescue_Car_ws/build/diagnostic_msgs -- -j20 -l20
[2.878s] DEBUG:colcon.colcon_core.event_handler.log_command:Invoking command in '/root/ros_ws/src/Rescue_Car_ws/build/nav_msgs': CMAKE_PREFIX_PATH=/root/ros_ws/src/Rescue_Car_ws/install/geometry_msgs:/root/ros_ws/src/Rescue_Car_ws/install/std_msgs:/root/ros_ws/src/Rescue_Car_ws/install/builtin_interfaces:/root/ros_ws/src/Rescue_Car_ws/install/micro_ros_demos_rclc:/root/ros_ws/src/Rescue_Car_ws/install/common_interfaces:/root/ros_ws/src/Rescue_Car_ws/install/visualization_msgs:/root/ros_ws/src/Rescue_Car_ws/install/test_msgs:/root/ros_ws/src/Rescue_Car_ws/install/example_interfaces:/root/ros_ws/src/Rescue_Car_ws/install/action_msgs:/root/ros_ws/src/Rescue_Car_ws/install/unique_identifier_msgs:/root/ros_ws/src/Rescue_Car_ws/install/trajectory_msgs:/root/ros_ws/src/Rescue_Car_ws/install/stereo_msgs:/root/ros_ws/src/Rescue_Car_ws/install/std_srvs:/root/ros_ws/src/Rescue_Car_ws/install/shape_msgs:/root/ros_ws/src/Rescue_Car_ws/install/sensor_msgs:/root/ros_ws/src/Rescue_Car_ws/install/nav_msgs:/root/ros_ws/src/Rescue_Car_ws/install/diagnostic_msgs:/root/ros_ws/src/Rescue_Car_ws/install/actionlib_msgs:/root/ros_ws/src/Rescue_Car_ws/install/statistics_msgs:/root/ros_ws/src/Rescue_Car_ws/install/rosidl_typesupport_microxrcedds_test_msg:/root/ros_ws/src/Rescue_Car_ws/install/rosidl_typesupport_microxrcedds_cpp_tests:/root/ros_ws/src/Rescue_Car_ws/install/rmw_microxrcedds:/root/ros_ws/src/Rescue_Car_ws/install/rosidl_typesupport_microxrcedds_cpp:/root/ros_ws/src/Rescue_Car_ws/install/rosidl_typesupport_microxrcedds_c_tests:/root/ros_ws/src/Rescue_Car_ws/install/rosidl_typesupport_microxrcedds_c:/root/ros_ws/src/Rescue_Car_ws/install/rosgraph_msgs:/root/ros_ws/src/Rescue_Car_ws/install/rclc_parameter:/root/ros_ws/src/Rescue_Car_ws/install/rclc:/root/ros_ws/src/Rescue_Car_ws/install/composition_interfaces:/root/ros_ws/src/Rescue_Car_ws/install/rcl_interfaces:/root/ros_ws/src/Rescue_Car_ws/install/microxrcedds_client:/root/ros_ws/src/Rescue_Car_ws/install/microcdr:/root/ros_ws/src/Rescue_Car_ws/install/micro_ros_utilities:/root/ros_ws/src/Rescue_Car_ws/install/micro_ros_setup:/root/ros_ws/src/Rescue_Car_ws/install/micro_ros_agent:/root/ros_ws/src/Rescue_Car_ws/install/micro_ros_msgs:/root/ros_ws/src/Rescue_Car_ws/install/lifecycle_msgs:/root/ros_ws/src/Rescue_Car_ws/install/complex_msgs:/root/ros_ws/src/Rescue_Car_ws/install/car:/root/ros_ws/src/Rescue_Car_ws/install/sensor_msgs_py:/opt/ros/humble LD_LIBRARY_PATH=/root/ros_ws/src/Rescue_Car_ws/install/geometry_msgs/lib:/root/ros_ws/src/Rescue_Car_ws/install/std_msgs/lib:/root/ros_ws/src/Rescue_Car_ws/install/builtin_interfaces/lib:/root/ros_ws/src/Rescue_Car_ws/install/visualization_msgs/lib:/root/ros_ws/src/Rescue_Car_ws/install/test_msgs/lib:/root/ros_ws/src/Rescue_Car_ws/install/example_interfaces/lib:/root/ros_ws/src/Rescue_Car_ws/install/action_msgs/lib:/root/ros_ws/src/Rescue_Car_ws/install/unique_identifier_msgs/lib:/root/ros_ws/src/Rescue_Car_ws/install/trajectory_msgs/lib:/root/ros_ws/src/Rescue_Car_ws/install/stereo_msgs/lib:/root/ros_ws/src/Rescue_Car_ws/install/std_srvs/lib:/root/ros_ws/src/Rescue_Car_ws/install/shape_msgs/lib:/root/ros_ws/src/Rescue_Car_ws/install/sensor_msgs/lib:/root/ros_ws/src/Rescue_Car_ws/install/nav_msgs/lib:/root/ros_ws/src/Rescue_Car_ws/install/diagnostic_msgs/lib:/root/ros_ws/src/Rescue_Car_ws/install/actionlib_msgs/lib:/root/ros_ws/src/Rescue_Car_ws/install/statistics_msgs/lib:/root/ros_ws/src/Rescue_Car_ws/install/rosidl_typesupport_microxrcedds_test_msg/lib:/root/ros_ws/src/Rescue_Car_ws/install/rmw_microxrcedds/lib:/root/ros_ws/src/Rescue_Car_ws/install/rosidl_typesupport_microxrcedds_cpp/lib:/root/ros_ws/src/Rescue_Car_ws/install/rosidl_typesupport_microxrcedds_c/lib:/root/ros_ws/src/Rescue_Car_ws/install/rosgraph_msgs/lib:/root/ros_ws/src/Rescue_Car_ws/install/rclc_parameter/lib:/root/ros_ws/src/Rescue_Car_ws/install/rclc/lib:/root/ros_ws/src/Rescue_Car_ws/install/composition_interfaces/lib:/root/ros_ws/src/Rescue_Car_ws/install/rcl_interfaces/lib:/root/ros_ws/src/Rescue_Car_ws/install/micro_ros_utilities/lib:/root/ros_ws/src/Rescue_Car_ws/install/micro_ros_agent/lib:/root/ros_ws/src/Rescue_Car_ws/install/micro_ros_msgs/lib:/root/ros_ws/src/Rescue_Car_ws/install/lifecycle_msgs/lib:/root/ros_ws/src/Rescue_Car_ws/install/complex_msgs/lib:/usr/lib/x86_64-linux-gnu/gazebo-11/plugins:/opt/ros/humble/opt/rviz_ogre_vendor/lib:/opt/ros/humble/lib/x86_64-linux-gnu:/opt/ros/humble/lib /usr/bin/cmake --build /root/ros_ws/src/Rescue_Car_ws/build/nav_msgs -- -j20 -l20
[2.898s] DEBUG:colcon.colcon_core.event_handler.log_command:Invoking command in '/root/ros_ws/src/Rescue_Car_ws/build/trajectory_msgs': CMAKE_PREFIX_PATH=/root/ros_ws/src/Rescue_Car_ws/install/geometry_msgs:/root/ros_ws/src/Rescue_Car_ws/install/std_msgs:/root/ros_ws/src/Rescue_Car_ws/install/builtin_interfaces:/root/ros_ws/src/Rescue_Car_ws/install/micro_ros_demos_rclc:/root/ros_ws/src/Rescue_Car_ws/install/common_interfaces:/root/ros_ws/src/Rescue_Car_ws/install/visualization_msgs:/root/ros_ws/src/Rescue_Car_ws/install/test_msgs:/root/ros_ws/src/Rescue_Car_ws/install/example_interfaces:/root/ros_ws/src/Rescue_Car_ws/install/action_msgs:/root/ros_ws/src/Rescue_Car_ws/install/unique_identifier_msgs:/root/ros_ws/src/Rescue_Car_ws/install/trajectory_msgs:/root/ros_ws/src/Rescue_Car_ws/install/stereo_msgs:/root/ros_ws/src/Rescue_Car_ws/install/std_srvs:/root/ros_ws/src/Rescue_Car_ws/install/shape_msgs:/root/ros_ws/src/Rescue_Car_ws/install/sensor_msgs:/root/ros_ws/src/Rescue_Car_ws/install/nav_msgs:/root/ros_ws/src/Rescue_Car_ws/install/diagnostic_msgs:/root/ros_ws/src/Rescue_Car_ws/install/actionlib_msgs:/root/ros_ws/src/Rescue_Car_ws/install/statistics_msgs:/root/ros_ws/src/Rescue_Car_ws/install/rosidl_typesupport_microxrcedds_test_msg:/root/ros_ws/src/Rescue_Car_ws/install/rosidl_typesupport_microxrcedds_cpp_tests:/root/ros_ws/src/Rescue_Car_ws/install/rmw_microxrcedds:/root/ros_ws/src/Rescue_Car_ws/install/rosidl_typesupport_microxrcedds_cpp:/root/ros_ws/src/Rescue_Car_ws/install/rosidl_typesupport_microxrcedds_c_tests:/root/ros_ws/src/Rescue_Car_ws/install/rosidl_typesupport_microxrcedds_c:/root/ros_ws/src/Rescue_Car_ws/install/rosgraph_msgs:/root/ros_ws/src/Rescue_Car_ws/install/rclc_parameter:/root/ros_ws/src/Rescue_Car_ws/install/rclc:/root/ros_ws/src/Rescue_Car_ws/install/composition_interfaces:/root/ros_ws/src/Rescue_Car_ws/install/rcl_interfaces:/root/ros_ws/src/Rescue_Car_ws/install/microxrcedds_client:/root/ros_ws/src/Rescue_Car_ws/install/microcdr:/root/ros_ws/src/Rescue_Car_ws/install/micro_ros_utilities:/root/ros_ws/src/Rescue_Car_ws/install/micro_ros_setup:/root/ros_ws/src/Rescue_Car_ws/install/micro_ros_agent:/root/ros_ws/src/Rescue_Car_ws/install/micro_ros_msgs:/root/ros_ws/src/Rescue_Car_ws/install/lifecycle_msgs:/root/ros_ws/src/Rescue_Car_ws/install/complex_msgs:/root/ros_ws/src/Rescue_Car_ws/install/car:/root/ros_ws/src/Rescue_Car_ws/install/sensor_msgs_py:/opt/ros/humble LD_LIBRARY_PATH=/root/ros_ws/src/Rescue_Car_ws/install/geometry_msgs/lib:/root/ros_ws/src/Rescue_Car_ws/install/std_msgs/lib:/root/ros_ws/src/Rescue_Car_ws/install/builtin_interfaces/lib:/root/ros_ws/src/Rescue_Car_ws/install/visualization_msgs/lib:/root/ros_ws/src/Rescue_Car_ws/install/test_msgs/lib:/root/ros_ws/src/Rescue_Car_ws/install/example_interfaces/lib:/root/ros_ws/src/Rescue_Car_ws/install/action_msgs/lib:/root/ros_ws/src/Rescue_Car_ws/install/unique_identifier_msgs/lib:/root/ros_ws/src/Rescue_Car_ws/install/trajectory_msgs/lib:/root/ros_ws/src/Rescue_Car_ws/install/stereo_msgs/lib:/root/ros_ws/src/Rescue_Car_ws/install/std_srvs/lib:/root/ros_ws/src/Rescue_Car_ws/install/shape_msgs/lib:/root/ros_ws/src/Rescue_Car_ws/install/sensor_msgs/lib:/root/ros_ws/src/Rescue_Car_ws/install/nav_msgs/lib:/root/ros_ws/src/Rescue_Car_ws/install/diagnostic_msgs/lib:/root/ros_ws/src/Rescue_Car_ws/install/actionlib_msgs/lib:/root/ros_ws/src/Rescue_Car_ws/install/statistics_msgs/lib:/root/ros_ws/src/Rescue_Car_ws/install/rosidl_typesupport_microxrcedds_test_msg/lib:/root/ros_ws/src/Rescue_Car_ws/install/rmw_microxrcedds/lib:/root/ros_ws/src/Rescue_Car_ws/install/rosidl_typesupport_microxrcedds_cpp/lib:/root/ros_ws/src/Rescue_Car_ws/install/rosidl_typesupport_microxrcedds_c/lib:/root/ros_ws/src/Rescue_Car_ws/install/rosgraph_msgs/lib:/root/ros_ws/src/Rescue_Car_ws/install/rclc_parameter/lib:/root/ros_ws/src/Rescue_Car_ws/install/rclc/lib:/root/ros_ws/src/Rescue_Car_ws/install/composition_interfaces/lib:/root/ros_ws/src/Rescue_Car_ws/install/rcl_interfaces/lib:/root/ros_ws/src/Rescue_Car_ws/install/micro_ros_utilities/lib:/root/ros_ws/src/Rescue_Car_ws/install/micro_ros_agent/lib:/root/ros_ws/src/Rescue_Car_ws/install/micro_ros_msgs/lib:/root/ros_ws/src/Rescue_Car_ws/install/lifecycle_msgs/lib:/root/ros_ws/src/Rescue_Car_ws/install/complex_msgs/lib:/usr/lib/x86_64-linux-gnu/gazebo-11/plugins:/opt/ros/humble/opt/rviz_ogre_vendor/lib:/opt/ros/humble/lib/x86_64-linux-gnu:/opt/ros/humble/lib /usr/bin/cmake --build /root/ros_ws/src/Rescue_Car_ws/build/trajectory_msgs -- -j20 -l20
[2.918s] DEBUG:colcon.colcon_core.event_handler.log_command:Invoking command in '/root/ros_ws/src/Rescue_Car_ws/build/shape_msgs': CMAKE_PREFIX_PATH=/root/ros_ws/src/Rescue_Car_ws/install/geometry_msgs:/root/ros_ws/src/Rescue_Car_ws/install/std_msgs:/root/ros_ws/src/Rescue_Car_ws/install/builtin_interfaces:/root/ros_ws/src/Rescue_Car_ws/install/micro_ros_demos_rclc:/root/ros_ws/src/Rescue_Car_ws/install/common_interfaces:/root/ros_ws/src/Rescue_Car_ws/install/visualization_msgs:/root/ros_ws/src/Rescue_Car_ws/install/test_msgs:/root/ros_ws/src/Rescue_Car_ws/install/example_interfaces:/root/ros_ws/src/Rescue_Car_ws/install/action_msgs:/root/ros_ws/src/Rescue_Car_ws/install/unique_identifier_msgs:/root/ros_ws/src/Rescue_Car_ws/install/trajectory_msgs:/root/ros_ws/src/Rescue_Car_ws/install/stereo_msgs:/root/ros_ws/src/Rescue_Car_ws/install/std_srvs:/root/ros_ws/src/Rescue_Car_ws/install/shape_msgs:/root/ros_ws/src/Rescue_Car_ws/install/sensor_msgs:/root/ros_ws/src/Rescue_Car_ws/install/nav_msgs:/root/ros_ws/src/Rescue_Car_ws/install/diagnostic_msgs:/root/ros_ws/src/Rescue_Car_ws/install/actionlib_msgs:/root/ros_ws/src/Rescue_Car_ws/install/statistics_msgs:/root/ros_ws/src/Rescue_Car_ws/install/rosidl_typesupport_microxrcedds_test_msg:/root/ros_ws/src/Rescue_Car_ws/install/rosidl_typesupport_microxrcedds_cpp_tests:/root/ros_ws/src/Rescue_Car_ws/install/rmw_microxrcedds:/root/ros_ws/src/Rescue_Car_ws/install/rosidl_typesupport_microxrcedds_cpp:/root/ros_ws/src/Rescue_Car_ws/install/rosidl_typesupport_microxrcedds_c_tests:/root/ros_ws/src/Rescue_Car_ws/install/rosidl_typesupport_microxrcedds_c:/root/ros_ws/src/Rescue_Car_ws/install/rosgraph_msgs:/root/ros_ws/src/Rescue_Car_ws/install/rclc_parameter:/root/ros_ws/src/Rescue_Car_ws/install/rclc:/root/ros_ws/src/Rescue_Car_ws/install/composition_interfaces:/root/ros_ws/src/Rescue_Car_ws/install/rcl_interfaces:/root/ros_ws/src/Rescue_Car_ws/install/microxrcedds_client:/root/ros_ws/src/Rescue_Car_ws/install/microcdr:/root/ros_ws/src/Rescue_Car_ws/install/micro_ros_utilities:/root/ros_ws/src/Rescue_Car_ws/install/micro_ros_setup:/root/ros_ws/src/Rescue_Car_ws/install/micro_ros_agent:/root/ros_ws/src/Rescue_Car_ws/install/micro_ros_msgs:/root/ros_ws/src/Rescue_Car_ws/install/lifecycle_msgs:/root/ros_ws/src/Rescue_Car_ws/install/complex_msgs:/root/ros_ws/src/Rescue_Car_ws/install/car:/root/ros_ws/src/Rescue_Car_ws/install/sensor_msgs_py:/opt/ros/humble LD_LIBRARY_PATH=/root/ros_ws/src/Rescue_Car_ws/install/geometry_msgs/lib:/root/ros_ws/src/Rescue_Car_ws/install/std_msgs/lib:/root/ros_ws/src/Rescue_Car_ws/install/builtin_interfaces/lib:/root/ros_ws/src/Rescue_Car_ws/install/visualization_msgs/lib:/root/ros_ws/src/Rescue_Car_ws/install/test_msgs/lib:/root/ros_ws/src/Rescue_Car_ws/install/example_interfaces/lib:/root/ros_ws/src/Rescue_Car_ws/install/action_msgs/lib:/root/ros_ws/src/Rescue_Car_ws/install/unique_identifier_msgs/lib:/root/ros_ws/src/Rescue_Car_ws/install/trajectory_msgs/lib:/root/ros_ws/src/Rescue_Car_ws/install/stereo_msgs/lib:/root/ros_ws/src/Rescue_Car_ws/install/std_srvs/lib:/root/ros_ws/src/Rescue_Car_ws/install/shape_msgs/lib:/root/ros_ws/src/Rescue_Car_ws/install/sensor_msgs/lib:/root/ros_ws/src/Rescue_Car_ws/install/nav_msgs/lib:/root/ros_ws/src/Rescue_Car_ws/install/diagnostic_msgs/lib:/root/ros_ws/src/Rescue_Car_ws/install/actionlib_msgs/lib:/root/ros_ws/src/Rescue_Car_ws/install/statistics_msgs/lib:/root/ros_ws/src/Rescue_Car_ws/install/rosidl_typesupport_microxrcedds_test_msg/lib:/root/ros_ws/src/Rescue_Car_ws/install/rmw_microxrcedds/lib:/root/ros_ws/src/Rescue_Car_ws/install/rosidl_typesupport_microxrcedds_cpp/lib:/root/ros_ws/src/Rescue_Car_ws/install/rosidl_typesupport_microxrcedds_c/lib:/root/ros_ws/src/Rescue_Car_ws/install/rosgraph_msgs/lib:/root/ros_ws/src/Rescue_Car_ws/install/rclc_parameter/lib:/root/ros_ws/src/Rescue_Car_ws/install/rclc/lib:/root/ros_ws/src/Rescue_Car_ws/install/composition_interfaces/lib:/root/ros_ws/src/Rescue_Car_ws/install/rcl_interfaces/lib:/root/ros_ws/src/Rescue_Car_ws/install/micro_ros_utilities/lib:/root/ros_ws/src/Rescue_Car_ws/install/micro_ros_agent/lib:/root/ros_ws/src/Rescue_Car_ws/install/micro_ros_msgs/lib:/root/ros_ws/src/Rescue_Car_ws/install/lifecycle_msgs/lib:/root/ros_ws/src/Rescue_Car_ws/install/complex_msgs/lib:/usr/lib/x86_64-linux-gnu/gazebo-11/plugins:/opt/ros/humble/opt/rviz_ogre_vendor/lib:/opt/ros/humble/lib/x86_64-linux-gnu:/opt/ros/humble/lib /usr/bin/cmake --build /root/ros_ws/src/Rescue_Car_ws/build/shape_msgs -- -j20 -l20
[3.349s] DEBUG:colcon.colcon_core.event_handler.log_command:Invoked command in '/root/ros_ws/src/Rescue_Car_ws/build/sensor_msgs' returned '0': CMAKE_PREFIX_PATH=/root/ros_ws/src/Rescue_Car_ws/install/geometry_msgs:/root/ros_ws/src/Rescue_Car_ws/install/std_msgs:/root/ros_ws/src/Rescue_Car_ws/install/builtin_interfaces:/root/ros_ws/src/Rescue_Car_ws/install/micro_ros_demos_rclc:/root/ros_ws/src/Rescue_Car_ws/install/common_interfaces:/root/ros_ws/src/Rescue_Car_ws/install/visualization_msgs:/root/ros_ws/src/Rescue_Car_ws/install/test_msgs:/root/ros_ws/src/Rescue_Car_ws/install/example_interfaces:/root/ros_ws/src/Rescue_Car_ws/install/action_msgs:/root/ros_ws/src/Rescue_Car_ws/install/unique_identifier_msgs:/root/ros_ws/src/Rescue_Car_ws/install/trajectory_msgs:/root/ros_ws/src/Rescue_Car_ws/install/stereo_msgs:/root/ros_ws/src/Rescue_Car_ws/install/std_srvs:/root/ros_ws/src/Rescue_Car_ws/install/shape_msgs:/root/ros_ws/src/Rescue_Car_ws/install/sensor_msgs:/root/ros_ws/src/Rescue_Car_ws/install/nav_msgs:/root/ros_ws/src/Rescue_Car_ws/install/diagnostic_msgs:/root/ros_ws/src/Rescue_Car_ws/install/actionlib_msgs:/root/ros_ws/src/Rescue_Car_ws/install/statistics_msgs:/root/ros_ws/src/Rescue_Car_ws/install/rosidl_typesupport_microxrcedds_test_msg:/root/ros_ws/src/Rescue_Car_ws/install/rosidl_typesupport_microxrcedds_cpp_tests:/root/ros_ws/src/Rescue_Car_ws/install/rmw_microxrcedds:/root/ros_ws/src/Rescue_Car_ws/install/rosidl_typesupport_microxrcedds_cpp:/root/ros_ws/src/Rescue_Car_ws/install/rosidl_typesupport_microxrcedds_c_tests:/root/ros_ws/src/Rescue_Car_ws/install/rosidl_typesupport_microxrcedds_c:/root/ros_ws/src/Rescue_Car_ws/install/rosgraph_msgs:/root/ros_ws/src/Rescue_Car_ws/install/rclc_parameter:/root/ros_ws/src/Rescue_Car_ws/install/rclc:/root/ros_ws/src/Rescue_Car_ws/install/composition_interfaces:/root/ros_ws/src/Rescue_Car_ws/install/rcl_interfaces:/root/ros_ws/src/Rescue_Car_ws/install/microxrcedds_client:/root/ros_ws/src/Rescue_Car_ws/install/microcdr:/root/ros_ws/src/Rescue_Car_ws/install/micro_ros_utilities:/root/ros_ws/src/Rescue_Car_ws/install/micro_ros_setup:/root/ros_ws/src/Rescue_Car_ws/install/micro_ros_agent:/root/ros_ws/src/Rescue_Car_ws/install/micro_ros_msgs:/root/ros_ws/src/Rescue_Car_ws/install/lifecycle_msgs:/root/ros_ws/src/Rescue_Car_ws/install/complex_msgs:/root/ros_ws/src/Rescue_Car_ws/install/car:/root/ros_ws/src/Rescue_Car_ws/install/sensor_msgs_py:/opt/ros/humble LD_LIBRARY_PATH=/root/ros_ws/src/Rescue_Car_ws/install/geometry_msgs/lib:/root/ros_ws/src/Rescue_Car_ws/install/std_msgs/lib:/root/ros_ws/src/Rescue_Car_ws/install/builtin_interfaces/lib:/root/ros_ws/src/Rescue_Car_ws/install/visualization_msgs/lib:/root/ros_ws/src/Rescue_Car_ws/install/test_msgs/lib:/root/ros_ws/src/Rescue_Car_ws/install/example_interfaces/lib:/root/ros_ws/src/Rescue_Car_ws/install/action_msgs/lib:/root/ros_ws/src/Rescue_Car_ws/install/unique_identifier_msgs/lib:/root/ros_ws/src/Rescue_Car_ws/install/trajectory_msgs/lib:/root/ros_ws/src/Rescue_Car_ws/install/stereo_msgs/lib:/root/ros_ws/src/Rescue_Car_ws/install/std_srvs/lib:/root/ros_ws/src/Rescue_Car_ws/install/shape_msgs/lib:/root/ros_ws/src/Rescue_Car_ws/install/sensor_msgs/lib:/root/ros_ws/src/Rescue_Car_ws/install/nav_msgs/lib:/root/ros_ws/src/Rescue_Car_ws/install/diagnostic_msgs/lib:/root/ros_ws/src/Rescue_Car_ws/install/actionlib_msgs/lib:/root/ros_ws/src/Rescue_Car_ws/install/statistics_msgs/lib:/root/ros_ws/src/Rescue_Car_ws/install/rosidl_typesupport_microxrcedds_test_msg/lib:/root/ros_ws/src/Rescue_Car_ws/install/rmw_microxrcedds/lib:/root/ros_ws/src/Rescue_Car_ws/install/rosidl_typesupport_microxrcedds_cpp/lib:/root/ros_ws/src/Rescue_Car_ws/install/rosidl_typesupport_microxrcedds_c/lib:/root/ros_ws/src/Rescue_Car_ws/install/rosgraph_msgs/lib:/root/ros_ws/src/Rescue_Car_ws/install/rclc_parameter/lib:/root/ros_ws/src/Rescue_Car_ws/install/rclc/lib:/root/ros_ws/src/Rescue_Car_ws/install/composition_interfaces/lib:/root/ros_ws/src/Rescue_Car_ws/install/rcl_interfaces/lib:/root/ros_ws/src/Rescue_Car_ws/install/micro_ros_utilities/lib:/root/ros_ws/src/Rescue_Car_ws/install/micro_ros_agent/lib:/root/ros_ws/src/Rescue_Car_ws/install/micro_ros_msgs/lib:/root/ros_ws/src/Rescue_Car_ws/install/lifecycle_msgs/lib:/root/ros_ws/src/Rescue_Car_ws/install/complex_msgs/lib:/usr/lib/x86_64-linux-gnu/gazebo-11/plugins:/opt/ros/humble/opt/rviz_ogre_vendor/lib:/opt/ros/humble/lib/x86_64-linux-gnu:/opt/ros/humble/lib /usr/bin/cmake --build /root/ros_ws/src/Rescue_Car_ws/build/sensor_msgs -- -j20 -l20
[3.352s] DEBUG:colcon.colcon_core.event_handler.log_command:Invoking command in '/root/ros_ws/src/Rescue_Car_ws/build/sensor_msgs': CMAKE_PREFIX_PATH=/root/ros_ws/src/Rescue_Car_ws/install/geometry_msgs:/root/ros_ws/src/Rescue_Car_ws/install/std_msgs:/root/ros_ws/src/Rescue_Car_ws/install/builtin_interfaces:/root/ros_ws/src/Rescue_Car_ws/install/micro_ros_demos_rclc:/root/ros_ws/src/Rescue_Car_ws/install/common_interfaces:/root/ros_ws/src/Rescue_Car_ws/install/visualization_msgs:/root/ros_ws/src/Rescue_Car_ws/install/test_msgs:/root/ros_ws/src/Rescue_Car_ws/install/example_interfaces:/root/ros_ws/src/Rescue_Car_ws/install/action_msgs:/root/ros_ws/src/Rescue_Car_ws/install/unique_identifier_msgs:/root/ros_ws/src/Rescue_Car_ws/install/trajectory_msgs:/root/ros_ws/src/Rescue_Car_ws/install/stereo_msgs:/root/ros_ws/src/Rescue_Car_ws/install/std_srvs:/root/ros_ws/src/Rescue_Car_ws/install/shape_msgs:/root/ros_ws/src/Rescue_Car_ws/install/sensor_msgs:/root/ros_ws/src/Rescue_Car_ws/install/nav_msgs:/root/ros_ws/src/Rescue_Car_ws/install/diagnostic_msgs:/root/ros_ws/src/Rescue_Car_ws/install/actionlib_msgs:/root/ros_ws/src/Rescue_Car_ws/install/statistics_msgs:/root/ros_ws/src/Rescue_Car_ws/install/rosidl_typesupport_microxrcedds_test_msg:/root/ros_ws/src/Rescue_Car_ws/install/rosidl_typesupport_microxrcedds_cpp_tests:/root/ros_ws/src/Rescue_Car_ws/install/rmw_microxrcedds:/root/ros_ws/src/Rescue_Car_ws/install/rosidl_typesupport_microxrcedds_cpp:/root/ros_ws/src/Rescue_Car_ws/install/rosidl_typesupport_microxrcedds_c_tests:/root/ros_ws/src/Rescue_Car_ws/install/rosidl_typesupport_microxrcedds_c:/root/ros_ws/src/Rescue_Car_ws/install/rosgraph_msgs:/root/ros_ws/src/Rescue_Car_ws/install/rclc_parameter:/root/ros_ws/src/Rescue_Car_ws/install/rclc:/root/ros_ws/src/Rescue_Car_ws/install/composition_interfaces:/root/ros_ws/src/Rescue_Car_ws/install/rcl_interfaces:/root/ros_ws/src/Rescue_Car_ws/install/microxrcedds_client:/root/ros_ws/src/Rescue_Car_ws/install/microcdr:/root/ros_ws/src/Rescue_Car_ws/install/micro_ros_utilities:/root/ros_ws/src/Rescue_Car_ws/install/micro_ros_setup:/root/ros_ws/src/Rescue_Car_ws/install/micro_ros_agent:/root/ros_ws/src/Rescue_Car_ws/install/micro_ros_msgs:/root/ros_ws/src/Rescue_Car_ws/install/lifecycle_msgs:/root/ros_ws/src/Rescue_Car_ws/install/complex_msgs:/root/ros_ws/src/Rescue_Car_ws/install/car:/root/ros_ws/src/Rescue_Car_ws/install/sensor_msgs_py:/opt/ros/humble LD_LIBRARY_PATH=/root/ros_ws/src/Rescue_Car_ws/install/geometry_msgs/lib:/root/ros_ws/src/Rescue_Car_ws/install/std_msgs/lib:/root/ros_ws/src/Rescue_Car_ws/install/builtin_interfaces/lib:/root/ros_ws/src/Rescue_Car_ws/install/visualization_msgs/lib:/root/ros_ws/src/Rescue_Car_ws/install/test_msgs/lib:/root/ros_ws/src/Rescue_Car_ws/install/example_interfaces/lib:/root/ros_ws/src/Rescue_Car_ws/install/action_msgs/lib:/root/ros_ws/src/Rescue_Car_ws/install/unique_identifier_msgs/lib:/root/ros_ws/src/Rescue_Car_ws/install/trajectory_msgs/lib:/root/ros_ws/src/Rescue_Car_ws/install/stereo_msgs/lib:/root/ros_ws/src/Rescue_Car_ws/install/std_srvs/lib:/root/ros_ws/src/Rescue_Car_ws/install/shape_msgs/lib:/root/ros_ws/src/Rescue_Car_ws/install/sensor_msgs/lib:/root/ros_ws/src/Rescue_Car_ws/install/nav_msgs/lib:/root/ros_ws/src/Rescue_Car_ws/install/diagnostic_msgs/lib:/root/ros_ws/src/Rescue_Car_ws/install/actionlib_msgs/lib:/root/ros_ws/src/Rescue_Car_ws/install/statistics_msgs/lib:/root/ros_ws/src/Rescue_Car_ws/install/rosidl_typesupport_microxrcedds_test_msg/lib:/root/ros_ws/src/Rescue_Car_ws/install/rmw_microxrcedds/lib:/root/ros_ws/src/Rescue_Car_ws/install/rosidl_typesupport_microxrcedds_cpp/lib:/root/ros_ws/src/Rescue_Car_ws/install/rosidl_typesupport_microxrcedds_c/lib:/root/ros_ws/src/Rescue_Car_ws/install/rosgraph_msgs/lib:/root/ros_ws/src/Rescue_Car_ws/install/rclc_parameter/lib:/root/ros_ws/src/Rescue_Car_ws/install/rclc/lib:/root/ros_ws/src/Rescue_Car_ws/install/composition_interfaces/lib:/root/ros_ws/src/Rescue_Car_ws/install/rcl_interfaces/lib:/root/ros_ws/src/Rescue_Car_ws/install/micro_ros_utilities/lib:/root/ros_ws/src/Rescue_Car_ws/install/micro_ros_agent/lib:/root/ros_ws/src/Rescue_Car_ws/install/micro_ros_msgs/lib:/root/ros_ws/src/Rescue_Car_ws/install/lifecycle_msgs/lib:/root/ros_ws/src/Rescue_Car_ws/install/complex_msgs/lib:/usr/lib/x86_64-linux-gnu/gazebo-11/plugins:/opt/ros/humble/opt/rviz_ogre_vendor/lib:/opt/ros/humble/lib/x86_64-linux-gnu:/opt/ros/humble/lib /usr/bin/cmake --install /root/ros_ws/src/Rescue_Car_ws/build/sensor_msgs
[3.356s] DEBUG:colcon.colcon_core.event_handler.log_command:Invoked command in '/root/ros_ws/src/Rescue_Car_ws/build/diagnostic_msgs' returned '0': CMAKE_PREFIX_PATH=/root/ros_ws/src/Rescue_Car_ws/install/geometry_msgs:/root/ros_ws/src/Rescue_Car_ws/install/std_msgs:/root/ros_ws/src/Rescue_Car_ws/install/builtin_interfaces:/root/ros_ws/src/Rescue_Car_ws/install/micro_ros_demos_rclc:/root/ros_ws/src/Rescue_Car_ws/install/common_interfaces:/root/ros_ws/src/Rescue_Car_ws/install/visualization_msgs:/root/ros_ws/src/Rescue_Car_ws/install/test_msgs:/root/ros_ws/src/Rescue_Car_ws/install/example_interfaces:/root/ros_ws/src/Rescue_Car_ws/install/action_msgs:/root/ros_ws/src/Rescue_Car_ws/install/unique_identifier_msgs:/root/ros_ws/src/Rescue_Car_ws/install/trajectory_msgs:/root/ros_ws/src/Rescue_Car_ws/install/stereo_msgs:/root/ros_ws/src/Rescue_Car_ws/install/std_srvs:/root/ros_ws/src/Rescue_Car_ws/install/shape_msgs:/root/ros_ws/src/Rescue_Car_ws/install/sensor_msgs:/root/ros_ws/src/Rescue_Car_ws/install/nav_msgs:/root/ros_ws/src/Rescue_Car_ws/install/diagnostic_msgs:/root/ros_ws/src/Rescue_Car_ws/install/actionlib_msgs:/root/ros_ws/src/Rescue_Car_ws/install/statistics_msgs:/root/ros_ws/src/Rescue_Car_ws/install/rosidl_typesupport_microxrcedds_test_msg:/root/ros_ws/src/Rescue_Car_ws/install/rosidl_typesupport_microxrcedds_cpp_tests:/root/ros_ws/src/Rescue_Car_ws/install/rmw_microxrcedds:/root/ros_ws/src/Rescue_Car_ws/install/rosidl_typesupport_microxrcedds_cpp:/root/ros_ws/src/Rescue_Car_ws/install/rosidl_typesupport_microxrcedds_c_tests:/root/ros_ws/src/Rescue_Car_ws/install/rosidl_typesupport_microxrcedds_c:/root/ros_ws/src/Rescue_Car_ws/install/rosgraph_msgs:/root/ros_ws/src/Rescue_Car_ws/install/rclc_parameter:/root/ros_ws/src/Rescue_Car_ws/install/rclc:/root/ros_ws/src/Rescue_Car_ws/install/composition_interfaces:/root/ros_ws/src/Rescue_Car_ws/install/rcl_interfaces:/root/ros_ws/src/Rescue_Car_ws/install/microxrcedds_client:/root/ros_ws/src/Rescue_Car_ws/install/microcdr:/root/ros_ws/src/Rescue_Car_ws/install/micro_ros_utilities:/root/ros_ws/src/Rescue_Car_ws/install/micro_ros_setup:/root/ros_ws/src/Rescue_Car_ws/install/micro_ros_agent:/root/ros_ws/src/Rescue_Car_ws/install/micro_ros_msgs:/root/ros_ws/src/Rescue_Car_ws/install/lifecycle_msgs:/root/ros_ws/src/Rescue_Car_ws/install/complex_msgs:/root/ros_ws/src/Rescue_Car_ws/install/car:/root/ros_ws/src/Rescue_Car_ws/install/sensor_msgs_py:/opt/ros/humble LD_LIBRARY_PATH=/root/ros_ws/src/Rescue_Car_ws/install/geometry_msgs/lib:/root/ros_ws/src/Rescue_Car_ws/install/std_msgs/lib:/root/ros_ws/src/Rescue_Car_ws/install/builtin_interfaces/lib:/root/ros_ws/src/Rescue_Car_ws/install/visualization_msgs/lib:/root/ros_ws/src/Rescue_Car_ws/install/test_msgs/lib:/root/ros_ws/src/Rescue_Car_ws/install/example_interfaces/lib:/root/ros_ws/src/Rescue_Car_ws/install/action_msgs/lib:/root/ros_ws/src/Rescue_Car_ws/install/unique_identifier_msgs/lib:/root/ros_ws/src/Rescue_Car_ws/install/trajectory_msgs/lib:/root/ros_ws/src/Rescue_Car_ws/install/stereo_msgs/lib:/root/ros_ws/src/Rescue_Car_ws/install/std_srvs/lib:/root/ros_ws/src/Rescue_Car_ws/install/shape_msgs/lib:/root/ros_ws/src/Rescue_Car_ws/install/sensor_msgs/lib:/root/ros_ws/src/Rescue_Car_ws/install/nav_msgs/lib:/root/ros_ws/src/Rescue_Car_ws/install/diagnostic_msgs/lib:/root/ros_ws/src/Rescue_Car_ws/install/actionlib_msgs/lib:/root/ros_ws/src/Rescue_Car_ws/install/statistics_msgs/lib:/root/ros_ws/src/Rescue_Car_ws/install/rosidl_typesupport_microxrcedds_test_msg/lib:/root/ros_ws/src/Rescue_Car_ws/install/rmw_microxrcedds/lib:/root/ros_ws/src/Rescue_Car_ws/install/rosidl_typesupport_microxrcedds_cpp/lib:/root/ros_ws/src/Rescue_Car_ws/install/rosidl_typesupport_microxrcedds_c/lib:/root/ros_ws/src/Rescue_Car_ws/install/rosgraph_msgs/lib:/root/ros_ws/src/Rescue_Car_ws/install/rclc_parameter/lib:/root/ros_ws/src/Rescue_Car_ws/install/rclc/lib:/root/ros_ws/src/Rescue_Car_ws/install/composition_interfaces/lib:/root/ros_ws/src/Rescue_Car_ws/install/rcl_interfaces/lib:/root/ros_ws/src/Rescue_Car_ws/install/micro_ros_utilities/lib:/root/ros_ws/src/Rescue_Car_ws/install/micro_ros_agent/lib:/root/ros_ws/src/Rescue_Car_ws/install/micro_ros_msgs/lib:/root/ros_ws/src/Rescue_Car_ws/install/lifecycle_msgs/lib:/root/ros_ws/src/Rescue_Car_ws/install/complex_msgs/lib:/usr/lib/x86_64-linux-gnu/gazebo-11/plugins:/opt/ros/humble/opt/rviz_ogre_vendor/lib:/opt/ros/humble/lib/x86_64-linux-gnu:/opt/ros/humble/lib /usr/bin/cmake --build /root/ros_ws/src/Rescue_Car_ws/build/diagnostic_msgs -- -j20 -l20
[3.359s] DEBUG:colcon.colcon_core.event_handler.log_command:Invoking command in '/root/ros_ws/src/Rescue_Car_ws/build/diagnostic_msgs': CMAKE_PREFIX_PATH=/root/ros_ws/src/Rescue_Car_ws/install/geometry_msgs:/root/ros_ws/src/Rescue_Car_ws/install/std_msgs:/root/ros_ws/src/Rescue_Car_ws/install/builtin_interfaces:/root/ros_ws/src/Rescue_Car_ws/install/micro_ros_demos_rclc:/root/ros_ws/src/Rescue_Car_ws/install/common_interfaces:/root/ros_ws/src/Rescue_Car_ws/install/visualization_msgs:/root/ros_ws/src/Rescue_Car_ws/install/test_msgs:/root/ros_ws/src/Rescue_Car_ws/install/example_interfaces:/root/ros_ws/src/Rescue_Car_ws/install/action_msgs:/root/ros_ws/src/Rescue_Car_ws/install/unique_identifier_msgs:/root/ros_ws/src/Rescue_Car_ws/install/trajectory_msgs:/root/ros_ws/src/Rescue_Car_ws/install/stereo_msgs:/root/ros_ws/src/Rescue_Car_ws/install/std_srvs:/root/ros_ws/src/Rescue_Car_ws/install/shape_msgs:/root/ros_ws/src/Rescue_Car_ws/install/sensor_msgs:/root/ros_ws/src/Rescue_Car_ws/install/nav_msgs:/root/ros_ws/src/Rescue_Car_ws/install/diagnostic_msgs:/root/ros_ws/src/Rescue_Car_ws/install/actionlib_msgs:/root/ros_ws/src/Rescue_Car_ws/install/statistics_msgs:/root/ros_ws/src/Rescue_Car_ws/install/rosidl_typesupport_microxrcedds_test_msg:/root/ros_ws/src/Rescue_Car_ws/install/rosidl_typesupport_microxrcedds_cpp_tests:/root/ros_ws/src/Rescue_Car_ws/install/rmw_microxrcedds:/root/ros_ws/src/Rescue_Car_ws/install/rosidl_typesupport_microxrcedds_cpp:/root/ros_ws/src/Rescue_Car_ws/install/rosidl_typesupport_microxrcedds_c_tests:/root/ros_ws/src/Rescue_Car_ws/install/rosidl_typesupport_microxrcedds_c:/root/ros_ws/src/Rescue_Car_ws/install/rosgraph_msgs:/root/ros_ws/src/Rescue_Car_ws/install/rclc_parameter:/root/ros_ws/src/Rescue_Car_ws/install/rclc:/root/ros_ws/src/Rescue_Car_ws/install/composition_interfaces:/root/ros_ws/src/Rescue_Car_ws/install/rcl_interfaces:/root/ros_ws/src/Rescue_Car_ws/install/microxrcedds_client:/root/ros_ws/src/Rescue_Car_ws/install/microcdr:/root/ros_ws/src/Rescue_Car_ws/install/micro_ros_utilities:/root/ros_ws/src/Rescue_Car_ws/install/micro_ros_setup:/root/ros_ws/src/Rescue_Car_ws/install/micro_ros_agent:/root/ros_ws/src/Rescue_Car_ws/install/micro_ros_msgs:/root/ros_ws/src/Rescue_Car_ws/install/lifecycle_msgs:/root/ros_ws/src/Rescue_Car_ws/install/complex_msgs:/root/ros_ws/src/Rescue_Car_ws/install/car:/root/ros_ws/src/Rescue_Car_ws/install/sensor_msgs_py:/opt/ros/humble LD_LIBRARY_PATH=/root/ros_ws/src/Rescue_Car_ws/install/geometry_msgs/lib:/root/ros_ws/src/Rescue_Car_ws/install/std_msgs/lib:/root/ros_ws/src/Rescue_Car_ws/install/builtin_interfaces/lib:/root/ros_ws/src/Rescue_Car_ws/install/visualization_msgs/lib:/root/ros_ws/src/Rescue_Car_ws/install/test_msgs/lib:/root/ros_ws/src/Rescue_Car_ws/install/example_interfaces/lib:/root/ros_ws/src/Rescue_Car_ws/install/action_msgs/lib:/root/ros_ws/src/Rescue_Car_ws/install/unique_identifier_msgs/lib:/root/ros_ws/src/Rescue_Car_ws/install/trajectory_msgs/lib:/root/ros_ws/src/Rescue_Car_ws/install/stereo_msgs/lib:/root/ros_ws/src/Rescue_Car_ws/install/std_srvs/lib:/root/ros_ws/src/Rescue_Car_ws/install/shape_msgs/lib:/root/ros_ws/src/Rescue_Car_ws/install/sensor_msgs/lib:/root/ros_ws/src/Rescue_Car_ws/install/nav_msgs/lib:/root/ros_ws/src/Rescue_Car_ws/install/diagnostic_msgs/lib:/root/ros_ws/src/Rescue_Car_ws/install/actionlib_msgs/lib:/root/ros_ws/src/Rescue_Car_ws/install/statistics_msgs/lib:/root/ros_ws/src/Rescue_Car_ws/install/rosidl_typesupport_microxrcedds_test_msg/lib:/root/ros_ws/src/Rescue_Car_ws/install/rmw_microxrcedds/lib:/root/ros_ws/src/Rescue_Car_ws/install/rosidl_typesupport_microxrcedds_cpp/lib:/root/ros_ws/src/Rescue_Car_ws/install/rosidl_typesupport_microxrcedds_c/lib:/root/ros_ws/src/Rescue_Car_ws/install/rosgraph_msgs/lib:/root/ros_ws/src/Rescue_Car_ws/install/rclc_parameter/lib:/root/ros_ws/src/Rescue_Car_ws/install/rclc/lib:/root/ros_ws/src/Rescue_Car_ws/install/composition_interfaces/lib:/root/ros_ws/src/Rescue_Car_ws/install/rcl_interfaces/lib:/root/ros_ws/src/Rescue_Car_ws/install/micro_ros_utilities/lib:/root/ros_ws/src/Rescue_Car_ws/install/micro_ros_agent/lib:/root/ros_ws/src/Rescue_Car_ws/install/micro_ros_msgs/lib:/root/ros_ws/src/Rescue_Car_ws/install/lifecycle_msgs/lib:/root/ros_ws/src/Rescue_Car_ws/install/complex_msgs/lib:/usr/lib/x86_64-linux-gnu/gazebo-11/plugins:/opt/ros/humble/opt/rviz_ogre_vendor/lib:/opt/ros/humble/lib/x86_64-linux-gnu:/opt/ros/humble/lib /usr/bin/cmake --install /root/ros_ws/src/Rescue_Car_ws/build/diagnostic_msgs
[3.434s] Level 1:colcon.colcon_core.environment:create_environment_scripts_only(diagnostic_msgs)
[3.434s] Level 1:colcon.colcon_core.environment:checking '/root/ros_ws/src/Rescue_Car_ws/install/diagnostic_msgs' for CMake module files
[3.442s] Level 1:colcon.colcon_core.environment:checking '/root/ros_ws/src/Rescue_Car_ws/install/diagnostic_msgs' for CMake config files
[3.466s] Level 1:colcon.colcon_core.shell:create_environment_hook('diagnostic_msgs', 'cmake_prefix_path')
[3.466s] INFO:colcon.colcon_core.shell:Creating environment hook '/root/ros_ws/src/Rescue_Car_ws/install/diagnostic_msgs/share/diagnostic_msgs/hook/cmake_prefix_path.ps1'
[3.469s] INFO:colcon.colcon_core.shell:Creating environment descriptor '/root/ros_ws/src/Rescue_Car_ws/install/diagnostic_msgs/share/diagnostic_msgs/hook/cmake_prefix_path.dsv'
[3.474s] INFO:colcon.colcon_core.shell:Creating environment hook '/root/ros_ws/src/Rescue_Car_ws/install/diagnostic_msgs/share/diagnostic_msgs/hook/cmake_prefix_path.sh'
[3.477s] Level 1:colcon.colcon_core.environment:checking '/root/ros_ws/src/Rescue_Car_ws/install/diagnostic_msgs/lib'
[3.477s] Level 1:colcon.colcon_core.shell:create_environment_hook('diagnostic_msgs', 'ld_library_path_lib')
[3.477s] INFO:colcon.colcon_core.shell:Creating environment hook '/root/ros_ws/src/Rescue_Car_ws/install/diagnostic_msgs/share/diagnostic_msgs/hook/ld_library_path_lib.ps1'
[3.481s] INFO:colcon.colcon_core.shell:Creating environment descriptor '/root/ros_ws/src/Rescue_Car_ws/install/diagnostic_msgs/share/diagnostic_msgs/hook/ld_library_path_lib.dsv'
[3.487s] INFO:colcon.colcon_core.shell:Creating environment hook '/root/ros_ws/src/Rescue_Car_ws/install/diagnostic_msgs/share/diagnostic_msgs/hook/ld_library_path_lib.sh'
[3.489s] Level 1:colcon.colcon_core.environment:checking '/root/ros_ws/src/Rescue_Car_ws/install/diagnostic_msgs/bin'
[3.489s] Level 1:colcon.colcon_core.environment:checking '/root/ros_ws/src/Rescue_Car_ws/install/diagnostic_msgs/lib/pkgconfig/diagnostic_msgs.pc'
[3.489s] Level 1:colcon.colcon_core.environment:checking '/root/ros_ws/src/Rescue_Car_ws/install/diagnostic_msgs/lib/python3.10/site-packages'
[3.489s] Level 1:colcon.colcon_core.environment:checking '/root/ros_ws/src/Rescue_Car_ws/install/diagnostic_msgs/bin'
[3.490s] INFO:colcon.colcon_core.shell:Creating package script '/root/ros_ws/src/Rescue_Car_ws/install/diagnostic_msgs/share/diagnostic_msgs/package.ps1'
[3.494s] INFO:colcon.colcon_core.shell:Creating package descriptor '/root/ros_ws/src/Rescue_Car_ws/install/diagnostic_msgs/share/diagnostic_msgs/package.dsv'
[3.496s] INFO:colcon.colcon_core.shell:Creating package script '/root/ros_ws/src/Rescue_Car_ws/install/diagnostic_msgs/share/diagnostic_msgs/package.sh'
[3.500s] INFO:colcon.colcon_core.shell:Creating package script '/root/ros_ws/src/Rescue_Car_ws/install/diagnostic_msgs/share/diagnostic_msgs/package.bash'
[3.502s] INFO:colcon.colcon_core.shell:Creating package script '/root/ros_ws/src/Rescue_Car_ws/install/diagnostic_msgs/share/diagnostic_msgs/package.zsh'
[3.509s] Level 1:colcon.colcon_core.environment:create_file_with_runtime_dependencies(/root/ros_ws/src/Rescue_Car_ws/install/diagnostic_msgs/share/colcon-core/packages/diagnostic_msgs)
[3.510s] DEBUG:colcon.colcon_core.event_handler.log_command:Invoked command in '/root/ros_ws/src/Rescue_Car_ws/build/shape_msgs' returned '0': CMAKE_PREFIX_PATH=/root/ros_ws/src/Rescue_Car_ws/install/geometry_msgs:/root/ros_ws/src/Rescue_Car_ws/install/std_msgs:/root/ros_ws/src/Rescue_Car_ws/install/builtin_interfaces:/root/ros_ws/src/Rescue_Car_ws/install/micro_ros_demos_rclc:/root/ros_ws/src/Rescue_Car_ws/install/common_interfaces:/root/ros_ws/src/Rescue_Car_ws/install/visualization_msgs:/root/ros_ws/src/Rescue_Car_ws/install/test_msgs:/root/ros_ws/src/Rescue_Car_ws/install/example_interfaces:/root/ros_ws/src/Rescue_Car_ws/install/action_msgs:/root/ros_ws/src/Rescue_Car_ws/install/unique_identifier_msgs:/root/ros_ws/src/Rescue_Car_ws/install/trajectory_msgs:/root/ros_ws/src/Rescue_Car_ws/install/stereo_msgs:/root/ros_ws/src/Rescue_Car_ws/install/std_srvs:/root/ros_ws/src/Rescue_Car_ws/install/shape_msgs:/root/ros_ws/src/Rescue_Car_ws/install/sensor_msgs:/root/ros_ws/src/Rescue_Car_ws/install/nav_msgs:/root/ros_ws/src/Rescue_Car_ws/install/diagnostic_msgs:/root/ros_ws/src/Rescue_Car_ws/install/actionlib_msgs:/root/ros_ws/src/Rescue_Car_ws/install/statistics_msgs:/root/ros_ws/src/Rescue_Car_ws/install/rosidl_typesupport_microxrcedds_test_msg:/root/ros_ws/src/Rescue_Car_ws/install/rosidl_typesupport_microxrcedds_cpp_tests:/root/ros_ws/src/Rescue_Car_ws/install/rmw_microxrcedds:/root/ros_ws/src/Rescue_Car_ws/install/rosidl_typesupport_microxrcedds_cpp:/root/ros_ws/src/Rescue_Car_ws/install/rosidl_typesupport_microxrcedds_c_tests:/root/ros_ws/src/Rescue_Car_ws/install/rosidl_typesupport_microxrcedds_c:/root/ros_ws/src/Rescue_Car_ws/install/rosgraph_msgs:/root/ros_ws/src/Rescue_Car_ws/install/rclc_parameter:/root/ros_ws/src/Rescue_Car_ws/install/rclc:/root/ros_ws/src/Rescue_Car_ws/install/composition_interfaces:/root/ros_ws/src/Rescue_Car_ws/install/rcl_interfaces:/root/ros_ws/src/Rescue_Car_ws/install/microxrcedds_client:/root/ros_ws/src/Rescue_Car_ws/install/microcdr:/root/ros_ws/src/Rescue_Car_ws/install/micro_ros_utilities:/root/ros_ws/src/Rescue_Car_ws/install/micro_ros_setup:/root/ros_ws/src/Rescue_Car_ws/install/micro_ros_agent:/root/ros_ws/src/Rescue_Car_ws/install/micro_ros_msgs:/root/ros_ws/src/Rescue_Car_ws/install/lifecycle_msgs:/root/ros_ws/src/Rescue_Car_ws/install/complex_msgs:/root/ros_ws/src/Rescue_Car_ws/install/car:/root/ros_ws/src/Rescue_Car_ws/install/sensor_msgs_py:/opt/ros/humble LD_LIBRARY_PATH=/root/ros_ws/src/Rescue_Car_ws/install/geometry_msgs/lib:/root/ros_ws/src/Rescue_Car_ws/install/std_msgs/lib:/root/ros_ws/src/Rescue_Car_ws/install/builtin_interfaces/lib:/root/ros_ws/src/Rescue_Car_ws/install/visualization_msgs/lib:/root/ros_ws/src/Rescue_Car_ws/install/test_msgs/lib:/root/ros_ws/src/Rescue_Car_ws/install/example_interfaces/lib:/root/ros_ws/src/Rescue_Car_ws/install/action_msgs/lib:/root/ros_ws/src/Rescue_Car_ws/install/unique_identifier_msgs/lib:/root/ros_ws/src/Rescue_Car_ws/install/trajectory_msgs/lib:/root/ros_ws/src/Rescue_Car_ws/install/stereo_msgs/lib:/root/ros_ws/src/Rescue_Car_ws/install/std_srvs/lib:/root/ros_ws/src/Rescue_Car_ws/install/shape_msgs/lib:/root/ros_ws/src/Rescue_Car_ws/install/sensor_msgs/lib:/root/ros_ws/src/Rescue_Car_ws/install/nav_msgs/lib:/root/ros_ws/src/Rescue_Car_ws/install/diagnostic_msgs/lib:/root/ros_ws/src/Rescue_Car_ws/install/actionlib_msgs/lib:/root/ros_ws/src/Rescue_Car_ws/install/statistics_msgs/lib:/root/ros_ws/src/Rescue_Car_ws/install/rosidl_typesupport_microxrcedds_test_msg/lib:/root/ros_ws/src/Rescue_Car_ws/install/rmw_microxrcedds/lib:/root/ros_ws/src/Rescue_Car_ws/install/rosidl_typesupport_microxrcedds_cpp/lib:/root/ros_ws/src/Rescue_Car_ws/install/rosidl_typesupport_microxrcedds_c/lib:/root/ros_ws/src/Rescue_Car_ws/install/rosgraph_msgs/lib:/root/ros_ws/src/Rescue_Car_ws/install/rclc_parameter/lib:/root/ros_ws/src/Rescue_Car_ws/install/rclc/lib:/root/ros_ws/src/Rescue_Car_ws/install/composition_interfaces/lib:/root/ros_ws/src/Rescue_Car_ws/install/rcl_interfaces/lib:/root/ros_ws/src/Rescue_Car_ws/install/micro_ros_utilities/lib:/root/ros_ws/src/Rescue_Car_ws/install/micro_ros_agent/lib:/root/ros_ws/src/Rescue_Car_ws/install/micro_ros_msgs/lib:/root/ros_ws/src/Rescue_Car_ws/install/lifecycle_msgs/lib:/root/ros_ws/src/Rescue_Car_ws/install/complex_msgs/lib:/usr/lib/x86_64-linux-gnu/gazebo-11/plugins:/opt/ros/humble/opt/rviz_ogre_vendor/lib:/opt/ros/humble/lib/x86_64-linux-gnu:/opt/ros/humble/lib /usr/bin/cmake --build /root/ros_ws/src/Rescue_Car_ws/build/shape_msgs -- -j20 -l20
[3.510s] DEBUG:colcon.colcon_core.event_handler.log_command:Invoking command in '/root/ros_ws/src/Rescue_Car_ws/build/shape_msgs': CMAKE_PREFIX_PATH=/root/ros_ws/src/Rescue_Car_ws/install/geometry_msgs:/root/ros_ws/src/Rescue_Car_ws/install/std_msgs:/root/ros_ws/src/Rescue_Car_ws/install/builtin_interfaces:/root/ros_ws/src/Rescue_Car_ws/install/micro_ros_demos_rclc:/root/ros_ws/src/Rescue_Car_ws/install/common_interfaces:/root/ros_ws/src/Rescue_Car_ws/install/visualization_msgs:/root/ros_ws/src/Rescue_Car_ws/install/test_msgs:/root/ros_ws/src/Rescue_Car_ws/install/example_interfaces:/root/ros_ws/src/Rescue_Car_ws/install/action_msgs:/root/ros_ws/src/Rescue_Car_ws/install/unique_identifier_msgs:/root/ros_ws/src/Rescue_Car_ws/install/trajectory_msgs:/root/ros_ws/src/Rescue_Car_ws/install/stereo_msgs:/root/ros_ws/src/Rescue_Car_ws/install/std_srvs:/root/ros_ws/src/Rescue_Car_ws/install/shape_msgs:/root/ros_ws/src/Rescue_Car_ws/install/sensor_msgs:/root/ros_ws/src/Rescue_Car_ws/install/nav_msgs:/root/ros_ws/src/Rescue_Car_ws/install/diagnostic_msgs:/root/ros_ws/src/Rescue_Car_ws/install/actionlib_msgs:/root/ros_ws/src/Rescue_Car_ws/install/statistics_msgs:/root/ros_ws/src/Rescue_Car_ws/install/rosidl_typesupport_microxrcedds_test_msg:/root/ros_ws/src/Rescue_Car_ws/install/rosidl_typesupport_microxrcedds_cpp_tests:/root/ros_ws/src/Rescue_Car_ws/install/rmw_microxrcedds:/root/ros_ws/src/Rescue_Car_ws/install/rosidl_typesupport_microxrcedds_cpp:/root/ros_ws/src/Rescue_Car_ws/install/rosidl_typesupport_microxrcedds_c_tests:/root/ros_ws/src/Rescue_Car_ws/install/rosidl_typesupport_microxrcedds_c:/root/ros_ws/src/Rescue_Car_ws/install/rosgraph_msgs:/root/ros_ws/src/Rescue_Car_ws/install/rclc_parameter:/root/ros_ws/src/Rescue_Car_ws/install/rclc:/root/ros_ws/src/Rescue_Car_ws/install/composition_interfaces:/root/ros_ws/src/Rescue_Car_ws/install/rcl_interfaces:/root/ros_ws/src/Rescue_Car_ws/install/microxrcedds_client:/root/ros_ws/src/Rescue_Car_ws/install/microcdr:/root/ros_ws/src/Rescue_Car_ws/install/micro_ros_utilities:/root/ros_ws/src/Rescue_Car_ws/install/micro_ros_setup:/root/ros_ws/src/Rescue_Car_ws/install/micro_ros_agent:/root/ros_ws/src/Rescue_Car_ws/install/micro_ros_msgs:/root/ros_ws/src/Rescue_Car_ws/install/lifecycle_msgs:/root/ros_ws/src/Rescue_Car_ws/install/complex_msgs:/root/ros_ws/src/Rescue_Car_ws/install/car:/root/ros_ws/src/Rescue_Car_ws/install/sensor_msgs_py:/opt/ros/humble LD_LIBRARY_PATH=/root/ros_ws/src/Rescue_Car_ws/install/geometry_msgs/lib:/root/ros_ws/src/Rescue_Car_ws/install/std_msgs/lib:/root/ros_ws/src/Rescue_Car_ws/install/builtin_interfaces/lib:/root/ros_ws/src/Rescue_Car_ws/install/visualization_msgs/lib:/root/ros_ws/src/Rescue_Car_ws/install/test_msgs/lib:/root/ros_ws/src/Rescue_Car_ws/install/example_interfaces/lib:/root/ros_ws/src/Rescue_Car_ws/install/action_msgs/lib:/root/ros_ws/src/Rescue_Car_ws/install/unique_identifier_msgs/lib:/root/ros_ws/src/Rescue_Car_ws/install/trajectory_msgs/lib:/root/ros_ws/src/Rescue_Car_ws/install/stereo_msgs/lib:/root/ros_ws/src/Rescue_Car_ws/install/std_srvs/lib:/root/ros_ws/src/Rescue_Car_ws/install/shape_msgs/lib:/root/ros_ws/src/Rescue_Car_ws/install/sensor_msgs/lib:/root/ros_ws/src/Rescue_Car_ws/install/nav_msgs/lib:/root/ros_ws/src/Rescue_Car_ws/install/diagnostic_msgs/lib:/root/ros_ws/src/Rescue_Car_ws/install/actionlib_msgs/lib:/root/ros_ws/src/Rescue_Car_ws/install/statistics_msgs/lib:/root/ros_ws/src/Rescue_Car_ws/install/rosidl_typesupport_microxrcedds_test_msg/lib:/root/ros_ws/src/Rescue_Car_ws/install/rmw_microxrcedds/lib:/root/ros_ws/src/Rescue_Car_ws/install/rosidl_typesupport_microxrcedds_cpp/lib:/root/ros_ws/src/Rescue_Car_ws/install/rosidl_typesupport_microxrcedds_c/lib:/root/ros_ws/src/Rescue_Car_ws/install/rosgraph_msgs/lib:/root/ros_ws/src/Rescue_Car_ws/install/rclc_parameter/lib:/root/ros_ws/src/Rescue_Car_ws/install/rclc/lib:/root/ros_ws/src/Rescue_Car_ws/install/composition_interfaces/lib:/root/ros_ws/src/Rescue_Car_ws/install/rcl_interfaces/lib:/root/ros_ws/src/Rescue_Car_ws/install/micro_ros_utilities/lib:/root/ros_ws/src/Rescue_Car_ws/install/micro_ros_agent/lib:/root/ros_ws/src/Rescue_Car_ws/install/micro_ros_msgs/lib:/root/ros_ws/src/Rescue_Car_ws/install/lifecycle_msgs/lib:/root/ros_ws/src/Rescue_Car_ws/install/complex_msgs/lib:/usr/lib/x86_64-linux-gnu/gazebo-11/plugins:/opt/ros/humble/opt/rviz_ogre_vendor/lib:/opt/ros/humble/lib/x86_64-linux-gnu:/opt/ros/humble/lib /usr/bin/cmake --install /root/ros_ws/src/Rescue_Car_ws/build/shape_msgs
[3.511s] Level 1:colcon.colcon_core.environment:create_environment_scripts_only(diagnostic_msgs)
[3.511s] Level 1:colcon.colcon_core.environment:checking '/root/ros_ws/src/Rescue_Car_ws/install/diagnostic_msgs' for CMake module files
[3.511s] DEBUG:colcon.colcon_core.event_handler.log_command:Invoked command in '/root/ros_ws/src/Rescue_Car_ws/build/rosidl_typesupport_microxrcedds_test_msg' returned '0': CMAKE_PREFIX_PATH=/root/ros_ws/src/Rescue_Car_ws/install/rmw_microxrcedds:/root/ros_ws/src/Rescue_Car_ws/install/rosidl_typesupport_microxrcedds_cpp:/root/ros_ws/src/Rescue_Car_ws/install/rosidl_typesupport_microxrcedds_c:/root/ros_ws/src/Rescue_Car_ws/install/microxrcedds_client:/root/ros_ws/src/Rescue_Car_ws/install/microcdr:/root/ros_ws/src/Rescue_Car_ws/install/micro_ros_msgs:/root/ros_ws/src/Rescue_Car_ws/install/builtin_interfaces:/root/ros_ws/src/Rescue_Car_ws/install/micro_ros_demos_rclc:/root/ros_ws/src/Rescue_Car_ws/install/common_interfaces:/root/ros_ws/src/Rescue_Car_ws/install/visualization_msgs:/root/ros_ws/src/Rescue_Car_ws/install/test_msgs:/root/ros_ws/src/Rescue_Car_ws/install/example_interfaces:/root/ros_ws/src/Rescue_Car_ws/install/action_msgs:/root/ros_ws/src/Rescue_Car_ws/install/unique_identifier_msgs:/root/ros_ws/src/Rescue_Car_ws/install/trajectory_msgs:/root/ros_ws/src/Rescue_Car_ws/install/stereo_msgs:/root/ros_ws/src/Rescue_Car_ws/install/std_srvs:/root/ros_ws/src/Rescue_Car_ws/install/shape_msgs:/root/ros_ws/src/Rescue_Car_ws/install/sensor_msgs:/root/ros_ws/src/Rescue_Car_ws/install/nav_msgs:/root/ros_ws/src/Rescue_Car_ws/install/diagnostic_msgs:/root/ros_ws/src/Rescue_Car_ws/install/geometry_msgs:/root/ros_ws/src/Rescue_Car_ws/install/actionlib_msgs:/root/ros_ws/src/Rescue_Car_ws/install/std_msgs:/root/ros_ws/src/Rescue_Car_ws/install/statistics_msgs:/root/ros_ws/src/Rescue_Car_ws/install/rosidl_typesupport_microxrcedds_test_msg:/root/ros_ws/src/Rescue_Car_ws/install/rosidl_typesupport_microxrcedds_cpp_tests:/root/ros_ws/src/Rescue_Car_ws/install/rosidl_typesupport_microxrcedds_c_tests:/root/ros_ws/src/Rescue_Car_ws/install/rosgraph_msgs:/root/ros_ws/src/Rescue_Car_ws/install/rclc_parameter:/root/ros_ws/src/Rescue_Car_ws/install/rclc:/root/ros_ws/src/Rescue_Car_ws/install/composition_interfaces:/root/ros_ws/src/Rescue_Car_ws/install/rcl_interfaces:/root/ros_ws/src/Rescue_Car_ws/install/micro_ros_utilities:/root/ros_ws/src/Rescue_Car_ws/install/micro_ros_setup:/root/ros_ws/src/Rescue_Car_ws/install/micro_ros_agent:/root/ros_ws/src/Rescue_Car_ws/install/lifecycle_msgs:/root/ros_ws/src/Rescue_Car_ws/install/complex_msgs:/root/ros_ws/src/Rescue_Car_ws/install/car:/root/ros_ws/src/Rescue_Car_ws/install/sensor_msgs_py:/opt/ros/humble LD_LIBRARY_PATH=/root/ros_ws/src/Rescue_Car_ws/install/rmw_microxrcedds/lib:/root/ros_ws/src/Rescue_Car_ws/install/micro_ros_msgs/lib:/root/ros_ws/src/Rescue_Car_ws/install/builtin_interfaces/lib:/root/ros_ws/src/Rescue_Car_ws/install/visualization_msgs/lib:/root/ros_ws/src/Rescue_Car_ws/install/test_msgs/lib:/root/ros_ws/src/Rescue_Car_ws/install/example_interfaces/lib:/root/ros_ws/src/Rescue_Car_ws/install/action_msgs/lib:/root/ros_ws/src/Rescue_Car_ws/install/unique_identifier_msgs/lib:/root/ros_ws/src/Rescue_Car_ws/install/trajectory_msgs/lib:/root/ros_ws/src/Rescue_Car_ws/install/stereo_msgs/lib:/root/ros_ws/src/Rescue_Car_ws/install/std_srvs/lib:/root/ros_ws/src/Rescue_Car_ws/install/shape_msgs/lib:/root/ros_ws/src/Rescue_Car_ws/install/sensor_msgs/lib:/root/ros_ws/src/Rescue_Car_ws/install/nav_msgs/lib:/root/ros_ws/src/Rescue_Car_ws/install/diagnostic_msgs/lib:/root/ros_ws/src/Rescue_Car_ws/install/geometry_msgs/lib:/root/ros_ws/src/Rescue_Car_ws/install/actionlib_msgs/lib:/root/ros_ws/src/Rescue_Car_ws/install/std_msgs/lib:/root/ros_ws/src/Rescue_Car_ws/install/statistics_msgs/lib:/root/ros_ws/src/Rescue_Car_ws/install/rosidl_typesupport_microxrcedds_test_msg/lib:/root/ros_ws/src/Rescue_Car_ws/install/rosidl_typesupport_microxrcedds_cpp/lib:/root/ros_ws/src/Rescue_Car_ws/install/rosidl_typesupport_microxrcedds_c/lib:/root/ros_ws/src/Rescue_Car_ws/install/rosgraph_msgs/lib:/root/ros_ws/src/Rescue_Car_ws/install/rclc_parameter/lib:/root/ros_ws/src/Rescue_Car_ws/install/rclc/lib:/root/ros_ws/src/Rescue_Car_ws/install/composition_interfaces/lib:/root/ros_ws/src/Rescue_Car_ws/install/rcl_interfaces/lib:/root/ros_ws/src/Rescue_Car_ws/install/micro_ros_utilities/lib:/root/ros_ws/src/Rescue_Car_ws/install/micro_ros_agent/lib:/root/ros_ws/src/Rescue_Car_ws/install/lifecycle_msgs/lib:/root/ros_ws/src/Rescue_Car_ws/install/complex_msgs/lib:/usr/lib/x86_64-linux-gnu/gazebo-11/plugins:/opt/ros/humble/opt/rviz_ogre_vendor/lib:/opt/ros/humble/lib/x86_64-linux-gnu:/opt/ros/humble/lib /usr/bin/cmake --build /root/ros_ws/src/Rescue_Car_ws/build/rosidl_typesupport_microxrcedds_test_msg -- -j20 -l20
[3.512s] DEBUG:colcon.colcon_core.event_handler.log_command:Invoking command in '/root/ros_ws/src/Rescue_Car_ws/build/rosidl_typesupport_microxrcedds_test_msg': CMAKE_PREFIX_PATH=/root/ros_ws/src/Rescue_Car_ws/install/rmw_microxrcedds:/root/ros_ws/src/Rescue_Car_ws/install/rosidl_typesupport_microxrcedds_cpp:/root/ros_ws/src/Rescue_Car_ws/install/rosidl_typesupport_microxrcedds_c:/root/ros_ws/src/Rescue_Car_ws/install/microxrcedds_client:/root/ros_ws/src/Rescue_Car_ws/install/microcdr:/root/ros_ws/src/Rescue_Car_ws/install/micro_ros_msgs:/root/ros_ws/src/Rescue_Car_ws/install/builtin_interfaces:/root/ros_ws/src/Rescue_Car_ws/install/micro_ros_demos_rclc:/root/ros_ws/src/Rescue_Car_ws/install/common_interfaces:/root/ros_ws/src/Rescue_Car_ws/install/visualization_msgs:/root/ros_ws/src/Rescue_Car_ws/install/test_msgs:/root/ros_ws/src/Rescue_Car_ws/install/example_interfaces:/root/ros_ws/src/Rescue_Car_ws/install/action_msgs:/root/ros_ws/src/Rescue_Car_ws/install/unique_identifier_msgs:/root/ros_ws/src/Rescue_Car_ws/install/trajectory_msgs:/root/ros_ws/src/Rescue_Car_ws/install/stereo_msgs:/root/ros_ws/src/Rescue_Car_ws/install/std_srvs:/root/ros_ws/src/Rescue_Car_ws/install/shape_msgs:/root/ros_ws/src/Rescue_Car_ws/install/sensor_msgs:/root/ros_ws/src/Rescue_Car_ws/install/nav_msgs:/root/ros_ws/src/Rescue_Car_ws/install/diagnostic_msgs:/root/ros_ws/src/Rescue_Car_ws/install/geometry_msgs:/root/ros_ws/src/Rescue_Car_ws/install/actionlib_msgs:/root/ros_ws/src/Rescue_Car_ws/install/std_msgs:/root/ros_ws/src/Rescue_Car_ws/install/statistics_msgs:/root/ros_ws/src/Rescue_Car_ws/install/rosidl_typesupport_microxrcedds_test_msg:/root/ros_ws/src/Rescue_Car_ws/install/rosidl_typesupport_microxrcedds_cpp_tests:/root/ros_ws/src/Rescue_Car_ws/install/rosidl_typesupport_microxrcedds_c_tests:/root/ros_ws/src/Rescue_Car_ws/install/rosgraph_msgs:/root/ros_ws/src/Rescue_Car_ws/install/rclc_parameter:/root/ros_ws/src/Rescue_Car_ws/install/rclc:/root/ros_ws/src/Rescue_Car_ws/install/composition_interfaces:/root/ros_ws/src/Rescue_Car_ws/install/rcl_interfaces:/root/ros_ws/src/Rescue_Car_ws/install/micro_ros_utilities:/root/ros_ws/src/Rescue_Car_ws/install/micro_ros_setup:/root/ros_ws/src/Rescue_Car_ws/install/micro_ros_agent:/root/ros_ws/src/Rescue_Car_ws/install/lifecycle_msgs:/root/ros_ws/src/Rescue_Car_ws/install/complex_msgs:/root/ros_ws/src/Rescue_Car_ws/install/car:/root/ros_ws/src/Rescue_Car_ws/install/sensor_msgs_py:/opt/ros/humble LD_LIBRARY_PATH=/root/ros_ws/src/Rescue_Car_ws/install/rmw_microxrcedds/lib:/root/ros_ws/src/Rescue_Car_ws/install/micro_ros_msgs/lib:/root/ros_ws/src/Rescue_Car_ws/install/builtin_interfaces/lib:/root/ros_ws/src/Rescue_Car_ws/install/visualization_msgs/lib:/root/ros_ws/src/Rescue_Car_ws/install/test_msgs/lib:/root/ros_ws/src/Rescue_Car_ws/install/example_interfaces/lib:/root/ros_ws/src/Rescue_Car_ws/install/action_msgs/lib:/root/ros_ws/src/Rescue_Car_ws/install/unique_identifier_msgs/lib:/root/ros_ws/src/Rescue_Car_ws/install/trajectory_msgs/lib:/root/ros_ws/src/Rescue_Car_ws/install/stereo_msgs/lib:/root/ros_ws/src/Rescue_Car_ws/install/std_srvs/lib:/root/ros_ws/src/Rescue_Car_ws/install/shape_msgs/lib:/root/ros_ws/src/Rescue_Car_ws/install/sensor_msgs/lib:/root/ros_ws/src/Rescue_Car_ws/install/nav_msgs/lib:/root/ros_ws/src/Rescue_Car_ws/install/diagnostic_msgs/lib:/root/ros_ws/src/Rescue_Car_ws/install/geometry_msgs/lib:/root/ros_ws/src/Rescue_Car_ws/install/actionlib_msgs/lib:/root/ros_ws/src/Rescue_Car_ws/install/std_msgs/lib:/root/ros_ws/src/Rescue_Car_ws/install/statistics_msgs/lib:/root/ros_ws/src/Rescue_Car_ws/install/rosidl_typesupport_microxrcedds_test_msg/lib:/root/ros_ws/src/Rescue_Car_ws/install/rosidl_typesupport_microxrcedds_cpp/lib:/root/ros_ws/src/Rescue_Car_ws/install/rosidl_typesupport_microxrcedds_c/lib:/root/ros_ws/src/Rescue_Car_ws/install/rosgraph_msgs/lib:/root/ros_ws/src/Rescue_Car_ws/install/rclc_parameter/lib:/root/ros_ws/src/Rescue_Car_ws/install/rclc/lib:/root/ros_ws/src/Rescue_Car_ws/install/composition_interfaces/lib:/root/ros_ws/src/Rescue_Car_ws/install/rcl_interfaces/lib:/root/ros_ws/src/Rescue_Car_ws/install/micro_ros_utilities/lib:/root/ros_ws/src/Rescue_Car_ws/install/micro_ros_agent/lib:/root/ros_ws/src/Rescue_Car_ws/install/lifecycle_msgs/lib:/root/ros_ws/src/Rescue_Car_ws/install/complex_msgs/lib:/usr/lib/x86_64-linux-gnu/gazebo-11/plugins:/opt/ros/humble/opt/rviz_ogre_vendor/lib:/opt/ros/humble/lib/x86_64-linux-gnu:/opt/ros/humble/lib /usr/bin/cmake --install /root/ros_ws/src/Rescue_Car_ws/build/rosidl_typesupport_microxrcedds_test_msg
[3.512s] DEBUG:colcon.colcon_core.event_handler.log_command:Invoked command in '/root/ros_ws/src/Rescue_Car_ws/build/trajectory_msgs' returned '0': CMAKE_PREFIX_PATH=/root/ros_ws/src/Rescue_Car_ws/install/geometry_msgs:/root/ros_ws/src/Rescue_Car_ws/install/std_msgs:/root/ros_ws/src/Rescue_Car_ws/install/builtin_interfaces:/root/ros_ws/src/Rescue_Car_ws/install/micro_ros_demos_rclc:/root/ros_ws/src/Rescue_Car_ws/install/common_interfaces:/root/ros_ws/src/Rescue_Car_ws/install/visualization_msgs:/root/ros_ws/src/Rescue_Car_ws/install/test_msgs:/root/ros_ws/src/Rescue_Car_ws/install/example_interfaces:/root/ros_ws/src/Rescue_Car_ws/install/action_msgs:/root/ros_ws/src/Rescue_Car_ws/install/unique_identifier_msgs:/root/ros_ws/src/Rescue_Car_ws/install/trajectory_msgs:/root/ros_ws/src/Rescue_Car_ws/install/stereo_msgs:/root/ros_ws/src/Rescue_Car_ws/install/std_srvs:/root/ros_ws/src/Rescue_Car_ws/install/shape_msgs:/root/ros_ws/src/Rescue_Car_ws/install/sensor_msgs:/root/ros_ws/src/Rescue_Car_ws/install/nav_msgs:/root/ros_ws/src/Rescue_Car_ws/install/diagnostic_msgs:/root/ros_ws/src/Rescue_Car_ws/install/actionlib_msgs:/root/ros_ws/src/Rescue_Car_ws/install/statistics_msgs:/root/ros_ws/src/Rescue_Car_ws/install/rosidl_typesupport_microxrcedds_test_msg:/root/ros_ws/src/Rescue_Car_ws/install/rosidl_typesupport_microxrcedds_cpp_tests:/root/ros_ws/src/Rescue_Car_ws/install/rmw_microxrcedds:/root/ros_ws/src/Rescue_Car_ws/install/rosidl_typesupport_microxrcedds_cpp:/root/ros_ws/src/Rescue_Car_ws/install/rosidl_typesupport_microxrcedds_c_tests:/root/ros_ws/src/Rescue_Car_ws/install/rosidl_typesupport_microxrcedds_c:/root/ros_ws/src/Rescue_Car_ws/install/rosgraph_msgs:/root/ros_ws/src/Rescue_Car_ws/install/rclc_parameter:/root/ros_ws/src/Rescue_Car_ws/install/rclc:/root/ros_ws/src/Rescue_Car_ws/install/composition_interfaces:/root/ros_ws/src/Rescue_Car_ws/install/rcl_interfaces:/root/ros_ws/src/Rescue_Car_ws/install/microxrcedds_client:/root/ros_ws/src/Rescue_Car_ws/install/microcdr:/root/ros_ws/src/Rescue_Car_ws/install/micro_ros_utilities:/root/ros_ws/src/Rescue_Car_ws/install/micro_ros_setup:/root/ros_ws/src/Rescue_Car_ws/install/micro_ros_agent:/root/ros_ws/src/Rescue_Car_ws/install/micro_ros_msgs:/root/ros_ws/src/Rescue_Car_ws/install/lifecycle_msgs:/root/ros_ws/src/Rescue_Car_ws/install/complex_msgs:/root/ros_ws/src/Rescue_Car_ws/install/car:/root/ros_ws/src/Rescue_Car_ws/install/sensor_msgs_py:/opt/ros/humble LD_LIBRARY_PATH=/root/ros_ws/src/Rescue_Car_ws/install/geometry_msgs/lib:/root/ros_ws/src/Rescue_Car_ws/install/std_msgs/lib:/root/ros_ws/src/Rescue_Car_ws/install/builtin_interfaces/lib:/root/ros_ws/src/Rescue_Car_ws/install/visualization_msgs/lib:/root/ros_ws/src/Rescue_Car_ws/install/test_msgs/lib:/root/ros_ws/src/Rescue_Car_ws/install/example_interfaces/lib:/root/ros_ws/src/Rescue_Car_ws/install/action_msgs/lib:/root/ros_ws/src/Rescue_Car_ws/install/unique_identifier_msgs/lib:/root/ros_ws/src/Rescue_Car_ws/install/trajectory_msgs/lib:/root/ros_ws/src/Rescue_Car_ws/install/stereo_msgs/lib:/root/ros_ws/src/Rescue_Car_ws/install/std_srvs/lib:/root/ros_ws/src/Rescue_Car_ws/install/shape_msgs/lib:/root/ros_ws/src/Rescue_Car_ws/install/sensor_msgs/lib:/root/ros_ws/src/Rescue_Car_ws/install/nav_msgs/lib:/root/ros_ws/src/Rescue_Car_ws/install/diagnostic_msgs/lib:/root/ros_ws/src/Rescue_Car_ws/install/actionlib_msgs/lib:/root/ros_ws/src/Rescue_Car_ws/install/statistics_msgs/lib:/root/ros_ws/src/Rescue_Car_ws/install/rosidl_typesupport_microxrcedds_test_msg/lib:/root/ros_ws/src/Rescue_Car_ws/install/rmw_microxrcedds/lib:/root/ros_ws/src/Rescue_Car_ws/install/rosidl_typesupport_microxrcedds_cpp/lib:/root/ros_ws/src/Rescue_Car_ws/install/rosidl_typesupport_microxrcedds_c/lib:/root/ros_ws/src/Rescue_Car_ws/install/rosgraph_msgs/lib:/root/ros_ws/src/Rescue_Car_ws/install/rclc_parameter/lib:/root/ros_ws/src/Rescue_Car_ws/install/rclc/lib:/root/ros_ws/src/Rescue_Car_ws/install/composition_interfaces/lib:/root/ros_ws/src/Rescue_Car_ws/install/rcl_interfaces/lib:/root/ros_ws/src/Rescue_Car_ws/install/micro_ros_utilities/lib:/root/ros_ws/src/Rescue_Car_ws/install/micro_ros_agent/lib:/root/ros_ws/src/Rescue_Car_ws/install/micro_ros_msgs/lib:/root/ros_ws/src/Rescue_Car_ws/install/lifecycle_msgs/lib:/root/ros_ws/src/Rescue_Car_ws/install/complex_msgs/lib:/usr/lib/x86_64-linux-gnu/gazebo-11/plugins:/opt/ros/humble/opt/rviz_ogre_vendor/lib:/opt/ros/humble/lib/x86_64-linux-gnu:/opt/ros/humble/lib /usr/bin/cmake --build /root/ros_ws/src/Rescue_Car_ws/build/trajectory_msgs -- -j20 -l20
[3.515s] Level 1:colcon.colcon_core.environment:checking '/root/ros_ws/src/Rescue_Car_ws/install/diagnostic_msgs' for CMake config files
[3.521s] DEBUG:colcon.colcon_core.event_handler.log_command:Invoking command in '/root/ros_ws/src/Rescue_Car_ws/build/trajectory_msgs': CMAKE_PREFIX_PATH=/root/ros_ws/src/Rescue_Car_ws/install/geometry_msgs:/root/ros_ws/src/Rescue_Car_ws/install/std_msgs:/root/ros_ws/src/Rescue_Car_ws/install/builtin_interfaces:/root/ros_ws/src/Rescue_Car_ws/install/micro_ros_demos_rclc:/root/ros_ws/src/Rescue_Car_ws/install/common_interfaces:/root/ros_ws/src/Rescue_Car_ws/install/visualization_msgs:/root/ros_ws/src/Rescue_Car_ws/install/test_msgs:/root/ros_ws/src/Rescue_Car_ws/install/example_interfaces:/root/ros_ws/src/Rescue_Car_ws/install/action_msgs:/root/ros_ws/src/Rescue_Car_ws/install/unique_identifier_msgs:/root/ros_ws/src/Rescue_Car_ws/install/trajectory_msgs:/root/ros_ws/src/Rescue_Car_ws/install/stereo_msgs:/root/ros_ws/src/Rescue_Car_ws/install/std_srvs:/root/ros_ws/src/Rescue_Car_ws/install/shape_msgs:/root/ros_ws/src/Rescue_Car_ws/install/sensor_msgs:/root/ros_ws/src/Rescue_Car_ws/install/nav_msgs:/root/ros_ws/src/Rescue_Car_ws/install/diagnostic_msgs:/root/ros_ws/src/Rescue_Car_ws/install/actionlib_msgs:/root/ros_ws/src/Rescue_Car_ws/install/statistics_msgs:/root/ros_ws/src/Rescue_Car_ws/install/rosidl_typesupport_microxrcedds_test_msg:/root/ros_ws/src/Rescue_Car_ws/install/rosidl_typesupport_microxrcedds_cpp_tests:/root/ros_ws/src/Rescue_Car_ws/install/rmw_microxrcedds:/root/ros_ws/src/Rescue_Car_ws/install/rosidl_typesupport_microxrcedds_cpp:/root/ros_ws/src/Rescue_Car_ws/install/rosidl_typesupport_microxrcedds_c_tests:/root/ros_ws/src/Rescue_Car_ws/install/rosidl_typesupport_microxrcedds_c:/root/ros_ws/src/Rescue_Car_ws/install/rosgraph_msgs:/root/ros_ws/src/Rescue_Car_ws/install/rclc_parameter:/root/ros_ws/src/Rescue_Car_ws/install/rclc:/root/ros_ws/src/Rescue_Car_ws/install/composition_interfaces:/root/ros_ws/src/Rescue_Car_ws/install/rcl_interfaces:/root/ros_ws/src/Rescue_Car_ws/install/microxrcedds_client:/root/ros_ws/src/Rescue_Car_ws/install/microcdr:/root/ros_ws/src/Rescue_Car_ws/install/micro_ros_utilities:/root/ros_ws/src/Rescue_Car_ws/install/micro_ros_setup:/root/ros_ws/src/Rescue_Car_ws/install/micro_ros_agent:/root/ros_ws/src/Rescue_Car_ws/install/micro_ros_msgs:/root/ros_ws/src/Rescue_Car_ws/install/lifecycle_msgs:/root/ros_ws/src/Rescue_Car_ws/install/complex_msgs:/root/ros_ws/src/Rescue_Car_ws/install/car:/root/ros_ws/src/Rescue_Car_ws/install/sensor_msgs_py:/opt/ros/humble LD_LIBRARY_PATH=/root/ros_ws/src/Rescue_Car_ws/install/geometry_msgs/lib:/root/ros_ws/src/Rescue_Car_ws/install/std_msgs/lib:/root/ros_ws/src/Rescue_Car_ws/install/builtin_interfaces/lib:/root/ros_ws/src/Rescue_Car_ws/install/visualization_msgs/lib:/root/ros_ws/src/Rescue_Car_ws/install/test_msgs/lib:/root/ros_ws/src/Rescue_Car_ws/install/example_interfaces/lib:/root/ros_ws/src/Rescue_Car_ws/install/action_msgs/lib:/root/ros_ws/src/Rescue_Car_ws/install/unique_identifier_msgs/lib:/root/ros_ws/src/Rescue_Car_ws/install/trajectory_msgs/lib:/root/ros_ws/src/Rescue_Car_ws/install/stereo_msgs/lib:/root/ros_ws/src/Rescue_Car_ws/install/std_srvs/lib:/root/ros_ws/src/Rescue_Car_ws/install/shape_msgs/lib:/root/ros_ws/src/Rescue_Car_ws/install/sensor_msgs/lib:/root/ros_ws/src/Rescue_Car_ws/install/nav_msgs/lib:/root/ros_ws/src/Rescue_Car_ws/install/diagnostic_msgs/lib:/root/ros_ws/src/Rescue_Car_ws/install/actionlib_msgs/lib:/root/ros_ws/src/Rescue_Car_ws/install/statistics_msgs/lib:/root/ros_ws/src/Rescue_Car_ws/install/rosidl_typesupport_microxrcedds_test_msg/lib:/root/ros_ws/src/Rescue_Car_ws/install/rmw_microxrcedds/lib:/root/ros_ws/src/Rescue_Car_ws/install/rosidl_typesupport_microxrcedds_cpp/lib:/root/ros_ws/src/Rescue_Car_ws/install/rosidl_typesupport_microxrcedds_c/lib:/root/ros_ws/src/Rescue_Car_ws/install/rosgraph_msgs/lib:/root/ros_ws/src/Rescue_Car_ws/install/rclc_parameter/lib:/root/ros_ws/src/Rescue_Car_ws/install/rclc/lib:/root/ros_ws/src/Rescue_Car_ws/install/composition_interfaces/lib:/root/ros_ws/src/Rescue_Car_ws/install/rcl_interfaces/lib:/root/ros_ws/src/Rescue_Car_ws/install/micro_ros_utilities/lib:/root/ros_ws/src/Rescue_Car_ws/install/micro_ros_agent/lib:/root/ros_ws/src/Rescue_Car_ws/install/micro_ros_msgs/lib:/root/ros_ws/src/Rescue_Car_ws/install/lifecycle_msgs/lib:/root/ros_ws/src/Rescue_Car_ws/install/complex_msgs/lib:/usr/lib/x86_64-linux-gnu/gazebo-11/plugins:/opt/ros/humble/opt/rviz_ogre_vendor/lib:/opt/ros/humble/lib/x86_64-linux-gnu:/opt/ros/humble/lib /usr/bin/cmake --install /root/ros_ws/src/Rescue_Car_ws/build/trajectory_msgs
[3.547s] Level 1:colcon.colcon_core.shell:create_environment_hook('diagnostic_msgs', 'cmake_prefix_path')
[3.547s] INFO:colcon.colcon_core.shell:Creating environment hook '/root/ros_ws/src/Rescue_Car_ws/install/diagnostic_msgs/share/diagnostic_msgs/hook/cmake_prefix_path.ps1'
[3.550s] INFO:colcon.colcon_core.shell:Creating environment descriptor '/root/ros_ws/src/Rescue_Car_ws/install/diagnostic_msgs/share/diagnostic_msgs/hook/cmake_prefix_path.dsv'
[3.555s] INFO:colcon.colcon_core.shell:Creating environment hook '/root/ros_ws/src/Rescue_Car_ws/install/diagnostic_msgs/share/diagnostic_msgs/hook/cmake_prefix_path.sh'
[3.560s] DEBUG:colcon.colcon_core.event_handler.log_command:Invoked command in '/root/ros_ws/src/Rescue_Car_ws/build/nav_msgs' returned '0': CMAKE_PREFIX_PATH=/root/ros_ws/src/Rescue_Car_ws/install/geometry_msgs:/root/ros_ws/src/Rescue_Car_ws/install/std_msgs:/root/ros_ws/src/Rescue_Car_ws/install/builtin_interfaces:/root/ros_ws/src/Rescue_Car_ws/install/micro_ros_demos_rclc:/root/ros_ws/src/Rescue_Car_ws/install/common_interfaces:/root/ros_ws/src/Rescue_Car_ws/install/visualization_msgs:/root/ros_ws/src/Rescue_Car_ws/install/test_msgs:/root/ros_ws/src/Rescue_Car_ws/install/example_interfaces:/root/ros_ws/src/Rescue_Car_ws/install/action_msgs:/root/ros_ws/src/Rescue_Car_ws/install/unique_identifier_msgs:/root/ros_ws/src/Rescue_Car_ws/install/trajectory_msgs:/root/ros_ws/src/Rescue_Car_ws/install/stereo_msgs:/root/ros_ws/src/Rescue_Car_ws/install/std_srvs:/root/ros_ws/src/Rescue_Car_ws/install/shape_msgs:/root/ros_ws/src/Rescue_Car_ws/install/sensor_msgs:/root/ros_ws/src/Rescue_Car_ws/install/nav_msgs:/root/ros_ws/src/Rescue_Car_ws/install/diagnostic_msgs:/root/ros_ws/src/Rescue_Car_ws/install/actionlib_msgs:/root/ros_ws/src/Rescue_Car_ws/install/statistics_msgs:/root/ros_ws/src/Rescue_Car_ws/install/rosidl_typesupport_microxrcedds_test_msg:/root/ros_ws/src/Rescue_Car_ws/install/rosidl_typesupport_microxrcedds_cpp_tests:/root/ros_ws/src/Rescue_Car_ws/install/rmw_microxrcedds:/root/ros_ws/src/Rescue_Car_ws/install/rosidl_typesupport_microxrcedds_cpp:/root/ros_ws/src/Rescue_Car_ws/install/rosidl_typesupport_microxrcedds_c_tests:/root/ros_ws/src/Rescue_Car_ws/install/rosidl_typesupport_microxrcedds_c:/root/ros_ws/src/Rescue_Car_ws/install/rosgraph_msgs:/root/ros_ws/src/Rescue_Car_ws/install/rclc_parameter:/root/ros_ws/src/Rescue_Car_ws/install/rclc:/root/ros_ws/src/Rescue_Car_ws/install/composition_interfaces:/root/ros_ws/src/Rescue_Car_ws/install/rcl_interfaces:/root/ros_ws/src/Rescue_Car_ws/install/microxrcedds_client:/root/ros_ws/src/Rescue_Car_ws/install/microcdr:/root/ros_ws/src/Rescue_Car_ws/install/micro_ros_utilities:/root/ros_ws/src/Rescue_Car_ws/install/micro_ros_setup:/root/ros_ws/src/Rescue_Car_ws/install/micro_ros_agent:/root/ros_ws/src/Rescue_Car_ws/install/micro_ros_msgs:/root/ros_ws/src/Rescue_Car_ws/install/lifecycle_msgs:/root/ros_ws/src/Rescue_Car_ws/install/complex_msgs:/root/ros_ws/src/Rescue_Car_ws/install/car:/root/ros_ws/src/Rescue_Car_ws/install/sensor_msgs_py:/opt/ros/humble LD_LIBRARY_PATH=/root/ros_ws/src/Rescue_Car_ws/install/geometry_msgs/lib:/root/ros_ws/src/Rescue_Car_ws/install/std_msgs/lib:/root/ros_ws/src/Rescue_Car_ws/install/builtin_interfaces/lib:/root/ros_ws/src/Rescue_Car_ws/install/visualization_msgs/lib:/root/ros_ws/src/Rescue_Car_ws/install/test_msgs/lib:/root/ros_ws/src/Rescue_Car_ws/install/example_interfaces/lib:/root/ros_ws/src/Rescue_Car_ws/install/action_msgs/lib:/root/ros_ws/src/Rescue_Car_ws/install/unique_identifier_msgs/lib:/root/ros_ws/src/Rescue_Car_ws/install/trajectory_msgs/lib:/root/ros_ws/src/Rescue_Car_ws/install/stereo_msgs/lib:/root/ros_ws/src/Rescue_Car_ws/install/std_srvs/lib:/root/ros_ws/src/Rescue_Car_ws/install/shape_msgs/lib:/root/ros_ws/src/Rescue_Car_ws/install/sensor_msgs/lib:/root/ros_ws/src/Rescue_Car_ws/install/nav_msgs/lib:/root/ros_ws/src/Rescue_Car_ws/install/diagnostic_msgs/lib:/root/ros_ws/src/Rescue_Car_ws/install/actionlib_msgs/lib:/root/ros_ws/src/Rescue_Car_ws/install/statistics_msgs/lib:/root/ros_ws/src/Rescue_Car_ws/install/rosidl_typesupport_microxrcedds_test_msg/lib:/root/ros_ws/src/Rescue_Car_ws/install/rmw_microxrcedds/lib:/root/ros_ws/src/Rescue_Car_ws/install/rosidl_typesupport_microxrcedds_cpp/lib:/root/ros_ws/src/Rescue_Car_ws/install/rosidl_typesupport_microxrcedds_c/lib:/root/ros_ws/src/Rescue_Car_ws/install/rosgraph_msgs/lib:/root/ros_ws/src/Rescue_Car_ws/install/rclc_parameter/lib:/root/ros_ws/src/Rescue_Car_ws/install/rclc/lib:/root/ros_ws/src/Rescue_Car_ws/install/composition_interfaces/lib:/root/ros_ws/src/Rescue_Car_ws/install/rcl_interfaces/lib:/root/ros_ws/src/Rescue_Car_ws/install/micro_ros_utilities/lib:/root/ros_ws/src/Rescue_Car_ws/install/micro_ros_agent/lib:/root/ros_ws/src/Rescue_Car_ws/install/micro_ros_msgs/lib:/root/ros_ws/src/Rescue_Car_ws/install/lifecycle_msgs/lib:/root/ros_ws/src/Rescue_Car_ws/install/complex_msgs/lib:/usr/lib/x86_64-linux-gnu/gazebo-11/plugins:/opt/ros/humble/opt/rviz_ogre_vendor/lib:/opt/ros/humble/lib/x86_64-linux-gnu:/opt/ros/humble/lib /usr/bin/cmake --build /root/ros_ws/src/Rescue_Car_ws/build/nav_msgs -- -j20 -l20
[3.561s] Level 1:colcon.colcon_core.environment:checking '/root/ros_ws/src/Rescue_Car_ws/install/diagnostic_msgs/lib'
[3.562s] Level 1:colcon.colcon_core.shell:create_environment_hook('diagnostic_msgs', 'ld_library_path_lib')
[3.562s] INFO:colcon.colcon_core.shell:Creating environment hook '/root/ros_ws/src/Rescue_Car_ws/install/diagnostic_msgs/share/diagnostic_msgs/hook/ld_library_path_lib.ps1'
[3.563s] DEBUG:colcon.colcon_core.event_handler.log_command:Invoking command in '/root/ros_ws/src/Rescue_Car_ws/build/nav_msgs': CMAKE_PREFIX_PATH=/root/ros_ws/src/Rescue_Car_ws/install/geometry_msgs:/root/ros_ws/src/Rescue_Car_ws/install/std_msgs:/root/ros_ws/src/Rescue_Car_ws/install/builtin_interfaces:/root/ros_ws/src/Rescue_Car_ws/install/micro_ros_demos_rclc:/root/ros_ws/src/Rescue_Car_ws/install/common_interfaces:/root/ros_ws/src/Rescue_Car_ws/install/visualization_msgs:/root/ros_ws/src/Rescue_Car_ws/install/test_msgs:/root/ros_ws/src/Rescue_Car_ws/install/example_interfaces:/root/ros_ws/src/Rescue_Car_ws/install/action_msgs:/root/ros_ws/src/Rescue_Car_ws/install/unique_identifier_msgs:/root/ros_ws/src/Rescue_Car_ws/install/trajectory_msgs:/root/ros_ws/src/Rescue_Car_ws/install/stereo_msgs:/root/ros_ws/src/Rescue_Car_ws/install/std_srvs:/root/ros_ws/src/Rescue_Car_ws/install/shape_msgs:/root/ros_ws/src/Rescue_Car_ws/install/sensor_msgs:/root/ros_ws/src/Rescue_Car_ws/install/nav_msgs:/root/ros_ws/src/Rescue_Car_ws/install/diagnostic_msgs:/root/ros_ws/src/Rescue_Car_ws/install/actionlib_msgs:/root/ros_ws/src/Rescue_Car_ws/install/statistics_msgs:/root/ros_ws/src/Rescue_Car_ws/install/rosidl_typesupport_microxrcedds_test_msg:/root/ros_ws/src/Rescue_Car_ws/install/rosidl_typesupport_microxrcedds_cpp_tests:/root/ros_ws/src/Rescue_Car_ws/install/rmw_microxrcedds:/root/ros_ws/src/Rescue_Car_ws/install/rosidl_typesupport_microxrcedds_cpp:/root/ros_ws/src/Rescue_Car_ws/install/rosidl_typesupport_microxrcedds_c_tests:/root/ros_ws/src/Rescue_Car_ws/install/rosidl_typesupport_microxrcedds_c:/root/ros_ws/src/Rescue_Car_ws/install/rosgraph_msgs:/root/ros_ws/src/Rescue_Car_ws/install/rclc_parameter:/root/ros_ws/src/Rescue_Car_ws/install/rclc:/root/ros_ws/src/Rescue_Car_ws/install/composition_interfaces:/root/ros_ws/src/Rescue_Car_ws/install/rcl_interfaces:/root/ros_ws/src/Rescue_Car_ws/install/microxrcedds_client:/root/ros_ws/src/Rescue_Car_ws/install/microcdr:/root/ros_ws/src/Rescue_Car_ws/install/micro_ros_utilities:/root/ros_ws/src/Rescue_Car_ws/install/micro_ros_setup:/root/ros_ws/src/Rescue_Car_ws/install/micro_ros_agent:/root/ros_ws/src/Rescue_Car_ws/install/micro_ros_msgs:/root/ros_ws/src/Rescue_Car_ws/install/lifecycle_msgs:/root/ros_ws/src/Rescue_Car_ws/install/complex_msgs:/root/ros_ws/src/Rescue_Car_ws/install/car:/root/ros_ws/src/Rescue_Car_ws/install/sensor_msgs_py:/opt/ros/humble LD_LIBRARY_PATH=/root/ros_ws/src/Rescue_Car_ws/install/geometry_msgs/lib:/root/ros_ws/src/Rescue_Car_ws/install/std_msgs/lib:/root/ros_ws/src/Rescue_Car_ws/install/builtin_interfaces/lib:/root/ros_ws/src/Rescue_Car_ws/install/visualization_msgs/lib:/root/ros_ws/src/Rescue_Car_ws/install/test_msgs/lib:/root/ros_ws/src/Rescue_Car_ws/install/example_interfaces/lib:/root/ros_ws/src/Rescue_Car_ws/install/action_msgs/lib:/root/ros_ws/src/Rescue_Car_ws/install/unique_identifier_msgs/lib:/root/ros_ws/src/Rescue_Car_ws/install/trajectory_msgs/lib:/root/ros_ws/src/Rescue_Car_ws/install/stereo_msgs/lib:/root/ros_ws/src/Rescue_Car_ws/install/std_srvs/lib:/root/ros_ws/src/Rescue_Car_ws/install/shape_msgs/lib:/root/ros_ws/src/Rescue_Car_ws/install/sensor_msgs/lib:/root/ros_ws/src/Rescue_Car_ws/install/nav_msgs/lib:/root/ros_ws/src/Rescue_Car_ws/install/diagnostic_msgs/lib:/root/ros_ws/src/Rescue_Car_ws/install/actionlib_msgs/lib:/root/ros_ws/src/Rescue_Car_ws/install/statistics_msgs/lib:/root/ros_ws/src/Rescue_Car_ws/install/rosidl_typesupport_microxrcedds_test_msg/lib:/root/ros_ws/src/Rescue_Car_ws/install/rmw_microxrcedds/lib:/root/ros_ws/src/Rescue_Car_ws/install/rosidl_typesupport_microxrcedds_cpp/lib:/root/ros_ws/src/Rescue_Car_ws/install/rosidl_typesupport_microxrcedds_c/lib:/root/ros_ws/src/Rescue_Car_ws/install/rosgraph_msgs/lib:/root/ros_ws/src/Rescue_Car_ws/install/rclc_parameter/lib:/root/ros_ws/src/Rescue_Car_ws/install/rclc/lib:/root/ros_ws/src/Rescue_Car_ws/install/composition_interfaces/lib:/root/ros_ws/src/Rescue_Car_ws/install/rcl_interfaces/lib:/root/ros_ws/src/Rescue_Car_ws/install/micro_ros_utilities/lib:/root/ros_ws/src/Rescue_Car_ws/install/micro_ros_agent/lib:/root/ros_ws/src/Rescue_Car_ws/install/micro_ros_msgs/lib:/root/ros_ws/src/Rescue_Car_ws/install/lifecycle_msgs/lib:/root/ros_ws/src/Rescue_Car_ws/install/complex_msgs/lib:/usr/lib/x86_64-linux-gnu/gazebo-11/plugins:/opt/ros/humble/opt/rviz_ogre_vendor/lib:/opt/ros/humble/lib/x86_64-linux-gnu:/opt/ros/humble/lib /usr/bin/cmake --install /root/ros_ws/src/Rescue_Car_ws/build/nav_msgs
[3.570s] INFO:colcon.colcon_core.shell:Creating environment descriptor '/root/ros_ws/src/Rescue_Car_ws/install/diagnostic_msgs/share/diagnostic_msgs/hook/ld_library_path_lib.dsv'
[3.575s] INFO:colcon.colcon_core.shell:Creating environment hook '/root/ros_ws/src/Rescue_Car_ws/install/diagnostic_msgs/share/diagnostic_msgs/hook/ld_library_path_lib.sh'
[3.577s] Level 1:colcon.colcon_core.environment:checking '/root/ros_ws/src/Rescue_Car_ws/install/diagnostic_msgs/bin'
[3.577s] Level 1:colcon.colcon_core.environment:checking '/root/ros_ws/src/Rescue_Car_ws/install/diagnostic_msgs/lib/pkgconfig/diagnostic_msgs.pc'
[3.577s] Level 1:colcon.colcon_core.environment:checking '/root/ros_ws/src/Rescue_Car_ws/install/diagnostic_msgs/lib/python3.10/site-packages'
[3.577s] Level 1:colcon.colcon_core.environment:checking '/root/ros_ws/src/Rescue_Car_ws/install/diagnostic_msgs/bin'
[3.578s] INFO:colcon.colcon_core.shell:Creating package script '/root/ros_ws/src/Rescue_Car_ws/install/diagnostic_msgs/share/diagnostic_msgs/package.ps1'
[3.582s] INFO:colcon.colcon_core.shell:Creating package descriptor '/root/ros_ws/src/Rescue_Car_ws/install/diagnostic_msgs/share/diagnostic_msgs/package.dsv'
[3.585s] INFO:colcon.colcon_core.shell:Creating package script '/root/ros_ws/src/Rescue_Car_ws/install/diagnostic_msgs/share/diagnostic_msgs/package.sh'
[3.589s] INFO:colcon.colcon_core.shell:Creating package script '/root/ros_ws/src/Rescue_Car_ws/install/diagnostic_msgs/share/diagnostic_msgs/package.bash'
[3.591s] INFO:colcon.colcon_core.shell:Creating package script '/root/ros_ws/src/Rescue_Car_ws/install/diagnostic_msgs/share/diagnostic_msgs/package.zsh'
[3.597s] DEBUG:colcon.colcon_core.event_handler.log_command:Invoked command in '/root/ros_ws/src/Rescue_Car_ws/build/diagnostic_msgs' returned '0': CMAKE_PREFIX_PATH=/root/ros_ws/src/Rescue_Car_ws/install/geometry_msgs:/root/ros_ws/src/Rescue_Car_ws/install/std_msgs:/root/ros_ws/src/Rescue_Car_ws/install/builtin_interfaces:/root/ros_ws/src/Rescue_Car_ws/install/micro_ros_demos_rclc:/root/ros_ws/src/Rescue_Car_ws/install/common_interfaces:/root/ros_ws/src/Rescue_Car_ws/install/visualization_msgs:/root/ros_ws/src/Rescue_Car_ws/install/test_msgs:/root/ros_ws/src/Rescue_Car_ws/install/example_interfaces:/root/ros_ws/src/Rescue_Car_ws/install/action_msgs:/root/ros_ws/src/Rescue_Car_ws/install/unique_identifier_msgs:/root/ros_ws/src/Rescue_Car_ws/install/trajectory_msgs:/root/ros_ws/src/Rescue_Car_ws/install/stereo_msgs:/root/ros_ws/src/Rescue_Car_ws/install/std_srvs:/root/ros_ws/src/Rescue_Car_ws/install/shape_msgs:/root/ros_ws/src/Rescue_Car_ws/install/sensor_msgs:/root/ros_ws/src/Rescue_Car_ws/install/nav_msgs:/root/ros_ws/src/Rescue_Car_ws/install/diagnostic_msgs:/root/ros_ws/src/Rescue_Car_ws/install/actionlib_msgs:/root/ros_ws/src/Rescue_Car_ws/install/statistics_msgs:/root/ros_ws/src/Rescue_Car_ws/install/rosidl_typesupport_microxrcedds_test_msg:/root/ros_ws/src/Rescue_Car_ws/install/rosidl_typesupport_microxrcedds_cpp_tests:/root/ros_ws/src/Rescue_Car_ws/install/rmw_microxrcedds:/root/ros_ws/src/Rescue_Car_ws/install/rosidl_typesupport_microxrcedds_cpp:/root/ros_ws/src/Rescue_Car_ws/install/rosidl_typesupport_microxrcedds_c_tests:/root/ros_ws/src/Rescue_Car_ws/install/rosidl_typesupport_microxrcedds_c:/root/ros_ws/src/Rescue_Car_ws/install/rosgraph_msgs:/root/ros_ws/src/Rescue_Car_ws/install/rclc_parameter:/root/ros_ws/src/Rescue_Car_ws/install/rclc:/root/ros_ws/src/Rescue_Car_ws/install/composition_interfaces:/root/ros_ws/src/Rescue_Car_ws/install/rcl_interfaces:/root/ros_ws/src/Rescue_Car_ws/install/microxrcedds_client:/root/ros_ws/src/Rescue_Car_ws/install/microcdr:/root/ros_ws/src/Rescue_Car_ws/install/micro_ros_utilities:/root/ros_ws/src/Rescue_Car_ws/install/micro_ros_setup:/root/ros_ws/src/Rescue_Car_ws/install/micro_ros_agent:/root/ros_ws/src/Rescue_Car_ws/install/micro_ros_msgs:/root/ros_ws/src/Rescue_Car_ws/install/lifecycle_msgs:/root/ros_ws/src/Rescue_Car_ws/install/complex_msgs:/root/ros_ws/src/Rescue_Car_ws/install/car:/root/ros_ws/src/Rescue_Car_ws/install/sensor_msgs_py:/opt/ros/humble LD_LIBRARY_PATH=/root/ros_ws/src/Rescue_Car_ws/install/geometry_msgs/lib:/root/ros_ws/src/Rescue_Car_ws/install/std_msgs/lib:/root/ros_ws/src/Rescue_Car_ws/install/builtin_interfaces/lib:/root/ros_ws/src/Rescue_Car_ws/install/visualization_msgs/lib:/root/ros_ws/src/Rescue_Car_ws/install/test_msgs/lib:/root/ros_ws/src/Rescue_Car_ws/install/example_interfaces/lib:/root/ros_ws/src/Rescue_Car_ws/install/action_msgs/lib:/root/ros_ws/src/Rescue_Car_ws/install/unique_identifier_msgs/lib:/root/ros_ws/src/Rescue_Car_ws/install/trajectory_msgs/lib:/root/ros_ws/src/Rescue_Car_ws/install/stereo_msgs/lib:/root/ros_ws/src/Rescue_Car_ws/install/std_srvs/lib:/root/ros_ws/src/Rescue_Car_ws/install/shape_msgs/lib:/root/ros_ws/src/Rescue_Car_ws/install/sensor_msgs/lib:/root/ros_ws/src/Rescue_Car_ws/install/nav_msgs/lib:/root/ros_ws/src/Rescue_Car_ws/install/diagnostic_msgs/lib:/root/ros_ws/src/Rescue_Car_ws/install/actionlib_msgs/lib:/root/ros_ws/src/Rescue_Car_ws/install/statistics_msgs/lib:/root/ros_ws/src/Rescue_Car_ws/install/rosidl_typesupport_microxrcedds_test_msg/lib:/root/ros_ws/src/Rescue_Car_ws/install/rmw_microxrcedds/lib:/root/ros_ws/src/Rescue_Car_ws/install/rosidl_typesupport_microxrcedds_cpp/lib:/root/ros_ws/src/Rescue_Car_ws/install/rosidl_typesupport_microxrcedds_c/lib:/root/ros_ws/src/Rescue_Car_ws/install/rosgraph_msgs/lib:/root/ros_ws/src/Rescue_Car_ws/install/rclc_parameter/lib:/root/ros_ws/src/Rescue_Car_ws/install/rclc/lib:/root/ros_ws/src/Rescue_Car_ws/install/composition_interfaces/lib:/root/ros_ws/src/Rescue_Car_ws/install/rcl_interfaces/lib:/root/ros_ws/src/Rescue_Car_ws/install/micro_ros_utilities/lib:/root/ros_ws/src/Rescue_Car_ws/install/micro_ros_agent/lib:/root/ros_ws/src/Rescue_Car_ws/install/micro_ros_msgs/lib:/root/ros_ws/src/Rescue_Car_ws/install/lifecycle_msgs/lib:/root/ros_ws/src/Rescue_Car_ws/install/complex_msgs/lib:/usr/lib/x86_64-linux-gnu/gazebo-11/plugins:/opt/ros/humble/opt/rviz_ogre_vendor/lib:/opt/ros/humble/lib/x86_64-linux-gnu:/opt/ros/humble/lib /usr/bin/cmake --install /root/ros_ws/src/Rescue_Car_ws/build/diagnostic_msgs
[3.600s] Level 1:colcon.colcon_core.environment:create_file_with_runtime_dependencies(/root/ros_ws/src/Rescue_Car_ws/install/diagnostic_msgs/share/colcon-core/packages/diagnostic_msgs)
[3.608s] Level 1:colcon.colcon_core.environment:create_environment_scripts_only(sensor_msgs)
[3.608s] Level 1:colcon.colcon_core.environment:checking '/root/ros_ws/src/Rescue_Car_ws/install/sensor_msgs' for CMake module files
[3.620s] Level 1:colcon.colcon_core.environment:checking '/root/ros_ws/src/Rescue_Car_ws/install/sensor_msgs' for CMake config files
[3.632s] DEBUG:colcon.colcon_core.event_handler.log_command:Invoked command in '/root/ros_ws/src/Rescue_Car_ws/build/sensor_msgs' returned '0': CMAKE_PREFIX_PATH=/root/ros_ws/src/Rescue_Car_ws/install/geometry_msgs:/root/ros_ws/src/Rescue_Car_ws/install/std_msgs:/root/ros_ws/src/Rescue_Car_ws/install/builtin_interfaces:/root/ros_ws/src/Rescue_Car_ws/install/micro_ros_demos_rclc:/root/ros_ws/src/Rescue_Car_ws/install/common_interfaces:/root/ros_ws/src/Rescue_Car_ws/install/visualization_msgs:/root/ros_ws/src/Rescue_Car_ws/install/test_msgs:/root/ros_ws/src/Rescue_Car_ws/install/example_interfaces:/root/ros_ws/src/Rescue_Car_ws/install/action_msgs:/root/ros_ws/src/Rescue_Car_ws/install/unique_identifier_msgs:/root/ros_ws/src/Rescue_Car_ws/install/trajectory_msgs:/root/ros_ws/src/Rescue_Car_ws/install/stereo_msgs:/root/ros_ws/src/Rescue_Car_ws/install/std_srvs:/root/ros_ws/src/Rescue_Car_ws/install/shape_msgs:/root/ros_ws/src/Rescue_Car_ws/install/sensor_msgs:/root/ros_ws/src/Rescue_Car_ws/install/nav_msgs:/root/ros_ws/src/Rescue_Car_ws/install/diagnostic_msgs:/root/ros_ws/src/Rescue_Car_ws/install/actionlib_msgs:/root/ros_ws/src/Rescue_Car_ws/install/statistics_msgs:/root/ros_ws/src/Rescue_Car_ws/install/rosidl_typesupport_microxrcedds_test_msg:/root/ros_ws/src/Rescue_Car_ws/install/rosidl_typesupport_microxrcedds_cpp_tests:/root/ros_ws/src/Rescue_Car_ws/install/rmw_microxrcedds:/root/ros_ws/src/Rescue_Car_ws/install/rosidl_typesupport_microxrcedds_cpp:/root/ros_ws/src/Rescue_Car_ws/install/rosidl_typesupport_microxrcedds_c_tests:/root/ros_ws/src/Rescue_Car_ws/install/rosidl_typesupport_microxrcedds_c:/root/ros_ws/src/Rescue_Car_ws/install/rosgraph_msgs:/root/ros_ws/src/Rescue_Car_ws/install/rclc_parameter:/root/ros_ws/src/Rescue_Car_ws/install/rclc:/root/ros_ws/src/Rescue_Car_ws/install/composition_interfaces:/root/ros_ws/src/Rescue_Car_ws/install/rcl_interfaces:/root/ros_ws/src/Rescue_Car_ws/install/microxrcedds_client:/root/ros_ws/src/Rescue_Car_ws/install/microcdr:/root/ros_ws/src/Rescue_Car_ws/install/micro_ros_utilities:/root/ros_ws/src/Rescue_Car_ws/install/micro_ros_setup:/root/ros_ws/src/Rescue_Car_ws/install/micro_ros_agent:/root/ros_ws/src/Rescue_Car_ws/install/micro_ros_msgs:/root/ros_ws/src/Rescue_Car_ws/install/lifecycle_msgs:/root/ros_ws/src/Rescue_Car_ws/install/complex_msgs:/root/ros_ws/src/Rescue_Car_ws/install/car:/root/ros_ws/src/Rescue_Car_ws/install/sensor_msgs_py:/opt/ros/humble LD_LIBRARY_PATH=/root/ros_ws/src/Rescue_Car_ws/install/geometry_msgs/lib:/root/ros_ws/src/Rescue_Car_ws/install/std_msgs/lib:/root/ros_ws/src/Rescue_Car_ws/install/builtin_interfaces/lib:/root/ros_ws/src/Rescue_Car_ws/install/visualization_msgs/lib:/root/ros_ws/src/Rescue_Car_ws/install/test_msgs/lib:/root/ros_ws/src/Rescue_Car_ws/install/example_interfaces/lib:/root/ros_ws/src/Rescue_Car_ws/install/action_msgs/lib:/root/ros_ws/src/Rescue_Car_ws/install/unique_identifier_msgs/lib:/root/ros_ws/src/Rescue_Car_ws/install/trajectory_msgs/lib:/root/ros_ws/src/Rescue_Car_ws/install/stereo_msgs/lib:/root/ros_ws/src/Rescue_Car_ws/install/std_srvs/lib:/root/ros_ws/src/Rescue_Car_ws/install/shape_msgs/lib:/root/ros_ws/src/Rescue_Car_ws/install/sensor_msgs/lib:/root/ros_ws/src/Rescue_Car_ws/install/nav_msgs/lib:/root/ros_ws/src/Rescue_Car_ws/install/diagnostic_msgs/lib:/root/ros_ws/src/Rescue_Car_ws/install/actionlib_msgs/lib:/root/ros_ws/src/Rescue_Car_ws/install/statistics_msgs/lib:/root/ros_ws/src/Rescue_Car_ws/install/rosidl_typesupport_microxrcedds_test_msg/lib:/root/ros_ws/src/Rescue_Car_ws/install/rmw_microxrcedds/lib:/root/ros_ws/src/Rescue_Car_ws/install/rosidl_typesupport_microxrcedds_cpp/lib:/root/ros_ws/src/Rescue_Car_ws/install/rosidl_typesupport_microxrcedds_c/lib:/root/ros_ws/src/Rescue_Car_ws/install/rosgraph_msgs/lib:/root/ros_ws/src/Rescue_Car_ws/install/rclc_parameter/lib:/root/ros_ws/src/Rescue_Car_ws/install/rclc/lib:/root/ros_ws/src/Rescue_Car_ws/install/composition_interfaces/lib:/root/ros_ws/src/Rescue_Car_ws/install/rcl_interfaces/lib:/root/ros_ws/src/Rescue_Car_ws/install/micro_ros_utilities/lib:/root/ros_ws/src/Rescue_Car_ws/install/micro_ros_agent/lib:/root/ros_ws/src/Rescue_Car_ws/install/micro_ros_msgs/lib:/root/ros_ws/src/Rescue_Car_ws/install/lifecycle_msgs/lib:/root/ros_ws/src/Rescue_Car_ws/install/complex_msgs/lib:/usr/lib/x86_64-linux-gnu/gazebo-11/plugins:/opt/ros/humble/opt/rviz_ogre_vendor/lib:/opt/ros/humble/lib/x86_64-linux-gnu:/opt/ros/humble/lib /usr/bin/cmake --install /root/ros_ws/src/Rescue_Car_ws/build/sensor_msgs
[3.632s] Level 1:colcon.colcon_core.shell:create_environment_hook('sensor_msgs', 'cmake_prefix_path')
[3.632s] INFO:colcon.colcon_core.shell:Creating environment hook '/root/ros_ws/src/Rescue_Car_ws/install/sensor_msgs/share/sensor_msgs/hook/cmake_prefix_path.ps1'
[3.633s] INFO:colcon.colcon_core.shell:Creating environment descriptor '/root/ros_ws/src/Rescue_Car_ws/install/sensor_msgs/share/sensor_msgs/hook/cmake_prefix_path.dsv'
[3.633s] INFO:colcon.colcon_core.shell:Creating environment hook '/root/ros_ws/src/Rescue_Car_ws/install/sensor_msgs/share/sensor_msgs/hook/cmake_prefix_path.sh'
[3.633s] Level 1:colcon.colcon_core.environment:checking '/root/ros_ws/src/Rescue_Car_ws/install/sensor_msgs/lib'
[3.633s] Level 1:colcon.colcon_core.shell:create_environment_hook('sensor_msgs', 'ld_library_path_lib')
[3.634s] INFO:colcon.colcon_core.shell:Creating environment hook '/root/ros_ws/src/Rescue_Car_ws/install/sensor_msgs/share/sensor_msgs/hook/ld_library_path_lib.ps1'
[3.634s] INFO:colcon.colcon_core.shell:Creating environment descriptor '/root/ros_ws/src/Rescue_Car_ws/install/sensor_msgs/share/sensor_msgs/hook/ld_library_path_lib.dsv'
[3.634s] INFO:colcon.colcon_core.shell:Creating environment hook '/root/ros_ws/src/Rescue_Car_ws/install/sensor_msgs/share/sensor_msgs/hook/ld_library_path_lib.sh'
[3.634s] Level 1:colcon.colcon_core.environment:checking '/root/ros_ws/src/Rescue_Car_ws/install/sensor_msgs/bin'
[3.634s] Level 1:colcon.colcon_core.environment:checking '/root/ros_ws/src/Rescue_Car_ws/install/sensor_msgs/lib/pkgconfig/sensor_msgs.pc'
[3.634s] Level 1:colcon.colcon_core.environment:checking '/root/ros_ws/src/Rescue_Car_ws/install/sensor_msgs/lib/python3.10/site-packages'
[3.635s] Level 1:colcon.colcon_core.environment:checking '/root/ros_ws/src/Rescue_Car_ws/install/sensor_msgs/bin'
[3.635s] INFO:colcon.colcon_core.shell:Creating package script '/root/ros_ws/src/Rescue_Car_ws/install/sensor_msgs/share/sensor_msgs/package.ps1'
[3.635s] INFO:colcon.colcon_core.shell:Creating package descriptor '/root/ros_ws/src/Rescue_Car_ws/install/sensor_msgs/share/sensor_msgs/package.dsv'
[3.635s] INFO:colcon.colcon_core.shell:Creating package script '/root/ros_ws/src/Rescue_Car_ws/install/sensor_msgs/share/sensor_msgs/package.sh'
[3.636s] INFO:colcon.colcon_core.shell:Creating package script '/root/ros_ws/src/Rescue_Car_ws/install/sensor_msgs/share/sensor_msgs/package.bash'
[3.636s] INFO:colcon.colcon_core.shell:Creating package script '/root/ros_ws/src/Rescue_Car_ws/install/sensor_msgs/share/sensor_msgs/package.zsh'
[3.636s] Level 1:colcon.colcon_core.environment:create_file_with_runtime_dependencies(/root/ros_ws/src/Rescue_Car_ws/install/sensor_msgs/share/colcon-core/packages/sensor_msgs)
[3.636s] Level 1:colcon.colcon_core.environment:create_environment_scripts_only(sensor_msgs)
[3.637s] Level 1:colcon.colcon_core.environment:checking '/root/ros_ws/src/Rescue_Car_ws/install/sensor_msgs' for CMake module files
[3.637s] Level 1:colcon.colcon_core.environment:checking '/root/ros_ws/src/Rescue_Car_ws/install/sensor_msgs' for CMake config files
[3.637s] Level 1:colcon.colcon_core.shell:create_environment_hook('sensor_msgs', 'cmake_prefix_path')
[3.638s] INFO:colcon.colcon_core.shell:Creating environment hook '/root/ros_ws/src/Rescue_Car_ws/install/sensor_msgs/share/sensor_msgs/hook/cmake_prefix_path.ps1'
[3.638s] INFO:colcon.colcon_core.shell:Creating environment descriptor '/root/ros_ws/src/Rescue_Car_ws/install/sensor_msgs/share/sensor_msgs/hook/cmake_prefix_path.dsv'
[3.638s] INFO:colcon.colcon_core.shell:Creating environment hook '/root/ros_ws/src/Rescue_Car_ws/install/sensor_msgs/share/sensor_msgs/hook/cmake_prefix_path.sh'
[3.638s] Level 1:colcon.colcon_core.environment:checking '/root/ros_ws/src/Rescue_Car_ws/install/sensor_msgs/lib'
[3.638s] Level 1:colcon.colcon_core.shell:create_environment_hook('sensor_msgs', 'ld_library_path_lib')
[3.639s] INFO:colcon.colcon_core.shell:Creating environment hook '/root/ros_ws/src/Rescue_Car_ws/install/sensor_msgs/share/sensor_msgs/hook/ld_library_path_lib.ps1'
[3.639s] INFO:colcon.colcon_core.shell:Creating environment descriptor '/root/ros_ws/src/Rescue_Car_ws/install/sensor_msgs/share/sensor_msgs/hook/ld_library_path_lib.dsv'
[3.639s] INFO:colcon.colcon_core.shell:Creating environment hook '/root/ros_ws/src/Rescue_Car_ws/install/sensor_msgs/share/sensor_msgs/hook/ld_library_path_lib.sh'
[3.639s] Level 1:colcon.colcon_core.environment:checking '/root/ros_ws/src/Rescue_Car_ws/install/sensor_msgs/bin'
[3.639s] Level 1:colcon.colcon_core.environment:checking '/root/ros_ws/src/Rescue_Car_ws/install/sensor_msgs/lib/pkgconfig/sensor_msgs.pc'
[3.639s] Level 1:colcon.colcon_core.environment:checking '/root/ros_ws/src/Rescue_Car_ws/install/sensor_msgs/lib/python3.10/site-packages'
[3.639s] Level 1:colcon.colcon_core.environment:checking '/root/ros_ws/src/Rescue_Car_ws/install/sensor_msgs/bin'
[3.640s] INFO:colcon.colcon_core.shell:Creating package script '/root/ros_ws/src/Rescue_Car_ws/install/sensor_msgs/share/sensor_msgs/package.ps1'
[3.640s] INFO:colcon.colcon_core.shell:Creating package descriptor '/root/ros_ws/src/Rescue_Car_ws/install/sensor_msgs/share/sensor_msgs/package.dsv'
[3.640s] INFO:colcon.colcon_core.shell:Creating package script '/root/ros_ws/src/Rescue_Car_ws/install/sensor_msgs/share/sensor_msgs/package.sh'
[3.641s] INFO:colcon.colcon_core.shell:Creating package script '/root/ros_ws/src/Rescue_Car_ws/install/sensor_msgs/share/sensor_msgs/package.bash'
[3.641s] INFO:colcon.colcon_core.shell:Creating package script '/root/ros_ws/src/Rescue_Car_ws/install/sensor_msgs/share/sensor_msgs/package.zsh'
[3.641s] Level 1:colcon.colcon_core.environment:create_file_with_runtime_dependencies(/root/ros_ws/src/Rescue_Car_ws/install/sensor_msgs/share/colcon-core/packages/sensor_msgs)
[3.641s] Level 1:colcon.colcon_core.environment:create_environment_scripts_only(shape_msgs)
[3.641s] Level 1:colcon.colcon_core.environment:checking '/root/ros_ws/src/Rescue_Car_ws/install/shape_msgs' for CMake module files
[3.643s] DEBUG:colcon.colcon_core.event_handler.log_command:Invoked command in '/root/ros_ws/src/Rescue_Car_ws/build/shape_msgs' returned '0': CMAKE_PREFIX_PATH=/root/ros_ws/src/Rescue_Car_ws/install/geometry_msgs:/root/ros_ws/src/Rescue_Car_ws/install/std_msgs:/root/ros_ws/src/Rescue_Car_ws/install/builtin_interfaces:/root/ros_ws/src/Rescue_Car_ws/install/micro_ros_demos_rclc:/root/ros_ws/src/Rescue_Car_ws/install/common_interfaces:/root/ros_ws/src/Rescue_Car_ws/install/visualization_msgs:/root/ros_ws/src/Rescue_Car_ws/install/test_msgs:/root/ros_ws/src/Rescue_Car_ws/install/example_interfaces:/root/ros_ws/src/Rescue_Car_ws/install/action_msgs:/root/ros_ws/src/Rescue_Car_ws/install/unique_identifier_msgs:/root/ros_ws/src/Rescue_Car_ws/install/trajectory_msgs:/root/ros_ws/src/Rescue_Car_ws/install/stereo_msgs:/root/ros_ws/src/Rescue_Car_ws/install/std_srvs:/root/ros_ws/src/Rescue_Car_ws/install/shape_msgs:/root/ros_ws/src/Rescue_Car_ws/install/sensor_msgs:/root/ros_ws/src/Rescue_Car_ws/install/nav_msgs:/root/ros_ws/src/Rescue_Car_ws/install/diagnostic_msgs:/root/ros_ws/src/Rescue_Car_ws/install/actionlib_msgs:/root/ros_ws/src/Rescue_Car_ws/install/statistics_msgs:/root/ros_ws/src/Rescue_Car_ws/install/rosidl_typesupport_microxrcedds_test_msg:/root/ros_ws/src/Rescue_Car_ws/install/rosidl_typesupport_microxrcedds_cpp_tests:/root/ros_ws/src/Rescue_Car_ws/install/rmw_microxrcedds:/root/ros_ws/src/Rescue_Car_ws/install/rosidl_typesupport_microxrcedds_cpp:/root/ros_ws/src/Rescue_Car_ws/install/rosidl_typesupport_microxrcedds_c_tests:/root/ros_ws/src/Rescue_Car_ws/install/rosidl_typesupport_microxrcedds_c:/root/ros_ws/src/Rescue_Car_ws/install/rosgraph_msgs:/root/ros_ws/src/Rescue_Car_ws/install/rclc_parameter:/root/ros_ws/src/Rescue_Car_ws/install/rclc:/root/ros_ws/src/Rescue_Car_ws/install/composition_interfaces:/root/ros_ws/src/Rescue_Car_ws/install/rcl_interfaces:/root/ros_ws/src/Rescue_Car_ws/install/microxrcedds_client:/root/ros_ws/src/Rescue_Car_ws/install/microcdr:/root/ros_ws/src/Rescue_Car_ws/install/micro_ros_utilities:/root/ros_ws/src/Rescue_Car_ws/install/micro_ros_setup:/root/ros_ws/src/Rescue_Car_ws/install/micro_ros_agent:/root/ros_ws/src/Rescue_Car_ws/install/micro_ros_msgs:/root/ros_ws/src/Rescue_Car_ws/install/lifecycle_msgs:/root/ros_ws/src/Rescue_Car_ws/install/complex_msgs:/root/ros_ws/src/Rescue_Car_ws/install/car:/root/ros_ws/src/Rescue_Car_ws/install/sensor_msgs_py:/opt/ros/humble LD_LIBRARY_PATH=/root/ros_ws/src/Rescue_Car_ws/install/geometry_msgs/lib:/root/ros_ws/src/Rescue_Car_ws/install/std_msgs/lib:/root/ros_ws/src/Rescue_Car_ws/install/builtin_interfaces/lib:/root/ros_ws/src/Rescue_Car_ws/install/visualization_msgs/lib:/root/ros_ws/src/Rescue_Car_ws/install/test_msgs/lib:/root/ros_ws/src/Rescue_Car_ws/install/example_interfaces/lib:/root/ros_ws/src/Rescue_Car_ws/install/action_msgs/lib:/root/ros_ws/src/Rescue_Car_ws/install/unique_identifier_msgs/lib:/root/ros_ws/src/Rescue_Car_ws/install/trajectory_msgs/lib:/root/ros_ws/src/Rescue_Car_ws/install/stereo_msgs/lib:/root/ros_ws/src/Rescue_Car_ws/install/std_srvs/lib:/root/ros_ws/src/Rescue_Car_ws/install/shape_msgs/lib:/root/ros_ws/src/Rescue_Car_ws/install/sensor_msgs/lib:/root/ros_ws/src/Rescue_Car_ws/install/nav_msgs/lib:/root/ros_ws/src/Rescue_Car_ws/install/diagnostic_msgs/lib:/root/ros_ws/src/Rescue_Car_ws/install/actionlib_msgs/lib:/root/ros_ws/src/Rescue_Car_ws/install/statistics_msgs/lib:/root/ros_ws/src/Rescue_Car_ws/install/rosidl_typesupport_microxrcedds_test_msg/lib:/root/ros_ws/src/Rescue_Car_ws/install/rmw_microxrcedds/lib:/root/ros_ws/src/Rescue_Car_ws/install/rosidl_typesupport_microxrcedds_cpp/lib:/root/ros_ws/src/Rescue_Car_ws/install/rosidl_typesupport_microxrcedds_c/lib:/root/ros_ws/src/Rescue_Car_ws/install/rosgraph_msgs/lib:/root/ros_ws/src/Rescue_Car_ws/install/rclc_parameter/lib:/root/ros_ws/src/Rescue_Car_ws/install/rclc/lib:/root/ros_ws/src/Rescue_Car_ws/install/composition_interfaces/lib:/root/ros_ws/src/Rescue_Car_ws/install/rcl_interfaces/lib:/root/ros_ws/src/Rescue_Car_ws/install/micro_ros_utilities/lib:/root/ros_ws/src/Rescue_Car_ws/install/micro_ros_agent/lib:/root/ros_ws/src/Rescue_Car_ws/install/micro_ros_msgs/lib:/root/ros_ws/src/Rescue_Car_ws/install/lifecycle_msgs/lib:/root/ros_ws/src/Rescue_Car_ws/install/complex_msgs/lib:/usr/lib/x86_64-linux-gnu/gazebo-11/plugins:/opt/ros/humble/opt/rviz_ogre_vendor/lib:/opt/ros/humble/lib/x86_64-linux-gnu:/opt/ros/humble/lib /usr/bin/cmake --install /root/ros_ws/src/Rescue_Car_ws/build/shape_msgs
[3.643s] Level 1:colcon.colcon_core.environment:checking '/root/ros_ws/src/Rescue_Car_ws/install/shape_msgs' for CMake config files
[3.643s] Level 1:colcon.colcon_core.shell:create_environment_hook('shape_msgs', 'cmake_prefix_path')
[3.643s] INFO:colcon.colcon_core.shell:Creating environment hook '/root/ros_ws/src/Rescue_Car_ws/install/shape_msgs/share/shape_msgs/hook/cmake_prefix_path.ps1'
[3.644s] INFO:colcon.colcon_core.shell:Creating environment descriptor '/root/ros_ws/src/Rescue_Car_ws/install/shape_msgs/share/shape_msgs/hook/cmake_prefix_path.dsv'
[3.644s] INFO:colcon.colcon_core.shell:Creating environment hook '/root/ros_ws/src/Rescue_Car_ws/install/shape_msgs/share/shape_msgs/hook/cmake_prefix_path.sh'
[3.644s] Level 1:colcon.colcon_core.environment:checking '/root/ros_ws/src/Rescue_Car_ws/install/shape_msgs/lib'
[3.644s] Level 1:colcon.colcon_core.shell:create_environment_hook('shape_msgs', 'ld_library_path_lib')
[3.645s] INFO:colcon.colcon_core.shell:Creating environment hook '/root/ros_ws/src/Rescue_Car_ws/install/shape_msgs/share/shape_msgs/hook/ld_library_path_lib.ps1'
[3.645s] INFO:colcon.colcon_core.shell:Creating environment descriptor '/root/ros_ws/src/Rescue_Car_ws/install/shape_msgs/share/shape_msgs/hook/ld_library_path_lib.dsv'
[3.645s] INFO:colcon.colcon_core.shell:Creating environment hook '/root/ros_ws/src/Rescue_Car_ws/install/shape_msgs/share/shape_msgs/hook/ld_library_path_lib.sh'
[3.645s] Level 1:colcon.colcon_core.environment:checking '/root/ros_ws/src/Rescue_Car_ws/install/shape_msgs/bin'
[3.645s] Level 1:colcon.colcon_core.environment:checking '/root/ros_ws/src/Rescue_Car_ws/install/shape_msgs/lib/pkgconfig/shape_msgs.pc'
[3.645s] Level 1:colcon.colcon_core.environment:checking '/root/ros_ws/src/Rescue_Car_ws/install/shape_msgs/lib/python3.10/site-packages'
[3.646s] Level 1:colcon.colcon_core.environment:checking '/root/ros_ws/src/Rescue_Car_ws/install/shape_msgs/bin'
[3.646s] INFO:colcon.colcon_core.shell:Creating package script '/root/ros_ws/src/Rescue_Car_ws/install/shape_msgs/share/shape_msgs/package.ps1'
[3.646s] INFO:colcon.colcon_core.shell:Creating package descriptor '/root/ros_ws/src/Rescue_Car_ws/install/shape_msgs/share/shape_msgs/package.dsv'
[3.646s] INFO:colcon.colcon_core.shell:Creating package script '/root/ros_ws/src/Rescue_Car_ws/install/shape_msgs/share/shape_msgs/package.sh'
[3.647s] INFO:colcon.colcon_core.shell:Creating package script '/root/ros_ws/src/Rescue_Car_ws/install/shape_msgs/share/shape_msgs/package.bash'
[3.647s] INFO:colcon.colcon_core.shell:Creating package script '/root/ros_ws/src/Rescue_Car_ws/install/shape_msgs/share/shape_msgs/package.zsh'
[3.647s] Level 1:colcon.colcon_core.environment:create_file_with_runtime_dependencies(/root/ros_ws/src/Rescue_Car_ws/install/shape_msgs/share/colcon-core/packages/shape_msgs)
[3.648s] Level 1:colcon.colcon_core.environment:create_environment_scripts_only(shape_msgs)
[3.648s] Level 1:colcon.colcon_core.environment:checking '/root/ros_ws/src/Rescue_Car_ws/install/shape_msgs' for CMake module files
[3.649s] Level 1:colcon.colcon_core.environment:checking '/root/ros_ws/src/Rescue_Car_ws/install/shape_msgs' for CMake config files
[3.650s] Level 1:colcon.colcon_core.shell:create_environment_hook('shape_msgs', 'cmake_prefix_path')
[3.650s] INFO:colcon.colcon_core.shell:Creating environment hook '/root/ros_ws/src/Rescue_Car_ws/install/shape_msgs/share/shape_msgs/hook/cmake_prefix_path.ps1'
[3.651s] INFO:colcon.colcon_core.shell:Creating environment descriptor '/root/ros_ws/src/Rescue_Car_ws/install/shape_msgs/share/shape_msgs/hook/cmake_prefix_path.dsv'
[3.651s] INFO:colcon.colcon_core.shell:Creating environment hook '/root/ros_ws/src/Rescue_Car_ws/install/shape_msgs/share/shape_msgs/hook/cmake_prefix_path.sh'
[3.651s] Level 1:colcon.colcon_core.environment:checking '/root/ros_ws/src/Rescue_Car_ws/install/shape_msgs/lib'
[3.651s] Level 1:colcon.colcon_core.shell:create_environment_hook('shape_msgs', 'ld_library_path_lib')
[3.651s] INFO:colcon.colcon_core.shell:Creating environment hook '/root/ros_ws/src/Rescue_Car_ws/install/shape_msgs/share/shape_msgs/hook/ld_library_path_lib.ps1'
[3.652s] INFO:colcon.colcon_core.shell:Creating environment descriptor '/root/ros_ws/src/Rescue_Car_ws/install/shape_msgs/share/shape_msgs/hook/ld_library_path_lib.dsv'
[3.652s] INFO:colcon.colcon_core.shell:Creating environment hook '/root/ros_ws/src/Rescue_Car_ws/install/shape_msgs/share/shape_msgs/hook/ld_library_path_lib.sh'
[3.652s] Level 1:colcon.colcon_core.environment:checking '/root/ros_ws/src/Rescue_Car_ws/install/shape_msgs/bin'
[3.652s] Level 1:colcon.colcon_core.environment:checking '/root/ros_ws/src/Rescue_Car_ws/install/shape_msgs/lib/pkgconfig/shape_msgs.pc'
[3.653s] Level 1:colcon.colcon_core.environment:checking '/root/ros_ws/src/Rescue_Car_ws/install/shape_msgs/lib/python3.10/site-packages'
[3.653s] Level 1:colcon.colcon_core.environment:checking '/root/ros_ws/src/Rescue_Car_ws/install/shape_msgs/bin'
[3.653s] INFO:colcon.colcon_core.shell:Creating package script '/root/ros_ws/src/Rescue_Car_ws/install/shape_msgs/share/shape_msgs/package.ps1'
[3.653s] INFO:colcon.colcon_core.shell:Creating package descriptor '/root/ros_ws/src/Rescue_Car_ws/install/shape_msgs/share/shape_msgs/package.dsv'
[3.654s] INFO:colcon.colcon_core.shell:Creating package script '/root/ros_ws/src/Rescue_Car_ws/install/shape_msgs/share/shape_msgs/package.sh'
[3.654s] INFO:colcon.colcon_core.shell:Creating package script '/root/ros_ws/src/Rescue_Car_ws/install/shape_msgs/share/shape_msgs/package.bash'
[3.654s] INFO:colcon.colcon_core.shell:Creating package script '/root/ros_ws/src/Rescue_Car_ws/install/shape_msgs/share/shape_msgs/package.zsh'
[3.654s] Level 1:colcon.colcon_core.environment:create_file_with_runtime_dependencies(/root/ros_ws/src/Rescue_Car_ws/install/shape_msgs/share/colcon-core/packages/shape_msgs)
[3.655s] Level 1:colcon.colcon_core.environment:create_environment_scripts_only(rosidl_typesupport_microxrcedds_test_msg)
[3.655s] Level 1:colcon.colcon_core.environment:checking '/root/ros_ws/src/Rescue_Car_ws/install/rosidl_typesupport_microxrcedds_test_msg' for CMake module files
[3.657s] DEBUG:colcon.colcon_core.event_handler.log_command:Invoked command in '/root/ros_ws/src/Rescue_Car_ws/build/rosidl_typesupport_microxrcedds_test_msg' returned '0': CMAKE_PREFIX_PATH=/root/ros_ws/src/Rescue_Car_ws/install/rmw_microxrcedds:/root/ros_ws/src/Rescue_Car_ws/install/rosidl_typesupport_microxrcedds_cpp:/root/ros_ws/src/Rescue_Car_ws/install/rosidl_typesupport_microxrcedds_c:/root/ros_ws/src/Rescue_Car_ws/install/microxrcedds_client:/root/ros_ws/src/Rescue_Car_ws/install/microcdr:/root/ros_ws/src/Rescue_Car_ws/install/micro_ros_msgs:/root/ros_ws/src/Rescue_Car_ws/install/builtin_interfaces:/root/ros_ws/src/Rescue_Car_ws/install/micro_ros_demos_rclc:/root/ros_ws/src/Rescue_Car_ws/install/common_interfaces:/root/ros_ws/src/Rescue_Car_ws/install/visualization_msgs:/root/ros_ws/src/Rescue_Car_ws/install/test_msgs:/root/ros_ws/src/Rescue_Car_ws/install/example_interfaces:/root/ros_ws/src/Rescue_Car_ws/install/action_msgs:/root/ros_ws/src/Rescue_Car_ws/install/unique_identifier_msgs:/root/ros_ws/src/Rescue_Car_ws/install/trajectory_msgs:/root/ros_ws/src/Rescue_Car_ws/install/stereo_msgs:/root/ros_ws/src/Rescue_Car_ws/install/std_srvs:/root/ros_ws/src/Rescue_Car_ws/install/shape_msgs:/root/ros_ws/src/Rescue_Car_ws/install/sensor_msgs:/root/ros_ws/src/Rescue_Car_ws/install/nav_msgs:/root/ros_ws/src/Rescue_Car_ws/install/diagnostic_msgs:/root/ros_ws/src/Rescue_Car_ws/install/geometry_msgs:/root/ros_ws/src/Rescue_Car_ws/install/actionlib_msgs:/root/ros_ws/src/Rescue_Car_ws/install/std_msgs:/root/ros_ws/src/Rescue_Car_ws/install/statistics_msgs:/root/ros_ws/src/Rescue_Car_ws/install/rosidl_typesupport_microxrcedds_test_msg:/root/ros_ws/src/Rescue_Car_ws/install/rosidl_typesupport_microxrcedds_cpp_tests:/root/ros_ws/src/Rescue_Car_ws/install/rosidl_typesupport_microxrcedds_c_tests:/root/ros_ws/src/Rescue_Car_ws/install/rosgraph_msgs:/root/ros_ws/src/Rescue_Car_ws/install/rclc_parameter:/root/ros_ws/src/Rescue_Car_ws/install/rclc:/root/ros_ws/src/Rescue_Car_ws/install/composition_interfaces:/root/ros_ws/src/Rescue_Car_ws/install/rcl_interfaces:/root/ros_ws/src/Rescue_Car_ws/install/micro_ros_utilities:/root/ros_ws/src/Rescue_Car_ws/install/micro_ros_setup:/root/ros_ws/src/Rescue_Car_ws/install/micro_ros_agent:/root/ros_ws/src/Rescue_Car_ws/install/lifecycle_msgs:/root/ros_ws/src/Rescue_Car_ws/install/complex_msgs:/root/ros_ws/src/Rescue_Car_ws/install/car:/root/ros_ws/src/Rescue_Car_ws/install/sensor_msgs_py:/opt/ros/humble LD_LIBRARY_PATH=/root/ros_ws/src/Rescue_Car_ws/install/rmw_microxrcedds/lib:/root/ros_ws/src/Rescue_Car_ws/install/micro_ros_msgs/lib:/root/ros_ws/src/Rescue_Car_ws/install/builtin_interfaces/lib:/root/ros_ws/src/Rescue_Car_ws/install/visualization_msgs/lib:/root/ros_ws/src/Rescue_Car_ws/install/test_msgs/lib:/root/ros_ws/src/Rescue_Car_ws/install/example_interfaces/lib:/root/ros_ws/src/Rescue_Car_ws/install/action_msgs/lib:/root/ros_ws/src/Rescue_Car_ws/install/unique_identifier_msgs/lib:/root/ros_ws/src/Rescue_Car_ws/install/trajectory_msgs/lib:/root/ros_ws/src/Rescue_Car_ws/install/stereo_msgs/lib:/root/ros_ws/src/Rescue_Car_ws/install/std_srvs/lib:/root/ros_ws/src/Rescue_Car_ws/install/shape_msgs/lib:/root/ros_ws/src/Rescue_Car_ws/install/sensor_msgs/lib:/root/ros_ws/src/Rescue_Car_ws/install/nav_msgs/lib:/root/ros_ws/src/Rescue_Car_ws/install/diagnostic_msgs/lib:/root/ros_ws/src/Rescue_Car_ws/install/geometry_msgs/lib:/root/ros_ws/src/Rescue_Car_ws/install/actionlib_msgs/lib:/root/ros_ws/src/Rescue_Car_ws/install/std_msgs/lib:/root/ros_ws/src/Rescue_Car_ws/install/statistics_msgs/lib:/root/ros_ws/src/Rescue_Car_ws/install/rosidl_typesupport_microxrcedds_test_msg/lib:/root/ros_ws/src/Rescue_Car_ws/install/rosidl_typesupport_microxrcedds_cpp/lib:/root/ros_ws/src/Rescue_Car_ws/install/rosidl_typesupport_microxrcedds_c/lib:/root/ros_ws/src/Rescue_Car_ws/install/rosgraph_msgs/lib:/root/ros_ws/src/Rescue_Car_ws/install/rclc_parameter/lib:/root/ros_ws/src/Rescue_Car_ws/install/rclc/lib:/root/ros_ws/src/Rescue_Car_ws/install/composition_interfaces/lib:/root/ros_ws/src/Rescue_Car_ws/install/rcl_interfaces/lib:/root/ros_ws/src/Rescue_Car_ws/install/micro_ros_utilities/lib:/root/ros_ws/src/Rescue_Car_ws/install/micro_ros_agent/lib:/root/ros_ws/src/Rescue_Car_ws/install/lifecycle_msgs/lib:/root/ros_ws/src/Rescue_Car_ws/install/complex_msgs/lib:/usr/lib/x86_64-linux-gnu/gazebo-11/plugins:/opt/ros/humble/opt/rviz_ogre_vendor/lib:/opt/ros/humble/lib/x86_64-linux-gnu:/opt/ros/humble/lib /usr/bin/cmake --install /root/ros_ws/src/Rescue_Car_ws/build/rosidl_typesupport_microxrcedds_test_msg
[3.657s] Level 1:colcon.colcon_core.environment:checking '/root/ros_ws/src/Rescue_Car_ws/install/rosidl_typesupport_microxrcedds_test_msg' for CMake config files
[3.658s] Level 1:colcon.colcon_core.shell:create_environment_hook('rosidl_typesupport_microxrcedds_test_msg', 'cmake_prefix_path')
[3.658s] INFO:colcon.colcon_core.shell:Creating environment hook '/root/ros_ws/src/Rescue_Car_ws/install/rosidl_typesupport_microxrcedds_test_msg/share/rosidl_typesupport_microxrcedds_test_msg/hook/cmake_prefix_path.ps1'
[3.659s] INFO:colcon.colcon_core.shell:Creating environment descriptor '/root/ros_ws/src/Rescue_Car_ws/install/rosidl_typesupport_microxrcedds_test_msg/share/rosidl_typesupport_microxrcedds_test_msg/hook/cmake_prefix_path.dsv'
[3.659s] INFO:colcon.colcon_core.shell:Creating environment hook '/root/ros_ws/src/Rescue_Car_ws/install/rosidl_typesupport_microxrcedds_test_msg/share/rosidl_typesupport_microxrcedds_test_msg/hook/cmake_prefix_path.sh'
[3.660s] Level 1:colcon.colcon_core.environment:checking '/root/ros_ws/src/Rescue_Car_ws/install/rosidl_typesupport_microxrcedds_test_msg/lib'
[3.660s] Level 1:colcon.colcon_core.shell:create_environment_hook('rosidl_typesupport_microxrcedds_test_msg', 'ld_library_path_lib')
[3.660s] INFO:colcon.colcon_core.shell:Creating environment hook '/root/ros_ws/src/Rescue_Car_ws/install/rosidl_typesupport_microxrcedds_test_msg/share/rosidl_typesupport_microxrcedds_test_msg/hook/ld_library_path_lib.ps1'
[3.660s] INFO:colcon.colcon_core.shell:Creating environment descriptor '/root/ros_ws/src/Rescue_Car_ws/install/rosidl_typesupport_microxrcedds_test_msg/share/rosidl_typesupport_microxrcedds_test_msg/hook/ld_library_path_lib.dsv'
[3.661s] INFO:colcon.colcon_core.shell:Creating environment hook '/root/ros_ws/src/Rescue_Car_ws/install/rosidl_typesupport_microxrcedds_test_msg/share/rosidl_typesupport_microxrcedds_test_msg/hook/ld_library_path_lib.sh'
[3.661s] Level 1:colcon.colcon_core.environment:checking '/root/ros_ws/src/Rescue_Car_ws/install/rosidl_typesupport_microxrcedds_test_msg/bin'
[3.661s] Level 1:colcon.colcon_core.environment:checking '/root/ros_ws/src/Rescue_Car_ws/install/rosidl_typesupport_microxrcedds_test_msg/lib/pkgconfig/rosidl_typesupport_microxrcedds_test_msg.pc'
[3.662s] Level 1:colcon.colcon_core.environment:checking '/root/ros_ws/src/Rescue_Car_ws/install/rosidl_typesupport_microxrcedds_test_msg/lib/python3.10/site-packages'
[3.662s] Level 1:colcon.colcon_core.environment:checking '/root/ros_ws/src/Rescue_Car_ws/install/rosidl_typesupport_microxrcedds_test_msg/bin'
[3.662s] INFO:colcon.colcon_core.shell:Creating package script '/root/ros_ws/src/Rescue_Car_ws/install/rosidl_typesupport_microxrcedds_test_msg/share/rosidl_typesupport_microxrcedds_test_msg/package.ps1'
[3.663s] INFO:colcon.colcon_core.shell:Creating package descriptor '/root/ros_ws/src/Rescue_Car_ws/install/rosidl_typesupport_microxrcedds_test_msg/share/rosidl_typesupport_microxrcedds_test_msg/package.dsv'
[3.663s] INFO:colcon.colcon_core.shell:Creating package script '/root/ros_ws/src/Rescue_Car_ws/install/rosidl_typesupport_microxrcedds_test_msg/share/rosidl_typesupport_microxrcedds_test_msg/package.sh'
[3.664s] INFO:colcon.colcon_core.shell:Creating package script '/root/ros_ws/src/Rescue_Car_ws/install/rosidl_typesupport_microxrcedds_test_msg/share/rosidl_typesupport_microxrcedds_test_msg/package.bash'
[3.664s] INFO:colcon.colcon_core.shell:Creating package script '/root/ros_ws/src/Rescue_Car_ws/install/rosidl_typesupport_microxrcedds_test_msg/share/rosidl_typesupport_microxrcedds_test_msg/package.zsh'
[3.664s] Level 1:colcon.colcon_core.environment:create_file_with_runtime_dependencies(/root/ros_ws/src/Rescue_Car_ws/install/rosidl_typesupport_microxrcedds_test_msg/share/colcon-core/packages/rosidl_typesupport_microxrcedds_test_msg)
[3.665s] Level 1:colcon.colcon_core.environment:create_environment_scripts_only(rosidl_typesupport_microxrcedds_test_msg)
[3.665s] Level 1:colcon.colcon_core.environment:checking '/root/ros_ws/src/Rescue_Car_ws/install/rosidl_typesupport_microxrcedds_test_msg' for CMake module files
[3.665s] Level 1:colcon.colcon_core.environment:checking '/root/ros_ws/src/Rescue_Car_ws/install/rosidl_typesupport_microxrcedds_test_msg' for CMake config files
[3.666s] Level 1:colcon.colcon_core.shell:create_environment_hook('rosidl_typesupport_microxrcedds_test_msg', 'cmake_prefix_path')
[3.666s] INFO:colcon.colcon_core.shell:Creating environment hook '/root/ros_ws/src/Rescue_Car_ws/install/rosidl_typesupport_microxrcedds_test_msg/share/rosidl_typesupport_microxrcedds_test_msg/hook/cmake_prefix_path.ps1'
[3.666s] INFO:colcon.colcon_core.shell:Creating environment descriptor '/root/ros_ws/src/Rescue_Car_ws/install/rosidl_typesupport_microxrcedds_test_msg/share/rosidl_typesupport_microxrcedds_test_msg/hook/cmake_prefix_path.dsv'
[3.667s] INFO:colcon.colcon_core.shell:Creating environment hook '/root/ros_ws/src/Rescue_Car_ws/install/rosidl_typesupport_microxrcedds_test_msg/share/rosidl_typesupport_microxrcedds_test_msg/hook/cmake_prefix_path.sh'
[3.667s] Level 1:colcon.colcon_core.environment:checking '/root/ros_ws/src/Rescue_Car_ws/install/rosidl_typesupport_microxrcedds_test_msg/lib'
[3.667s] Level 1:colcon.colcon_core.shell:create_environment_hook('rosidl_typesupport_microxrcedds_test_msg', 'ld_library_path_lib')
[3.667s] INFO:colcon.colcon_core.shell:Creating environment hook '/root/ros_ws/src/Rescue_Car_ws/install/rosidl_typesupport_microxrcedds_test_msg/share/rosidl_typesupport_microxrcedds_test_msg/hook/ld_library_path_lib.ps1'
[3.667s] INFO:colcon.colcon_core.shell:Creating environment descriptor '/root/ros_ws/src/Rescue_Car_ws/install/rosidl_typesupport_microxrcedds_test_msg/share/rosidl_typesupport_microxrcedds_test_msg/hook/ld_library_path_lib.dsv'
[3.668s] INFO:colcon.colcon_core.shell:Creating environment hook '/root/ros_ws/src/Rescue_Car_ws/install/rosidl_typesupport_microxrcedds_test_msg/share/rosidl_typesupport_microxrcedds_test_msg/hook/ld_library_path_lib.sh'
[3.668s] Level 1:colcon.colcon_core.environment:checking '/root/ros_ws/src/Rescue_Car_ws/install/rosidl_typesupport_microxrcedds_test_msg/bin'
[3.668s] Level 1:colcon.colcon_core.environment:checking '/root/ros_ws/src/Rescue_Car_ws/install/rosidl_typesupport_microxrcedds_test_msg/lib/pkgconfig/rosidl_typesupport_microxrcedds_test_msg.pc'
[3.668s] Level 1:colcon.colcon_core.environment:checking '/root/ros_ws/src/Rescue_Car_ws/install/rosidl_typesupport_microxrcedds_test_msg/lib/python3.10/site-packages'
[3.668s] Level 1:colcon.colcon_core.environment:checking '/root/ros_ws/src/Rescue_Car_ws/install/rosidl_typesupport_microxrcedds_test_msg/bin'
[3.668s] INFO:colcon.colcon_core.shell:Creating package script '/root/ros_ws/src/Rescue_Car_ws/install/rosidl_typesupport_microxrcedds_test_msg/share/rosidl_typesupport_microxrcedds_test_msg/package.ps1'
[3.669s] INFO:colcon.colcon_core.shell:Creating package descriptor '/root/ros_ws/src/Rescue_Car_ws/install/rosidl_typesupport_microxrcedds_test_msg/share/rosidl_typesupport_microxrcedds_test_msg/package.dsv'
[3.669s] INFO:colcon.colcon_core.shell:Creating package script '/root/ros_ws/src/Rescue_Car_ws/install/rosidl_typesupport_microxrcedds_test_msg/share/rosidl_typesupport_microxrcedds_test_msg/package.sh'
[3.669s] INFO:colcon.colcon_core.shell:Creating package script '/root/ros_ws/src/Rescue_Car_ws/install/rosidl_typesupport_microxrcedds_test_msg/share/rosidl_typesupport_microxrcedds_test_msg/package.bash'
[3.669s] INFO:colcon.colcon_core.shell:Creating package script '/root/ros_ws/src/Rescue_Car_ws/install/rosidl_typesupport_microxrcedds_test_msg/share/rosidl_typesupport_microxrcedds_test_msg/package.zsh'
[3.670s] Level 1:colcon.colcon_core.environment:create_file_with_runtime_dependencies(/root/ros_ws/src/Rescue_Car_ws/install/rosidl_typesupport_microxrcedds_test_msg/share/colcon-core/packages/rosidl_typesupport_microxrcedds_test_msg)
[3.673s] INFO:colcon.colcon_ros.task.ament_cmake.build:Building ROS package in '/root/ros_ws/src/Rescue_Car_ws/src/microros/src/ros2/common_interfaces/visualization_msgs' with build type 'ament_cmake'
[3.673s] INFO:colcon.colcon_cmake.task.cmake.build:Building CMake package in '/root/ros_ws/src/Rescue_Car_ws/src/microros/src/ros2/common_interfaces/visualization_msgs'
[3.673s] INFO:colcon.colcon_core.shell:Skip shell extension 'powershell' for command environment: Not usable outside of PowerShell
[3.673s] DEBUG:colcon.colcon_core.shell:Skip shell extension 'dsv' for command environment
[3.675s] DEBUG:colcon.colcon_core.event_handler.log_command:Invoking command in '/root/ros_ws/src/Rescue_Car_ws/build/rclc': CMAKE_PREFIX_PATH=/root/ros_ws/src/Rescue_Car_ws/install/test_msgs:/root/ros_ws/src/Rescue_Car_ws/install/example_interfaces:/root/ros_ws/src/Rescue_Car_ws/install/std_msgs:/root/ros_ws/src/Rescue_Car_ws/install/action_msgs:/root/ros_ws/src/Rescue_Car_ws/install/unique_identifier_msgs:/root/ros_ws/src/Rescue_Car_ws/install/builtin_interfaces:/root/ros_ws/src/Rescue_Car_ws/install/micro_ros_demos_rclc:/root/ros_ws/src/Rescue_Car_ws/install/common_interfaces:/root/ros_ws/src/Rescue_Car_ws/install/visualization_msgs:/root/ros_ws/src/Rescue_Car_ws/install/trajectory_msgs:/root/ros_ws/src/Rescue_Car_ws/install/stereo_msgs:/root/ros_ws/src/Rescue_Car_ws/install/std_srvs:/root/ros_ws/src/Rescue_Car_ws/install/shape_msgs:/root/ros_ws/src/Rescue_Car_ws/install/sensor_msgs:/root/ros_ws/src/Rescue_Car_ws/install/nav_msgs:/root/ros_ws/src/Rescue_Car_ws/install/diagnostic_msgs:/root/ros_ws/src/Rescue_Car_ws/install/geometry_msgs:/root/ros_ws/src/Rescue_Car_ws/install/actionlib_msgs:/root/ros_ws/src/Rescue_Car_ws/install/statistics_msgs:/root/ros_ws/src/Rescue_Car_ws/install/rosidl_typesupport_microxrcedds_test_msg:/root/ros_ws/src/Rescue_Car_ws/install/rosidl_typesupport_microxrcedds_cpp_tests:/root/ros_ws/src/Rescue_Car_ws/install/rmw_microxrcedds:/root/ros_ws/src/Rescue_Car_ws/install/rosidl_typesupport_microxrcedds_cpp:/root/ros_ws/src/Rescue_Car_ws/install/rosidl_typesupport_microxrcedds_c_tests:/root/ros_ws/src/Rescue_Car_ws/install/rosidl_typesupport_microxrcedds_c:/root/ros_ws/src/Rescue_Car_ws/install/rosgraph_msgs:/root/ros_ws/src/Rescue_Car_ws/install/rclc_parameter:/root/ros_ws/src/Rescue_Car_ws/install/rclc:/root/ros_ws/src/Rescue_Car_ws/install/composition_interfaces:/root/ros_ws/src/Rescue_Car_ws/install/rcl_interfaces:/root/ros_ws/src/Rescue_Car_ws/install/microxrcedds_client:/root/ros_ws/src/Rescue_Car_ws/install/microcdr:/root/ros_ws/src/Rescue_Car_ws/install/micro_ros_utilities:/root/ros_ws/src/Rescue_Car_ws/install/micro_ros_setup:/root/ros_ws/src/Rescue_Car_ws/install/micro_ros_agent:/root/ros_ws/src/Rescue_Car_ws/install/micro_ros_msgs:/root/ros_ws/src/Rescue_Car_ws/install/lifecycle_msgs:/root/ros_ws/src/Rescue_Car_ws/install/complex_msgs:/root/ros_ws/src/Rescue_Car_ws/install/car:/root/ros_ws/src/Rescue_Car_ws/install/sensor_msgs_py:/opt/ros/humble LD_LIBRARY_PATH=/root/ros_ws/src/Rescue_Car_ws/install/test_msgs/lib:/root/ros_ws/src/Rescue_Car_ws/install/example_interfaces/lib:/root/ros_ws/src/Rescue_Car_ws/install/std_msgs/lib:/root/ros_ws/src/Rescue_Car_ws/install/action_msgs/lib:/root/ros_ws/src/Rescue_Car_ws/install/unique_identifier_msgs/lib:/root/ros_ws/src/Rescue_Car_ws/install/builtin_interfaces/lib:/root/ros_ws/src/Rescue_Car_ws/install/visualization_msgs/lib:/root/ros_ws/src/Rescue_Car_ws/install/trajectory_msgs/lib:/root/ros_ws/src/Rescue_Car_ws/install/stereo_msgs/lib:/root/ros_ws/src/Rescue_Car_ws/install/std_srvs/lib:/root/ros_ws/src/Rescue_Car_ws/install/shape_msgs/lib:/root/ros_ws/src/Rescue_Car_ws/install/sensor_msgs/lib:/root/ros_ws/src/Rescue_Car_ws/install/nav_msgs/lib:/root/ros_ws/src/Rescue_Car_ws/install/diagnostic_msgs/lib:/root/ros_ws/src/Rescue_Car_ws/install/geometry_msgs/lib:/root/ros_ws/src/Rescue_Car_ws/install/actionlib_msgs/lib:/root/ros_ws/src/Rescue_Car_ws/install/statistics_msgs/lib:/root/ros_ws/src/Rescue_Car_ws/install/rosidl_typesupport_microxrcedds_test_msg/lib:/root/ros_ws/src/Rescue_Car_ws/install/rmw_microxrcedds/lib:/root/ros_ws/src/Rescue_Car_ws/install/rosidl_typesupport_microxrcedds_cpp/lib:/root/ros_ws/src/Rescue_Car_ws/install/rosidl_typesupport_microxrcedds_c/lib:/root/ros_ws/src/Rescue_Car_ws/install/rosgraph_msgs/lib:/root/ros_ws/src/Rescue_Car_ws/install/rclc_parameter/lib:/root/ros_ws/src/Rescue_Car_ws/install/rclc/lib:/root/ros_ws/src/Rescue_Car_ws/install/composition_interfaces/lib:/root/ros_ws/src/Rescue_Car_ws/install/rcl_interfaces/lib:/root/ros_ws/src/Rescue_Car_ws/install/micro_ros_utilities/lib:/root/ros_ws/src/Rescue_Car_ws/install/micro_ros_agent/lib:/root/ros_ws/src/Rescue_Car_ws/install/micro_ros_msgs/lib:/root/ros_ws/src/Rescue_Car_ws/install/lifecycle_msgs/lib:/root/ros_ws/src/Rescue_Car_ws/install/complex_msgs/lib:/usr/lib/x86_64-linux-gnu/gazebo-11/plugins:/opt/ros/humble/opt/rviz_ogre_vendor/lib:/opt/ros/humble/lib/x86_64-linux-gnu:/opt/ros/humble/lib /usr/bin/cmake --build /root/ros_ws/src/Rescue_Car_ws/build/rclc -- -j20 -l20
[3.680s] INFO:colcon.colcon_ros.task.ament_cmake.build:Building ROS package in '/root/ros_ws/src/Rescue_Car_ws/src/microros/src/ros2/common_interfaces/stereo_msgs' with build type 'ament_cmake'
[3.681s] INFO:colcon.colcon_cmake.task.cmake.build:Building CMake package in '/root/ros_ws/src/Rescue_Car_ws/src/microros/src/ros2/common_interfaces/stereo_msgs'
[3.681s] INFO:colcon.colcon_core.shell:Skip shell extension 'powershell' for command environment: Not usable outside of PowerShell
[3.681s] DEBUG:colcon.colcon_core.shell:Skip shell extension 'dsv' for command environment
[3.686s] INFO:colcon.colcon_ros.task.ament_python.build:Building ROS package in '/root/ros_ws/src/Rescue_Car_ws/src/microros/src/ros2/common_interfaces/sensor_msgs_py' with build type 'ament_python'
[3.686s] Level 1:colcon.colcon_core.shell:create_environment_hook('sensor_msgs_py', 'ament_prefix_path')
[3.686s] INFO:colcon.colcon_core.shell:Creating environment hook '/root/ros_ws/src/Rescue_Car_ws/install/sensor_msgs_py/share/sensor_msgs_py/hook/ament_prefix_path.ps1'
[3.687s] INFO:colcon.colcon_core.shell:Creating environment descriptor '/root/ros_ws/src/Rescue_Car_ws/install/sensor_msgs_py/share/sensor_msgs_py/hook/ament_prefix_path.dsv'
[3.687s] INFO:colcon.colcon_core.shell:Creating environment hook '/root/ros_ws/src/Rescue_Car_ws/install/sensor_msgs_py/share/sensor_msgs_py/hook/ament_prefix_path.sh'
[3.687s] INFO:colcon.colcon_core.shell:Skip shell extension 'powershell' for command environment: Not usable outside of PowerShell
[3.688s] DEBUG:colcon.colcon_core.shell:Skip shell extension 'dsv' for command environment
[3.692s] INFO:colcon.colcon_ros.task.ament_cmake.build:Building ROS package in '/root/ros_ws/src/Rescue_Car_ws/src/microros/src/uros/rosidl_typesupport_microxrcedds/test/c' with build type 'ament_cmake'
[3.692s] INFO:colcon.colcon_cmake.task.cmake.build:Building CMake package in '/root/ros_ws/src/Rescue_Car_ws/src/microros/src/uros/rosidl_typesupport_microxrcedds/test/c'
[3.693s] INFO:colcon.colcon_core.shell:Skip shell extension 'powershell' for command environment: Not usable outside of PowerShell
[3.693s] DEBUG:colcon.colcon_core.shell:Skip shell extension 'dsv' for command environment
[3.698s] INFO:colcon.colcon_ros.task.ament_cmake.build:Building ROS package in '/root/ros_ws/src/Rescue_Car_ws/src/microros/src/uros/rosidl_typesupport_microxrcedds/test/cpp' with build type 'ament_cmake'
[3.698s] INFO:colcon.colcon_cmake.task.cmake.build:Building CMake package in '/root/ros_ws/src/Rescue_Car_ws/src/microros/src/uros/rosidl_typesupport_microxrcedds/test/cpp'
[3.698s] INFO:colcon.colcon_core.shell:Skip shell extension 'powershell' for command environment: Not usable outside of PowerShell
[3.698s] DEBUG:colcon.colcon_core.shell:Skip shell extension 'dsv' for command environment
[3.704s] Level 1:colcon.colcon_core.environment:create_environment_scripts_only(trajectory_msgs)
[3.705s] Level 1:colcon.colcon_core.environment:checking '/root/ros_ws/src/Rescue_Car_ws/install/trajectory_msgs' for CMake module files
[3.706s] DEBUG:colcon.colcon_core.event_handler.log_command:Invoked command in '/root/ros_ws/src/Rescue_Car_ws/build/trajectory_msgs' returned '0': CMAKE_PREFIX_PATH=/root/ros_ws/src/Rescue_Car_ws/install/geometry_msgs:/root/ros_ws/src/Rescue_Car_ws/install/std_msgs:/root/ros_ws/src/Rescue_Car_ws/install/builtin_interfaces:/root/ros_ws/src/Rescue_Car_ws/install/micro_ros_demos_rclc:/root/ros_ws/src/Rescue_Car_ws/install/common_interfaces:/root/ros_ws/src/Rescue_Car_ws/install/visualization_msgs:/root/ros_ws/src/Rescue_Car_ws/install/test_msgs:/root/ros_ws/src/Rescue_Car_ws/install/example_interfaces:/root/ros_ws/src/Rescue_Car_ws/install/action_msgs:/root/ros_ws/src/Rescue_Car_ws/install/unique_identifier_msgs:/root/ros_ws/src/Rescue_Car_ws/install/trajectory_msgs:/root/ros_ws/src/Rescue_Car_ws/install/stereo_msgs:/root/ros_ws/src/Rescue_Car_ws/install/std_srvs:/root/ros_ws/src/Rescue_Car_ws/install/shape_msgs:/root/ros_ws/src/Rescue_Car_ws/install/sensor_msgs:/root/ros_ws/src/Rescue_Car_ws/install/nav_msgs:/root/ros_ws/src/Rescue_Car_ws/install/diagnostic_msgs:/root/ros_ws/src/Rescue_Car_ws/install/actionlib_msgs:/root/ros_ws/src/Rescue_Car_ws/install/statistics_msgs:/root/ros_ws/src/Rescue_Car_ws/install/rosidl_typesupport_microxrcedds_test_msg:/root/ros_ws/src/Rescue_Car_ws/install/rosidl_typesupport_microxrcedds_cpp_tests:/root/ros_ws/src/Rescue_Car_ws/install/rmw_microxrcedds:/root/ros_ws/src/Rescue_Car_ws/install/rosidl_typesupport_microxrcedds_cpp:/root/ros_ws/src/Rescue_Car_ws/install/rosidl_typesupport_microxrcedds_c_tests:/root/ros_ws/src/Rescue_Car_ws/install/rosidl_typesupport_microxrcedds_c:/root/ros_ws/src/Rescue_Car_ws/install/rosgraph_msgs:/root/ros_ws/src/Rescue_Car_ws/install/rclc_parameter:/root/ros_ws/src/Rescue_Car_ws/install/rclc:/root/ros_ws/src/Rescue_Car_ws/install/composition_interfaces:/root/ros_ws/src/Rescue_Car_ws/install/rcl_interfaces:/root/ros_ws/src/Rescue_Car_ws/install/microxrcedds_client:/root/ros_ws/src/Rescue_Car_ws/install/microcdr:/root/ros_ws/src/Rescue_Car_ws/install/micro_ros_utilities:/root/ros_ws/src/Rescue_Car_ws/install/micro_ros_setup:/root/ros_ws/src/Rescue_Car_ws/install/micro_ros_agent:/root/ros_ws/src/Rescue_Car_ws/install/micro_ros_msgs:/root/ros_ws/src/Rescue_Car_ws/install/lifecycle_msgs:/root/ros_ws/src/Rescue_Car_ws/install/complex_msgs:/root/ros_ws/src/Rescue_Car_ws/install/car:/root/ros_ws/src/Rescue_Car_ws/install/sensor_msgs_py:/opt/ros/humble LD_LIBRARY_PATH=/root/ros_ws/src/Rescue_Car_ws/install/geometry_msgs/lib:/root/ros_ws/src/Rescue_Car_ws/install/std_msgs/lib:/root/ros_ws/src/Rescue_Car_ws/install/builtin_interfaces/lib:/root/ros_ws/src/Rescue_Car_ws/install/visualization_msgs/lib:/root/ros_ws/src/Rescue_Car_ws/install/test_msgs/lib:/root/ros_ws/src/Rescue_Car_ws/install/example_interfaces/lib:/root/ros_ws/src/Rescue_Car_ws/install/action_msgs/lib:/root/ros_ws/src/Rescue_Car_ws/install/unique_identifier_msgs/lib:/root/ros_ws/src/Rescue_Car_ws/install/trajectory_msgs/lib:/root/ros_ws/src/Rescue_Car_ws/install/stereo_msgs/lib:/root/ros_ws/src/Rescue_Car_ws/install/std_srvs/lib:/root/ros_ws/src/Rescue_Car_ws/install/shape_msgs/lib:/root/ros_ws/src/Rescue_Car_ws/install/sensor_msgs/lib:/root/ros_ws/src/Rescue_Car_ws/install/nav_msgs/lib:/root/ros_ws/src/Rescue_Car_ws/install/diagnostic_msgs/lib:/root/ros_ws/src/Rescue_Car_ws/install/actionlib_msgs/lib:/root/ros_ws/src/Rescue_Car_ws/install/statistics_msgs/lib:/root/ros_ws/src/Rescue_Car_ws/install/rosidl_typesupport_microxrcedds_test_msg/lib:/root/ros_ws/src/Rescue_Car_ws/install/rmw_microxrcedds/lib:/root/ros_ws/src/Rescue_Car_ws/install/rosidl_typesupport_microxrcedds_cpp/lib:/root/ros_ws/src/Rescue_Car_ws/install/rosidl_typesupport_microxrcedds_c/lib:/root/ros_ws/src/Rescue_Car_ws/install/rosgraph_msgs/lib:/root/ros_ws/src/Rescue_Car_ws/install/rclc_parameter/lib:/root/ros_ws/src/Rescue_Car_ws/install/rclc/lib:/root/ros_ws/src/Rescue_Car_ws/install/composition_interfaces/lib:/root/ros_ws/src/Rescue_Car_ws/install/rcl_interfaces/lib:/root/ros_ws/src/Rescue_Car_ws/install/micro_ros_utilities/lib:/root/ros_ws/src/Rescue_Car_ws/install/micro_ros_agent/lib:/root/ros_ws/src/Rescue_Car_ws/install/micro_ros_msgs/lib:/root/ros_ws/src/Rescue_Car_ws/install/lifecycle_msgs/lib:/root/ros_ws/src/Rescue_Car_ws/install/complex_msgs/lib:/usr/lib/x86_64-linux-gnu/gazebo-11/plugins:/opt/ros/humble/opt/rviz_ogre_vendor/lib:/opt/ros/humble/lib/x86_64-linux-gnu:/opt/ros/humble/lib /usr/bin/cmake --install /root/ros_ws/src/Rescue_Car_ws/build/trajectory_msgs
[3.706s] Level 1:colcon.colcon_core.environment:checking '/root/ros_ws/src/Rescue_Car_ws/install/trajectory_msgs' for CMake config files
[3.707s] Level 1:colcon.colcon_core.shell:create_environment_hook('trajectory_msgs', 'cmake_prefix_path')
[3.707s] INFO:colcon.colcon_core.shell:Creating environment hook '/root/ros_ws/src/Rescue_Car_ws/install/trajectory_msgs/share/trajectory_msgs/hook/cmake_prefix_path.ps1'
[3.708s] INFO:colcon.colcon_core.shell:Creating environment descriptor '/root/ros_ws/src/Rescue_Car_ws/install/trajectory_msgs/share/trajectory_msgs/hook/cmake_prefix_path.dsv'
[3.708s] INFO:colcon.colcon_core.shell:Creating environment hook '/root/ros_ws/src/Rescue_Car_ws/install/trajectory_msgs/share/trajectory_msgs/hook/cmake_prefix_path.sh'
[3.710s] Level 1:colcon.colcon_core.environment:checking '/root/ros_ws/src/Rescue_Car_ws/install/trajectory_msgs/lib'
[3.710s] Level 1:colcon.colcon_core.shell:create_environment_hook('trajectory_msgs', 'ld_library_path_lib')
[3.710s] INFO:colcon.colcon_core.shell:Creating environment hook '/root/ros_ws/src/Rescue_Car_ws/install/trajectory_msgs/share/trajectory_msgs/hook/ld_library_path_lib.ps1'
[3.710s] INFO:colcon.colcon_core.shell:Creating environment descriptor '/root/ros_ws/src/Rescue_Car_ws/install/trajectory_msgs/share/trajectory_msgs/hook/ld_library_path_lib.dsv'
[3.711s] INFO:colcon.colcon_core.shell:Creating environment hook '/root/ros_ws/src/Rescue_Car_ws/install/trajectory_msgs/share/trajectory_msgs/hook/ld_library_path_lib.sh'
[3.712s] Level 1:colcon.colcon_core.environment:checking '/root/ros_ws/src/Rescue_Car_ws/install/trajectory_msgs/bin'
[3.712s] Level 1:colcon.colcon_core.environment:checking '/root/ros_ws/src/Rescue_Car_ws/install/trajectory_msgs/lib/pkgconfig/trajectory_msgs.pc'
[3.712s] Level 1:colcon.colcon_core.environment:checking '/root/ros_ws/src/Rescue_Car_ws/install/trajectory_msgs/lib/python3.10/site-packages'
[3.712s] Level 1:colcon.colcon_core.environment:checking '/root/ros_ws/src/Rescue_Car_ws/install/trajectory_msgs/bin'
[3.713s] INFO:colcon.colcon_core.shell:Creating package script '/root/ros_ws/src/Rescue_Car_ws/install/trajectory_msgs/share/trajectory_msgs/package.ps1'
[3.713s] INFO:colcon.colcon_core.shell:Creating package descriptor '/root/ros_ws/src/Rescue_Car_ws/install/trajectory_msgs/share/trajectory_msgs/package.dsv'
[3.714s] INFO:colcon.colcon_core.shell:Creating package script '/root/ros_ws/src/Rescue_Car_ws/install/trajectory_msgs/share/trajectory_msgs/package.sh'
[3.714s] INFO:colcon.colcon_core.shell:Creating package script '/root/ros_ws/src/Rescue_Car_ws/install/trajectory_msgs/share/trajectory_msgs/package.bash'
[3.715s] INFO:colcon.colcon_core.shell:Creating package script '/root/ros_ws/src/Rescue_Car_ws/install/trajectory_msgs/share/trajectory_msgs/package.zsh'
[3.715s] Level 1:colcon.colcon_core.environment:create_file_with_runtime_dependencies(/root/ros_ws/src/Rescue_Car_ws/install/trajectory_msgs/share/colcon-core/packages/trajectory_msgs)
[3.716s] Level 1:colcon.colcon_core.environment:create_environment_scripts_only(trajectory_msgs)
[3.717s] Level 1:colcon.colcon_core.environment:checking '/root/ros_ws/src/Rescue_Car_ws/install/trajectory_msgs' for CMake module files
[3.717s] Level 1:colcon.colcon_core.environment:checking '/root/ros_ws/src/Rescue_Car_ws/install/trajectory_msgs' for CMake config files
[3.718s] Level 1:colcon.colcon_core.shell:create_environment_hook('trajectory_msgs', 'cmake_prefix_path')
[3.719s] INFO:colcon.colcon_core.shell:Creating environment hook '/root/ros_ws/src/Rescue_Car_ws/install/trajectory_msgs/share/trajectory_msgs/hook/cmake_prefix_path.ps1'
[3.720s] INFO:colcon.colcon_core.shell:Creating environment descriptor '/root/ros_ws/src/Rescue_Car_ws/install/trajectory_msgs/share/trajectory_msgs/hook/cmake_prefix_path.dsv'
[3.720s] INFO:colcon.colcon_core.shell:Creating environment hook '/root/ros_ws/src/Rescue_Car_ws/install/trajectory_msgs/share/trajectory_msgs/hook/cmake_prefix_path.sh'
[3.721s] Level 1:colcon.colcon_core.environment:checking '/root/ros_ws/src/Rescue_Car_ws/install/trajectory_msgs/lib'
[3.721s] Level 1:colcon.colcon_core.shell:create_environment_hook('trajectory_msgs', 'ld_library_path_lib')
[3.721s] INFO:colcon.colcon_core.shell:Creating environment hook '/root/ros_ws/src/Rescue_Car_ws/install/trajectory_msgs/share/trajectory_msgs/hook/ld_library_path_lib.ps1'
[3.722s] INFO:colcon.colcon_core.shell:Creating environment descriptor '/root/ros_ws/src/Rescue_Car_ws/install/trajectory_msgs/share/trajectory_msgs/hook/ld_library_path_lib.dsv'
[3.723s] INFO:colcon.colcon_core.shell:Creating environment hook '/root/ros_ws/src/Rescue_Car_ws/install/trajectory_msgs/share/trajectory_msgs/hook/ld_library_path_lib.sh'
[3.723s] Level 1:colcon.colcon_core.environment:checking '/root/ros_ws/src/Rescue_Car_ws/install/trajectory_msgs/bin'
[3.723s] Level 1:colcon.colcon_core.environment:checking '/root/ros_ws/src/Rescue_Car_ws/install/trajectory_msgs/lib/pkgconfig/trajectory_msgs.pc'
[3.723s] Level 1:colcon.colcon_core.environment:checking '/root/ros_ws/src/Rescue_Car_ws/install/trajectory_msgs/lib/python3.10/site-packages'
[3.724s] Level 1:colcon.colcon_core.environment:checking '/root/ros_ws/src/Rescue_Car_ws/install/trajectory_msgs/bin'
[3.724s] INFO:colcon.colcon_core.shell:Creating package script '/root/ros_ws/src/Rescue_Car_ws/install/trajectory_msgs/share/trajectory_msgs/package.ps1'
[3.724s] INFO:colcon.colcon_core.shell:Creating package descriptor '/root/ros_ws/src/Rescue_Car_ws/install/trajectory_msgs/share/trajectory_msgs/package.dsv'
[3.725s] INFO:colcon.colcon_core.shell:Creating package script '/root/ros_ws/src/Rescue_Car_ws/install/trajectory_msgs/share/trajectory_msgs/package.sh'
[3.725s] INFO:colcon.colcon_core.shell:Creating package script '/root/ros_ws/src/Rescue_Car_ws/install/trajectory_msgs/share/trajectory_msgs/package.bash'
[3.726s] INFO:colcon.colcon_core.shell:Creating package script '/root/ros_ws/src/Rescue_Car_ws/install/trajectory_msgs/share/trajectory_msgs/package.zsh'
[3.726s] Level 1:colcon.colcon_core.environment:create_file_with_runtime_dependencies(/root/ros_ws/src/Rescue_Car_ws/install/trajectory_msgs/share/colcon-core/packages/trajectory_msgs)
[3.727s] Level 1:colcon.colcon_core.environment:create_environment_scripts_only(nav_msgs)
[3.727s] Level 1:colcon.colcon_core.environment:checking '/root/ros_ws/src/Rescue_Car_ws/install/nav_msgs' for CMake module files
[3.729s] DEBUG:colcon.colcon_core.event_handler.log_command:Invoked command in '/root/ros_ws/src/Rescue_Car_ws/build/nav_msgs' returned '0': CMAKE_PREFIX_PATH=/root/ros_ws/src/Rescue_Car_ws/install/geometry_msgs:/root/ros_ws/src/Rescue_Car_ws/install/std_msgs:/root/ros_ws/src/Rescue_Car_ws/install/builtin_interfaces:/root/ros_ws/src/Rescue_Car_ws/install/micro_ros_demos_rclc:/root/ros_ws/src/Rescue_Car_ws/install/common_interfaces:/root/ros_ws/src/Rescue_Car_ws/install/visualization_msgs:/root/ros_ws/src/Rescue_Car_ws/install/test_msgs:/root/ros_ws/src/Rescue_Car_ws/install/example_interfaces:/root/ros_ws/src/Rescue_Car_ws/install/action_msgs:/root/ros_ws/src/Rescue_Car_ws/install/unique_identifier_msgs:/root/ros_ws/src/Rescue_Car_ws/install/trajectory_msgs:/root/ros_ws/src/Rescue_Car_ws/install/stereo_msgs:/root/ros_ws/src/Rescue_Car_ws/install/std_srvs:/root/ros_ws/src/Rescue_Car_ws/install/shape_msgs:/root/ros_ws/src/Rescue_Car_ws/install/sensor_msgs:/root/ros_ws/src/Rescue_Car_ws/install/nav_msgs:/root/ros_ws/src/Rescue_Car_ws/install/diagnostic_msgs:/root/ros_ws/src/Rescue_Car_ws/install/actionlib_msgs:/root/ros_ws/src/Rescue_Car_ws/install/statistics_msgs:/root/ros_ws/src/Rescue_Car_ws/install/rosidl_typesupport_microxrcedds_test_msg:/root/ros_ws/src/Rescue_Car_ws/install/rosidl_typesupport_microxrcedds_cpp_tests:/root/ros_ws/src/Rescue_Car_ws/install/rmw_microxrcedds:/root/ros_ws/src/Rescue_Car_ws/install/rosidl_typesupport_microxrcedds_cpp:/root/ros_ws/src/Rescue_Car_ws/install/rosidl_typesupport_microxrcedds_c_tests:/root/ros_ws/src/Rescue_Car_ws/install/rosidl_typesupport_microxrcedds_c:/root/ros_ws/src/Rescue_Car_ws/install/rosgraph_msgs:/root/ros_ws/src/Rescue_Car_ws/install/rclc_parameter:/root/ros_ws/src/Rescue_Car_ws/install/rclc:/root/ros_ws/src/Rescue_Car_ws/install/composition_interfaces:/root/ros_ws/src/Rescue_Car_ws/install/rcl_interfaces:/root/ros_ws/src/Rescue_Car_ws/install/microxrcedds_client:/root/ros_ws/src/Rescue_Car_ws/install/microcdr:/root/ros_ws/src/Rescue_Car_ws/install/micro_ros_utilities:/root/ros_ws/src/Rescue_Car_ws/install/micro_ros_setup:/root/ros_ws/src/Rescue_Car_ws/install/micro_ros_agent:/root/ros_ws/src/Rescue_Car_ws/install/micro_ros_msgs:/root/ros_ws/src/Rescue_Car_ws/install/lifecycle_msgs:/root/ros_ws/src/Rescue_Car_ws/install/complex_msgs:/root/ros_ws/src/Rescue_Car_ws/install/car:/root/ros_ws/src/Rescue_Car_ws/install/sensor_msgs_py:/opt/ros/humble LD_LIBRARY_PATH=/root/ros_ws/src/Rescue_Car_ws/install/geometry_msgs/lib:/root/ros_ws/src/Rescue_Car_ws/install/std_msgs/lib:/root/ros_ws/src/Rescue_Car_ws/install/builtin_interfaces/lib:/root/ros_ws/src/Rescue_Car_ws/install/visualization_msgs/lib:/root/ros_ws/src/Rescue_Car_ws/install/test_msgs/lib:/root/ros_ws/src/Rescue_Car_ws/install/example_interfaces/lib:/root/ros_ws/src/Rescue_Car_ws/install/action_msgs/lib:/root/ros_ws/src/Rescue_Car_ws/install/unique_identifier_msgs/lib:/root/ros_ws/src/Rescue_Car_ws/install/trajectory_msgs/lib:/root/ros_ws/src/Rescue_Car_ws/install/stereo_msgs/lib:/root/ros_ws/src/Rescue_Car_ws/install/std_srvs/lib:/root/ros_ws/src/Rescue_Car_ws/install/shape_msgs/lib:/root/ros_ws/src/Rescue_Car_ws/install/sensor_msgs/lib:/root/ros_ws/src/Rescue_Car_ws/install/nav_msgs/lib:/root/ros_ws/src/Rescue_Car_ws/install/diagnostic_msgs/lib:/root/ros_ws/src/Rescue_Car_ws/install/actionlib_msgs/lib:/root/ros_ws/src/Rescue_Car_ws/install/statistics_msgs/lib:/root/ros_ws/src/Rescue_Car_ws/install/rosidl_typesupport_microxrcedds_test_msg/lib:/root/ros_ws/src/Rescue_Car_ws/install/rmw_microxrcedds/lib:/root/ros_ws/src/Rescue_Car_ws/install/rosidl_typesupport_microxrcedds_cpp/lib:/root/ros_ws/src/Rescue_Car_ws/install/rosidl_typesupport_microxrcedds_c/lib:/root/ros_ws/src/Rescue_Car_ws/install/rosgraph_msgs/lib:/root/ros_ws/src/Rescue_Car_ws/install/rclc_parameter/lib:/root/ros_ws/src/Rescue_Car_ws/install/rclc/lib:/root/ros_ws/src/Rescue_Car_ws/install/composition_interfaces/lib:/root/ros_ws/src/Rescue_Car_ws/install/rcl_interfaces/lib:/root/ros_ws/src/Rescue_Car_ws/install/micro_ros_utilities/lib:/root/ros_ws/src/Rescue_Car_ws/install/micro_ros_agent/lib:/root/ros_ws/src/Rescue_Car_ws/install/micro_ros_msgs/lib:/root/ros_ws/src/Rescue_Car_ws/install/lifecycle_msgs/lib:/root/ros_ws/src/Rescue_Car_ws/install/complex_msgs/lib:/usr/lib/x86_64-linux-gnu/gazebo-11/plugins:/opt/ros/humble/opt/rviz_ogre_vendor/lib:/opt/ros/humble/lib/x86_64-linux-gnu:/opt/ros/humble/lib /usr/bin/cmake --install /root/ros_ws/src/Rescue_Car_ws/build/nav_msgs
[3.730s] Level 1:colcon.colcon_core.environment:checking '/root/ros_ws/src/Rescue_Car_ws/install/nav_msgs' for CMake config files
[3.730s] Level 1:colcon.colcon_core.shell:create_environment_hook('nav_msgs', 'cmake_prefix_path')
[3.730s] INFO:colcon.colcon_core.shell:Creating environment hook '/root/ros_ws/src/Rescue_Car_ws/install/nav_msgs/share/nav_msgs/hook/cmake_prefix_path.ps1'
[3.731s] INFO:colcon.colcon_core.shell:Creating environment descriptor '/root/ros_ws/src/Rescue_Car_ws/install/nav_msgs/share/nav_msgs/hook/cmake_prefix_path.dsv'
[3.731s] INFO:colcon.colcon_core.shell:Creating environment hook '/root/ros_ws/src/Rescue_Car_ws/install/nav_msgs/share/nav_msgs/hook/cmake_prefix_path.sh'
[3.732s] Level 1:colcon.colcon_core.environment:checking '/root/ros_ws/src/Rescue_Car_ws/install/nav_msgs/lib'
[3.732s] Level 1:colcon.colcon_core.shell:create_environment_hook('nav_msgs', 'ld_library_path_lib')
[3.732s] INFO:colcon.colcon_core.shell:Creating environment hook '/root/ros_ws/src/Rescue_Car_ws/install/nav_msgs/share/nav_msgs/hook/ld_library_path_lib.ps1'
[3.733s] INFO:colcon.colcon_core.shell:Creating environment descriptor '/root/ros_ws/src/Rescue_Car_ws/install/nav_msgs/share/nav_msgs/hook/ld_library_path_lib.dsv'
[3.733s] INFO:colcon.colcon_core.shell:Creating environment hook '/root/ros_ws/src/Rescue_Car_ws/install/nav_msgs/share/nav_msgs/hook/ld_library_path_lib.sh'
[3.734s] Level 1:colcon.colcon_core.environment:checking '/root/ros_ws/src/Rescue_Car_ws/install/nav_msgs/bin'
[3.734s] Level 1:colcon.colcon_core.environment:checking '/root/ros_ws/src/Rescue_Car_ws/install/nav_msgs/lib/pkgconfig/nav_msgs.pc'
[3.734s] Level 1:colcon.colcon_core.environment:checking '/root/ros_ws/src/Rescue_Car_ws/install/nav_msgs/lib/python3.10/site-packages'
[3.734s] Level 1:colcon.colcon_core.environment:checking '/root/ros_ws/src/Rescue_Car_ws/install/nav_msgs/bin'
[3.734s] INFO:colcon.colcon_core.shell:Creating package script '/root/ros_ws/src/Rescue_Car_ws/install/nav_msgs/share/nav_msgs/package.ps1'
[3.735s] INFO:colcon.colcon_core.shell:Creating package descriptor '/root/ros_ws/src/Rescue_Car_ws/install/nav_msgs/share/nav_msgs/package.dsv'
[3.735s] INFO:colcon.colcon_core.shell:Creating package script '/root/ros_ws/src/Rescue_Car_ws/install/nav_msgs/share/nav_msgs/package.sh'
[3.736s] INFO:colcon.colcon_core.shell:Creating package script '/root/ros_ws/src/Rescue_Car_ws/install/nav_msgs/share/nav_msgs/package.bash'
[3.736s] INFO:colcon.colcon_core.shell:Creating package script '/root/ros_ws/src/Rescue_Car_ws/install/nav_msgs/share/nav_msgs/package.zsh'
[3.737s] Level 1:colcon.colcon_core.environment:create_file_with_runtime_dependencies(/root/ros_ws/src/Rescue_Car_ws/install/nav_msgs/share/colcon-core/packages/nav_msgs)
[3.737s] Level 1:colcon.colcon_core.environment:create_environment_scripts_only(nav_msgs)
[3.737s] Level 1:colcon.colcon_core.environment:checking '/root/ros_ws/src/Rescue_Car_ws/install/nav_msgs' for CMake module files
[3.738s] Level 1:colcon.colcon_core.environment:checking '/root/ros_ws/src/Rescue_Car_ws/install/nav_msgs' for CMake config files
[3.738s] Level 1:colcon.colcon_core.shell:create_environment_hook('nav_msgs', 'cmake_prefix_path')
[3.738s] INFO:colcon.colcon_core.shell:Creating environment hook '/root/ros_ws/src/Rescue_Car_ws/install/nav_msgs/share/nav_msgs/hook/cmake_prefix_path.ps1'
[3.739s] INFO:colcon.colcon_core.shell:Creating environment descriptor '/root/ros_ws/src/Rescue_Car_ws/install/nav_msgs/share/nav_msgs/hook/cmake_prefix_path.dsv'
[3.739s] INFO:colcon.colcon_core.shell:Creating environment hook '/root/ros_ws/src/Rescue_Car_ws/install/nav_msgs/share/nav_msgs/hook/cmake_prefix_path.sh'
[3.740s] Level 1:colcon.colcon_core.environment:checking '/root/ros_ws/src/Rescue_Car_ws/install/nav_msgs/lib'
[3.740s] Level 1:colcon.colcon_core.shell:create_environment_hook('nav_msgs', 'ld_library_path_lib')
[3.740s] INFO:colcon.colcon_core.shell:Creating environment hook '/root/ros_ws/src/Rescue_Car_ws/install/nav_msgs/share/nav_msgs/hook/ld_library_path_lib.ps1'
[3.741s] INFO:colcon.colcon_core.shell:Creating environment descriptor '/root/ros_ws/src/Rescue_Car_ws/install/nav_msgs/share/nav_msgs/hook/ld_library_path_lib.dsv'
[3.741s] INFO:colcon.colcon_core.shell:Creating environment hook '/root/ros_ws/src/Rescue_Car_ws/install/nav_msgs/share/nav_msgs/hook/ld_library_path_lib.sh'
[3.741s] Level 1:colcon.colcon_core.environment:checking '/root/ros_ws/src/Rescue_Car_ws/install/nav_msgs/bin'
[3.742s] Level 1:colcon.colcon_core.environment:checking '/root/ros_ws/src/Rescue_Car_ws/install/nav_msgs/lib/pkgconfig/nav_msgs.pc'
[3.742s] Level 1:colcon.colcon_core.environment:checking '/root/ros_ws/src/Rescue_Car_ws/install/nav_msgs/lib/python3.10/site-packages'
[3.742s] Level 1:colcon.colcon_core.environment:checking '/root/ros_ws/src/Rescue_Car_ws/install/nav_msgs/bin'
[3.742s] INFO:colcon.colcon_core.shell:Creating package script '/root/ros_ws/src/Rescue_Car_ws/install/nav_msgs/share/nav_msgs/package.ps1'
[3.743s] INFO:colcon.colcon_core.shell:Creating package descriptor '/root/ros_ws/src/Rescue_Car_ws/install/nav_msgs/share/nav_msgs/package.dsv'
[3.743s] INFO:colcon.colcon_core.shell:Creating package script '/root/ros_ws/src/Rescue_Car_ws/install/nav_msgs/share/nav_msgs/package.sh'
[3.744s] INFO:colcon.colcon_core.shell:Creating package script '/root/ros_ws/src/Rescue_Car_ws/install/nav_msgs/share/nav_msgs/package.bash'
[3.744s] INFO:colcon.colcon_core.shell:Creating package script '/root/ros_ws/src/Rescue_Car_ws/install/nav_msgs/share/nav_msgs/package.zsh'
[3.745s] Level 1:colcon.colcon_core.environment:create_file_with_runtime_dependencies(/root/ros_ws/src/Rescue_Car_ws/install/nav_msgs/share/colcon-core/packages/nav_msgs)
[3.784s] DEBUG:colcon.colcon_core.event_handler.log_command:Invoked command in '/root/ros_ws/src/Rescue_Car_ws/build/rclc' returned '0': CMAKE_PREFIX_PATH=/root/ros_ws/src/Rescue_Car_ws/install/test_msgs:/root/ros_ws/src/Rescue_Car_ws/install/example_interfaces:/root/ros_ws/src/Rescue_Car_ws/install/std_msgs:/root/ros_ws/src/Rescue_Car_ws/install/action_msgs:/root/ros_ws/src/Rescue_Car_ws/install/unique_identifier_msgs:/root/ros_ws/src/Rescue_Car_ws/install/builtin_interfaces:/root/ros_ws/src/Rescue_Car_ws/install/micro_ros_demos_rclc:/root/ros_ws/src/Rescue_Car_ws/install/common_interfaces:/root/ros_ws/src/Rescue_Car_ws/install/visualization_msgs:/root/ros_ws/src/Rescue_Car_ws/install/trajectory_msgs:/root/ros_ws/src/Rescue_Car_ws/install/stereo_msgs:/root/ros_ws/src/Rescue_Car_ws/install/std_srvs:/root/ros_ws/src/Rescue_Car_ws/install/shape_msgs:/root/ros_ws/src/Rescue_Car_ws/install/sensor_msgs:/root/ros_ws/src/Rescue_Car_ws/install/nav_msgs:/root/ros_ws/src/Rescue_Car_ws/install/diagnostic_msgs:/root/ros_ws/src/Rescue_Car_ws/install/geometry_msgs:/root/ros_ws/src/Rescue_Car_ws/install/actionlib_msgs:/root/ros_ws/src/Rescue_Car_ws/install/statistics_msgs:/root/ros_ws/src/Rescue_Car_ws/install/rosidl_typesupport_microxrcedds_test_msg:/root/ros_ws/src/Rescue_Car_ws/install/rosidl_typesupport_microxrcedds_cpp_tests:/root/ros_ws/src/Rescue_Car_ws/install/rmw_microxrcedds:/root/ros_ws/src/Rescue_Car_ws/install/rosidl_typesupport_microxrcedds_cpp:/root/ros_ws/src/Rescue_Car_ws/install/rosidl_typesupport_microxrcedds_c_tests:/root/ros_ws/src/Rescue_Car_ws/install/rosidl_typesupport_microxrcedds_c:/root/ros_ws/src/Rescue_Car_ws/install/rosgraph_msgs:/root/ros_ws/src/Rescue_Car_ws/install/rclc_parameter:/root/ros_ws/src/Rescue_Car_ws/install/rclc:/root/ros_ws/src/Rescue_Car_ws/install/composition_interfaces:/root/ros_ws/src/Rescue_Car_ws/install/rcl_interfaces:/root/ros_ws/src/Rescue_Car_ws/install/microxrcedds_client:/root/ros_ws/src/Rescue_Car_ws/install/microcdr:/root/ros_ws/src/Rescue_Car_ws/install/micro_ros_utilities:/root/ros_ws/src/Rescue_Car_ws/install/micro_ros_setup:/root/ros_ws/src/Rescue_Car_ws/install/micro_ros_agent:/root/ros_ws/src/Rescue_Car_ws/install/micro_ros_msgs:/root/ros_ws/src/Rescue_Car_ws/install/lifecycle_msgs:/root/ros_ws/src/Rescue_Car_ws/install/complex_msgs:/root/ros_ws/src/Rescue_Car_ws/install/car:/root/ros_ws/src/Rescue_Car_ws/install/sensor_msgs_py:/opt/ros/humble LD_LIBRARY_PATH=/root/ros_ws/src/Rescue_Car_ws/install/test_msgs/lib:/root/ros_ws/src/Rescue_Car_ws/install/example_interfaces/lib:/root/ros_ws/src/Rescue_Car_ws/install/std_msgs/lib:/root/ros_ws/src/Rescue_Car_ws/install/action_msgs/lib:/root/ros_ws/src/Rescue_Car_ws/install/unique_identifier_msgs/lib:/root/ros_ws/src/Rescue_Car_ws/install/builtin_interfaces/lib:/root/ros_ws/src/Rescue_Car_ws/install/visualization_msgs/lib:/root/ros_ws/src/Rescue_Car_ws/install/trajectory_msgs/lib:/root/ros_ws/src/Rescue_Car_ws/install/stereo_msgs/lib:/root/ros_ws/src/Rescue_Car_ws/install/std_srvs/lib:/root/ros_ws/src/Rescue_Car_ws/install/shape_msgs/lib:/root/ros_ws/src/Rescue_Car_ws/install/sensor_msgs/lib:/root/ros_ws/src/Rescue_Car_ws/install/nav_msgs/lib:/root/ros_ws/src/Rescue_Car_ws/install/diagnostic_msgs/lib:/root/ros_ws/src/Rescue_Car_ws/install/geometry_msgs/lib:/root/ros_ws/src/Rescue_Car_ws/install/actionlib_msgs/lib:/root/ros_ws/src/Rescue_Car_ws/install/statistics_msgs/lib:/root/ros_ws/src/Rescue_Car_ws/install/rosidl_typesupport_microxrcedds_test_msg/lib:/root/ros_ws/src/Rescue_Car_ws/install/rmw_microxrcedds/lib:/root/ros_ws/src/Rescue_Car_ws/install/rosidl_typesupport_microxrcedds_cpp/lib:/root/ros_ws/src/Rescue_Car_ws/install/rosidl_typesupport_microxrcedds_c/lib:/root/ros_ws/src/Rescue_Car_ws/install/rosgraph_msgs/lib:/root/ros_ws/src/Rescue_Car_ws/install/rclc_parameter/lib:/root/ros_ws/src/Rescue_Car_ws/install/rclc/lib:/root/ros_ws/src/Rescue_Car_ws/install/composition_interfaces/lib:/root/ros_ws/src/Rescue_Car_ws/install/rcl_interfaces/lib:/root/ros_ws/src/Rescue_Car_ws/install/micro_ros_utilities/lib:/root/ros_ws/src/Rescue_Car_ws/install/micro_ros_agent/lib:/root/ros_ws/src/Rescue_Car_ws/install/micro_ros_msgs/lib:/root/ros_ws/src/Rescue_Car_ws/install/lifecycle_msgs/lib:/root/ros_ws/src/Rescue_Car_ws/install/complex_msgs/lib:/usr/lib/x86_64-linux-gnu/gazebo-11/plugins:/opt/ros/humble/opt/rviz_ogre_vendor/lib:/opt/ros/humble/lib/x86_64-linux-gnu:/opt/ros/humble/lib /usr/bin/cmake --build /root/ros_ws/src/Rescue_Car_ws/build/rclc -- -j20 -l20
[3.785s] DEBUG:colcon.colcon_core.event_handler.log_command:Invoking command in '/root/ros_ws/src/Rescue_Car_ws/build/rclc': CMAKE_PREFIX_PATH=/root/ros_ws/src/Rescue_Car_ws/install/test_msgs:/root/ros_ws/src/Rescue_Car_ws/install/example_interfaces:/root/ros_ws/src/Rescue_Car_ws/install/std_msgs:/root/ros_ws/src/Rescue_Car_ws/install/action_msgs:/root/ros_ws/src/Rescue_Car_ws/install/unique_identifier_msgs:/root/ros_ws/src/Rescue_Car_ws/install/builtin_interfaces:/root/ros_ws/src/Rescue_Car_ws/install/micro_ros_demos_rclc:/root/ros_ws/src/Rescue_Car_ws/install/common_interfaces:/root/ros_ws/src/Rescue_Car_ws/install/visualization_msgs:/root/ros_ws/src/Rescue_Car_ws/install/trajectory_msgs:/root/ros_ws/src/Rescue_Car_ws/install/stereo_msgs:/root/ros_ws/src/Rescue_Car_ws/install/std_srvs:/root/ros_ws/src/Rescue_Car_ws/install/shape_msgs:/root/ros_ws/src/Rescue_Car_ws/install/sensor_msgs:/root/ros_ws/src/Rescue_Car_ws/install/nav_msgs:/root/ros_ws/src/Rescue_Car_ws/install/diagnostic_msgs:/root/ros_ws/src/Rescue_Car_ws/install/geometry_msgs:/root/ros_ws/src/Rescue_Car_ws/install/actionlib_msgs:/root/ros_ws/src/Rescue_Car_ws/install/statistics_msgs:/root/ros_ws/src/Rescue_Car_ws/install/rosidl_typesupport_microxrcedds_test_msg:/root/ros_ws/src/Rescue_Car_ws/install/rosidl_typesupport_microxrcedds_cpp_tests:/root/ros_ws/src/Rescue_Car_ws/install/rmw_microxrcedds:/root/ros_ws/src/Rescue_Car_ws/install/rosidl_typesupport_microxrcedds_cpp:/root/ros_ws/src/Rescue_Car_ws/install/rosidl_typesupport_microxrcedds_c_tests:/root/ros_ws/src/Rescue_Car_ws/install/rosidl_typesupport_microxrcedds_c:/root/ros_ws/src/Rescue_Car_ws/install/rosgraph_msgs:/root/ros_ws/src/Rescue_Car_ws/install/rclc_parameter:/root/ros_ws/src/Rescue_Car_ws/install/rclc:/root/ros_ws/src/Rescue_Car_ws/install/composition_interfaces:/root/ros_ws/src/Rescue_Car_ws/install/rcl_interfaces:/root/ros_ws/src/Rescue_Car_ws/install/microxrcedds_client:/root/ros_ws/src/Rescue_Car_ws/install/microcdr:/root/ros_ws/src/Rescue_Car_ws/install/micro_ros_utilities:/root/ros_ws/src/Rescue_Car_ws/install/micro_ros_setup:/root/ros_ws/src/Rescue_Car_ws/install/micro_ros_agent:/root/ros_ws/src/Rescue_Car_ws/install/micro_ros_msgs:/root/ros_ws/src/Rescue_Car_ws/install/lifecycle_msgs:/root/ros_ws/src/Rescue_Car_ws/install/complex_msgs:/root/ros_ws/src/Rescue_Car_ws/install/car:/root/ros_ws/src/Rescue_Car_ws/install/sensor_msgs_py:/opt/ros/humble LD_LIBRARY_PATH=/root/ros_ws/src/Rescue_Car_ws/install/test_msgs/lib:/root/ros_ws/src/Rescue_Car_ws/install/example_interfaces/lib:/root/ros_ws/src/Rescue_Car_ws/install/std_msgs/lib:/root/ros_ws/src/Rescue_Car_ws/install/action_msgs/lib:/root/ros_ws/src/Rescue_Car_ws/install/unique_identifier_msgs/lib:/root/ros_ws/src/Rescue_Car_ws/install/builtin_interfaces/lib:/root/ros_ws/src/Rescue_Car_ws/install/visualization_msgs/lib:/root/ros_ws/src/Rescue_Car_ws/install/trajectory_msgs/lib:/root/ros_ws/src/Rescue_Car_ws/install/stereo_msgs/lib:/root/ros_ws/src/Rescue_Car_ws/install/std_srvs/lib:/root/ros_ws/src/Rescue_Car_ws/install/shape_msgs/lib:/root/ros_ws/src/Rescue_Car_ws/install/sensor_msgs/lib:/root/ros_ws/src/Rescue_Car_ws/install/nav_msgs/lib:/root/ros_ws/src/Rescue_Car_ws/install/diagnostic_msgs/lib:/root/ros_ws/src/Rescue_Car_ws/install/geometry_msgs/lib:/root/ros_ws/src/Rescue_Car_ws/install/actionlib_msgs/lib:/root/ros_ws/src/Rescue_Car_ws/install/statistics_msgs/lib:/root/ros_ws/src/Rescue_Car_ws/install/rosidl_typesupport_microxrcedds_test_msg/lib:/root/ros_ws/src/Rescue_Car_ws/install/rmw_microxrcedds/lib:/root/ros_ws/src/Rescue_Car_ws/install/rosidl_typesupport_microxrcedds_cpp/lib:/root/ros_ws/src/Rescue_Car_ws/install/rosidl_typesupport_microxrcedds_c/lib:/root/ros_ws/src/Rescue_Car_ws/install/rosgraph_msgs/lib:/root/ros_ws/src/Rescue_Car_ws/install/rclc_parameter/lib:/root/ros_ws/src/Rescue_Car_ws/install/rclc/lib:/root/ros_ws/src/Rescue_Car_ws/install/composition_interfaces/lib:/root/ros_ws/src/Rescue_Car_ws/install/rcl_interfaces/lib:/root/ros_ws/src/Rescue_Car_ws/install/micro_ros_utilities/lib:/root/ros_ws/src/Rescue_Car_ws/install/micro_ros_agent/lib:/root/ros_ws/src/Rescue_Car_ws/install/micro_ros_msgs/lib:/root/ros_ws/src/Rescue_Car_ws/install/lifecycle_msgs/lib:/root/ros_ws/src/Rescue_Car_ws/install/complex_msgs/lib:/usr/lib/x86_64-linux-gnu/gazebo-11/plugins:/opt/ros/humble/opt/rviz_ogre_vendor/lib:/opt/ros/humble/lib/x86_64-linux-gnu:/opt/ros/humble/lib /usr/bin/cmake --install /root/ros_ws/src/Rescue_Car_ws/build/rclc
[3.796s] Level 1:colcon.colcon_core.environment:create_environment_scripts_only(rclc)
[3.797s] Level 1:colcon.colcon_core.environment:checking '/root/ros_ws/src/Rescue_Car_ws/install/rclc' for CMake module files
[3.799s] DEBUG:colcon.colcon_core.event_handler.log_command:Invoked command in '/root/ros_ws/src/Rescue_Car_ws/build/rclc' returned '0': CMAKE_PREFIX_PATH=/root/ros_ws/src/Rescue_Car_ws/install/test_msgs:/root/ros_ws/src/Rescue_Car_ws/install/example_interfaces:/root/ros_ws/src/Rescue_Car_ws/install/std_msgs:/root/ros_ws/src/Rescue_Car_ws/install/action_msgs:/root/ros_ws/src/Rescue_Car_ws/install/unique_identifier_msgs:/root/ros_ws/src/Rescue_Car_ws/install/builtin_interfaces:/root/ros_ws/src/Rescue_Car_ws/install/micro_ros_demos_rclc:/root/ros_ws/src/Rescue_Car_ws/install/common_interfaces:/root/ros_ws/src/Rescue_Car_ws/install/visualization_msgs:/root/ros_ws/src/Rescue_Car_ws/install/trajectory_msgs:/root/ros_ws/src/Rescue_Car_ws/install/stereo_msgs:/root/ros_ws/src/Rescue_Car_ws/install/std_srvs:/root/ros_ws/src/Rescue_Car_ws/install/shape_msgs:/root/ros_ws/src/Rescue_Car_ws/install/sensor_msgs:/root/ros_ws/src/Rescue_Car_ws/install/nav_msgs:/root/ros_ws/src/Rescue_Car_ws/install/diagnostic_msgs:/root/ros_ws/src/Rescue_Car_ws/install/geometry_msgs:/root/ros_ws/src/Rescue_Car_ws/install/actionlib_msgs:/root/ros_ws/src/Rescue_Car_ws/install/statistics_msgs:/root/ros_ws/src/Rescue_Car_ws/install/rosidl_typesupport_microxrcedds_test_msg:/root/ros_ws/src/Rescue_Car_ws/install/rosidl_typesupport_microxrcedds_cpp_tests:/root/ros_ws/src/Rescue_Car_ws/install/rmw_microxrcedds:/root/ros_ws/src/Rescue_Car_ws/install/rosidl_typesupport_microxrcedds_cpp:/root/ros_ws/src/Rescue_Car_ws/install/rosidl_typesupport_microxrcedds_c_tests:/root/ros_ws/src/Rescue_Car_ws/install/rosidl_typesupport_microxrcedds_c:/root/ros_ws/src/Rescue_Car_ws/install/rosgraph_msgs:/root/ros_ws/src/Rescue_Car_ws/install/rclc_parameter:/root/ros_ws/src/Rescue_Car_ws/install/rclc:/root/ros_ws/src/Rescue_Car_ws/install/composition_interfaces:/root/ros_ws/src/Rescue_Car_ws/install/rcl_interfaces:/root/ros_ws/src/Rescue_Car_ws/install/microxrcedds_client:/root/ros_ws/src/Rescue_Car_ws/install/microcdr:/root/ros_ws/src/Rescue_Car_ws/install/micro_ros_utilities:/root/ros_ws/src/Rescue_Car_ws/install/micro_ros_setup:/root/ros_ws/src/Rescue_Car_ws/install/micro_ros_agent:/root/ros_ws/src/Rescue_Car_ws/install/micro_ros_msgs:/root/ros_ws/src/Rescue_Car_ws/install/lifecycle_msgs:/root/ros_ws/src/Rescue_Car_ws/install/complex_msgs:/root/ros_ws/src/Rescue_Car_ws/install/car:/root/ros_ws/src/Rescue_Car_ws/install/sensor_msgs_py:/opt/ros/humble LD_LIBRARY_PATH=/root/ros_ws/src/Rescue_Car_ws/install/test_msgs/lib:/root/ros_ws/src/Rescue_Car_ws/install/example_interfaces/lib:/root/ros_ws/src/Rescue_Car_ws/install/std_msgs/lib:/root/ros_ws/src/Rescue_Car_ws/install/action_msgs/lib:/root/ros_ws/src/Rescue_Car_ws/install/unique_identifier_msgs/lib:/root/ros_ws/src/Rescue_Car_ws/install/builtin_interfaces/lib:/root/ros_ws/src/Rescue_Car_ws/install/visualization_msgs/lib:/root/ros_ws/src/Rescue_Car_ws/install/trajectory_msgs/lib:/root/ros_ws/src/Rescue_Car_ws/install/stereo_msgs/lib:/root/ros_ws/src/Rescue_Car_ws/install/std_srvs/lib:/root/ros_ws/src/Rescue_Car_ws/install/shape_msgs/lib:/root/ros_ws/src/Rescue_Car_ws/install/sensor_msgs/lib:/root/ros_ws/src/Rescue_Car_ws/install/nav_msgs/lib:/root/ros_ws/src/Rescue_Car_ws/install/diagnostic_msgs/lib:/root/ros_ws/src/Rescue_Car_ws/install/geometry_msgs/lib:/root/ros_ws/src/Rescue_Car_ws/install/actionlib_msgs/lib:/root/ros_ws/src/Rescue_Car_ws/install/statistics_msgs/lib:/root/ros_ws/src/Rescue_Car_ws/install/rosidl_typesupport_microxrcedds_test_msg/lib:/root/ros_ws/src/Rescue_Car_ws/install/rmw_microxrcedds/lib:/root/ros_ws/src/Rescue_Car_ws/install/rosidl_typesupport_microxrcedds_cpp/lib:/root/ros_ws/src/Rescue_Car_ws/install/rosidl_typesupport_microxrcedds_c/lib:/root/ros_ws/src/Rescue_Car_ws/install/rosgraph_msgs/lib:/root/ros_ws/src/Rescue_Car_ws/install/rclc_parameter/lib:/root/ros_ws/src/Rescue_Car_ws/install/rclc/lib:/root/ros_ws/src/Rescue_Car_ws/install/composition_interfaces/lib:/root/ros_ws/src/Rescue_Car_ws/install/rcl_interfaces/lib:/root/ros_ws/src/Rescue_Car_ws/install/micro_ros_utilities/lib:/root/ros_ws/src/Rescue_Car_ws/install/micro_ros_agent/lib:/root/ros_ws/src/Rescue_Car_ws/install/micro_ros_msgs/lib:/root/ros_ws/src/Rescue_Car_ws/install/lifecycle_msgs/lib:/root/ros_ws/src/Rescue_Car_ws/install/complex_msgs/lib:/usr/lib/x86_64-linux-gnu/gazebo-11/plugins:/opt/ros/humble/opt/rviz_ogre_vendor/lib:/opt/ros/humble/lib/x86_64-linux-gnu:/opt/ros/humble/lib /usr/bin/cmake --install /root/ros_ws/src/Rescue_Car_ws/build/rclc
[3.799s] Level 1:colcon.colcon_core.environment:checking '/root/ros_ws/src/Rescue_Car_ws/install/rclc' for CMake config files
[3.800s] Level 1:colcon.colcon_core.shell:create_environment_hook('rclc', 'cmake_prefix_path')
[3.800s] INFO:colcon.colcon_core.shell:Creating environment hook '/root/ros_ws/src/Rescue_Car_ws/install/rclc/share/rclc/hook/cmake_prefix_path.ps1'
[3.800s] INFO:colcon.colcon_core.shell:Creating environment descriptor '/root/ros_ws/src/Rescue_Car_ws/install/rclc/share/rclc/hook/cmake_prefix_path.dsv'
[3.801s] INFO:colcon.colcon_core.shell:Creating environment hook '/root/ros_ws/src/Rescue_Car_ws/install/rclc/share/rclc/hook/cmake_prefix_path.sh'
[3.801s] Level 1:colcon.colcon_core.environment:checking '/root/ros_ws/src/Rescue_Car_ws/install/rclc/lib'
[3.801s] Level 1:colcon.colcon_core.shell:create_environment_hook('rclc', 'ld_library_path_lib')
[3.801s] INFO:colcon.colcon_core.shell:Creating environment hook '/root/ros_ws/src/Rescue_Car_ws/install/rclc/share/rclc/hook/ld_library_path_lib.ps1'
[3.802s] INFO:colcon.colcon_core.shell:Creating environment descriptor '/root/ros_ws/src/Rescue_Car_ws/install/rclc/share/rclc/hook/ld_library_path_lib.dsv'
[3.802s] INFO:colcon.colcon_core.shell:Creating environment hook '/root/ros_ws/src/Rescue_Car_ws/install/rclc/share/rclc/hook/ld_library_path_lib.sh'
[3.802s] Level 1:colcon.colcon_core.environment:checking '/root/ros_ws/src/Rescue_Car_ws/install/rclc/bin'
[3.802s] Level 1:colcon.colcon_core.environment:checking '/root/ros_ws/src/Rescue_Car_ws/install/rclc/lib/pkgconfig/rclc.pc'
[3.803s] Level 1:colcon.colcon_core.environment:checking '/root/ros_ws/src/Rescue_Car_ws/install/rclc/lib/python3.10/site-packages'
[3.803s] Level 1:colcon.colcon_core.environment:checking '/root/ros_ws/src/Rescue_Car_ws/install/rclc/bin'
[3.803s] INFO:colcon.colcon_core.shell:Creating package script '/root/ros_ws/src/Rescue_Car_ws/install/rclc/share/rclc/package.ps1'
[3.803s] INFO:colcon.colcon_core.shell:Creating package descriptor '/root/ros_ws/src/Rescue_Car_ws/install/rclc/share/rclc/package.dsv'
[3.804s] INFO:colcon.colcon_core.shell:Creating package script '/root/ros_ws/src/Rescue_Car_ws/install/rclc/share/rclc/package.sh'
[3.804s] INFO:colcon.colcon_core.shell:Creating package script '/root/ros_ws/src/Rescue_Car_ws/install/rclc/share/rclc/package.bash'
[3.804s] INFO:colcon.colcon_core.shell:Creating package script '/root/ros_ws/src/Rescue_Car_ws/install/rclc/share/rclc/package.zsh'
[3.805s] Level 1:colcon.colcon_core.environment:create_file_with_runtime_dependencies(/root/ros_ws/src/Rescue_Car_ws/install/rclc/share/colcon-core/packages/rclc)
[3.805s] Level 1:colcon.colcon_core.environment:create_environment_scripts_only(rclc)
[3.805s] Level 1:colcon.colcon_core.environment:checking '/root/ros_ws/src/Rescue_Car_ws/install/rclc' for CMake module files
[3.805s] Level 1:colcon.colcon_core.environment:checking '/root/ros_ws/src/Rescue_Car_ws/install/rclc' for CMake config files
[3.806s] Level 1:colcon.colcon_core.shell:create_environment_hook('rclc', 'cmake_prefix_path')
[3.806s] INFO:colcon.colcon_core.shell:Creating environment hook '/root/ros_ws/src/Rescue_Car_ws/install/rclc/share/rclc/hook/cmake_prefix_path.ps1'
[3.806s] INFO:colcon.colcon_core.shell:Creating environment descriptor '/root/ros_ws/src/Rescue_Car_ws/install/rclc/share/rclc/hook/cmake_prefix_path.dsv'
[3.806s] INFO:colcon.colcon_core.shell:Creating environment hook '/root/ros_ws/src/Rescue_Car_ws/install/rclc/share/rclc/hook/cmake_prefix_path.sh'
[3.807s] Level 1:colcon.colcon_core.environment:checking '/root/ros_ws/src/Rescue_Car_ws/install/rclc/lib'
[3.807s] Level 1:colcon.colcon_core.shell:create_environment_hook('rclc', 'ld_library_path_lib')
[3.807s] INFO:colcon.colcon_core.shell:Creating environment hook '/root/ros_ws/src/Rescue_Car_ws/install/rclc/share/rclc/hook/ld_library_path_lib.ps1'
[3.807s] INFO:colcon.colcon_core.shell:Creating environment descriptor '/root/ros_ws/src/Rescue_Car_ws/install/rclc/share/rclc/hook/ld_library_path_lib.dsv'
[3.808s] INFO:colcon.colcon_core.shell:Creating environment hook '/root/ros_ws/src/Rescue_Car_ws/install/rclc/share/rclc/hook/ld_library_path_lib.sh'
[3.808s] Level 1:colcon.colcon_core.environment:checking '/root/ros_ws/src/Rescue_Car_ws/install/rclc/bin'
[3.808s] Level 1:colcon.colcon_core.environment:checking '/root/ros_ws/src/Rescue_Car_ws/install/rclc/lib/pkgconfig/rclc.pc'
[3.808s] Level 1:colcon.colcon_core.environment:checking '/root/ros_ws/src/Rescue_Car_ws/install/rclc/lib/python3.10/site-packages'
[3.808s] Level 1:colcon.colcon_core.environment:checking '/root/ros_ws/src/Rescue_Car_ws/install/rclc/bin'
[3.809s] INFO:colcon.colcon_core.shell:Creating package script '/root/ros_ws/src/Rescue_Car_ws/install/rclc/share/rclc/package.ps1'
[3.809s] INFO:colcon.colcon_core.shell:Creating package descriptor '/root/ros_ws/src/Rescue_Car_ws/install/rclc/share/rclc/package.dsv'
[3.810s] INFO:colcon.colcon_core.shell:Creating package script '/root/ros_ws/src/Rescue_Car_ws/install/rclc/share/rclc/package.sh'
[3.810s] INFO:colcon.colcon_core.shell:Creating package script '/root/ros_ws/src/Rescue_Car_ws/install/rclc/share/rclc/package.bash'
[3.810s] INFO:colcon.colcon_core.shell:Creating package script '/root/ros_ws/src/Rescue_Car_ws/install/rclc/share/rclc/package.zsh'
[3.811s] Level 1:colcon.colcon_core.environment:create_file_with_runtime_dependencies(/root/ros_ws/src/Rescue_Car_ws/install/rclc/share/colcon-core/packages/rclc)
[3.811s] INFO:colcon.colcon_ros.task.ament_cmake.build:Building ROS package in '/root/ros_ws/src/Rescue_Car_ws/src/microros/src/uros/rclc/rclc_parameter' with build type 'ament_cmake'
[3.811s] INFO:colcon.colcon_cmake.task.cmake.build:Building CMake package in '/root/ros_ws/src/Rescue_Car_ws/src/microros/src/uros/rclc/rclc_parameter'
[3.811s] INFO:colcon.colcon_core.shell:Skip shell extension 'powershell' for command environment: Not usable outside of PowerShell
[3.811s] DEBUG:colcon.colcon_core.shell:Skip shell extension 'dsv' for command environment
[3.983s] DEBUG:colcon.colcon_core.event_handler.log_command:Invoking command in '/root/ros_ws/src/Rescue_Car_ws/build/stereo_msgs': CMAKE_PREFIX_PATH=/root/ros_ws/src/Rescue_Car_ws/install/sensor_msgs:/root/ros_ws/src/Rescue_Car_ws/install/geometry_msgs:/root/ros_ws/src/Rescue_Car_ws/install/std_msgs:/root/ros_ws/src/Rescue_Car_ws/install/builtin_interfaces:/root/ros_ws/src/Rescue_Car_ws/install/micro_ros_demos_rclc:/root/ros_ws/src/Rescue_Car_ws/install/common_interfaces:/root/ros_ws/src/Rescue_Car_ws/install/visualization_msgs:/root/ros_ws/src/Rescue_Car_ws/install/test_msgs:/root/ros_ws/src/Rescue_Car_ws/install/example_interfaces:/root/ros_ws/src/Rescue_Car_ws/install/action_msgs:/root/ros_ws/src/Rescue_Car_ws/install/unique_identifier_msgs:/root/ros_ws/src/Rescue_Car_ws/install/trajectory_msgs:/root/ros_ws/src/Rescue_Car_ws/install/stereo_msgs:/root/ros_ws/src/Rescue_Car_ws/install/std_srvs:/root/ros_ws/src/Rescue_Car_ws/install/shape_msgs:/root/ros_ws/src/Rescue_Car_ws/install/nav_msgs:/root/ros_ws/src/Rescue_Car_ws/install/diagnostic_msgs:/root/ros_ws/src/Rescue_Car_ws/install/actionlib_msgs:/root/ros_ws/src/Rescue_Car_ws/install/statistics_msgs:/root/ros_ws/src/Rescue_Car_ws/install/rosidl_typesupport_microxrcedds_test_msg:/root/ros_ws/src/Rescue_Car_ws/install/rosidl_typesupport_microxrcedds_cpp_tests:/root/ros_ws/src/Rescue_Car_ws/install/rmw_microxrcedds:/root/ros_ws/src/Rescue_Car_ws/install/rosidl_typesupport_microxrcedds_cpp:/root/ros_ws/src/Rescue_Car_ws/install/rosidl_typesupport_microxrcedds_c_tests:/root/ros_ws/src/Rescue_Car_ws/install/rosidl_typesupport_microxrcedds_c:/root/ros_ws/src/Rescue_Car_ws/install/rosgraph_msgs:/root/ros_ws/src/Rescue_Car_ws/install/rclc_parameter:/root/ros_ws/src/Rescue_Car_ws/install/rclc:/root/ros_ws/src/Rescue_Car_ws/install/composition_interfaces:/root/ros_ws/src/Rescue_Car_ws/install/rcl_interfaces:/root/ros_ws/src/Rescue_Car_ws/install/microxrcedds_client:/root/ros_ws/src/Rescue_Car_ws/install/microcdr:/root/ros_ws/src/Rescue_Car_ws/install/micro_ros_utilities:/root/ros_ws/src/Rescue_Car_ws/install/micro_ros_setup:/root/ros_ws/src/Rescue_Car_ws/install/micro_ros_agent:/root/ros_ws/src/Rescue_Car_ws/install/micro_ros_msgs:/root/ros_ws/src/Rescue_Car_ws/install/lifecycle_msgs:/root/ros_ws/src/Rescue_Car_ws/install/complex_msgs:/root/ros_ws/src/Rescue_Car_ws/install/car:/root/ros_ws/src/Rescue_Car_ws/install/sensor_msgs_py:/opt/ros/humble LD_LIBRARY_PATH=/root/ros_ws/src/Rescue_Car_ws/install/sensor_msgs/lib:/root/ros_ws/src/Rescue_Car_ws/install/geometry_msgs/lib:/root/ros_ws/src/Rescue_Car_ws/install/std_msgs/lib:/root/ros_ws/src/Rescue_Car_ws/install/builtin_interfaces/lib:/root/ros_ws/src/Rescue_Car_ws/install/visualization_msgs/lib:/root/ros_ws/src/Rescue_Car_ws/install/test_msgs/lib:/root/ros_ws/src/Rescue_Car_ws/install/example_interfaces/lib:/root/ros_ws/src/Rescue_Car_ws/install/action_msgs/lib:/root/ros_ws/src/Rescue_Car_ws/install/unique_identifier_msgs/lib:/root/ros_ws/src/Rescue_Car_ws/install/trajectory_msgs/lib:/root/ros_ws/src/Rescue_Car_ws/install/stereo_msgs/lib:/root/ros_ws/src/Rescue_Car_ws/install/std_srvs/lib:/root/ros_ws/src/Rescue_Car_ws/install/shape_msgs/lib:/root/ros_ws/src/Rescue_Car_ws/install/nav_msgs/lib:/root/ros_ws/src/Rescue_Car_ws/install/diagnostic_msgs/lib:/root/ros_ws/src/Rescue_Car_ws/install/actionlib_msgs/lib:/root/ros_ws/src/Rescue_Car_ws/install/statistics_msgs/lib:/root/ros_ws/src/Rescue_Car_ws/install/rosidl_typesupport_microxrcedds_test_msg/lib:/root/ros_ws/src/Rescue_Car_ws/install/rmw_microxrcedds/lib:/root/ros_ws/src/Rescue_Car_ws/install/rosidl_typesupport_microxrcedds_cpp/lib:/root/ros_ws/src/Rescue_Car_ws/install/rosidl_typesupport_microxrcedds_c/lib:/root/ros_ws/src/Rescue_Car_ws/install/rosgraph_msgs/lib:/root/ros_ws/src/Rescue_Car_ws/install/rclc_parameter/lib:/root/ros_ws/src/Rescue_Car_ws/install/rclc/lib:/root/ros_ws/src/Rescue_Car_ws/install/composition_interfaces/lib:/root/ros_ws/src/Rescue_Car_ws/install/rcl_interfaces/lib:/root/ros_ws/src/Rescue_Car_ws/install/micro_ros_utilities/lib:/root/ros_ws/src/Rescue_Car_ws/install/micro_ros_agent/lib:/root/ros_ws/src/Rescue_Car_ws/install/micro_ros_msgs/lib:/root/ros_ws/src/Rescue_Car_ws/install/lifecycle_msgs/lib:/root/ros_ws/src/Rescue_Car_ws/install/complex_msgs/lib:/usr/lib/x86_64-linux-gnu/gazebo-11/plugins:/opt/ros/humble/opt/rviz_ogre_vendor/lib:/opt/ros/humble/lib/x86_64-linux-gnu:/opt/ros/humble/lib /usr/bin/cmake --build /root/ros_ws/src/Rescue_Car_ws/build/stereo_msgs -- -j20 -l20
[3.984s] DEBUG:colcon.colcon_core.event_handler.log_command:Invoking command in '/root/ros_ws/src/Rescue_Car_ws/build/visualization_msgs': CMAKE_PREFIX_PATH=/root/ros_ws/src/Rescue_Car_ws/install/sensor_msgs:/root/ros_ws/src/Rescue_Car_ws/install/geometry_msgs:/root/ros_ws/src/Rescue_Car_ws/install/std_msgs:/root/ros_ws/src/Rescue_Car_ws/install/builtin_interfaces:/root/ros_ws/src/Rescue_Car_ws/install/micro_ros_demos_rclc:/root/ros_ws/src/Rescue_Car_ws/install/common_interfaces:/root/ros_ws/src/Rescue_Car_ws/install/visualization_msgs:/root/ros_ws/src/Rescue_Car_ws/install/test_msgs:/root/ros_ws/src/Rescue_Car_ws/install/example_interfaces:/root/ros_ws/src/Rescue_Car_ws/install/action_msgs:/root/ros_ws/src/Rescue_Car_ws/install/unique_identifier_msgs:/root/ros_ws/src/Rescue_Car_ws/install/trajectory_msgs:/root/ros_ws/src/Rescue_Car_ws/install/stereo_msgs:/root/ros_ws/src/Rescue_Car_ws/install/std_srvs:/root/ros_ws/src/Rescue_Car_ws/install/shape_msgs:/root/ros_ws/src/Rescue_Car_ws/install/nav_msgs:/root/ros_ws/src/Rescue_Car_ws/install/diagnostic_msgs:/root/ros_ws/src/Rescue_Car_ws/install/actionlib_msgs:/root/ros_ws/src/Rescue_Car_ws/install/statistics_msgs:/root/ros_ws/src/Rescue_Car_ws/install/rosidl_typesupport_microxrcedds_test_msg:/root/ros_ws/src/Rescue_Car_ws/install/rosidl_typesupport_microxrcedds_cpp_tests:/root/ros_ws/src/Rescue_Car_ws/install/rmw_microxrcedds:/root/ros_ws/src/Rescue_Car_ws/install/rosidl_typesupport_microxrcedds_cpp:/root/ros_ws/src/Rescue_Car_ws/install/rosidl_typesupport_microxrcedds_c_tests:/root/ros_ws/src/Rescue_Car_ws/install/rosidl_typesupport_microxrcedds_c:/root/ros_ws/src/Rescue_Car_ws/install/rosgraph_msgs:/root/ros_ws/src/Rescue_Car_ws/install/rclc_parameter:/root/ros_ws/src/Rescue_Car_ws/install/rclc:/root/ros_ws/src/Rescue_Car_ws/install/composition_interfaces:/root/ros_ws/src/Rescue_Car_ws/install/rcl_interfaces:/root/ros_ws/src/Rescue_Car_ws/install/microxrcedds_client:/root/ros_ws/src/Rescue_Car_ws/install/microcdr:/root/ros_ws/src/Rescue_Car_ws/install/micro_ros_utilities:/root/ros_ws/src/Rescue_Car_ws/install/micro_ros_setup:/root/ros_ws/src/Rescue_Car_ws/install/micro_ros_agent:/root/ros_ws/src/Rescue_Car_ws/install/micro_ros_msgs:/root/ros_ws/src/Rescue_Car_ws/install/lifecycle_msgs:/root/ros_ws/src/Rescue_Car_ws/install/complex_msgs:/root/ros_ws/src/Rescue_Car_ws/install/car:/root/ros_ws/src/Rescue_Car_ws/install/sensor_msgs_py:/opt/ros/humble LD_LIBRARY_PATH=/root/ros_ws/src/Rescue_Car_ws/install/sensor_msgs/lib:/root/ros_ws/src/Rescue_Car_ws/install/geometry_msgs/lib:/root/ros_ws/src/Rescue_Car_ws/install/std_msgs/lib:/root/ros_ws/src/Rescue_Car_ws/install/builtin_interfaces/lib:/root/ros_ws/src/Rescue_Car_ws/install/visualization_msgs/lib:/root/ros_ws/src/Rescue_Car_ws/install/test_msgs/lib:/root/ros_ws/src/Rescue_Car_ws/install/example_interfaces/lib:/root/ros_ws/src/Rescue_Car_ws/install/action_msgs/lib:/root/ros_ws/src/Rescue_Car_ws/install/unique_identifier_msgs/lib:/root/ros_ws/src/Rescue_Car_ws/install/trajectory_msgs/lib:/root/ros_ws/src/Rescue_Car_ws/install/stereo_msgs/lib:/root/ros_ws/src/Rescue_Car_ws/install/std_srvs/lib:/root/ros_ws/src/Rescue_Car_ws/install/shape_msgs/lib:/root/ros_ws/src/Rescue_Car_ws/install/nav_msgs/lib:/root/ros_ws/src/Rescue_Car_ws/install/diagnostic_msgs/lib:/root/ros_ws/src/Rescue_Car_ws/install/actionlib_msgs/lib:/root/ros_ws/src/Rescue_Car_ws/install/statistics_msgs/lib:/root/ros_ws/src/Rescue_Car_ws/install/rosidl_typesupport_microxrcedds_test_msg/lib:/root/ros_ws/src/Rescue_Car_ws/install/rmw_microxrcedds/lib:/root/ros_ws/src/Rescue_Car_ws/install/rosidl_typesupport_microxrcedds_cpp/lib:/root/ros_ws/src/Rescue_Car_ws/install/rosidl_typesupport_microxrcedds_c/lib:/root/ros_ws/src/Rescue_Car_ws/install/rosgraph_msgs/lib:/root/ros_ws/src/Rescue_Car_ws/install/rclc_parameter/lib:/root/ros_ws/src/Rescue_Car_ws/install/rclc/lib:/root/ros_ws/src/Rescue_Car_ws/install/composition_interfaces/lib:/root/ros_ws/src/Rescue_Car_ws/install/rcl_interfaces/lib:/root/ros_ws/src/Rescue_Car_ws/install/micro_ros_utilities/lib:/root/ros_ws/src/Rescue_Car_ws/install/micro_ros_agent/lib:/root/ros_ws/src/Rescue_Car_ws/install/micro_ros_msgs/lib:/root/ros_ws/src/Rescue_Car_ws/install/lifecycle_msgs/lib:/root/ros_ws/src/Rescue_Car_ws/install/complex_msgs/lib:/usr/lib/x86_64-linux-gnu/gazebo-11/plugins:/opt/ros/humble/opt/rviz_ogre_vendor/lib:/opt/ros/humble/lib/x86_64-linux-gnu:/opt/ros/humble/lib /usr/bin/cmake --build /root/ros_ws/src/Rescue_Car_ws/build/visualization_msgs -- -j20 -l20
[4.236s] INFO:colcon.colcon_core.task.python.build:Building Python package in '/root/ros_ws/src/Rescue_Car_ws/src/microros/src/ros2/common_interfaces/sensor_msgs_py'
[4.237s] INFO:colcon.colcon_core.shell:Skip shell extension 'powershell' for command environment: Not usable outside of PowerShell
[4.237s] DEBUG:colcon.colcon_core.shell:Skip shell extension 'dsv' for command environment
[4.245s] DEBUG:colcon.colcon_core.event_handler.log_command:Invoking command in '/root/ros_ws/src/Rescue_Car_ws/build/rosidl_typesupport_microxrcedds_c_tests': CMAKE_PREFIX_PATH=/root/ros_ws/src/Rescue_Car_ws/install/rosidl_typesupport_microxrcedds_test_msg:/root/ros_ws/src/Rescue_Car_ws/install/rmw_microxrcedds:/root/ros_ws/src/Rescue_Car_ws/install/rosidl_typesupport_microxrcedds_cpp:/root/ros_ws/src/Rescue_Car_ws/install/rosidl_typesupport_microxrcedds_c:/root/ros_ws/src/Rescue_Car_ws/install/microxrcedds_client:/root/ros_ws/src/Rescue_Car_ws/install/microcdr:/root/ros_ws/src/Rescue_Car_ws/install/micro_ros_msgs:/root/ros_ws/src/Rescue_Car_ws/install/builtin_interfaces:/root/ros_ws/src/Rescue_Car_ws/install/micro_ros_demos_rclc:/root/ros_ws/src/Rescue_Car_ws/install/common_interfaces:/root/ros_ws/src/Rescue_Car_ws/install/visualization_msgs:/root/ros_ws/src/Rescue_Car_ws/install/test_msgs:/root/ros_ws/src/Rescue_Car_ws/install/example_interfaces:/root/ros_ws/src/Rescue_Car_ws/install/action_msgs:/root/ros_ws/src/Rescue_Car_ws/install/unique_identifier_msgs:/root/ros_ws/src/Rescue_Car_ws/install/trajectory_msgs:/root/ros_ws/src/Rescue_Car_ws/install/stereo_msgs:/root/ros_ws/src/Rescue_Car_ws/install/std_srvs:/root/ros_ws/src/Rescue_Car_ws/install/shape_msgs:/root/ros_ws/src/Rescue_Car_ws/install/sensor_msgs:/root/ros_ws/src/Rescue_Car_ws/install/nav_msgs:/root/ros_ws/src/Rescue_Car_ws/install/diagnostic_msgs:/root/ros_ws/src/Rescue_Car_ws/install/geometry_msgs:/root/ros_ws/src/Rescue_Car_ws/install/actionlib_msgs:/root/ros_ws/src/Rescue_Car_ws/install/std_msgs:/root/ros_ws/src/Rescue_Car_ws/install/statistics_msgs:/root/ros_ws/src/Rescue_Car_ws/install/rosidl_typesupport_microxrcedds_cpp_tests:/root/ros_ws/src/Rescue_Car_ws/install/rosidl_typesupport_microxrcedds_c_tests:/root/ros_ws/src/Rescue_Car_ws/install/rosgraph_msgs:/root/ros_ws/src/Rescue_Car_ws/install/rclc_parameter:/root/ros_ws/src/Rescue_Car_ws/install/rclc:/root/ros_ws/src/Rescue_Car_ws/install/composition_interfaces:/root/ros_ws/src/Rescue_Car_ws/install/rcl_interfaces:/root/ros_ws/src/Rescue_Car_ws/install/micro_ros_utilities:/root/ros_ws/src/Rescue_Car_ws/install/micro_ros_setup:/root/ros_ws/src/Rescue_Car_ws/install/micro_ros_agent:/root/ros_ws/src/Rescue_Car_ws/install/lifecycle_msgs:/root/ros_ws/src/Rescue_Car_ws/install/complex_msgs:/root/ros_ws/src/Rescue_Car_ws/install/car:/root/ros_ws/src/Rescue_Car_ws/install/sensor_msgs_py:/opt/ros/humble LD_LIBRARY_PATH=/root/ros_ws/src/Rescue_Car_ws/install/rosidl_typesupport_microxrcedds_test_msg/lib:/root/ros_ws/src/Rescue_Car_ws/install/rmw_microxrcedds/lib:/root/ros_ws/src/Rescue_Car_ws/install/micro_ros_msgs/lib:/root/ros_ws/src/Rescue_Car_ws/install/builtin_interfaces/lib:/root/ros_ws/src/Rescue_Car_ws/install/visualization_msgs/lib:/root/ros_ws/src/Rescue_Car_ws/install/test_msgs/lib:/root/ros_ws/src/Rescue_Car_ws/install/example_interfaces/lib:/root/ros_ws/src/Rescue_Car_ws/install/action_msgs/lib:/root/ros_ws/src/Rescue_Car_ws/install/unique_identifier_msgs/lib:/root/ros_ws/src/Rescue_Car_ws/install/trajectory_msgs/lib:/root/ros_ws/src/Rescue_Car_ws/install/stereo_msgs/lib:/root/ros_ws/src/Rescue_Car_ws/install/std_srvs/lib:/root/ros_ws/src/Rescue_Car_ws/install/shape_msgs/lib:/root/ros_ws/src/Rescue_Car_ws/install/sensor_msgs/lib:/root/ros_ws/src/Rescue_Car_ws/install/nav_msgs/lib:/root/ros_ws/src/Rescue_Car_ws/install/diagnostic_msgs/lib:/root/ros_ws/src/Rescue_Car_ws/install/geometry_msgs/lib:/root/ros_ws/src/Rescue_Car_ws/install/actionlib_msgs/lib:/root/ros_ws/src/Rescue_Car_ws/install/std_msgs/lib:/root/ros_ws/src/Rescue_Car_ws/install/statistics_msgs/lib:/root/ros_ws/src/Rescue_Car_ws/install/rosidl_typesupport_microxrcedds_cpp/lib:/root/ros_ws/src/Rescue_Car_ws/install/rosidl_typesupport_microxrcedds_c/lib:/root/ros_ws/src/Rescue_Car_ws/install/rosgraph_msgs/lib:/root/ros_ws/src/Rescue_Car_ws/install/rclc_parameter/lib:/root/ros_ws/src/Rescue_Car_ws/install/rclc/lib:/root/ros_ws/src/Rescue_Car_ws/install/composition_interfaces/lib:/root/ros_ws/src/Rescue_Car_ws/install/rcl_interfaces/lib:/root/ros_ws/src/Rescue_Car_ws/install/micro_ros_utilities/lib:/root/ros_ws/src/Rescue_Car_ws/install/micro_ros_agent/lib:/root/ros_ws/src/Rescue_Car_ws/install/lifecycle_msgs/lib:/root/ros_ws/src/Rescue_Car_ws/install/complex_msgs/lib:/usr/lib/x86_64-linux-gnu/gazebo-11/plugins:/opt/ros/humble/opt/rviz_ogre_vendor/lib:/opt/ros/humble/lib/x86_64-linux-gnu:/opt/ros/humble/lib /usr/bin/cmake --build /root/ros_ws/src/Rescue_Car_ws/build/rosidl_typesupport_microxrcedds_c_tests -- -j20 -l20
[4.250s] DEBUG:colcon.colcon_core.event_handler.log_command:Invoking command in '/root/ros_ws/src/Rescue_Car_ws/build/rosidl_typesupport_microxrcedds_cpp_tests': CMAKE_PREFIX_PATH=/root/ros_ws/src/Rescue_Car_ws/install/rosidl_typesupport_microxrcedds_test_msg:/root/ros_ws/src/Rescue_Car_ws/install/rmw_microxrcedds:/root/ros_ws/src/Rescue_Car_ws/install/rosidl_typesupport_microxrcedds_cpp:/root/ros_ws/src/Rescue_Car_ws/install/rosidl_typesupport_microxrcedds_c:/root/ros_ws/src/Rescue_Car_ws/install/microxrcedds_client:/root/ros_ws/src/Rescue_Car_ws/install/microcdr:/root/ros_ws/src/Rescue_Car_ws/install/micro_ros_msgs:/root/ros_ws/src/Rescue_Car_ws/install/builtin_interfaces:/root/ros_ws/src/Rescue_Car_ws/install/micro_ros_demos_rclc:/root/ros_ws/src/Rescue_Car_ws/install/common_interfaces:/root/ros_ws/src/Rescue_Car_ws/install/visualization_msgs:/root/ros_ws/src/Rescue_Car_ws/install/test_msgs:/root/ros_ws/src/Rescue_Car_ws/install/example_interfaces:/root/ros_ws/src/Rescue_Car_ws/install/action_msgs:/root/ros_ws/src/Rescue_Car_ws/install/unique_identifier_msgs:/root/ros_ws/src/Rescue_Car_ws/install/trajectory_msgs:/root/ros_ws/src/Rescue_Car_ws/install/stereo_msgs:/root/ros_ws/src/Rescue_Car_ws/install/std_srvs:/root/ros_ws/src/Rescue_Car_ws/install/shape_msgs:/root/ros_ws/src/Rescue_Car_ws/install/sensor_msgs:/root/ros_ws/src/Rescue_Car_ws/install/nav_msgs:/root/ros_ws/src/Rescue_Car_ws/install/diagnostic_msgs:/root/ros_ws/src/Rescue_Car_ws/install/geometry_msgs:/root/ros_ws/src/Rescue_Car_ws/install/actionlib_msgs:/root/ros_ws/src/Rescue_Car_ws/install/std_msgs:/root/ros_ws/src/Rescue_Car_ws/install/statistics_msgs:/root/ros_ws/src/Rescue_Car_ws/install/rosidl_typesupport_microxrcedds_cpp_tests:/root/ros_ws/src/Rescue_Car_ws/install/rosidl_typesupport_microxrcedds_c_tests:/root/ros_ws/src/Rescue_Car_ws/install/rosgraph_msgs:/root/ros_ws/src/Rescue_Car_ws/install/rclc_parameter:/root/ros_ws/src/Rescue_Car_ws/install/rclc:/root/ros_ws/src/Rescue_Car_ws/install/composition_interfaces:/root/ros_ws/src/Rescue_Car_ws/install/rcl_interfaces:/root/ros_ws/src/Rescue_Car_ws/install/micro_ros_utilities:/root/ros_ws/src/Rescue_Car_ws/install/micro_ros_setup:/root/ros_ws/src/Rescue_Car_ws/install/micro_ros_agent:/root/ros_ws/src/Rescue_Car_ws/install/lifecycle_msgs:/root/ros_ws/src/Rescue_Car_ws/install/complex_msgs:/root/ros_ws/src/Rescue_Car_ws/install/car:/root/ros_ws/src/Rescue_Car_ws/install/sensor_msgs_py:/opt/ros/humble LD_LIBRARY_PATH=/root/ros_ws/src/Rescue_Car_ws/install/rosidl_typesupport_microxrcedds_test_msg/lib:/root/ros_ws/src/Rescue_Car_ws/install/rmw_microxrcedds/lib:/root/ros_ws/src/Rescue_Car_ws/install/micro_ros_msgs/lib:/root/ros_ws/src/Rescue_Car_ws/install/builtin_interfaces/lib:/root/ros_ws/src/Rescue_Car_ws/install/visualization_msgs/lib:/root/ros_ws/src/Rescue_Car_ws/install/test_msgs/lib:/root/ros_ws/src/Rescue_Car_ws/install/example_interfaces/lib:/root/ros_ws/src/Rescue_Car_ws/install/action_msgs/lib:/root/ros_ws/src/Rescue_Car_ws/install/unique_identifier_msgs/lib:/root/ros_ws/src/Rescue_Car_ws/install/trajectory_msgs/lib:/root/ros_ws/src/Rescue_Car_ws/install/stereo_msgs/lib:/root/ros_ws/src/Rescue_Car_ws/install/std_srvs/lib:/root/ros_ws/src/Rescue_Car_ws/install/shape_msgs/lib:/root/ros_ws/src/Rescue_Car_ws/install/sensor_msgs/lib:/root/ros_ws/src/Rescue_Car_ws/install/nav_msgs/lib:/root/ros_ws/src/Rescue_Car_ws/install/diagnostic_msgs/lib:/root/ros_ws/src/Rescue_Car_ws/install/geometry_msgs/lib:/root/ros_ws/src/Rescue_Car_ws/install/actionlib_msgs/lib:/root/ros_ws/src/Rescue_Car_ws/install/std_msgs/lib:/root/ros_ws/src/Rescue_Car_ws/install/statistics_msgs/lib:/root/ros_ws/src/Rescue_Car_ws/install/rosidl_typesupport_microxrcedds_cpp/lib:/root/ros_ws/src/Rescue_Car_ws/install/rosidl_typesupport_microxrcedds_c/lib:/root/ros_ws/src/Rescue_Car_ws/install/rosgraph_msgs/lib:/root/ros_ws/src/Rescue_Car_ws/install/rclc_parameter/lib:/root/ros_ws/src/Rescue_Car_ws/install/rclc/lib:/root/ros_ws/src/Rescue_Car_ws/install/composition_interfaces/lib:/root/ros_ws/src/Rescue_Car_ws/install/rcl_interfaces/lib:/root/ros_ws/src/Rescue_Car_ws/install/micro_ros_utilities/lib:/root/ros_ws/src/Rescue_Car_ws/install/micro_ros_agent/lib:/root/ros_ws/src/Rescue_Car_ws/install/lifecycle_msgs/lib:/root/ros_ws/src/Rescue_Car_ws/install/complex_msgs/lib:/usr/lib/x86_64-linux-gnu/gazebo-11/plugins:/opt/ros/humble/opt/rviz_ogre_vendor/lib:/opt/ros/humble/lib/x86_64-linux-gnu:/opt/ros/humble/lib /usr/bin/cmake --build /root/ros_ws/src/Rescue_Car_ws/build/rosidl_typesupport_microxrcedds_cpp_tests -- -j20 -l20
[4.308s] DEBUG:colcon.colcon_core.event_handler.log_command:Invoked command in '/root/ros_ws/src/Rescue_Car_ws/build/stereo_msgs' returned '0': CMAKE_PREFIX_PATH=/root/ros_ws/src/Rescue_Car_ws/install/sensor_msgs:/root/ros_ws/src/Rescue_Car_ws/install/geometry_msgs:/root/ros_ws/src/Rescue_Car_ws/install/std_msgs:/root/ros_ws/src/Rescue_Car_ws/install/builtin_interfaces:/root/ros_ws/src/Rescue_Car_ws/install/micro_ros_demos_rclc:/root/ros_ws/src/Rescue_Car_ws/install/common_interfaces:/root/ros_ws/src/Rescue_Car_ws/install/visualization_msgs:/root/ros_ws/src/Rescue_Car_ws/install/test_msgs:/root/ros_ws/src/Rescue_Car_ws/install/example_interfaces:/root/ros_ws/src/Rescue_Car_ws/install/action_msgs:/root/ros_ws/src/Rescue_Car_ws/install/unique_identifier_msgs:/root/ros_ws/src/Rescue_Car_ws/install/trajectory_msgs:/root/ros_ws/src/Rescue_Car_ws/install/stereo_msgs:/root/ros_ws/src/Rescue_Car_ws/install/std_srvs:/root/ros_ws/src/Rescue_Car_ws/install/shape_msgs:/root/ros_ws/src/Rescue_Car_ws/install/nav_msgs:/root/ros_ws/src/Rescue_Car_ws/install/diagnostic_msgs:/root/ros_ws/src/Rescue_Car_ws/install/actionlib_msgs:/root/ros_ws/src/Rescue_Car_ws/install/statistics_msgs:/root/ros_ws/src/Rescue_Car_ws/install/rosidl_typesupport_microxrcedds_test_msg:/root/ros_ws/src/Rescue_Car_ws/install/rosidl_typesupport_microxrcedds_cpp_tests:/root/ros_ws/src/Rescue_Car_ws/install/rmw_microxrcedds:/root/ros_ws/src/Rescue_Car_ws/install/rosidl_typesupport_microxrcedds_cpp:/root/ros_ws/src/Rescue_Car_ws/install/rosidl_typesupport_microxrcedds_c_tests:/root/ros_ws/src/Rescue_Car_ws/install/rosidl_typesupport_microxrcedds_c:/root/ros_ws/src/Rescue_Car_ws/install/rosgraph_msgs:/root/ros_ws/src/Rescue_Car_ws/install/rclc_parameter:/root/ros_ws/src/Rescue_Car_ws/install/rclc:/root/ros_ws/src/Rescue_Car_ws/install/composition_interfaces:/root/ros_ws/src/Rescue_Car_ws/install/rcl_interfaces:/root/ros_ws/src/Rescue_Car_ws/install/microxrcedds_client:/root/ros_ws/src/Rescue_Car_ws/install/microcdr:/root/ros_ws/src/Rescue_Car_ws/install/micro_ros_utilities:/root/ros_ws/src/Rescue_Car_ws/install/micro_ros_setup:/root/ros_ws/src/Rescue_Car_ws/install/micro_ros_agent:/root/ros_ws/src/Rescue_Car_ws/install/micro_ros_msgs:/root/ros_ws/src/Rescue_Car_ws/install/lifecycle_msgs:/root/ros_ws/src/Rescue_Car_ws/install/complex_msgs:/root/ros_ws/src/Rescue_Car_ws/install/car:/root/ros_ws/src/Rescue_Car_ws/install/sensor_msgs_py:/opt/ros/humble LD_LIBRARY_PATH=/root/ros_ws/src/Rescue_Car_ws/install/sensor_msgs/lib:/root/ros_ws/src/Rescue_Car_ws/install/geometry_msgs/lib:/root/ros_ws/src/Rescue_Car_ws/install/std_msgs/lib:/root/ros_ws/src/Rescue_Car_ws/install/builtin_interfaces/lib:/root/ros_ws/src/Rescue_Car_ws/install/visualization_msgs/lib:/root/ros_ws/src/Rescue_Car_ws/install/test_msgs/lib:/root/ros_ws/src/Rescue_Car_ws/install/example_interfaces/lib:/root/ros_ws/src/Rescue_Car_ws/install/action_msgs/lib:/root/ros_ws/src/Rescue_Car_ws/install/unique_identifier_msgs/lib:/root/ros_ws/src/Rescue_Car_ws/install/trajectory_msgs/lib:/root/ros_ws/src/Rescue_Car_ws/install/stereo_msgs/lib:/root/ros_ws/src/Rescue_Car_ws/install/std_srvs/lib:/root/ros_ws/src/Rescue_Car_ws/install/shape_msgs/lib:/root/ros_ws/src/Rescue_Car_ws/install/nav_msgs/lib:/root/ros_ws/src/Rescue_Car_ws/install/diagnostic_msgs/lib:/root/ros_ws/src/Rescue_Car_ws/install/actionlib_msgs/lib:/root/ros_ws/src/Rescue_Car_ws/install/statistics_msgs/lib:/root/ros_ws/src/Rescue_Car_ws/install/rosidl_typesupport_microxrcedds_test_msg/lib:/root/ros_ws/src/Rescue_Car_ws/install/rmw_microxrcedds/lib:/root/ros_ws/src/Rescue_Car_ws/install/rosidl_typesupport_microxrcedds_cpp/lib:/root/ros_ws/src/Rescue_Car_ws/install/rosidl_typesupport_microxrcedds_c/lib:/root/ros_ws/src/Rescue_Car_ws/install/rosgraph_msgs/lib:/root/ros_ws/src/Rescue_Car_ws/install/rclc_parameter/lib:/root/ros_ws/src/Rescue_Car_ws/install/rclc/lib:/root/ros_ws/src/Rescue_Car_ws/install/composition_interfaces/lib:/root/ros_ws/src/Rescue_Car_ws/install/rcl_interfaces/lib:/root/ros_ws/src/Rescue_Car_ws/install/micro_ros_utilities/lib:/root/ros_ws/src/Rescue_Car_ws/install/micro_ros_agent/lib:/root/ros_ws/src/Rescue_Car_ws/install/micro_ros_msgs/lib:/root/ros_ws/src/Rescue_Car_ws/install/lifecycle_msgs/lib:/root/ros_ws/src/Rescue_Car_ws/install/complex_msgs/lib:/usr/lib/x86_64-linux-gnu/gazebo-11/plugins:/opt/ros/humble/opt/rviz_ogre_vendor/lib:/opt/ros/humble/lib/x86_64-linux-gnu:/opt/ros/humble/lib /usr/bin/cmake --build /root/ros_ws/src/Rescue_Car_ws/build/stereo_msgs -- -j20 -l20
[4.310s] DEBUG:colcon.colcon_core.event_handler.log_command:Invoking command in '/root/ros_ws/src/Rescue_Car_ws/build/stereo_msgs': CMAKE_PREFIX_PATH=/root/ros_ws/src/Rescue_Car_ws/install/sensor_msgs:/root/ros_ws/src/Rescue_Car_ws/install/geometry_msgs:/root/ros_ws/src/Rescue_Car_ws/install/std_msgs:/root/ros_ws/src/Rescue_Car_ws/install/builtin_interfaces:/root/ros_ws/src/Rescue_Car_ws/install/micro_ros_demos_rclc:/root/ros_ws/src/Rescue_Car_ws/install/common_interfaces:/root/ros_ws/src/Rescue_Car_ws/install/visualization_msgs:/root/ros_ws/src/Rescue_Car_ws/install/test_msgs:/root/ros_ws/src/Rescue_Car_ws/install/example_interfaces:/root/ros_ws/src/Rescue_Car_ws/install/action_msgs:/root/ros_ws/src/Rescue_Car_ws/install/unique_identifier_msgs:/root/ros_ws/src/Rescue_Car_ws/install/trajectory_msgs:/root/ros_ws/src/Rescue_Car_ws/install/stereo_msgs:/root/ros_ws/src/Rescue_Car_ws/install/std_srvs:/root/ros_ws/src/Rescue_Car_ws/install/shape_msgs:/root/ros_ws/src/Rescue_Car_ws/install/nav_msgs:/root/ros_ws/src/Rescue_Car_ws/install/diagnostic_msgs:/root/ros_ws/src/Rescue_Car_ws/install/actionlib_msgs:/root/ros_ws/src/Rescue_Car_ws/install/statistics_msgs:/root/ros_ws/src/Rescue_Car_ws/install/rosidl_typesupport_microxrcedds_test_msg:/root/ros_ws/src/Rescue_Car_ws/install/rosidl_typesupport_microxrcedds_cpp_tests:/root/ros_ws/src/Rescue_Car_ws/install/rmw_microxrcedds:/root/ros_ws/src/Rescue_Car_ws/install/rosidl_typesupport_microxrcedds_cpp:/root/ros_ws/src/Rescue_Car_ws/install/rosidl_typesupport_microxrcedds_c_tests:/root/ros_ws/src/Rescue_Car_ws/install/rosidl_typesupport_microxrcedds_c:/root/ros_ws/src/Rescue_Car_ws/install/rosgraph_msgs:/root/ros_ws/src/Rescue_Car_ws/install/rclc_parameter:/root/ros_ws/src/Rescue_Car_ws/install/rclc:/root/ros_ws/src/Rescue_Car_ws/install/composition_interfaces:/root/ros_ws/src/Rescue_Car_ws/install/rcl_interfaces:/root/ros_ws/src/Rescue_Car_ws/install/microxrcedds_client:/root/ros_ws/src/Rescue_Car_ws/install/microcdr:/root/ros_ws/src/Rescue_Car_ws/install/micro_ros_utilities:/root/ros_ws/src/Rescue_Car_ws/install/micro_ros_setup:/root/ros_ws/src/Rescue_Car_ws/install/micro_ros_agent:/root/ros_ws/src/Rescue_Car_ws/install/micro_ros_msgs:/root/ros_ws/src/Rescue_Car_ws/install/lifecycle_msgs:/root/ros_ws/src/Rescue_Car_ws/install/complex_msgs:/root/ros_ws/src/Rescue_Car_ws/install/car:/root/ros_ws/src/Rescue_Car_ws/install/sensor_msgs_py:/opt/ros/humble LD_LIBRARY_PATH=/root/ros_ws/src/Rescue_Car_ws/install/sensor_msgs/lib:/root/ros_ws/src/Rescue_Car_ws/install/geometry_msgs/lib:/root/ros_ws/src/Rescue_Car_ws/install/std_msgs/lib:/root/ros_ws/src/Rescue_Car_ws/install/builtin_interfaces/lib:/root/ros_ws/src/Rescue_Car_ws/install/visualization_msgs/lib:/root/ros_ws/src/Rescue_Car_ws/install/test_msgs/lib:/root/ros_ws/src/Rescue_Car_ws/install/example_interfaces/lib:/root/ros_ws/src/Rescue_Car_ws/install/action_msgs/lib:/root/ros_ws/src/Rescue_Car_ws/install/unique_identifier_msgs/lib:/root/ros_ws/src/Rescue_Car_ws/install/trajectory_msgs/lib:/root/ros_ws/src/Rescue_Car_ws/install/stereo_msgs/lib:/root/ros_ws/src/Rescue_Car_ws/install/std_srvs/lib:/root/ros_ws/src/Rescue_Car_ws/install/shape_msgs/lib:/root/ros_ws/src/Rescue_Car_ws/install/nav_msgs/lib:/root/ros_ws/src/Rescue_Car_ws/install/diagnostic_msgs/lib:/root/ros_ws/src/Rescue_Car_ws/install/actionlib_msgs/lib:/root/ros_ws/src/Rescue_Car_ws/install/statistics_msgs/lib:/root/ros_ws/src/Rescue_Car_ws/install/rosidl_typesupport_microxrcedds_test_msg/lib:/root/ros_ws/src/Rescue_Car_ws/install/rmw_microxrcedds/lib:/root/ros_ws/src/Rescue_Car_ws/install/rosidl_typesupport_microxrcedds_cpp/lib:/root/ros_ws/src/Rescue_Car_ws/install/rosidl_typesupport_microxrcedds_c/lib:/root/ros_ws/src/Rescue_Car_ws/install/rosgraph_msgs/lib:/root/ros_ws/src/Rescue_Car_ws/install/rclc_parameter/lib:/root/ros_ws/src/Rescue_Car_ws/install/rclc/lib:/root/ros_ws/src/Rescue_Car_ws/install/composition_interfaces/lib:/root/ros_ws/src/Rescue_Car_ws/install/rcl_interfaces/lib:/root/ros_ws/src/Rescue_Car_ws/install/micro_ros_utilities/lib:/root/ros_ws/src/Rescue_Car_ws/install/micro_ros_agent/lib:/root/ros_ws/src/Rescue_Car_ws/install/micro_ros_msgs/lib:/root/ros_ws/src/Rescue_Car_ws/install/lifecycle_msgs/lib:/root/ros_ws/src/Rescue_Car_ws/install/complex_msgs/lib:/usr/lib/x86_64-linux-gnu/gazebo-11/plugins:/opt/ros/humble/opt/rviz_ogre_vendor/lib:/opt/ros/humble/lib/x86_64-linux-gnu:/opt/ros/humble/lib /usr/bin/cmake --install /root/ros_ws/src/Rescue_Car_ws/build/stereo_msgs
[4.338s] DEBUG:colcon.colcon_core.event_handler.log_command:Invoked command in '/root/ros_ws/src/Rescue_Car_ws/build/rosidl_typesupport_microxrcedds_c_tests' returned '0': CMAKE_PREFIX_PATH=/root/ros_ws/src/Rescue_Car_ws/install/rosidl_typesupport_microxrcedds_test_msg:/root/ros_ws/src/Rescue_Car_ws/install/rmw_microxrcedds:/root/ros_ws/src/Rescue_Car_ws/install/rosidl_typesupport_microxrcedds_cpp:/root/ros_ws/src/Rescue_Car_ws/install/rosidl_typesupport_microxrcedds_c:/root/ros_ws/src/Rescue_Car_ws/install/microxrcedds_client:/root/ros_ws/src/Rescue_Car_ws/install/microcdr:/root/ros_ws/src/Rescue_Car_ws/install/micro_ros_msgs:/root/ros_ws/src/Rescue_Car_ws/install/builtin_interfaces:/root/ros_ws/src/Rescue_Car_ws/install/micro_ros_demos_rclc:/root/ros_ws/src/Rescue_Car_ws/install/common_interfaces:/root/ros_ws/src/Rescue_Car_ws/install/visualization_msgs:/root/ros_ws/src/Rescue_Car_ws/install/test_msgs:/root/ros_ws/src/Rescue_Car_ws/install/example_interfaces:/root/ros_ws/src/Rescue_Car_ws/install/action_msgs:/root/ros_ws/src/Rescue_Car_ws/install/unique_identifier_msgs:/root/ros_ws/src/Rescue_Car_ws/install/trajectory_msgs:/root/ros_ws/src/Rescue_Car_ws/install/stereo_msgs:/root/ros_ws/src/Rescue_Car_ws/install/std_srvs:/root/ros_ws/src/Rescue_Car_ws/install/shape_msgs:/root/ros_ws/src/Rescue_Car_ws/install/sensor_msgs:/root/ros_ws/src/Rescue_Car_ws/install/nav_msgs:/root/ros_ws/src/Rescue_Car_ws/install/diagnostic_msgs:/root/ros_ws/src/Rescue_Car_ws/install/geometry_msgs:/root/ros_ws/src/Rescue_Car_ws/install/actionlib_msgs:/root/ros_ws/src/Rescue_Car_ws/install/std_msgs:/root/ros_ws/src/Rescue_Car_ws/install/statistics_msgs:/root/ros_ws/src/Rescue_Car_ws/install/rosidl_typesupport_microxrcedds_cpp_tests:/root/ros_ws/src/Rescue_Car_ws/install/rosidl_typesupport_microxrcedds_c_tests:/root/ros_ws/src/Rescue_Car_ws/install/rosgraph_msgs:/root/ros_ws/src/Rescue_Car_ws/install/rclc_parameter:/root/ros_ws/src/Rescue_Car_ws/install/rclc:/root/ros_ws/src/Rescue_Car_ws/install/composition_interfaces:/root/ros_ws/src/Rescue_Car_ws/install/rcl_interfaces:/root/ros_ws/src/Rescue_Car_ws/install/micro_ros_utilities:/root/ros_ws/src/Rescue_Car_ws/install/micro_ros_setup:/root/ros_ws/src/Rescue_Car_ws/install/micro_ros_agent:/root/ros_ws/src/Rescue_Car_ws/install/lifecycle_msgs:/root/ros_ws/src/Rescue_Car_ws/install/complex_msgs:/root/ros_ws/src/Rescue_Car_ws/install/car:/root/ros_ws/src/Rescue_Car_ws/install/sensor_msgs_py:/opt/ros/humble LD_LIBRARY_PATH=/root/ros_ws/src/Rescue_Car_ws/install/rosidl_typesupport_microxrcedds_test_msg/lib:/root/ros_ws/src/Rescue_Car_ws/install/rmw_microxrcedds/lib:/root/ros_ws/src/Rescue_Car_ws/install/micro_ros_msgs/lib:/root/ros_ws/src/Rescue_Car_ws/install/builtin_interfaces/lib:/root/ros_ws/src/Rescue_Car_ws/install/visualization_msgs/lib:/root/ros_ws/src/Rescue_Car_ws/install/test_msgs/lib:/root/ros_ws/src/Rescue_Car_ws/install/example_interfaces/lib:/root/ros_ws/src/Rescue_Car_ws/install/action_msgs/lib:/root/ros_ws/src/Rescue_Car_ws/install/unique_identifier_msgs/lib:/root/ros_ws/src/Rescue_Car_ws/install/trajectory_msgs/lib:/root/ros_ws/src/Rescue_Car_ws/install/stereo_msgs/lib:/root/ros_ws/src/Rescue_Car_ws/install/std_srvs/lib:/root/ros_ws/src/Rescue_Car_ws/install/shape_msgs/lib:/root/ros_ws/src/Rescue_Car_ws/install/sensor_msgs/lib:/root/ros_ws/src/Rescue_Car_ws/install/nav_msgs/lib:/root/ros_ws/src/Rescue_Car_ws/install/diagnostic_msgs/lib:/root/ros_ws/src/Rescue_Car_ws/install/geometry_msgs/lib:/root/ros_ws/src/Rescue_Car_ws/install/actionlib_msgs/lib:/root/ros_ws/src/Rescue_Car_ws/install/std_msgs/lib:/root/ros_ws/src/Rescue_Car_ws/install/statistics_msgs/lib:/root/ros_ws/src/Rescue_Car_ws/install/rosidl_typesupport_microxrcedds_cpp/lib:/root/ros_ws/src/Rescue_Car_ws/install/rosidl_typesupport_microxrcedds_c/lib:/root/ros_ws/src/Rescue_Car_ws/install/rosgraph_msgs/lib:/root/ros_ws/src/Rescue_Car_ws/install/rclc_parameter/lib:/root/ros_ws/src/Rescue_Car_ws/install/rclc/lib:/root/ros_ws/src/Rescue_Car_ws/install/composition_interfaces/lib:/root/ros_ws/src/Rescue_Car_ws/install/rcl_interfaces/lib:/root/ros_ws/src/Rescue_Car_ws/install/micro_ros_utilities/lib:/root/ros_ws/src/Rescue_Car_ws/install/micro_ros_agent/lib:/root/ros_ws/src/Rescue_Car_ws/install/lifecycle_msgs/lib:/root/ros_ws/src/Rescue_Car_ws/install/complex_msgs/lib:/usr/lib/x86_64-linux-gnu/gazebo-11/plugins:/opt/ros/humble/opt/rviz_ogre_vendor/lib:/opt/ros/humble/lib/x86_64-linux-gnu:/opt/ros/humble/lib /usr/bin/cmake --build /root/ros_ws/src/Rescue_Car_ws/build/rosidl_typesupport_microxrcedds_c_tests -- -j20 -l20
[4.338s] DEBUG:colcon.colcon_core.event_handler.log_command:Invoking command in '/root/ros_ws/src/Rescue_Car_ws/build/rosidl_typesupport_microxrcedds_c_tests': CMAKE_PREFIX_PATH=/root/ros_ws/src/Rescue_Car_ws/install/rosidl_typesupport_microxrcedds_test_msg:/root/ros_ws/src/Rescue_Car_ws/install/rmw_microxrcedds:/root/ros_ws/src/Rescue_Car_ws/install/rosidl_typesupport_microxrcedds_cpp:/root/ros_ws/src/Rescue_Car_ws/install/rosidl_typesupport_microxrcedds_c:/root/ros_ws/src/Rescue_Car_ws/install/microxrcedds_client:/root/ros_ws/src/Rescue_Car_ws/install/microcdr:/root/ros_ws/src/Rescue_Car_ws/install/micro_ros_msgs:/root/ros_ws/src/Rescue_Car_ws/install/builtin_interfaces:/root/ros_ws/src/Rescue_Car_ws/install/micro_ros_demos_rclc:/root/ros_ws/src/Rescue_Car_ws/install/common_interfaces:/root/ros_ws/src/Rescue_Car_ws/install/visualization_msgs:/root/ros_ws/src/Rescue_Car_ws/install/test_msgs:/root/ros_ws/src/Rescue_Car_ws/install/example_interfaces:/root/ros_ws/src/Rescue_Car_ws/install/action_msgs:/root/ros_ws/src/Rescue_Car_ws/install/unique_identifier_msgs:/root/ros_ws/src/Rescue_Car_ws/install/trajectory_msgs:/root/ros_ws/src/Rescue_Car_ws/install/stereo_msgs:/root/ros_ws/src/Rescue_Car_ws/install/std_srvs:/root/ros_ws/src/Rescue_Car_ws/install/shape_msgs:/root/ros_ws/src/Rescue_Car_ws/install/sensor_msgs:/root/ros_ws/src/Rescue_Car_ws/install/nav_msgs:/root/ros_ws/src/Rescue_Car_ws/install/diagnostic_msgs:/root/ros_ws/src/Rescue_Car_ws/install/geometry_msgs:/root/ros_ws/src/Rescue_Car_ws/install/actionlib_msgs:/root/ros_ws/src/Rescue_Car_ws/install/std_msgs:/root/ros_ws/src/Rescue_Car_ws/install/statistics_msgs:/root/ros_ws/src/Rescue_Car_ws/install/rosidl_typesupport_microxrcedds_cpp_tests:/root/ros_ws/src/Rescue_Car_ws/install/rosidl_typesupport_microxrcedds_c_tests:/root/ros_ws/src/Rescue_Car_ws/install/rosgraph_msgs:/root/ros_ws/src/Rescue_Car_ws/install/rclc_parameter:/root/ros_ws/src/Rescue_Car_ws/install/rclc:/root/ros_ws/src/Rescue_Car_ws/install/composition_interfaces:/root/ros_ws/src/Rescue_Car_ws/install/rcl_interfaces:/root/ros_ws/src/Rescue_Car_ws/install/micro_ros_utilities:/root/ros_ws/src/Rescue_Car_ws/install/micro_ros_setup:/root/ros_ws/src/Rescue_Car_ws/install/micro_ros_agent:/root/ros_ws/src/Rescue_Car_ws/install/lifecycle_msgs:/root/ros_ws/src/Rescue_Car_ws/install/complex_msgs:/root/ros_ws/src/Rescue_Car_ws/install/car:/root/ros_ws/src/Rescue_Car_ws/install/sensor_msgs_py:/opt/ros/humble LD_LIBRARY_PATH=/root/ros_ws/src/Rescue_Car_ws/install/rosidl_typesupport_microxrcedds_test_msg/lib:/root/ros_ws/src/Rescue_Car_ws/install/rmw_microxrcedds/lib:/root/ros_ws/src/Rescue_Car_ws/install/micro_ros_msgs/lib:/root/ros_ws/src/Rescue_Car_ws/install/builtin_interfaces/lib:/root/ros_ws/src/Rescue_Car_ws/install/visualization_msgs/lib:/root/ros_ws/src/Rescue_Car_ws/install/test_msgs/lib:/root/ros_ws/src/Rescue_Car_ws/install/example_interfaces/lib:/root/ros_ws/src/Rescue_Car_ws/install/action_msgs/lib:/root/ros_ws/src/Rescue_Car_ws/install/unique_identifier_msgs/lib:/root/ros_ws/src/Rescue_Car_ws/install/trajectory_msgs/lib:/root/ros_ws/src/Rescue_Car_ws/install/stereo_msgs/lib:/root/ros_ws/src/Rescue_Car_ws/install/std_srvs/lib:/root/ros_ws/src/Rescue_Car_ws/install/shape_msgs/lib:/root/ros_ws/src/Rescue_Car_ws/install/sensor_msgs/lib:/root/ros_ws/src/Rescue_Car_ws/install/nav_msgs/lib:/root/ros_ws/src/Rescue_Car_ws/install/diagnostic_msgs/lib:/root/ros_ws/src/Rescue_Car_ws/install/geometry_msgs/lib:/root/ros_ws/src/Rescue_Car_ws/install/actionlib_msgs/lib:/root/ros_ws/src/Rescue_Car_ws/install/std_msgs/lib:/root/ros_ws/src/Rescue_Car_ws/install/statistics_msgs/lib:/root/ros_ws/src/Rescue_Car_ws/install/rosidl_typesupport_microxrcedds_cpp/lib:/root/ros_ws/src/Rescue_Car_ws/install/rosidl_typesupport_microxrcedds_c/lib:/root/ros_ws/src/Rescue_Car_ws/install/rosgraph_msgs/lib:/root/ros_ws/src/Rescue_Car_ws/install/rclc_parameter/lib:/root/ros_ws/src/Rescue_Car_ws/install/rclc/lib:/root/ros_ws/src/Rescue_Car_ws/install/composition_interfaces/lib:/root/ros_ws/src/Rescue_Car_ws/install/rcl_interfaces/lib:/root/ros_ws/src/Rescue_Car_ws/install/micro_ros_utilities/lib:/root/ros_ws/src/Rescue_Car_ws/install/micro_ros_agent/lib:/root/ros_ws/src/Rescue_Car_ws/install/lifecycle_msgs/lib:/root/ros_ws/src/Rescue_Car_ws/install/complex_msgs/lib:/usr/lib/x86_64-linux-gnu/gazebo-11/plugins:/opt/ros/humble/opt/rviz_ogre_vendor/lib:/opt/ros/humble/lib/x86_64-linux-gnu:/opt/ros/humble/lib /usr/bin/cmake --install /root/ros_ws/src/Rescue_Car_ws/build/rosidl_typesupport_microxrcedds_c_tests
[4.339s] DEBUG:colcon.colcon_core.event_handler.log_command:Invoked command in '/root/ros_ws/src/Rescue_Car_ws/build/visualization_msgs' returned '0': CMAKE_PREFIX_PATH=/root/ros_ws/src/Rescue_Car_ws/install/sensor_msgs:/root/ros_ws/src/Rescue_Car_ws/install/geometry_msgs:/root/ros_ws/src/Rescue_Car_ws/install/std_msgs:/root/ros_ws/src/Rescue_Car_ws/install/builtin_interfaces:/root/ros_ws/src/Rescue_Car_ws/install/micro_ros_demos_rclc:/root/ros_ws/src/Rescue_Car_ws/install/common_interfaces:/root/ros_ws/src/Rescue_Car_ws/install/visualization_msgs:/root/ros_ws/src/Rescue_Car_ws/install/test_msgs:/root/ros_ws/src/Rescue_Car_ws/install/example_interfaces:/root/ros_ws/src/Rescue_Car_ws/install/action_msgs:/root/ros_ws/src/Rescue_Car_ws/install/unique_identifier_msgs:/root/ros_ws/src/Rescue_Car_ws/install/trajectory_msgs:/root/ros_ws/src/Rescue_Car_ws/install/stereo_msgs:/root/ros_ws/src/Rescue_Car_ws/install/std_srvs:/root/ros_ws/src/Rescue_Car_ws/install/shape_msgs:/root/ros_ws/src/Rescue_Car_ws/install/nav_msgs:/root/ros_ws/src/Rescue_Car_ws/install/diagnostic_msgs:/root/ros_ws/src/Rescue_Car_ws/install/actionlib_msgs:/root/ros_ws/src/Rescue_Car_ws/install/statistics_msgs:/root/ros_ws/src/Rescue_Car_ws/install/rosidl_typesupport_microxrcedds_test_msg:/root/ros_ws/src/Rescue_Car_ws/install/rosidl_typesupport_microxrcedds_cpp_tests:/root/ros_ws/src/Rescue_Car_ws/install/rmw_microxrcedds:/root/ros_ws/src/Rescue_Car_ws/install/rosidl_typesupport_microxrcedds_cpp:/root/ros_ws/src/Rescue_Car_ws/install/rosidl_typesupport_microxrcedds_c_tests:/root/ros_ws/src/Rescue_Car_ws/install/rosidl_typesupport_microxrcedds_c:/root/ros_ws/src/Rescue_Car_ws/install/rosgraph_msgs:/root/ros_ws/src/Rescue_Car_ws/install/rclc_parameter:/root/ros_ws/src/Rescue_Car_ws/install/rclc:/root/ros_ws/src/Rescue_Car_ws/install/composition_interfaces:/root/ros_ws/src/Rescue_Car_ws/install/rcl_interfaces:/root/ros_ws/src/Rescue_Car_ws/install/microxrcedds_client:/root/ros_ws/src/Rescue_Car_ws/install/microcdr:/root/ros_ws/src/Rescue_Car_ws/install/micro_ros_utilities:/root/ros_ws/src/Rescue_Car_ws/install/micro_ros_setup:/root/ros_ws/src/Rescue_Car_ws/install/micro_ros_agent:/root/ros_ws/src/Rescue_Car_ws/install/micro_ros_msgs:/root/ros_ws/src/Rescue_Car_ws/install/lifecycle_msgs:/root/ros_ws/src/Rescue_Car_ws/install/complex_msgs:/root/ros_ws/src/Rescue_Car_ws/install/car:/root/ros_ws/src/Rescue_Car_ws/install/sensor_msgs_py:/opt/ros/humble LD_LIBRARY_PATH=/root/ros_ws/src/Rescue_Car_ws/install/sensor_msgs/lib:/root/ros_ws/src/Rescue_Car_ws/install/geometry_msgs/lib:/root/ros_ws/src/Rescue_Car_ws/install/std_msgs/lib:/root/ros_ws/src/Rescue_Car_ws/install/builtin_interfaces/lib:/root/ros_ws/src/Rescue_Car_ws/install/visualization_msgs/lib:/root/ros_ws/src/Rescue_Car_ws/install/test_msgs/lib:/root/ros_ws/src/Rescue_Car_ws/install/example_interfaces/lib:/root/ros_ws/src/Rescue_Car_ws/install/action_msgs/lib:/root/ros_ws/src/Rescue_Car_ws/install/unique_identifier_msgs/lib:/root/ros_ws/src/Rescue_Car_ws/install/trajectory_msgs/lib:/root/ros_ws/src/Rescue_Car_ws/install/stereo_msgs/lib:/root/ros_ws/src/Rescue_Car_ws/install/std_srvs/lib:/root/ros_ws/src/Rescue_Car_ws/install/shape_msgs/lib:/root/ros_ws/src/Rescue_Car_ws/install/nav_msgs/lib:/root/ros_ws/src/Rescue_Car_ws/install/diagnostic_msgs/lib:/root/ros_ws/src/Rescue_Car_ws/install/actionlib_msgs/lib:/root/ros_ws/src/Rescue_Car_ws/install/statistics_msgs/lib:/root/ros_ws/src/Rescue_Car_ws/install/rosidl_typesupport_microxrcedds_test_msg/lib:/root/ros_ws/src/Rescue_Car_ws/install/rmw_microxrcedds/lib:/root/ros_ws/src/Rescue_Car_ws/install/rosidl_typesupport_microxrcedds_cpp/lib:/root/ros_ws/src/Rescue_Car_ws/install/rosidl_typesupport_microxrcedds_c/lib:/root/ros_ws/src/Rescue_Car_ws/install/rosgraph_msgs/lib:/root/ros_ws/src/Rescue_Car_ws/install/rclc_parameter/lib:/root/ros_ws/src/Rescue_Car_ws/install/rclc/lib:/root/ros_ws/src/Rescue_Car_ws/install/composition_interfaces/lib:/root/ros_ws/src/Rescue_Car_ws/install/rcl_interfaces/lib:/root/ros_ws/src/Rescue_Car_ws/install/micro_ros_utilities/lib:/root/ros_ws/src/Rescue_Car_ws/install/micro_ros_agent/lib:/root/ros_ws/src/Rescue_Car_ws/install/micro_ros_msgs/lib:/root/ros_ws/src/Rescue_Car_ws/install/lifecycle_msgs/lib:/root/ros_ws/src/Rescue_Car_ws/install/complex_msgs/lib:/usr/lib/x86_64-linux-gnu/gazebo-11/plugins:/opt/ros/humble/opt/rviz_ogre_vendor/lib:/opt/ros/humble/lib/x86_64-linux-gnu:/opt/ros/humble/lib /usr/bin/cmake --build /root/ros_ws/src/Rescue_Car_ws/build/visualization_msgs -- -j20 -l20
[4.341s] DEBUG:colcon.colcon_core.event_handler.log_command:Invoking command in '/root/ros_ws/src/Rescue_Car_ws/build/visualization_msgs': CMAKE_PREFIX_PATH=/root/ros_ws/src/Rescue_Car_ws/install/sensor_msgs:/root/ros_ws/src/Rescue_Car_ws/install/geometry_msgs:/root/ros_ws/src/Rescue_Car_ws/install/std_msgs:/root/ros_ws/src/Rescue_Car_ws/install/builtin_interfaces:/root/ros_ws/src/Rescue_Car_ws/install/micro_ros_demos_rclc:/root/ros_ws/src/Rescue_Car_ws/install/common_interfaces:/root/ros_ws/src/Rescue_Car_ws/install/visualization_msgs:/root/ros_ws/src/Rescue_Car_ws/install/test_msgs:/root/ros_ws/src/Rescue_Car_ws/install/example_interfaces:/root/ros_ws/src/Rescue_Car_ws/install/action_msgs:/root/ros_ws/src/Rescue_Car_ws/install/unique_identifier_msgs:/root/ros_ws/src/Rescue_Car_ws/install/trajectory_msgs:/root/ros_ws/src/Rescue_Car_ws/install/stereo_msgs:/root/ros_ws/src/Rescue_Car_ws/install/std_srvs:/root/ros_ws/src/Rescue_Car_ws/install/shape_msgs:/root/ros_ws/src/Rescue_Car_ws/install/nav_msgs:/root/ros_ws/src/Rescue_Car_ws/install/diagnostic_msgs:/root/ros_ws/src/Rescue_Car_ws/install/actionlib_msgs:/root/ros_ws/src/Rescue_Car_ws/install/statistics_msgs:/root/ros_ws/src/Rescue_Car_ws/install/rosidl_typesupport_microxrcedds_test_msg:/root/ros_ws/src/Rescue_Car_ws/install/rosidl_typesupport_microxrcedds_cpp_tests:/root/ros_ws/src/Rescue_Car_ws/install/rmw_microxrcedds:/root/ros_ws/src/Rescue_Car_ws/install/rosidl_typesupport_microxrcedds_cpp:/root/ros_ws/src/Rescue_Car_ws/install/rosidl_typesupport_microxrcedds_c_tests:/root/ros_ws/src/Rescue_Car_ws/install/rosidl_typesupport_microxrcedds_c:/root/ros_ws/src/Rescue_Car_ws/install/rosgraph_msgs:/root/ros_ws/src/Rescue_Car_ws/install/rclc_parameter:/root/ros_ws/src/Rescue_Car_ws/install/rclc:/root/ros_ws/src/Rescue_Car_ws/install/composition_interfaces:/root/ros_ws/src/Rescue_Car_ws/install/rcl_interfaces:/root/ros_ws/src/Rescue_Car_ws/install/microxrcedds_client:/root/ros_ws/src/Rescue_Car_ws/install/microcdr:/root/ros_ws/src/Rescue_Car_ws/install/micro_ros_utilities:/root/ros_ws/src/Rescue_Car_ws/install/micro_ros_setup:/root/ros_ws/src/Rescue_Car_ws/install/micro_ros_agent:/root/ros_ws/src/Rescue_Car_ws/install/micro_ros_msgs:/root/ros_ws/src/Rescue_Car_ws/install/lifecycle_msgs:/root/ros_ws/src/Rescue_Car_ws/install/complex_msgs:/root/ros_ws/src/Rescue_Car_ws/install/car:/root/ros_ws/src/Rescue_Car_ws/install/sensor_msgs_py:/opt/ros/humble LD_LIBRARY_PATH=/root/ros_ws/src/Rescue_Car_ws/install/sensor_msgs/lib:/root/ros_ws/src/Rescue_Car_ws/install/geometry_msgs/lib:/root/ros_ws/src/Rescue_Car_ws/install/std_msgs/lib:/root/ros_ws/src/Rescue_Car_ws/install/builtin_interfaces/lib:/root/ros_ws/src/Rescue_Car_ws/install/visualization_msgs/lib:/root/ros_ws/src/Rescue_Car_ws/install/test_msgs/lib:/root/ros_ws/src/Rescue_Car_ws/install/example_interfaces/lib:/root/ros_ws/src/Rescue_Car_ws/install/action_msgs/lib:/root/ros_ws/src/Rescue_Car_ws/install/unique_identifier_msgs/lib:/root/ros_ws/src/Rescue_Car_ws/install/trajectory_msgs/lib:/root/ros_ws/src/Rescue_Car_ws/install/stereo_msgs/lib:/root/ros_ws/src/Rescue_Car_ws/install/std_srvs/lib:/root/ros_ws/src/Rescue_Car_ws/install/shape_msgs/lib:/root/ros_ws/src/Rescue_Car_ws/install/nav_msgs/lib:/root/ros_ws/src/Rescue_Car_ws/install/diagnostic_msgs/lib:/root/ros_ws/src/Rescue_Car_ws/install/actionlib_msgs/lib:/root/ros_ws/src/Rescue_Car_ws/install/statistics_msgs/lib:/root/ros_ws/src/Rescue_Car_ws/install/rosidl_typesupport_microxrcedds_test_msg/lib:/root/ros_ws/src/Rescue_Car_ws/install/rmw_microxrcedds/lib:/root/ros_ws/src/Rescue_Car_ws/install/rosidl_typesupport_microxrcedds_cpp/lib:/root/ros_ws/src/Rescue_Car_ws/install/rosidl_typesupport_microxrcedds_c/lib:/root/ros_ws/src/Rescue_Car_ws/install/rosgraph_msgs/lib:/root/ros_ws/src/Rescue_Car_ws/install/rclc_parameter/lib:/root/ros_ws/src/Rescue_Car_ws/install/rclc/lib:/root/ros_ws/src/Rescue_Car_ws/install/composition_interfaces/lib:/root/ros_ws/src/Rescue_Car_ws/install/rcl_interfaces/lib:/root/ros_ws/src/Rescue_Car_ws/install/micro_ros_utilities/lib:/root/ros_ws/src/Rescue_Car_ws/install/micro_ros_agent/lib:/root/ros_ws/src/Rescue_Car_ws/install/micro_ros_msgs/lib:/root/ros_ws/src/Rescue_Car_ws/install/lifecycle_msgs/lib:/root/ros_ws/src/Rescue_Car_ws/install/complex_msgs/lib:/usr/lib/x86_64-linux-gnu/gazebo-11/plugins:/opt/ros/humble/opt/rviz_ogre_vendor/lib:/opt/ros/humble/lib/x86_64-linux-gnu:/opt/ros/humble/lib /usr/bin/cmake --install /root/ros_ws/src/Rescue_Car_ws/build/visualization_msgs
[4.343s] DEBUG:colcon.colcon_core.event_handler.log_command:Invoked command in '/root/ros_ws/src/Rescue_Car_ws/build/rosidl_typesupport_microxrcedds_cpp_tests' returned '0': CMAKE_PREFIX_PATH=/root/ros_ws/src/Rescue_Car_ws/install/rosidl_typesupport_microxrcedds_test_msg:/root/ros_ws/src/Rescue_Car_ws/install/rmw_microxrcedds:/root/ros_ws/src/Rescue_Car_ws/install/rosidl_typesupport_microxrcedds_cpp:/root/ros_ws/src/Rescue_Car_ws/install/rosidl_typesupport_microxrcedds_c:/root/ros_ws/src/Rescue_Car_ws/install/microxrcedds_client:/root/ros_ws/src/Rescue_Car_ws/install/microcdr:/root/ros_ws/src/Rescue_Car_ws/install/micro_ros_msgs:/root/ros_ws/src/Rescue_Car_ws/install/builtin_interfaces:/root/ros_ws/src/Rescue_Car_ws/install/micro_ros_demos_rclc:/root/ros_ws/src/Rescue_Car_ws/install/common_interfaces:/root/ros_ws/src/Rescue_Car_ws/install/visualization_msgs:/root/ros_ws/src/Rescue_Car_ws/install/test_msgs:/root/ros_ws/src/Rescue_Car_ws/install/example_interfaces:/root/ros_ws/src/Rescue_Car_ws/install/action_msgs:/root/ros_ws/src/Rescue_Car_ws/install/unique_identifier_msgs:/root/ros_ws/src/Rescue_Car_ws/install/trajectory_msgs:/root/ros_ws/src/Rescue_Car_ws/install/stereo_msgs:/root/ros_ws/src/Rescue_Car_ws/install/std_srvs:/root/ros_ws/src/Rescue_Car_ws/install/shape_msgs:/root/ros_ws/src/Rescue_Car_ws/install/sensor_msgs:/root/ros_ws/src/Rescue_Car_ws/install/nav_msgs:/root/ros_ws/src/Rescue_Car_ws/install/diagnostic_msgs:/root/ros_ws/src/Rescue_Car_ws/install/geometry_msgs:/root/ros_ws/src/Rescue_Car_ws/install/actionlib_msgs:/root/ros_ws/src/Rescue_Car_ws/install/std_msgs:/root/ros_ws/src/Rescue_Car_ws/install/statistics_msgs:/root/ros_ws/src/Rescue_Car_ws/install/rosidl_typesupport_microxrcedds_cpp_tests:/root/ros_ws/src/Rescue_Car_ws/install/rosidl_typesupport_microxrcedds_c_tests:/root/ros_ws/src/Rescue_Car_ws/install/rosgraph_msgs:/root/ros_ws/src/Rescue_Car_ws/install/rclc_parameter:/root/ros_ws/src/Rescue_Car_ws/install/rclc:/root/ros_ws/src/Rescue_Car_ws/install/composition_interfaces:/root/ros_ws/src/Rescue_Car_ws/install/rcl_interfaces:/root/ros_ws/src/Rescue_Car_ws/install/micro_ros_utilities:/root/ros_ws/src/Rescue_Car_ws/install/micro_ros_setup:/root/ros_ws/src/Rescue_Car_ws/install/micro_ros_agent:/root/ros_ws/src/Rescue_Car_ws/install/lifecycle_msgs:/root/ros_ws/src/Rescue_Car_ws/install/complex_msgs:/root/ros_ws/src/Rescue_Car_ws/install/car:/root/ros_ws/src/Rescue_Car_ws/install/sensor_msgs_py:/opt/ros/humble LD_LIBRARY_PATH=/root/ros_ws/src/Rescue_Car_ws/install/rosidl_typesupport_microxrcedds_test_msg/lib:/root/ros_ws/src/Rescue_Car_ws/install/rmw_microxrcedds/lib:/root/ros_ws/src/Rescue_Car_ws/install/micro_ros_msgs/lib:/root/ros_ws/src/Rescue_Car_ws/install/builtin_interfaces/lib:/root/ros_ws/src/Rescue_Car_ws/install/visualization_msgs/lib:/root/ros_ws/src/Rescue_Car_ws/install/test_msgs/lib:/root/ros_ws/src/Rescue_Car_ws/install/example_interfaces/lib:/root/ros_ws/src/Rescue_Car_ws/install/action_msgs/lib:/root/ros_ws/src/Rescue_Car_ws/install/unique_identifier_msgs/lib:/root/ros_ws/src/Rescue_Car_ws/install/trajectory_msgs/lib:/root/ros_ws/src/Rescue_Car_ws/install/stereo_msgs/lib:/root/ros_ws/src/Rescue_Car_ws/install/std_srvs/lib:/root/ros_ws/src/Rescue_Car_ws/install/shape_msgs/lib:/root/ros_ws/src/Rescue_Car_ws/install/sensor_msgs/lib:/root/ros_ws/src/Rescue_Car_ws/install/nav_msgs/lib:/root/ros_ws/src/Rescue_Car_ws/install/diagnostic_msgs/lib:/root/ros_ws/src/Rescue_Car_ws/install/geometry_msgs/lib:/root/ros_ws/src/Rescue_Car_ws/install/actionlib_msgs/lib:/root/ros_ws/src/Rescue_Car_ws/install/std_msgs/lib:/root/ros_ws/src/Rescue_Car_ws/install/statistics_msgs/lib:/root/ros_ws/src/Rescue_Car_ws/install/rosidl_typesupport_microxrcedds_cpp/lib:/root/ros_ws/src/Rescue_Car_ws/install/rosidl_typesupport_microxrcedds_c/lib:/root/ros_ws/src/Rescue_Car_ws/install/rosgraph_msgs/lib:/root/ros_ws/src/Rescue_Car_ws/install/rclc_parameter/lib:/root/ros_ws/src/Rescue_Car_ws/install/rclc/lib:/root/ros_ws/src/Rescue_Car_ws/install/composition_interfaces/lib:/root/ros_ws/src/Rescue_Car_ws/install/rcl_interfaces/lib:/root/ros_ws/src/Rescue_Car_ws/install/micro_ros_utilities/lib:/root/ros_ws/src/Rescue_Car_ws/install/micro_ros_agent/lib:/root/ros_ws/src/Rescue_Car_ws/install/lifecycle_msgs/lib:/root/ros_ws/src/Rescue_Car_ws/install/complex_msgs/lib:/usr/lib/x86_64-linux-gnu/gazebo-11/plugins:/opt/ros/humble/opt/rviz_ogre_vendor/lib:/opt/ros/humble/lib/x86_64-linux-gnu:/opt/ros/humble/lib /usr/bin/cmake --build /root/ros_ws/src/Rescue_Car_ws/build/rosidl_typesupport_microxrcedds_cpp_tests -- -j20 -l20
[4.345s] DEBUG:colcon.colcon_core.event_handler.log_command:Invoking command in '/root/ros_ws/src/Rescue_Car_ws/build/rosidl_typesupport_microxrcedds_cpp_tests': CMAKE_PREFIX_PATH=/root/ros_ws/src/Rescue_Car_ws/install/rosidl_typesupport_microxrcedds_test_msg:/root/ros_ws/src/Rescue_Car_ws/install/rmw_microxrcedds:/root/ros_ws/src/Rescue_Car_ws/install/rosidl_typesupport_microxrcedds_cpp:/root/ros_ws/src/Rescue_Car_ws/install/rosidl_typesupport_microxrcedds_c:/root/ros_ws/src/Rescue_Car_ws/install/microxrcedds_client:/root/ros_ws/src/Rescue_Car_ws/install/microcdr:/root/ros_ws/src/Rescue_Car_ws/install/micro_ros_msgs:/root/ros_ws/src/Rescue_Car_ws/install/builtin_interfaces:/root/ros_ws/src/Rescue_Car_ws/install/micro_ros_demos_rclc:/root/ros_ws/src/Rescue_Car_ws/install/common_interfaces:/root/ros_ws/src/Rescue_Car_ws/install/visualization_msgs:/root/ros_ws/src/Rescue_Car_ws/install/test_msgs:/root/ros_ws/src/Rescue_Car_ws/install/example_interfaces:/root/ros_ws/src/Rescue_Car_ws/install/action_msgs:/root/ros_ws/src/Rescue_Car_ws/install/unique_identifier_msgs:/root/ros_ws/src/Rescue_Car_ws/install/trajectory_msgs:/root/ros_ws/src/Rescue_Car_ws/install/stereo_msgs:/root/ros_ws/src/Rescue_Car_ws/install/std_srvs:/root/ros_ws/src/Rescue_Car_ws/install/shape_msgs:/root/ros_ws/src/Rescue_Car_ws/install/sensor_msgs:/root/ros_ws/src/Rescue_Car_ws/install/nav_msgs:/root/ros_ws/src/Rescue_Car_ws/install/diagnostic_msgs:/root/ros_ws/src/Rescue_Car_ws/install/geometry_msgs:/root/ros_ws/src/Rescue_Car_ws/install/actionlib_msgs:/root/ros_ws/src/Rescue_Car_ws/install/std_msgs:/root/ros_ws/src/Rescue_Car_ws/install/statistics_msgs:/root/ros_ws/src/Rescue_Car_ws/install/rosidl_typesupport_microxrcedds_cpp_tests:/root/ros_ws/src/Rescue_Car_ws/install/rosidl_typesupport_microxrcedds_c_tests:/root/ros_ws/src/Rescue_Car_ws/install/rosgraph_msgs:/root/ros_ws/src/Rescue_Car_ws/install/rclc_parameter:/root/ros_ws/src/Rescue_Car_ws/install/rclc:/root/ros_ws/src/Rescue_Car_ws/install/composition_interfaces:/root/ros_ws/src/Rescue_Car_ws/install/rcl_interfaces:/root/ros_ws/src/Rescue_Car_ws/install/micro_ros_utilities:/root/ros_ws/src/Rescue_Car_ws/install/micro_ros_setup:/root/ros_ws/src/Rescue_Car_ws/install/micro_ros_agent:/root/ros_ws/src/Rescue_Car_ws/install/lifecycle_msgs:/root/ros_ws/src/Rescue_Car_ws/install/complex_msgs:/root/ros_ws/src/Rescue_Car_ws/install/car:/root/ros_ws/src/Rescue_Car_ws/install/sensor_msgs_py:/opt/ros/humble LD_LIBRARY_PATH=/root/ros_ws/src/Rescue_Car_ws/install/rosidl_typesupport_microxrcedds_test_msg/lib:/root/ros_ws/src/Rescue_Car_ws/install/rmw_microxrcedds/lib:/root/ros_ws/src/Rescue_Car_ws/install/micro_ros_msgs/lib:/root/ros_ws/src/Rescue_Car_ws/install/builtin_interfaces/lib:/root/ros_ws/src/Rescue_Car_ws/install/visualization_msgs/lib:/root/ros_ws/src/Rescue_Car_ws/install/test_msgs/lib:/root/ros_ws/src/Rescue_Car_ws/install/example_interfaces/lib:/root/ros_ws/src/Rescue_Car_ws/install/action_msgs/lib:/root/ros_ws/src/Rescue_Car_ws/install/unique_identifier_msgs/lib:/root/ros_ws/src/Rescue_Car_ws/install/trajectory_msgs/lib:/root/ros_ws/src/Rescue_Car_ws/install/stereo_msgs/lib:/root/ros_ws/src/Rescue_Car_ws/install/std_srvs/lib:/root/ros_ws/src/Rescue_Car_ws/install/shape_msgs/lib:/root/ros_ws/src/Rescue_Car_ws/install/sensor_msgs/lib:/root/ros_ws/src/Rescue_Car_ws/install/nav_msgs/lib:/root/ros_ws/src/Rescue_Car_ws/install/diagnostic_msgs/lib:/root/ros_ws/src/Rescue_Car_ws/install/geometry_msgs/lib:/root/ros_ws/src/Rescue_Car_ws/install/actionlib_msgs/lib:/root/ros_ws/src/Rescue_Car_ws/install/std_msgs/lib:/root/ros_ws/src/Rescue_Car_ws/install/statistics_msgs/lib:/root/ros_ws/src/Rescue_Car_ws/install/rosidl_typesupport_microxrcedds_cpp/lib:/root/ros_ws/src/Rescue_Car_ws/install/rosidl_typesupport_microxrcedds_c/lib:/root/ros_ws/src/Rescue_Car_ws/install/rosgraph_msgs/lib:/root/ros_ws/src/Rescue_Car_ws/install/rclc_parameter/lib:/root/ros_ws/src/Rescue_Car_ws/install/rclc/lib:/root/ros_ws/src/Rescue_Car_ws/install/composition_interfaces/lib:/root/ros_ws/src/Rescue_Car_ws/install/rcl_interfaces/lib:/root/ros_ws/src/Rescue_Car_ws/install/micro_ros_utilities/lib:/root/ros_ws/src/Rescue_Car_ws/install/micro_ros_agent/lib:/root/ros_ws/src/Rescue_Car_ws/install/lifecycle_msgs/lib:/root/ros_ws/src/Rescue_Car_ws/install/complex_msgs/lib:/usr/lib/x86_64-linux-gnu/gazebo-11/plugins:/opt/ros/humble/opt/rviz_ogre_vendor/lib:/opt/ros/humble/lib/x86_64-linux-gnu:/opt/ros/humble/lib /usr/bin/cmake --install /root/ros_ws/src/Rescue_Car_ws/build/rosidl_typesupport_microxrcedds_cpp_tests
[4.354s] Level 1:colcon.colcon_core.environment:create_environment_scripts_only(rosidl_typesupport_microxrcedds_c_tests)
[4.355s] Level 1:colcon.colcon_core.environment:checking '/root/ros_ws/src/Rescue_Car_ws/install/rosidl_typesupport_microxrcedds_c_tests' for CMake module files
[4.360s] Level 1:colcon.colcon_core.environment:checking '/root/ros_ws/src/Rescue_Car_ws/install/rosidl_typesupport_microxrcedds_c_tests' for CMake config files
[4.363s] Level 1:colcon.colcon_core.shell:create_environment_hook('rosidl_typesupport_microxrcedds_c_tests', 'cmake_prefix_path')
[4.364s] INFO:colcon.colcon_core.shell:Creating environment hook '/root/ros_ws/src/Rescue_Car_ws/install/rosidl_typesupport_microxrcedds_c_tests/share/rosidl_typesupport_microxrcedds_c_tests/hook/cmake_prefix_path.ps1'
[4.367s] INFO:colcon.colcon_core.shell:Creating environment descriptor '/root/ros_ws/src/Rescue_Car_ws/install/rosidl_typesupport_microxrcedds_c_tests/share/rosidl_typesupport_microxrcedds_c_tests/hook/cmake_prefix_path.dsv'
[4.370s] INFO:colcon.colcon_core.shell:Creating environment hook '/root/ros_ws/src/Rescue_Car_ws/install/rosidl_typesupport_microxrcedds_c_tests/share/rosidl_typesupport_microxrcedds_c_tests/hook/cmake_prefix_path.sh'
[4.376s] Level 1:colcon.colcon_core.environment:checking '/root/ros_ws/src/Rescue_Car_ws/install/rosidl_typesupport_microxrcedds_c_tests/bin'
[4.376s] Level 1:colcon.colcon_core.environment:checking '/root/ros_ws/src/Rescue_Car_ws/install/rosidl_typesupport_microxrcedds_c_tests/lib/pkgconfig/rosidl_typesupport_microxrcedds_c_tests.pc'
[4.376s] Level 1:colcon.colcon_core.environment:checking '/root/ros_ws/src/Rescue_Car_ws/install/rosidl_typesupport_microxrcedds_c_tests/lib/python3.10/site-packages'
[4.376s] Level 1:colcon.colcon_core.environment:checking '/root/ros_ws/src/Rescue_Car_ws/install/rosidl_typesupport_microxrcedds_c_tests/bin'
[4.376s] INFO:colcon.colcon_core.shell:Creating package script '/root/ros_ws/src/Rescue_Car_ws/install/rosidl_typesupport_microxrcedds_c_tests/share/rosidl_typesupport_microxrcedds_c_tests/package.ps1'
[4.378s] DEBUG:colcon.colcon_core.event_handler.log_command:Invoked command in '/root/ros_ws/src/Rescue_Car_ws/build/rosidl_typesupport_microxrcedds_c_tests' returned '0': CMAKE_PREFIX_PATH=/root/ros_ws/src/Rescue_Car_ws/install/rosidl_typesupport_microxrcedds_test_msg:/root/ros_ws/src/Rescue_Car_ws/install/rmw_microxrcedds:/root/ros_ws/src/Rescue_Car_ws/install/rosidl_typesupport_microxrcedds_cpp:/root/ros_ws/src/Rescue_Car_ws/install/rosidl_typesupport_microxrcedds_c:/root/ros_ws/src/Rescue_Car_ws/install/microxrcedds_client:/root/ros_ws/src/Rescue_Car_ws/install/microcdr:/root/ros_ws/src/Rescue_Car_ws/install/micro_ros_msgs:/root/ros_ws/src/Rescue_Car_ws/install/builtin_interfaces:/root/ros_ws/src/Rescue_Car_ws/install/micro_ros_demos_rclc:/root/ros_ws/src/Rescue_Car_ws/install/common_interfaces:/root/ros_ws/src/Rescue_Car_ws/install/visualization_msgs:/root/ros_ws/src/Rescue_Car_ws/install/test_msgs:/root/ros_ws/src/Rescue_Car_ws/install/example_interfaces:/root/ros_ws/src/Rescue_Car_ws/install/action_msgs:/root/ros_ws/src/Rescue_Car_ws/install/unique_identifier_msgs:/root/ros_ws/src/Rescue_Car_ws/install/trajectory_msgs:/root/ros_ws/src/Rescue_Car_ws/install/stereo_msgs:/root/ros_ws/src/Rescue_Car_ws/install/std_srvs:/root/ros_ws/src/Rescue_Car_ws/install/shape_msgs:/root/ros_ws/src/Rescue_Car_ws/install/sensor_msgs:/root/ros_ws/src/Rescue_Car_ws/install/nav_msgs:/root/ros_ws/src/Rescue_Car_ws/install/diagnostic_msgs:/root/ros_ws/src/Rescue_Car_ws/install/geometry_msgs:/root/ros_ws/src/Rescue_Car_ws/install/actionlib_msgs:/root/ros_ws/src/Rescue_Car_ws/install/std_msgs:/root/ros_ws/src/Rescue_Car_ws/install/statistics_msgs:/root/ros_ws/src/Rescue_Car_ws/install/rosidl_typesupport_microxrcedds_cpp_tests:/root/ros_ws/src/Rescue_Car_ws/install/rosidl_typesupport_microxrcedds_c_tests:/root/ros_ws/src/Rescue_Car_ws/install/rosgraph_msgs:/root/ros_ws/src/Rescue_Car_ws/install/rclc_parameter:/root/ros_ws/src/Rescue_Car_ws/install/rclc:/root/ros_ws/src/Rescue_Car_ws/install/composition_interfaces:/root/ros_ws/src/Rescue_Car_ws/install/rcl_interfaces:/root/ros_ws/src/Rescue_Car_ws/install/micro_ros_utilities:/root/ros_ws/src/Rescue_Car_ws/install/micro_ros_setup:/root/ros_ws/src/Rescue_Car_ws/install/micro_ros_agent:/root/ros_ws/src/Rescue_Car_ws/install/lifecycle_msgs:/root/ros_ws/src/Rescue_Car_ws/install/complex_msgs:/root/ros_ws/src/Rescue_Car_ws/install/car:/root/ros_ws/src/Rescue_Car_ws/install/sensor_msgs_py:/opt/ros/humble LD_LIBRARY_PATH=/root/ros_ws/src/Rescue_Car_ws/install/rosidl_typesupport_microxrcedds_test_msg/lib:/root/ros_ws/src/Rescue_Car_ws/install/rmw_microxrcedds/lib:/root/ros_ws/src/Rescue_Car_ws/install/micro_ros_msgs/lib:/root/ros_ws/src/Rescue_Car_ws/install/builtin_interfaces/lib:/root/ros_ws/src/Rescue_Car_ws/install/visualization_msgs/lib:/root/ros_ws/src/Rescue_Car_ws/install/test_msgs/lib:/root/ros_ws/src/Rescue_Car_ws/install/example_interfaces/lib:/root/ros_ws/src/Rescue_Car_ws/install/action_msgs/lib:/root/ros_ws/src/Rescue_Car_ws/install/unique_identifier_msgs/lib:/root/ros_ws/src/Rescue_Car_ws/install/trajectory_msgs/lib:/root/ros_ws/src/Rescue_Car_ws/install/stereo_msgs/lib:/root/ros_ws/src/Rescue_Car_ws/install/std_srvs/lib:/root/ros_ws/src/Rescue_Car_ws/install/shape_msgs/lib:/root/ros_ws/src/Rescue_Car_ws/install/sensor_msgs/lib:/root/ros_ws/src/Rescue_Car_ws/install/nav_msgs/lib:/root/ros_ws/src/Rescue_Car_ws/install/diagnostic_msgs/lib:/root/ros_ws/src/Rescue_Car_ws/install/geometry_msgs/lib:/root/ros_ws/src/Rescue_Car_ws/install/actionlib_msgs/lib:/root/ros_ws/src/Rescue_Car_ws/install/std_msgs/lib:/root/ros_ws/src/Rescue_Car_ws/install/statistics_msgs/lib:/root/ros_ws/src/Rescue_Car_ws/install/rosidl_typesupport_microxrcedds_cpp/lib:/root/ros_ws/src/Rescue_Car_ws/install/rosidl_typesupport_microxrcedds_c/lib:/root/ros_ws/src/Rescue_Car_ws/install/rosgraph_msgs/lib:/root/ros_ws/src/Rescue_Car_ws/install/rclc_parameter/lib:/root/ros_ws/src/Rescue_Car_ws/install/rclc/lib:/root/ros_ws/src/Rescue_Car_ws/install/composition_interfaces/lib:/root/ros_ws/src/Rescue_Car_ws/install/rcl_interfaces/lib:/root/ros_ws/src/Rescue_Car_ws/install/micro_ros_utilities/lib:/root/ros_ws/src/Rescue_Car_ws/install/micro_ros_agent/lib:/root/ros_ws/src/Rescue_Car_ws/install/lifecycle_msgs/lib:/root/ros_ws/src/Rescue_Car_ws/install/complex_msgs/lib:/usr/lib/x86_64-linux-gnu/gazebo-11/plugins:/opt/ros/humble/opt/rviz_ogre_vendor/lib:/opt/ros/humble/lib/x86_64-linux-gnu:/opt/ros/humble/lib /usr/bin/cmake --install /root/ros_ws/src/Rescue_Car_ws/build/rosidl_typesupport_microxrcedds_c_tests
[4.379s] INFO:colcon.colcon_core.shell:Creating package descriptor '/root/ros_ws/src/Rescue_Car_ws/install/rosidl_typesupport_microxrcedds_c_tests/share/rosidl_typesupport_microxrcedds_c_tests/package.dsv'
[4.380s] INFO:colcon.colcon_core.shell:Creating package script '/root/ros_ws/src/Rescue_Car_ws/install/rosidl_typesupport_microxrcedds_c_tests/share/rosidl_typesupport_microxrcedds_c_tests/package.sh'
[4.384s] INFO:colcon.colcon_core.shell:Creating package script '/root/ros_ws/src/Rescue_Car_ws/install/rosidl_typesupport_microxrcedds_c_tests/share/rosidl_typesupport_microxrcedds_c_tests/package.bash'
[4.385s] INFO:colcon.colcon_core.shell:Creating package script '/root/ros_ws/src/Rescue_Car_ws/install/rosidl_typesupport_microxrcedds_c_tests/share/rosidl_typesupport_microxrcedds_c_tests/package.zsh'
[4.388s] Level 1:colcon.colcon_core.environment:create_file_with_runtime_dependencies(/root/ros_ws/src/Rescue_Car_ws/install/rosidl_typesupport_microxrcedds_c_tests/share/colcon-core/packages/rosidl_typesupport_microxrcedds_c_tests)
[4.390s] Level 1:colcon.colcon_core.environment:create_environment_scripts_only(rosidl_typesupport_microxrcedds_c_tests)
[4.390s] Level 1:colcon.colcon_core.environment:checking '/root/ros_ws/src/Rescue_Car_ws/install/rosidl_typesupport_microxrcedds_c_tests' for CMake module files
[4.392s] Level 1:colcon.colcon_core.environment:checking '/root/ros_ws/src/Rescue_Car_ws/install/rosidl_typesupport_microxrcedds_c_tests' for CMake config files
[4.401s] Level 1:colcon.colcon_core.shell:create_environment_hook('rosidl_typesupport_microxrcedds_c_tests', 'cmake_prefix_path')
[4.402s] INFO:colcon.colcon_core.shell:Creating environment hook '/root/ros_ws/src/Rescue_Car_ws/install/rosidl_typesupport_microxrcedds_c_tests/share/rosidl_typesupport_microxrcedds_c_tests/hook/cmake_prefix_path.ps1'
[4.406s] INFO:colcon.colcon_core.shell:Creating environment descriptor '/root/ros_ws/src/Rescue_Car_ws/install/rosidl_typesupport_microxrcedds_c_tests/share/rosidl_typesupport_microxrcedds_c_tests/hook/cmake_prefix_path.dsv'
[4.407s] INFO:colcon.colcon_core.shell:Creating environment hook '/root/ros_ws/src/Rescue_Car_ws/install/rosidl_typesupport_microxrcedds_c_tests/share/rosidl_typesupport_microxrcedds_c_tests/hook/cmake_prefix_path.sh'
[4.409s] Level 1:colcon.colcon_core.environment:checking '/root/ros_ws/src/Rescue_Car_ws/install/rosidl_typesupport_microxrcedds_c_tests/bin'
[4.409s] Level 1:colcon.colcon_core.environment:checking '/root/ros_ws/src/Rescue_Car_ws/install/rosidl_typesupport_microxrcedds_c_tests/lib/pkgconfig/rosidl_typesupport_microxrcedds_c_tests.pc'
[4.409s] Level 1:colcon.colcon_core.environment:checking '/root/ros_ws/src/Rescue_Car_ws/install/rosidl_typesupport_microxrcedds_c_tests/lib/python3.10/site-packages'
[4.409s] Level 1:colcon.colcon_core.environment:checking '/root/ros_ws/src/Rescue_Car_ws/install/rosidl_typesupport_microxrcedds_c_tests/bin'
[4.410s] INFO:colcon.colcon_core.shell:Creating package script '/root/ros_ws/src/Rescue_Car_ws/install/rosidl_typesupport_microxrcedds_c_tests/share/rosidl_typesupport_microxrcedds_c_tests/package.ps1'
[4.412s] INFO:colcon.colcon_core.shell:Creating package descriptor '/root/ros_ws/src/Rescue_Car_ws/install/rosidl_typesupport_microxrcedds_c_tests/share/rosidl_typesupport_microxrcedds_c_tests/package.dsv'
[4.413s] INFO:colcon.colcon_core.shell:Creating package script '/root/ros_ws/src/Rescue_Car_ws/install/rosidl_typesupport_microxrcedds_c_tests/share/rosidl_typesupport_microxrcedds_c_tests/package.sh'
[4.418s] INFO:colcon.colcon_core.shell:Creating package script '/root/ros_ws/src/Rescue_Car_ws/install/rosidl_typesupport_microxrcedds_c_tests/share/rosidl_typesupport_microxrcedds_c_tests/package.bash'
[4.421s] INFO:colcon.colcon_core.shell:Creating package script '/root/ros_ws/src/Rescue_Car_ws/install/rosidl_typesupport_microxrcedds_c_tests/share/rosidl_typesupport_microxrcedds_c_tests/package.zsh'
[4.422s] Level 1:colcon.colcon_core.environment:create_file_with_runtime_dependencies(/root/ros_ws/src/Rescue_Car_ws/install/rosidl_typesupport_microxrcedds_c_tests/share/colcon-core/packages/rosidl_typesupport_microxrcedds_c_tests)
[4.424s] Level 1:colcon.colcon_core.environment:create_environment_scripts_only(stereo_msgs)
[4.424s] Level 1:colcon.colcon_core.environment:checking '/root/ros_ws/src/Rescue_Car_ws/install/stereo_msgs' for CMake module files
[4.425s] DEBUG:colcon.colcon_core.event_handler.log_command:Invoked command in '/root/ros_ws/src/Rescue_Car_ws/build/stereo_msgs' returned '0': CMAKE_PREFIX_PATH=/root/ros_ws/src/Rescue_Car_ws/install/sensor_msgs:/root/ros_ws/src/Rescue_Car_ws/install/geometry_msgs:/root/ros_ws/src/Rescue_Car_ws/install/std_msgs:/root/ros_ws/src/Rescue_Car_ws/install/builtin_interfaces:/root/ros_ws/src/Rescue_Car_ws/install/micro_ros_demos_rclc:/root/ros_ws/src/Rescue_Car_ws/install/common_interfaces:/root/ros_ws/src/Rescue_Car_ws/install/visualization_msgs:/root/ros_ws/src/Rescue_Car_ws/install/test_msgs:/root/ros_ws/src/Rescue_Car_ws/install/example_interfaces:/root/ros_ws/src/Rescue_Car_ws/install/action_msgs:/root/ros_ws/src/Rescue_Car_ws/install/unique_identifier_msgs:/root/ros_ws/src/Rescue_Car_ws/install/trajectory_msgs:/root/ros_ws/src/Rescue_Car_ws/install/stereo_msgs:/root/ros_ws/src/Rescue_Car_ws/install/std_srvs:/root/ros_ws/src/Rescue_Car_ws/install/shape_msgs:/root/ros_ws/src/Rescue_Car_ws/install/nav_msgs:/root/ros_ws/src/Rescue_Car_ws/install/diagnostic_msgs:/root/ros_ws/src/Rescue_Car_ws/install/actionlib_msgs:/root/ros_ws/src/Rescue_Car_ws/install/statistics_msgs:/root/ros_ws/src/Rescue_Car_ws/install/rosidl_typesupport_microxrcedds_test_msg:/root/ros_ws/src/Rescue_Car_ws/install/rosidl_typesupport_microxrcedds_cpp_tests:/root/ros_ws/src/Rescue_Car_ws/install/rmw_microxrcedds:/root/ros_ws/src/Rescue_Car_ws/install/rosidl_typesupport_microxrcedds_cpp:/root/ros_ws/src/Rescue_Car_ws/install/rosidl_typesupport_microxrcedds_c_tests:/root/ros_ws/src/Rescue_Car_ws/install/rosidl_typesupport_microxrcedds_c:/root/ros_ws/src/Rescue_Car_ws/install/rosgraph_msgs:/root/ros_ws/src/Rescue_Car_ws/install/rclc_parameter:/root/ros_ws/src/Rescue_Car_ws/install/rclc:/root/ros_ws/src/Rescue_Car_ws/install/composition_interfaces:/root/ros_ws/src/Rescue_Car_ws/install/rcl_interfaces:/root/ros_ws/src/Rescue_Car_ws/install/microxrcedds_client:/root/ros_ws/src/Rescue_Car_ws/install/microcdr:/root/ros_ws/src/Rescue_Car_ws/install/micro_ros_utilities:/root/ros_ws/src/Rescue_Car_ws/install/micro_ros_setup:/root/ros_ws/src/Rescue_Car_ws/install/micro_ros_agent:/root/ros_ws/src/Rescue_Car_ws/install/micro_ros_msgs:/root/ros_ws/src/Rescue_Car_ws/install/lifecycle_msgs:/root/ros_ws/src/Rescue_Car_ws/install/complex_msgs:/root/ros_ws/src/Rescue_Car_ws/install/car:/root/ros_ws/src/Rescue_Car_ws/install/sensor_msgs_py:/opt/ros/humble LD_LIBRARY_PATH=/root/ros_ws/src/Rescue_Car_ws/install/sensor_msgs/lib:/root/ros_ws/src/Rescue_Car_ws/install/geometry_msgs/lib:/root/ros_ws/src/Rescue_Car_ws/install/std_msgs/lib:/root/ros_ws/src/Rescue_Car_ws/install/builtin_interfaces/lib:/root/ros_ws/src/Rescue_Car_ws/install/visualization_msgs/lib:/root/ros_ws/src/Rescue_Car_ws/install/test_msgs/lib:/root/ros_ws/src/Rescue_Car_ws/install/example_interfaces/lib:/root/ros_ws/src/Rescue_Car_ws/install/action_msgs/lib:/root/ros_ws/src/Rescue_Car_ws/install/unique_identifier_msgs/lib:/root/ros_ws/src/Rescue_Car_ws/install/trajectory_msgs/lib:/root/ros_ws/src/Rescue_Car_ws/install/stereo_msgs/lib:/root/ros_ws/src/Rescue_Car_ws/install/std_srvs/lib:/root/ros_ws/src/Rescue_Car_ws/install/shape_msgs/lib:/root/ros_ws/src/Rescue_Car_ws/install/nav_msgs/lib:/root/ros_ws/src/Rescue_Car_ws/install/diagnostic_msgs/lib:/root/ros_ws/src/Rescue_Car_ws/install/actionlib_msgs/lib:/root/ros_ws/src/Rescue_Car_ws/install/statistics_msgs/lib:/root/ros_ws/src/Rescue_Car_ws/install/rosidl_typesupport_microxrcedds_test_msg/lib:/root/ros_ws/src/Rescue_Car_ws/install/rmw_microxrcedds/lib:/root/ros_ws/src/Rescue_Car_ws/install/rosidl_typesupport_microxrcedds_cpp/lib:/root/ros_ws/src/Rescue_Car_ws/install/rosidl_typesupport_microxrcedds_c/lib:/root/ros_ws/src/Rescue_Car_ws/install/rosgraph_msgs/lib:/root/ros_ws/src/Rescue_Car_ws/install/rclc_parameter/lib:/root/ros_ws/src/Rescue_Car_ws/install/rclc/lib:/root/ros_ws/src/Rescue_Car_ws/install/composition_interfaces/lib:/root/ros_ws/src/Rescue_Car_ws/install/rcl_interfaces/lib:/root/ros_ws/src/Rescue_Car_ws/install/micro_ros_utilities/lib:/root/ros_ws/src/Rescue_Car_ws/install/micro_ros_agent/lib:/root/ros_ws/src/Rescue_Car_ws/install/micro_ros_msgs/lib:/root/ros_ws/src/Rescue_Car_ws/install/lifecycle_msgs/lib:/root/ros_ws/src/Rescue_Car_ws/install/complex_msgs/lib:/usr/lib/x86_64-linux-gnu/gazebo-11/plugins:/opt/ros/humble/opt/rviz_ogre_vendor/lib:/opt/ros/humble/lib/x86_64-linux-gnu:/opt/ros/humble/lib /usr/bin/cmake --install /root/ros_ws/src/Rescue_Car_ws/build/stereo_msgs
[4.425s] Level 1:colcon.colcon_core.environment:checking '/root/ros_ws/src/Rescue_Car_ws/install/stereo_msgs' for CMake config files
[4.426s] Level 1:colcon.colcon_core.shell:create_environment_hook('stereo_msgs', 'cmake_prefix_path')
[4.426s] INFO:colcon.colcon_core.shell:Creating environment hook '/root/ros_ws/src/Rescue_Car_ws/install/stereo_msgs/share/stereo_msgs/hook/cmake_prefix_path.ps1'
[4.426s] INFO:colcon.colcon_core.shell:Creating environment descriptor '/root/ros_ws/src/Rescue_Car_ws/install/stereo_msgs/share/stereo_msgs/hook/cmake_prefix_path.dsv'
[4.426s] INFO:colcon.colcon_core.shell:Creating environment hook '/root/ros_ws/src/Rescue_Car_ws/install/stereo_msgs/share/stereo_msgs/hook/cmake_prefix_path.sh'
[4.427s] Level 1:colcon.colcon_core.environment:checking '/root/ros_ws/src/Rescue_Car_ws/install/stereo_msgs/lib'
[4.427s] Level 1:colcon.colcon_core.shell:create_environment_hook('stereo_msgs', 'ld_library_path_lib')
[4.427s] INFO:colcon.colcon_core.shell:Creating environment hook '/root/ros_ws/src/Rescue_Car_ws/install/stereo_msgs/share/stereo_msgs/hook/ld_library_path_lib.ps1'
[4.427s] INFO:colcon.colcon_core.shell:Creating environment descriptor '/root/ros_ws/src/Rescue_Car_ws/install/stereo_msgs/share/stereo_msgs/hook/ld_library_path_lib.dsv'
[4.428s] INFO:colcon.colcon_core.shell:Creating environment hook '/root/ros_ws/src/Rescue_Car_ws/install/stereo_msgs/share/stereo_msgs/hook/ld_library_path_lib.sh'
[4.428s] Level 1:colcon.colcon_core.environment:checking '/root/ros_ws/src/Rescue_Car_ws/install/stereo_msgs/bin'
[4.428s] Level 1:colcon.colcon_core.environment:checking '/root/ros_ws/src/Rescue_Car_ws/install/stereo_msgs/lib/pkgconfig/stereo_msgs.pc'
[4.428s] Level 1:colcon.colcon_core.environment:checking '/root/ros_ws/src/Rescue_Car_ws/install/stereo_msgs/lib/python3.10/site-packages'
[4.428s] Level 1:colcon.colcon_core.environment:checking '/root/ros_ws/src/Rescue_Car_ws/install/stereo_msgs/bin'
[4.428s] INFO:colcon.colcon_core.shell:Creating package script '/root/ros_ws/src/Rescue_Car_ws/install/stereo_msgs/share/stereo_msgs/package.ps1'
[4.429s] INFO:colcon.colcon_core.shell:Creating package descriptor '/root/ros_ws/src/Rescue_Car_ws/install/stereo_msgs/share/stereo_msgs/package.dsv'
[4.429s] INFO:colcon.colcon_core.shell:Creating package script '/root/ros_ws/src/Rescue_Car_ws/install/stereo_msgs/share/stereo_msgs/package.sh'
[4.429s] INFO:colcon.colcon_core.shell:Creating package script '/root/ros_ws/src/Rescue_Car_ws/install/stereo_msgs/share/stereo_msgs/package.bash'
[4.430s] INFO:colcon.colcon_core.shell:Creating package script '/root/ros_ws/src/Rescue_Car_ws/install/stereo_msgs/share/stereo_msgs/package.zsh'
[4.430s] Level 1:colcon.colcon_core.environment:create_file_with_runtime_dependencies(/root/ros_ws/src/Rescue_Car_ws/install/stereo_msgs/share/colcon-core/packages/stereo_msgs)
[4.430s] Level 1:colcon.colcon_core.environment:create_environment_scripts_only(stereo_msgs)
[4.431s] Level 1:colcon.colcon_core.environment:checking '/root/ros_ws/src/Rescue_Car_ws/install/stereo_msgs' for CMake module files
[4.431s] Level 1:colcon.colcon_core.environment:checking '/root/ros_ws/src/Rescue_Car_ws/install/stereo_msgs' for CMake config files
[4.431s] Level 1:colcon.colcon_core.shell:create_environment_hook('stereo_msgs', 'cmake_prefix_path')
[4.432s] INFO:colcon.colcon_core.shell:Creating environment hook '/root/ros_ws/src/Rescue_Car_ws/install/stereo_msgs/share/stereo_msgs/hook/cmake_prefix_path.ps1'
[4.432s] INFO:colcon.colcon_core.shell:Creating environment descriptor '/root/ros_ws/src/Rescue_Car_ws/install/stereo_msgs/share/stereo_msgs/hook/cmake_prefix_path.dsv'
[4.432s] INFO:colcon.colcon_core.shell:Creating environment hook '/root/ros_ws/src/Rescue_Car_ws/install/stereo_msgs/share/stereo_msgs/hook/cmake_prefix_path.sh'
[4.433s] Level 1:colcon.colcon_core.environment:checking '/root/ros_ws/src/Rescue_Car_ws/install/stereo_msgs/lib'
[4.433s] Level 1:colcon.colcon_core.shell:create_environment_hook('stereo_msgs', 'ld_library_path_lib')
[4.433s] INFO:colcon.colcon_core.shell:Creating environment hook '/root/ros_ws/src/Rescue_Car_ws/install/stereo_msgs/share/stereo_msgs/hook/ld_library_path_lib.ps1'
[4.433s] INFO:colcon.colcon_core.shell:Creating environment descriptor '/root/ros_ws/src/Rescue_Car_ws/install/stereo_msgs/share/stereo_msgs/hook/ld_library_path_lib.dsv'
[4.433s] INFO:colcon.colcon_core.shell:Creating environment hook '/root/ros_ws/src/Rescue_Car_ws/install/stereo_msgs/share/stereo_msgs/hook/ld_library_path_lib.sh'
[4.434s] Level 1:colcon.colcon_core.environment:checking '/root/ros_ws/src/Rescue_Car_ws/install/stereo_msgs/bin'
[4.434s] Level 1:colcon.colcon_core.environment:checking '/root/ros_ws/src/Rescue_Car_ws/install/stereo_msgs/lib/pkgconfig/stereo_msgs.pc'
[4.434s] Level 1:colcon.colcon_core.environment:checking '/root/ros_ws/src/Rescue_Car_ws/install/stereo_msgs/lib/python3.10/site-packages'
[4.434s] Level 1:colcon.colcon_core.environment:checking '/root/ros_ws/src/Rescue_Car_ws/install/stereo_msgs/bin'
[4.434s] INFO:colcon.colcon_core.shell:Creating package script '/root/ros_ws/src/Rescue_Car_ws/install/stereo_msgs/share/stereo_msgs/package.ps1'
[4.435s] INFO:colcon.colcon_core.shell:Creating package descriptor '/root/ros_ws/src/Rescue_Car_ws/install/stereo_msgs/share/stereo_msgs/package.dsv'
[4.435s] INFO:colcon.colcon_core.shell:Creating package script '/root/ros_ws/src/Rescue_Car_ws/install/stereo_msgs/share/stereo_msgs/package.sh'
[4.435s] INFO:colcon.colcon_core.shell:Creating package script '/root/ros_ws/src/Rescue_Car_ws/install/stereo_msgs/share/stereo_msgs/package.bash'
[4.436s] INFO:colcon.colcon_core.shell:Creating package script '/root/ros_ws/src/Rescue_Car_ws/install/stereo_msgs/share/stereo_msgs/package.zsh'
[4.436s] Level 1:colcon.colcon_core.environment:create_file_with_runtime_dependencies(/root/ros_ws/src/Rescue_Car_ws/install/stereo_msgs/share/colcon-core/packages/stereo_msgs)
[4.436s] Level 1:colcon.colcon_core.environment:create_environment_scripts_only(rosidl_typesupport_microxrcedds_cpp_tests)
[4.436s] Level 1:colcon.colcon_core.environment:checking '/root/ros_ws/src/Rescue_Car_ws/install/rosidl_typesupport_microxrcedds_cpp_tests' for CMake module files
[4.438s] Level 1:colcon.colcon_core.environment:checking '/root/ros_ws/src/Rescue_Car_ws/install/rosidl_typesupport_microxrcedds_cpp_tests' for CMake config files
[4.438s] DEBUG:colcon.colcon_core.event_handler.log_command:Invoked command in '/root/ros_ws/src/Rescue_Car_ws/build/rosidl_typesupport_microxrcedds_cpp_tests' returned '0': CMAKE_PREFIX_PATH=/root/ros_ws/src/Rescue_Car_ws/install/rosidl_typesupport_microxrcedds_test_msg:/root/ros_ws/src/Rescue_Car_ws/install/rmw_microxrcedds:/root/ros_ws/src/Rescue_Car_ws/install/rosidl_typesupport_microxrcedds_cpp:/root/ros_ws/src/Rescue_Car_ws/install/rosidl_typesupport_microxrcedds_c:/root/ros_ws/src/Rescue_Car_ws/install/microxrcedds_client:/root/ros_ws/src/Rescue_Car_ws/install/microcdr:/root/ros_ws/src/Rescue_Car_ws/install/micro_ros_msgs:/root/ros_ws/src/Rescue_Car_ws/install/builtin_interfaces:/root/ros_ws/src/Rescue_Car_ws/install/micro_ros_demos_rclc:/root/ros_ws/src/Rescue_Car_ws/install/common_interfaces:/root/ros_ws/src/Rescue_Car_ws/install/visualization_msgs:/root/ros_ws/src/Rescue_Car_ws/install/test_msgs:/root/ros_ws/src/Rescue_Car_ws/install/example_interfaces:/root/ros_ws/src/Rescue_Car_ws/install/action_msgs:/root/ros_ws/src/Rescue_Car_ws/install/unique_identifier_msgs:/root/ros_ws/src/Rescue_Car_ws/install/trajectory_msgs:/root/ros_ws/src/Rescue_Car_ws/install/stereo_msgs:/root/ros_ws/src/Rescue_Car_ws/install/std_srvs:/root/ros_ws/src/Rescue_Car_ws/install/shape_msgs:/root/ros_ws/src/Rescue_Car_ws/install/sensor_msgs:/root/ros_ws/src/Rescue_Car_ws/install/nav_msgs:/root/ros_ws/src/Rescue_Car_ws/install/diagnostic_msgs:/root/ros_ws/src/Rescue_Car_ws/install/geometry_msgs:/root/ros_ws/src/Rescue_Car_ws/install/actionlib_msgs:/root/ros_ws/src/Rescue_Car_ws/install/std_msgs:/root/ros_ws/src/Rescue_Car_ws/install/statistics_msgs:/root/ros_ws/src/Rescue_Car_ws/install/rosidl_typesupport_microxrcedds_cpp_tests:/root/ros_ws/src/Rescue_Car_ws/install/rosidl_typesupport_microxrcedds_c_tests:/root/ros_ws/src/Rescue_Car_ws/install/rosgraph_msgs:/root/ros_ws/src/Rescue_Car_ws/install/rclc_parameter:/root/ros_ws/src/Rescue_Car_ws/install/rclc:/root/ros_ws/src/Rescue_Car_ws/install/composition_interfaces:/root/ros_ws/src/Rescue_Car_ws/install/rcl_interfaces:/root/ros_ws/src/Rescue_Car_ws/install/micro_ros_utilities:/root/ros_ws/src/Rescue_Car_ws/install/micro_ros_setup:/root/ros_ws/src/Rescue_Car_ws/install/micro_ros_agent:/root/ros_ws/src/Rescue_Car_ws/install/lifecycle_msgs:/root/ros_ws/src/Rescue_Car_ws/install/complex_msgs:/root/ros_ws/src/Rescue_Car_ws/install/car:/root/ros_ws/src/Rescue_Car_ws/install/sensor_msgs_py:/opt/ros/humble LD_LIBRARY_PATH=/root/ros_ws/src/Rescue_Car_ws/install/rosidl_typesupport_microxrcedds_test_msg/lib:/root/ros_ws/src/Rescue_Car_ws/install/rmw_microxrcedds/lib:/root/ros_ws/src/Rescue_Car_ws/install/micro_ros_msgs/lib:/root/ros_ws/src/Rescue_Car_ws/install/builtin_interfaces/lib:/root/ros_ws/src/Rescue_Car_ws/install/visualization_msgs/lib:/root/ros_ws/src/Rescue_Car_ws/install/test_msgs/lib:/root/ros_ws/src/Rescue_Car_ws/install/example_interfaces/lib:/root/ros_ws/src/Rescue_Car_ws/install/action_msgs/lib:/root/ros_ws/src/Rescue_Car_ws/install/unique_identifier_msgs/lib:/root/ros_ws/src/Rescue_Car_ws/install/trajectory_msgs/lib:/root/ros_ws/src/Rescue_Car_ws/install/stereo_msgs/lib:/root/ros_ws/src/Rescue_Car_ws/install/std_srvs/lib:/root/ros_ws/src/Rescue_Car_ws/install/shape_msgs/lib:/root/ros_ws/src/Rescue_Car_ws/install/sensor_msgs/lib:/root/ros_ws/src/Rescue_Car_ws/install/nav_msgs/lib:/root/ros_ws/src/Rescue_Car_ws/install/diagnostic_msgs/lib:/root/ros_ws/src/Rescue_Car_ws/install/geometry_msgs/lib:/root/ros_ws/src/Rescue_Car_ws/install/actionlib_msgs/lib:/root/ros_ws/src/Rescue_Car_ws/install/std_msgs/lib:/root/ros_ws/src/Rescue_Car_ws/install/statistics_msgs/lib:/root/ros_ws/src/Rescue_Car_ws/install/rosidl_typesupport_microxrcedds_cpp/lib:/root/ros_ws/src/Rescue_Car_ws/install/rosidl_typesupport_microxrcedds_c/lib:/root/ros_ws/src/Rescue_Car_ws/install/rosgraph_msgs/lib:/root/ros_ws/src/Rescue_Car_ws/install/rclc_parameter/lib:/root/ros_ws/src/Rescue_Car_ws/install/rclc/lib:/root/ros_ws/src/Rescue_Car_ws/install/composition_interfaces/lib:/root/ros_ws/src/Rescue_Car_ws/install/rcl_interfaces/lib:/root/ros_ws/src/Rescue_Car_ws/install/micro_ros_utilities/lib:/root/ros_ws/src/Rescue_Car_ws/install/micro_ros_agent/lib:/root/ros_ws/src/Rescue_Car_ws/install/lifecycle_msgs/lib:/root/ros_ws/src/Rescue_Car_ws/install/complex_msgs/lib:/usr/lib/x86_64-linux-gnu/gazebo-11/plugins:/opt/ros/humble/opt/rviz_ogre_vendor/lib:/opt/ros/humble/lib/x86_64-linux-gnu:/opt/ros/humble/lib /usr/bin/cmake --install /root/ros_ws/src/Rescue_Car_ws/build/rosidl_typesupport_microxrcedds_cpp_tests
[4.438s] Level 1:colcon.colcon_core.shell:create_environment_hook('rosidl_typesupport_microxrcedds_cpp_tests', 'cmake_prefix_path')
[4.439s] INFO:colcon.colcon_core.shell:Creating environment hook '/root/ros_ws/src/Rescue_Car_ws/install/rosidl_typesupport_microxrcedds_cpp_tests/share/rosidl_typesupport_microxrcedds_cpp_tests/hook/cmake_prefix_path.ps1'
[4.439s] INFO:colcon.colcon_core.shell:Creating environment descriptor '/root/ros_ws/src/Rescue_Car_ws/install/rosidl_typesupport_microxrcedds_cpp_tests/share/rosidl_typesupport_microxrcedds_cpp_tests/hook/cmake_prefix_path.dsv'
[4.439s] INFO:colcon.colcon_core.shell:Creating environment hook '/root/ros_ws/src/Rescue_Car_ws/install/rosidl_typesupport_microxrcedds_cpp_tests/share/rosidl_typesupport_microxrcedds_cpp_tests/hook/cmake_prefix_path.sh'
[4.440s] Level 1:colcon.colcon_core.environment:checking '/root/ros_ws/src/Rescue_Car_ws/install/rosidl_typesupport_microxrcedds_cpp_tests/bin'
[4.440s] Level 1:colcon.colcon_core.environment:checking '/root/ros_ws/src/Rescue_Car_ws/install/rosidl_typesupport_microxrcedds_cpp_tests/lib/pkgconfig/rosidl_typesupport_microxrcedds_cpp_tests.pc'
[4.440s] Level 1:colcon.colcon_core.environment:checking '/root/ros_ws/src/Rescue_Car_ws/install/rosidl_typesupport_microxrcedds_cpp_tests/lib/python3.10/site-packages'
[4.440s] Level 1:colcon.colcon_core.environment:checking '/root/ros_ws/src/Rescue_Car_ws/install/rosidl_typesupport_microxrcedds_cpp_tests/bin'
[4.440s] INFO:colcon.colcon_core.shell:Creating package script '/root/ros_ws/src/Rescue_Car_ws/install/rosidl_typesupport_microxrcedds_cpp_tests/share/rosidl_typesupport_microxrcedds_cpp_tests/package.ps1'
[4.441s] INFO:colcon.colcon_core.shell:Creating package descriptor '/root/ros_ws/src/Rescue_Car_ws/install/rosidl_typesupport_microxrcedds_cpp_tests/share/rosidl_typesupport_microxrcedds_cpp_tests/package.dsv'
[4.441s] INFO:colcon.colcon_core.shell:Creating package script '/root/ros_ws/src/Rescue_Car_ws/install/rosidl_typesupport_microxrcedds_cpp_tests/share/rosidl_typesupport_microxrcedds_cpp_tests/package.sh'
[4.441s] INFO:colcon.colcon_core.shell:Creating package script '/root/ros_ws/src/Rescue_Car_ws/install/rosidl_typesupport_microxrcedds_cpp_tests/share/rosidl_typesupport_microxrcedds_cpp_tests/package.bash'
[4.441s] INFO:colcon.colcon_core.shell:Creating package script '/root/ros_ws/src/Rescue_Car_ws/install/rosidl_typesupport_microxrcedds_cpp_tests/share/rosidl_typesupport_microxrcedds_cpp_tests/package.zsh'
[4.441s] Level 1:colcon.colcon_core.environment:create_file_with_runtime_dependencies(/root/ros_ws/src/Rescue_Car_ws/install/rosidl_typesupport_microxrcedds_cpp_tests/share/colcon-core/packages/rosidl_typesupport_microxrcedds_cpp_tests)
[4.442s] Level 1:colcon.colcon_core.environment:create_environment_scripts_only(rosidl_typesupport_microxrcedds_cpp_tests)
[4.442s] Level 1:colcon.colcon_core.environment:checking '/root/ros_ws/src/Rescue_Car_ws/install/rosidl_typesupport_microxrcedds_cpp_tests' for CMake module files
[4.442s] Level 1:colcon.colcon_core.environment:checking '/root/ros_ws/src/Rescue_Car_ws/install/rosidl_typesupport_microxrcedds_cpp_tests' for CMake config files
[4.442s] Level 1:colcon.colcon_core.shell:create_environment_hook('rosidl_typesupport_microxrcedds_cpp_tests', 'cmake_prefix_path')
[4.442s] INFO:colcon.colcon_core.shell:Creating environment hook '/root/ros_ws/src/Rescue_Car_ws/install/rosidl_typesupport_microxrcedds_cpp_tests/share/rosidl_typesupport_microxrcedds_cpp_tests/hook/cmake_prefix_path.ps1'
[4.443s] INFO:colcon.colcon_core.shell:Creating environment descriptor '/root/ros_ws/src/Rescue_Car_ws/install/rosidl_typesupport_microxrcedds_cpp_tests/share/rosidl_typesupport_microxrcedds_cpp_tests/hook/cmake_prefix_path.dsv'
[4.443s] INFO:colcon.colcon_core.shell:Creating environment hook '/root/ros_ws/src/Rescue_Car_ws/install/rosidl_typesupport_microxrcedds_cpp_tests/share/rosidl_typesupport_microxrcedds_cpp_tests/hook/cmake_prefix_path.sh'
[4.443s] Level 1:colcon.colcon_core.environment:checking '/root/ros_ws/src/Rescue_Car_ws/install/rosidl_typesupport_microxrcedds_cpp_tests/bin'
[4.443s] Level 1:colcon.colcon_core.environment:checking '/root/ros_ws/src/Rescue_Car_ws/install/rosidl_typesupport_microxrcedds_cpp_tests/lib/pkgconfig/rosidl_typesupport_microxrcedds_cpp_tests.pc'
[4.444s] Level 1:colcon.colcon_core.environment:checking '/root/ros_ws/src/Rescue_Car_ws/install/rosidl_typesupport_microxrcedds_cpp_tests/lib/python3.10/site-packages'
[4.444s] Level 1:colcon.colcon_core.environment:checking '/root/ros_ws/src/Rescue_Car_ws/install/rosidl_typesupport_microxrcedds_cpp_tests/bin'
[4.444s] INFO:colcon.colcon_core.shell:Creating package script '/root/ros_ws/src/Rescue_Car_ws/install/rosidl_typesupport_microxrcedds_cpp_tests/share/rosidl_typesupport_microxrcedds_cpp_tests/package.ps1'
[4.444s] INFO:colcon.colcon_core.shell:Creating package descriptor '/root/ros_ws/src/Rescue_Car_ws/install/rosidl_typesupport_microxrcedds_cpp_tests/share/rosidl_typesupport_microxrcedds_cpp_tests/package.dsv'
[4.445s] INFO:colcon.colcon_core.shell:Creating package script '/root/ros_ws/src/Rescue_Car_ws/install/rosidl_typesupport_microxrcedds_cpp_tests/share/rosidl_typesupport_microxrcedds_cpp_tests/package.sh'
[4.445s] INFO:colcon.colcon_core.shell:Creating package script '/root/ros_ws/src/Rescue_Car_ws/install/rosidl_typesupport_microxrcedds_cpp_tests/share/rosidl_typesupport_microxrcedds_cpp_tests/package.bash'
[4.445s] INFO:colcon.colcon_core.shell:Creating package script '/root/ros_ws/src/Rescue_Car_ws/install/rosidl_typesupport_microxrcedds_cpp_tests/share/rosidl_typesupport_microxrcedds_cpp_tests/package.zsh'
[4.445s] Level 1:colcon.colcon_core.environment:create_file_with_runtime_dependencies(/root/ros_ws/src/Rescue_Car_ws/install/rosidl_typesupport_microxrcedds_cpp_tests/share/colcon-core/packages/rosidl_typesupport_microxrcedds_cpp_tests)
[4.446s] Level 1:colcon.colcon_core.environment:create_environment_scripts_only(visualization_msgs)
[4.446s] Level 1:colcon.colcon_core.environment:checking '/root/ros_ws/src/Rescue_Car_ws/install/visualization_msgs' for CMake module files
[4.448s] DEBUG:colcon.colcon_core.event_handler.log_command:Invoked command in '/root/ros_ws/src/Rescue_Car_ws/build/visualization_msgs' returned '0': CMAKE_PREFIX_PATH=/root/ros_ws/src/Rescue_Car_ws/install/sensor_msgs:/root/ros_ws/src/Rescue_Car_ws/install/geometry_msgs:/root/ros_ws/src/Rescue_Car_ws/install/std_msgs:/root/ros_ws/src/Rescue_Car_ws/install/builtin_interfaces:/root/ros_ws/src/Rescue_Car_ws/install/micro_ros_demos_rclc:/root/ros_ws/src/Rescue_Car_ws/install/common_interfaces:/root/ros_ws/src/Rescue_Car_ws/install/visualization_msgs:/root/ros_ws/src/Rescue_Car_ws/install/test_msgs:/root/ros_ws/src/Rescue_Car_ws/install/example_interfaces:/root/ros_ws/src/Rescue_Car_ws/install/action_msgs:/root/ros_ws/src/Rescue_Car_ws/install/unique_identifier_msgs:/root/ros_ws/src/Rescue_Car_ws/install/trajectory_msgs:/root/ros_ws/src/Rescue_Car_ws/install/stereo_msgs:/root/ros_ws/src/Rescue_Car_ws/install/std_srvs:/root/ros_ws/src/Rescue_Car_ws/install/shape_msgs:/root/ros_ws/src/Rescue_Car_ws/install/nav_msgs:/root/ros_ws/src/Rescue_Car_ws/install/diagnostic_msgs:/root/ros_ws/src/Rescue_Car_ws/install/actionlib_msgs:/root/ros_ws/src/Rescue_Car_ws/install/statistics_msgs:/root/ros_ws/src/Rescue_Car_ws/install/rosidl_typesupport_microxrcedds_test_msg:/root/ros_ws/src/Rescue_Car_ws/install/rosidl_typesupport_microxrcedds_cpp_tests:/root/ros_ws/src/Rescue_Car_ws/install/rmw_microxrcedds:/root/ros_ws/src/Rescue_Car_ws/install/rosidl_typesupport_microxrcedds_cpp:/root/ros_ws/src/Rescue_Car_ws/install/rosidl_typesupport_microxrcedds_c_tests:/root/ros_ws/src/Rescue_Car_ws/install/rosidl_typesupport_microxrcedds_c:/root/ros_ws/src/Rescue_Car_ws/install/rosgraph_msgs:/root/ros_ws/src/Rescue_Car_ws/install/rclc_parameter:/root/ros_ws/src/Rescue_Car_ws/install/rclc:/root/ros_ws/src/Rescue_Car_ws/install/composition_interfaces:/root/ros_ws/src/Rescue_Car_ws/install/rcl_interfaces:/root/ros_ws/src/Rescue_Car_ws/install/microxrcedds_client:/root/ros_ws/src/Rescue_Car_ws/install/microcdr:/root/ros_ws/src/Rescue_Car_ws/install/micro_ros_utilities:/root/ros_ws/src/Rescue_Car_ws/install/micro_ros_setup:/root/ros_ws/src/Rescue_Car_ws/install/micro_ros_agent:/root/ros_ws/src/Rescue_Car_ws/install/micro_ros_msgs:/root/ros_ws/src/Rescue_Car_ws/install/lifecycle_msgs:/root/ros_ws/src/Rescue_Car_ws/install/complex_msgs:/root/ros_ws/src/Rescue_Car_ws/install/car:/root/ros_ws/src/Rescue_Car_ws/install/sensor_msgs_py:/opt/ros/humble LD_LIBRARY_PATH=/root/ros_ws/src/Rescue_Car_ws/install/sensor_msgs/lib:/root/ros_ws/src/Rescue_Car_ws/install/geometry_msgs/lib:/root/ros_ws/src/Rescue_Car_ws/install/std_msgs/lib:/root/ros_ws/src/Rescue_Car_ws/install/builtin_interfaces/lib:/root/ros_ws/src/Rescue_Car_ws/install/visualization_msgs/lib:/root/ros_ws/src/Rescue_Car_ws/install/test_msgs/lib:/root/ros_ws/src/Rescue_Car_ws/install/example_interfaces/lib:/root/ros_ws/src/Rescue_Car_ws/install/action_msgs/lib:/root/ros_ws/src/Rescue_Car_ws/install/unique_identifier_msgs/lib:/root/ros_ws/src/Rescue_Car_ws/install/trajectory_msgs/lib:/root/ros_ws/src/Rescue_Car_ws/install/stereo_msgs/lib:/root/ros_ws/src/Rescue_Car_ws/install/std_srvs/lib:/root/ros_ws/src/Rescue_Car_ws/install/shape_msgs/lib:/root/ros_ws/src/Rescue_Car_ws/install/nav_msgs/lib:/root/ros_ws/src/Rescue_Car_ws/install/diagnostic_msgs/lib:/root/ros_ws/src/Rescue_Car_ws/install/actionlib_msgs/lib:/root/ros_ws/src/Rescue_Car_ws/install/statistics_msgs/lib:/root/ros_ws/src/Rescue_Car_ws/install/rosidl_typesupport_microxrcedds_test_msg/lib:/root/ros_ws/src/Rescue_Car_ws/install/rmw_microxrcedds/lib:/root/ros_ws/src/Rescue_Car_ws/install/rosidl_typesupport_microxrcedds_cpp/lib:/root/ros_ws/src/Rescue_Car_ws/install/rosidl_typesupport_microxrcedds_c/lib:/root/ros_ws/src/Rescue_Car_ws/install/rosgraph_msgs/lib:/root/ros_ws/src/Rescue_Car_ws/install/rclc_parameter/lib:/root/ros_ws/src/Rescue_Car_ws/install/rclc/lib:/root/ros_ws/src/Rescue_Car_ws/install/composition_interfaces/lib:/root/ros_ws/src/Rescue_Car_ws/install/rcl_interfaces/lib:/root/ros_ws/src/Rescue_Car_ws/install/micro_ros_utilities/lib:/root/ros_ws/src/Rescue_Car_ws/install/micro_ros_agent/lib:/root/ros_ws/src/Rescue_Car_ws/install/micro_ros_msgs/lib:/root/ros_ws/src/Rescue_Car_ws/install/lifecycle_msgs/lib:/root/ros_ws/src/Rescue_Car_ws/install/complex_msgs/lib:/usr/lib/x86_64-linux-gnu/gazebo-11/plugins:/opt/ros/humble/opt/rviz_ogre_vendor/lib:/opt/ros/humble/lib/x86_64-linux-gnu:/opt/ros/humble/lib /usr/bin/cmake --install /root/ros_ws/src/Rescue_Car_ws/build/visualization_msgs
[4.448s] Level 1:colcon.colcon_core.environment:checking '/root/ros_ws/src/Rescue_Car_ws/install/visualization_msgs' for CMake config files
[4.449s] Level 1:colcon.colcon_core.shell:create_environment_hook('visualization_msgs', 'cmake_prefix_path')
[4.449s] INFO:colcon.colcon_core.shell:Creating environment hook '/root/ros_ws/src/Rescue_Car_ws/install/visualization_msgs/share/visualization_msgs/hook/cmake_prefix_path.ps1'
[4.450s] INFO:colcon.colcon_core.shell:Creating environment descriptor '/root/ros_ws/src/Rescue_Car_ws/install/visualization_msgs/share/visualization_msgs/hook/cmake_prefix_path.dsv'
[4.450s] INFO:colcon.colcon_core.shell:Creating environment hook '/root/ros_ws/src/Rescue_Car_ws/install/visualization_msgs/share/visualization_msgs/hook/cmake_prefix_path.sh'
[4.451s] Level 1:colcon.colcon_core.environment:checking '/root/ros_ws/src/Rescue_Car_ws/install/visualization_msgs/lib'
[4.451s] Level 1:colcon.colcon_core.shell:create_environment_hook('visualization_msgs', 'ld_library_path_lib')
[4.451s] INFO:colcon.colcon_core.shell:Creating environment hook '/root/ros_ws/src/Rescue_Car_ws/install/visualization_msgs/share/visualization_msgs/hook/ld_library_path_lib.ps1'
[4.451s] INFO:colcon.colcon_core.shell:Creating environment descriptor '/root/ros_ws/src/Rescue_Car_ws/install/visualization_msgs/share/visualization_msgs/hook/ld_library_path_lib.dsv'
[4.451s] INFO:colcon.colcon_core.shell:Creating environment hook '/root/ros_ws/src/Rescue_Car_ws/install/visualization_msgs/share/visualization_msgs/hook/ld_library_path_lib.sh'
[4.452s] Level 1:colcon.colcon_core.environment:checking '/root/ros_ws/src/Rescue_Car_ws/install/visualization_msgs/bin'
[4.452s] Level 1:colcon.colcon_core.environment:checking '/root/ros_ws/src/Rescue_Car_ws/install/visualization_msgs/lib/pkgconfig/visualization_msgs.pc'
[4.452s] Level 1:colcon.colcon_core.environment:checking '/root/ros_ws/src/Rescue_Car_ws/install/visualization_msgs/lib/python3.10/site-packages'
[4.452s] Level 1:colcon.colcon_core.environment:checking '/root/ros_ws/src/Rescue_Car_ws/install/visualization_msgs/bin'
[4.452s] INFO:colcon.colcon_core.shell:Creating package script '/root/ros_ws/src/Rescue_Car_ws/install/visualization_msgs/share/visualization_msgs/package.ps1'
[4.453s] INFO:colcon.colcon_core.shell:Creating package descriptor '/root/ros_ws/src/Rescue_Car_ws/install/visualization_msgs/share/visualization_msgs/package.dsv'
[4.453s] INFO:colcon.colcon_core.shell:Creating package script '/root/ros_ws/src/Rescue_Car_ws/install/visualization_msgs/share/visualization_msgs/package.sh'
[4.453s] INFO:colcon.colcon_core.shell:Creating package script '/root/ros_ws/src/Rescue_Car_ws/install/visualization_msgs/share/visualization_msgs/package.bash'
[4.454s] INFO:colcon.colcon_core.shell:Creating package script '/root/ros_ws/src/Rescue_Car_ws/install/visualization_msgs/share/visualization_msgs/package.zsh'
[4.454s] Level 1:colcon.colcon_core.environment:create_file_with_runtime_dependencies(/root/ros_ws/src/Rescue_Car_ws/install/visualization_msgs/share/colcon-core/packages/visualization_msgs)
[4.455s] Level 1:colcon.colcon_core.environment:create_environment_scripts_only(visualization_msgs)
[4.455s] Level 1:colcon.colcon_core.environment:checking '/root/ros_ws/src/Rescue_Car_ws/install/visualization_msgs' for CMake module files
[4.456s] Level 1:colcon.colcon_core.environment:checking '/root/ros_ws/src/Rescue_Car_ws/install/visualization_msgs' for CMake config files
[4.456s] Level 1:colcon.colcon_core.shell:create_environment_hook('visualization_msgs', 'cmake_prefix_path')
[4.456s] INFO:colcon.colcon_core.shell:Creating environment hook '/root/ros_ws/src/Rescue_Car_ws/install/visualization_msgs/share/visualization_msgs/hook/cmake_prefix_path.ps1'
[4.457s] INFO:colcon.colcon_core.shell:Creating environment descriptor '/root/ros_ws/src/Rescue_Car_ws/install/visualization_msgs/share/visualization_msgs/hook/cmake_prefix_path.dsv'
[4.457s] INFO:colcon.colcon_core.shell:Creating environment hook '/root/ros_ws/src/Rescue_Car_ws/install/visualization_msgs/share/visualization_msgs/hook/cmake_prefix_path.sh'
[4.457s] Level 1:colcon.colcon_core.environment:checking '/root/ros_ws/src/Rescue_Car_ws/install/visualization_msgs/lib'
[4.457s] Level 1:colcon.colcon_core.shell:create_environment_hook('visualization_msgs', 'ld_library_path_lib')
[4.457s] INFO:colcon.colcon_core.shell:Creating environment hook '/root/ros_ws/src/Rescue_Car_ws/install/visualization_msgs/share/visualization_msgs/hook/ld_library_path_lib.ps1'
[4.458s] INFO:colcon.colcon_core.shell:Creating environment descriptor '/root/ros_ws/src/Rescue_Car_ws/install/visualization_msgs/share/visualization_msgs/hook/ld_library_path_lib.dsv'
[4.458s] INFO:colcon.colcon_core.shell:Creating environment hook '/root/ros_ws/src/Rescue_Car_ws/install/visualization_msgs/share/visualization_msgs/hook/ld_library_path_lib.sh'
[4.458s] Level 1:colcon.colcon_core.environment:checking '/root/ros_ws/src/Rescue_Car_ws/install/visualization_msgs/bin'
[4.458s] Level 1:colcon.colcon_core.environment:checking '/root/ros_ws/src/Rescue_Car_ws/install/visualization_msgs/lib/pkgconfig/visualization_msgs.pc'
[4.458s] Level 1:colcon.colcon_core.environment:checking '/root/ros_ws/src/Rescue_Car_ws/install/visualization_msgs/lib/python3.10/site-packages'
[4.459s] Level 1:colcon.colcon_core.environment:checking '/root/ros_ws/src/Rescue_Car_ws/install/visualization_msgs/bin'
[4.459s] INFO:colcon.colcon_core.shell:Creating package script '/root/ros_ws/src/Rescue_Car_ws/install/visualization_msgs/share/visualization_msgs/package.ps1'
[4.459s] INFO:colcon.colcon_core.shell:Creating package descriptor '/root/ros_ws/src/Rescue_Car_ws/install/visualization_msgs/share/visualization_msgs/package.dsv'
[4.460s] INFO:colcon.colcon_core.shell:Creating package script '/root/ros_ws/src/Rescue_Car_ws/install/visualization_msgs/share/visualization_msgs/package.sh'
[4.460s] INFO:colcon.colcon_core.shell:Creating package script '/root/ros_ws/src/Rescue_Car_ws/install/visualization_msgs/share/visualization_msgs/package.bash'
[4.460s] INFO:colcon.colcon_core.shell:Creating package script '/root/ros_ws/src/Rescue_Car_ws/install/visualization_msgs/share/visualization_msgs/package.zsh'
[4.460s] Level 1:colcon.colcon_core.environment:create_file_with_runtime_dependencies(/root/ros_ws/src/Rescue_Car_ws/install/visualization_msgs/share/colcon-core/packages/visualization_msgs)
[4.461s] INFO:colcon.colcon_ros.task.ament_cmake.build:Building ROS package in '/root/ros_ws/src/Rescue_Car_ws/src/microros/src/ros2/common_interfaces/common_interfaces' with build type 'ament_cmake'
[4.461s] INFO:colcon.colcon_cmake.task.cmake.build:Building CMake package in '/root/ros_ws/src/Rescue_Car_ws/src/microros/src/ros2/common_interfaces/common_interfaces'
[4.461s] INFO:colcon.colcon_core.shell:Skip shell extension 'powershell' for command environment: Not usable outside of PowerShell
[4.461s] DEBUG:colcon.colcon_core.shell:Skip shell extension 'dsv' for command environment
[4.485s] DEBUG:colcon.colcon_core.event_handler.log_command:Invoking command in '/root/ros_ws/src/Rescue_Car_ws/build/rclc_parameter': CMAKE_PREFIX_PATH=/root/ros_ws/src/Rescue_Car_ws/install/rclc:/root/ros_ws/src/Rescue_Car_ws/install/test_msgs:/root/ros_ws/src/Rescue_Car_ws/install/example_interfaces:/root/ros_ws/src/Rescue_Car_ws/install/std_msgs:/root/ros_ws/src/Rescue_Car_ws/install/rcl_interfaces:/root/ros_ws/src/Rescue_Car_ws/install/action_msgs:/root/ros_ws/src/Rescue_Car_ws/install/unique_identifier_msgs:/root/ros_ws/src/Rescue_Car_ws/install/builtin_interfaces:/root/ros_ws/src/Rescue_Car_ws/install/micro_ros_demos_rclc:/root/ros_ws/src/Rescue_Car_ws/install/common_interfaces:/root/ros_ws/src/Rescue_Car_ws/install/visualization_msgs:/root/ros_ws/src/Rescue_Car_ws/install/trajectory_msgs:/root/ros_ws/src/Rescue_Car_ws/install/stereo_msgs:/root/ros_ws/src/Rescue_Car_ws/install/std_srvs:/root/ros_ws/src/Rescue_Car_ws/install/shape_msgs:/root/ros_ws/src/Rescue_Car_ws/install/sensor_msgs:/root/ros_ws/src/Rescue_Car_ws/install/nav_msgs:/root/ros_ws/src/Rescue_Car_ws/install/diagnostic_msgs:/root/ros_ws/src/Rescue_Car_ws/install/geometry_msgs:/root/ros_ws/src/Rescue_Car_ws/install/actionlib_msgs:/root/ros_ws/src/Rescue_Car_ws/install/statistics_msgs:/root/ros_ws/src/Rescue_Car_ws/install/rosidl_typesupport_microxrcedds_test_msg:/root/ros_ws/src/Rescue_Car_ws/install/rosidl_typesupport_microxrcedds_cpp_tests:/root/ros_ws/src/Rescue_Car_ws/install/rmw_microxrcedds:/root/ros_ws/src/Rescue_Car_ws/install/rosidl_typesupport_microxrcedds_cpp:/root/ros_ws/src/Rescue_Car_ws/install/rosidl_typesupport_microxrcedds_c_tests:/root/ros_ws/src/Rescue_Car_ws/install/rosidl_typesupport_microxrcedds_c:/root/ros_ws/src/Rescue_Car_ws/install/rosgraph_msgs:/root/ros_ws/src/Rescue_Car_ws/install/rclc_parameter:/root/ros_ws/src/Rescue_Car_ws/install/composition_interfaces:/root/ros_ws/src/Rescue_Car_ws/install/microxrcedds_client:/root/ros_ws/src/Rescue_Car_ws/install/microcdr:/root/ros_ws/src/Rescue_Car_ws/install/micro_ros_utilities:/root/ros_ws/src/Rescue_Car_ws/install/micro_ros_setup:/root/ros_ws/src/Rescue_Car_ws/install/micro_ros_agent:/root/ros_ws/src/Rescue_Car_ws/install/micro_ros_msgs:/root/ros_ws/src/Rescue_Car_ws/install/lifecycle_msgs:/root/ros_ws/src/Rescue_Car_ws/install/complex_msgs:/root/ros_ws/src/Rescue_Car_ws/install/car:/root/ros_ws/src/Rescue_Car_ws/install/sensor_msgs_py:/opt/ros/humble LD_LIBRARY_PATH=/root/ros_ws/src/Rescue_Car_ws/install/rclc/lib:/root/ros_ws/src/Rescue_Car_ws/install/test_msgs/lib:/root/ros_ws/src/Rescue_Car_ws/install/example_interfaces/lib:/root/ros_ws/src/Rescue_Car_ws/install/std_msgs/lib:/root/ros_ws/src/Rescue_Car_ws/install/rcl_interfaces/lib:/root/ros_ws/src/Rescue_Car_ws/install/action_msgs/lib:/root/ros_ws/src/Rescue_Car_ws/install/unique_identifier_msgs/lib:/root/ros_ws/src/Rescue_Car_ws/install/builtin_interfaces/lib:/root/ros_ws/src/Rescue_Car_ws/install/visualization_msgs/lib:/root/ros_ws/src/Rescue_Car_ws/install/trajectory_msgs/lib:/root/ros_ws/src/Rescue_Car_ws/install/stereo_msgs/lib:/root/ros_ws/src/Rescue_Car_ws/install/std_srvs/lib:/root/ros_ws/src/Rescue_Car_ws/install/shape_msgs/lib:/root/ros_ws/src/Rescue_Car_ws/install/sensor_msgs/lib:/root/ros_ws/src/Rescue_Car_ws/install/nav_msgs/lib:/root/ros_ws/src/Rescue_Car_ws/install/diagnostic_msgs/lib:/root/ros_ws/src/Rescue_Car_ws/install/geometry_msgs/lib:/root/ros_ws/src/Rescue_Car_ws/install/actionlib_msgs/lib:/root/ros_ws/src/Rescue_Car_ws/install/statistics_msgs/lib:/root/ros_ws/src/Rescue_Car_ws/install/rosidl_typesupport_microxrcedds_test_msg/lib:/root/ros_ws/src/Rescue_Car_ws/install/rmw_microxrcedds/lib:/root/ros_ws/src/Rescue_Car_ws/install/rosidl_typesupport_microxrcedds_cpp/lib:/root/ros_ws/src/Rescue_Car_ws/install/rosidl_typesupport_microxrcedds_c/lib:/root/ros_ws/src/Rescue_Car_ws/install/rosgraph_msgs/lib:/root/ros_ws/src/Rescue_Car_ws/install/rclc_parameter/lib:/root/ros_ws/src/Rescue_Car_ws/install/composition_interfaces/lib:/root/ros_ws/src/Rescue_Car_ws/install/micro_ros_utilities/lib:/root/ros_ws/src/Rescue_Car_ws/install/micro_ros_agent/lib:/root/ros_ws/src/Rescue_Car_ws/install/micro_ros_msgs/lib:/root/ros_ws/src/Rescue_Car_ws/install/lifecycle_msgs/lib:/root/ros_ws/src/Rescue_Car_ws/install/complex_msgs/lib:/usr/lib/x86_64-linux-gnu/gazebo-11/plugins:/opt/ros/humble/opt/rviz_ogre_vendor/lib:/opt/ros/humble/lib/x86_64-linux-gnu:/opt/ros/humble/lib /usr/bin/cmake --build /root/ros_ws/src/Rescue_Car_ws/build/rclc_parameter -- -j20 -l20
[4.581s] DEBUG:colcon.colcon_core.event_handler.log_command:Invoked command in '/root/ros_ws/src/Rescue_Car_ws/build/rclc_parameter' returned '0': CMAKE_PREFIX_PATH=/root/ros_ws/src/Rescue_Car_ws/install/rclc:/root/ros_ws/src/Rescue_Car_ws/install/test_msgs:/root/ros_ws/src/Rescue_Car_ws/install/example_interfaces:/root/ros_ws/src/Rescue_Car_ws/install/std_msgs:/root/ros_ws/src/Rescue_Car_ws/install/rcl_interfaces:/root/ros_ws/src/Rescue_Car_ws/install/action_msgs:/root/ros_ws/src/Rescue_Car_ws/install/unique_identifier_msgs:/root/ros_ws/src/Rescue_Car_ws/install/builtin_interfaces:/root/ros_ws/src/Rescue_Car_ws/install/micro_ros_demos_rclc:/root/ros_ws/src/Rescue_Car_ws/install/common_interfaces:/root/ros_ws/src/Rescue_Car_ws/install/visualization_msgs:/root/ros_ws/src/Rescue_Car_ws/install/trajectory_msgs:/root/ros_ws/src/Rescue_Car_ws/install/stereo_msgs:/root/ros_ws/src/Rescue_Car_ws/install/std_srvs:/root/ros_ws/src/Rescue_Car_ws/install/shape_msgs:/root/ros_ws/src/Rescue_Car_ws/install/sensor_msgs:/root/ros_ws/src/Rescue_Car_ws/install/nav_msgs:/root/ros_ws/src/Rescue_Car_ws/install/diagnostic_msgs:/root/ros_ws/src/Rescue_Car_ws/install/geometry_msgs:/root/ros_ws/src/Rescue_Car_ws/install/actionlib_msgs:/root/ros_ws/src/Rescue_Car_ws/install/statistics_msgs:/root/ros_ws/src/Rescue_Car_ws/install/rosidl_typesupport_microxrcedds_test_msg:/root/ros_ws/src/Rescue_Car_ws/install/rosidl_typesupport_microxrcedds_cpp_tests:/root/ros_ws/src/Rescue_Car_ws/install/rmw_microxrcedds:/root/ros_ws/src/Rescue_Car_ws/install/rosidl_typesupport_microxrcedds_cpp:/root/ros_ws/src/Rescue_Car_ws/install/rosidl_typesupport_microxrcedds_c_tests:/root/ros_ws/src/Rescue_Car_ws/install/rosidl_typesupport_microxrcedds_c:/root/ros_ws/src/Rescue_Car_ws/install/rosgraph_msgs:/root/ros_ws/src/Rescue_Car_ws/install/rclc_parameter:/root/ros_ws/src/Rescue_Car_ws/install/composition_interfaces:/root/ros_ws/src/Rescue_Car_ws/install/microxrcedds_client:/root/ros_ws/src/Rescue_Car_ws/install/microcdr:/root/ros_ws/src/Rescue_Car_ws/install/micro_ros_utilities:/root/ros_ws/src/Rescue_Car_ws/install/micro_ros_setup:/root/ros_ws/src/Rescue_Car_ws/install/micro_ros_agent:/root/ros_ws/src/Rescue_Car_ws/install/micro_ros_msgs:/root/ros_ws/src/Rescue_Car_ws/install/lifecycle_msgs:/root/ros_ws/src/Rescue_Car_ws/install/complex_msgs:/root/ros_ws/src/Rescue_Car_ws/install/car:/root/ros_ws/src/Rescue_Car_ws/install/sensor_msgs_py:/opt/ros/humble LD_LIBRARY_PATH=/root/ros_ws/src/Rescue_Car_ws/install/rclc/lib:/root/ros_ws/src/Rescue_Car_ws/install/test_msgs/lib:/root/ros_ws/src/Rescue_Car_ws/install/example_interfaces/lib:/root/ros_ws/src/Rescue_Car_ws/install/std_msgs/lib:/root/ros_ws/src/Rescue_Car_ws/install/rcl_interfaces/lib:/root/ros_ws/src/Rescue_Car_ws/install/action_msgs/lib:/root/ros_ws/src/Rescue_Car_ws/install/unique_identifier_msgs/lib:/root/ros_ws/src/Rescue_Car_ws/install/builtin_interfaces/lib:/root/ros_ws/src/Rescue_Car_ws/install/visualization_msgs/lib:/root/ros_ws/src/Rescue_Car_ws/install/trajectory_msgs/lib:/root/ros_ws/src/Rescue_Car_ws/install/stereo_msgs/lib:/root/ros_ws/src/Rescue_Car_ws/install/std_srvs/lib:/root/ros_ws/src/Rescue_Car_ws/install/shape_msgs/lib:/root/ros_ws/src/Rescue_Car_ws/install/sensor_msgs/lib:/root/ros_ws/src/Rescue_Car_ws/install/nav_msgs/lib:/root/ros_ws/src/Rescue_Car_ws/install/diagnostic_msgs/lib:/root/ros_ws/src/Rescue_Car_ws/install/geometry_msgs/lib:/root/ros_ws/src/Rescue_Car_ws/install/actionlib_msgs/lib:/root/ros_ws/src/Rescue_Car_ws/install/statistics_msgs/lib:/root/ros_ws/src/Rescue_Car_ws/install/rosidl_typesupport_microxrcedds_test_msg/lib:/root/ros_ws/src/Rescue_Car_ws/install/rmw_microxrcedds/lib:/root/ros_ws/src/Rescue_Car_ws/install/rosidl_typesupport_microxrcedds_cpp/lib:/root/ros_ws/src/Rescue_Car_ws/install/rosidl_typesupport_microxrcedds_c/lib:/root/ros_ws/src/Rescue_Car_ws/install/rosgraph_msgs/lib:/root/ros_ws/src/Rescue_Car_ws/install/rclc_parameter/lib:/root/ros_ws/src/Rescue_Car_ws/install/composition_interfaces/lib:/root/ros_ws/src/Rescue_Car_ws/install/micro_ros_utilities/lib:/root/ros_ws/src/Rescue_Car_ws/install/micro_ros_agent/lib:/root/ros_ws/src/Rescue_Car_ws/install/micro_ros_msgs/lib:/root/ros_ws/src/Rescue_Car_ws/install/lifecycle_msgs/lib:/root/ros_ws/src/Rescue_Car_ws/install/complex_msgs/lib:/usr/lib/x86_64-linux-gnu/gazebo-11/plugins:/opt/ros/humble/opt/rviz_ogre_vendor/lib:/opt/ros/humble/lib/x86_64-linux-gnu:/opt/ros/humble/lib /usr/bin/cmake --build /root/ros_ws/src/Rescue_Car_ws/build/rclc_parameter -- -j20 -l20
[4.583s] DEBUG:colcon.colcon_core.event_handler.log_command:Invoking command in '/root/ros_ws/src/Rescue_Car_ws/build/rclc_parameter': CMAKE_PREFIX_PATH=/root/ros_ws/src/Rescue_Car_ws/install/rclc:/root/ros_ws/src/Rescue_Car_ws/install/test_msgs:/root/ros_ws/src/Rescue_Car_ws/install/example_interfaces:/root/ros_ws/src/Rescue_Car_ws/install/std_msgs:/root/ros_ws/src/Rescue_Car_ws/install/rcl_interfaces:/root/ros_ws/src/Rescue_Car_ws/install/action_msgs:/root/ros_ws/src/Rescue_Car_ws/install/unique_identifier_msgs:/root/ros_ws/src/Rescue_Car_ws/install/builtin_interfaces:/root/ros_ws/src/Rescue_Car_ws/install/micro_ros_demos_rclc:/root/ros_ws/src/Rescue_Car_ws/install/common_interfaces:/root/ros_ws/src/Rescue_Car_ws/install/visualization_msgs:/root/ros_ws/src/Rescue_Car_ws/install/trajectory_msgs:/root/ros_ws/src/Rescue_Car_ws/install/stereo_msgs:/root/ros_ws/src/Rescue_Car_ws/install/std_srvs:/root/ros_ws/src/Rescue_Car_ws/install/shape_msgs:/root/ros_ws/src/Rescue_Car_ws/install/sensor_msgs:/root/ros_ws/src/Rescue_Car_ws/install/nav_msgs:/root/ros_ws/src/Rescue_Car_ws/install/diagnostic_msgs:/root/ros_ws/src/Rescue_Car_ws/install/geometry_msgs:/root/ros_ws/src/Rescue_Car_ws/install/actionlib_msgs:/root/ros_ws/src/Rescue_Car_ws/install/statistics_msgs:/root/ros_ws/src/Rescue_Car_ws/install/rosidl_typesupport_microxrcedds_test_msg:/root/ros_ws/src/Rescue_Car_ws/install/rosidl_typesupport_microxrcedds_cpp_tests:/root/ros_ws/src/Rescue_Car_ws/install/rmw_microxrcedds:/root/ros_ws/src/Rescue_Car_ws/install/rosidl_typesupport_microxrcedds_cpp:/root/ros_ws/src/Rescue_Car_ws/install/rosidl_typesupport_microxrcedds_c_tests:/root/ros_ws/src/Rescue_Car_ws/install/rosidl_typesupport_microxrcedds_c:/root/ros_ws/src/Rescue_Car_ws/install/rosgraph_msgs:/root/ros_ws/src/Rescue_Car_ws/install/rclc_parameter:/root/ros_ws/src/Rescue_Car_ws/install/composition_interfaces:/root/ros_ws/src/Rescue_Car_ws/install/microxrcedds_client:/root/ros_ws/src/Rescue_Car_ws/install/microcdr:/root/ros_ws/src/Rescue_Car_ws/install/micro_ros_utilities:/root/ros_ws/src/Rescue_Car_ws/install/micro_ros_setup:/root/ros_ws/src/Rescue_Car_ws/install/micro_ros_agent:/root/ros_ws/src/Rescue_Car_ws/install/micro_ros_msgs:/root/ros_ws/src/Rescue_Car_ws/install/lifecycle_msgs:/root/ros_ws/src/Rescue_Car_ws/install/complex_msgs:/root/ros_ws/src/Rescue_Car_ws/install/car:/root/ros_ws/src/Rescue_Car_ws/install/sensor_msgs_py:/opt/ros/humble LD_LIBRARY_PATH=/root/ros_ws/src/Rescue_Car_ws/install/rclc/lib:/root/ros_ws/src/Rescue_Car_ws/install/test_msgs/lib:/root/ros_ws/src/Rescue_Car_ws/install/example_interfaces/lib:/root/ros_ws/src/Rescue_Car_ws/install/std_msgs/lib:/root/ros_ws/src/Rescue_Car_ws/install/rcl_interfaces/lib:/root/ros_ws/src/Rescue_Car_ws/install/action_msgs/lib:/root/ros_ws/src/Rescue_Car_ws/install/unique_identifier_msgs/lib:/root/ros_ws/src/Rescue_Car_ws/install/builtin_interfaces/lib:/root/ros_ws/src/Rescue_Car_ws/install/visualization_msgs/lib:/root/ros_ws/src/Rescue_Car_ws/install/trajectory_msgs/lib:/root/ros_ws/src/Rescue_Car_ws/install/stereo_msgs/lib:/root/ros_ws/src/Rescue_Car_ws/install/std_srvs/lib:/root/ros_ws/src/Rescue_Car_ws/install/shape_msgs/lib:/root/ros_ws/src/Rescue_Car_ws/install/sensor_msgs/lib:/root/ros_ws/src/Rescue_Car_ws/install/nav_msgs/lib:/root/ros_ws/src/Rescue_Car_ws/install/diagnostic_msgs/lib:/root/ros_ws/src/Rescue_Car_ws/install/geometry_msgs/lib:/root/ros_ws/src/Rescue_Car_ws/install/actionlib_msgs/lib:/root/ros_ws/src/Rescue_Car_ws/install/statistics_msgs/lib:/root/ros_ws/src/Rescue_Car_ws/install/rosidl_typesupport_microxrcedds_test_msg/lib:/root/ros_ws/src/Rescue_Car_ws/install/rmw_microxrcedds/lib:/root/ros_ws/src/Rescue_Car_ws/install/rosidl_typesupport_microxrcedds_cpp/lib:/root/ros_ws/src/Rescue_Car_ws/install/rosidl_typesupport_microxrcedds_c/lib:/root/ros_ws/src/Rescue_Car_ws/install/rosgraph_msgs/lib:/root/ros_ws/src/Rescue_Car_ws/install/rclc_parameter/lib:/root/ros_ws/src/Rescue_Car_ws/install/composition_interfaces/lib:/root/ros_ws/src/Rescue_Car_ws/install/micro_ros_utilities/lib:/root/ros_ws/src/Rescue_Car_ws/install/micro_ros_agent/lib:/root/ros_ws/src/Rescue_Car_ws/install/micro_ros_msgs/lib:/root/ros_ws/src/Rescue_Car_ws/install/lifecycle_msgs/lib:/root/ros_ws/src/Rescue_Car_ws/install/complex_msgs/lib:/usr/lib/x86_64-linux-gnu/gazebo-11/plugins:/opt/ros/humble/opt/rviz_ogre_vendor/lib:/opt/ros/humble/lib/x86_64-linux-gnu:/opt/ros/humble/lib /usr/bin/cmake --install /root/ros_ws/src/Rescue_Car_ws/build/rclc_parameter
[4.592s] Level 1:colcon.colcon_core.environment:create_environment_scripts_only(rclc_parameter)
[4.593s] Level 1:colcon.colcon_core.environment:checking '/root/ros_ws/src/Rescue_Car_ws/install/rclc_parameter' for CMake module files
[4.593s] DEBUG:colcon.colcon_core.event_handler.log_command:Invoked command in '/root/ros_ws/src/Rescue_Car_ws/build/rclc_parameter' returned '0': CMAKE_PREFIX_PATH=/root/ros_ws/src/Rescue_Car_ws/install/rclc:/root/ros_ws/src/Rescue_Car_ws/install/test_msgs:/root/ros_ws/src/Rescue_Car_ws/install/example_interfaces:/root/ros_ws/src/Rescue_Car_ws/install/std_msgs:/root/ros_ws/src/Rescue_Car_ws/install/rcl_interfaces:/root/ros_ws/src/Rescue_Car_ws/install/action_msgs:/root/ros_ws/src/Rescue_Car_ws/install/unique_identifier_msgs:/root/ros_ws/src/Rescue_Car_ws/install/builtin_interfaces:/root/ros_ws/src/Rescue_Car_ws/install/micro_ros_demos_rclc:/root/ros_ws/src/Rescue_Car_ws/install/common_interfaces:/root/ros_ws/src/Rescue_Car_ws/install/visualization_msgs:/root/ros_ws/src/Rescue_Car_ws/install/trajectory_msgs:/root/ros_ws/src/Rescue_Car_ws/install/stereo_msgs:/root/ros_ws/src/Rescue_Car_ws/install/std_srvs:/root/ros_ws/src/Rescue_Car_ws/install/shape_msgs:/root/ros_ws/src/Rescue_Car_ws/install/sensor_msgs:/root/ros_ws/src/Rescue_Car_ws/install/nav_msgs:/root/ros_ws/src/Rescue_Car_ws/install/diagnostic_msgs:/root/ros_ws/src/Rescue_Car_ws/install/geometry_msgs:/root/ros_ws/src/Rescue_Car_ws/install/actionlib_msgs:/root/ros_ws/src/Rescue_Car_ws/install/statistics_msgs:/root/ros_ws/src/Rescue_Car_ws/install/rosidl_typesupport_microxrcedds_test_msg:/root/ros_ws/src/Rescue_Car_ws/install/rosidl_typesupport_microxrcedds_cpp_tests:/root/ros_ws/src/Rescue_Car_ws/install/rmw_microxrcedds:/root/ros_ws/src/Rescue_Car_ws/install/rosidl_typesupport_microxrcedds_cpp:/root/ros_ws/src/Rescue_Car_ws/install/rosidl_typesupport_microxrcedds_c_tests:/root/ros_ws/src/Rescue_Car_ws/install/rosidl_typesupport_microxrcedds_c:/root/ros_ws/src/Rescue_Car_ws/install/rosgraph_msgs:/root/ros_ws/src/Rescue_Car_ws/install/rclc_parameter:/root/ros_ws/src/Rescue_Car_ws/install/composition_interfaces:/root/ros_ws/src/Rescue_Car_ws/install/microxrcedds_client:/root/ros_ws/src/Rescue_Car_ws/install/microcdr:/root/ros_ws/src/Rescue_Car_ws/install/micro_ros_utilities:/root/ros_ws/src/Rescue_Car_ws/install/micro_ros_setup:/root/ros_ws/src/Rescue_Car_ws/install/micro_ros_agent:/root/ros_ws/src/Rescue_Car_ws/install/micro_ros_msgs:/root/ros_ws/src/Rescue_Car_ws/install/lifecycle_msgs:/root/ros_ws/src/Rescue_Car_ws/install/complex_msgs:/root/ros_ws/src/Rescue_Car_ws/install/car:/root/ros_ws/src/Rescue_Car_ws/install/sensor_msgs_py:/opt/ros/humble LD_LIBRARY_PATH=/root/ros_ws/src/Rescue_Car_ws/install/rclc/lib:/root/ros_ws/src/Rescue_Car_ws/install/test_msgs/lib:/root/ros_ws/src/Rescue_Car_ws/install/example_interfaces/lib:/root/ros_ws/src/Rescue_Car_ws/install/std_msgs/lib:/root/ros_ws/src/Rescue_Car_ws/install/rcl_interfaces/lib:/root/ros_ws/src/Rescue_Car_ws/install/action_msgs/lib:/root/ros_ws/src/Rescue_Car_ws/install/unique_identifier_msgs/lib:/root/ros_ws/src/Rescue_Car_ws/install/builtin_interfaces/lib:/root/ros_ws/src/Rescue_Car_ws/install/visualization_msgs/lib:/root/ros_ws/src/Rescue_Car_ws/install/trajectory_msgs/lib:/root/ros_ws/src/Rescue_Car_ws/install/stereo_msgs/lib:/root/ros_ws/src/Rescue_Car_ws/install/std_srvs/lib:/root/ros_ws/src/Rescue_Car_ws/install/shape_msgs/lib:/root/ros_ws/src/Rescue_Car_ws/install/sensor_msgs/lib:/root/ros_ws/src/Rescue_Car_ws/install/nav_msgs/lib:/root/ros_ws/src/Rescue_Car_ws/install/diagnostic_msgs/lib:/root/ros_ws/src/Rescue_Car_ws/install/geometry_msgs/lib:/root/ros_ws/src/Rescue_Car_ws/install/actionlib_msgs/lib:/root/ros_ws/src/Rescue_Car_ws/install/statistics_msgs/lib:/root/ros_ws/src/Rescue_Car_ws/install/rosidl_typesupport_microxrcedds_test_msg/lib:/root/ros_ws/src/Rescue_Car_ws/install/rmw_microxrcedds/lib:/root/ros_ws/src/Rescue_Car_ws/install/rosidl_typesupport_microxrcedds_cpp/lib:/root/ros_ws/src/Rescue_Car_ws/install/rosidl_typesupport_microxrcedds_c/lib:/root/ros_ws/src/Rescue_Car_ws/install/rosgraph_msgs/lib:/root/ros_ws/src/Rescue_Car_ws/install/rclc_parameter/lib:/root/ros_ws/src/Rescue_Car_ws/install/composition_interfaces/lib:/root/ros_ws/src/Rescue_Car_ws/install/micro_ros_utilities/lib:/root/ros_ws/src/Rescue_Car_ws/install/micro_ros_agent/lib:/root/ros_ws/src/Rescue_Car_ws/install/micro_ros_msgs/lib:/root/ros_ws/src/Rescue_Car_ws/install/lifecycle_msgs/lib:/root/ros_ws/src/Rescue_Car_ws/install/complex_msgs/lib:/usr/lib/x86_64-linux-gnu/gazebo-11/plugins:/opt/ros/humble/opt/rviz_ogre_vendor/lib:/opt/ros/humble/lib/x86_64-linux-gnu:/opt/ros/humble/lib /usr/bin/cmake --install /root/ros_ws/src/Rescue_Car_ws/build/rclc_parameter
[4.594s] Level 1:colcon.colcon_core.environment:checking '/root/ros_ws/src/Rescue_Car_ws/install/rclc_parameter' for CMake config files
[4.594s] Level 1:colcon.colcon_core.shell:create_environment_hook('rclc_parameter', 'cmake_prefix_path')
[4.594s] INFO:colcon.colcon_core.shell:Creating environment hook '/root/ros_ws/src/Rescue_Car_ws/install/rclc_parameter/share/rclc_parameter/hook/cmake_prefix_path.ps1'
[4.594s] INFO:colcon.colcon_core.shell:Creating environment descriptor '/root/ros_ws/src/Rescue_Car_ws/install/rclc_parameter/share/rclc_parameter/hook/cmake_prefix_path.dsv'
[4.595s] INFO:colcon.colcon_core.shell:Creating environment hook '/root/ros_ws/src/Rescue_Car_ws/install/rclc_parameter/share/rclc_parameter/hook/cmake_prefix_path.sh'
[4.595s] Level 1:colcon.colcon_core.environment:checking '/root/ros_ws/src/Rescue_Car_ws/install/rclc_parameter/lib'
[4.595s] Level 1:colcon.colcon_core.environment:checking '/root/ros_ws/src/Rescue_Car_ws/install/rclc_parameter/bin'
[4.595s] Level 1:colcon.colcon_core.environment:checking '/root/ros_ws/src/Rescue_Car_ws/install/rclc_parameter/lib/pkgconfig/rclc_parameter.pc'
[4.595s] Level 1:colcon.colcon_core.environment:checking '/root/ros_ws/src/Rescue_Car_ws/install/rclc_parameter/lib/python3.10/site-packages'
[4.596s] Level 1:colcon.colcon_core.environment:checking '/root/ros_ws/src/Rescue_Car_ws/install/rclc_parameter/bin'
[4.596s] INFO:colcon.colcon_core.shell:Creating package script '/root/ros_ws/src/Rescue_Car_ws/install/rclc_parameter/share/rclc_parameter/package.ps1'
[4.596s] INFO:colcon.colcon_core.shell:Creating package descriptor '/root/ros_ws/src/Rescue_Car_ws/install/rclc_parameter/share/rclc_parameter/package.dsv'
[4.596s] INFO:colcon.colcon_core.shell:Creating package script '/root/ros_ws/src/Rescue_Car_ws/install/rclc_parameter/share/rclc_parameter/package.sh'
[4.597s] INFO:colcon.colcon_core.shell:Creating package script '/root/ros_ws/src/Rescue_Car_ws/install/rclc_parameter/share/rclc_parameter/package.bash'
[4.597s] INFO:colcon.colcon_core.shell:Creating package script '/root/ros_ws/src/Rescue_Car_ws/install/rclc_parameter/share/rclc_parameter/package.zsh'
[4.597s] Level 1:colcon.colcon_core.environment:create_file_with_runtime_dependencies(/root/ros_ws/src/Rescue_Car_ws/install/rclc_parameter/share/colcon-core/packages/rclc_parameter)
[4.598s] Level 1:colcon.colcon_core.environment:create_environment_scripts_only(rclc_parameter)
[4.598s] Level 1:colcon.colcon_core.environment:checking '/root/ros_ws/src/Rescue_Car_ws/install/rclc_parameter' for CMake module files
[4.598s] Level 1:colcon.colcon_core.environment:checking '/root/ros_ws/src/Rescue_Car_ws/install/rclc_parameter' for CMake config files
[4.598s] Level 1:colcon.colcon_core.shell:create_environment_hook('rclc_parameter', 'cmake_prefix_path')
[4.598s] INFO:colcon.colcon_core.shell:Creating environment hook '/root/ros_ws/src/Rescue_Car_ws/install/rclc_parameter/share/rclc_parameter/hook/cmake_prefix_path.ps1'
[4.599s] INFO:colcon.colcon_core.shell:Creating environment descriptor '/root/ros_ws/src/Rescue_Car_ws/install/rclc_parameter/share/rclc_parameter/hook/cmake_prefix_path.dsv'
[4.599s] INFO:colcon.colcon_core.shell:Creating environment hook '/root/ros_ws/src/Rescue_Car_ws/install/rclc_parameter/share/rclc_parameter/hook/cmake_prefix_path.sh'
[4.599s] Level 1:colcon.colcon_core.environment:checking '/root/ros_ws/src/Rescue_Car_ws/install/rclc_parameter/lib'
[4.599s] Level 1:colcon.colcon_core.environment:checking '/root/ros_ws/src/Rescue_Car_ws/install/rclc_parameter/bin'
[4.599s] Level 1:colcon.colcon_core.environment:checking '/root/ros_ws/src/Rescue_Car_ws/install/rclc_parameter/lib/pkgconfig/rclc_parameter.pc'
[4.599s] Level 1:colcon.colcon_core.environment:checking '/root/ros_ws/src/Rescue_Car_ws/install/rclc_parameter/lib/python3.10/site-packages'
[4.600s] Level 1:colcon.colcon_core.environment:checking '/root/ros_ws/src/Rescue_Car_ws/install/rclc_parameter/bin'
[4.600s] INFO:colcon.colcon_core.shell:Creating package script '/root/ros_ws/src/Rescue_Car_ws/install/rclc_parameter/share/rclc_parameter/package.ps1'
[4.600s] INFO:colcon.colcon_core.shell:Creating package descriptor '/root/ros_ws/src/Rescue_Car_ws/install/rclc_parameter/share/rclc_parameter/package.dsv'
[4.600s] INFO:colcon.colcon_core.shell:Creating package script '/root/ros_ws/src/Rescue_Car_ws/install/rclc_parameter/share/rclc_parameter/package.sh'
[4.601s] INFO:colcon.colcon_core.shell:Creating package script '/root/ros_ws/src/Rescue_Car_ws/install/rclc_parameter/share/rclc_parameter/package.bash'
[4.601s] INFO:colcon.colcon_core.shell:Creating package script '/root/ros_ws/src/Rescue_Car_ws/install/rclc_parameter/share/rclc_parameter/package.zsh'
[4.601s] Level 1:colcon.colcon_core.environment:create_file_with_runtime_dependencies(/root/ros_ws/src/Rescue_Car_ws/install/rclc_parameter/share/colcon-core/packages/rclc_parameter)
[4.602s] INFO:colcon.colcon_ros.task.ament_cmake.build:Building ROS package in '/root/ros_ws/src/Rescue_Car_ws/src/microros/src/uros/micro-ROS-demos/rclc' with build type 'ament_cmake'
[4.602s] INFO:colcon.colcon_cmake.task.cmake.build:Building CMake package in '/root/ros_ws/src/Rescue_Car_ws/src/microros/src/uros/micro-ROS-demos/rclc'
[4.602s] INFO:colcon.colcon_core.shell:Skip shell extension 'powershell' for command environment: Not usable outside of PowerShell
[4.602s] DEBUG:colcon.colcon_core.shell:Skip shell extension 'dsv' for command environment
[4.904s] DEBUG:colcon.colcon_core.event_handler.log_command:Invoking command in '/root/ros_ws/src/Rescue_Car_ws/src/microros/src/ros2/common_interfaces/sensor_msgs_py': CMAKE_PREFIX_PATH=/root/ros_ws/src/Rescue_Car_ws/install/sensor_msgs:/root/ros_ws/src/Rescue_Car_ws/install/geometry_msgs:/root/ros_ws/src/Rescue_Car_ws/install/std_msgs:/root/ros_ws/src/Rescue_Car_ws/install/builtin_interfaces:/root/ros_ws/src/Rescue_Car_ws/install/micro_ros_demos_rclc:/root/ros_ws/src/Rescue_Car_ws/install/common_interfaces:/root/ros_ws/src/Rescue_Car_ws/install/visualization_msgs:/root/ros_ws/src/Rescue_Car_ws/install/test_msgs:/root/ros_ws/src/Rescue_Car_ws/install/example_interfaces:/root/ros_ws/src/Rescue_Car_ws/install/action_msgs:/root/ros_ws/src/Rescue_Car_ws/install/unique_identifier_msgs:/root/ros_ws/src/Rescue_Car_ws/install/trajectory_msgs:/root/ros_ws/src/Rescue_Car_ws/install/stereo_msgs:/root/ros_ws/src/Rescue_Car_ws/install/std_srvs:/root/ros_ws/src/Rescue_Car_ws/install/shape_msgs:/root/ros_ws/src/Rescue_Car_ws/install/nav_msgs:/root/ros_ws/src/Rescue_Car_ws/install/diagnostic_msgs:/root/ros_ws/src/Rescue_Car_ws/install/actionlib_msgs:/root/ros_ws/src/Rescue_Car_ws/install/statistics_msgs:/root/ros_ws/src/Rescue_Car_ws/install/rosidl_typesupport_microxrcedds_test_msg:/root/ros_ws/src/Rescue_Car_ws/install/rosidl_typesupport_microxrcedds_cpp_tests:/root/ros_ws/src/Rescue_Car_ws/install/rmw_microxrcedds:/root/ros_ws/src/Rescue_Car_ws/install/rosidl_typesupport_microxrcedds_cpp:/root/ros_ws/src/Rescue_Car_ws/install/rosidl_typesupport_microxrcedds_c_tests:/root/ros_ws/src/Rescue_Car_ws/install/rosidl_typesupport_microxrcedds_c:/root/ros_ws/src/Rescue_Car_ws/install/rosgraph_msgs:/root/ros_ws/src/Rescue_Car_ws/install/rclc_parameter:/root/ros_ws/src/Rescue_Car_ws/install/rclc:/root/ros_ws/src/Rescue_Car_ws/install/composition_interfaces:/root/ros_ws/src/Rescue_Car_ws/install/rcl_interfaces:/root/ros_ws/src/Rescue_Car_ws/install/microxrcedds_client:/root/ros_ws/src/Rescue_Car_ws/install/microcdr:/root/ros_ws/src/Rescue_Car_ws/install/micro_ros_utilities:/root/ros_ws/src/Rescue_Car_ws/install/micro_ros_setup:/root/ros_ws/src/Rescue_Car_ws/install/micro_ros_agent:/root/ros_ws/src/Rescue_Car_ws/install/micro_ros_msgs:/root/ros_ws/src/Rescue_Car_ws/install/lifecycle_msgs:/root/ros_ws/src/Rescue_Car_ws/install/complex_msgs:/root/ros_ws/src/Rescue_Car_ws/install/car LD_LIBRARY_PATH=/root/ros_ws/src/Rescue_Car_ws/install/sensor_msgs/lib:/root/ros_ws/src/Rescue_Car_ws/install/geometry_msgs/lib:/root/ros_ws/src/Rescue_Car_ws/install/std_msgs/lib:/root/ros_ws/src/Rescue_Car_ws/install/builtin_interfaces/lib:/root/ros_ws/src/Rescue_Car_ws/install/visualization_msgs/lib:/root/ros_ws/src/Rescue_Car_ws/install/test_msgs/lib:/root/ros_ws/src/Rescue_Car_ws/install/example_interfaces/lib:/root/ros_ws/src/Rescue_Car_ws/install/action_msgs/lib:/root/ros_ws/src/Rescue_Car_ws/install/unique_identifier_msgs/lib:/root/ros_ws/src/Rescue_Car_ws/install/trajectory_msgs/lib:/root/ros_ws/src/Rescue_Car_ws/install/stereo_msgs/lib:/root/ros_ws/src/Rescue_Car_ws/install/std_srvs/lib:/root/ros_ws/src/Rescue_Car_ws/install/shape_msgs/lib:/root/ros_ws/src/Rescue_Car_ws/install/nav_msgs/lib:/root/ros_ws/src/Rescue_Car_ws/install/diagnostic_msgs/lib:/root/ros_ws/src/Rescue_Car_ws/install/actionlib_msgs/lib:/root/ros_ws/src/Rescue_Car_ws/install/statistics_msgs/lib:/root/ros_ws/src/Rescue_Car_ws/install/rosidl_typesupport_microxrcedds_test_msg/lib:/root/ros_ws/src/Rescue_Car_ws/install/rmw_microxrcedds/lib:/root/ros_ws/src/Rescue_Car_ws/install/rosidl_typesupport_microxrcedds_cpp/lib:/root/ros_ws/src/Rescue_Car_ws/install/rosidl_typesupport_microxrcedds_c/lib:/root/ros_ws/src/Rescue_Car_ws/install/rosgraph_msgs/lib:/root/ros_ws/src/Rescue_Car_ws/install/rclc_parameter/lib:/root/ros_ws/src/Rescue_Car_ws/install/rclc/lib:/root/ros_ws/src/Rescue_Car_ws/install/composition_interfaces/lib:/root/ros_ws/src/Rescue_Car_ws/install/rcl_interfaces/lib:/root/ros_ws/src/Rescue_Car_ws/install/micro_ros_utilities/lib:/root/ros_ws/src/Rescue_Car_ws/install/micro_ros_agent/lib:/root/ros_ws/src/Rescue_Car_ws/install/micro_ros_msgs/lib:/root/ros_ws/src/Rescue_Car_ws/install/lifecycle_msgs/lib:/root/ros_ws/src/Rescue_Car_ws/install/complex_msgs/lib:/usr/lib/x86_64-linux-gnu/gazebo-11/plugins:/opt/ros/humble/opt/rviz_ogre_vendor/lib:/opt/ros/humble/lib/x86_64-linux-gnu:/opt/ros/humble/lib PYTHONPATH=/root/ros_ws/src/Rescue_Car_ws/build/sensor_msgs_py/prefix_override:/usr/lib/python3/dist-packages/colcon_core/task/python/colcon_distutils_commands:/root/ros_ws/src/Rescue_Car_ws/install/sensor_msgs_py/lib/python3.10/site-packages:${PYTHONPATH} /usr/bin/python3 -W ignore:setup.py install is deprecated -W ignore:easy_install command is deprecated setup.py egg_info --egg-base ../../../../../../build/sensor_msgs_py build --build-base /root/ros_ws/src/Rescue_Car_ws/build/sensor_msgs_py/build install --record /root/ros_ws/src/Rescue_Car_ws/build/sensor_msgs_py/install.log --single-version-externally-managed install_data
[5.127s] Level 1:colcon.colcon_core.environment:checking '/root/ros_ws/src/Rescue_Car_ws/install/sensor_msgs_py' for CMake module files
[5.127s] DEBUG:colcon.colcon_core.event_handler.log_command:Invoked command in '/root/ros_ws/src/Rescue_Car_ws/src/microros/src/ros2/common_interfaces/sensor_msgs_py' returned '0': CMAKE_PREFIX_PATH=/root/ros_ws/src/Rescue_Car_ws/install/sensor_msgs:/root/ros_ws/src/Rescue_Car_ws/install/geometry_msgs:/root/ros_ws/src/Rescue_Car_ws/install/std_msgs:/root/ros_ws/src/Rescue_Car_ws/install/builtin_interfaces:/root/ros_ws/src/Rescue_Car_ws/install/micro_ros_demos_rclc:/root/ros_ws/src/Rescue_Car_ws/install/common_interfaces:/root/ros_ws/src/Rescue_Car_ws/install/visualization_msgs:/root/ros_ws/src/Rescue_Car_ws/install/test_msgs:/root/ros_ws/src/Rescue_Car_ws/install/example_interfaces:/root/ros_ws/src/Rescue_Car_ws/install/action_msgs:/root/ros_ws/src/Rescue_Car_ws/install/unique_identifier_msgs:/root/ros_ws/src/Rescue_Car_ws/install/trajectory_msgs:/root/ros_ws/src/Rescue_Car_ws/install/stereo_msgs:/root/ros_ws/src/Rescue_Car_ws/install/std_srvs:/root/ros_ws/src/Rescue_Car_ws/install/shape_msgs:/root/ros_ws/src/Rescue_Car_ws/install/nav_msgs:/root/ros_ws/src/Rescue_Car_ws/install/diagnostic_msgs:/root/ros_ws/src/Rescue_Car_ws/install/actionlib_msgs:/root/ros_ws/src/Rescue_Car_ws/install/statistics_msgs:/root/ros_ws/src/Rescue_Car_ws/install/rosidl_typesupport_microxrcedds_test_msg:/root/ros_ws/src/Rescue_Car_ws/install/rosidl_typesupport_microxrcedds_cpp_tests:/root/ros_ws/src/Rescue_Car_ws/install/rmw_microxrcedds:/root/ros_ws/src/Rescue_Car_ws/install/rosidl_typesupport_microxrcedds_cpp:/root/ros_ws/src/Rescue_Car_ws/install/rosidl_typesupport_microxrcedds_c_tests:/root/ros_ws/src/Rescue_Car_ws/install/rosidl_typesupport_microxrcedds_c:/root/ros_ws/src/Rescue_Car_ws/install/rosgraph_msgs:/root/ros_ws/src/Rescue_Car_ws/install/rclc_parameter:/root/ros_ws/src/Rescue_Car_ws/install/rclc:/root/ros_ws/src/Rescue_Car_ws/install/composition_interfaces:/root/ros_ws/src/Rescue_Car_ws/install/rcl_interfaces:/root/ros_ws/src/Rescue_Car_ws/install/microxrcedds_client:/root/ros_ws/src/Rescue_Car_ws/install/microcdr:/root/ros_ws/src/Rescue_Car_ws/install/micro_ros_utilities:/root/ros_ws/src/Rescue_Car_ws/install/micro_ros_setup:/root/ros_ws/src/Rescue_Car_ws/install/micro_ros_agent:/root/ros_ws/src/Rescue_Car_ws/install/micro_ros_msgs:/root/ros_ws/src/Rescue_Car_ws/install/lifecycle_msgs:/root/ros_ws/src/Rescue_Car_ws/install/complex_msgs:/root/ros_ws/src/Rescue_Car_ws/install/car LD_LIBRARY_PATH=/root/ros_ws/src/Rescue_Car_ws/install/sensor_msgs/lib:/root/ros_ws/src/Rescue_Car_ws/install/geometry_msgs/lib:/root/ros_ws/src/Rescue_Car_ws/install/std_msgs/lib:/root/ros_ws/src/Rescue_Car_ws/install/builtin_interfaces/lib:/root/ros_ws/src/Rescue_Car_ws/install/visualization_msgs/lib:/root/ros_ws/src/Rescue_Car_ws/install/test_msgs/lib:/root/ros_ws/src/Rescue_Car_ws/install/example_interfaces/lib:/root/ros_ws/src/Rescue_Car_ws/install/action_msgs/lib:/root/ros_ws/src/Rescue_Car_ws/install/unique_identifier_msgs/lib:/root/ros_ws/src/Rescue_Car_ws/install/trajectory_msgs/lib:/root/ros_ws/src/Rescue_Car_ws/install/stereo_msgs/lib:/root/ros_ws/src/Rescue_Car_ws/install/std_srvs/lib:/root/ros_ws/src/Rescue_Car_ws/install/shape_msgs/lib:/root/ros_ws/src/Rescue_Car_ws/install/nav_msgs/lib:/root/ros_ws/src/Rescue_Car_ws/install/diagnostic_msgs/lib:/root/ros_ws/src/Rescue_Car_ws/install/actionlib_msgs/lib:/root/ros_ws/src/Rescue_Car_ws/install/statistics_msgs/lib:/root/ros_ws/src/Rescue_Car_ws/install/rosidl_typesupport_microxrcedds_test_msg/lib:/root/ros_ws/src/Rescue_Car_ws/install/rmw_microxrcedds/lib:/root/ros_ws/src/Rescue_Car_ws/install/rosidl_typesupport_microxrcedds_cpp/lib:/root/ros_ws/src/Rescue_Car_ws/install/rosidl_typesupport_microxrcedds_c/lib:/root/ros_ws/src/Rescue_Car_ws/install/rosgraph_msgs/lib:/root/ros_ws/src/Rescue_Car_ws/install/rclc_parameter/lib:/root/ros_ws/src/Rescue_Car_ws/install/rclc/lib:/root/ros_ws/src/Rescue_Car_ws/install/composition_interfaces/lib:/root/ros_ws/src/Rescue_Car_ws/install/rcl_interfaces/lib:/root/ros_ws/src/Rescue_Car_ws/install/micro_ros_utilities/lib:/root/ros_ws/src/Rescue_Car_ws/install/micro_ros_agent/lib:/root/ros_ws/src/Rescue_Car_ws/install/micro_ros_msgs/lib:/root/ros_ws/src/Rescue_Car_ws/install/lifecycle_msgs/lib:/root/ros_ws/src/Rescue_Car_ws/install/complex_msgs/lib:/usr/lib/x86_64-linux-gnu/gazebo-11/plugins:/opt/ros/humble/opt/rviz_ogre_vendor/lib:/opt/ros/humble/lib/x86_64-linux-gnu:/opt/ros/humble/lib PYTHONPATH=/root/ros_ws/src/Rescue_Car_ws/build/sensor_msgs_py/prefix_override:/usr/lib/python3/dist-packages/colcon_core/task/python/colcon_distutils_commands:/root/ros_ws/src/Rescue_Car_ws/install/sensor_msgs_py/lib/python3.10/site-packages:${PYTHONPATH} /usr/bin/python3 -W ignore:setup.py install is deprecated -W ignore:easy_install command is deprecated setup.py egg_info --egg-base ../../../../../../build/sensor_msgs_py build --build-base /root/ros_ws/src/Rescue_Car_ws/build/sensor_msgs_py/build install --record /root/ros_ws/src/Rescue_Car_ws/build/sensor_msgs_py/install.log --single-version-externally-managed install_data
[5.128s] Level 1:colcon.colcon_core.environment:checking '/root/ros_ws/src/Rescue_Car_ws/install/sensor_msgs_py' for CMake config files
[5.128s] Level 1:colcon.colcon_core.environment:checking '/root/ros_ws/src/Rescue_Car_ws/install/sensor_msgs_py/lib'
[5.128s] Level 1:colcon.colcon_core.environment:checking '/root/ros_ws/src/Rescue_Car_ws/install/sensor_msgs_py/bin'
[5.128s] Level 1:colcon.colcon_core.environment:checking '/root/ros_ws/src/Rescue_Car_ws/install/sensor_msgs_py/lib/pkgconfig/sensor_msgs_py.pc'
[5.128s] Level 1:colcon.colcon_core.environment:checking '/root/ros_ws/src/Rescue_Car_ws/install/sensor_msgs_py/lib/python3.10/site-packages'
[5.128s] Level 1:colcon.colcon_core.shell:create_environment_hook('sensor_msgs_py', 'pythonpath')
[5.129s] INFO:colcon.colcon_core.shell:Creating environment hook '/root/ros_ws/src/Rescue_Car_ws/install/sensor_msgs_py/share/sensor_msgs_py/hook/pythonpath.ps1'
[5.129s] INFO:colcon.colcon_core.shell:Creating environment descriptor '/root/ros_ws/src/Rescue_Car_ws/install/sensor_msgs_py/share/sensor_msgs_py/hook/pythonpath.dsv'
[5.129s] INFO:colcon.colcon_core.shell:Creating environment hook '/root/ros_ws/src/Rescue_Car_ws/install/sensor_msgs_py/share/sensor_msgs_py/hook/pythonpath.sh'
[5.130s] Level 1:colcon.colcon_core.environment:checking '/root/ros_ws/src/Rescue_Car_ws/install/sensor_msgs_py/bin'
[5.130s] Level 1:colcon.colcon_core.environment:create_environment_scripts_only(sensor_msgs_py)
[5.130s] INFO:colcon.colcon_core.shell:Creating package script '/root/ros_ws/src/Rescue_Car_ws/install/sensor_msgs_py/share/sensor_msgs_py/package.ps1'
[5.130s] INFO:colcon.colcon_core.shell:Creating package descriptor '/root/ros_ws/src/Rescue_Car_ws/install/sensor_msgs_py/share/sensor_msgs_py/package.dsv'
[5.131s] INFO:colcon.colcon_core.shell:Creating package script '/root/ros_ws/src/Rescue_Car_ws/install/sensor_msgs_py/share/sensor_msgs_py/package.sh'
[5.131s] INFO:colcon.colcon_core.shell:Creating package script '/root/ros_ws/src/Rescue_Car_ws/install/sensor_msgs_py/share/sensor_msgs_py/package.bash'
[5.131s] INFO:colcon.colcon_core.shell:Creating package script '/root/ros_ws/src/Rescue_Car_ws/install/sensor_msgs_py/share/sensor_msgs_py/package.zsh'
[5.131s] Level 1:colcon.colcon_core.environment:create_file_with_runtime_dependencies(/root/ros_ws/src/Rescue_Car_ws/install/sensor_msgs_py/share/colcon-core/packages/sensor_msgs_py)
[5.426s] DEBUG:colcon.colcon_core.event_handler.log_command:Invoking command in '/root/ros_ws/src/Rescue_Car_ws/build/common_interfaces': CMAKE_PREFIX_PATH=/root/ros_ws/src/Rescue_Car_ws/install/visualization_msgs:/root/ros_ws/src/Rescue_Car_ws/install/stereo_msgs:/root/ros_ws/src/Rescue_Car_ws/install/trajectory_msgs:/root/ros_ws/src/Rescue_Car_ws/install/shape_msgs:/root/ros_ws/src/Rescue_Car_ws/install/sensor_msgs:/root/ros_ws/src/Rescue_Car_ws/install/nav_msgs:/root/ros_ws/src/Rescue_Car_ws/install/diagnostic_msgs:/root/ros_ws/src/Rescue_Car_ws/install/geometry_msgs:/root/ros_ws/src/Rescue_Car_ws/install/actionlib_msgs:/root/ros_ws/src/Rescue_Car_ws/install/std_msgs:/root/ros_ws/src/Rescue_Car_ws/install/std_srvs:/root/ros_ws/src/Rescue_Car_ws/install/builtin_interfaces:/root/ros_ws/src/Rescue_Car_ws/install/micro_ros_demos_rclc:/root/ros_ws/src/Rescue_Car_ws/install/common_interfaces:/root/ros_ws/src/Rescue_Car_ws/install/test_msgs:/root/ros_ws/src/Rescue_Car_ws/install/example_interfaces:/root/ros_ws/src/Rescue_Car_ws/install/action_msgs:/root/ros_ws/src/Rescue_Car_ws/install/unique_identifier_msgs:/root/ros_ws/src/Rescue_Car_ws/install/statistics_msgs:/root/ros_ws/src/Rescue_Car_ws/install/rosidl_typesupport_microxrcedds_test_msg:/root/ros_ws/src/Rescue_Car_ws/install/rosidl_typesupport_microxrcedds_cpp_tests:/root/ros_ws/src/Rescue_Car_ws/install/rmw_microxrcedds:/root/ros_ws/src/Rescue_Car_ws/install/rosidl_typesupport_microxrcedds_cpp:/root/ros_ws/src/Rescue_Car_ws/install/rosidl_typesupport_microxrcedds_c_tests:/root/ros_ws/src/Rescue_Car_ws/install/rosidl_typesupport_microxrcedds_c:/root/ros_ws/src/Rescue_Car_ws/install/rosgraph_msgs:/root/ros_ws/src/Rescue_Car_ws/install/rclc_parameter:/root/ros_ws/src/Rescue_Car_ws/install/rclc:/root/ros_ws/src/Rescue_Car_ws/install/composition_interfaces:/root/ros_ws/src/Rescue_Car_ws/install/rcl_interfaces:/root/ros_ws/src/Rescue_Car_ws/install/microxrcedds_client:/root/ros_ws/src/Rescue_Car_ws/install/microcdr:/root/ros_ws/src/Rescue_Car_ws/install/micro_ros_utilities:/root/ros_ws/src/Rescue_Car_ws/install/micro_ros_setup:/root/ros_ws/src/Rescue_Car_ws/install/micro_ros_agent:/root/ros_ws/src/Rescue_Car_ws/install/micro_ros_msgs:/root/ros_ws/src/Rescue_Car_ws/install/lifecycle_msgs:/root/ros_ws/src/Rescue_Car_ws/install/complex_msgs:/root/ros_ws/src/Rescue_Car_ws/install/car:/root/ros_ws/src/Rescue_Car_ws/install/sensor_msgs_py:/opt/ros/humble LD_LIBRARY_PATH=/root/ros_ws/src/Rescue_Car_ws/install/visualization_msgs/lib:/root/ros_ws/src/Rescue_Car_ws/install/stereo_msgs/lib:/root/ros_ws/src/Rescue_Car_ws/install/trajectory_msgs/lib:/root/ros_ws/src/Rescue_Car_ws/install/shape_msgs/lib:/root/ros_ws/src/Rescue_Car_ws/install/sensor_msgs/lib:/root/ros_ws/src/Rescue_Car_ws/install/nav_msgs/lib:/root/ros_ws/src/Rescue_Car_ws/install/diagnostic_msgs/lib:/root/ros_ws/src/Rescue_Car_ws/install/geometry_msgs/lib:/root/ros_ws/src/Rescue_Car_ws/install/actionlib_msgs/lib:/root/ros_ws/src/Rescue_Car_ws/install/std_msgs/lib:/root/ros_ws/src/Rescue_Car_ws/install/std_srvs/lib:/root/ros_ws/src/Rescue_Car_ws/install/builtin_interfaces/lib:/root/ros_ws/src/Rescue_Car_ws/install/test_msgs/lib:/root/ros_ws/src/Rescue_Car_ws/install/example_interfaces/lib:/root/ros_ws/src/Rescue_Car_ws/install/action_msgs/lib:/root/ros_ws/src/Rescue_Car_ws/install/unique_identifier_msgs/lib:/root/ros_ws/src/Rescue_Car_ws/install/statistics_msgs/lib:/root/ros_ws/src/Rescue_Car_ws/install/rosidl_typesupport_microxrcedds_test_msg/lib:/root/ros_ws/src/Rescue_Car_ws/install/rmw_microxrcedds/lib:/root/ros_ws/src/Rescue_Car_ws/install/rosidl_typesupport_microxrcedds_cpp/lib:/root/ros_ws/src/Rescue_Car_ws/install/rosidl_typesupport_microxrcedds_c/lib:/root/ros_ws/src/Rescue_Car_ws/install/rosgraph_msgs/lib:/root/ros_ws/src/Rescue_Car_ws/install/rclc_parameter/lib:/root/ros_ws/src/Rescue_Car_ws/install/rclc/lib:/root/ros_ws/src/Rescue_Car_ws/install/composition_interfaces/lib:/root/ros_ws/src/Rescue_Car_ws/install/rcl_interfaces/lib:/root/ros_ws/src/Rescue_Car_ws/install/micro_ros_utilities/lib:/root/ros_ws/src/Rescue_Car_ws/install/micro_ros_agent/lib:/root/ros_ws/src/Rescue_Car_ws/install/micro_ros_msgs/lib:/root/ros_ws/src/Rescue_Car_ws/install/lifecycle_msgs/lib:/root/ros_ws/src/Rescue_Car_ws/install/complex_msgs/lib:/usr/lib/x86_64-linux-gnu/gazebo-11/plugins:/opt/ros/humble/opt/rviz_ogre_vendor/lib:/opt/ros/humble/lib/x86_64-linux-gnu:/opt/ros/humble/lib /usr/bin/cmake --build /root/ros_ws/src/Rescue_Car_ws/build/common_interfaces -- -j20 -l20
[5.463s] DEBUG:colcon.colcon_core.event_handler.log_command:Invoked command in '/root/ros_ws/src/Rescue_Car_ws/build/common_interfaces' returned '0': CMAKE_PREFIX_PATH=/root/ros_ws/src/Rescue_Car_ws/install/visualization_msgs:/root/ros_ws/src/Rescue_Car_ws/install/stereo_msgs:/root/ros_ws/src/Rescue_Car_ws/install/trajectory_msgs:/root/ros_ws/src/Rescue_Car_ws/install/shape_msgs:/root/ros_ws/src/Rescue_Car_ws/install/sensor_msgs:/root/ros_ws/src/Rescue_Car_ws/install/nav_msgs:/root/ros_ws/src/Rescue_Car_ws/install/diagnostic_msgs:/root/ros_ws/src/Rescue_Car_ws/install/geometry_msgs:/root/ros_ws/src/Rescue_Car_ws/install/actionlib_msgs:/root/ros_ws/src/Rescue_Car_ws/install/std_msgs:/root/ros_ws/src/Rescue_Car_ws/install/std_srvs:/root/ros_ws/src/Rescue_Car_ws/install/builtin_interfaces:/root/ros_ws/src/Rescue_Car_ws/install/micro_ros_demos_rclc:/root/ros_ws/src/Rescue_Car_ws/install/common_interfaces:/root/ros_ws/src/Rescue_Car_ws/install/test_msgs:/root/ros_ws/src/Rescue_Car_ws/install/example_interfaces:/root/ros_ws/src/Rescue_Car_ws/install/action_msgs:/root/ros_ws/src/Rescue_Car_ws/install/unique_identifier_msgs:/root/ros_ws/src/Rescue_Car_ws/install/statistics_msgs:/root/ros_ws/src/Rescue_Car_ws/install/rosidl_typesupport_microxrcedds_test_msg:/root/ros_ws/src/Rescue_Car_ws/install/rosidl_typesupport_microxrcedds_cpp_tests:/root/ros_ws/src/Rescue_Car_ws/install/rmw_microxrcedds:/root/ros_ws/src/Rescue_Car_ws/install/rosidl_typesupport_microxrcedds_cpp:/root/ros_ws/src/Rescue_Car_ws/install/rosidl_typesupport_microxrcedds_c_tests:/root/ros_ws/src/Rescue_Car_ws/install/rosidl_typesupport_microxrcedds_c:/root/ros_ws/src/Rescue_Car_ws/install/rosgraph_msgs:/root/ros_ws/src/Rescue_Car_ws/install/rclc_parameter:/root/ros_ws/src/Rescue_Car_ws/install/rclc:/root/ros_ws/src/Rescue_Car_ws/install/composition_interfaces:/root/ros_ws/src/Rescue_Car_ws/install/rcl_interfaces:/root/ros_ws/src/Rescue_Car_ws/install/microxrcedds_client:/root/ros_ws/src/Rescue_Car_ws/install/microcdr:/root/ros_ws/src/Rescue_Car_ws/install/micro_ros_utilities:/root/ros_ws/src/Rescue_Car_ws/install/micro_ros_setup:/root/ros_ws/src/Rescue_Car_ws/install/micro_ros_agent:/root/ros_ws/src/Rescue_Car_ws/install/micro_ros_msgs:/root/ros_ws/src/Rescue_Car_ws/install/lifecycle_msgs:/root/ros_ws/src/Rescue_Car_ws/install/complex_msgs:/root/ros_ws/src/Rescue_Car_ws/install/car:/root/ros_ws/src/Rescue_Car_ws/install/sensor_msgs_py:/opt/ros/humble LD_LIBRARY_PATH=/root/ros_ws/src/Rescue_Car_ws/install/visualization_msgs/lib:/root/ros_ws/src/Rescue_Car_ws/install/stereo_msgs/lib:/root/ros_ws/src/Rescue_Car_ws/install/trajectory_msgs/lib:/root/ros_ws/src/Rescue_Car_ws/install/shape_msgs/lib:/root/ros_ws/src/Rescue_Car_ws/install/sensor_msgs/lib:/root/ros_ws/src/Rescue_Car_ws/install/nav_msgs/lib:/root/ros_ws/src/Rescue_Car_ws/install/diagnostic_msgs/lib:/root/ros_ws/src/Rescue_Car_ws/install/geometry_msgs/lib:/root/ros_ws/src/Rescue_Car_ws/install/actionlib_msgs/lib:/root/ros_ws/src/Rescue_Car_ws/install/std_msgs/lib:/root/ros_ws/src/Rescue_Car_ws/install/std_srvs/lib:/root/ros_ws/src/Rescue_Car_ws/install/builtin_interfaces/lib:/root/ros_ws/src/Rescue_Car_ws/install/test_msgs/lib:/root/ros_ws/src/Rescue_Car_ws/install/example_interfaces/lib:/root/ros_ws/src/Rescue_Car_ws/install/action_msgs/lib:/root/ros_ws/src/Rescue_Car_ws/install/unique_identifier_msgs/lib:/root/ros_ws/src/Rescue_Car_ws/install/statistics_msgs/lib:/root/ros_ws/src/Rescue_Car_ws/install/rosidl_typesupport_microxrcedds_test_msg/lib:/root/ros_ws/src/Rescue_Car_ws/install/rmw_microxrcedds/lib:/root/ros_ws/src/Rescue_Car_ws/install/rosidl_typesupport_microxrcedds_cpp/lib:/root/ros_ws/src/Rescue_Car_ws/install/rosidl_typesupport_microxrcedds_c/lib:/root/ros_ws/src/Rescue_Car_ws/install/rosgraph_msgs/lib:/root/ros_ws/src/Rescue_Car_ws/install/rclc_parameter/lib:/root/ros_ws/src/Rescue_Car_ws/install/rclc/lib:/root/ros_ws/src/Rescue_Car_ws/install/composition_interfaces/lib:/root/ros_ws/src/Rescue_Car_ws/install/rcl_interfaces/lib:/root/ros_ws/src/Rescue_Car_ws/install/micro_ros_utilities/lib:/root/ros_ws/src/Rescue_Car_ws/install/micro_ros_agent/lib:/root/ros_ws/src/Rescue_Car_ws/install/micro_ros_msgs/lib:/root/ros_ws/src/Rescue_Car_ws/install/lifecycle_msgs/lib:/root/ros_ws/src/Rescue_Car_ws/install/complex_msgs/lib:/usr/lib/x86_64-linux-gnu/gazebo-11/plugins:/opt/ros/humble/opt/rviz_ogre_vendor/lib:/opt/ros/humble/lib/x86_64-linux-gnu:/opt/ros/humble/lib /usr/bin/cmake --build /root/ros_ws/src/Rescue_Car_ws/build/common_interfaces -- -j20 -l20
[5.465s] DEBUG:colcon.colcon_core.event_handler.log_command:Invoking command in '/root/ros_ws/src/Rescue_Car_ws/build/common_interfaces': CMAKE_PREFIX_PATH=/root/ros_ws/src/Rescue_Car_ws/install/visualization_msgs:/root/ros_ws/src/Rescue_Car_ws/install/stereo_msgs:/root/ros_ws/src/Rescue_Car_ws/install/trajectory_msgs:/root/ros_ws/src/Rescue_Car_ws/install/shape_msgs:/root/ros_ws/src/Rescue_Car_ws/install/sensor_msgs:/root/ros_ws/src/Rescue_Car_ws/install/nav_msgs:/root/ros_ws/src/Rescue_Car_ws/install/diagnostic_msgs:/root/ros_ws/src/Rescue_Car_ws/install/geometry_msgs:/root/ros_ws/src/Rescue_Car_ws/install/actionlib_msgs:/root/ros_ws/src/Rescue_Car_ws/install/std_msgs:/root/ros_ws/src/Rescue_Car_ws/install/std_srvs:/root/ros_ws/src/Rescue_Car_ws/install/builtin_interfaces:/root/ros_ws/src/Rescue_Car_ws/install/micro_ros_demos_rclc:/root/ros_ws/src/Rescue_Car_ws/install/common_interfaces:/root/ros_ws/src/Rescue_Car_ws/install/test_msgs:/root/ros_ws/src/Rescue_Car_ws/install/example_interfaces:/root/ros_ws/src/Rescue_Car_ws/install/action_msgs:/root/ros_ws/src/Rescue_Car_ws/install/unique_identifier_msgs:/root/ros_ws/src/Rescue_Car_ws/install/statistics_msgs:/root/ros_ws/src/Rescue_Car_ws/install/rosidl_typesupport_microxrcedds_test_msg:/root/ros_ws/src/Rescue_Car_ws/install/rosidl_typesupport_microxrcedds_cpp_tests:/root/ros_ws/src/Rescue_Car_ws/install/rmw_microxrcedds:/root/ros_ws/src/Rescue_Car_ws/install/rosidl_typesupport_microxrcedds_cpp:/root/ros_ws/src/Rescue_Car_ws/install/rosidl_typesupport_microxrcedds_c_tests:/root/ros_ws/src/Rescue_Car_ws/install/rosidl_typesupport_microxrcedds_c:/root/ros_ws/src/Rescue_Car_ws/install/rosgraph_msgs:/root/ros_ws/src/Rescue_Car_ws/install/rclc_parameter:/root/ros_ws/src/Rescue_Car_ws/install/rclc:/root/ros_ws/src/Rescue_Car_ws/install/composition_interfaces:/root/ros_ws/src/Rescue_Car_ws/install/rcl_interfaces:/root/ros_ws/src/Rescue_Car_ws/install/microxrcedds_client:/root/ros_ws/src/Rescue_Car_ws/install/microcdr:/root/ros_ws/src/Rescue_Car_ws/install/micro_ros_utilities:/root/ros_ws/src/Rescue_Car_ws/install/micro_ros_setup:/root/ros_ws/src/Rescue_Car_ws/install/micro_ros_agent:/root/ros_ws/src/Rescue_Car_ws/install/micro_ros_msgs:/root/ros_ws/src/Rescue_Car_ws/install/lifecycle_msgs:/root/ros_ws/src/Rescue_Car_ws/install/complex_msgs:/root/ros_ws/src/Rescue_Car_ws/install/car:/root/ros_ws/src/Rescue_Car_ws/install/sensor_msgs_py:/opt/ros/humble LD_LIBRARY_PATH=/root/ros_ws/src/Rescue_Car_ws/install/visualization_msgs/lib:/root/ros_ws/src/Rescue_Car_ws/install/stereo_msgs/lib:/root/ros_ws/src/Rescue_Car_ws/install/trajectory_msgs/lib:/root/ros_ws/src/Rescue_Car_ws/install/shape_msgs/lib:/root/ros_ws/src/Rescue_Car_ws/install/sensor_msgs/lib:/root/ros_ws/src/Rescue_Car_ws/install/nav_msgs/lib:/root/ros_ws/src/Rescue_Car_ws/install/diagnostic_msgs/lib:/root/ros_ws/src/Rescue_Car_ws/install/geometry_msgs/lib:/root/ros_ws/src/Rescue_Car_ws/install/actionlib_msgs/lib:/root/ros_ws/src/Rescue_Car_ws/install/std_msgs/lib:/root/ros_ws/src/Rescue_Car_ws/install/std_srvs/lib:/root/ros_ws/src/Rescue_Car_ws/install/builtin_interfaces/lib:/root/ros_ws/src/Rescue_Car_ws/install/test_msgs/lib:/root/ros_ws/src/Rescue_Car_ws/install/example_interfaces/lib:/root/ros_ws/src/Rescue_Car_ws/install/action_msgs/lib:/root/ros_ws/src/Rescue_Car_ws/install/unique_identifier_msgs/lib:/root/ros_ws/src/Rescue_Car_ws/install/statistics_msgs/lib:/root/ros_ws/src/Rescue_Car_ws/install/rosidl_typesupport_microxrcedds_test_msg/lib:/root/ros_ws/src/Rescue_Car_ws/install/rmw_microxrcedds/lib:/root/ros_ws/src/Rescue_Car_ws/install/rosidl_typesupport_microxrcedds_cpp/lib:/root/ros_ws/src/Rescue_Car_ws/install/rosidl_typesupport_microxrcedds_c/lib:/root/ros_ws/src/Rescue_Car_ws/install/rosgraph_msgs/lib:/root/ros_ws/src/Rescue_Car_ws/install/rclc_parameter/lib:/root/ros_ws/src/Rescue_Car_ws/install/rclc/lib:/root/ros_ws/src/Rescue_Car_ws/install/composition_interfaces/lib:/root/ros_ws/src/Rescue_Car_ws/install/rcl_interfaces/lib:/root/ros_ws/src/Rescue_Car_ws/install/micro_ros_utilities/lib:/root/ros_ws/src/Rescue_Car_ws/install/micro_ros_agent/lib:/root/ros_ws/src/Rescue_Car_ws/install/micro_ros_msgs/lib:/root/ros_ws/src/Rescue_Car_ws/install/lifecycle_msgs/lib:/root/ros_ws/src/Rescue_Car_ws/install/complex_msgs/lib:/usr/lib/x86_64-linux-gnu/gazebo-11/plugins:/opt/ros/humble/opt/rviz_ogre_vendor/lib:/opt/ros/humble/lib/x86_64-linux-gnu:/opt/ros/humble/lib /usr/bin/cmake --install /root/ros_ws/src/Rescue_Car_ws/build/common_interfaces
[5.474s] Level 1:colcon.colcon_core.environment:create_environment_scripts_only(common_interfaces)
[5.474s] Level 1:colcon.colcon_core.environment:checking '/root/ros_ws/src/Rescue_Car_ws/install/common_interfaces' for CMake module files
[5.475s] DEBUG:colcon.colcon_core.event_handler.log_command:Invoked command in '/root/ros_ws/src/Rescue_Car_ws/build/common_interfaces' returned '0': CMAKE_PREFIX_PATH=/root/ros_ws/src/Rescue_Car_ws/install/visualization_msgs:/root/ros_ws/src/Rescue_Car_ws/install/stereo_msgs:/root/ros_ws/src/Rescue_Car_ws/install/trajectory_msgs:/root/ros_ws/src/Rescue_Car_ws/install/shape_msgs:/root/ros_ws/src/Rescue_Car_ws/install/sensor_msgs:/root/ros_ws/src/Rescue_Car_ws/install/nav_msgs:/root/ros_ws/src/Rescue_Car_ws/install/diagnostic_msgs:/root/ros_ws/src/Rescue_Car_ws/install/geometry_msgs:/root/ros_ws/src/Rescue_Car_ws/install/actionlib_msgs:/root/ros_ws/src/Rescue_Car_ws/install/std_msgs:/root/ros_ws/src/Rescue_Car_ws/install/std_srvs:/root/ros_ws/src/Rescue_Car_ws/install/builtin_interfaces:/root/ros_ws/src/Rescue_Car_ws/install/micro_ros_demos_rclc:/root/ros_ws/src/Rescue_Car_ws/install/common_interfaces:/root/ros_ws/src/Rescue_Car_ws/install/test_msgs:/root/ros_ws/src/Rescue_Car_ws/install/example_interfaces:/root/ros_ws/src/Rescue_Car_ws/install/action_msgs:/root/ros_ws/src/Rescue_Car_ws/install/unique_identifier_msgs:/root/ros_ws/src/Rescue_Car_ws/install/statistics_msgs:/root/ros_ws/src/Rescue_Car_ws/install/rosidl_typesupport_microxrcedds_test_msg:/root/ros_ws/src/Rescue_Car_ws/install/rosidl_typesupport_microxrcedds_cpp_tests:/root/ros_ws/src/Rescue_Car_ws/install/rmw_microxrcedds:/root/ros_ws/src/Rescue_Car_ws/install/rosidl_typesupport_microxrcedds_cpp:/root/ros_ws/src/Rescue_Car_ws/install/rosidl_typesupport_microxrcedds_c_tests:/root/ros_ws/src/Rescue_Car_ws/install/rosidl_typesupport_microxrcedds_c:/root/ros_ws/src/Rescue_Car_ws/install/rosgraph_msgs:/root/ros_ws/src/Rescue_Car_ws/install/rclc_parameter:/root/ros_ws/src/Rescue_Car_ws/install/rclc:/root/ros_ws/src/Rescue_Car_ws/install/composition_interfaces:/root/ros_ws/src/Rescue_Car_ws/install/rcl_interfaces:/root/ros_ws/src/Rescue_Car_ws/install/microxrcedds_client:/root/ros_ws/src/Rescue_Car_ws/install/microcdr:/root/ros_ws/src/Rescue_Car_ws/install/micro_ros_utilities:/root/ros_ws/src/Rescue_Car_ws/install/micro_ros_setup:/root/ros_ws/src/Rescue_Car_ws/install/micro_ros_agent:/root/ros_ws/src/Rescue_Car_ws/install/micro_ros_msgs:/root/ros_ws/src/Rescue_Car_ws/install/lifecycle_msgs:/root/ros_ws/src/Rescue_Car_ws/install/complex_msgs:/root/ros_ws/src/Rescue_Car_ws/install/car:/root/ros_ws/src/Rescue_Car_ws/install/sensor_msgs_py:/opt/ros/humble LD_LIBRARY_PATH=/root/ros_ws/src/Rescue_Car_ws/install/visualization_msgs/lib:/root/ros_ws/src/Rescue_Car_ws/install/stereo_msgs/lib:/root/ros_ws/src/Rescue_Car_ws/install/trajectory_msgs/lib:/root/ros_ws/src/Rescue_Car_ws/install/shape_msgs/lib:/root/ros_ws/src/Rescue_Car_ws/install/sensor_msgs/lib:/root/ros_ws/src/Rescue_Car_ws/install/nav_msgs/lib:/root/ros_ws/src/Rescue_Car_ws/install/diagnostic_msgs/lib:/root/ros_ws/src/Rescue_Car_ws/install/geometry_msgs/lib:/root/ros_ws/src/Rescue_Car_ws/install/actionlib_msgs/lib:/root/ros_ws/src/Rescue_Car_ws/install/std_msgs/lib:/root/ros_ws/src/Rescue_Car_ws/install/std_srvs/lib:/root/ros_ws/src/Rescue_Car_ws/install/builtin_interfaces/lib:/root/ros_ws/src/Rescue_Car_ws/install/test_msgs/lib:/root/ros_ws/src/Rescue_Car_ws/install/example_interfaces/lib:/root/ros_ws/src/Rescue_Car_ws/install/action_msgs/lib:/root/ros_ws/src/Rescue_Car_ws/install/unique_identifier_msgs/lib:/root/ros_ws/src/Rescue_Car_ws/install/statistics_msgs/lib:/root/ros_ws/src/Rescue_Car_ws/install/rosidl_typesupport_microxrcedds_test_msg/lib:/root/ros_ws/src/Rescue_Car_ws/install/rmw_microxrcedds/lib:/root/ros_ws/src/Rescue_Car_ws/install/rosidl_typesupport_microxrcedds_cpp/lib:/root/ros_ws/src/Rescue_Car_ws/install/rosidl_typesupport_microxrcedds_c/lib:/root/ros_ws/src/Rescue_Car_ws/install/rosgraph_msgs/lib:/root/ros_ws/src/Rescue_Car_ws/install/rclc_parameter/lib:/root/ros_ws/src/Rescue_Car_ws/install/rclc/lib:/root/ros_ws/src/Rescue_Car_ws/install/composition_interfaces/lib:/root/ros_ws/src/Rescue_Car_ws/install/rcl_interfaces/lib:/root/ros_ws/src/Rescue_Car_ws/install/micro_ros_utilities/lib:/root/ros_ws/src/Rescue_Car_ws/install/micro_ros_agent/lib:/root/ros_ws/src/Rescue_Car_ws/install/micro_ros_msgs/lib:/root/ros_ws/src/Rescue_Car_ws/install/lifecycle_msgs/lib:/root/ros_ws/src/Rescue_Car_ws/install/complex_msgs/lib:/usr/lib/x86_64-linux-gnu/gazebo-11/plugins:/opt/ros/humble/opt/rviz_ogre_vendor/lib:/opt/ros/humble/lib/x86_64-linux-gnu:/opt/ros/humble/lib /usr/bin/cmake --install /root/ros_ws/src/Rescue_Car_ws/build/common_interfaces
[5.475s] Level 1:colcon.colcon_core.environment:checking '/root/ros_ws/src/Rescue_Car_ws/install/common_interfaces' for CMake config files
[5.475s] Level 1:colcon.colcon_core.shell:create_environment_hook('common_interfaces', 'cmake_prefix_path')
[5.475s] INFO:colcon.colcon_core.shell:Creating environment hook '/root/ros_ws/src/Rescue_Car_ws/install/common_interfaces/share/common_interfaces/hook/cmake_prefix_path.ps1'
[5.476s] INFO:colcon.colcon_core.shell:Creating environment descriptor '/root/ros_ws/src/Rescue_Car_ws/install/common_interfaces/share/common_interfaces/hook/cmake_prefix_path.dsv'
[5.476s] INFO:colcon.colcon_core.shell:Creating environment hook '/root/ros_ws/src/Rescue_Car_ws/install/common_interfaces/share/common_interfaces/hook/cmake_prefix_path.sh'
[5.476s] Level 1:colcon.colcon_core.environment:checking '/root/ros_ws/src/Rescue_Car_ws/install/common_interfaces/bin'
[5.476s] Level 1:colcon.colcon_core.environment:checking '/root/ros_ws/src/Rescue_Car_ws/install/common_interfaces/lib/pkgconfig/common_interfaces.pc'
[5.477s] Level 1:colcon.colcon_core.environment:checking '/root/ros_ws/src/Rescue_Car_ws/install/common_interfaces/lib/python3.10/site-packages'
[5.477s] Level 1:colcon.colcon_core.environment:checking '/root/ros_ws/src/Rescue_Car_ws/install/common_interfaces/bin'
[5.477s] INFO:colcon.colcon_core.shell:Creating package script '/root/ros_ws/src/Rescue_Car_ws/install/common_interfaces/share/common_interfaces/package.ps1'
[5.477s] INFO:colcon.colcon_core.shell:Creating package descriptor '/root/ros_ws/src/Rescue_Car_ws/install/common_interfaces/share/common_interfaces/package.dsv'
[5.478s] INFO:colcon.colcon_core.shell:Creating package script '/root/ros_ws/src/Rescue_Car_ws/install/common_interfaces/share/common_interfaces/package.sh'
[5.478s] INFO:colcon.colcon_core.shell:Creating package script '/root/ros_ws/src/Rescue_Car_ws/install/common_interfaces/share/common_interfaces/package.bash'
[5.478s] INFO:colcon.colcon_core.shell:Creating package script '/root/ros_ws/src/Rescue_Car_ws/install/common_interfaces/share/common_interfaces/package.zsh'
[5.478s] Level 1:colcon.colcon_core.environment:create_file_with_runtime_dependencies(/root/ros_ws/src/Rescue_Car_ws/install/common_interfaces/share/colcon-core/packages/common_interfaces)
[5.479s] Level 1:colcon.colcon_core.environment:create_environment_scripts_only(common_interfaces)
[5.479s] Level 1:colcon.colcon_core.environment:checking '/root/ros_ws/src/Rescue_Car_ws/install/common_interfaces' for CMake module files
[5.479s] Level 1:colcon.colcon_core.environment:checking '/root/ros_ws/src/Rescue_Car_ws/install/common_interfaces' for CMake config files
[5.479s] Level 1:colcon.colcon_core.shell:create_environment_hook('common_interfaces', 'cmake_prefix_path')
[5.480s] INFO:colcon.colcon_core.shell:Creating environment hook '/root/ros_ws/src/Rescue_Car_ws/install/common_interfaces/share/common_interfaces/hook/cmake_prefix_path.ps1'
[5.480s] INFO:colcon.colcon_core.shell:Creating environment descriptor '/root/ros_ws/src/Rescue_Car_ws/install/common_interfaces/share/common_interfaces/hook/cmake_prefix_path.dsv'
[5.480s] INFO:colcon.colcon_core.shell:Creating environment hook '/root/ros_ws/src/Rescue_Car_ws/install/common_interfaces/share/common_interfaces/hook/cmake_prefix_path.sh'
[5.481s] Level 1:colcon.colcon_core.environment:checking '/root/ros_ws/src/Rescue_Car_ws/install/common_interfaces/bin'
[5.481s] Level 1:colcon.colcon_core.environment:checking '/root/ros_ws/src/Rescue_Car_ws/install/common_interfaces/lib/pkgconfig/common_interfaces.pc'
[5.481s] Level 1:colcon.colcon_core.environment:checking '/root/ros_ws/src/Rescue_Car_ws/install/common_interfaces/lib/python3.10/site-packages'
[5.481s] Level 1:colcon.colcon_core.environment:checking '/root/ros_ws/src/Rescue_Car_ws/install/common_interfaces/bin'
[5.481s] INFO:colcon.colcon_core.shell:Creating package script '/root/ros_ws/src/Rescue_Car_ws/install/common_interfaces/share/common_interfaces/package.ps1'
[5.482s] INFO:colcon.colcon_core.shell:Creating package descriptor '/root/ros_ws/src/Rescue_Car_ws/install/common_interfaces/share/common_interfaces/package.dsv'
[5.482s] INFO:colcon.colcon_core.shell:Creating package script '/root/ros_ws/src/Rescue_Car_ws/install/common_interfaces/share/common_interfaces/package.sh'
[5.482s] INFO:colcon.colcon_core.shell:Creating package script '/root/ros_ws/src/Rescue_Car_ws/install/common_interfaces/share/common_interfaces/package.bash'
[5.482s] INFO:colcon.colcon_core.shell:Creating package script '/root/ros_ws/src/Rescue_Car_ws/install/common_interfaces/share/common_interfaces/package.zsh'
[5.483s] Level 1:colcon.colcon_core.environment:create_file_with_runtime_dependencies(/root/ros_ws/src/Rescue_Car_ws/install/common_interfaces/share/colcon-core/packages/common_interfaces)
[5.978s] DEBUG:colcon.colcon_core.event_handler.log_command:Invoking command in '/root/ros_ws/src/Rescue_Car_ws/build/micro_ros_demos_rclc': CMAKE_PREFIX_PATH=/root/ros_ws/src/Rescue_Car_ws/install/visualization_msgs:/root/ros_ws/src/Rescue_Car_ws/install/rclc_parameter:/root/ros_ws/src/Rescue_Car_ws/install/sensor_msgs:/root/ros_ws/src/Rescue_Car_ws/install/rmw_microxrcedds:/root/ros_ws/src/Rescue_Car_ws/install/rclc:/root/ros_ws/src/Rescue_Car_ws/install/test_msgs:/root/ros_ws/src/Rescue_Car_ws/install/rosidl_typesupport_microxrcedds_cpp:/root/ros_ws/src/Rescue_Car_ws/install/geometry_msgs:/root/ros_ws/src/Rescue_Car_ws/install/example_interfaces:/root/ros_ws/src/Rescue_Car_ws/install/std_msgs:/root/ros_ws/src/Rescue_Car_ws/install/rosidl_typesupport_microxrcedds_c:/root/ros_ws/src/Rescue_Car_ws/install/rcl_interfaces:/root/ros_ws/src/Rescue_Car_ws/install/microxrcedds_client:/root/ros_ws/src/Rescue_Car_ws/install/complex_msgs:/root/ros_ws/src/Rescue_Car_ws/install/action_msgs:/root/ros_ws/src/Rescue_Car_ws/install/unique_identifier_msgs:/root/ros_ws/src/Rescue_Car_ws/install/microcdr:/root/ros_ws/src/Rescue_Car_ws/install/micro_ros_utilities:/root/ros_ws/src/Rescue_Car_ws/install/micro_ros_msgs:/root/ros_ws/src/Rescue_Car_ws/install/builtin_interfaces:/root/ros_ws/src/Rescue_Car_ws/install/micro_ros_demos_rclc:/root/ros_ws/src/Rescue_Car_ws/install/common_interfaces:/root/ros_ws/src/Rescue_Car_ws/install/trajectory_msgs:/root/ros_ws/src/Rescue_Car_ws/install/stereo_msgs:/root/ros_ws/src/Rescue_Car_ws/install/std_srvs:/root/ros_ws/src/Rescue_Car_ws/install/shape_msgs:/root/ros_ws/src/Rescue_Car_ws/install/nav_msgs:/root/ros_ws/src/Rescue_Car_ws/install/diagnostic_msgs:/root/ros_ws/src/Rescue_Car_ws/install/actionlib_msgs:/root/ros_ws/src/Rescue_Car_ws/install/statistics_msgs:/root/ros_ws/src/Rescue_Car_ws/install/rosidl_typesupport_microxrcedds_test_msg:/root/ros_ws/src/Rescue_Car_ws/install/rosidl_typesupport_microxrcedds_cpp_tests:/root/ros_ws/src/Rescue_Car_ws/install/rosidl_typesupport_microxrcedds_c_tests:/root/ros_ws/src/Rescue_Car_ws/install/rosgraph_msgs:/root/ros_ws/src/Rescue_Car_ws/install/composition_interfaces:/root/ros_ws/src/Rescue_Car_ws/install/micro_ros_setup:/root/ros_ws/src/Rescue_Car_ws/install/micro_ros_agent:/root/ros_ws/src/Rescue_Car_ws/install/lifecycle_msgs:/root/ros_ws/src/Rescue_Car_ws/install/car:/root/ros_ws/src/Rescue_Car_ws/install/sensor_msgs_py:/opt/ros/humble LD_LIBRARY_PATH=/root/ros_ws/src/Rescue_Car_ws/install/visualization_msgs/lib:/root/ros_ws/src/Rescue_Car_ws/install/sensor_msgs/lib:/root/ros_ws/src/Rescue_Car_ws/install/rmw_microxrcedds/lib:/root/ros_ws/src/Rescue_Car_ws/install/rclc/lib:/root/ros_ws/src/Rescue_Car_ws/install/test_msgs/lib:/root/ros_ws/src/Rescue_Car_ws/install/geometry_msgs/lib:/root/ros_ws/src/Rescue_Car_ws/install/example_interfaces/lib:/root/ros_ws/src/Rescue_Car_ws/install/std_msgs/lib:/root/ros_ws/src/Rescue_Car_ws/install/rcl_interfaces/lib:/root/ros_ws/src/Rescue_Car_ws/install/complex_msgs/lib:/root/ros_ws/src/Rescue_Car_ws/install/action_msgs/lib:/root/ros_ws/src/Rescue_Car_ws/install/unique_identifier_msgs/lib:/root/ros_ws/src/Rescue_Car_ws/install/micro_ros_msgs/lib:/root/ros_ws/src/Rescue_Car_ws/install/builtin_interfaces/lib:/root/ros_ws/src/Rescue_Car_ws/install/trajectory_msgs/lib:/root/ros_ws/src/Rescue_Car_ws/install/stereo_msgs/lib:/root/ros_ws/src/Rescue_Car_ws/install/std_srvs/lib:/root/ros_ws/src/Rescue_Car_ws/install/shape_msgs/lib:/root/ros_ws/src/Rescue_Car_ws/install/nav_msgs/lib:/root/ros_ws/src/Rescue_Car_ws/install/diagnostic_msgs/lib:/root/ros_ws/src/Rescue_Car_ws/install/actionlib_msgs/lib:/root/ros_ws/src/Rescue_Car_ws/install/statistics_msgs/lib:/root/ros_ws/src/Rescue_Car_ws/install/rosidl_typesupport_microxrcedds_test_msg/lib:/root/ros_ws/src/Rescue_Car_ws/install/rosidl_typesupport_microxrcedds_cpp/lib:/root/ros_ws/src/Rescue_Car_ws/install/rosidl_typesupport_microxrcedds_c/lib:/root/ros_ws/src/Rescue_Car_ws/install/rosgraph_msgs/lib:/root/ros_ws/src/Rescue_Car_ws/install/rclc_parameter/lib:/root/ros_ws/src/Rescue_Car_ws/install/composition_interfaces/lib:/root/ros_ws/src/Rescue_Car_ws/install/micro_ros_utilities/lib:/root/ros_ws/src/Rescue_Car_ws/install/micro_ros_agent/lib:/root/ros_ws/src/Rescue_Car_ws/install/lifecycle_msgs/lib:/usr/lib/x86_64-linux-gnu/gazebo-11/plugins:/opt/ros/humble/opt/rviz_ogre_vendor/lib:/opt/ros/humble/lib/x86_64-linux-gnu:/opt/ros/humble/lib /usr/bin/cmake --build /root/ros_ws/src/Rescue_Car_ws/build/micro_ros_demos_rclc -- -j20 -l20
[6.638s] DEBUG:colcon.colcon_core.event_handler.log_command:Invoked command in '/root/ros_ws/src/Rescue_Car_ws/build/micro_ros_demos_rclc' returned '0': CMAKE_PREFIX_PATH=/root/ros_ws/src/Rescue_Car_ws/install/visualization_msgs:/root/ros_ws/src/Rescue_Car_ws/install/rclc_parameter:/root/ros_ws/src/Rescue_Car_ws/install/sensor_msgs:/root/ros_ws/src/Rescue_Car_ws/install/rmw_microxrcedds:/root/ros_ws/src/Rescue_Car_ws/install/rclc:/root/ros_ws/src/Rescue_Car_ws/install/test_msgs:/root/ros_ws/src/Rescue_Car_ws/install/rosidl_typesupport_microxrcedds_cpp:/root/ros_ws/src/Rescue_Car_ws/install/geometry_msgs:/root/ros_ws/src/Rescue_Car_ws/install/example_interfaces:/root/ros_ws/src/Rescue_Car_ws/install/std_msgs:/root/ros_ws/src/Rescue_Car_ws/install/rosidl_typesupport_microxrcedds_c:/root/ros_ws/src/Rescue_Car_ws/install/rcl_interfaces:/root/ros_ws/src/Rescue_Car_ws/install/microxrcedds_client:/root/ros_ws/src/Rescue_Car_ws/install/complex_msgs:/root/ros_ws/src/Rescue_Car_ws/install/action_msgs:/root/ros_ws/src/Rescue_Car_ws/install/unique_identifier_msgs:/root/ros_ws/src/Rescue_Car_ws/install/microcdr:/root/ros_ws/src/Rescue_Car_ws/install/micro_ros_utilities:/root/ros_ws/src/Rescue_Car_ws/install/micro_ros_msgs:/root/ros_ws/src/Rescue_Car_ws/install/builtin_interfaces:/root/ros_ws/src/Rescue_Car_ws/install/micro_ros_demos_rclc:/root/ros_ws/src/Rescue_Car_ws/install/common_interfaces:/root/ros_ws/src/Rescue_Car_ws/install/trajectory_msgs:/root/ros_ws/src/Rescue_Car_ws/install/stereo_msgs:/root/ros_ws/src/Rescue_Car_ws/install/std_srvs:/root/ros_ws/src/Rescue_Car_ws/install/shape_msgs:/root/ros_ws/src/Rescue_Car_ws/install/nav_msgs:/root/ros_ws/src/Rescue_Car_ws/install/diagnostic_msgs:/root/ros_ws/src/Rescue_Car_ws/install/actionlib_msgs:/root/ros_ws/src/Rescue_Car_ws/install/statistics_msgs:/root/ros_ws/src/Rescue_Car_ws/install/rosidl_typesupport_microxrcedds_test_msg:/root/ros_ws/src/Rescue_Car_ws/install/rosidl_typesupport_microxrcedds_cpp_tests:/root/ros_ws/src/Rescue_Car_ws/install/rosidl_typesupport_microxrcedds_c_tests:/root/ros_ws/src/Rescue_Car_ws/install/rosgraph_msgs:/root/ros_ws/src/Rescue_Car_ws/install/composition_interfaces:/root/ros_ws/src/Rescue_Car_ws/install/micro_ros_setup:/root/ros_ws/src/Rescue_Car_ws/install/micro_ros_agent:/root/ros_ws/src/Rescue_Car_ws/install/lifecycle_msgs:/root/ros_ws/src/Rescue_Car_ws/install/car:/root/ros_ws/src/Rescue_Car_ws/install/sensor_msgs_py:/opt/ros/humble LD_LIBRARY_PATH=/root/ros_ws/src/Rescue_Car_ws/install/visualization_msgs/lib:/root/ros_ws/src/Rescue_Car_ws/install/sensor_msgs/lib:/root/ros_ws/src/Rescue_Car_ws/install/rmw_microxrcedds/lib:/root/ros_ws/src/Rescue_Car_ws/install/rclc/lib:/root/ros_ws/src/Rescue_Car_ws/install/test_msgs/lib:/root/ros_ws/src/Rescue_Car_ws/install/geometry_msgs/lib:/root/ros_ws/src/Rescue_Car_ws/install/example_interfaces/lib:/root/ros_ws/src/Rescue_Car_ws/install/std_msgs/lib:/root/ros_ws/src/Rescue_Car_ws/install/rcl_interfaces/lib:/root/ros_ws/src/Rescue_Car_ws/install/complex_msgs/lib:/root/ros_ws/src/Rescue_Car_ws/install/action_msgs/lib:/root/ros_ws/src/Rescue_Car_ws/install/unique_identifier_msgs/lib:/root/ros_ws/src/Rescue_Car_ws/install/micro_ros_msgs/lib:/root/ros_ws/src/Rescue_Car_ws/install/builtin_interfaces/lib:/root/ros_ws/src/Rescue_Car_ws/install/trajectory_msgs/lib:/root/ros_ws/src/Rescue_Car_ws/install/stereo_msgs/lib:/root/ros_ws/src/Rescue_Car_ws/install/std_srvs/lib:/root/ros_ws/src/Rescue_Car_ws/install/shape_msgs/lib:/root/ros_ws/src/Rescue_Car_ws/install/nav_msgs/lib:/root/ros_ws/src/Rescue_Car_ws/install/diagnostic_msgs/lib:/root/ros_ws/src/Rescue_Car_ws/install/actionlib_msgs/lib:/root/ros_ws/src/Rescue_Car_ws/install/statistics_msgs/lib:/root/ros_ws/src/Rescue_Car_ws/install/rosidl_typesupport_microxrcedds_test_msg/lib:/root/ros_ws/src/Rescue_Car_ws/install/rosidl_typesupport_microxrcedds_cpp/lib:/root/ros_ws/src/Rescue_Car_ws/install/rosidl_typesupport_microxrcedds_c/lib:/root/ros_ws/src/Rescue_Car_ws/install/rosgraph_msgs/lib:/root/ros_ws/src/Rescue_Car_ws/install/rclc_parameter/lib:/root/ros_ws/src/Rescue_Car_ws/install/composition_interfaces/lib:/root/ros_ws/src/Rescue_Car_ws/install/micro_ros_utilities/lib:/root/ros_ws/src/Rescue_Car_ws/install/micro_ros_agent/lib:/root/ros_ws/src/Rescue_Car_ws/install/lifecycle_msgs/lib:/usr/lib/x86_64-linux-gnu/gazebo-11/plugins:/opt/ros/humble/opt/rviz_ogre_vendor/lib:/opt/ros/humble/lib/x86_64-linux-gnu:/opt/ros/humble/lib /usr/bin/cmake --build /root/ros_ws/src/Rescue_Car_ws/build/micro_ros_demos_rclc -- -j20 -l20
[6.641s] DEBUG:colcon.colcon_core.event_handler.log_command:Invoking command in '/root/ros_ws/src/Rescue_Car_ws/build/micro_ros_demos_rclc': CMAKE_PREFIX_PATH=/root/ros_ws/src/Rescue_Car_ws/install/visualization_msgs:/root/ros_ws/src/Rescue_Car_ws/install/rclc_parameter:/root/ros_ws/src/Rescue_Car_ws/install/sensor_msgs:/root/ros_ws/src/Rescue_Car_ws/install/rmw_microxrcedds:/root/ros_ws/src/Rescue_Car_ws/install/rclc:/root/ros_ws/src/Rescue_Car_ws/install/test_msgs:/root/ros_ws/src/Rescue_Car_ws/install/rosidl_typesupport_microxrcedds_cpp:/root/ros_ws/src/Rescue_Car_ws/install/geometry_msgs:/root/ros_ws/src/Rescue_Car_ws/install/example_interfaces:/root/ros_ws/src/Rescue_Car_ws/install/std_msgs:/root/ros_ws/src/Rescue_Car_ws/install/rosidl_typesupport_microxrcedds_c:/root/ros_ws/src/Rescue_Car_ws/install/rcl_interfaces:/root/ros_ws/src/Rescue_Car_ws/install/microxrcedds_client:/root/ros_ws/src/Rescue_Car_ws/install/complex_msgs:/root/ros_ws/src/Rescue_Car_ws/install/action_msgs:/root/ros_ws/src/Rescue_Car_ws/install/unique_identifier_msgs:/root/ros_ws/src/Rescue_Car_ws/install/microcdr:/root/ros_ws/src/Rescue_Car_ws/install/micro_ros_utilities:/root/ros_ws/src/Rescue_Car_ws/install/micro_ros_msgs:/root/ros_ws/src/Rescue_Car_ws/install/builtin_interfaces:/root/ros_ws/src/Rescue_Car_ws/install/micro_ros_demos_rclc:/root/ros_ws/src/Rescue_Car_ws/install/common_interfaces:/root/ros_ws/src/Rescue_Car_ws/install/trajectory_msgs:/root/ros_ws/src/Rescue_Car_ws/install/stereo_msgs:/root/ros_ws/src/Rescue_Car_ws/install/std_srvs:/root/ros_ws/src/Rescue_Car_ws/install/shape_msgs:/root/ros_ws/src/Rescue_Car_ws/install/nav_msgs:/root/ros_ws/src/Rescue_Car_ws/install/diagnostic_msgs:/root/ros_ws/src/Rescue_Car_ws/install/actionlib_msgs:/root/ros_ws/src/Rescue_Car_ws/install/statistics_msgs:/root/ros_ws/src/Rescue_Car_ws/install/rosidl_typesupport_microxrcedds_test_msg:/root/ros_ws/src/Rescue_Car_ws/install/rosidl_typesupport_microxrcedds_cpp_tests:/root/ros_ws/src/Rescue_Car_ws/install/rosidl_typesupport_microxrcedds_c_tests:/root/ros_ws/src/Rescue_Car_ws/install/rosgraph_msgs:/root/ros_ws/src/Rescue_Car_ws/install/composition_interfaces:/root/ros_ws/src/Rescue_Car_ws/install/micro_ros_setup:/root/ros_ws/src/Rescue_Car_ws/install/micro_ros_agent:/root/ros_ws/src/Rescue_Car_ws/install/lifecycle_msgs:/root/ros_ws/src/Rescue_Car_ws/install/car:/root/ros_ws/src/Rescue_Car_ws/install/sensor_msgs_py:/opt/ros/humble LD_LIBRARY_PATH=/root/ros_ws/src/Rescue_Car_ws/install/visualization_msgs/lib:/root/ros_ws/src/Rescue_Car_ws/install/sensor_msgs/lib:/root/ros_ws/src/Rescue_Car_ws/install/rmw_microxrcedds/lib:/root/ros_ws/src/Rescue_Car_ws/install/rclc/lib:/root/ros_ws/src/Rescue_Car_ws/install/test_msgs/lib:/root/ros_ws/src/Rescue_Car_ws/install/geometry_msgs/lib:/root/ros_ws/src/Rescue_Car_ws/install/example_interfaces/lib:/root/ros_ws/src/Rescue_Car_ws/install/std_msgs/lib:/root/ros_ws/src/Rescue_Car_ws/install/rcl_interfaces/lib:/root/ros_ws/src/Rescue_Car_ws/install/complex_msgs/lib:/root/ros_ws/src/Rescue_Car_ws/install/action_msgs/lib:/root/ros_ws/src/Rescue_Car_ws/install/unique_identifier_msgs/lib:/root/ros_ws/src/Rescue_Car_ws/install/micro_ros_msgs/lib:/root/ros_ws/src/Rescue_Car_ws/install/builtin_interfaces/lib:/root/ros_ws/src/Rescue_Car_ws/install/trajectory_msgs/lib:/root/ros_ws/src/Rescue_Car_ws/install/stereo_msgs/lib:/root/ros_ws/src/Rescue_Car_ws/install/std_srvs/lib:/root/ros_ws/src/Rescue_Car_ws/install/shape_msgs/lib:/root/ros_ws/src/Rescue_Car_ws/install/nav_msgs/lib:/root/ros_ws/src/Rescue_Car_ws/install/diagnostic_msgs/lib:/root/ros_ws/src/Rescue_Car_ws/install/actionlib_msgs/lib:/root/ros_ws/src/Rescue_Car_ws/install/statistics_msgs/lib:/root/ros_ws/src/Rescue_Car_ws/install/rosidl_typesupport_microxrcedds_test_msg/lib:/root/ros_ws/src/Rescue_Car_ws/install/rosidl_typesupport_microxrcedds_cpp/lib:/root/ros_ws/src/Rescue_Car_ws/install/rosidl_typesupport_microxrcedds_c/lib:/root/ros_ws/src/Rescue_Car_ws/install/rosgraph_msgs/lib:/root/ros_ws/src/Rescue_Car_ws/install/rclc_parameter/lib:/root/ros_ws/src/Rescue_Car_ws/install/composition_interfaces/lib:/root/ros_ws/src/Rescue_Car_ws/install/micro_ros_utilities/lib:/root/ros_ws/src/Rescue_Car_ws/install/micro_ros_agent/lib:/root/ros_ws/src/Rescue_Car_ws/install/lifecycle_msgs/lib:/usr/lib/x86_64-linux-gnu/gazebo-11/plugins:/opt/ros/humble/opt/rviz_ogre_vendor/lib:/opt/ros/humble/lib/x86_64-linux-gnu:/opt/ros/humble/lib /usr/bin/cmake --install /root/ros_ws/src/Rescue_Car_ws/build/micro_ros_demos_rclc
[6.654s] Level 1:colcon.colcon_core.environment:create_environment_scripts_only(micro_ros_demos_rclc)
[6.654s] Level 1:colcon.colcon_core.environment:checking '/root/ros_ws/src/Rescue_Car_ws/install/micro_ros_demos_rclc' for CMake module files
[6.655s] DEBUG:colcon.colcon_core.event_handler.log_command:Invoked command in '/root/ros_ws/src/Rescue_Car_ws/build/micro_ros_demos_rclc' returned '0': CMAKE_PREFIX_PATH=/root/ros_ws/src/Rescue_Car_ws/install/visualization_msgs:/root/ros_ws/src/Rescue_Car_ws/install/rclc_parameter:/root/ros_ws/src/Rescue_Car_ws/install/sensor_msgs:/root/ros_ws/src/Rescue_Car_ws/install/rmw_microxrcedds:/root/ros_ws/src/Rescue_Car_ws/install/rclc:/root/ros_ws/src/Rescue_Car_ws/install/test_msgs:/root/ros_ws/src/Rescue_Car_ws/install/rosidl_typesupport_microxrcedds_cpp:/root/ros_ws/src/Rescue_Car_ws/install/geometry_msgs:/root/ros_ws/src/Rescue_Car_ws/install/example_interfaces:/root/ros_ws/src/Rescue_Car_ws/install/std_msgs:/root/ros_ws/src/Rescue_Car_ws/install/rosidl_typesupport_microxrcedds_c:/root/ros_ws/src/Rescue_Car_ws/install/rcl_interfaces:/root/ros_ws/src/Rescue_Car_ws/install/microxrcedds_client:/root/ros_ws/src/Rescue_Car_ws/install/complex_msgs:/root/ros_ws/src/Rescue_Car_ws/install/action_msgs:/root/ros_ws/src/Rescue_Car_ws/install/unique_identifier_msgs:/root/ros_ws/src/Rescue_Car_ws/install/microcdr:/root/ros_ws/src/Rescue_Car_ws/install/micro_ros_utilities:/root/ros_ws/src/Rescue_Car_ws/install/micro_ros_msgs:/root/ros_ws/src/Rescue_Car_ws/install/builtin_interfaces:/root/ros_ws/src/Rescue_Car_ws/install/micro_ros_demos_rclc:/root/ros_ws/src/Rescue_Car_ws/install/common_interfaces:/root/ros_ws/src/Rescue_Car_ws/install/trajectory_msgs:/root/ros_ws/src/Rescue_Car_ws/install/stereo_msgs:/root/ros_ws/src/Rescue_Car_ws/install/std_srvs:/root/ros_ws/src/Rescue_Car_ws/install/shape_msgs:/root/ros_ws/src/Rescue_Car_ws/install/nav_msgs:/root/ros_ws/src/Rescue_Car_ws/install/diagnostic_msgs:/root/ros_ws/src/Rescue_Car_ws/install/actionlib_msgs:/root/ros_ws/src/Rescue_Car_ws/install/statistics_msgs:/root/ros_ws/src/Rescue_Car_ws/install/rosidl_typesupport_microxrcedds_test_msg:/root/ros_ws/src/Rescue_Car_ws/install/rosidl_typesupport_microxrcedds_cpp_tests:/root/ros_ws/src/Rescue_Car_ws/install/rosidl_typesupport_microxrcedds_c_tests:/root/ros_ws/src/Rescue_Car_ws/install/rosgraph_msgs:/root/ros_ws/src/Rescue_Car_ws/install/composition_interfaces:/root/ros_ws/src/Rescue_Car_ws/install/micro_ros_setup:/root/ros_ws/src/Rescue_Car_ws/install/micro_ros_agent:/root/ros_ws/src/Rescue_Car_ws/install/lifecycle_msgs:/root/ros_ws/src/Rescue_Car_ws/install/car:/root/ros_ws/src/Rescue_Car_ws/install/sensor_msgs_py:/opt/ros/humble LD_LIBRARY_PATH=/root/ros_ws/src/Rescue_Car_ws/install/visualization_msgs/lib:/root/ros_ws/src/Rescue_Car_ws/install/sensor_msgs/lib:/root/ros_ws/src/Rescue_Car_ws/install/rmw_microxrcedds/lib:/root/ros_ws/src/Rescue_Car_ws/install/rclc/lib:/root/ros_ws/src/Rescue_Car_ws/install/test_msgs/lib:/root/ros_ws/src/Rescue_Car_ws/install/geometry_msgs/lib:/root/ros_ws/src/Rescue_Car_ws/install/example_interfaces/lib:/root/ros_ws/src/Rescue_Car_ws/install/std_msgs/lib:/root/ros_ws/src/Rescue_Car_ws/install/rcl_interfaces/lib:/root/ros_ws/src/Rescue_Car_ws/install/complex_msgs/lib:/root/ros_ws/src/Rescue_Car_ws/install/action_msgs/lib:/root/ros_ws/src/Rescue_Car_ws/install/unique_identifier_msgs/lib:/root/ros_ws/src/Rescue_Car_ws/install/micro_ros_msgs/lib:/root/ros_ws/src/Rescue_Car_ws/install/builtin_interfaces/lib:/root/ros_ws/src/Rescue_Car_ws/install/trajectory_msgs/lib:/root/ros_ws/src/Rescue_Car_ws/install/stereo_msgs/lib:/root/ros_ws/src/Rescue_Car_ws/install/std_srvs/lib:/root/ros_ws/src/Rescue_Car_ws/install/shape_msgs/lib:/root/ros_ws/src/Rescue_Car_ws/install/nav_msgs/lib:/root/ros_ws/src/Rescue_Car_ws/install/diagnostic_msgs/lib:/root/ros_ws/src/Rescue_Car_ws/install/actionlib_msgs/lib:/root/ros_ws/src/Rescue_Car_ws/install/statistics_msgs/lib:/root/ros_ws/src/Rescue_Car_ws/install/rosidl_typesupport_microxrcedds_test_msg/lib:/root/ros_ws/src/Rescue_Car_ws/install/rosidl_typesupport_microxrcedds_cpp/lib:/root/ros_ws/src/Rescue_Car_ws/install/rosidl_typesupport_microxrcedds_c/lib:/root/ros_ws/src/Rescue_Car_ws/install/rosgraph_msgs/lib:/root/ros_ws/src/Rescue_Car_ws/install/rclc_parameter/lib:/root/ros_ws/src/Rescue_Car_ws/install/composition_interfaces/lib:/root/ros_ws/src/Rescue_Car_ws/install/micro_ros_utilities/lib:/root/ros_ws/src/Rescue_Car_ws/install/micro_ros_agent/lib:/root/ros_ws/src/Rescue_Car_ws/install/lifecycle_msgs/lib:/usr/lib/x86_64-linux-gnu/gazebo-11/plugins:/opt/ros/humble/opt/rviz_ogre_vendor/lib:/opt/ros/humble/lib/x86_64-linux-gnu:/opt/ros/humble/lib /usr/bin/cmake --install /root/ros_ws/src/Rescue_Car_ws/build/micro_ros_demos_rclc
[6.655s] Level 1:colcon.colcon_core.environment:checking '/root/ros_ws/src/Rescue_Car_ws/install/micro_ros_demos_rclc' for CMake config files
[6.656s] Level 1:colcon.colcon_core.shell:create_environment_hook('micro_ros_demos_rclc', 'cmake_prefix_path')
[6.656s] INFO:colcon.colcon_core.shell:Creating environment hook '/root/ros_ws/src/Rescue_Car_ws/install/micro_ros_demos_rclc/share/micro_ros_demos_rclc/hook/cmake_prefix_path.ps1'
[6.657s] INFO:colcon.colcon_core.shell:Creating environment descriptor '/root/ros_ws/src/Rescue_Car_ws/install/micro_ros_demos_rclc/share/micro_ros_demos_rclc/hook/cmake_prefix_path.dsv'
[6.657s] INFO:colcon.colcon_core.shell:Creating environment hook '/root/ros_ws/src/Rescue_Car_ws/install/micro_ros_demos_rclc/share/micro_ros_demos_rclc/hook/cmake_prefix_path.sh'
[6.657s] Level 1:colcon.colcon_core.environment:checking '/root/ros_ws/src/Rescue_Car_ws/install/micro_ros_demos_rclc/lib'
[6.657s] Level 1:colcon.colcon_core.environment:checking '/root/ros_ws/src/Rescue_Car_ws/install/micro_ros_demos_rclc/bin'
[6.657s] Level 1:colcon.colcon_core.environment:checking '/root/ros_ws/src/Rescue_Car_ws/install/micro_ros_demos_rclc/lib/pkgconfig/micro_ros_demos_rclc.pc'
[6.658s] Level 1:colcon.colcon_core.environment:checking '/root/ros_ws/src/Rescue_Car_ws/install/micro_ros_demos_rclc/lib/python3.10/site-packages'
[6.658s] Level 1:colcon.colcon_core.environment:checking '/root/ros_ws/src/Rescue_Car_ws/install/micro_ros_demos_rclc/bin'
[6.658s] INFO:colcon.colcon_core.shell:Creating package script '/root/ros_ws/src/Rescue_Car_ws/install/micro_ros_demos_rclc/share/micro_ros_demos_rclc/package.ps1'
[6.658s] INFO:colcon.colcon_core.shell:Creating package descriptor '/root/ros_ws/src/Rescue_Car_ws/install/micro_ros_demos_rclc/share/micro_ros_demos_rclc/package.dsv'
[6.659s] INFO:colcon.colcon_core.shell:Creating package script '/root/ros_ws/src/Rescue_Car_ws/install/micro_ros_demos_rclc/share/micro_ros_demos_rclc/package.sh'
[6.659s] INFO:colcon.colcon_core.shell:Creating package script '/root/ros_ws/src/Rescue_Car_ws/install/micro_ros_demos_rclc/share/micro_ros_demos_rclc/package.bash'
[6.659s] INFO:colcon.colcon_core.shell:Creating package script '/root/ros_ws/src/Rescue_Car_ws/install/micro_ros_demos_rclc/share/micro_ros_demos_rclc/package.zsh'
[6.659s] Level 1:colcon.colcon_core.environment:create_file_with_runtime_dependencies(/root/ros_ws/src/Rescue_Car_ws/install/micro_ros_demos_rclc/share/colcon-core/packages/micro_ros_demos_rclc)
[6.660s] Level 1:colcon.colcon_core.environment:create_environment_scripts_only(micro_ros_demos_rclc)
[6.660s] Level 1:colcon.colcon_core.environment:checking '/root/ros_ws/src/Rescue_Car_ws/install/micro_ros_demos_rclc' for CMake module files
[6.660s] Level 1:colcon.colcon_core.environment:checking '/root/ros_ws/src/Rescue_Car_ws/install/micro_ros_demos_rclc' for CMake config files
[6.661s] Level 1:colcon.colcon_core.shell:create_environment_hook('micro_ros_demos_rclc', 'cmake_prefix_path')
[6.661s] INFO:colcon.colcon_core.shell:Creating environment hook '/root/ros_ws/src/Rescue_Car_ws/install/micro_ros_demos_rclc/share/micro_ros_demos_rclc/hook/cmake_prefix_path.ps1'
[6.661s] INFO:colcon.colcon_core.shell:Creating environment descriptor '/root/ros_ws/src/Rescue_Car_ws/install/micro_ros_demos_rclc/share/micro_ros_demos_rclc/hook/cmake_prefix_path.dsv'
[6.661s] INFO:colcon.colcon_core.shell:Creating environment hook '/root/ros_ws/src/Rescue_Car_ws/install/micro_ros_demos_rclc/share/micro_ros_demos_rclc/hook/cmake_prefix_path.sh'
[6.662s] Level 1:colcon.colcon_core.environment:checking '/root/ros_ws/src/Rescue_Car_ws/install/micro_ros_demos_rclc/lib'
[6.662s] Level 1:colcon.colcon_core.environment:checking '/root/ros_ws/src/Rescue_Car_ws/install/micro_ros_demos_rclc/bin'
[6.662s] Level 1:colcon.colcon_core.environment:checking '/root/ros_ws/src/Rescue_Car_ws/install/micro_ros_demos_rclc/lib/pkgconfig/micro_ros_demos_rclc.pc'
[6.662s] Level 1:colcon.colcon_core.environment:checking '/root/ros_ws/src/Rescue_Car_ws/install/micro_ros_demos_rclc/lib/python3.10/site-packages'
[6.662s] Level 1:colcon.colcon_core.environment:checking '/root/ros_ws/src/Rescue_Car_ws/install/micro_ros_demos_rclc/bin'
[6.662s] INFO:colcon.colcon_core.shell:Creating package script '/root/ros_ws/src/Rescue_Car_ws/install/micro_ros_demos_rclc/share/micro_ros_demos_rclc/package.ps1'
[6.663s] INFO:colcon.colcon_core.shell:Creating package descriptor '/root/ros_ws/src/Rescue_Car_ws/install/micro_ros_demos_rclc/share/micro_ros_demos_rclc/package.dsv'
[6.663s] INFO:colcon.colcon_core.shell:Creating package script '/root/ros_ws/src/Rescue_Car_ws/install/micro_ros_demos_rclc/share/micro_ros_demos_rclc/package.sh'
[6.663s] INFO:colcon.colcon_core.shell:Creating package script '/root/ros_ws/src/Rescue_Car_ws/install/micro_ros_demos_rclc/share/micro_ros_demos_rclc/package.bash'
[6.664s] INFO:colcon.colcon_core.shell:Creating package script '/root/ros_ws/src/Rescue_Car_ws/install/micro_ros_demos_rclc/share/micro_ros_demos_rclc/package.zsh'
[6.664s] Level 1:colcon.colcon_core.environment:create_file_with_runtime_dependencies(/root/ros_ws/src/Rescue_Car_ws/install/micro_ros_demos_rclc/share/colcon-core/packages/micro_ros_demos_rclc)
[8.306s] DEBUG:colcon.colcon_core.event_handler.log_command:Invoked command in '/root/ros_ws/src/Rescue_Car_ws/build/car' returned '2': CMAKE_PREFIX_PATH=${CMAKE_PREFIX_PATH}:/root/ros_ws/src/Rescue_Car_ws/install/sensor_msgs_py:/opt/ros/humble /usr/bin/cmake --build /root/ros_ws/src/Rescue_Car_ws/build/car -- -j20 -l20
[8.307s] Level 1:colcon.colcon_core.environment:create_environment_scripts_only(car)
[8.307s] Level 1:colcon.colcon_core.environment:checking '/root/ros_ws/src/Rescue_Car_ws/install/car' for CMake module files
[8.308s] Level 1:colcon.colcon_core.environment:checking '/root/ros_ws/src/Rescue_Car_ws/install/car' for CMake config files
[8.308s] Level 1:colcon.colcon_core.shell:create_environment_hook('car', 'cmake_prefix_path')
[8.308s] INFO:colcon.colcon_core.shell:Creating environment hook '/root/ros_ws/src/Rescue_Car_ws/install/car/share/car/hook/cmake_prefix_path.ps1'
[8.309s] INFO:colcon.colcon_core.shell:Creating environment descriptor '/root/ros_ws/src/Rescue_Car_ws/install/car/share/car/hook/cmake_prefix_path.dsv'
[8.309s] INFO:colcon.colcon_core.shell:Creating environment hook '/root/ros_ws/src/Rescue_Car_ws/install/car/share/car/hook/cmake_prefix_path.sh'
[8.309s] Level 1:colcon.colcon_core.environment:checking '/root/ros_ws/src/Rescue_Car_ws/install/car/bin'
[8.309s] Level 1:colcon.colcon_core.environment:checking '/root/ros_ws/src/Rescue_Car_ws/install/car/lib/pkgconfig/car.pc'
[8.310s] Level 1:colcon.colcon_core.environment:checking '/root/ros_ws/src/Rescue_Car_ws/install/car/lib/python3.10/site-packages'
[8.310s] Level 1:colcon.colcon_core.environment:checking '/root/ros_ws/src/Rescue_Car_ws/install/car/bin'
[8.310s] INFO:colcon.colcon_core.shell:Creating package script '/root/ros_ws/src/Rescue_Car_ws/install/car/share/car/package.ps1'
[8.310s] INFO:colcon.colcon_core.shell:Creating package descriptor '/root/ros_ws/src/Rescue_Car_ws/install/car/share/car/package.dsv'
[8.311s] INFO:colcon.colcon_core.shell:Creating package script '/root/ros_ws/src/Rescue_Car_ws/install/car/share/car/package.sh'
[8.311s] INFO:colcon.colcon_core.shell:Creating package script '/root/ros_ws/src/Rescue_Car_ws/install/car/share/car/package.bash'
[8.311s] INFO:colcon.colcon_core.shell:Creating package script '/root/ros_ws/src/Rescue_Car_ws/install/car/share/car/package.zsh'
[8.311s] Level 1:colcon.colcon_core.environment:create_file_with_runtime_dependencies(/root/ros_ws/src/Rescue_Car_ws/install/car/share/colcon-core/packages/car)
[8.322s] DEBUG:colcon.colcon_parallel_executor.executor.parallel:closing loop
[8.322s] DEBUG:colcon.colcon_parallel_executor.executor.parallel:loop closed
[8.322s] DEBUG:colcon.colcon_parallel_executor.executor.parallel:run_until_complete finished with '2'
[8.323s] DEBUG:colcon.colcon_core.event_reactor:joining thread
[8.362s] INFO:colcon.colcon_core.plugin_system:Skipping extension 'colcon_notification.desktop_notification.notify_send': Could not find 'notify-send'
[8.362s] INFO:colcon.colcon_core.plugin_system:Skipping extension 'colcon_notification.desktop_notification.terminal_notifier': Not used on non-Darwin systems
[8.363s] INFO:colcon.colcon_core.plugin_system:Skipping extension 'colcon_notification.desktop_notification.win32': Not used on non-Windows systems
[8.363s] INFO:colcon.colcon_notification.desktop_notification:Sending desktop notification using 'notify2'
[8.363s] DEBUG:colcon.colcon_notification.desktop_notification.notify2:Failed to initialize notify2: org.freedesktop.DBus.Error.FileNotFound: Failed to connect to socket /run/user/0/bus: No such file or directory
[8.363s] DEBUG:colcon.colcon_core.event_reactor:joined thread
[8.363s] INFO:colcon.colcon_core.shell:Creating prefix script '/root/ros_ws/src/Rescue_Car_ws/install/local_setup.ps1'
[8.364s] INFO:colcon.colcon_core.shell:Creating prefix util module '/root/ros_ws/src/Rescue_Car_ws/install/_local_setup_util_ps1.py'
[8.365s] INFO:colcon.colcon_core.shell:Creating prefix chain script '/root/ros_ws/src/Rescue_Car_ws/install/setup.ps1'
[8.366s] INFO:colcon.colcon_core.shell:Creating prefix script '/root/ros_ws/src/Rescue_Car_ws/install/local_setup.sh'
[8.367s] INFO:colcon.colcon_core.shell:Creating prefix util module '/root/ros_ws/src/Rescue_Car_ws/install/_local_setup_util_sh.py'
[8.367s] INFO:colcon.colcon_core.shell:Creating prefix chain script '/root/ros_ws/src/Rescue_Car_ws/install/setup.sh'
[8.368s] INFO:colcon.colcon_core.shell:Creating prefix script '/root/ros_ws/src/Rescue_Car_ws/install/local_setup.bash'
[8.369s] INFO:colcon.colcon_core.shell:Creating prefix chain script '/root/ros_ws/src/Rescue_Car_ws/install/setup.bash'
[8.370s] INFO:colcon.colcon_core.shell:Creating prefix script '/root/ros_ws/src/Rescue_Car_ws/install/local_setup.zsh'
[8.370s] INFO:colcon.colcon_core.shell:Creating prefix chain script '/root/ros_ws/src/Rescue_Car_ws/install/setup.zsh'
