[0.157s] Invoking command in '/root/ros_ws/src/Rescue_Car_ws/build/geometry_msgs': AMENT_PREFIX_PATH=/root/ros_ws/src/Rescue_Car_ws/install/std_msgs:/root/ros_ws/src/Rescue_Car_ws/install/builtin_interfaces:${AMENT_PREFIX_PATH} CMAKE_PREFIX_PATH=/root/ros_ws/src/Rescue_Car_ws/install/std_msgs:/root/ros_ws/src/Rescue_Car_ws/install/builtin_interfaces:/opt/ros/humble LD_LIBRARY_PATH=/root/ros_ws/src/Rescue_Car_ws/install/std_msgs/lib:/root/ros_ws/src/Rescue_Car_ws/install/builtin_interfaces/lib:${LD_LIBRARY_PATH} PYTHONPATH=/root/ros_ws/src/Rescue_Car_ws/install/std_msgs/local/lib/python3.10/dist-packages:/root/ros_ws/src/Rescue_Car_ws/install/builtin_interfaces/local/lib/python3.10/dist-packages:${PYTHONPATH} /usr/bin/cmake --build /root/ros_ws/src/Rescue_Car_ws/build/geometry_msgs -- -j20 -l20
[0.205s] [35m[1mConsolidate compiler generated dependencies of target geometry_msgs__rosidl_generator_c[0m
[0.210s] [  0%] Built target geometry_msgs__cpp
[0.221s] [  0%] Built target ament_cmake_python_copy_geometry_msgs
[0.226s] [ 12%] Built target geometry_msgs__rosidl_generator_c
[0.232s] [35m[1mConsolidate compiler generated dependencies of target geometry_msgs__rosidl_typesupport_cpp[0m
[0.233s] [35m[1mConsolidate compiler generated dependencies of target geometry_msgs__rosidl_typesupport_fastrtps_cpp[0m
[0.236s] [35m[1mConsolidate compiler generated dependencies of target geometry_msgs__rosidl_typesupport_introspection_cpp[0m
[0.247s] [35m[1mConsolidate compiler generated dependencies of target geometry_msgs__rosidl_typesupport_introspection_c[0m
[0.251s] [35m[1mConsolidate compiler generated dependencies of target geometry_msgs__rosidl_typesupport_c[0m
[0.251s] [35m[1mConsolidate compiler generated dependencies of target geometry_msgs__rosidl_typesupport_fastrtps_c[0m
[0.265s] [ 24%] Built target geometry_msgs__rosidl_typesupport_cpp
[0.270s] [ 37%] Built target geometry_msgs__rosidl_typesupport_introspection_c
[0.271s] [ 66%] Built target geometry_msgs__rosidl_typesupport_c
[0.272s] [ 66%] Built target geometry_msgs__rosidl_typesupport_fastrtps_cpp
[0.272s] [ 74%] Built target geometry_msgs__rosidl_typesupport_introspection_cpp
[0.283s] [ 87%] Built target geometry_msgs__rosidl_typesupport_fastrtps_c
[0.308s] [ 87%] Built target geometry_msgs
[0.331s] [ 87%] Built target geometry_msgs__py
[0.352s] [35m[1mConsolidate compiler generated dependencies of target geometry_msgs__rosidl_generator_py[0m
[0.381s] [ 99%] Built target geometry_msgs__rosidl_generator_py
[0.395s] [35m[1mConsolidate compiler generated dependencies of target geometry_msgs__rosidl_typesupport_fastrtps_c__pyext[0m
[0.395s] [35m[1mConsolidate compiler generated dependencies of target geometry_msgs__rosidl_typesupport_c__pyext[0m
[0.395s] [35m[1mConsolidate compiler generated dependencies of target geometry_msgs__rosidl_typesupport_introspection_c__pyext[0m
[0.409s] [100%] Built target geometry_msgs__rosidl_typesupport_c__pyext
[0.409s] [100%] Built target geometry_msgs__rosidl_typesupport_fastrtps_c__pyext
[0.411s] [100%] Built target geometry_msgs__rosidl_typesupport_introspection_c__pyext
[0.476s] running egg_info
[0.479s] writing geometry_msgs.egg-info/PKG-INFO
[0.480s] writing dependency_links to geometry_msgs.egg-info/dependency_links.txt
[0.480s] writing top-level names to geometry_msgs.egg-info/top_level.txt
[0.482s] reading manifest file 'geometry_msgs.egg-info/SOURCES.txt'
[0.488s] writing manifest file 'geometry_msgs.egg-info/SOURCES.txt'
[0.533s] [100%] Built target ament_cmake_python_build_geometry_msgs_egg
[0.564s] Invoked command in '/root/ros_ws/src/Rescue_Car_ws/build/geometry_msgs' returned '0': AMENT_PREFIX_PATH=/root/ros_ws/src/Rescue_Car_ws/install/std_msgs:/root/ros_ws/src/Rescue_Car_ws/install/builtin_interfaces:${AMENT_PREFIX_PATH} CMAKE_PREFIX_PATH=/root/ros_ws/src/Rescue_Car_ws/install/std_msgs:/root/ros_ws/src/Rescue_Car_ws/install/builtin_interfaces:/opt/ros/humble LD_LIBRARY_PATH=/root/ros_ws/src/Rescue_Car_ws/install/std_msgs/lib:/root/ros_ws/src/Rescue_Car_ws/install/builtin_interfaces/lib:${LD_LIBRARY_PATH} PYTHONPATH=/root/ros_ws/src/Rescue_Car_ws/install/std_msgs/local/lib/python3.10/dist-packages:/root/ros_ws/src/Rescue_Car_ws/install/builtin_interfaces/local/lib/python3.10/dist-packages:${PYTHONPATH} /usr/bin/cmake --build /root/ros_ws/src/Rescue_Car_ws/build/geometry_msgs -- -j20 -l20
[0.566s] Invoking command in '/root/ros_ws/src/Rescue_Car_ws/build/geometry_msgs': AMENT_PREFIX_PATH=/root/ros_ws/src/Rescue_Car_ws/install/std_msgs:/root/ros_ws/src/Rescue_Car_ws/install/builtin_interfaces:${AMENT_PREFIX_PATH} CMAKE_PREFIX_PATH=/root/ros_ws/src/Rescue_Car_ws/install/std_msgs:/root/ros_ws/src/Rescue_Car_ws/install/builtin_interfaces:/opt/ros/humble LD_LIBRARY_PATH=/root/ros_ws/src/Rescue_Car_ws/install/std_msgs/lib:/root/ros_ws/src/Rescue_Car_ws/install/builtin_interfaces/lib:${LD_LIBRARY_PATH} PYTHONPATH=/root/ros_ws/src/Rescue_Car_ws/install/std_msgs/local/lib/python3.10/dist-packages:/root/ros_ws/src/Rescue_Car_ws/install/builtin_interfaces/local/lib/python3.10/dist-packages:${PYTHONPATH} /usr/bin/cmake --install /root/ros_ws/src/Rescue_Car_ws/build/geometry_msgs
[0.567s] -- Install configuration: ""
[0.567s] -- Up-to-date: /root/ros_ws/src/Rescue_Car_ws/install/geometry_msgs/share/ament_index/resource_index/rosidl_interfaces/geometry_msgs
[0.567s] -- Up-to-date: /root/ros_ws/src/Rescue_Car_ws/install/geometry_msgs/include/geometry_msgs/geometry_msgs
[0.567s] -- Up-to-date: /root/ros_ws/src/Rescue_Car_ws/install/geometry_msgs/include/geometry_msgs/geometry_msgs/msg
[0.568s] -- Up-to-date: /root/ros_ws/src/Rescue_Car_ws/install/geometry_msgs/include/geometry_msgs/geometry_msgs/msg/wrench_stamped.h
[0.568s] -- Up-to-date: /root/ros_ws/src/Rescue_Car_ws/install/geometry_msgs/include/geometry_msgs/geometry_msgs/msg/pose_with_covariance_stamped.h
[0.568s] -- Up-to-date: /root/ros_ws/src/Rescue_Car_ws/install/geometry_msgs/include/geometry_msgs/geometry_msgs/msg/accel_with_covariance.h
[0.568s] -- Up-to-date: /root/ros_ws/src/Rescue_Car_ws/install/geometry_msgs/include/geometry_msgs/geometry_msgs/msg/polygon_instance_stamped.h
[0.568s] -- Up-to-date: /root/ros_ws/src/Rescue_Car_ws/install/geometry_msgs/include/geometry_msgs/geometry_msgs/msg/polygon_stamped.h
[0.568s] -- Up-to-date: /root/ros_ws/src/Rescue_Car_ws/install/geometry_msgs/include/geometry_msgs/geometry_msgs/msg/pose.h
[0.568s] -- Up-to-date: /root/ros_ws/src/Rescue_Car_ws/install/geometry_msgs/include/geometry_msgs/geometry_msgs/msg/point.h
[0.569s] -- Up-to-date: /root/ros_ws/src/Rescue_Car_ws/install/geometry_msgs/include/geometry_msgs/geometry_msgs/msg/pose_with_covariance.h
[0.569s] -- Up-to-date: /root/ros_ws/src/Rescue_Car_ws/install/geometry_msgs/include/geometry_msgs/geometry_msgs/msg/polygon.h
[0.569s] -- Up-to-date: /root/ros_ws/src/Rescue_Car_ws/install/geometry_msgs/include/geometry_msgs/geometry_msgs/msg/twist.h
[0.569s] -- Up-to-date: /root/ros_ws/src/Rescue_Car_ws/install/geometry_msgs/include/geometry_msgs/geometry_msgs/msg/twist_with_covariance_stamped.h
[0.569s] -- Up-to-date: /root/ros_ws/src/Rescue_Car_ws/install/geometry_msgs/include/geometry_msgs/geometry_msgs/msg/pose_stamped.h
[0.569s] -- Up-to-date: /root/ros_ws/src/Rescue_Car_ws/install/geometry_msgs/include/geometry_msgs/geometry_msgs/msg/twist_with_covariance.h
[0.569s] -- Up-to-date: /root/ros_ws/src/Rescue_Car_ws/install/geometry_msgs/include/geometry_msgs/geometry_msgs/msg/polygon_instance.h
[0.569s] -- Up-to-date: /root/ros_ws/src/Rescue_Car_ws/install/geometry_msgs/include/geometry_msgs/geometry_msgs/msg/inertia.h
[0.569s] -- Up-to-date: /root/ros_ws/src/Rescue_Car_ws/install/geometry_msgs/include/geometry_msgs/geometry_msgs/msg/accel_stamped.h
[0.569s] -- Up-to-date: /root/ros_ws/src/Rescue_Car_ws/install/geometry_msgs/include/geometry_msgs/geometry_msgs/msg/accel_with_covariance_stamped.h
[0.569s] -- Up-to-date: /root/ros_ws/src/Rescue_Car_ws/install/geometry_msgs/include/geometry_msgs/geometry_msgs/msg/detail
[0.569s] -- Up-to-date: /root/ros_ws/src/Rescue_Car_ws/install/geometry_msgs/include/geometry_msgs/geometry_msgs/msg/detail/twist_with_covariance__type_support.h
[0.569s] -- Up-to-date: /root/ros_ws/src/Rescue_Car_ws/install/geometry_msgs/include/geometry_msgs/geometry_msgs/msg/detail/vector3_stamped__functions.c
[0.569s] -- Up-to-date: /root/ros_ws/src/Rescue_Car_ws/install/geometry_msgs/include/geometry_msgs/geometry_msgs/msg/detail/inertia__type_support.h
[0.570s] -- Up-to-date: /root/ros_ws/src/Rescue_Car_ws/install/geometry_msgs/include/geometry_msgs/geometry_msgs/msg/detail/polygon_instance_stamped__functions.c
[0.570s] -- Up-to-date: /root/ros_ws/src/Rescue_Car_ws/install/geometry_msgs/include/geometry_msgs/geometry_msgs/msg/detail/twist__struct.h
[0.570s] -- Up-to-date: /root/ros_ws/src/Rescue_Car_ws/install/geometry_msgs/include/geometry_msgs/geometry_msgs/msg/detail/pose_with_covariance__struct.h
[0.570s] -- Up-to-date: /root/ros_ws/src/Rescue_Car_ws/install/geometry_msgs/include/geometry_msgs/geometry_msgs/msg/detail/vector3__functions.c
[0.570s] -- Up-to-date: /root/ros_ws/src/Rescue_Car_ws/install/geometry_msgs/include/geometry_msgs/geometry_msgs/msg/detail/vector3__functions.h
[0.570s] -- Up-to-date: /root/ros_ws/src/Rescue_Car_ws/install/geometry_msgs/include/geometry_msgs/geometry_msgs/msg/detail/pose_with_covariance_stamped__type_support.h
[0.570s] -- Up-to-date: /root/ros_ws/src/Rescue_Car_ws/install/geometry_msgs/include/geometry_msgs/geometry_msgs/msg/detail/transform__functions.c
[0.570s] -- Up-to-date: /root/ros_ws/src/Rescue_Car_ws/install/geometry_msgs/include/geometry_msgs/geometry_msgs/msg/detail/wrench__functions.h
[0.571s] -- Up-to-date: /root/ros_ws/src/Rescue_Car_ws/install/geometry_msgs/include/geometry_msgs/geometry_msgs/msg/detail/polygon_instance_stamped__struct.h
[0.571s] -- Up-to-date: /root/ros_ws/src/Rescue_Car_ws/install/geometry_msgs/include/geometry_msgs/geometry_msgs/msg/detail/polygon_instance_stamped__type_support.h
[0.571s] -- Up-to-date: /root/ros_ws/src/Rescue_Car_ws/install/geometry_msgs/include/geometry_msgs/geometry_msgs/msg/detail/velocity_stamped__type_support.h
[0.571s] -- Up-to-date: /root/ros_ws/src/Rescue_Car_ws/install/geometry_msgs/include/geometry_msgs/geometry_msgs/msg/detail/accel_stamped__struct.h
[0.571s] -- Up-to-date: /root/ros_ws/src/Rescue_Car_ws/install/geometry_msgs/include/geometry_msgs/geometry_msgs/msg/detail/pose_stamped__type_support.h
[0.572s] -- Up-to-date: /root/ros_ws/src/Rescue_Car_ws/install/geometry_msgs/include/geometry_msgs/geometry_msgs/msg/detail/pose_with_covariance_stamped__struct.h
[0.572s] -- Up-to-date: /root/ros_ws/src/Rescue_Car_ws/install/geometry_msgs/include/geometry_msgs/geometry_msgs/msg/detail/polygon_stamped__type_support.h
[0.573s] -- Up-to-date: /root/ros_ws/src/Rescue_Car_ws/install/geometry_msgs/include/geometry_msgs/geometry_msgs/msg/detail/polygon_instance__type_support.h
[0.573s] -- Up-to-date: /root/ros_ws/src/Rescue_Car_ws/install/geometry_msgs/include/geometry_msgs/geometry_msgs/msg/detail/point_stamped__functions.h
[0.573s] -- Up-to-date: /root/ros_ws/src/Rescue_Car_ws/install/geometry_msgs/include/geometry_msgs/geometry_msgs/msg/detail/accel_with_covariance__struct.h
[0.573s] -- Up-to-date: /root/ros_ws/src/Rescue_Car_ws/install/geometry_msgs/include/geometry_msgs/geometry_msgs/msg/detail/wrench__functions.c
[0.574s] -- Up-to-date: /root/ros_ws/src/Rescue_Car_ws/install/geometry_msgs/include/geometry_msgs/geometry_msgs/msg/detail/inertia__struct.h
[0.574s] -- Up-to-date: /root/ros_ws/src/Rescue_Car_ws/install/geometry_msgs/include/geometry_msgs/geometry_msgs/msg/detail/twist__type_support.h
[0.574s] -- Up-to-date: /root/ros_ws/src/Rescue_Car_ws/install/geometry_msgs/include/geometry_msgs/geometry_msgs/msg/detail/pose_stamped__struct.h
[0.574s] -- Up-to-date: /root/ros_ws/src/Rescue_Car_ws/install/geometry_msgs/include/geometry_msgs/geometry_msgs/msg/detail/polygon_instance__functions.h
[0.575s] -- Up-to-date: /root/ros_ws/src/Rescue_Car_ws/install/geometry_msgs/include/geometry_msgs/geometry_msgs/msg/detail/transform__type_support.h
[0.575s] -- Up-to-date: /root/ros_ws/src/Rescue_Car_ws/install/geometry_msgs/include/geometry_msgs/geometry_msgs/msg/detail/pose2_d__functions.h
[0.576s] -- Up-to-date: /root/ros_ws/src/Rescue_Car_ws/install/geometry_msgs/include/geometry_msgs/geometry_msgs/msg/detail/pose__type_support.h
[0.576s] -- Up-to-date: /root/ros_ws/src/Rescue_Car_ws/install/geometry_msgs/include/geometry_msgs/geometry_msgs/msg/detail/polygon__type_support.h
[0.576s] -- Up-to-date: /root/ros_ws/src/Rescue_Car_ws/install/geometry_msgs/include/geometry_msgs/geometry_msgs/msg/detail/quaternion_stamped__functions.h
[0.577s] -- Up-to-date: /root/ros_ws/src/Rescue_Car_ws/install/geometry_msgs/include/geometry_msgs/geometry_msgs/msg/detail/accel__functions.c
[0.577s] -- Up-to-date: /root/ros_ws/src/Rescue_Car_ws/install/geometry_msgs/include/geometry_msgs/geometry_msgs/msg/detail/twist_with_covariance_stamped__struct.h
[0.577s] -- Up-to-date: /root/ros_ws/src/Rescue_Car_ws/install/geometry_msgs/include/geometry_msgs/geometry_msgs/msg/detail/twist_with_covariance__struct.h
[0.577s] -- Up-to-date: /root/ros_ws/src/Rescue_Car_ws/install/geometry_msgs/include/geometry_msgs/geometry_msgs/msg/detail/pose2_d__struct.h
[0.577s] -- Up-to-date: /root/ros_ws/src/Rescue_Car_ws/install/geometry_msgs/include/geometry_msgs/geometry_msgs/msg/detail/pose2_d__type_support.h
[0.577s] -- Up-to-date: /root/ros_ws/src/Rescue_Car_ws/install/geometry_msgs/include/geometry_msgs/geometry_msgs/msg/detail/quaternion__functions.h
[0.578s] -- Up-to-date: /root/ros_ws/src/Rescue_Car_ws/install/geometry_msgs/include/geometry_msgs/geometry_msgs/msg/detail/vector3__type_support.h
[0.578s] -- Up-to-date: /root/ros_ws/src/Rescue_Car_ws/install/geometry_msgs/include/geometry_msgs/geometry_msgs/msg/detail/pose2_d__functions.c
[0.578s] -- Up-to-date: /root/ros_ws/src/Rescue_Car_ws/install/geometry_msgs/include/geometry_msgs/geometry_msgs/msg/detail/point__functions.h
[0.578s] -- Up-to-date: /root/ros_ws/src/Rescue_Car_ws/install/geometry_msgs/include/geometry_msgs/geometry_msgs/msg/detail/polygon__struct.h
[0.578s] -- Up-to-date: /root/ros_ws/src/Rescue_Car_ws/install/geometry_msgs/include/geometry_msgs/geometry_msgs/msg/detail/pose_with_covariance_stamped__functions.h
[0.578s] -- Up-to-date: /root/ros_ws/src/Rescue_Car_ws/install/geometry_msgs/include/geometry_msgs/geometry_msgs/msg/detail/wrench_stamped__type_support.h
[0.578s] -- Up-to-date: /root/ros_ws/src/Rescue_Car_ws/install/geometry_msgs/include/geometry_msgs/geometry_msgs/msg/detail/pose__functions.c
[0.579s] -- Up-to-date: /root/ros_ws/src/Rescue_Car_ws/install/geometry_msgs/include/geometry_msgs/geometry_msgs/msg/detail/pose_with_covariance__functions.c
[0.579s] -- Up-to-date: /root/ros_ws/src/Rescue_Car_ws/install/geometry_msgs/include/geometry_msgs/geometry_msgs/msg/detail/velocity_stamped__functions.h
[0.579s] -- Up-to-date: /root/ros_ws/src/Rescue_Car_ws/install/geometry_msgs/include/geometry_msgs/geometry_msgs/msg/detail/pose_stamped__functions.h
[0.579s] -- Up-to-date: /root/ros_ws/src/Rescue_Car_ws/install/geometry_msgs/include/geometry_msgs/geometry_msgs/msg/detail/pose_with_covariance__type_support.h
[0.579s] -- Up-to-date: /root/ros_ws/src/Rescue_Car_ws/install/geometry_msgs/include/geometry_msgs/geometry_msgs/msg/detail/polygon_instance__functions.c
[0.579s] -- Up-to-date: /root/ros_ws/src/Rescue_Car_ws/install/geometry_msgs/include/geometry_msgs/geometry_msgs/msg/detail/accel_with_covariance_stamped__functions.h
[0.579s] -- Up-to-date: /root/ros_ws/src/Rescue_Car_ws/install/geometry_msgs/include/geometry_msgs/geometry_msgs/msg/detail/transform_stamped__type_support.h
[0.579s] -- Up-to-date: /root/ros_ws/src/Rescue_Car_ws/install/geometry_msgs/include/geometry_msgs/geometry_msgs/msg/detail/inertia_stamped__functions.h
[0.579s] -- Up-to-date: /root/ros_ws/src/Rescue_Car_ws/install/geometry_msgs/include/geometry_msgs/geometry_msgs/msg/detail/pose__functions.h
[0.579s] -- Up-to-date: /root/ros_ws/src/Rescue_Car_ws/install/geometry_msgs/include/geometry_msgs/geometry_msgs/msg/detail/accel_with_covariance_stamped__struct.h
[0.579s] -- Up-to-date: /root/ros_ws/src/Rescue_Car_ws/install/geometry_msgs/include/geometry_msgs/geometry_msgs/msg/detail/pose_stamped__functions.c
[0.579s] -- Up-to-date: /root/ros_ws/src/Rescue_Car_ws/install/geometry_msgs/include/geometry_msgs/geometry_msgs/msg/detail/twist_stamped__functions.h
[0.579s] -- Up-to-date: /root/ros_ws/src/Rescue_Car_ws/install/geometry_msgs/include/geometry_msgs/geometry_msgs/msg/detail/twist_with_covariance_stamped__functions.c
[0.579s] -- Up-to-date: /root/ros_ws/src/Rescue_Car_ws/install/geometry_msgs/include/geometry_msgs/geometry_msgs/msg/detail/point__functions.c
[0.579s] -- Up-to-date: /root/ros_ws/src/Rescue_Car_ws/install/geometry_msgs/include/geometry_msgs/geometry_msgs/msg/detail/twist__functions.c
[0.580s] -- Up-to-date: /root/ros_ws/src/Rescue_Car_ws/install/geometry_msgs/include/geometry_msgs/geometry_msgs/msg/detail/pose_array__functions.c
[0.580s] -- Up-to-date: /root/ros_ws/src/Rescue_Car_ws/install/geometry_msgs/include/geometry_msgs/geometry_msgs/msg/detail/polygon_instance__struct.h
[0.580s] -- Up-to-date: /root/ros_ws/src/Rescue_Car_ws/install/geometry_msgs/include/geometry_msgs/geometry_msgs/msg/detail/inertia__functions.h
[0.580s] -- Up-to-date: /root/ros_ws/src/Rescue_Car_ws/install/geometry_msgs/include/geometry_msgs/geometry_msgs/msg/detail/point_stamped__type_support.h
[0.581s] -- Up-to-date: /root/ros_ws/src/Rescue_Car_ws/install/geometry_msgs/include/geometry_msgs/geometry_msgs/msg/detail/polygon_instance_stamped__functions.h
[0.581s] -- Up-to-date: /root/ros_ws/src/Rescue_Car_ws/install/geometry_msgs/include/geometry_msgs/geometry_msgs/msg/detail/wrench__struct.h
[0.581s] -- Up-to-date: /root/ros_ws/src/Rescue_Car_ws/install/geometry_msgs/include/geometry_msgs/geometry_msgs/msg/detail/twist_with_covariance__functions.c
[0.582s] -- Up-to-date: /root/ros_ws/src/Rescue_Car_ws/install/geometry_msgs/include/geometry_msgs/geometry_msgs/msg/detail/wrench_stamped__functions.h
[0.582s] -- Up-to-date: /root/ros_ws/src/Rescue_Car_ws/install/geometry_msgs/include/geometry_msgs/geometry_msgs/msg/detail/twist__functions.h
[0.582s] -- Up-to-date: /root/ros_ws/src/Rescue_Car_ws/install/geometry_msgs/include/geometry_msgs/geometry_msgs/msg/detail/pose_array__struct.h
[0.582s] -- Up-to-date: /root/ros_ws/src/Rescue_Car_ws/install/geometry_msgs/include/geometry_msgs/geometry_msgs/msg/detail/accel__functions.h
[0.582s] -- Up-to-date: /root/ros_ws/src/Rescue_Car_ws/install/geometry_msgs/include/geometry_msgs/geometry_msgs/msg/detail/inertia_stamped__type_support.h
[0.582s] -- Up-to-date: /root/ros_ws/src/Rescue_Car_ws/install/geometry_msgs/include/geometry_msgs/geometry_msgs/msg/detail/point__struct.h
[0.582s] -- Up-to-date: /root/ros_ws/src/Rescue_Car_ws/install/geometry_msgs/include/geometry_msgs/geometry_msgs/msg/detail/pose__struct.h
[0.582s] -- Up-to-date: /root/ros_ws/src/Rescue_Car_ws/install/geometry_msgs/include/geometry_msgs/geometry_msgs/msg/detail/twist_with_covariance_stamped__type_support.h
[0.583s] -- Up-to-date: /root/ros_ws/src/Rescue_Car_ws/install/geometry_msgs/include/geometry_msgs/geometry_msgs/msg/detail/twist_stamped__struct.h
[0.583s] -- Up-to-date: /root/ros_ws/src/Rescue_Car_ws/install/geometry_msgs/include/geometry_msgs/geometry_msgs/msg/detail/polygon_stamped__functions.h
[0.583s] -- Up-to-date: /root/ros_ws/src/Rescue_Car_ws/install/geometry_msgs/include/geometry_msgs/geometry_msgs/msg/detail/accel_with_covariance__functions.c
[0.583s] -- Up-to-date: /root/ros_ws/src/Rescue_Car_ws/install/geometry_msgs/include/geometry_msgs/geometry_msgs/msg/detail/quaternion_stamped__functions.c
[0.583s] -- Up-to-date: /root/ros_ws/src/Rescue_Car_ws/install/geometry_msgs/include/geometry_msgs/geometry_msgs/msg/detail/polygon__functions.c
[0.583s] -- Up-to-date: /root/ros_ws/src/Rescue_Car_ws/install/geometry_msgs/include/geometry_msgs/geometry_msgs/msg/detail/point32__type_support.h
[0.583s] -- Up-to-date: /root/ros_ws/src/Rescue_Car_ws/install/geometry_msgs/include/geometry_msgs/geometry_msgs/msg/detail/accel_stamped__functions.c
[0.583s] -- Up-to-date: /root/ros_ws/src/Rescue_Car_ws/install/geometry_msgs/include/geometry_msgs/geometry_msgs/msg/detail/accel_stamped__type_support.h
[0.583s] -- Up-to-date: /root/ros_ws/src/Rescue_Car_ws/install/geometry_msgs/include/geometry_msgs/geometry_msgs/msg/detail/transform__struct.h
[0.583s] -- Up-to-date: /root/ros_ws/src/Rescue_Car_ws/install/geometry_msgs/include/geometry_msgs/geometry_msgs/msg/detail/accel__struct.h
[0.583s] -- Up-to-date: /root/ros_ws/src/Rescue_Car_ws/install/geometry_msgs/include/geometry_msgs/geometry_msgs/msg/detail/vector3__struct.h
[0.583s] -- Up-to-date: /root/ros_ws/src/Rescue_Car_ws/install/geometry_msgs/include/geometry_msgs/geometry_msgs/msg/detail/accel_with_covariance_stamped__type_support.h
[0.584s] -- Up-to-date: /root/ros_ws/src/Rescue_Car_ws/install/geometry_msgs/include/geometry_msgs/geometry_msgs/msg/detail/velocity_stamped__functions.c
[0.584s] -- Up-to-date: /root/ros_ws/src/Rescue_Car_ws/install/geometry_msgs/include/geometry_msgs/geometry_msgs/msg/detail/point32__functions.h
[0.584s] -- Up-to-date: /root/ros_ws/src/Rescue_Car_ws/install/geometry_msgs/include/geometry_msgs/geometry_msgs/msg/detail/accel__type_support.h
[0.584s] -- Up-to-date: /root/ros_ws/src/Rescue_Car_ws/install/geometry_msgs/include/geometry_msgs/geometry_msgs/msg/detail/quaternion__type_support.h
[0.584s] -- Up-to-date: /root/ros_ws/src/Rescue_Car_ws/install/geometry_msgs/include/geometry_msgs/geometry_msgs/msg/detail/vector3_stamped__type_support.h
[0.584s] -- Up-to-date: /root/ros_ws/src/Rescue_Car_ws/install/geometry_msgs/include/geometry_msgs/geometry_msgs/msg/detail/polygon__functions.h
[0.584s] -- Up-to-date: /root/ros_ws/src/Rescue_Car_ws/install/geometry_msgs/include/geometry_msgs/geometry_msgs/msg/detail/pose_array__type_support.h
[0.585s] -- Up-to-date: /root/ros_ws/src/Rescue_Car_ws/install/geometry_msgs/include/geometry_msgs/geometry_msgs/msg/detail/transform_stamped__functions.c
[0.585s] -- Up-to-date: /root/ros_ws/src/Rescue_Car_ws/install/geometry_msgs/include/geometry_msgs/geometry_msgs/msg/detail/quaternion_stamped__type_support.h
[0.585s] -- Up-to-date: /root/ros_ws/src/Rescue_Car_ws/install/geometry_msgs/include/geometry_msgs/geometry_msgs/msg/detail/twist_stamped__functions.c
[0.585s] -- Up-to-date: /root/ros_ws/src/Rescue_Car_ws/install/geometry_msgs/include/geometry_msgs/geometry_msgs/msg/detail/quaternion__functions.c
[0.586s] -- Up-to-date: /root/ros_ws/src/Rescue_Car_ws/install/geometry_msgs/include/geometry_msgs/geometry_msgs/msg/detail/twist_with_covariance_stamped__functions.h
[0.586s] -- Up-to-date: /root/ros_ws/src/Rescue_Car_ws/install/geometry_msgs/include/geometry_msgs/geometry_msgs/msg/detail/inertia__functions.c
[0.591s] -- Up-to-date: /root/ros_ws/src/Rescue_Car_ws/install/geometry_msgs/include/geometry_msgs/geometry_msgs/msg/detail/wrench__type_support.h
[0.591s] -- Up-to-date: /root/ros_ws/src/Rescue_Car_ws/install/geometry_msgs/include/geometry_msgs/geometry_msgs/msg/detail/quaternion__struct.h
[0.591s] -- Up-to-date: /root/ros_ws/src/Rescue_Car_ws/install/geometry_msgs/include/geometry_msgs/geometry_msgs/msg/detail/wrench_stamped__struct.h
[0.591s] -- Up-to-date: /root/ros_ws/src/Rescue_Car_ws/install/geometry_msgs/include/geometry_msgs/geometry_msgs/msg/detail/point32__functions.c
[0.591s] -- Up-to-date: /root/ros_ws/src/Rescue_Car_ws/install/geometry_msgs/include/geometry_msgs/geometry_msgs/msg/detail/velocity_stamped__struct.h
[0.591s] -- Up-to-date: /root/ros_ws/src/Rescue_Car_ws/install/geometry_msgs/include/geometry_msgs/geometry_msgs/msg/detail/quaternion_stamped__struct.h
[0.591s] -- Up-to-date: /root/ros_ws/src/Rescue_Car_ws/install/geometry_msgs/include/geometry_msgs/geometry_msgs/msg/detail/vector3_stamped__struct.h
[0.591s] -- Up-to-date: /root/ros_ws/src/Rescue_Car_ws/install/geometry_msgs/include/geometry_msgs/geometry_msgs/msg/detail/transform_stamped__functions.h
[0.591s] -- Up-to-date: /root/ros_ws/src/Rescue_Car_ws/install/geometry_msgs/include/geometry_msgs/geometry_msgs/msg/detail/point__type_support.h
[0.591s] -- Up-to-date: /root/ros_ws/src/Rescue_Car_ws/install/geometry_msgs/include/geometry_msgs/geometry_msgs/msg/detail/accel_stamped__functions.h
[0.591s] -- Up-to-date: /root/ros_ws/src/Rescue_Car_ws/install/geometry_msgs/include/geometry_msgs/geometry_msgs/msg/detail/accel_with_covariance__type_support.h
[0.592s] -- Up-to-date: /root/ros_ws/src/Rescue_Car_ws/install/geometry_msgs/include/geometry_msgs/geometry_msgs/msg/detail/twist_stamped__type_support.h
[0.592s] -- Up-to-date: /root/ros_ws/src/Rescue_Car_ws/install/geometry_msgs/include/geometry_msgs/geometry_msgs/msg/detail/wrench_stamped__functions.c
[0.592s] -- Up-to-date: /root/ros_ws/src/Rescue_Car_ws/install/geometry_msgs/include/geometry_msgs/geometry_msgs/msg/detail/polygon_stamped__functions.c
[0.592s] -- Up-to-date: /root/ros_ws/src/Rescue_Car_ws/install/geometry_msgs/include/geometry_msgs/geometry_msgs/msg/detail/inertia_stamped__functions.c
[0.592s] -- Up-to-date: /root/ros_ws/src/Rescue_Car_ws/install/geometry_msgs/include/geometry_msgs/geometry_msgs/msg/detail/vector3_stamped__functions.h
[0.592s] -- Up-to-date: /root/ros_ws/src/Rescue_Car_ws/install/geometry_msgs/include/geometry_msgs/geometry_msgs/msg/detail/point32__struct.h
[0.592s] -- Up-to-date: /root/ros_ws/src/Rescue_Car_ws/install/geometry_msgs/include/geometry_msgs/geometry_msgs/msg/detail/inertia_stamped__struct.h
[0.592s] -- Up-to-date: /root/ros_ws/src/Rescue_Car_ws/install/geometry_msgs/include/geometry_msgs/geometry_msgs/msg/detail/point_stamped__struct.h
[0.592s] -- Up-to-date: /root/ros_ws/src/Rescue_Car_ws/install/geometry_msgs/include/geometry_msgs/geometry_msgs/msg/detail/point_stamped__functions.c
[0.592s] -- Up-to-date: /root/ros_ws/src/Rescue_Car_ws/install/geometry_msgs/include/geometry_msgs/geometry_msgs/msg/detail/polygon_stamped__struct.h
[0.592s] -- Up-to-date: /root/ros_ws/src/Rescue_Car_ws/install/geometry_msgs/include/geometry_msgs/geometry_msgs/msg/detail/twist_with_covariance__functions.h
[0.592s] -- Up-to-date: /root/ros_ws/src/Rescue_Car_ws/install/geometry_msgs/include/geometry_msgs/geometry_msgs/msg/detail/transform_stamped__struct.h
[0.592s] -- Up-to-date: /root/ros_ws/src/Rescue_Car_ws/install/geometry_msgs/include/geometry_msgs/geometry_msgs/msg/detail/pose_with_covariance_stamped__functions.c
[0.592s] -- Up-to-date: /root/ros_ws/src/Rescue_Car_ws/install/geometry_msgs/include/geometry_msgs/geometry_msgs/msg/detail/pose_with_covariance__functions.h
[0.592s] -- Up-to-date: /root/ros_ws/src/Rescue_Car_ws/install/geometry_msgs/include/geometry_msgs/geometry_msgs/msg/detail/accel_with_covariance_stamped__functions.c
[0.592s] -- Up-to-date: /root/ros_ws/src/Rescue_Car_ws/install/geometry_msgs/include/geometry_msgs/geometry_msgs/msg/detail/accel_with_covariance__functions.h
[0.592s] -- Up-to-date: /root/ros_ws/src/Rescue_Car_ws/install/geometry_msgs/include/geometry_msgs/geometry_msgs/msg/detail/pose_array__functions.h
[0.592s] -- Up-to-date: /root/ros_ws/src/Rescue_Car_ws/install/geometry_msgs/include/geometry_msgs/geometry_msgs/msg/detail/transform__functions.h
[0.592s] -- Up-to-date: /root/ros_ws/src/Rescue_Car_ws/install/geometry_msgs/include/geometry_msgs/geometry_msgs/msg/twist_stamped.h
[0.592s] -- Up-to-date: /root/ros_ws/src/Rescue_Car_ws/install/geometry_msgs/include/geometry_msgs/geometry_msgs/msg/vector3_stamped.h
[0.592s] -- Up-to-date: /root/ros_ws/src/Rescue_Car_ws/install/geometry_msgs/include/geometry_msgs/geometry_msgs/msg/rosidl_generator_c__visibility_control.h
[0.592s] -- Up-to-date: /root/ros_ws/src/Rescue_Car_ws/install/geometry_msgs/include/geometry_msgs/geometry_msgs/msg/transform.h
[0.593s] -- Up-to-date: /root/ros_ws/src/Rescue_Car_ws/install/geometry_msgs/include/geometry_msgs/geometry_msgs/msg/quaternion_stamped.h
[0.593s] -- Up-to-date: /root/ros_ws/src/Rescue_Car_ws/install/geometry_msgs/include/geometry_msgs/geometry_msgs/msg/transform_stamped.h
[0.593s] -- Up-to-date: /root/ros_ws/src/Rescue_Car_ws/install/geometry_msgs/include/geometry_msgs/geometry_msgs/msg/inertia_stamped.h
[0.593s] -- Up-to-date: /root/ros_ws/src/Rescue_Car_ws/install/geometry_msgs/include/geometry_msgs/geometry_msgs/msg/vector3.h
[0.593s] -- Up-to-date: /root/ros_ws/src/Rescue_Car_ws/install/geometry_msgs/include/geometry_msgs/geometry_msgs/msg/point32.h
[0.593s] -- Up-to-date: /root/ros_ws/src/Rescue_Car_ws/install/geometry_msgs/include/geometry_msgs/geometry_msgs/msg/point_stamped.h
[0.593s] -- Up-to-date: /root/ros_ws/src/Rescue_Car_ws/install/geometry_msgs/include/geometry_msgs/geometry_msgs/msg/pose2_d.h
[0.593s] -- Up-to-date: /root/ros_ws/src/Rescue_Car_ws/install/geometry_msgs/include/geometry_msgs/geometry_msgs/msg/pose_array.h
[0.593s] -- Up-to-date: /root/ros_ws/src/Rescue_Car_ws/install/geometry_msgs/include/geometry_msgs/geometry_msgs/msg/accel.h
[0.593s] -- Up-to-date: /root/ros_ws/src/Rescue_Car_ws/install/geometry_msgs/include/geometry_msgs/geometry_msgs/msg/quaternion.h
[0.593s] -- Up-to-date: /root/ros_ws/src/Rescue_Car_ws/install/geometry_msgs/include/geometry_msgs/geometry_msgs/msg/velocity_stamped.h
[0.593s] -- Up-to-date: /root/ros_ws/src/Rescue_Car_ws/install/geometry_msgs/include/geometry_msgs/geometry_msgs/msg/wrench.h
[0.593s] -- Up-to-date: /root/ros_ws/src/Rescue_Car_ws/install/geometry_msgs/share/geometry_msgs/environment/library_path.sh
[0.593s] -- Up-to-date: /root/ros_ws/src/Rescue_Car_ws/install/geometry_msgs/share/geometry_msgs/environment/library_path.dsv
[0.593s] -- Up-to-date: /root/ros_ws/src/Rescue_Car_ws/install/geometry_msgs/lib/libgeometry_msgs__rosidl_generator_c.so
[0.593s] -- Up-to-date: /root/ros_ws/src/Rescue_Car_ws/install/geometry_msgs/include/geometry_msgs/geometry_msgs
[0.593s] -- Up-to-date: /root/ros_ws/src/Rescue_Car_ws/install/geometry_msgs/include/geometry_msgs/geometry_msgs/msg
[0.593s] -- Up-to-date: /root/ros_ws/src/Rescue_Car_ws/install/geometry_msgs/include/geometry_msgs/geometry_msgs/msg/detail
[0.593s] -- Up-to-date: /root/ros_ws/src/Rescue_Car_ws/install/geometry_msgs/include/geometry_msgs/geometry_msgs/msg/detail/velocity_stamped__rosidl_typesupport_fastrtps_c.h
[0.593s] -- Up-to-date: /root/ros_ws/src/Rescue_Car_ws/install/geometry_msgs/include/geometry_msgs/geometry_msgs/msg/detail/twist_with_covariance_stamped__rosidl_typesupport_fastrtps_c.h
[0.593s] -- Up-to-date: /root/ros_ws/src/Rescue_Car_ws/install/geometry_msgs/include/geometry_msgs/geometry_msgs/msg/detail/point_stamped__rosidl_typesupport_fastrtps_c.h
[0.593s] -- Up-to-date: /root/ros_ws/src/Rescue_Car_ws/install/geometry_msgs/include/geometry_msgs/geometry_msgs/msg/detail/vector3__rosidl_typesupport_fastrtps_c.h
[0.594s] -- Up-to-date: /root/ros_ws/src/Rescue_Car_ws/install/geometry_msgs/include/geometry_msgs/geometry_msgs/msg/detail/twist_stamped__rosidl_typesupport_fastrtps_c.h
[0.594s] -- Up-to-date: /root/ros_ws/src/Rescue_Car_ws/install/geometry_msgs/include/geometry_msgs/geometry_msgs/msg/detail/point32__rosidl_typesupport_fastrtps_c.h
[0.594s] -- Up-to-date: /root/ros_ws/src/Rescue_Car_ws/install/geometry_msgs/include/geometry_msgs/geometry_msgs/msg/detail/quaternion__rosidl_typesupport_fastrtps_c.h
[0.594s] -- Up-to-date: /root/ros_ws/src/Rescue_Car_ws/install/geometry_msgs/include/geometry_msgs/geometry_msgs/msg/detail/accel_stamped__rosidl_typesupport_fastrtps_c.h
[0.594s] -- Up-to-date: /root/ros_ws/src/Rescue_Car_ws/install/geometry_msgs/include/geometry_msgs/geometry_msgs/msg/detail/wrench__rosidl_typesupport_fastrtps_c.h
[0.594s] -- Up-to-date: /root/ros_ws/src/Rescue_Car_ws/install/geometry_msgs/include/geometry_msgs/geometry_msgs/msg/detail/twist__rosidl_typesupport_fastrtps_c.h
[0.594s] -- Up-to-date: /root/ros_ws/src/Rescue_Car_ws/install/geometry_msgs/include/geometry_msgs/geometry_msgs/msg/detail/pose_stamped__rosidl_typesupport_fastrtps_c.h
[0.594s] -- Up-to-date: /root/ros_ws/src/Rescue_Car_ws/install/geometry_msgs/include/geometry_msgs/geometry_msgs/msg/detail/wrench_stamped__rosidl_typesupport_fastrtps_c.h
[0.594s] -- Up-to-date: /root/ros_ws/src/Rescue_Car_ws/install/geometry_msgs/include/geometry_msgs/geometry_msgs/msg/detail/inertia__rosidl_typesupport_fastrtps_c.h
[0.594s] -- Up-to-date: /root/ros_ws/src/Rescue_Car_ws/install/geometry_msgs/include/geometry_msgs/geometry_msgs/msg/detail/pose_with_covariance__rosidl_typesupport_fastrtps_c.h
[0.594s] -- Up-to-date: /root/ros_ws/src/Rescue_Car_ws/install/geometry_msgs/include/geometry_msgs/geometry_msgs/msg/detail/quaternion_stamped__rosidl_typesupport_fastrtps_c.h
[0.594s] -- Up-to-date: /root/ros_ws/src/Rescue_Car_ws/install/geometry_msgs/include/geometry_msgs/geometry_msgs/msg/detail/point__rosidl_typesupport_fastrtps_c.h
[0.594s] -- Up-to-date: /root/ros_ws/src/Rescue_Car_ws/install/geometry_msgs/include/geometry_msgs/geometry_msgs/msg/detail/polygon_instance_stamped__rosidl_typesupport_fastrtps_c.h
[0.594s] -- Up-to-date: /root/ros_ws/src/Rescue_Car_ws/install/geometry_msgs/include/geometry_msgs/geometry_msgs/msg/detail/polygon__rosidl_typesupport_fastrtps_c.h
[0.594s] -- Up-to-date: /root/ros_ws/src/Rescue_Car_ws/install/geometry_msgs/include/geometry_msgs/geometry_msgs/msg/detail/vector3_stamped__rosidl_typesupport_fastrtps_c.h
[0.594s] -- Up-to-date: /root/ros_ws/src/Rescue_Car_ws/install/geometry_msgs/include/geometry_msgs/geometry_msgs/msg/detail/pose_array__rosidl_typesupport_fastrtps_c.h
[0.594s] -- Up-to-date: /root/ros_ws/src/Rescue_Car_ws/install/geometry_msgs/include/geometry_msgs/geometry_msgs/msg/detail/twist_with_covariance__rosidl_typesupport_fastrtps_c.h
[0.594s] -- Up-to-date: /root/ros_ws/src/Rescue_Car_ws/install/geometry_msgs/include/geometry_msgs/geometry_msgs/msg/detail/transform__rosidl_typesupport_fastrtps_c.h
[0.594s] -- Up-to-date: /root/ros_ws/src/Rescue_Car_ws/install/geometry_msgs/include/geometry_msgs/geometry_msgs/msg/detail/inertia_stamped__rosidl_typesupport_fastrtps_c.h
[0.595s] -- Up-to-date: /root/ros_ws/src/Rescue_Car_ws/install/geometry_msgs/include/geometry_msgs/geometry_msgs/msg/detail/polygon_stamped__rosidl_typesupport_fastrtps_c.h
[0.595s] -- Up-to-date: /root/ros_ws/src/Rescue_Car_ws/install/geometry_msgs/include/geometry_msgs/geometry_msgs/msg/detail/accel__rosidl_typesupport_fastrtps_c.h
[0.595s] -- Up-to-date: /root/ros_ws/src/Rescue_Car_ws/install/geometry_msgs/include/geometry_msgs/geometry_msgs/msg/detail/pose__rosidl_typesupport_fastrtps_c.h
[0.595s] -- Up-to-date: /root/ros_ws/src/Rescue_Car_ws/install/geometry_msgs/include/geometry_msgs/geometry_msgs/msg/detail/pose2_d__rosidl_typesupport_fastrtps_c.h
[0.595s] -- Up-to-date: /root/ros_ws/src/Rescue_Car_ws/install/geometry_msgs/include/geometry_msgs/geometry_msgs/msg/detail/accel_with_covariance__rosidl_typesupport_fastrtps_c.h
[0.595s] -- Up-to-date: /root/ros_ws/src/Rescue_Car_ws/install/geometry_msgs/include/geometry_msgs/geometry_msgs/msg/detail/transform_stamped__rosidl_typesupport_fastrtps_c.h
[0.595s] -- Up-to-date: /root/ros_ws/src/Rescue_Car_ws/install/geometry_msgs/include/geometry_msgs/geometry_msgs/msg/detail/pose_with_covariance_stamped__rosidl_typesupport_fastrtps_c.h
[0.595s] -- Up-to-date: /root/ros_ws/src/Rescue_Car_ws/install/geometry_msgs/include/geometry_msgs/geometry_msgs/msg/detail/accel_with_covariance_stamped__rosidl_typesupport_fastrtps_c.h
[0.595s] -- Up-to-date: /root/ros_ws/src/Rescue_Car_ws/install/geometry_msgs/include/geometry_msgs/geometry_msgs/msg/detail/polygon_instance__rosidl_typesupport_fastrtps_c.h
[0.595s] -- Up-to-date: /root/ros_ws/src/Rescue_Car_ws/install/geometry_msgs/include/geometry_msgs/geometry_msgs/msg/rosidl_typesupport_fastrtps_c__visibility_control.h
[0.595s] -- Up-to-date: /root/ros_ws/src/Rescue_Car_ws/install/geometry_msgs/lib/libgeometry_msgs__rosidl_typesupport_fastrtps_c.so
[0.595s] -- Up-to-date: /root/ros_ws/src/Rescue_Car_ws/install/geometry_msgs/include/geometry_msgs/geometry_msgs
[0.596s] -- Up-to-date: /root/ros_ws/src/Rescue_Car_ws/install/geometry_msgs/include/geometry_msgs/geometry_msgs/msg
[0.596s] -- Up-to-date: /root/ros_ws/src/Rescue_Car_ws/install/geometry_msgs/include/geometry_msgs/geometry_msgs/msg/rosidl_typesupport_introspection_c__visibility_control.h
[0.596s] -- Up-to-date: /root/ros_ws/src/Rescue_Car_ws/install/geometry_msgs/include/geometry_msgs/geometry_msgs/msg/detail
[0.596s] -- Up-to-date: /root/ros_ws/src/Rescue_Car_ws/install/geometry_msgs/include/geometry_msgs/geometry_msgs/msg/detail/twist_with_covariance_stamped__rosidl_typesupport_introspection_c.h
[0.596s] -- Up-to-date: /root/ros_ws/src/Rescue_Car_ws/install/geometry_msgs/include/geometry_msgs/geometry_msgs/msg/detail/point_stamped__rosidl_typesupport_introspection_c.h
[0.596s] -- Up-to-date: /root/ros_ws/src/Rescue_Car_ws/install/geometry_msgs/include/geometry_msgs/geometry_msgs/msg/detail/point32__type_support.c
[0.597s] -- Up-to-date: /root/ros_ws/src/Rescue_Car_ws/install/geometry_msgs/include/geometry_msgs/geometry_msgs/msg/detail/polygon__type_support.c
[0.597s] -- Up-to-date: /root/ros_ws/src/Rescue_Car_ws/install/geometry_msgs/include/geometry_msgs/geometry_msgs/msg/detail/quaternion_stamped__rosidl_typesupport_introspection_c.h
[0.597s] -- Up-to-date: /root/ros_ws/src/Rescue_Car_ws/install/geometry_msgs/include/geometry_msgs/geometry_msgs/msg/detail/transform__type_support.c
[0.597s] -- Up-to-date: /root/ros_ws/src/Rescue_Car_ws/install/geometry_msgs/include/geometry_msgs/geometry_msgs/msg/detail/twist_with_covariance__rosidl_typesupport_introspection_c.h
[0.598s] -- Up-to-date: /root/ros_ws/src/Rescue_Car_ws/install/geometry_msgs/include/geometry_msgs/geometry_msgs/msg/detail/pose__type_support.c
[0.599s] -- Up-to-date: /root/ros_ws/src/Rescue_Car_ws/install/geometry_msgs/include/geometry_msgs/geometry_msgs/msg/detail/twist_stamped__rosidl_typesupport_introspection_c.h
[0.599s] -- Up-to-date: /root/ros_ws/src/Rescue_Car_ws/install/geometry_msgs/include/geometry_msgs/geometry_msgs/msg/detail/transform_stamped__type_support.c
[0.599s] -- Up-to-date: /root/ros_ws/src/Rescue_Car_ws/install/geometry_msgs/include/geometry_msgs/geometry_msgs/msg/detail/wrench_stamped__type_support.c
[0.599s] -- Up-to-date: /root/ros_ws/src/Rescue_Car_ws/install/geometry_msgs/include/geometry_msgs/geometry_msgs/msg/detail/wrench__type_support.c
[0.599s] -- Up-to-date: /root/ros_ws/src/Rescue_Car_ws/install/geometry_msgs/include/geometry_msgs/geometry_msgs/msg/detail/pose_array__rosidl_typesupport_introspection_c.h
[0.599s] -- Up-to-date: /root/ros_ws/src/Rescue_Car_ws/install/geometry_msgs/include/geometry_msgs/geometry_msgs/msg/detail/transform__rosidl_typesupport_introspection_c.h
[0.599s] -- Up-to-date: /root/ros_ws/src/Rescue_Car_ws/install/geometry_msgs/include/geometry_msgs/geometry_msgs/msg/detail/pose2_d__type_support.c
[0.599s] -- Up-to-date: /root/ros_ws/src/Rescue_Car_ws/install/geometry_msgs/include/geometry_msgs/geometry_msgs/msg/detail/twist__type_support.c
[0.599s] -- Up-to-date: /root/ros_ws/src/Rescue_Car_ws/install/geometry_msgs/include/geometry_msgs/geometry_msgs/msg/detail/inertia__rosidl_typesupport_introspection_c.h
[0.599s] -- Up-to-date: /root/ros_ws/src/Rescue_Car_ws/install/geometry_msgs/include/geometry_msgs/geometry_msgs/msg/detail/vector3__type_support.c
[0.599s] -- Up-to-date: /root/ros_ws/src/Rescue_Car_ws/install/geometry_msgs/include/geometry_msgs/geometry_msgs/msg/detail/point__rosidl_typesupport_introspection_c.h
[0.600s] -- Up-to-date: /root/ros_ws/src/Rescue_Car_ws/install/geometry_msgs/include/geometry_msgs/geometry_msgs/msg/detail/velocity_stamped__type_support.c
[0.600s] -- Up-to-date: /root/ros_ws/src/Rescue_Car_ws/install/geometry_msgs/include/geometry_msgs/geometry_msgs/msg/detail/wrench_stamped__rosidl_typesupport_introspection_c.h
[0.600s] -- Up-to-date: /root/ros_ws/src/Rescue_Car_ws/install/geometry_msgs/include/geometry_msgs/geometry_msgs/msg/detail/accel_with_covariance_stamped__rosidl_typesupport_introspection_c.h
[0.600s] -- Up-to-date: /root/ros_ws/src/Rescue_Car_ws/install/geometry_msgs/include/geometry_msgs/geometry_msgs/msg/detail/velocity_stamped__rosidl_typesupport_introspection_c.h
[0.600s] -- Up-to-date: /root/ros_ws/src/Rescue_Car_ws/install/geometry_msgs/include/geometry_msgs/geometry_msgs/msg/detail/accel_stamped__type_support.c
[0.600s] -- Up-to-date: /root/ros_ws/src/Rescue_Car_ws/install/geometry_msgs/include/geometry_msgs/geometry_msgs/msg/detail/vector3__rosidl_typesupport_introspection_c.h
[0.600s] -- Up-to-date: /root/ros_ws/src/Rescue_Car_ws/install/geometry_msgs/include/geometry_msgs/geometry_msgs/msg/detail/polygon_instance_stamped__type_support.c
[0.601s] -- Up-to-date: /root/ros_ws/src/Rescue_Car_ws/install/geometry_msgs/include/geometry_msgs/geometry_msgs/msg/detail/point_stamped__type_support.c
[0.601s] -- Up-to-date: /root/ros_ws/src/Rescue_Car_ws/install/geometry_msgs/include/geometry_msgs/geometry_msgs/msg/detail/pose_with_covariance__type_support.c
[0.601s] -- Up-to-date: /root/ros_ws/src/Rescue_Car_ws/install/geometry_msgs/include/geometry_msgs/geometry_msgs/msg/detail/inertia_stamped__type_support.c
[0.602s] -- Up-to-date: /root/ros_ws/src/Rescue_Car_ws/install/geometry_msgs/include/geometry_msgs/geometry_msgs/msg/detail/transform_stamped__rosidl_typesupport_introspection_c.h
[0.602s] -- Up-to-date: /root/ros_ws/src/Rescue_Car_ws/install/geometry_msgs/include/geometry_msgs/geometry_msgs/msg/detail/pose_with_covariance_stamped__rosidl_typesupport_introspection_c.h
[0.602s] -- Up-to-date: /root/ros_ws/src/Rescue_Car_ws/install/geometry_msgs/include/geometry_msgs/geometry_msgs/msg/detail/quaternion__type_support.c
[0.602s] -- Up-to-date: /root/ros_ws/src/Rescue_Car_ws/install/geometry_msgs/include/geometry_msgs/geometry_msgs/msg/detail/pose_array__type_support.c
[0.603s] -- Up-to-date: /root/ros_ws/src/Rescue_Car_ws/install/geometry_msgs/include/geometry_msgs/geometry_msgs/msg/detail/pose2_d__rosidl_typesupport_introspection_c.h
[0.603s] -- Up-to-date: /root/ros_ws/src/Rescue_Car_ws/install/geometry_msgs/include/geometry_msgs/geometry_msgs/msg/detail/accel__type_support.c
[0.603s] -- Up-to-date: /root/ros_ws/src/Rescue_Car_ws/install/geometry_msgs/include/geometry_msgs/geometry_msgs/msg/detail/polygon__rosidl_typesupport_introspection_c.h
[0.603s] -- Up-to-date: /root/ros_ws/src/Rescue_Car_ws/install/geometry_msgs/include/geometry_msgs/geometry_msgs/msg/detail/twist__rosidl_typesupport_introspection_c.h
[0.604s] -- Up-to-date: /root/ros_ws/src/Rescue_Car_ws/install/geometry_msgs/include/geometry_msgs/geometry_msgs/msg/detail/inertia_stamped__rosidl_typesupport_introspection_c.h
[0.604s] -- Up-to-date: /root/ros_ws/src/Rescue_Car_ws/install/geometry_msgs/include/geometry_msgs/geometry_msgs/msg/detail/accel_with_covariance__rosidl_typesupport_introspection_c.h
[0.604s] -- Up-to-date: /root/ros_ws/src/Rescue_Car_ws/install/geometry_msgs/include/geometry_msgs/geometry_msgs/msg/detail/accel_with_covariance__type_support.c
[0.604s] -- Up-to-date: /root/ros_ws/src/Rescue_Car_ws/install/geometry_msgs/include/geometry_msgs/geometry_msgs/msg/detail/vector3_stamped__rosidl_typesupport_introspection_c.h
[0.604s] -- Up-to-date: /root/ros_ws/src/Rescue_Car_ws/install/geometry_msgs/include/geometry_msgs/geometry_msgs/msg/detail/accel_stamped__rosidl_typesupport_introspection_c.h
[0.604s] -- Up-to-date: /root/ros_ws/src/Rescue_Car_ws/install/geometry_msgs/include/geometry_msgs/geometry_msgs/msg/detail/pose_with_covariance__rosidl_typesupport_introspection_c.h
[0.604s] -- Up-to-date: /root/ros_ws/src/Rescue_Car_ws/install/geometry_msgs/include/geometry_msgs/geometry_msgs/msg/detail/twist_with_covariance_stamped__type_support.c
[0.604s] -- Up-to-date: /root/ros_ws/src/Rescue_Car_ws/install/geometry_msgs/include/geometry_msgs/geometry_msgs/msg/detail/polygon_stamped__rosidl_typesupport_introspection_c.h
[0.604s] -- Up-to-date: /root/ros_ws/src/Rescue_Car_ws/install/geometry_msgs/include/geometry_msgs/geometry_msgs/msg/detail/point32__rosidl_typesupport_introspection_c.h
[0.604s] -- Up-to-date: /root/ros_ws/src/Rescue_Car_ws/install/geometry_msgs/include/geometry_msgs/geometry_msgs/msg/detail/point__type_support.c
[0.604s] -- Up-to-date: /root/ros_ws/src/Rescue_Car_ws/install/geometry_msgs/include/geometry_msgs/geometry_msgs/msg/detail/accel__rosidl_typesupport_introspection_c.h
[0.604s] -- Up-to-date: /root/ros_ws/src/Rescue_Car_ws/install/geometry_msgs/include/geometry_msgs/geometry_msgs/msg/detail/pose_with_covariance_stamped__type_support.c
[0.604s] -- Up-to-date: /root/ros_ws/src/Rescue_Car_ws/install/geometry_msgs/include/geometry_msgs/geometry_msgs/msg/detail/pose__rosidl_typesupport_introspection_c.h
[0.604s] -- Up-to-date: /root/ros_ws/src/Rescue_Car_ws/install/geometry_msgs/include/geometry_msgs/geometry_msgs/msg/detail/polygon_stamped__type_support.c
[0.604s] -- Up-to-date: /root/ros_ws/src/Rescue_Car_ws/install/geometry_msgs/include/geometry_msgs/geometry_msgs/msg/detail/polygon_instance_stamped__rosidl_typesupport_introspection_c.h
[0.604s] -- Up-to-date: /root/ros_ws/src/Rescue_Car_ws/install/geometry_msgs/include/geometry_msgs/geometry_msgs/msg/detail/twist_stamped__type_support.c
[0.604s] -- Up-to-date: /root/ros_ws/src/Rescue_Car_ws/install/geometry_msgs/include/geometry_msgs/geometry_msgs/msg/detail/pose_stamped__type_support.c
[0.604s] -- Up-to-date: /root/ros_ws/src/Rescue_Car_ws/install/geometry_msgs/include/geometry_msgs/geometry_msgs/msg/detail/twist_with_covariance__type_support.c
[0.604s] -- Up-to-date: /root/ros_ws/src/Rescue_Car_ws/install/geometry_msgs/include/geometry_msgs/geometry_msgs/msg/detail/polygon_instance__type_support.c
[0.604s] -- Up-to-date: /root/ros_ws/src/Rescue_Car_ws/install/geometry_msgs/include/geometry_msgs/geometry_msgs/msg/detail/wrench__rosidl_typesupport_introspection_c.h
[0.604s] -- Up-to-date: /root/ros_ws/src/Rescue_Car_ws/install/geometry_msgs/include/geometry_msgs/geometry_msgs/msg/detail/inertia__type_support.c
[0.604s] -- Up-to-date: /root/ros_ws/src/Rescue_Car_ws/install/geometry_msgs/include/geometry_msgs/geometry_msgs/msg/detail/accel_with_covariance_stamped__type_support.c
[0.604s] -- Up-to-date: /root/ros_ws/src/Rescue_Car_ws/install/geometry_msgs/include/geometry_msgs/geometry_msgs/msg/detail/vector3_stamped__type_support.c
[0.604s] -- Up-to-date: /root/ros_ws/src/Rescue_Car_ws/install/geometry_msgs/include/geometry_msgs/geometry_msgs/msg/detail/pose_stamped__rosidl_typesupport_introspection_c.h
[0.605s] -- Up-to-date: /root/ros_ws/src/Rescue_Car_ws/install/geometry_msgs/include/geometry_msgs/geometry_msgs/msg/detail/quaternion_stamped__type_support.c
[0.605s] -- Up-to-date: /root/ros_ws/src/Rescue_Car_ws/install/geometry_msgs/include/geometry_msgs/geometry_msgs/msg/detail/polygon_instance__rosidl_typesupport_introspection_c.h
[0.605s] -- Up-to-date: /root/ros_ws/src/Rescue_Car_ws/install/geometry_msgs/include/geometry_msgs/geometry_msgs/msg/detail/quaternion__rosidl_typesupport_introspection_c.h
[0.605s] -- Up-to-date: /root/ros_ws/src/Rescue_Car_ws/install/geometry_msgs/lib/libgeometry_msgs__rosidl_typesupport_introspection_c.so
[0.605s] -- Up-to-date: /root/ros_ws/src/Rescue_Car_ws/install/geometry_msgs/lib/libgeometry_msgs__rosidl_typesupport_c.so
[0.605s] -- Up-to-date: /root/ros_ws/src/Rescue_Car_ws/install/geometry_msgs/include/geometry_msgs/geometry_msgs
[0.605s] -- Up-to-date: /root/ros_ws/src/Rescue_Car_ws/install/geometry_msgs/include/geometry_msgs/geometry_msgs/msg
[0.605s] -- Up-to-date: /root/ros_ws/src/Rescue_Car_ws/install/geometry_msgs/include/geometry_msgs/geometry_msgs/msg/twist.hpp
[0.605s] -- Up-to-date: /root/ros_ws/src/Rescue_Car_ws/install/geometry_msgs/include/geometry_msgs/geometry_msgs/msg/quaternion_stamped.hpp
[0.605s] -- Up-to-date: /root/ros_ws/src/Rescue_Car_ws/install/geometry_msgs/include/geometry_msgs/geometry_msgs/msg/rosidl_generator_cpp__visibility_control.hpp
[0.605s] -- Up-to-date: /root/ros_ws/src/Rescue_Car_ws/install/geometry_msgs/include/geometry_msgs/geometry_msgs/msg/polygon.hpp
[0.605s] -- Up-to-date: /root/ros_ws/src/Rescue_Car_ws/install/geometry_msgs/include/geometry_msgs/geometry_msgs/msg/transform_stamped.hpp
[0.605s] -- Up-to-date: /root/ros_ws/src/Rescue_Car_ws/install/geometry_msgs/include/geometry_msgs/geometry_msgs/msg/twist_with_covariance.hpp
[0.605s] -- Up-to-date: /root/ros_ws/src/Rescue_Car_ws/install/geometry_msgs/include/geometry_msgs/geometry_msgs/msg/pose.hpp
[0.605s] -- Up-to-date: /root/ros_ws/src/Rescue_Car_ws/install/geometry_msgs/include/geometry_msgs/geometry_msgs/msg/polygon_instance_stamped.hpp
[0.605s] -- Up-to-date: /root/ros_ws/src/Rescue_Car_ws/install/geometry_msgs/include/geometry_msgs/geometry_msgs/msg/vector3_stamped.hpp
[0.605s] -- Up-to-date: /root/ros_ws/src/Rescue_Car_ws/install/geometry_msgs/include/geometry_msgs/geometry_msgs/msg/accel.hpp
[0.605s] -- Up-to-date: /root/ros_ws/src/Rescue_Car_ws/install/geometry_msgs/include/geometry_msgs/geometry_msgs/msg/twist_stamped.hpp
[0.605s] -- Up-to-date: /root/ros_ws/src/Rescue_Car_ws/install/geometry_msgs/include/geometry_msgs/geometry_msgs/msg/pose2_d.hpp
[0.605s] -- Up-to-date: /root/ros_ws/src/Rescue_Car_ws/install/geometry_msgs/include/geometry_msgs/geometry_msgs/msg/inertia_stamped.hpp
[0.605s] -- Up-to-date: /root/ros_ws/src/Rescue_Car_ws/install/geometry_msgs/include/geometry_msgs/geometry_msgs/msg/detail
[0.606s] -- Up-to-date: /root/ros_ws/src/Rescue_Car_ws/install/geometry_msgs/include/geometry_msgs/geometry_msgs/msg/detail/wrench__struct.hpp
[0.606s] -- Up-to-date: /root/ros_ws/src/Rescue_Car_ws/install/geometry_msgs/include/geometry_msgs/geometry_msgs/msg/detail/inertia__builder.hpp
[0.606s] -- Up-to-date: /root/ros_ws/src/Rescue_Car_ws/install/geometry_msgs/include/geometry_msgs/geometry_msgs/msg/detail/accel_with_covariance_stamped__builder.hpp
[0.606s] -- Up-to-date: /root/ros_ws/src/Rescue_Car_ws/install/geometry_msgs/include/geometry_msgs/geometry_msgs/msg/detail/polygon_stamped__type_support.hpp
[0.606s] -- Up-to-date: /root/ros_ws/src/Rescue_Car_ws/install/geometry_msgs/include/geometry_msgs/geometry_msgs/msg/detail/quaternion_stamped__traits.hpp
[0.606s] -- Up-to-date: /root/ros_ws/src/Rescue_Car_ws/install/geometry_msgs/include/geometry_msgs/geometry_msgs/msg/detail/vector3_stamped__struct.hpp
[0.606s] -- Up-to-date: /root/ros_ws/src/Rescue_Car_ws/install/geometry_msgs/include/geometry_msgs/geometry_msgs/msg/detail/accel_stamped__traits.hpp
[0.606s] -- Up-to-date: /root/ros_ws/src/Rescue_Car_ws/install/geometry_msgs/include/geometry_msgs/geometry_msgs/msg/detail/twist_with_covariance_stamped__type_support.hpp
[0.606s] -- Up-to-date: /root/ros_ws/src/Rescue_Car_ws/install/geometry_msgs/include/geometry_msgs/geometry_msgs/msg/detail/polygon_instance__builder.hpp
[0.606s] -- Up-to-date: /root/ros_ws/src/Rescue_Car_ws/install/geometry_msgs/include/geometry_msgs/geometry_msgs/msg/detail/wrench__type_support.hpp
[0.606s] -- Up-to-date: /root/ros_ws/src/Rescue_Car_ws/install/geometry_msgs/include/geometry_msgs/geometry_msgs/msg/detail/quaternion_stamped__type_support.hpp
[0.606s] -- Up-to-date: /root/ros_ws/src/Rescue_Car_ws/install/geometry_msgs/include/geometry_msgs/geometry_msgs/msg/detail/vector3__builder.hpp
[0.606s] -- Up-to-date: /root/ros_ws/src/Rescue_Car_ws/install/geometry_msgs/include/geometry_msgs/geometry_msgs/msg/detail/twist_stamped__type_support.hpp
[0.606s] -- Up-to-date: /root/ros_ws/src/Rescue_Car_ws/install/geometry_msgs/include/geometry_msgs/geometry_msgs/msg/detail/pose_array__traits.hpp
[0.606s] -- Up-to-date: /root/ros_ws/src/Rescue_Car_ws/install/geometry_msgs/include/geometry_msgs/geometry_msgs/msg/detail/accel_with_covariance__type_support.hpp
[0.606s] -- Up-to-date: /root/ros_ws/src/Rescue_Car_ws/install/geometry_msgs/include/geometry_msgs/geometry_msgs/msg/detail/point32__builder.hpp
[0.606s] -- Up-to-date: /root/ros_ws/src/Rescue_Car_ws/install/geometry_msgs/include/geometry_msgs/geometry_msgs/msg/detail/accel_stamped__type_support.hpp
[0.606s] -- Up-to-date: /root/ros_ws/src/Rescue_Car_ws/install/geometry_msgs/include/geometry_msgs/geometry_msgs/msg/detail/twist__traits.hpp
[0.606s] -- Up-to-date: /root/ros_ws/src/Rescue_Car_ws/install/geometry_msgs/include/geometry_msgs/geometry_msgs/msg/detail/wrench_stamped__struct.hpp
[0.606s] -- Up-to-date: /root/ros_ws/src/Rescue_Car_ws/install/geometry_msgs/include/geometry_msgs/geometry_msgs/msg/detail/quaternion__builder.hpp
[0.607s] -- Up-to-date: /root/ros_ws/src/Rescue_Car_ws/install/geometry_msgs/include/geometry_msgs/geometry_msgs/msg/detail/polygon_instance__type_support.hpp
[0.607s] -- Up-to-date: /root/ros_ws/src/Rescue_Car_ws/install/geometry_msgs/include/geometry_msgs/geometry_msgs/msg/detail/pose_with_covariance__traits.hpp
[0.607s] -- Up-to-date: /root/ros_ws/src/Rescue_Car_ws/install/geometry_msgs/include/geometry_msgs/geometry_msgs/msg/detail/twist_with_covariance__struct.hpp
[0.607s] -- Up-to-date: /root/ros_ws/src/Rescue_Car_ws/install/geometry_msgs/include/geometry_msgs/geometry_msgs/msg/detail/quaternion_stamped__builder.hpp
[0.607s] -- Up-to-date: /root/ros_ws/src/Rescue_Car_ws/install/geometry_msgs/include/geometry_msgs/geometry_msgs/msg/detail/accel__type_support.hpp
[0.607s] -- Up-to-date: /root/ros_ws/src/Rescue_Car_ws/install/geometry_msgs/include/geometry_msgs/geometry_msgs/msg/detail/point_stamped__struct.hpp
[0.607s] -- Up-to-date: /root/ros_ws/src/Rescue_Car_ws/install/geometry_msgs/include/geometry_msgs/geometry_msgs/msg/detail/twist__type_support.hpp
[0.607s] -- Up-to-date: /root/ros_ws/src/Rescue_Car_ws/install/geometry_msgs/include/geometry_msgs/geometry_msgs/msg/detail/pose__type_support.hpp
[0.607s] -- Up-to-date: /root/ros_ws/src/Rescue_Car_ws/install/geometry_msgs/include/geometry_msgs/geometry_msgs/msg/detail/twist_with_covariance_stamped__builder.hpp
[0.607s] -- Up-to-date: /root/ros_ws/src/Rescue_Car_ws/install/geometry_msgs/include/geometry_msgs/geometry_msgs/msg/detail/pose_stamped__type_support.hpp
[0.607s] -- Up-to-date: /root/ros_ws/src/Rescue_Car_ws/install/geometry_msgs/include/geometry_msgs/geometry_msgs/msg/detail/pose2_d__traits.hpp
[0.607s] -- Up-to-date: /root/ros_ws/src/Rescue_Car_ws/install/geometry_msgs/include/geometry_msgs/geometry_msgs/msg/detail/point__type_support.hpp
[0.607s] -- Up-to-date: /root/ros_ws/src/Rescue_Car_ws/install/geometry_msgs/include/geometry_msgs/geometry_msgs/msg/detail/quaternion__struct.hpp
[0.607s] -- Up-to-date: /root/ros_ws/src/Rescue_Car_ws/install/geometry_msgs/include/geometry_msgs/geometry_msgs/msg/detail/pose_with_covariance_stamped__traits.hpp
[0.607s] -- Up-to-date: /root/ros_ws/src/Rescue_Car_ws/install/geometry_msgs/include/geometry_msgs/geometry_msgs/msg/detail/pose_with_covariance__struct.hpp
[0.607s] -- Up-to-date: /root/ros_ws/src/Rescue_Car_ws/install/geometry_msgs/include/geometry_msgs/geometry_msgs/msg/detail/vector3_stamped__type_support.hpp
[0.607s] -- Up-to-date: /root/ros_ws/src/Rescue_Car_ws/install/geometry_msgs/include/geometry_msgs/geometry_msgs/msg/detail/velocity_stamped__struct.hpp
[0.607s] -- Up-to-date: /root/ros_ws/src/Rescue_Car_ws/install/geometry_msgs/include/geometry_msgs/geometry_msgs/msg/detail/polygon_instance__struct.hpp
[0.607s] -- Up-to-date: /root/ros_ws/src/Rescue_Car_ws/install/geometry_msgs/include/geometry_msgs/geometry_msgs/msg/detail/inertia__traits.hpp
[0.607s] -- Up-to-date: /root/ros_ws/src/Rescue_Car_ws/install/geometry_msgs/include/geometry_msgs/geometry_msgs/msg/detail/accel__struct.hpp
[0.608s] -- Up-to-date: /root/ros_ws/src/Rescue_Car_ws/install/geometry_msgs/include/geometry_msgs/geometry_msgs/msg/detail/point__struct.hpp
[0.608s] -- Up-to-date: /root/ros_ws/src/Rescue_Car_ws/install/geometry_msgs/include/geometry_msgs/geometry_msgs/msg/detail/pose2_d__struct.hpp
[0.608s] -- Up-to-date: /root/ros_ws/src/Rescue_Car_ws/install/geometry_msgs/include/geometry_msgs/geometry_msgs/msg/detail/polygon_instance_stamped__builder.hpp
[0.608s] -- Up-to-date: /root/ros_ws/src/Rescue_Car_ws/install/geometry_msgs/include/geometry_msgs/geometry_msgs/msg/detail/polygon__type_support.hpp
[0.608s] -- Up-to-date: /root/ros_ws/src/Rescue_Car_ws/install/geometry_msgs/include/geometry_msgs/geometry_msgs/msg/detail/velocity_stamped__traits.hpp
[0.608s] -- Up-to-date: /root/ros_ws/src/Rescue_Car_ws/install/geometry_msgs/include/geometry_msgs/geometry_msgs/msg/detail/wrench__traits.hpp
[0.608s] -- Up-to-date: /root/ros_ws/src/Rescue_Car_ws/install/geometry_msgs/include/geometry_msgs/geometry_msgs/msg/detail/pose_array__struct.hpp
[0.608s] -- Up-to-date: /root/ros_ws/src/Rescue_Car_ws/install/geometry_msgs/include/geometry_msgs/geometry_msgs/msg/detail/transform_stamped__struct.hpp
[0.608s] -- Up-to-date: /root/ros_ws/src/Rescue_Car_ws/install/geometry_msgs/include/geometry_msgs/geometry_msgs/msg/detail/twist_with_covariance_stamped__struct.hpp
[0.608s] -- Up-to-date: /root/ros_ws/src/Rescue_Car_ws/install/geometry_msgs/include/geometry_msgs/geometry_msgs/msg/detail/point_stamped__traits.hpp
[0.608s] -- Up-to-date: /root/ros_ws/src/Rescue_Car_ws/install/geometry_msgs/include/geometry_msgs/geometry_msgs/msg/detail/inertia_stamped__struct.hpp
[0.608s] -- Up-to-date: /root/ros_ws/src/Rescue_Car_ws/install/geometry_msgs/include/geometry_msgs/geometry_msgs/msg/detail/wrench_stamped__type_support.hpp
[0.608s] -- Up-to-date: /root/ros_ws/src/Rescue_Car_ws/install/geometry_msgs/include/geometry_msgs/geometry_msgs/msg/detail/twist_with_covariance__builder.hpp
[0.608s] -- Up-to-date: /root/ros_ws/src/Rescue_Car_ws/install/geometry_msgs/include/geometry_msgs/geometry_msgs/msg/detail/accel_with_covariance_stamped__traits.hpp
[0.608s] -- Up-to-date: /root/ros_ws/src/Rescue_Car_ws/install/geometry_msgs/include/geometry_msgs/geometry_msgs/msg/detail/twist_with_covariance__traits.hpp
[0.608s] -- Up-to-date: /root/ros_ws/src/Rescue_Car_ws/install/geometry_msgs/include/geometry_msgs/geometry_msgs/msg/detail/quaternion__traits.hpp
[0.608s] -- Up-to-date: /root/ros_ws/src/Rescue_Car_ws/install/geometry_msgs/include/geometry_msgs/geometry_msgs/msg/detail/pose_stamped__struct.hpp
[0.608s] -- Up-to-date: /root/ros_ws/src/Rescue_Car_ws/install/geometry_msgs/include/geometry_msgs/geometry_msgs/msg/detail/inertia__type_support.hpp
[0.608s] -- Up-to-date: /root/ros_ws/src/Rescue_Car_ws/install/geometry_msgs/include/geometry_msgs/geometry_msgs/msg/detail/pose_with_covariance__type_support.hpp
[0.608s] -- Up-to-date: /root/ros_ws/src/Rescue_Car_ws/install/geometry_msgs/include/geometry_msgs/geometry_msgs/msg/detail/transform_stamped__type_support.hpp
[0.608s] -- Up-to-date: /root/ros_ws/src/Rescue_Car_ws/install/geometry_msgs/include/geometry_msgs/geometry_msgs/msg/detail/accel__builder.hpp
[0.608s] -- Up-to-date: /root/ros_ws/src/Rescue_Car_ws/install/geometry_msgs/include/geometry_msgs/geometry_msgs/msg/detail/wrench__builder.hpp
[0.608s] -- Up-to-date: /root/ros_ws/src/Rescue_Car_ws/install/geometry_msgs/include/geometry_msgs/geometry_msgs/msg/detail/point_stamped__builder.hpp
[0.608s] -- Up-to-date: /root/ros_ws/src/Rescue_Car_ws/install/geometry_msgs/include/geometry_msgs/geometry_msgs/msg/detail/vector3__traits.hpp
[0.609s] -- Up-to-date: /root/ros_ws/src/Rescue_Car_ws/install/geometry_msgs/include/geometry_msgs/geometry_msgs/msg/detail/wrench_stamped__traits.hpp
[0.609s] -- Up-to-date: /root/ros_ws/src/Rescue_Car_ws/install/geometry_msgs/include/geometry_msgs/geometry_msgs/msg/detail/transform__type_support.hpp
[0.609s] -- Up-to-date: /root/ros_ws/src/Rescue_Car_ws/install/geometry_msgs/include/geometry_msgs/geometry_msgs/msg/detail/pose_with_covariance_stamped__struct.hpp
[0.609s] -- Up-to-date: /root/ros_ws/src/Rescue_Car_ws/install/geometry_msgs/include/geometry_msgs/geometry_msgs/msg/detail/pose_array__type_support.hpp
[0.609s] -- Up-to-date: /root/ros_ws/src/Rescue_Car_ws/install/geometry_msgs/include/geometry_msgs/geometry_msgs/msg/detail/twist_stamped__struct.hpp
[0.609s] -- Up-to-date: /root/ros_ws/src/Rescue_Car_ws/install/geometry_msgs/include/geometry_msgs/geometry_msgs/msg/detail/pose_with_covariance__builder.hpp
[0.609s] -- Up-to-date: /root/ros_ws/src/Rescue_Car_ws/install/geometry_msgs/include/geometry_msgs/geometry_msgs/msg/detail/accel_with_covariance__struct.hpp
[0.609s] -- Up-to-date: /root/ros_ws/src/Rescue_Car_ws/install/geometry_msgs/include/geometry_msgs/geometry_msgs/msg/detail/quaternion_stamped__struct.hpp
[0.609s] -- Up-to-date: /root/ros_ws/src/Rescue_Car_ws/install/geometry_msgs/include/geometry_msgs/geometry_msgs/msg/detail/accel__traits.hpp
[0.609s] -- Up-to-date: /root/ros_ws/src/Rescue_Car_ws/install/geometry_msgs/include/geometry_msgs/geometry_msgs/msg/detail/polygon__builder.hpp
[0.609s] -- Up-to-date: /root/ros_ws/src/Rescue_Car_ws/install/geometry_msgs/include/geometry_msgs/geometry_msgs/msg/detail/point_stamped__type_support.hpp
[0.609s] -- Up-to-date: /root/ros_ws/src/Rescue_Car_ws/install/geometry_msgs/include/geometry_msgs/geometry_msgs/msg/detail/twist__builder.hpp
[0.609s] -- Up-to-date: /root/ros_ws/src/Rescue_Car_ws/install/geometry_msgs/include/geometry_msgs/geometry_msgs/msg/detail/polygon__traits.hpp
[0.609s] -- Up-to-date: /root/ros_ws/src/Rescue_Car_ws/install/geometry_msgs/include/geometry_msgs/geometry_msgs/msg/detail/pose__builder.hpp
[0.609s] -- Up-to-date: /root/ros_ws/src/Rescue_Car_ws/install/geometry_msgs/include/geometry_msgs/geometry_msgs/msg/detail/polygon__struct.hpp
[0.609s] -- Up-to-date: /root/ros_ws/src/Rescue_Car_ws/install/geometry_msgs/include/geometry_msgs/geometry_msgs/msg/detail/accel_stamped__struct.hpp
[0.609s] -- Up-to-date: /root/ros_ws/src/Rescue_Car_ws/install/geometry_msgs/include/geometry_msgs/geometry_msgs/msg/detail/polygon_instance__traits.hpp
[0.609s] -- Up-to-date: /root/ros_ws/src/Rescue_Car_ws/install/geometry_msgs/include/geometry_msgs/geometry_msgs/msg/detail/polygon_instance_stamped__type_support.hpp
[0.609s] -- Up-to-date: /root/ros_ws/src/Rescue_Car_ws/install/geometry_msgs/include/geometry_msgs/geometry_msgs/msg/detail/transform_stamped__traits.hpp
[0.609s] -- Up-to-date: /root/ros_ws/src/Rescue_Car_ws/install/geometry_msgs/include/geometry_msgs/geometry_msgs/msg/detail/transform__struct.hpp
[0.609s] -- Up-to-date: /root/ros_ws/src/Rescue_Car_ws/install/geometry_msgs/include/geometry_msgs/geometry_msgs/msg/detail/inertia_stamped__builder.hpp
[0.610s] -- Up-to-date: /root/ros_ws/src/Rescue_Car_ws/install/geometry_msgs/include/geometry_msgs/geometry_msgs/msg/detail/velocity_stamped__type_support.hpp
[0.610s] -- Up-to-date: /root/ros_ws/src/Rescue_Car_ws/install/geometry_msgs/include/geometry_msgs/geometry_msgs/msg/detail/pose2_d__type_support.hpp
[0.610s] -- Up-to-date: /root/ros_ws/src/Rescue_Car_ws/install/geometry_msgs/include/geometry_msgs/geometry_msgs/msg/detail/pose_stamped__traits.hpp
[0.610s] -- Up-to-date: /root/ros_ws/src/Rescue_Car_ws/install/geometry_msgs/include/geometry_msgs/geometry_msgs/msg/detail/pose_with_covariance_stamped__type_support.hpp
[0.610s] -- Up-to-date: /root/ros_ws/src/Rescue_Car_ws/install/geometry_msgs/include/geometry_msgs/geometry_msgs/msg/detail/velocity_stamped__builder.hpp
[0.610s] -- Up-to-date: /root/ros_ws/src/Rescue_Car_ws/install/geometry_msgs/include/geometry_msgs/geometry_msgs/msg/detail/point32__struct.hpp
[0.610s] -- Up-to-date: /root/ros_ws/src/Rescue_Car_ws/install/geometry_msgs/include/geometry_msgs/geometry_msgs/msg/detail/inertia_stamped__traits.hpp
[0.610s] -- Up-to-date: /root/ros_ws/src/Rescue_Car_ws/install/geometry_msgs/include/geometry_msgs/geometry_msgs/msg/detail/pose_with_covariance_stamped__builder.hpp
[0.610s] -- Up-to-date: /root/ros_ws/src/Rescue_Car_ws/install/geometry_msgs/include/geometry_msgs/geometry_msgs/msg/detail/twist_stamped__traits.hpp
[0.610s] -- Up-to-date: /root/ros_ws/src/Rescue_Car_ws/install/geometry_msgs/include/geometry_msgs/geometry_msgs/msg/detail/transform__builder.hpp
[0.610s] -- Up-to-date: /root/ros_ws/src/Rescue_Car_ws/install/geometry_msgs/include/geometry_msgs/geometry_msgs/msg/detail/twist_stamped__builder.hpp
[0.610s] -- Up-to-date: /root/ros_ws/src/Rescue_Car_ws/install/geometry_msgs/include/geometry_msgs/geometry_msgs/msg/detail/polygon_instance_stamped__struct.hpp
[0.610s] -- Up-to-date: /root/ros_ws/src/Rescue_Car_ws/install/geometry_msgs/include/geometry_msgs/geometry_msgs/msg/detail/point__traits.hpp
[0.610s] -- Up-to-date: /root/ros_ws/src/Rescue_Car_ws/install/geometry_msgs/include/geometry_msgs/geometry_msgs/msg/detail/transform_stamped__builder.hpp
[0.610s] -- Up-to-date: /root/ros_ws/src/Rescue_Car_ws/install/geometry_msgs/include/geometry_msgs/geometry_msgs/msg/detail/point32__type_support.hpp
[0.612s] -- Up-to-date: /root/ros_ws/src/Rescue_Car_ws/install/geometry_msgs/include/geometry_msgs/geometry_msgs/msg/detail/accel_with_covariance_stamped__struct.hpp
[0.612s] -- Up-to-date: /root/ros_ws/src/Rescue_Car_ws/install/geometry_msgs/include/geometry_msgs/geometry_msgs/msg/detail/point32__traits.hpp
[0.612s] -- Up-to-date: /root/ros_ws/src/Rescue_Car_ws/install/geometry_msgs/include/geometry_msgs/geometry_msgs/msg/detail/vector3_stamped__builder.hpp
[0.612s] -- Up-to-date: /root/ros_ws/src/Rescue_Car_ws/install/geometry_msgs/include/geometry_msgs/geometry_msgs/msg/detail/quaternion__type_support.hpp
[0.612s] -- Up-to-date: /root/ros_ws/src/Rescue_Car_ws/install/geometry_msgs/include/geometry_msgs/geometry_msgs/msg/detail/accel_with_covariance_stamped__type_support.hpp
[0.612s] -- Up-to-date: /root/ros_ws/src/Rescue_Car_ws/install/geometry_msgs/include/geometry_msgs/geometry_msgs/msg/detail/twist_with_covariance_stamped__traits.hpp
[0.612s] -- Up-to-date: /root/ros_ws/src/Rescue_Car_ws/install/geometry_msgs/include/geometry_msgs/geometry_msgs/msg/detail/polygon_stamped__traits.hpp
[0.613s] -- Up-to-date: /root/ros_ws/src/Rescue_Car_ws/install/geometry_msgs/include/geometry_msgs/geometry_msgs/msg/detail/pose2_d__builder.hpp
[0.613s] -- Up-to-date: /root/ros_ws/src/Rescue_Car_ws/install/geometry_msgs/include/geometry_msgs/geometry_msgs/msg/detail/vector3_stamped__traits.hpp
[0.614s] -- Up-to-date: /root/ros_ws/src/Rescue_Car_ws/install/geometry_msgs/include/geometry_msgs/geometry_msgs/msg/detail/pose_array__builder.hpp
[0.614s] -- Up-to-date: /root/ros_ws/src/Rescue_Car_ws/install/geometry_msgs/include/geometry_msgs/geometry_msgs/msg/detail/accel_with_covariance__builder.hpp
[0.614s] -- Up-to-date: /root/ros_ws/src/Rescue_Car_ws/install/geometry_msgs/include/geometry_msgs/geometry_msgs/msg/detail/polygon_stamped__struct.hpp
[0.614s] -- Up-to-date: /root/ros_ws/src/Rescue_Car_ws/install/geometry_msgs/include/geometry_msgs/geometry_msgs/msg/detail/pose_stamped__builder.hpp
[0.615s] -- Up-to-date: /root/ros_ws/src/Rescue_Car_ws/install/geometry_msgs/include/geometry_msgs/geometry_msgs/msg/detail/accel_with_covariance__traits.hpp
[0.615s] -- Up-to-date: /root/ros_ws/src/Rescue_Car_ws/install/geometry_msgs/include/geometry_msgs/geometry_msgs/msg/detail/vector3__type_support.hpp
[0.615s] -- Up-to-date: /root/ros_ws/src/Rescue_Car_ws/install/geometry_msgs/include/geometry_msgs/geometry_msgs/msg/detail/polygon_stamped__builder.hpp
[0.615s] -- Up-to-date: /root/ros_ws/src/Rescue_Car_ws/install/geometry_msgs/include/geometry_msgs/geometry_msgs/msg/detail/inertia__struct.hpp
[0.615s] -- Up-to-date: /root/ros_ws/src/Rescue_Car_ws/install/geometry_msgs/include/geometry_msgs/geometry_msgs/msg/detail/point__builder.hpp
[0.616s] -- Up-to-date: /root/ros_ws/src/Rescue_Car_ws/install/geometry_msgs/include/geometry_msgs/geometry_msgs/msg/detail/wrench_stamped__builder.hpp
[0.616s] -- Up-to-date: /root/ros_ws/src/Rescue_Car_ws/install/geometry_msgs/include/geometry_msgs/geometry_msgs/msg/detail/accel_stamped__builder.hpp
[0.616s] -- Up-to-date: /root/ros_ws/src/Rescue_Car_ws/install/geometry_msgs/include/geometry_msgs/geometry_msgs/msg/detail/inertia_stamped__type_support.hpp
[0.617s] -- Up-to-date: /root/ros_ws/src/Rescue_Car_ws/install/geometry_msgs/include/geometry_msgs/geometry_msgs/msg/detail/twist_with_covariance__type_support.hpp
[0.617s] -- Up-to-date: /root/ros_ws/src/Rescue_Car_ws/install/geometry_msgs/include/geometry_msgs/geometry_msgs/msg/detail/transform__traits.hpp
[0.617s] -- Up-to-date: /root/ros_ws/src/Rescue_Car_ws/install/geometry_msgs/include/geometry_msgs/geometry_msgs/msg/detail/pose__traits.hpp
[0.617s] -- Up-to-date: /root/ros_ws/src/Rescue_Car_ws/install/geometry_msgs/include/geometry_msgs/geometry_msgs/msg/detail/pose__struct.hpp
[0.618s] -- Up-to-date: /root/ros_ws/src/Rescue_Car_ws/install/geometry_msgs/include/geometry_msgs/geometry_msgs/msg/detail/polygon_instance_stamped__traits.hpp
[0.618s] -- Up-to-date: /root/ros_ws/src/Rescue_Car_ws/install/geometry_msgs/include/geometry_msgs/geometry_msgs/msg/detail/twist__struct.hpp
[0.618s] -- Up-to-date: /root/ros_ws/src/Rescue_Car_ws/install/geometry_msgs/include/geometry_msgs/geometry_msgs/msg/detail/vector3__struct.hpp
[0.618s] -- Up-to-date: /root/ros_ws/src/Rescue_Car_ws/install/geometry_msgs/include/geometry_msgs/geometry_msgs/msg/point32.hpp
[0.619s] -- Up-to-date: /root/ros_ws/src/Rescue_Car_ws/install/geometry_msgs/include/geometry_msgs/geometry_msgs/msg/twist_with_covariance_stamped.hpp
[0.619s] -- Up-to-date: /root/ros_ws/src/Rescue_Car_ws/install/geometry_msgs/include/geometry_msgs/geometry_msgs/msg/quaternion.hpp
[0.620s] -- Up-to-date: /root/ros_ws/src/Rescue_Car_ws/install/geometry_msgs/include/geometry_msgs/geometry_msgs/msg/vector3.hpp
[0.620s] -- Up-to-date: /root/ros_ws/src/Rescue_Car_ws/install/geometry_msgs/include/geometry_msgs/geometry_msgs/msg/point_stamped.hpp
[0.620s] -- Up-to-date: /root/ros_ws/src/Rescue_Car_ws/install/geometry_msgs/include/geometry_msgs/geometry_msgs/msg/accel_stamped.hpp
[0.627s] -- Up-to-date: /root/ros_ws/src/Rescue_Car_ws/install/geometry_msgs/include/geometry_msgs/geometry_msgs/msg/wrench.hpp
[0.628s] -- Up-to-date: /root/ros_ws/src/Rescue_Car_ws/install/geometry_msgs/include/geometry_msgs/geometry_msgs/msg/polygon_stamped.hpp
[0.628s] -- Up-to-date: /root/ros_ws/src/Rescue_Car_ws/install/geometry_msgs/include/geometry_msgs/geometry_msgs/msg/pose_stamped.hpp
[0.628s] -- Up-to-date: /root/ros_ws/src/Rescue_Car_ws/install/geometry_msgs/include/geometry_msgs/geometry_msgs/msg/wrench_stamped.hpp
[0.628s] -- Up-to-date: /root/ros_ws/src/Rescue_Car_ws/install/geometry_msgs/include/geometry_msgs/geometry_msgs/msg/transform.hpp
[0.629s] -- Up-to-date: /root/ros_ws/src/Rescue_Car_ws/install/geometry_msgs/include/geometry_msgs/geometry_msgs/msg/pose_with_covariance.hpp
[0.629s] -- Up-to-date: /root/ros_ws/src/Rescue_Car_ws/install/geometry_msgs/include/geometry_msgs/geometry_msgs/msg/pose_with_covariance_stamped.hpp
[0.629s] -- Up-to-date: /root/ros_ws/src/Rescue_Car_ws/install/geometry_msgs/include/geometry_msgs/geometry_msgs/msg/point.hpp
[0.629s] -- Up-to-date: /root/ros_ws/src/Rescue_Car_ws/install/geometry_msgs/include/geometry_msgs/geometry_msgs/msg/velocity_stamped.hpp
[0.629s] -- Up-to-date: /root/ros_ws/src/Rescue_Car_ws/install/geometry_msgs/include/geometry_msgs/geometry_msgs/msg/accel_with_covariance.hpp
[0.629s] -- Up-to-date: /root/ros_ws/src/Rescue_Car_ws/install/geometry_msgs/include/geometry_msgs/geometry_msgs/msg/polygon_instance.hpp
[0.630s] -- Up-to-date: /root/ros_ws/src/Rescue_Car_ws/install/geometry_msgs/include/geometry_msgs/geometry_msgs/msg/pose_array.hpp
[0.630s] -- Up-to-date: /root/ros_ws/src/Rescue_Car_ws/install/geometry_msgs/include/geometry_msgs/geometry_msgs/msg/accel_with_covariance_stamped.hpp
[0.630s] -- Up-to-date: /root/ros_ws/src/Rescue_Car_ws/install/geometry_msgs/include/geometry_msgs/geometry_msgs/msg/inertia.hpp
[0.630s] -- Up-to-date: /root/ros_ws/src/Rescue_Car_ws/install/geometry_msgs/include/geometry_msgs/geometry_msgs
[0.630s] -- Up-to-date: /root/ros_ws/src/Rescue_Car_ws/install/geometry_msgs/include/geometry_msgs/geometry_msgs/msg
[0.630s] -- Up-to-date: /root/ros_ws/src/Rescue_Car_ws/install/geometry_msgs/include/geometry_msgs/geometry_msgs/msg/rosidl_typesupport_fastrtps_cpp__visibility_control.h
[0.630s] -- Up-to-date: /root/ros_ws/src/Rescue_Car_ws/install/geometry_msgs/include/geometry_msgs/geometry_msgs/msg/detail
[0.631s] -- Up-to-date: /root/ros_ws/src/Rescue_Car_ws/install/geometry_msgs/include/geometry_msgs/geometry_msgs/msg/detail/pose_array__rosidl_typesupport_fastrtps_cpp.hpp
[0.631s] -- Up-to-date: /root/ros_ws/src/Rescue_Car_ws/install/geometry_msgs/include/geometry_msgs/geometry_msgs/msg/detail/polygon_stamped__rosidl_typesupport_fastrtps_cpp.hpp
[0.631s] -- Up-to-date: /root/ros_ws/src/Rescue_Car_ws/install/geometry_msgs/include/geometry_msgs/geometry_msgs/msg/detail/pose_with_covariance__rosidl_typesupport_fastrtps_cpp.hpp
[0.631s] -- Up-to-date: /root/ros_ws/src/Rescue_Car_ws/install/geometry_msgs/include/geometry_msgs/geometry_msgs/msg/detail/wrench__rosidl_typesupport_fastrtps_cpp.hpp
[0.632s] -- Up-to-date: /root/ros_ws/src/Rescue_Car_ws/install/geometry_msgs/include/geometry_msgs/geometry_msgs/msg/detail/vector3__rosidl_typesupport_fastrtps_cpp.hpp
[0.632s] -- Up-to-date: /root/ros_ws/src/Rescue_Car_ws/install/geometry_msgs/include/geometry_msgs/geometry_msgs/msg/detail/wrench_stamped__rosidl_typesupport_fastrtps_cpp.hpp
[0.632s] -- Up-to-date: /root/ros_ws/src/Rescue_Car_ws/install/geometry_msgs/include/geometry_msgs/geometry_msgs/msg/detail/point32__rosidl_typesupport_fastrtps_cpp.hpp
[0.632s] -- Up-to-date: /root/ros_ws/src/Rescue_Car_ws/install/geometry_msgs/include/geometry_msgs/geometry_msgs/msg/detail/accel__rosidl_typesupport_fastrtps_cpp.hpp
[0.633s] -- Up-to-date: /root/ros_ws/src/Rescue_Car_ws/install/geometry_msgs/include/geometry_msgs/geometry_msgs/msg/detail/polygon_instance__rosidl_typesupport_fastrtps_cpp.hpp
[0.633s] -- Up-to-date: /root/ros_ws/src/Rescue_Car_ws/install/geometry_msgs/include/geometry_msgs/geometry_msgs/msg/detail/transform_stamped__rosidl_typesupport_fastrtps_cpp.hpp
[0.633s] -- Up-to-date: /root/ros_ws/src/Rescue_Car_ws/install/geometry_msgs/include/geometry_msgs/geometry_msgs/msg/detail/inertia__rosidl_typesupport_fastrtps_cpp.hpp
[0.633s] -- Up-to-date: /root/ros_ws/src/Rescue_Car_ws/install/geometry_msgs/include/geometry_msgs/geometry_msgs/msg/detail/twist__rosidl_typesupport_fastrtps_cpp.hpp
[0.633s] -- Up-to-date: /root/ros_ws/src/Rescue_Car_ws/install/geometry_msgs/include/geometry_msgs/geometry_msgs/msg/detail/vector3_stamped__rosidl_typesupport_fastrtps_cpp.hpp
[0.633s] -- Up-to-date: /root/ros_ws/src/Rescue_Car_ws/install/geometry_msgs/include/geometry_msgs/geometry_msgs/msg/detail/dds_fastrtps
[0.633s] -- Up-to-date: /root/ros_ws/src/Rescue_Car_ws/install/geometry_msgs/include/geometry_msgs/geometry_msgs/msg/detail/pose__rosidl_typesupport_fastrtps_cpp.hpp
[0.633s] -- Up-to-date: /root/ros_ws/src/Rescue_Car_ws/install/geometry_msgs/include/geometry_msgs/geometry_msgs/msg/detail/twist_with_covariance__rosidl_typesupport_fastrtps_cpp.hpp
[0.633s] -- Up-to-date: /root/ros_ws/src/Rescue_Car_ws/install/geometry_msgs/include/geometry_msgs/geometry_msgs/msg/detail/twist_with_covariance_stamped__rosidl_typesupport_fastrtps_cpp.hpp
[0.634s] -- Up-to-date: /root/ros_ws/src/Rescue_Car_ws/install/geometry_msgs/include/geometry_msgs/geometry_msgs/msg/detail/accel_with_covariance__rosidl_typesupport_fastrtps_cpp.hpp
[0.634s] -- Up-to-date: /root/ros_ws/src/Rescue_Car_ws/install/geometry_msgs/include/geometry_msgs/geometry_msgs/msg/detail/point__rosidl_typesupport_fastrtps_cpp.hpp
[0.634s] -- Up-to-date: /root/ros_ws/src/Rescue_Car_ws/install/geometry_msgs/include/geometry_msgs/geometry_msgs/msg/detail/quaternion__rosidl_typesupport_fastrtps_cpp.hpp
[0.634s] -- Up-to-date: /root/ros_ws/src/Rescue_Car_ws/install/geometry_msgs/include/geometry_msgs/geometry_msgs/msg/detail/quaternion_stamped__rosidl_typesupport_fastrtps_cpp.hpp
[0.634s] -- Up-to-date: /root/ros_ws/src/Rescue_Car_ws/install/geometry_msgs/include/geometry_msgs/geometry_msgs/msg/detail/pose2_d__rosidl_typesupport_fastrtps_cpp.hpp
[0.634s] -- Up-to-date: /root/ros_ws/src/Rescue_Car_ws/install/geometry_msgs/include/geometry_msgs/geometry_msgs/msg/detail/polygon_instance_stamped__rosidl_typesupport_fastrtps_cpp.hpp
[0.635s] -- Up-to-date: /root/ros_ws/src/Rescue_Car_ws/install/geometry_msgs/include/geometry_msgs/geometry_msgs/msg/detail/pose_stamped__rosidl_typesupport_fastrtps_cpp.hpp
[0.636s] -- Up-to-date: /root/ros_ws/src/Rescue_Car_ws/install/geometry_msgs/include/geometry_msgs/geometry_msgs/msg/detail/inertia_stamped__rosidl_typesupport_fastrtps_cpp.hpp
[0.636s] -- Up-to-date: /root/ros_ws/src/Rescue_Car_ws/install/geometry_msgs/include/geometry_msgs/geometry_msgs/msg/detail/polygon__rosidl_typesupport_fastrtps_cpp.hpp
[0.636s] -- Up-to-date: /root/ros_ws/src/Rescue_Car_ws/install/geometry_msgs/include/geometry_msgs/geometry_msgs/msg/detail/transform__rosidl_typesupport_fastrtps_cpp.hpp
[0.636s] -- Up-to-date: /root/ros_ws/src/Rescue_Car_ws/install/geometry_msgs/include/geometry_msgs/geometry_msgs/msg/detail/accel_stamped__rosidl_typesupport_fastrtps_cpp.hpp
[0.637s] -- Up-to-date: /root/ros_ws/src/Rescue_Car_ws/install/geometry_msgs/include/geometry_msgs/geometry_msgs/msg/detail/velocity_stamped__rosidl_typesupport_fastrtps_cpp.hpp
[0.637s] -- Up-to-date: /root/ros_ws/src/Rescue_Car_ws/install/geometry_msgs/include/geometry_msgs/geometry_msgs/msg/detail/pose_with_covariance_stamped__rosidl_typesupport_fastrtps_cpp.hpp
[0.638s] -- Up-to-date: /root/ros_ws/src/Rescue_Car_ws/install/geometry_msgs/include/geometry_msgs/geometry_msgs/msg/detail/point_stamped__rosidl_typesupport_fastrtps_cpp.hpp
[0.638s] -- Up-to-date: /root/ros_ws/src/Rescue_Car_ws/install/geometry_msgs/include/geometry_msgs/geometry_msgs/msg/detail/accel_with_covariance_stamped__rosidl_typesupport_fastrtps_cpp.hpp
[0.638s] -- Up-to-date: /root/ros_ws/src/Rescue_Car_ws/install/geometry_msgs/include/geometry_msgs/geometry_msgs/msg/detail/twist_stamped__rosidl_typesupport_fastrtps_cpp.hpp
[0.638s] -- Up-to-date: /root/ros_ws/src/Rescue_Car_ws/install/geometry_msgs/lib/libgeometry_msgs__rosidl_typesupport_fastrtps_cpp.so
[0.639s] -- Up-to-date: /root/ros_ws/src/Rescue_Car_ws/install/geometry_msgs/include/geometry_msgs/geometry_msgs
[0.639s] -- Up-to-date: /root/ros_ws/src/Rescue_Car_ws/install/geometry_msgs/include/geometry_msgs/geometry_msgs/msg
[0.639s] -- Up-to-date: /root/ros_ws/src/Rescue_Car_ws/install/geometry_msgs/include/geometry_msgs/geometry_msgs/msg/detail
[0.639s] -- Up-to-date: /root/ros_ws/src/Rescue_Car_ws/install/geometry_msgs/include/geometry_msgs/geometry_msgs/msg/detail/pose_with_covariance_stamped__rosidl_typesupport_introspection_cpp.hpp
[0.639s] -- Up-to-date: /root/ros_ws/src/Rescue_Car_ws/install/geometry_msgs/include/geometry_msgs/geometry_msgs/msg/detail/pose2_d__type_support.cpp
[0.639s] -- Up-to-date: /root/ros_ws/src/Rescue_Car_ws/install/geometry_msgs/include/geometry_msgs/geometry_msgs/msg/detail/velocity_stamped__rosidl_typesupport_introspection_cpp.hpp
[0.639s] -- Up-to-date: /root/ros_ws/src/Rescue_Car_ws/install/geometry_msgs/include/geometry_msgs/geometry_msgs/msg/detail/twist_with_covariance__type_support.cpp
[0.639s] -- Up-to-date: /root/ros_ws/src/Rescue_Car_ws/install/geometry_msgs/include/geometry_msgs/geometry_msgs/msg/detail/polygon_stamped__type_support.cpp
[0.639s] -- Up-to-date: /root/ros_ws/src/Rescue_Car_ws/install/geometry_msgs/include/geometry_msgs/geometry_msgs/msg/detail/point_stamped__rosidl_typesupport_introspection_cpp.hpp
[0.639s] -- Up-to-date: /root/ros_ws/src/Rescue_Car_ws/install/geometry_msgs/include/geometry_msgs/geometry_msgs/msg/detail/inertia__type_support.cpp
[0.639s] -- Up-to-date: /root/ros_ws/src/Rescue_Car_ws/install/geometry_msgs/include/geometry_msgs/geometry_msgs/msg/detail/pose_stamped__rosidl_typesupport_introspection_cpp.hpp
[0.639s] -- Up-to-date: /root/ros_ws/src/Rescue_Car_ws/install/geometry_msgs/include/geometry_msgs/geometry_msgs/msg/detail/pose_stamped__type_support.cpp
[0.639s] -- Up-to-date: /root/ros_ws/src/Rescue_Car_ws/install/geometry_msgs/include/geometry_msgs/geometry_msgs/msg/detail/quaternion_stamped__type_support.cpp
[0.639s] -- Up-to-date: /root/ros_ws/src/Rescue_Car_ws/install/geometry_msgs/include/geometry_msgs/geometry_msgs/msg/detail/quaternion_stamped__rosidl_typesupport_introspection_cpp.hpp
[0.640s] -- Up-to-date: /root/ros_ws/src/Rescue_Car_ws/install/geometry_msgs/include/geometry_msgs/geometry_msgs/msg/detail/polygon_instance_stamped__type_support.cpp
[0.640s] -- Up-to-date: /root/ros_ws/src/Rescue_Car_ws/install/geometry_msgs/include/geometry_msgs/geometry_msgs/msg/detail/polygon_instance__type_support.cpp
[0.640s] -- Up-to-date: /root/ros_ws/src/Rescue_Car_ws/install/geometry_msgs/include/geometry_msgs/geometry_msgs/msg/detail/accel__rosidl_typesupport_introspection_cpp.hpp
[0.640s] -- Up-to-date: /root/ros_ws/src/Rescue_Car_ws/install/geometry_msgs/include/geometry_msgs/geometry_msgs/msg/detail/vector3__type_support.cpp
[0.640s] -- Up-to-date: /root/ros_ws/src/Rescue_Car_ws/install/geometry_msgs/include/geometry_msgs/geometry_msgs/msg/detail/twist_stamped__rosidl_typesupport_introspection_cpp.hpp
[0.640s] -- Up-to-date: /root/ros_ws/src/Rescue_Car_ws/install/geometry_msgs/include/geometry_msgs/geometry_msgs/msg/detail/transform__rosidl_typesupport_introspection_cpp.hpp
[0.640s] -- Up-to-date: /root/ros_ws/src/Rescue_Car_ws/install/geometry_msgs/include/geometry_msgs/geometry_msgs/msg/detail/point__type_support.cpp
[0.640s] -- Up-to-date: /root/ros_ws/src/Rescue_Car_ws/install/geometry_msgs/include/geometry_msgs/geometry_msgs/msg/detail/vector3_stamped__rosidl_typesupport_introspection_cpp.hpp
[0.640s] -- Up-to-date: /root/ros_ws/src/Rescue_Car_ws/install/geometry_msgs/include/geometry_msgs/geometry_msgs/msg/detail/inertia_stamped__rosidl_typesupport_introspection_cpp.hpp
[0.640s] -- Up-to-date: /root/ros_ws/src/Rescue_Car_ws/install/geometry_msgs/include/geometry_msgs/geometry_msgs/msg/detail/inertia__rosidl_typesupport_introspection_cpp.hpp
[0.640s] -- Up-to-date: /root/ros_ws/src/Rescue_Car_ws/install/geometry_msgs/include/geometry_msgs/geometry_msgs/msg/detail/point__rosidl_typesupport_introspection_cpp.hpp
[0.640s] -- Up-to-date: /root/ros_ws/src/Rescue_Car_ws/install/geometry_msgs/include/geometry_msgs/geometry_msgs/msg/detail/pose__type_support.cpp
[0.640s] -- Up-to-date: /root/ros_ws/src/Rescue_Car_ws/install/geometry_msgs/include/geometry_msgs/geometry_msgs/msg/detail/accel__type_support.cpp
[0.640s] -- Up-to-date: /root/ros_ws/src/Rescue_Car_ws/install/geometry_msgs/include/geometry_msgs/geometry_msgs/msg/detail/vector3__rosidl_typesupport_introspection_cpp.hpp
[0.641s] -- Up-to-date: /root/ros_ws/src/Rescue_Car_ws/install/geometry_msgs/include/geometry_msgs/geometry_msgs/msg/detail/wrench_stamped__type_support.cpp
[0.641s] -- Up-to-date: /root/ros_ws/src/Rescue_Car_ws/install/geometry_msgs/include/geometry_msgs/geometry_msgs/msg/detail/transform_stamped__type_support.cpp
[0.641s] -- Up-to-date: /root/ros_ws/src/Rescue_Car_ws/install/geometry_msgs/include/geometry_msgs/geometry_msgs/msg/detail/transform__type_support.cpp
[0.641s] -- Up-to-date: /root/ros_ws/src/Rescue_Car_ws/install/geometry_msgs/include/geometry_msgs/geometry_msgs/msg/detail/wrench__rosidl_typesupport_introspection_cpp.hpp
[0.641s] -- Up-to-date: /root/ros_ws/src/Rescue_Car_ws/install/geometry_msgs/include/geometry_msgs/geometry_msgs/msg/detail/twist_with_covariance_stamped__rosidl_typesupport_introspection_cpp.hpp
[0.641s] -- Up-to-date: /root/ros_ws/src/Rescue_Car_ws/install/geometry_msgs/include/geometry_msgs/geometry_msgs/msg/detail/pose_with_covariance_stamped__type_support.cpp
[0.641s] -- Up-to-date: /root/ros_ws/src/Rescue_Car_ws/install/geometry_msgs/include/geometry_msgs/geometry_msgs/msg/detail/transform_stamped__rosidl_typesupport_introspection_cpp.hpp
[0.641s] -- Up-to-date: /root/ros_ws/src/Rescue_Car_ws/install/geometry_msgs/include/geometry_msgs/geometry_msgs/msg/detail/pose_with_covariance__rosidl_typesupport_introspection_cpp.hpp
[0.641s] -- Up-to-date: /root/ros_ws/src/Rescue_Car_ws/install/geometry_msgs/include/geometry_msgs/geometry_msgs/msg/detail/wrench__type_support.cpp
[0.641s] -- Up-to-date: /root/ros_ws/src/Rescue_Car_ws/install/geometry_msgs/include/geometry_msgs/geometry_msgs/msg/detail/vector3_stamped__type_support.cpp
[0.641s] -- Up-to-date: /root/ros_ws/src/Rescue_Car_ws/install/geometry_msgs/include/geometry_msgs/geometry_msgs/msg/detail/pose2_d__rosidl_typesupport_introspection_cpp.hpp
[0.641s] -- Up-to-date: /root/ros_ws/src/Rescue_Car_ws/install/geometry_msgs/include/geometry_msgs/geometry_msgs/msg/detail/accel_with_covariance__type_support.cpp
[0.641s] -- Up-to-date: /root/ros_ws/src/Rescue_Car_ws/install/geometry_msgs/include/geometry_msgs/geometry_msgs/msg/detail/accel_with_covariance__rosidl_typesupport_introspection_cpp.hpp
[0.641s] -- Up-to-date: /root/ros_ws/src/Rescue_Car_ws/install/geometry_msgs/include/geometry_msgs/geometry_msgs/msg/detail/accel_with_covariance_stamped__rosidl_typesupport_introspection_cpp.hpp
[0.641s] -- Up-to-date: /root/ros_ws/src/Rescue_Car_ws/install/geometry_msgs/include/geometry_msgs/geometry_msgs/msg/detail/pose_array__rosidl_typesupport_introspection_cpp.hpp
[0.641s] -- Up-to-date: /root/ros_ws/src/Rescue_Car_ws/install/geometry_msgs/include/geometry_msgs/geometry_msgs/msg/detail/accel_stamped__type_support.cpp
[0.641s] -- Up-to-date: /root/ros_ws/src/Rescue_Car_ws/install/geometry_msgs/include/geometry_msgs/geometry_msgs/msg/detail/velocity_stamped__type_support.cpp
[0.642s] -- Up-to-date: /root/ros_ws/src/Rescue_Car_ws/install/geometry_msgs/include/geometry_msgs/geometry_msgs/msg/detail/accel_with_covariance_stamped__type_support.cpp
[0.642s] -- Up-to-date: /root/ros_ws/src/Rescue_Car_ws/install/geometry_msgs/include/geometry_msgs/geometry_msgs/msg/detail/quaternion__rosidl_typesupport_introspection_cpp.hpp
[0.642s] -- Up-to-date: /root/ros_ws/src/Rescue_Car_ws/install/geometry_msgs/include/geometry_msgs/geometry_msgs/msg/detail/polygon_instance_stamped__rosidl_typesupport_introspection_cpp.hpp
[0.642s] -- Up-to-date: /root/ros_ws/src/Rescue_Car_ws/install/geometry_msgs/include/geometry_msgs/geometry_msgs/msg/detail/polygon_stamped__rosidl_typesupport_introspection_cpp.hpp
[0.642s] -- Up-to-date: /root/ros_ws/src/Rescue_Car_ws/install/geometry_msgs/include/geometry_msgs/geometry_msgs/msg/detail/accel_stamped__rosidl_typesupport_introspection_cpp.hpp
[0.642s] -- Up-to-date: /root/ros_ws/src/Rescue_Car_ws/install/geometry_msgs/include/geometry_msgs/geometry_msgs/msg/detail/twist__type_support.cpp
[0.642s] -- Up-to-date: /root/ros_ws/src/Rescue_Car_ws/install/geometry_msgs/include/geometry_msgs/geometry_msgs/msg/detail/twist_with_covariance__rosidl_typesupport_introspection_cpp.hpp
[0.642s] -- Up-to-date: /root/ros_ws/src/Rescue_Car_ws/install/geometry_msgs/include/geometry_msgs/geometry_msgs/msg/detail/twist_stamped__type_support.cpp
[0.643s] -- Up-to-date: /root/ros_ws/src/Rescue_Car_ws/install/geometry_msgs/include/geometry_msgs/geometry_msgs/msg/detail/inertia_stamped__type_support.cpp
[0.643s] -- Up-to-date: /root/ros_ws/src/Rescue_Car_ws/install/geometry_msgs/include/geometry_msgs/geometry_msgs/msg/detail/point32__rosidl_typesupport_introspection_cpp.hpp
[0.644s] -- Up-to-date: /root/ros_ws/src/Rescue_Car_ws/install/geometry_msgs/include/geometry_msgs/geometry_msgs/msg/detail/wrench_stamped__rosidl_typesupport_introspection_cpp.hpp
[0.644s] -- Up-to-date: /root/ros_ws/src/Rescue_Car_ws/install/geometry_msgs/include/geometry_msgs/geometry_msgs/msg/detail/point_stamped__type_support.cpp
[0.644s] -- Up-to-date: /root/ros_ws/src/Rescue_Car_ws/install/geometry_msgs/include/geometry_msgs/geometry_msgs/msg/detail/point32__type_support.cpp
[0.644s] -- Up-to-date: /root/ros_ws/src/Rescue_Car_ws/install/geometry_msgs/include/geometry_msgs/geometry_msgs/msg/detail/pose_array__type_support.cpp
[0.644s] -- Up-to-date: /root/ros_ws/src/Rescue_Car_ws/install/geometry_msgs/include/geometry_msgs/geometry_msgs/msg/detail/pose_with_covariance__type_support.cpp
[0.645s] -- Up-to-date: /root/ros_ws/src/Rescue_Car_ws/install/geometry_msgs/include/geometry_msgs/geometry_msgs/msg/detail/polygon__rosidl_typesupport_introspection_cpp.hpp
[0.645s] -- Up-to-date: /root/ros_ws/src/Rescue_Car_ws/install/geometry_msgs/include/geometry_msgs/geometry_msgs/msg/detail/quaternion__type_support.cpp
[0.645s] -- Up-to-date: /root/ros_ws/src/Rescue_Car_ws/install/geometry_msgs/include/geometry_msgs/geometry_msgs/msg/detail/twist_with_covariance_stamped__type_support.cpp
[0.646s] -- Up-to-date: /root/ros_ws/src/Rescue_Car_ws/install/geometry_msgs/include/geometry_msgs/geometry_msgs/msg/detail/polygon_instance__rosidl_typesupport_introspection_cpp.hpp
[0.646s] -- Up-to-date: /root/ros_ws/src/Rescue_Car_ws/install/geometry_msgs/include/geometry_msgs/geometry_msgs/msg/detail/pose__rosidl_typesupport_introspection_cpp.hpp
[0.647s] -- Up-to-date: /root/ros_ws/src/Rescue_Car_ws/install/geometry_msgs/include/geometry_msgs/geometry_msgs/msg/detail/twist__rosidl_typesupport_introspection_cpp.hpp
[0.647s] -- Up-to-date: /root/ros_ws/src/Rescue_Car_ws/install/geometry_msgs/include/geometry_msgs/geometry_msgs/msg/detail/polygon__type_support.cpp
[0.648s] -- Up-to-date: /root/ros_ws/src/Rescue_Car_ws/install/geometry_msgs/lib/libgeometry_msgs__rosidl_typesupport_introspection_cpp.so
[0.648s] -- Up-to-date: /root/ros_ws/src/Rescue_Car_ws/install/geometry_msgs/lib/libgeometry_msgs__rosidl_typesupport_cpp.so
[0.648s] -- Up-to-date: /root/ros_ws/src/Rescue_Car_ws/install/geometry_msgs/share/geometry_msgs/environment/pythonpath.sh
[0.648s] -- Up-to-date: /root/ros_ws/src/Rescue_Car_ws/install/geometry_msgs/share/geometry_msgs/environment/pythonpath.dsv
[0.648s] -- Up-to-date: /root/ros_ws/src/Rescue_Car_ws/install/geometry_msgs/local/lib/python3.10/dist-packages/geometry_msgs-4.9.0-py3.10.egg-info
[0.648s] -- Installing: /root/ros_ws/src/Rescue_Car_ws/install/geometry_msgs/local/lib/python3.10/dist-packages/geometry_msgs-4.9.0-py3.10.egg-info/dependency_links.txt
[0.649s] -- Installing: /root/ros_ws/src/Rescue_Car_ws/install/geometry_msgs/local/lib/python3.10/dist-packages/geometry_msgs-4.9.0-py3.10.egg-info/SOURCES.txt
[0.649s] -- Installing: /root/ros_ws/src/Rescue_Car_ws/install/geometry_msgs/local/lib/python3.10/dist-packages/geometry_msgs-4.9.0-py3.10.egg-info/PKG-INFO
[0.649s] -- Installing: /root/ros_ws/src/Rescue_Car_ws/install/geometry_msgs/local/lib/python3.10/dist-packages/geometry_msgs-4.9.0-py3.10.egg-info/top_level.txt
[0.649s] -- Up-to-date: /root/ros_ws/src/Rescue_Car_ws/install/geometry_msgs/local/lib/python3.10/dist-packages/geometry_msgs
[0.649s] -- Up-to-date: /root/ros_ws/src/Rescue_Car_ws/install/geometry_msgs/local/lib/python3.10/dist-packages/geometry_msgs/libgeometry_msgs__rosidl_generator_py.so
[0.649s] -- Up-to-date: /root/ros_ws/src/Rescue_Car_ws/install/geometry_msgs/local/lib/python3.10/dist-packages/geometry_msgs/geometry_msgs_s__rosidl_typesupport_introspection_c.cpython-310-x86_64-linux-gnu.so
[0.650s] -- Up-to-date: /root/ros_ws/src/Rescue_Car_ws/install/geometry_msgs/local/lib/python3.10/dist-packages/geometry_msgs/geometry_msgs_s__rosidl_typesupport_fastrtps_c.cpython-310-x86_64-linux-gnu.so
[0.650s] -- Up-to-date: /root/ros_ws/src/Rescue_Car_ws/install/geometry_msgs/local/lib/python3.10/dist-packages/geometry_msgs/_geometry_msgs_s.ep.rosidl_typesupport_fastrtps_c.c
[0.651s] -- Up-to-date: /root/ros_ws/src/Rescue_Car_ws/install/geometry_msgs/local/lib/python3.10/dist-packages/geometry_msgs/_geometry_msgs_s.ep.rosidl_typesupport_introspection_c.c
[0.651s] -- Up-to-date: /root/ros_ws/src/Rescue_Car_ws/install/geometry_msgs/local/lib/python3.10/dist-packages/geometry_msgs/_geometry_msgs_s.ep.rosidl_typesupport_c.c
[0.653s] -- Up-to-date: /root/ros_ws/src/Rescue_Car_ws/install/geometry_msgs/local/lib/python3.10/dist-packages/geometry_msgs/__init__.py
[0.654s] -- Up-to-date: /root/ros_ws/src/Rescue_Car_ws/install/geometry_msgs/local/lib/python3.10/dist-packages/geometry_msgs/geometry_msgs_s__rosidl_typesupport_c.cpython-310-x86_64-linux-gnu.so
[0.654s] -- Up-to-date: /root/ros_ws/src/Rescue_Car_ws/install/geometry_msgs/local/lib/python3.10/dist-packages/geometry_msgs/msg
[0.655s] -- Up-to-date: /root/ros_ws/src/Rescue_Car_ws/install/geometry_msgs/local/lib/python3.10/dist-packages/geometry_msgs/msg/_pose_with_covariance_s.c
[0.655s] -- Up-to-date: /root/ros_ws/src/Rescue_Car_ws/install/geometry_msgs/local/lib/python3.10/dist-packages/geometry_msgs/msg/_accel_s.c
[0.655s] -- Up-to-date: /root/ros_ws/src/Rescue_Car_ws/install/geometry_msgs/local/lib/python3.10/dist-packages/geometry_msgs/msg/_pose2_d.py
[0.656s] -- Up-to-date: /root/ros_ws/src/Rescue_Car_ws/install/geometry_msgs/local/lib/python3.10/dist-packages/geometry_msgs/msg/_polygon_stamped_s.c
[0.656s] -- Up-to-date: /root/ros_ws/src/Rescue_Car_ws/install/geometry_msgs/local/lib/python3.10/dist-packages/geometry_msgs/msg/_point32.py
[0.656s] -- Up-to-date: /root/ros_ws/src/Rescue_Car_ws/install/geometry_msgs/local/lib/python3.10/dist-packages/geometry_msgs/msg/_pose_stamped_s.c
[0.656s] -- Up-to-date: /root/ros_ws/src/Rescue_Car_ws/install/geometry_msgs/local/lib/python3.10/dist-packages/geometry_msgs/msg/_pose_stamped.py
[0.656s] -- Up-to-date: /root/ros_ws/src/Rescue_Car_ws/install/geometry_msgs/local/lib/python3.10/dist-packages/geometry_msgs/msg/_polygon_instance_s.c
[0.656s] -- Up-to-date: /root/ros_ws/src/Rescue_Car_ws/install/geometry_msgs/local/lib/python3.10/dist-packages/geometry_msgs/msg/_wrench_stamped.py
[0.656s] -- Up-to-date: /root/ros_ws/src/Rescue_Car_ws/install/geometry_msgs/local/lib/python3.10/dist-packages/geometry_msgs/msg/_wrench_stamped_s.c
[0.656s] -- Up-to-date: /root/ros_ws/src/Rescue_Car_ws/install/geometry_msgs/local/lib/python3.10/dist-packages/geometry_msgs/msg/_transform_stamped.py
[0.657s] -- Up-to-date: /root/ros_ws/src/Rescue_Car_ws/install/geometry_msgs/local/lib/python3.10/dist-packages/geometry_msgs/msg/_polygon_instance_stamped.py
[0.657s] -- Up-to-date: /root/ros_ws/src/Rescue_Car_ws/install/geometry_msgs/local/lib/python3.10/dist-packages/geometry_msgs/msg/_velocity_stamped.py
[0.657s] -- Up-to-date: /root/ros_ws/src/Rescue_Car_ws/install/geometry_msgs/local/lib/python3.10/dist-packages/geometry_msgs/msg/_quaternion_stamped.py
[0.657s] -- Up-to-date: /root/ros_ws/src/Rescue_Car_ws/install/geometry_msgs/local/lib/python3.10/dist-packages/geometry_msgs/msg/_polygon_instance.py
[0.657s] -- Up-to-date: /root/ros_ws/src/Rescue_Car_ws/install/geometry_msgs/local/lib/python3.10/dist-packages/geometry_msgs/msg/_wrench.py
[0.657s] -- Up-to-date: /root/ros_ws/src/Rescue_Car_ws/install/geometry_msgs/local/lib/python3.10/dist-packages/geometry_msgs/msg/_accel_with_covariance_stamped_s.c
[0.657s] -- Up-to-date: /root/ros_ws/src/Rescue_Car_ws/install/geometry_msgs/local/lib/python3.10/dist-packages/geometry_msgs/msg/_pose_with_covariance_stamped_s.c
[0.657s] -- Up-to-date: /root/ros_ws/src/Rescue_Car_ws/install/geometry_msgs/local/lib/python3.10/dist-packages/geometry_msgs/msg/_quaternion_s.c
[0.657s] -- Up-to-date: /root/ros_ws/src/Rescue_Car_ws/install/geometry_msgs/local/lib/python3.10/dist-packages/geometry_msgs/msg/_polygon.py
[0.658s] -- Up-to-date: /root/ros_ws/src/Rescue_Car_ws/install/geometry_msgs/local/lib/python3.10/dist-packages/geometry_msgs/msg/_point_stamped.py
[0.658s] -- Up-to-date: /root/ros_ws/src/Rescue_Car_ws/install/geometry_msgs/local/lib/python3.10/dist-packages/geometry_msgs/msg/_pose_s.c
[0.658s] -- Up-to-date: /root/ros_ws/src/Rescue_Car_ws/install/geometry_msgs/local/lib/python3.10/dist-packages/geometry_msgs/msg/_wrench_s.c
[0.658s] -- Up-to-date: /root/ros_ws/src/Rescue_Car_ws/install/geometry_msgs/local/lib/python3.10/dist-packages/geometry_msgs/msg/_pose_with_covariance_stamped.py
[0.658s] -- Up-to-date: /root/ros_ws/src/Rescue_Car_ws/install/geometry_msgs/local/lib/python3.10/dist-packages/geometry_msgs/msg/_polygon_instance_stamped_s.c
[0.658s] -- Up-to-date: /root/ros_ws/src/Rescue_Car_ws/install/geometry_msgs/local/lib/python3.10/dist-packages/geometry_msgs/msg/_twist_s.c
[0.658s] -- Up-to-date: /root/ros_ws/src/Rescue_Car_ws/install/geometry_msgs/local/lib/python3.10/dist-packages/geometry_msgs/msg/_pose_array.py
[0.658s] -- Up-to-date: /root/ros_ws/src/Rescue_Car_ws/install/geometry_msgs/local/lib/python3.10/dist-packages/geometry_msgs/msg/_twist_with_covariance_stamped.py
[0.658s] -- Up-to-date: /root/ros_ws/src/Rescue_Car_ws/install/geometry_msgs/local/lib/python3.10/dist-packages/geometry_msgs/msg/_accel.py
[0.658s] -- Up-to-date: /root/ros_ws/src/Rescue_Car_ws/install/geometry_msgs/local/lib/python3.10/dist-packages/geometry_msgs/msg/_twist_stamped_s.c
[0.658s] -- Up-to-date: /root/ros_ws/src/Rescue_Car_ws/install/geometry_msgs/local/lib/python3.10/dist-packages/geometry_msgs/msg/_point_s.c
[0.659s] -- Up-to-date: /root/ros_ws/src/Rescue_Car_ws/install/geometry_msgs/local/lib/python3.10/dist-packages/geometry_msgs/msg/_point_stamped_s.c
[0.659s] -- Up-to-date: /root/ros_ws/src/Rescue_Car_ws/install/geometry_msgs/local/lib/python3.10/dist-packages/geometry_msgs/msg/_twist.py
[0.659s] -- Up-to-date: /root/ros_ws/src/Rescue_Car_ws/install/geometry_msgs/local/lib/python3.10/dist-packages/geometry_msgs/msg/_twist_with_covariance.py
[0.659s] -- Up-to-date: /root/ros_ws/src/Rescue_Car_ws/install/geometry_msgs/local/lib/python3.10/dist-packages/geometry_msgs/msg/_twist_stamped.py
[0.659s] -- Up-to-date: /root/ros_ws/src/Rescue_Car_ws/install/geometry_msgs/local/lib/python3.10/dist-packages/geometry_msgs/msg/_transform_stamped_s.c
[0.659s] -- Up-to-date: /root/ros_ws/src/Rescue_Car_ws/install/geometry_msgs/local/lib/python3.10/dist-packages/geometry_msgs/msg/_vector3.py
[0.659s] -- Up-to-date: /root/ros_ws/src/Rescue_Car_ws/install/geometry_msgs/local/lib/python3.10/dist-packages/geometry_msgs/msg/_accel_with_covariance_s.c
[0.659s] -- Up-to-date: /root/ros_ws/src/Rescue_Car_ws/install/geometry_msgs/local/lib/python3.10/dist-packages/geometry_msgs/msg/_inertia_stamped_s.c
[0.659s] -- Up-to-date: /root/ros_ws/src/Rescue_Car_ws/install/geometry_msgs/local/lib/python3.10/dist-packages/geometry_msgs/msg/_inertia.py
[0.659s] -- Up-to-date: /root/ros_ws/src/Rescue_Car_ws/install/geometry_msgs/local/lib/python3.10/dist-packages/geometry_msgs/msg/_polygon_s.c
[0.659s] -- Up-to-date: /root/ros_ws/src/Rescue_Car_ws/install/geometry_msgs/local/lib/python3.10/dist-packages/geometry_msgs/msg/_vector3_s.c
[0.659s] -- Up-to-date: /root/ros_ws/src/Rescue_Car_ws/install/geometry_msgs/local/lib/python3.10/dist-packages/geometry_msgs/msg/_accel_with_covariance.py
[0.659s] -- Up-to-date: /root/ros_ws/src/Rescue_Car_ws/install/geometry_msgs/local/lib/python3.10/dist-packages/geometry_msgs/msg/_vector3_stamped.py
[0.659s] -- Up-to-date: /root/ros_ws/src/Rescue_Car_ws/install/geometry_msgs/local/lib/python3.10/dist-packages/geometry_msgs/msg/_pose2_d_s.c
[0.659s] -- Up-to-date: /root/ros_ws/src/Rescue_Car_ws/install/geometry_msgs/local/lib/python3.10/dist-packages/geometry_msgs/msg/_point.py
[0.660s] -- Up-to-date: /root/ros_ws/src/Rescue_Car_ws/install/geometry_msgs/local/lib/python3.10/dist-packages/geometry_msgs/msg/_twist_with_covariance_s.c
[0.660s] -- Up-to-date: /root/ros_ws/src/Rescue_Car_ws/install/geometry_msgs/local/lib/python3.10/dist-packages/geometry_msgs/msg/_accel_stamped.py
[0.661s] -- Up-to-date: /root/ros_ws/src/Rescue_Car_ws/install/geometry_msgs/local/lib/python3.10/dist-packages/geometry_msgs/msg/_transform_s.c
[0.661s] -- Up-to-date: /root/ros_ws/src/Rescue_Car_ws/install/geometry_msgs/local/lib/python3.10/dist-packages/geometry_msgs/msg/_transform.py
[0.661s] -- Up-to-date: /root/ros_ws/src/Rescue_Car_ws/install/geometry_msgs/local/lib/python3.10/dist-packages/geometry_msgs/msg/_vector3_stamped_s.c
[0.661s] -- Up-to-date: /root/ros_ws/src/Rescue_Car_ws/install/geometry_msgs/local/lib/python3.10/dist-packages/geometry_msgs/msg/__init__.py
[0.662s] -- Up-to-date: /root/ros_ws/src/Rescue_Car_ws/install/geometry_msgs/local/lib/python3.10/dist-packages/geometry_msgs/msg/_accel_with_covariance_stamped.py
[0.662s] -- Up-to-date: /root/ros_ws/src/Rescue_Car_ws/install/geometry_msgs/local/lib/python3.10/dist-packages/geometry_msgs/msg/_quaternion_stamped_s.c
[0.662s] -- Up-to-date: /root/ros_ws/src/Rescue_Car_ws/install/geometry_msgs/local/lib/python3.10/dist-packages/geometry_msgs/msg/_pose.py
[0.663s] -- Up-to-date: /root/ros_ws/src/Rescue_Car_ws/install/geometry_msgs/local/lib/python3.10/dist-packages/geometry_msgs/msg/_inertia_stamped.py
[0.663s] -- Up-to-date: /root/ros_ws/src/Rescue_Car_ws/install/geometry_msgs/local/lib/python3.10/dist-packages/geometry_msgs/msg/_velocity_stamped_s.c
[0.663s] -- Up-to-date: /root/ros_ws/src/Rescue_Car_ws/install/geometry_msgs/local/lib/python3.10/dist-packages/geometry_msgs/msg/_point32_s.c
[0.663s] -- Up-to-date: /root/ros_ws/src/Rescue_Car_ws/install/geometry_msgs/local/lib/python3.10/dist-packages/geometry_msgs/msg/_inertia_s.c
[0.663s] -- Up-to-date: /root/ros_ws/src/Rescue_Car_ws/install/geometry_msgs/local/lib/python3.10/dist-packages/geometry_msgs/msg/_accel_stamped_s.c
[0.663s] -- Up-to-date: /root/ros_ws/src/Rescue_Car_ws/install/geometry_msgs/local/lib/python3.10/dist-packages/geometry_msgs/msg/_quaternion.py
[0.663s] -- Up-to-date: /root/ros_ws/src/Rescue_Car_ws/install/geometry_msgs/local/lib/python3.10/dist-packages/geometry_msgs/msg/_twist_with_covariance_stamped_s.c
[0.664s] -- Up-to-date: /root/ros_ws/src/Rescue_Car_ws/install/geometry_msgs/local/lib/python3.10/dist-packages/geometry_msgs/msg/_pose_array_s.c
[0.664s] -- Up-to-date: /root/ros_ws/src/Rescue_Car_ws/install/geometry_msgs/local/lib/python3.10/dist-packages/geometry_msgs/msg/_polygon_stamped.py
[0.664s] -- Up-to-date: /root/ros_ws/src/Rescue_Car_ws/install/geometry_msgs/local/lib/python3.10/dist-packages/geometry_msgs/msg/_pose_with_covariance.py
[0.682s] Listing '/root/ros_ws/src/Rescue_Car_ws/install/geometry_msgs/local/lib/python3.10/dist-packages/geometry_msgs'...
[0.682s] Listing '/root/ros_ws/src/Rescue_Car_ws/install/geometry_msgs/local/lib/python3.10/dist-packages/geometry_msgs/msg'...
[0.682s] -- Up-to-date: /root/ros_ws/src/Rescue_Car_ws/install/geometry_msgs/local/lib/python3.10/dist-packages/geometry_msgs/geometry_msgs_s__rosidl_typesupport_fastrtps_c.cpython-310-x86_64-linux-gnu.so
[0.682s] -- Up-to-date: /root/ros_ws/src/Rescue_Car_ws/install/geometry_msgs/local/lib/python3.10/dist-packages/geometry_msgs/geometry_msgs_s__rosidl_typesupport_introspection_c.cpython-310-x86_64-linux-gnu.so
[0.683s] -- Up-to-date: /root/ros_ws/src/Rescue_Car_ws/install/geometry_msgs/local/lib/python3.10/dist-packages/geometry_msgs/geometry_msgs_s__rosidl_typesupport_c.cpython-310-x86_64-linux-gnu.so
[0.683s] -- Up-to-date: /root/ros_ws/src/Rescue_Car_ws/install/geometry_msgs/lib/libgeometry_msgs__rosidl_generator_py.so
[0.683s] -- Up-to-date: /root/ros_ws/src/Rescue_Car_ws/install/geometry_msgs/share/geometry_msgs/msg/Accel.idl
[0.684s] -- Up-to-date: /root/ros_ws/src/Rescue_Car_ws/install/geometry_msgs/share/geometry_msgs/msg/AccelStamped.idl
[0.685s] -- Up-to-date: /root/ros_ws/src/Rescue_Car_ws/install/geometry_msgs/share/geometry_msgs/msg/AccelWithCovariance.idl
[0.685s] -- Up-to-date: /root/ros_ws/src/Rescue_Car_ws/install/geometry_msgs/share/geometry_msgs/msg/AccelWithCovarianceStamped.idl
[0.686s] -- Up-to-date: /root/ros_ws/src/Rescue_Car_ws/install/geometry_msgs/share/geometry_msgs/msg/Inertia.idl
[0.686s] -- Up-to-date: /root/ros_ws/src/Rescue_Car_ws/install/geometry_msgs/share/geometry_msgs/msg/InertiaStamped.idl
[0.687s] -- Up-to-date: /root/ros_ws/src/Rescue_Car_ws/install/geometry_msgs/share/geometry_msgs/msg/Point.idl
[0.687s] -- Up-to-date: /root/ros_ws/src/Rescue_Car_ws/install/geometry_msgs/share/geometry_msgs/msg/Point32.idl
[0.687s] -- Up-to-date: /root/ros_ws/src/Rescue_Car_ws/install/geometry_msgs/share/geometry_msgs/msg/PointStamped.idl
[0.687s] -- Up-to-date: /root/ros_ws/src/Rescue_Car_ws/install/geometry_msgs/share/geometry_msgs/msg/Polygon.idl
[0.687s] -- Up-to-date: /root/ros_ws/src/Rescue_Car_ws/install/geometry_msgs/share/geometry_msgs/msg/PolygonInstance.idl
[0.687s] -- Up-to-date: /root/ros_ws/src/Rescue_Car_ws/install/geometry_msgs/share/geometry_msgs/msg/PolygonInstanceStamped.idl
[0.687s] -- Up-to-date: /root/ros_ws/src/Rescue_Car_ws/install/geometry_msgs/share/geometry_msgs/msg/PolygonStamped.idl
[0.687s] -- Up-to-date: /root/ros_ws/src/Rescue_Car_ws/install/geometry_msgs/share/geometry_msgs/msg/Pose.idl
[0.687s] -- Up-to-date: /root/ros_ws/src/Rescue_Car_ws/install/geometry_msgs/share/geometry_msgs/msg/Pose2D.idl
[0.687s] -- Up-to-date: /root/ros_ws/src/Rescue_Car_ws/install/geometry_msgs/share/geometry_msgs/msg/PoseArray.idl
[0.687s] -- Up-to-date: /root/ros_ws/src/Rescue_Car_ws/install/geometry_msgs/share/geometry_msgs/msg/PoseStamped.idl
[0.688s] -- Up-to-date: /root/ros_ws/src/Rescue_Car_ws/install/geometry_msgs/share/geometry_msgs/msg/PoseWithCovariance.idl
[0.688s] -- Up-to-date: /root/ros_ws/src/Rescue_Car_ws/install/geometry_msgs/share/geometry_msgs/msg/PoseWithCovarianceStamped.idl
[0.688s] -- Up-to-date: /root/ros_ws/src/Rescue_Car_ws/install/geometry_msgs/share/geometry_msgs/msg/Quaternion.idl
[0.688s] -- Up-to-date: /root/ros_ws/src/Rescue_Car_ws/install/geometry_msgs/share/geometry_msgs/msg/QuaternionStamped.idl
[0.688s] -- Up-to-date: /root/ros_ws/src/Rescue_Car_ws/install/geometry_msgs/share/geometry_msgs/msg/Transform.idl
[0.688s] -- Up-to-date: /root/ros_ws/src/Rescue_Car_ws/install/geometry_msgs/share/geometry_msgs/msg/TransformStamped.idl
[0.688s] -- Up-to-date: /root/ros_ws/src/Rescue_Car_ws/install/geometry_msgs/share/geometry_msgs/msg/Twist.idl
[0.688s] -- Up-to-date: /root/ros_ws/src/Rescue_Car_ws/install/geometry_msgs/share/geometry_msgs/msg/TwistStamped.idl
[0.688s] -- Up-to-date: /root/ros_ws/src/Rescue_Car_ws/install/geometry_msgs/share/geometry_msgs/msg/TwistWithCovariance.idl
[0.688s] -- Up-to-date: /root/ros_ws/src/Rescue_Car_ws/install/geometry_msgs/share/geometry_msgs/msg/TwistWithCovarianceStamped.idl
[0.688s] -- Up-to-date: /root/ros_ws/src/Rescue_Car_ws/install/geometry_msgs/share/geometry_msgs/msg/Vector3.idl
[0.688s] -- Up-to-date: /root/ros_ws/src/Rescue_Car_ws/install/geometry_msgs/share/geometry_msgs/msg/Vector3Stamped.idl
[0.689s] -- Up-to-date: /root/ros_ws/src/Rescue_Car_ws/install/geometry_msgs/share/geometry_msgs/msg/VelocityStamped.idl
[0.689s] -- Up-to-date: /root/ros_ws/src/Rescue_Car_ws/install/geometry_msgs/share/geometry_msgs/msg/Wrench.idl
[0.689s] -- Up-to-date: /root/ros_ws/src/Rescue_Car_ws/install/geometry_msgs/share/geometry_msgs/msg/WrenchStamped.idl
[0.689s] -- Up-to-date: /root/ros_ws/src/Rescue_Car_ws/install/geometry_msgs/share/geometry_msgs/msg/Accel.msg
[0.689s] -- Up-to-date: /root/ros_ws/src/Rescue_Car_ws/install/geometry_msgs/share/geometry_msgs/msg/AccelStamped.msg
[0.689s] -- Up-to-date: /root/ros_ws/src/Rescue_Car_ws/install/geometry_msgs/share/geometry_msgs/msg/AccelWithCovariance.msg
[0.689s] -- Up-to-date: /root/ros_ws/src/Rescue_Car_ws/install/geometry_msgs/share/geometry_msgs/msg/AccelWithCovarianceStamped.msg
[0.689s] -- Up-to-date: /root/ros_ws/src/Rescue_Car_ws/install/geometry_msgs/share/geometry_msgs/msg/Inertia.msg
[0.689s] -- Up-to-date: /root/ros_ws/src/Rescue_Car_ws/install/geometry_msgs/share/geometry_msgs/msg/InertiaStamped.msg
[0.689s] -- Up-to-date: /root/ros_ws/src/Rescue_Car_ws/install/geometry_msgs/share/geometry_msgs/msg/Point.msg
[0.689s] -- Up-to-date: /root/ros_ws/src/Rescue_Car_ws/install/geometry_msgs/share/geometry_msgs/msg/Point32.msg
[0.689s] -- Up-to-date: /root/ros_ws/src/Rescue_Car_ws/install/geometry_msgs/share/geometry_msgs/msg/PointStamped.msg
[0.689s] -- Up-to-date: /root/ros_ws/src/Rescue_Car_ws/install/geometry_msgs/share/geometry_msgs/msg/Polygon.msg
[0.689s] -- Up-to-date: /root/ros_ws/src/Rescue_Car_ws/install/geometry_msgs/share/geometry_msgs/msg/PolygonInstance.msg
[0.689s] -- Up-to-date: /root/ros_ws/src/Rescue_Car_ws/install/geometry_msgs/share/geometry_msgs/msg/PolygonInstanceStamped.msg
[0.689s] -- Up-to-date: /root/ros_ws/src/Rescue_Car_ws/install/geometry_msgs/share/geometry_msgs/msg/PolygonStamped.msg
[0.690s] -- Up-to-date: /root/ros_ws/src/Rescue_Car_ws/install/geometry_msgs/share/geometry_msgs/msg/Pose.msg
[0.690s] -- Up-to-date: /root/ros_ws/src/Rescue_Car_ws/install/geometry_msgs/share/geometry_msgs/msg/Pose2D.msg
[0.690s] -- Up-to-date: /root/ros_ws/src/Rescue_Car_ws/install/geometry_msgs/share/geometry_msgs/msg/PoseArray.msg
[0.690s] -- Up-to-date: /root/ros_ws/src/Rescue_Car_ws/install/geometry_msgs/share/geometry_msgs/msg/PoseStamped.msg
[0.690s] -- Up-to-date: /root/ros_ws/src/Rescue_Car_ws/install/geometry_msgs/share/geometry_msgs/msg/PoseWithCovariance.msg
[0.690s] -- Up-to-date: /root/ros_ws/src/Rescue_Car_ws/install/geometry_msgs/share/geometry_msgs/msg/PoseWithCovarianceStamped.msg
[0.690s] -- Up-to-date: /root/ros_ws/src/Rescue_Car_ws/install/geometry_msgs/share/geometry_msgs/msg/Quaternion.msg
[0.690s] -- Up-to-date: /root/ros_ws/src/Rescue_Car_ws/install/geometry_msgs/share/geometry_msgs/msg/QuaternionStamped.msg
[0.690s] -- Up-to-date: /root/ros_ws/src/Rescue_Car_ws/install/geometry_msgs/share/geometry_msgs/msg/Transform.msg
[0.691s] -- Up-to-date: /root/ros_ws/src/Rescue_Car_ws/install/geometry_msgs/share/geometry_msgs/msg/TransformStamped.msg
[0.692s] -- Up-to-date: /root/ros_ws/src/Rescue_Car_ws/install/geometry_msgs/share/geometry_msgs/msg/Twist.msg
[0.692s] -- Up-to-date: /root/ros_ws/src/Rescue_Car_ws/install/geometry_msgs/share/geometry_msgs/msg/TwistStamped.msg
[0.692s] -- Up-to-date: /root/ros_ws/src/Rescue_Car_ws/install/geometry_msgs/share/geometry_msgs/msg/TwistWithCovariance.msg
[0.692s] -- Up-to-date: /root/ros_ws/src/Rescue_Car_ws/install/geometry_msgs/share/geometry_msgs/msg/TwistWithCovarianceStamped.msg
[0.692s] -- Up-to-date: /root/ros_ws/src/Rescue_Car_ws/install/geometry_msgs/share/geometry_msgs/msg/Vector3.msg
[0.692s] -- Up-to-date: /root/ros_ws/src/Rescue_Car_ws/install/geometry_msgs/share/geometry_msgs/msg/Vector3Stamped.msg
[0.692s] -- Up-to-date: /root/ros_ws/src/Rescue_Car_ws/install/geometry_msgs/share/geometry_msgs/msg/VelocityStamped.msg
[0.692s] -- Up-to-date: /root/ros_ws/src/Rescue_Car_ws/install/geometry_msgs/share/geometry_msgs/msg/Wrench.msg
[0.693s] -- Up-to-date: /root/ros_ws/src/Rescue_Car_ws/install/geometry_msgs/share/geometry_msgs/msg/WrenchStamped.msg
[0.693s] -- Up-to-date: /root/ros_ws/src/Rescue_Car_ws/install/geometry_msgs/share/ament_index/resource_index/package_run_dependencies/geometry_msgs
[0.693s] -- Up-to-date: /root/ros_ws/src/Rescue_Car_ws/install/geometry_msgs/share/ament_index/resource_index/parent_prefix_path/geometry_msgs
[0.693s] -- Up-to-date: /root/ros_ws/src/Rescue_Car_ws/install/geometry_msgs/share/geometry_msgs/environment/ament_prefix_path.sh
[0.693s] -- Up-to-date: /root/ros_ws/src/Rescue_Car_ws/install/geometry_msgs/share/geometry_msgs/environment/ament_prefix_path.dsv
[0.693s] -- Up-to-date: /root/ros_ws/src/Rescue_Car_ws/install/geometry_msgs/share/geometry_msgs/environment/path.sh
[0.693s] -- Up-to-date: /root/ros_ws/src/Rescue_Car_ws/install/geometry_msgs/share/geometry_msgs/environment/path.dsv
[0.693s] -- Up-to-date: /root/ros_ws/src/Rescue_Car_ws/install/geometry_msgs/share/geometry_msgs/local_setup.bash
[0.693s] -- Up-to-date: /root/ros_ws/src/Rescue_Car_ws/install/geometry_msgs/share/geometry_msgs/local_setup.sh
[0.694s] -- Up-to-date: /root/ros_ws/src/Rescue_Car_ws/install/geometry_msgs/share/geometry_msgs/local_setup.zsh
[0.694s] -- Up-to-date: /root/ros_ws/src/Rescue_Car_ws/install/geometry_msgs/share/geometry_msgs/local_setup.dsv
[0.694s] -- Installing: /root/ros_ws/src/Rescue_Car_ws/install/geometry_msgs/share/geometry_msgs/package.dsv
[0.694s] -- Up-to-date: /root/ros_ws/src/Rescue_Car_ws/install/geometry_msgs/share/ament_index/resource_index/packages/geometry_msgs
[0.694s] -- Up-to-date: /root/ros_ws/src/Rescue_Car_ws/install/geometry_msgs/share/geometry_msgs/cmake/export_geometry_msgs__rosidl_generator_cExport.cmake
[0.694s] -- Up-to-date: /root/ros_ws/src/Rescue_Car_ws/install/geometry_msgs/share/geometry_msgs/cmake/export_geometry_msgs__rosidl_generator_cExport-noconfig.cmake
[0.694s] -- Up-to-date: /root/ros_ws/src/Rescue_Car_ws/install/geometry_msgs/share/geometry_msgs/cmake/export_geometry_msgs__rosidl_typesupport_fastrtps_cExport.cmake
[0.694s] -- Up-to-date: /root/ros_ws/src/Rescue_Car_ws/install/geometry_msgs/share/geometry_msgs/cmake/export_geometry_msgs__rosidl_typesupport_fastrtps_cExport-noconfig.cmake
[0.694s] -- Up-to-date: /root/ros_ws/src/Rescue_Car_ws/install/geometry_msgs/share/geometry_msgs/cmake/geometry_msgs__rosidl_typesupport_introspection_cExport.cmake
[0.694s] -- Up-to-date: /root/ros_ws/src/Rescue_Car_ws/install/geometry_msgs/share/geometry_msgs/cmake/geometry_msgs__rosidl_typesupport_introspection_cExport-noconfig.cmake
[0.694s] -- Up-to-date: /root/ros_ws/src/Rescue_Car_ws/install/geometry_msgs/share/geometry_msgs/cmake/geometry_msgs__rosidl_typesupport_cExport.cmake
[0.695s] -- Up-to-date: /root/ros_ws/src/Rescue_Car_ws/install/geometry_msgs/share/geometry_msgs/cmake/geometry_msgs__rosidl_typesupport_cExport-noconfig.cmake
[0.695s] -- Up-to-date: /root/ros_ws/src/Rescue_Car_ws/install/geometry_msgs/share/geometry_msgs/cmake/export_geometry_msgs__rosidl_generator_cppExport.cmake
[0.695s] -- Up-to-date: /root/ros_ws/src/Rescue_Car_ws/install/geometry_msgs/share/geometry_msgs/cmake/export_geometry_msgs__rosidl_typesupport_fastrtps_cppExport.cmake
[0.695s] -- Up-to-date: /root/ros_ws/src/Rescue_Car_ws/install/geometry_msgs/share/geometry_msgs/cmake/export_geometry_msgs__rosidl_typesupport_fastrtps_cppExport-noconfig.cmake
[0.695s] -- Up-to-date: /root/ros_ws/src/Rescue_Car_ws/install/geometry_msgs/share/geometry_msgs/cmake/geometry_msgs__rosidl_typesupport_introspection_cppExport.cmake
[0.695s] -- Up-to-date: /root/ros_ws/src/Rescue_Car_ws/install/geometry_msgs/share/geometry_msgs/cmake/geometry_msgs__rosidl_typesupport_introspection_cppExport-noconfig.cmake
[0.695s] -- Up-to-date: /root/ros_ws/src/Rescue_Car_ws/install/geometry_msgs/share/geometry_msgs/cmake/geometry_msgs__rosidl_typesupport_cppExport.cmake
[0.695s] -- Up-to-date: /root/ros_ws/src/Rescue_Car_ws/install/geometry_msgs/share/geometry_msgs/cmake/geometry_msgs__rosidl_typesupport_cppExport-noconfig.cmake
[0.695s] -- Up-to-date: /root/ros_ws/src/Rescue_Car_ws/install/geometry_msgs/share/geometry_msgs/cmake/export_geometry_msgs__rosidl_generator_pyExport.cmake
[0.696s] -- Up-to-date: /root/ros_ws/src/Rescue_Car_ws/install/geometry_msgs/share/geometry_msgs/cmake/export_geometry_msgs__rosidl_generator_pyExport-noconfig.cmake
[0.696s] -- Up-to-date: /root/ros_ws/src/Rescue_Car_ws/install/geometry_msgs/share/geometry_msgs/cmake/rosidl_cmake-extras.cmake
[0.696s] -- Up-to-date: /root/ros_ws/src/Rescue_Car_ws/install/geometry_msgs/share/geometry_msgs/cmake/ament_cmake_export_dependencies-extras.cmake
[0.696s] -- Up-to-date: /root/ros_ws/src/Rescue_Car_ws/install/geometry_msgs/share/geometry_msgs/cmake/ament_cmake_export_include_directories-extras.cmake
[0.696s] -- Up-to-date: /root/ros_ws/src/Rescue_Car_ws/install/geometry_msgs/share/geometry_msgs/cmake/ament_cmake_export_libraries-extras.cmake
[0.697s] -- Up-to-date: /root/ros_ws/src/Rescue_Car_ws/install/geometry_msgs/share/geometry_msgs/cmake/ament_cmake_export_targets-extras.cmake
[0.697s] -- Up-to-date: /root/ros_ws/src/Rescue_Car_ws/install/geometry_msgs/share/geometry_msgs/cmake/rosidl_cmake_export_typesupport_targets-extras.cmake
[0.697s] -- Up-to-date: /root/ros_ws/src/Rescue_Car_ws/install/geometry_msgs/share/geometry_msgs/cmake/rosidl_cmake_export_typesupport_libraries-extras.cmake
[0.697s] -- Up-to-date: /root/ros_ws/src/Rescue_Car_ws/install/geometry_msgs/share/geometry_msgs/cmake/geometry_msgsConfig.cmake
[0.698s] -- Up-to-date: /root/ros_ws/src/Rescue_Car_ws/install/geometry_msgs/share/geometry_msgs/cmake/geometry_msgsConfig-version.cmake
[0.698s] -- Up-to-date: /root/ros_ws/src/Rescue_Car_ws/install/geometry_msgs/share/geometry_msgs/package.xml
[0.719s] Invoked command in '/root/ros_ws/src/Rescue_Car_ws/build/geometry_msgs' returned '0': AMENT_PREFIX_PATH=/root/ros_ws/src/Rescue_Car_ws/install/std_msgs:/root/ros_ws/src/Rescue_Car_ws/install/builtin_interfaces:${AMENT_PREFIX_PATH} CMAKE_PREFIX_PATH=/root/ros_ws/src/Rescue_Car_ws/install/std_msgs:/root/ros_ws/src/Rescue_Car_ws/install/builtin_interfaces:/opt/ros/humble LD_LIBRARY_PATH=/root/ros_ws/src/Rescue_Car_ws/install/std_msgs/lib:/root/ros_ws/src/Rescue_Car_ws/install/builtin_interfaces/lib:${LD_LIBRARY_PATH} PYTHONPATH=/root/ros_ws/src/Rescue_Car_ws/install/std_msgs/local/lib/python3.10/dist-packages:/root/ros_ws/src/Rescue_Car_ws/install/builtin_interfaces/local/lib/python3.10/dist-packages:${PYTHONPATH} /usr/bin/cmake --install /root/ros_ws/src/Rescue_Car_ws/build/geometry_msgs
