[0.146s] DEBUG:colcon:Command line arguments: ['/usr/bin/colcon', 'build', '--packages-select', 'car']
[0.146s] DEBUG:colcon:Parsed command line arguments: Namespace(log_base=None, log_level=None, verb_name='build', build_base='build', install_base='install', merge_install=False, symlink_install=False, test_result_base=None, continue_on_error=False, executor='parallel', parallel_workers=20, event_handlers=None, ignore_user_meta=False, metas=['./colcon.meta'], base_paths=['.'], packages_ignore=None, packages_ignore_regex=None, paths=None, packages_up_to=None, packages_up_to_regex=None, packages_above=None, packages_above_and_dependencies=None, packages_above_depth=None, packages_select_by_dep=None, packages_skip_by_dep=None, packages_skip_up_to=None, packages_select_build_failed=False, packages_skip_build_finished=False, packages_select_test_failures=False, packages_skip_test_passed=False, packages_select=['car'], packages_skip=None, packages_select_regex=None, packages_skip_regex=None, packages_start=None, packages_end=None, allow_overriding=[], cmake_args=None, cmake_target=None, cmake_target_skip_unavailable=False, cmake_clean_cache=False, cmake_clean_first=False, cmake_force_configure=False, ament_cmake_args=None, catkin_cmake_args=None, catkin_skip_building_tests=False, verb_parser=<colcon_defaults.argument_parser.defaults.DefaultArgumentsDecorator object at 0x77f8cf26c1c0>, verb_extension=<colcon_core.verb.build.BuildVerb object at 0x77f8cf2370d0>, main=<bound method BuildVerb.main of <colcon_core.verb.build.BuildVerb object at 0x77f8cf2370d0>>)
[0.242s] Level 1:colcon.colcon_core.package_discovery:discover_packages(colcon_meta) check parameters
[0.242s] Level 1:colcon.colcon_core.package_discovery:discover_packages(recursive) check parameters
[0.242s] Level 1:colcon.colcon_core.package_discovery:discover_packages(ignore) check parameters
[0.242s] Level 1:colcon.colcon_core.package_discovery:discover_packages(path) check parameters
[0.242s] Level 1:colcon.colcon_core.package_discovery:discover_packages(colcon_meta) discover
[0.243s] Level 1:colcon.colcon_core.package_discovery:discover_packages(recursive) discover
[0.243s] INFO:colcon.colcon_core.package_discovery:Crawling recursively for packages in '/root/ros_ws/src/Rescue_Car_ws'
[0.243s] Level 1:colcon.colcon_core.package_identification:_identify(.) by extensions ['ignore', 'ignore_ament_install']
[0.243s] Level 1:colcon.colcon_core.package_identification:_identify(.) by extension 'ignore'
[0.243s] Level 1:colcon.colcon_core.package_identification:_identify(.) by extension 'ignore_ament_install'
[0.243s] Level 1:colcon.colcon_core.package_identification:_identify(.) by extensions ['colcon_pkg']
[0.243s] Level 1:colcon.colcon_core.package_identification:_identify(.) by extension 'colcon_pkg'
[0.243s] Level 1:colcon.colcon_core.package_identification:_identify(.) by extensions ['colcon_meta']
[0.243s] Level 1:colcon.colcon_core.package_identification:_identify(.) by extension 'colcon_meta'
[0.243s] Level 1:colcon.colcon_core.package_identification:_identify(.) by extensions ['ros']
[0.243s] Level 1:colcon.colcon_core.package_identification:_identify(.) by extension 'ros'
[0.250s] Level 1:colcon.colcon_core.package_identification:_identify(.) by extensions ['cmake', 'python']
[0.250s] Level 1:colcon.colcon_core.package_identification:_identify(.) by extension 'cmake'
[0.250s] Level 1:colcon.colcon_core.package_identification:_identify(.) by extension 'python'
[0.250s] Level 1:colcon.colcon_core.package_identification:_identify(.) by extensions ['python_setup_py']
[0.250s] Level 1:colcon.colcon_core.package_identification:_identify(.) by extension 'python_setup_py'
[0.250s] Level 1:colcon.colcon_core.package_identification:_identify(build) by extensions ['ignore', 'ignore_ament_install']
[0.250s] Level 1:colcon.colcon_core.package_identification:_identify(build) by extension 'ignore'
[0.250s] Level 1:colcon.colcon_core.package_identification:_identify(build) ignored
[0.250s] Level 1:colcon.colcon_core.package_identification:_identify(install) by extensions ['ignore', 'ignore_ament_install']
[0.250s] Level 1:colcon.colcon_core.package_identification:_identify(install) by extension 'ignore'
[0.251s] Level 1:colcon.colcon_core.package_identification:_identify(install) ignored
[0.251s] Level 1:colcon.colcon_core.package_identification:_identify(log) by extensions ['ignore', 'ignore_ament_install']
[0.251s] Level 1:colcon.colcon_core.package_identification:_identify(log) by extension 'ignore'
[0.251s] Level 1:colcon.colcon_core.package_identification:_identify(log) ignored
[0.251s] Level 1:colcon.colcon_core.package_identification:_identify(src) by extensions ['ignore', 'ignore_ament_install']
[0.251s] Level 1:colcon.colcon_core.package_identification:_identify(src) by extension 'ignore'
[0.251s] Level 1:colcon.colcon_core.package_identification:_identify(src) by extension 'ignore_ament_install'
[0.251s] Level 1:colcon.colcon_core.package_identification:_identify(src) by extensions ['colcon_pkg']
[0.251s] Level 1:colcon.colcon_core.package_identification:_identify(src) by extension 'colcon_pkg'
[0.251s] Level 1:colcon.colcon_core.package_identification:_identify(src) by extensions ['colcon_meta']
[0.251s] Level 1:colcon.colcon_core.package_identification:_identify(src) by extension 'colcon_meta'
[0.251s] Level 1:colcon.colcon_core.package_identification:_identify(src) by extensions ['ros']
[0.251s] Level 1:colcon.colcon_core.package_identification:_identify(src) by extension 'ros'
[0.251s] Level 1:colcon.colcon_core.package_identification:_identify(src) by extensions ['cmake', 'python']
[0.251s] Level 1:colcon.colcon_core.package_identification:_identify(src) by extension 'cmake'
[0.251s] Level 1:colcon.colcon_core.package_identification:_identify(src) by extension 'python'
[0.251s] Level 1:colcon.colcon_core.package_identification:_identify(src) by extensions ['python_setup_py']
[0.251s] Level 1:colcon.colcon_core.package_identification:_identify(src) by extension 'python_setup_py'
[0.251s] Level 1:colcon.colcon_core.package_identification:_identify(src/car) by extensions ['ignore', 'ignore_ament_install']
[0.251s] Level 1:colcon.colcon_core.package_identification:_identify(src/car) by extension 'ignore'
[0.251s] Level 1:colcon.colcon_core.package_identification:_identify(src/car) by extension 'ignore_ament_install'
[0.251s] Level 1:colcon.colcon_core.package_identification:_identify(src/car) by extensions ['colcon_pkg']
[0.251s] Level 1:colcon.colcon_core.package_identification:_identify(src/car) by extension 'colcon_pkg'
[0.251s] Level 1:colcon.colcon_core.package_identification:_identify(src/car) by extensions ['colcon_meta']
[0.251s] Level 1:colcon.colcon_core.package_identification:_identify(src/car) by extension 'colcon_meta'
[0.251s] Level 1:colcon.colcon_core.package_identification:_identify(src/car) by extensions ['ros']
[0.251s] Level 1:colcon.colcon_core.package_identification:_identify(src/car) by extension 'ros'
[0.253s] DEBUG:colcon.colcon_core.package_identification:Package 'src/car' with type 'ros.ament_cmake' and name 'car'
[0.253s] Level 1:colcon.colcon_core.package_identification:_identify(src/microros) by extensions ['ignore', 'ignore_ament_install']
[0.253s] Level 1:colcon.colcon_core.package_identification:_identify(src/microros) by extension 'ignore'
[0.253s] Level 1:colcon.colcon_core.package_identification:_identify(src/microros) by extension 'ignore_ament_install'
[0.253s] Level 1:colcon.colcon_core.package_identification:_identify(src/microros) by extensions ['colcon_pkg']
[0.253s] Level 1:colcon.colcon_core.package_identification:_identify(src/microros) by extension 'colcon_pkg'
[0.253s] Level 1:colcon.colcon_core.package_identification:_identify(src/microros) by extensions ['colcon_meta']
[0.253s] Level 1:colcon.colcon_core.package_identification:_identify(src/microros) by extension 'colcon_meta'
[0.253s] Level 1:colcon.colcon_core.package_identification:_identify(src/microros) by extensions ['ros']
[0.253s] Level 1:colcon.colcon_core.package_identification:_identify(src/microros) by extension 'ros'
[0.253s] Level 1:colcon.colcon_core.package_identification:_identify(src/microros) by extensions ['cmake', 'python']
[0.253s] Level 1:colcon.colcon_core.package_identification:_identify(src/microros) by extension 'cmake'
[0.253s] Level 1:colcon.colcon_core.package_identification:_identify(src/microros) by extension 'python'
[0.253s] Level 1:colcon.colcon_core.package_identification:_identify(src/microros) by extensions ['python_setup_py']
[0.253s] Level 1:colcon.colcon_core.package_identification:_identify(src/microros) by extension 'python_setup_py'
[0.254s] Level 1:colcon.colcon_core.package_identification:_identify(src/microros/firmware) by extensions ['ignore', 'ignore_ament_install']
[0.254s] Level 1:colcon.colcon_core.package_identification:_identify(src/microros/firmware) by extension 'ignore'
[0.254s] Level 1:colcon.colcon_core.package_identification:_identify(src/microros/firmware) ignored
[0.254s] Level 1:colcon.colcon_core.package_identification:_identify(src/microros/src) by extensions ['ignore', 'ignore_ament_install']
[0.254s] Level 1:colcon.colcon_core.package_identification:_identify(src/microros/src) by extension 'ignore'
[0.254s] Level 1:colcon.colcon_core.package_identification:_identify(src/microros/src) by extension 'ignore_ament_install'
[0.254s] Level 1:colcon.colcon_core.package_identification:_identify(src/microros/src) by extensions ['colcon_pkg']
[0.254s] Level 1:colcon.colcon_core.package_identification:_identify(src/microros/src) by extension 'colcon_pkg'
[0.254s] Level 1:colcon.colcon_core.package_identification:_identify(src/microros/src) by extensions ['colcon_meta']
[0.254s] Level 1:colcon.colcon_core.package_identification:_identify(src/microros/src) by extension 'colcon_meta'
[0.254s] Level 1:colcon.colcon_core.package_identification:_identify(src/microros/src) by extensions ['ros']
[0.254s] Level 1:colcon.colcon_core.package_identification:_identify(src/microros/src) by extension 'ros'
[0.254s] Level 1:colcon.colcon_core.package_identification:_identify(src/microros/src) by extensions ['cmake', 'python']
[0.254s] Level 1:colcon.colcon_core.package_identification:_identify(src/microros/src) by extension 'cmake'
[0.254s] Level 1:colcon.colcon_core.package_identification:_identify(src/microros/src) by extension 'python'
[0.254s] Level 1:colcon.colcon_core.package_identification:_identify(src/microros/src) by extensions ['python_setup_py']
[0.254s] Level 1:colcon.colcon_core.package_identification:_identify(src/microros/src) by extension 'python_setup_py'
[0.254s] Level 1:colcon.colcon_core.package_identification:_identify(src/microros/src/eProsima) by extensions ['ignore', 'ignore_ament_install']
[0.254s] Level 1:colcon.colcon_core.package_identification:_identify(src/microros/src/eProsima) by extension 'ignore'
[0.254s] Level 1:colcon.colcon_core.package_identification:_identify(src/microros/src/eProsima) by extension 'ignore_ament_install'
[0.254s] Level 1:colcon.colcon_core.package_identification:_identify(src/microros/src/eProsima) by extensions ['colcon_pkg']
[0.254s] Level 1:colcon.colcon_core.package_identification:_identify(src/microros/src/eProsima) by extension 'colcon_pkg'
[0.254s] Level 1:colcon.colcon_core.package_identification:_identify(src/microros/src/eProsima) by extensions ['colcon_meta']
[0.254s] Level 1:colcon.colcon_core.package_identification:_identify(src/microros/src/eProsima) by extension 'colcon_meta'
[0.254s] Level 1:colcon.colcon_core.package_identification:_identify(src/microros/src/eProsima) by extensions ['ros']
[0.254s] Level 1:colcon.colcon_core.package_identification:_identify(src/microros/src/eProsima) by extension 'ros'
[0.254s] Level 1:colcon.colcon_core.package_identification:_identify(src/microros/src/eProsima) by extensions ['cmake', 'python']
[0.254s] Level 1:colcon.colcon_core.package_identification:_identify(src/microros/src/eProsima) by extension 'cmake'
[0.254s] Level 1:colcon.colcon_core.package_identification:_identify(src/microros/src/eProsima) by extension 'python'
[0.254s] Level 1:colcon.colcon_core.package_identification:_identify(src/microros/src/eProsima) by extensions ['python_setup_py']
[0.254s] Level 1:colcon.colcon_core.package_identification:_identify(src/microros/src/eProsima) by extension 'python_setup_py'
[0.255s] Level 1:colcon.colcon_core.package_identification:_identify(src/microros/src/eProsima/Micro-CDR) by extensions ['ignore', 'ignore_ament_install']
[0.255s] Level 1:colcon.colcon_core.package_identification:_identify(src/microros/src/eProsima/Micro-CDR) by extension 'ignore'
[0.255s] Level 1:colcon.colcon_core.package_identification:_identify(src/microros/src/eProsima/Micro-CDR) by extension 'ignore_ament_install'
[0.255s] Level 1:colcon.colcon_core.package_identification:_identify(src/microros/src/eProsima/Micro-CDR) by extensions ['colcon_pkg']
[0.255s] Level 1:colcon.colcon_core.package_identification:_identify(src/microros/src/eProsima/Micro-CDR) by extension 'colcon_pkg'
[0.255s] INFO:colcon.colcon_metadata.metadata.colcon_pkg:Setting type 'cmake' of package 'src/microros/src/eProsima/Micro-CDR' from colcon.pkg
[0.255s] INFO:colcon.colcon_metadata.metadata.colcon_pkg:Setting name 'microcdr' of package 'src/microros/src/eProsima/Micro-CDR' from colcon.pkg
[0.255s] DEBUG:colcon.colcon_core.package_identification:Package 'src/microros/src/eProsima/Micro-CDR' with type 'cmake' and name 'microcdr'
[0.255s] Level 1:colcon.colcon_core.package_identification:_identify(src/microros/src/eProsima/Micro-XRCE-DDS-Client) by extensions ['ignore', 'ignore_ament_install']
[0.255s] Level 1:colcon.colcon_core.package_identification:_identify(src/microros/src/eProsima/Micro-XRCE-DDS-Client) by extension 'ignore'
[0.255s] Level 1:colcon.colcon_core.package_identification:_identify(src/microros/src/eProsima/Micro-XRCE-DDS-Client) by extension 'ignore_ament_install'
[0.255s] Level 1:colcon.colcon_core.package_identification:_identify(src/microros/src/eProsima/Micro-XRCE-DDS-Client) by extensions ['colcon_pkg']
[0.255s] Level 1:colcon.colcon_core.package_identification:_identify(src/microros/src/eProsima/Micro-XRCE-DDS-Client) by extension 'colcon_pkg'
[0.256s] INFO:colcon.colcon_metadata.metadata.colcon_pkg:Setting type 'cmake' of package 'src/microros/src/eProsima/Micro-XRCE-DDS-Client' from colcon.pkg
[0.256s] INFO:colcon.colcon_metadata.metadata.colcon_pkg:Setting name 'microxrcedds_client' of package 'src/microros/src/eProsima/Micro-XRCE-DDS-Client' from colcon.pkg
[0.256s] DEBUG:colcon.colcon_core.package_identification:Package 'src/microros/src/eProsima/Micro-XRCE-DDS-Client' with type 'cmake' and name 'microxrcedds_client'
[0.256s] Level 1:colcon.colcon_core.package_identification:_identify(src/microros/src/micro_ros_setup) by extensions ['ignore', 'ignore_ament_install']
[0.256s] Level 1:colcon.colcon_core.package_identification:_identify(src/microros/src/micro_ros_setup) by extension 'ignore'
[0.256s] Level 1:colcon.colcon_core.package_identification:_identify(src/microros/src/micro_ros_setup) by extension 'ignore_ament_install'
[0.256s] Level 1:colcon.colcon_core.package_identification:_identify(src/microros/src/micro_ros_setup) by extensions ['colcon_pkg']
[0.256s] Level 1:colcon.colcon_core.package_identification:_identify(src/microros/src/micro_ros_setup) by extension 'colcon_pkg'
[0.256s] Level 1:colcon.colcon_core.package_identification:_identify(src/microros/src/micro_ros_setup) by extensions ['colcon_meta']
[0.256s] Level 1:colcon.colcon_core.package_identification:_identify(src/microros/src/micro_ros_setup) by extension 'colcon_meta'
[0.256s] Level 1:colcon.colcon_core.package_identification:_identify(src/microros/src/micro_ros_setup) by extensions ['ros']
[0.256s] Level 1:colcon.colcon_core.package_identification:_identify(src/microros/src/micro_ros_setup) by extension 'ros'
[0.257s] DEBUG:colcon.colcon_core.package_identification:Package 'src/microros/src/micro_ros_setup' with type 'ros.ament_cmake' and name 'micro_ros_setup'
[0.257s] Level 1:colcon.colcon_core.package_identification:_identify(src/microros/src/ros2) by extensions ['ignore', 'ignore_ament_install']
[0.257s] Level 1:colcon.colcon_core.package_identification:_identify(src/microros/src/ros2) by extension 'ignore'
[0.257s] Level 1:colcon.colcon_core.package_identification:_identify(src/microros/src/ros2) by extension 'ignore_ament_install'
[0.257s] Level 1:colcon.colcon_core.package_identification:_identify(src/microros/src/ros2) by extensions ['colcon_pkg']
[0.257s] Level 1:colcon.colcon_core.package_identification:_identify(src/microros/src/ros2) by extension 'colcon_pkg'
[0.257s] Level 1:colcon.colcon_core.package_identification:_identify(src/microros/src/ros2) by extensions ['colcon_meta']
[0.257s] Level 1:colcon.colcon_core.package_identification:_identify(src/microros/src/ros2) by extension 'colcon_meta'
[0.257s] Level 1:colcon.colcon_core.package_identification:_identify(src/microros/src/ros2) by extensions ['ros']
[0.257s] Level 1:colcon.colcon_core.package_identification:_identify(src/microros/src/ros2) by extension 'ros'
[0.257s] Level 1:colcon.colcon_core.package_identification:_identify(src/microros/src/ros2) by extensions ['cmake', 'python']
[0.257s] Level 1:colcon.colcon_core.package_identification:_identify(src/microros/src/ros2) by extension 'cmake'
[0.257s] Level 1:colcon.colcon_core.package_identification:_identify(src/microros/src/ros2) by extension 'python'
[0.257s] Level 1:colcon.colcon_core.package_identification:_identify(src/microros/src/ros2) by extensions ['python_setup_py']
[0.257s] Level 1:colcon.colcon_core.package_identification:_identify(src/microros/src/ros2) by extension 'python_setup_py'
[0.257s] Level 1:colcon.colcon_core.package_identification:_identify(src/microros/src/ros2/common_interfaces) by extensions ['ignore', 'ignore_ament_install']
[0.257s] Level 1:colcon.colcon_core.package_identification:_identify(src/microros/src/ros2/common_interfaces) by extension 'ignore'
[0.257s] Level 1:colcon.colcon_core.package_identification:_identify(src/microros/src/ros2/common_interfaces) by extension 'ignore_ament_install'
[0.257s] Level 1:colcon.colcon_core.package_identification:_identify(src/microros/src/ros2/common_interfaces) by extensions ['colcon_pkg']
[0.257s] Level 1:colcon.colcon_core.package_identification:_identify(src/microros/src/ros2/common_interfaces) by extension 'colcon_pkg'
[0.257s] Level 1:colcon.colcon_core.package_identification:_identify(src/microros/src/ros2/common_interfaces) by extensions ['colcon_meta']
[0.257s] Level 1:colcon.colcon_core.package_identification:_identify(src/microros/src/ros2/common_interfaces) by extension 'colcon_meta'
[0.257s] Level 1:colcon.colcon_core.package_identification:_identify(src/microros/src/ros2/common_interfaces) by extensions ['ros']
[0.257s] Level 1:colcon.colcon_core.package_identification:_identify(src/microros/src/ros2/common_interfaces) by extension 'ros'
[0.258s] Level 1:colcon.colcon_core.package_identification:_identify(src/microros/src/ros2/common_interfaces) by extensions ['cmake', 'python']
[0.258s] Level 1:colcon.colcon_core.package_identification:_identify(src/microros/src/ros2/common_interfaces) by extension 'cmake'
[0.258s] Level 1:colcon.colcon_core.package_identification:_identify(src/microros/src/ros2/common_interfaces) by extension 'python'
[0.258s] Level 1:colcon.colcon_core.package_identification:_identify(src/microros/src/ros2/common_interfaces) by extensions ['python_setup_py']
[0.258s] Level 1:colcon.colcon_core.package_identification:_identify(src/microros/src/ros2/common_interfaces) by extension 'python_setup_py'
[0.258s] Level 1:colcon.colcon_core.package_identification:_identify(src/microros/src/ros2/common_interfaces/actionlib_msgs) by extensions ['ignore', 'ignore_ament_install']
[0.258s] Level 1:colcon.colcon_core.package_identification:_identify(src/microros/src/ros2/common_interfaces/actionlib_msgs) by extension 'ignore'
[0.258s] Level 1:colcon.colcon_core.package_identification:_identify(src/microros/src/ros2/common_interfaces/actionlib_msgs) by extension 'ignore_ament_install'
[0.258s] Level 1:colcon.colcon_core.package_identification:_identify(src/microros/src/ros2/common_interfaces/actionlib_msgs) by extensions ['colcon_pkg']
[0.258s] Level 1:colcon.colcon_core.package_identification:_identify(src/microros/src/ros2/common_interfaces/actionlib_msgs) by extension 'colcon_pkg'
[0.258s] Level 1:colcon.colcon_core.package_identification:_identify(src/microros/src/ros2/common_interfaces/actionlib_msgs) by extensions ['colcon_meta']
[0.258s] Level 1:colcon.colcon_core.package_identification:_identify(src/microros/src/ros2/common_interfaces/actionlib_msgs) by extension 'colcon_meta'
[0.258s] Level 1:colcon.colcon_core.package_identification:_identify(src/microros/src/ros2/common_interfaces/actionlib_msgs) by extensions ['ros']
[0.258s] Level 1:colcon.colcon_core.package_identification:_identify(src/microros/src/ros2/common_interfaces/actionlib_msgs) by extension 'ros'
[0.258s] DEBUG:colcon.colcon_core.package_identification:Package 'src/microros/src/ros2/common_interfaces/actionlib_msgs' with type 'ros.ament_cmake' and name 'actionlib_msgs'
[0.258s] Level 1:colcon.colcon_core.package_identification:_identify(src/microros/src/ros2/common_interfaces/common_interfaces) by extensions ['ignore', 'ignore_ament_install']
[0.259s] Level 1:colcon.colcon_core.package_identification:_identify(src/microros/src/ros2/common_interfaces/common_interfaces) by extension 'ignore'
[0.259s] Level 1:colcon.colcon_core.package_identification:_identify(src/microros/src/ros2/common_interfaces/common_interfaces) by extension 'ignore_ament_install'
[0.259s] Level 1:colcon.colcon_core.package_identification:_identify(src/microros/src/ros2/common_interfaces/common_interfaces) by extensions ['colcon_pkg']
[0.259s] Level 1:colcon.colcon_core.package_identification:_identify(src/microros/src/ros2/common_interfaces/common_interfaces) by extension 'colcon_pkg'
[0.259s] Level 1:colcon.colcon_core.package_identification:_identify(src/microros/src/ros2/common_interfaces/common_interfaces) by extensions ['colcon_meta']
[0.259s] Level 1:colcon.colcon_core.package_identification:_identify(src/microros/src/ros2/common_interfaces/common_interfaces) by extension 'colcon_meta'
[0.259s] Level 1:colcon.colcon_core.package_identification:_identify(src/microros/src/ros2/common_interfaces/common_interfaces) by extensions ['ros']
[0.259s] Level 1:colcon.colcon_core.package_identification:_identify(src/microros/src/ros2/common_interfaces/common_interfaces) by extension 'ros'
[0.259s] DEBUG:colcon.colcon_core.package_identification:Package 'src/microros/src/ros2/common_interfaces/common_interfaces' with type 'ros.ament_cmake' and name 'common_interfaces'
[0.259s] Level 1:colcon.colcon_core.package_identification:_identify(src/microros/src/ros2/common_interfaces/diagnostic_msgs) by extensions ['ignore', 'ignore_ament_install']
[0.259s] Level 1:colcon.colcon_core.package_identification:_identify(src/microros/src/ros2/common_interfaces/diagnostic_msgs) by extension 'ignore'
[0.259s] Level 1:colcon.colcon_core.package_identification:_identify(src/microros/src/ros2/common_interfaces/diagnostic_msgs) by extension 'ignore_ament_install'
[0.259s] Level 1:colcon.colcon_core.package_identification:_identify(src/microros/src/ros2/common_interfaces/diagnostic_msgs) by extensions ['colcon_pkg']
[0.259s] Level 1:colcon.colcon_core.package_identification:_identify(src/microros/src/ros2/common_interfaces/diagnostic_msgs) by extension 'colcon_pkg'
[0.259s] Level 1:colcon.colcon_core.package_identification:_identify(src/microros/src/ros2/common_interfaces/diagnostic_msgs) by extensions ['colcon_meta']
[0.259s] Level 1:colcon.colcon_core.package_identification:_identify(src/microros/src/ros2/common_interfaces/diagnostic_msgs) by extension 'colcon_meta'
[0.259s] Level 1:colcon.colcon_core.package_identification:_identify(src/microros/src/ros2/common_interfaces/diagnostic_msgs) by extensions ['ros']
[0.259s] Level 1:colcon.colcon_core.package_identification:_identify(src/microros/src/ros2/common_interfaces/diagnostic_msgs) by extension 'ros'
[0.260s] DEBUG:colcon.colcon_core.package_identification:Package 'src/microros/src/ros2/common_interfaces/diagnostic_msgs' with type 'ros.ament_cmake' and name 'diagnostic_msgs'
[0.260s] Level 1:colcon.colcon_core.package_identification:_identify(src/microros/src/ros2/common_interfaces/docs) by extensions ['ignore', 'ignore_ament_install']
[0.260s] Level 1:colcon.colcon_core.package_identification:_identify(src/microros/src/ros2/common_interfaces/docs) by extension 'ignore'
[0.260s] Level 1:colcon.colcon_core.package_identification:_identify(src/microros/src/ros2/common_interfaces/docs) by extension 'ignore_ament_install'
[0.260s] Level 1:colcon.colcon_core.package_identification:_identify(src/microros/src/ros2/common_interfaces/docs) by extensions ['colcon_pkg']
[0.260s] Level 1:colcon.colcon_core.package_identification:_identify(src/microros/src/ros2/common_interfaces/docs) by extension 'colcon_pkg'
[0.260s] Level 1:colcon.colcon_core.package_identification:_identify(src/microros/src/ros2/common_interfaces/docs) by extensions ['colcon_meta']
[0.260s] Level 1:colcon.colcon_core.package_identification:_identify(src/microros/src/ros2/common_interfaces/docs) by extension 'colcon_meta'
[0.260s] Level 1:colcon.colcon_core.package_identification:_identify(src/microros/src/ros2/common_interfaces/docs) by extensions ['ros']
[0.260s] Level 1:colcon.colcon_core.package_identification:_identify(src/microros/src/ros2/common_interfaces/docs) by extension 'ros'
[0.260s] Level 1:colcon.colcon_core.package_identification:_identify(src/microros/src/ros2/common_interfaces/docs) by extensions ['cmake', 'python']
[0.260s] Level 1:colcon.colcon_core.package_identification:_identify(src/microros/src/ros2/common_interfaces/docs) by extension 'cmake'
[0.260s] Level 1:colcon.colcon_core.package_identification:_identify(src/microros/src/ros2/common_interfaces/docs) by extension 'python'
[0.260s] Level 1:colcon.colcon_core.package_identification:_identify(src/microros/src/ros2/common_interfaces/docs) by extensions ['python_setup_py']
[0.260s] Level 1:colcon.colcon_core.package_identification:_identify(src/microros/src/ros2/common_interfaces/docs) by extension 'python_setup_py'
[0.260s] Level 1:colcon.colcon_core.package_identification:_identify(src/microros/src/ros2/common_interfaces/geometry_msgs) by extensions ['ignore', 'ignore_ament_install']
[0.260s] Level 1:colcon.colcon_core.package_identification:_identify(src/microros/src/ros2/common_interfaces/geometry_msgs) by extension 'ignore'
[0.260s] Level 1:colcon.colcon_core.package_identification:_identify(src/microros/src/ros2/common_interfaces/geometry_msgs) by extension 'ignore_ament_install'
[0.261s] Level 1:colcon.colcon_core.package_identification:_identify(src/microros/src/ros2/common_interfaces/geometry_msgs) by extensions ['colcon_pkg']
[0.261s] Level 1:colcon.colcon_core.package_identification:_identify(src/microros/src/ros2/common_interfaces/geometry_msgs) by extension 'colcon_pkg'
[0.261s] Level 1:colcon.colcon_core.package_identification:_identify(src/microros/src/ros2/common_interfaces/geometry_msgs) by extensions ['colcon_meta']
[0.261s] Level 1:colcon.colcon_core.package_identification:_identify(src/microros/src/ros2/common_interfaces/geometry_msgs) by extension 'colcon_meta'
[0.261s] Level 1:colcon.colcon_core.package_identification:_identify(src/microros/src/ros2/common_interfaces/geometry_msgs) by extensions ['ros']
[0.261s] Level 1:colcon.colcon_core.package_identification:_identify(src/microros/src/ros2/common_interfaces/geometry_msgs) by extension 'ros'
[0.261s] DEBUG:colcon.colcon_core.package_identification:Package 'src/microros/src/ros2/common_interfaces/geometry_msgs' with type 'ros.ament_cmake' and name 'geometry_msgs'
[0.261s] Level 1:colcon.colcon_core.package_identification:_identify(src/microros/src/ros2/common_interfaces/nav_msgs) by extensions ['ignore', 'ignore_ament_install']
[0.261s] Level 1:colcon.colcon_core.package_identification:_identify(src/microros/src/ros2/common_interfaces/nav_msgs) by extension 'ignore'
[0.261s] Level 1:colcon.colcon_core.package_identification:_identify(src/microros/src/ros2/common_interfaces/nav_msgs) by extension 'ignore_ament_install'
[0.261s] Level 1:colcon.colcon_core.package_identification:_identify(src/microros/src/ros2/common_interfaces/nav_msgs) by extensions ['colcon_pkg']
[0.261s] Level 1:colcon.colcon_core.package_identification:_identify(src/microros/src/ros2/common_interfaces/nav_msgs) by extension 'colcon_pkg'
[0.261s] Level 1:colcon.colcon_core.package_identification:_identify(src/microros/src/ros2/common_interfaces/nav_msgs) by extensions ['colcon_meta']
[0.261s] Level 1:colcon.colcon_core.package_identification:_identify(src/microros/src/ros2/common_interfaces/nav_msgs) by extension 'colcon_meta'
[0.261s] Level 1:colcon.colcon_core.package_identification:_identify(src/microros/src/ros2/common_interfaces/nav_msgs) by extensions ['ros']
[0.261s] Level 1:colcon.colcon_core.package_identification:_identify(src/microros/src/ros2/common_interfaces/nav_msgs) by extension 'ros'
[0.262s] DEBUG:colcon.colcon_core.package_identification:Package 'src/microros/src/ros2/common_interfaces/nav_msgs' with type 'ros.ament_cmake' and name 'nav_msgs'
[0.262s] Level 1:colcon.colcon_core.package_identification:_identify(src/microros/src/ros2/common_interfaces/sensor_msgs) by extensions ['ignore', 'ignore_ament_install']
[0.262s] Level 1:colcon.colcon_core.package_identification:_identify(src/microros/src/ros2/common_interfaces/sensor_msgs) by extension 'ignore'
[0.262s] Level 1:colcon.colcon_core.package_identification:_identify(src/microros/src/ros2/common_interfaces/sensor_msgs) by extension 'ignore_ament_install'
[0.262s] Level 1:colcon.colcon_core.package_identification:_identify(src/microros/src/ros2/common_interfaces/sensor_msgs) by extensions ['colcon_pkg']
[0.262s] Level 1:colcon.colcon_core.package_identification:_identify(src/microros/src/ros2/common_interfaces/sensor_msgs) by extension 'colcon_pkg'
[0.262s] Level 1:colcon.colcon_core.package_identification:_identify(src/microros/src/ros2/common_interfaces/sensor_msgs) by extensions ['colcon_meta']
[0.262s] Level 1:colcon.colcon_core.package_identification:_identify(src/microros/src/ros2/common_interfaces/sensor_msgs) by extension 'colcon_meta'
[0.262s] Level 1:colcon.colcon_core.package_identification:_identify(src/microros/src/ros2/common_interfaces/sensor_msgs) by extensions ['ros']
[0.262s] Level 1:colcon.colcon_core.package_identification:_identify(src/microros/src/ros2/common_interfaces/sensor_msgs) by extension 'ros'
[0.263s] DEBUG:colcon.colcon_core.package_identification:Package 'src/microros/src/ros2/common_interfaces/sensor_msgs' with type 'ros.ament_cmake' and name 'sensor_msgs'
[0.263s] Level 1:colcon.colcon_core.package_identification:_identify(src/microros/src/ros2/common_interfaces/sensor_msgs_py) by extensions ['ignore', 'ignore_ament_install']
[0.263s] Level 1:colcon.colcon_core.package_identification:_identify(src/microros/src/ros2/common_interfaces/sensor_msgs_py) by extension 'ignore'
[0.263s] Level 1:colcon.colcon_core.package_identification:_identify(src/microros/src/ros2/common_interfaces/sensor_msgs_py) by extension 'ignore_ament_install'
[0.263s] Level 1:colcon.colcon_core.package_identification:_identify(src/microros/src/ros2/common_interfaces/sensor_msgs_py) by extensions ['colcon_pkg']
[0.263s] Level 1:colcon.colcon_core.package_identification:_identify(src/microros/src/ros2/common_interfaces/sensor_msgs_py) by extension 'colcon_pkg'
[0.263s] Level 1:colcon.colcon_core.package_identification:_identify(src/microros/src/ros2/common_interfaces/sensor_msgs_py) by extensions ['colcon_meta']
[0.263s] Level 1:colcon.colcon_core.package_identification:_identify(src/microros/src/ros2/common_interfaces/sensor_msgs_py) by extension 'colcon_meta'
[0.263s] Level 1:colcon.colcon_core.package_identification:_identify(src/microros/src/ros2/common_interfaces/sensor_msgs_py) by extensions ['ros']
[0.263s] Level 1:colcon.colcon_core.package_identification:_identify(src/microros/src/ros2/common_interfaces/sensor_msgs_py) by extension 'ros'
[0.263s] DEBUG:colcon.colcon_core.package_identification:Package 'src/microros/src/ros2/common_interfaces/sensor_msgs_py' with type 'ros.ament_python' and name 'sensor_msgs_py'
[0.263s] Level 1:colcon.colcon_core.package_identification:_identify(src/microros/src/ros2/common_interfaces/shape_msgs) by extensions ['ignore', 'ignore_ament_install']
[0.263s] Level 1:colcon.colcon_core.package_identification:_identify(src/microros/src/ros2/common_interfaces/shape_msgs) by extension 'ignore'
[0.263s] Level 1:colcon.colcon_core.package_identification:_identify(src/microros/src/ros2/common_interfaces/shape_msgs) by extension 'ignore_ament_install'
[0.263s] Level 1:colcon.colcon_core.package_identification:_identify(src/microros/src/ros2/common_interfaces/shape_msgs) by extensions ['colcon_pkg']
[0.263s] Level 1:colcon.colcon_core.package_identification:_identify(src/microros/src/ros2/common_interfaces/shape_msgs) by extension 'colcon_pkg'
[0.263s] Level 1:colcon.colcon_core.package_identification:_identify(src/microros/src/ros2/common_interfaces/shape_msgs) by extensions ['colcon_meta']
[0.264s] Level 1:colcon.colcon_core.package_identification:_identify(src/microros/src/ros2/common_interfaces/shape_msgs) by extension 'colcon_meta'
[0.264s] Level 1:colcon.colcon_core.package_identification:_identify(src/microros/src/ros2/common_interfaces/shape_msgs) by extensions ['ros']
[0.264s] Level 1:colcon.colcon_core.package_identification:_identify(src/microros/src/ros2/common_interfaces/shape_msgs) by extension 'ros'
[0.264s] DEBUG:colcon.colcon_core.package_identification:Package 'src/microros/src/ros2/common_interfaces/shape_msgs' with type 'ros.ament_cmake' and name 'shape_msgs'
[0.264s] Level 1:colcon.colcon_core.package_identification:_identify(src/microros/src/ros2/common_interfaces/std_msgs) by extensions ['ignore', 'ignore_ament_install']
[0.264s] Level 1:colcon.colcon_core.package_identification:_identify(src/microros/src/ros2/common_interfaces/std_msgs) by extension 'ignore'
[0.264s] Level 1:colcon.colcon_core.package_identification:_identify(src/microros/src/ros2/common_interfaces/std_msgs) by extension 'ignore_ament_install'
[0.264s] Level 1:colcon.colcon_core.package_identification:_identify(src/microros/src/ros2/common_interfaces/std_msgs) by extensions ['colcon_pkg']
[0.264s] Level 1:colcon.colcon_core.package_identification:_identify(src/microros/src/ros2/common_interfaces/std_msgs) by extension 'colcon_pkg'
[0.264s] Level 1:colcon.colcon_core.package_identification:_identify(src/microros/src/ros2/common_interfaces/std_msgs) by extensions ['colcon_meta']
[0.264s] Level 1:colcon.colcon_core.package_identification:_identify(src/microros/src/ros2/common_interfaces/std_msgs) by extension 'colcon_meta'
[0.264s] Level 1:colcon.colcon_core.package_identification:_identify(src/microros/src/ros2/common_interfaces/std_msgs) by extensions ['ros']
[0.264s] Level 1:colcon.colcon_core.package_identification:_identify(src/microros/src/ros2/common_interfaces/std_msgs) by extension 'ros'
[0.265s] DEBUG:colcon.colcon_core.package_identification:Package 'src/microros/src/ros2/common_interfaces/std_msgs' with type 'ros.ament_cmake' and name 'std_msgs'
[0.265s] Level 1:colcon.colcon_core.package_identification:_identify(src/microros/src/ros2/common_interfaces/std_srvs) by extensions ['ignore', 'ignore_ament_install']
[0.265s] Level 1:colcon.colcon_core.package_identification:_identify(src/microros/src/ros2/common_interfaces/std_srvs) by extension 'ignore'
[0.265s] Level 1:colcon.colcon_core.package_identification:_identify(src/microros/src/ros2/common_interfaces/std_srvs) by extension 'ignore_ament_install'
[0.265s] Level 1:colcon.colcon_core.package_identification:_identify(src/microros/src/ros2/common_interfaces/std_srvs) by extensions ['colcon_pkg']
[0.265s] Level 1:colcon.colcon_core.package_identification:_identify(src/microros/src/ros2/common_interfaces/std_srvs) by extension 'colcon_pkg'
[0.265s] Level 1:colcon.colcon_core.package_identification:_identify(src/microros/src/ros2/common_interfaces/std_srvs) by extensions ['colcon_meta']
[0.265s] Level 1:colcon.colcon_core.package_identification:_identify(src/microros/src/ros2/common_interfaces/std_srvs) by extension 'colcon_meta'
[0.265s] Level 1:colcon.colcon_core.package_identification:_identify(src/microros/src/ros2/common_interfaces/std_srvs) by extensions ['ros']
[0.265s] Level 1:colcon.colcon_core.package_identification:_identify(src/microros/src/ros2/common_interfaces/std_srvs) by extension 'ros'
[0.265s] DEBUG:colcon.colcon_core.package_identification:Package 'src/microros/src/ros2/common_interfaces/std_srvs' with type 'ros.ament_cmake' and name 'std_srvs'
[0.265s] Level 1:colcon.colcon_core.package_identification:_identify(src/microros/src/ros2/common_interfaces/stereo_msgs) by extensions ['ignore', 'ignore_ament_install']
[0.265s] Level 1:colcon.colcon_core.package_identification:_identify(src/microros/src/ros2/common_interfaces/stereo_msgs) by extension 'ignore'
[0.266s] Level 1:colcon.colcon_core.package_identification:_identify(src/microros/src/ros2/common_interfaces/stereo_msgs) by extension 'ignore_ament_install'
[0.266s] Level 1:colcon.colcon_core.package_identification:_identify(src/microros/src/ros2/common_interfaces/stereo_msgs) by extensions ['colcon_pkg']
[0.266s] Level 1:colcon.colcon_core.package_identification:_identify(src/microros/src/ros2/common_interfaces/stereo_msgs) by extension 'colcon_pkg'
[0.266s] Level 1:colcon.colcon_core.package_identification:_identify(src/microros/src/ros2/common_interfaces/stereo_msgs) by extensions ['colcon_meta']
[0.266s] Level 1:colcon.colcon_core.package_identification:_identify(src/microros/src/ros2/common_interfaces/stereo_msgs) by extension 'colcon_meta'
[0.266s] Level 1:colcon.colcon_core.package_identification:_identify(src/microros/src/ros2/common_interfaces/stereo_msgs) by extensions ['ros']
[0.266s] Level 1:colcon.colcon_core.package_identification:_identify(src/microros/src/ros2/common_interfaces/stereo_msgs) by extension 'ros'
[0.266s] DEBUG:colcon.colcon_core.package_identification:Package 'src/microros/src/ros2/common_interfaces/stereo_msgs' with type 'ros.ament_cmake' and name 'stereo_msgs'
[0.266s] Level 1:colcon.colcon_core.package_identification:_identify(src/microros/src/ros2/common_interfaces/trajectory_msgs) by extensions ['ignore', 'ignore_ament_install']
[0.266s] Level 1:colcon.colcon_core.package_identification:_identify(src/microros/src/ros2/common_interfaces/trajectory_msgs) by extension 'ignore'
[0.266s] Level 1:colcon.colcon_core.package_identification:_identify(src/microros/src/ros2/common_interfaces/trajectory_msgs) by extension 'ignore_ament_install'
[0.266s] Level 1:colcon.colcon_core.package_identification:_identify(src/microros/src/ros2/common_interfaces/trajectory_msgs) by extensions ['colcon_pkg']
[0.266s] Level 1:colcon.colcon_core.package_identification:_identify(src/microros/src/ros2/common_interfaces/trajectory_msgs) by extension 'colcon_pkg'
[0.266s] Level 1:colcon.colcon_core.package_identification:_identify(src/microros/src/ros2/common_interfaces/trajectory_msgs) by extensions ['colcon_meta']
[0.266s] Level 1:colcon.colcon_core.package_identification:_identify(src/microros/src/ros2/common_interfaces/trajectory_msgs) by extension 'colcon_meta'
[0.266s] Level 1:colcon.colcon_core.package_identification:_identify(src/microros/src/ros2/common_interfaces/trajectory_msgs) by extensions ['ros']
[0.266s] Level 1:colcon.colcon_core.package_identification:_identify(src/microros/src/ros2/common_interfaces/trajectory_msgs) by extension 'ros'
[0.267s] DEBUG:colcon.colcon_core.package_identification:Package 'src/microros/src/ros2/common_interfaces/trajectory_msgs' with type 'ros.ament_cmake' and name 'trajectory_msgs'
[0.267s] Level 1:colcon.colcon_core.package_identification:_identify(src/microros/src/ros2/common_interfaces/visualization_msgs) by extensions ['ignore', 'ignore_ament_install']
[0.267s] Level 1:colcon.colcon_core.package_identification:_identify(src/microros/src/ros2/common_interfaces/visualization_msgs) by extension 'ignore'
[0.267s] Level 1:colcon.colcon_core.package_identification:_identify(src/microros/src/ros2/common_interfaces/visualization_msgs) by extension 'ignore_ament_install'
[0.267s] Level 1:colcon.colcon_core.package_identification:_identify(src/microros/src/ros2/common_interfaces/visualization_msgs) by extensions ['colcon_pkg']
[0.267s] Level 1:colcon.colcon_core.package_identification:_identify(src/microros/src/ros2/common_interfaces/visualization_msgs) by extension 'colcon_pkg'
[0.267s] Level 1:colcon.colcon_core.package_identification:_identify(src/microros/src/ros2/common_interfaces/visualization_msgs) by extensions ['colcon_meta']
[0.267s] Level 1:colcon.colcon_core.package_identification:_identify(src/microros/src/ros2/common_interfaces/visualization_msgs) by extension 'colcon_meta'
[0.267s] Level 1:colcon.colcon_core.package_identification:_identify(src/microros/src/ros2/common_interfaces/visualization_msgs) by extensions ['ros']
[0.267s] Level 1:colcon.colcon_core.package_identification:_identify(src/microros/src/ros2/common_interfaces/visualization_msgs) by extension 'ros'
[0.268s] DEBUG:colcon.colcon_core.package_identification:Package 'src/microros/src/ros2/common_interfaces/visualization_msgs' with type 'ros.ament_cmake' and name 'visualization_msgs'
[0.268s] Level 1:colcon.colcon_core.package_identification:_identify(src/microros/src/ros2/example_interfaces) by extensions ['ignore', 'ignore_ament_install']
[0.268s] Level 1:colcon.colcon_core.package_identification:_identify(src/microros/src/ros2/example_interfaces) by extension 'ignore'
[0.268s] Level 1:colcon.colcon_core.package_identification:_identify(src/microros/src/ros2/example_interfaces) by extension 'ignore_ament_install'
[0.268s] Level 1:colcon.colcon_core.package_identification:_identify(src/microros/src/ros2/example_interfaces) by extensions ['colcon_pkg']
[0.268s] Level 1:colcon.colcon_core.package_identification:_identify(src/microros/src/ros2/example_interfaces) by extension 'colcon_pkg'
[0.268s] Level 1:colcon.colcon_core.package_identification:_identify(src/microros/src/ros2/example_interfaces) by extensions ['colcon_meta']
[0.268s] Level 1:colcon.colcon_core.package_identification:_identify(src/microros/src/ros2/example_interfaces) by extension 'colcon_meta'
[0.268s] Level 1:colcon.colcon_core.package_identification:_identify(src/microros/src/ros2/example_interfaces) by extensions ['ros']
[0.268s] Level 1:colcon.colcon_core.package_identification:_identify(src/microros/src/ros2/example_interfaces) by extension 'ros'
[0.268s] DEBUG:colcon.colcon_core.package_identification:Package 'src/microros/src/ros2/example_interfaces' with type 'ros.ament_cmake' and name 'example_interfaces'
[0.268s] Level 1:colcon.colcon_core.package_identification:_identify(src/microros/src/ros2/rcl_interfaces) by extensions ['ignore', 'ignore_ament_install']
[0.268s] Level 1:colcon.colcon_core.package_identification:_identify(src/microros/src/ros2/rcl_interfaces) by extension 'ignore'
[0.269s] Level 1:colcon.colcon_core.package_identification:_identify(src/microros/src/ros2/rcl_interfaces) by extension 'ignore_ament_install'
[0.269s] Level 1:colcon.colcon_core.package_identification:_identify(src/microros/src/ros2/rcl_interfaces) by extensions ['colcon_pkg']
[0.269s] Level 1:colcon.colcon_core.package_identification:_identify(src/microros/src/ros2/rcl_interfaces) by extension 'colcon_pkg'
[0.269s] Level 1:colcon.colcon_core.package_identification:_identify(src/microros/src/ros2/rcl_interfaces) by extensions ['colcon_meta']
[0.269s] Level 1:colcon.colcon_core.package_identification:_identify(src/microros/src/ros2/rcl_interfaces) by extension 'colcon_meta'
[0.269s] Level 1:colcon.colcon_core.package_identification:_identify(src/microros/src/ros2/rcl_interfaces) by extensions ['ros']
[0.269s] Level 1:colcon.colcon_core.package_identification:_identify(src/microros/src/ros2/rcl_interfaces) by extension 'ros'
[0.269s] Level 1:colcon.colcon_core.package_identification:_identify(src/microros/src/ros2/rcl_interfaces) by extensions ['cmake', 'python']
[0.269s] Level 1:colcon.colcon_core.package_identification:_identify(src/microros/src/ros2/rcl_interfaces) by extension 'cmake'
[0.269s] Level 1:colcon.colcon_core.package_identification:_identify(src/microros/src/ros2/rcl_interfaces) by extension 'python'
[0.269s] Level 1:colcon.colcon_core.package_identification:_identify(src/microros/src/ros2/rcl_interfaces) by extensions ['python_setup_py']
[0.269s] Level 1:colcon.colcon_core.package_identification:_identify(src/microros/src/ros2/rcl_interfaces) by extension 'python_setup_py'
[0.269s] Level 1:colcon.colcon_core.package_identification:_identify(src/microros/src/ros2/rcl_interfaces/action_msgs) by extensions ['ignore', 'ignore_ament_install']
[0.269s] Level 1:colcon.colcon_core.package_identification:_identify(src/microros/src/ros2/rcl_interfaces/action_msgs) by extension 'ignore'
[0.269s] Level 1:colcon.colcon_core.package_identification:_identify(src/microros/src/ros2/rcl_interfaces/action_msgs) by extension 'ignore_ament_install'
[0.269s] Level 1:colcon.colcon_core.package_identification:_identify(src/microros/src/ros2/rcl_interfaces/action_msgs) by extensions ['colcon_pkg']
[0.269s] Level 1:colcon.colcon_core.package_identification:_identify(src/microros/src/ros2/rcl_interfaces/action_msgs) by extension 'colcon_pkg'
[0.269s] Level 1:colcon.colcon_core.package_identification:_identify(src/microros/src/ros2/rcl_interfaces/action_msgs) by extensions ['colcon_meta']
[0.269s] Level 1:colcon.colcon_core.package_identification:_identify(src/microros/src/ros2/rcl_interfaces/action_msgs) by extension 'colcon_meta'
[0.269s] Level 1:colcon.colcon_core.package_identification:_identify(src/microros/src/ros2/rcl_interfaces/action_msgs) by extensions ['ros']
[0.269s] Level 1:colcon.colcon_core.package_identification:_identify(src/microros/src/ros2/rcl_interfaces/action_msgs) by extension 'ros'
[0.269s] DEBUG:colcon.colcon_core.package_identification:Package 'src/microros/src/ros2/rcl_interfaces/action_msgs' with type 'ros.ament_cmake' and name 'action_msgs'
[0.270s] Level 1:colcon.colcon_core.package_identification:_identify(src/microros/src/ros2/rcl_interfaces/builtin_interfaces) by extensions ['ignore', 'ignore_ament_install']
[0.270s] Level 1:colcon.colcon_core.package_identification:_identify(src/microros/src/ros2/rcl_interfaces/builtin_interfaces) by extension 'ignore'
[0.270s] Level 1:colcon.colcon_core.package_identification:_identify(src/microros/src/ros2/rcl_interfaces/builtin_interfaces) by extension 'ignore_ament_install'
[0.270s] Level 1:colcon.colcon_core.package_identification:_identify(src/microros/src/ros2/rcl_interfaces/builtin_interfaces) by extensions ['colcon_pkg']
[0.270s] Level 1:colcon.colcon_core.package_identification:_identify(src/microros/src/ros2/rcl_interfaces/builtin_interfaces) by extension 'colcon_pkg'
[0.270s] Level 1:colcon.colcon_core.package_identification:_identify(src/microros/src/ros2/rcl_interfaces/builtin_interfaces) by extensions ['colcon_meta']
[0.270s] Level 1:colcon.colcon_core.package_identification:_identify(src/microros/src/ros2/rcl_interfaces/builtin_interfaces) by extension 'colcon_meta'
[0.270s] Level 1:colcon.colcon_core.package_identification:_identify(src/microros/src/ros2/rcl_interfaces/builtin_interfaces) by extensions ['ros']
[0.270s] Level 1:colcon.colcon_core.package_identification:_identify(src/microros/src/ros2/rcl_interfaces/builtin_interfaces) by extension 'ros'
[0.270s] DEBUG:colcon.colcon_core.package_identification:Package 'src/microros/src/ros2/rcl_interfaces/builtin_interfaces' with type 'ros.ament_cmake' and name 'builtin_interfaces'
[0.270s] Level 1:colcon.colcon_core.package_identification:_identify(src/microros/src/ros2/rcl_interfaces/composition_interfaces) by extensions ['ignore', 'ignore_ament_install']
[0.270s] Level 1:colcon.colcon_core.package_identification:_identify(src/microros/src/ros2/rcl_interfaces/composition_interfaces) by extension 'ignore'
[0.270s] Level 1:colcon.colcon_core.package_identification:_identify(src/microros/src/ros2/rcl_interfaces/composition_interfaces) by extension 'ignore_ament_install'
[0.270s] Level 1:colcon.colcon_core.package_identification:_identify(src/microros/src/ros2/rcl_interfaces/composition_interfaces) by extensions ['colcon_pkg']
[0.270s] Level 1:colcon.colcon_core.package_identification:_identify(src/microros/src/ros2/rcl_interfaces/composition_interfaces) by extension 'colcon_pkg'
[0.270s] Level 1:colcon.colcon_core.package_identification:_identify(src/microros/src/ros2/rcl_interfaces/composition_interfaces) by extensions ['colcon_meta']
[0.270s] Level 1:colcon.colcon_core.package_identification:_identify(src/microros/src/ros2/rcl_interfaces/composition_interfaces) by extension 'colcon_meta'
[0.270s] Level 1:colcon.colcon_core.package_identification:_identify(src/microros/src/ros2/rcl_interfaces/composition_interfaces) by extensions ['ros']
[0.270s] Level 1:colcon.colcon_core.package_identification:_identify(src/microros/src/ros2/rcl_interfaces/composition_interfaces) by extension 'ros'
[0.271s] DEBUG:colcon.colcon_core.package_identification:Package 'src/microros/src/ros2/rcl_interfaces/composition_interfaces' with type 'ros.ament_cmake' and name 'composition_interfaces'
[0.271s] Level 1:colcon.colcon_core.package_identification:_identify(src/microros/src/ros2/rcl_interfaces/lifecycle_msgs) by extensions ['ignore', 'ignore_ament_install']
[0.271s] Level 1:colcon.colcon_core.package_identification:_identify(src/microros/src/ros2/rcl_interfaces/lifecycle_msgs) by extension 'ignore'
[0.271s] Level 1:colcon.colcon_core.package_identification:_identify(src/microros/src/ros2/rcl_interfaces/lifecycle_msgs) by extension 'ignore_ament_install'
[0.271s] Level 1:colcon.colcon_core.package_identification:_identify(src/microros/src/ros2/rcl_interfaces/lifecycle_msgs) by extensions ['colcon_pkg']
[0.271s] Level 1:colcon.colcon_core.package_identification:_identify(src/microros/src/ros2/rcl_interfaces/lifecycle_msgs) by extension 'colcon_pkg'
[0.271s] Level 1:colcon.colcon_core.package_identification:_identify(src/microros/src/ros2/rcl_interfaces/lifecycle_msgs) by extensions ['colcon_meta']
[0.271s] Level 1:colcon.colcon_core.package_identification:_identify(src/microros/src/ros2/rcl_interfaces/lifecycle_msgs) by extension 'colcon_meta'
[0.271s] Level 1:colcon.colcon_core.package_identification:_identify(src/microros/src/ros2/rcl_interfaces/lifecycle_msgs) by extensions ['ros']
[0.271s] Level 1:colcon.colcon_core.package_identification:_identify(src/microros/src/ros2/rcl_interfaces/lifecycle_msgs) by extension 'ros'
[0.271s] DEBUG:colcon.colcon_core.package_identification:Package 'src/microros/src/ros2/rcl_interfaces/lifecycle_msgs' with type 'ros.ament_cmake' and name 'lifecycle_msgs'
[0.272s] Level 1:colcon.colcon_core.package_identification:_identify(src/microros/src/ros2/rcl_interfaces/rcl_interfaces) by extensions ['ignore', 'ignore_ament_install']
[0.272s] Level 1:colcon.colcon_core.package_identification:_identify(src/microros/src/ros2/rcl_interfaces/rcl_interfaces) by extension 'ignore'
[0.272s] Level 1:colcon.colcon_core.package_identification:_identify(src/microros/src/ros2/rcl_interfaces/rcl_interfaces) by extension 'ignore_ament_install'
[0.272s] Level 1:colcon.colcon_core.package_identification:_identify(src/microros/src/ros2/rcl_interfaces/rcl_interfaces) by extensions ['colcon_pkg']
[0.272s] Level 1:colcon.colcon_core.package_identification:_identify(src/microros/src/ros2/rcl_interfaces/rcl_interfaces) by extension 'colcon_pkg'
[0.272s] Level 1:colcon.colcon_core.package_identification:_identify(src/microros/src/ros2/rcl_interfaces/rcl_interfaces) by extensions ['colcon_meta']
[0.272s] Level 1:colcon.colcon_core.package_identification:_identify(src/microros/src/ros2/rcl_interfaces/rcl_interfaces) by extension 'colcon_meta'
[0.272s] Level 1:colcon.colcon_core.package_identification:_identify(src/microros/src/ros2/rcl_interfaces/rcl_interfaces) by extensions ['ros']
[0.272s] Level 1:colcon.colcon_core.package_identification:_identify(src/microros/src/ros2/rcl_interfaces/rcl_interfaces) by extension 'ros'
[0.273s] DEBUG:colcon.colcon_core.package_identification:Package 'src/microros/src/ros2/rcl_interfaces/rcl_interfaces' with type 'ros.ament_cmake' and name 'rcl_interfaces'
[0.273s] Level 1:colcon.colcon_core.package_identification:_identify(src/microros/src/ros2/rcl_interfaces/rosgraph_msgs) by extensions ['ignore', 'ignore_ament_install']
[0.273s] Level 1:colcon.colcon_core.package_identification:_identify(src/microros/src/ros2/rcl_interfaces/rosgraph_msgs) by extension 'ignore'
[0.273s] Level 1:colcon.colcon_core.package_identification:_identify(src/microros/src/ros2/rcl_interfaces/rosgraph_msgs) by extension 'ignore_ament_install'
[0.273s] Level 1:colcon.colcon_core.package_identification:_identify(src/microros/src/ros2/rcl_interfaces/rosgraph_msgs) by extensions ['colcon_pkg']
[0.273s] Level 1:colcon.colcon_core.package_identification:_identify(src/microros/src/ros2/rcl_interfaces/rosgraph_msgs) by extension 'colcon_pkg'
[0.273s] Level 1:colcon.colcon_core.package_identification:_identify(src/microros/src/ros2/rcl_interfaces/rosgraph_msgs) by extensions ['colcon_meta']
[0.273s] Level 1:colcon.colcon_core.package_identification:_identify(src/microros/src/ros2/rcl_interfaces/rosgraph_msgs) by extension 'colcon_meta'
[0.273s] Level 1:colcon.colcon_core.package_identification:_identify(src/microros/src/ros2/rcl_interfaces/rosgraph_msgs) by extensions ['ros']
[0.273s] Level 1:colcon.colcon_core.package_identification:_identify(src/microros/src/ros2/rcl_interfaces/rosgraph_msgs) by extension 'ros'
[0.274s] DEBUG:colcon.colcon_core.package_identification:Package 'src/microros/src/ros2/rcl_interfaces/rosgraph_msgs' with type 'ros.ament_cmake' and name 'rosgraph_msgs'
[0.274s] Level 1:colcon.colcon_core.package_identification:_identify(src/microros/src/ros2/rcl_interfaces/statistics_msgs) by extensions ['ignore', 'ignore_ament_install']
[0.274s] Level 1:colcon.colcon_core.package_identification:_identify(src/microros/src/ros2/rcl_interfaces/statistics_msgs) by extension 'ignore'
[0.274s] Level 1:colcon.colcon_core.package_identification:_identify(src/microros/src/ros2/rcl_interfaces/statistics_msgs) by extension 'ignore_ament_install'
[0.274s] Level 1:colcon.colcon_core.package_identification:_identify(src/microros/src/ros2/rcl_interfaces/statistics_msgs) by extensions ['colcon_pkg']
[0.274s] Level 1:colcon.colcon_core.package_identification:_identify(src/microros/src/ros2/rcl_interfaces/statistics_msgs) by extension 'colcon_pkg'
[0.274s] Level 1:colcon.colcon_core.package_identification:_identify(src/microros/src/ros2/rcl_interfaces/statistics_msgs) by extensions ['colcon_meta']
[0.274s] Level 1:colcon.colcon_core.package_identification:_identify(src/microros/src/ros2/rcl_interfaces/statistics_msgs) by extension 'colcon_meta'
[0.274s] Level 1:colcon.colcon_core.package_identification:_identify(src/microros/src/ros2/rcl_interfaces/statistics_msgs) by extensions ['ros']
[0.274s] Level 1:colcon.colcon_core.package_identification:_identify(src/microros/src/ros2/rcl_interfaces/statistics_msgs) by extension 'ros'
[0.274s] DEBUG:colcon.colcon_core.package_identification:Package 'src/microros/src/ros2/rcl_interfaces/statistics_msgs' with type 'ros.ament_cmake' and name 'statistics_msgs'
[0.274s] Level 1:colcon.colcon_core.package_identification:_identify(src/microros/src/ros2/rcl_interfaces/test_msgs) by extensions ['ignore', 'ignore_ament_install']
[0.274s] Level 1:colcon.colcon_core.package_identification:_identify(src/microros/src/ros2/rcl_interfaces/test_msgs) by extension 'ignore'
[0.274s] Level 1:colcon.colcon_core.package_identification:_identify(src/microros/src/ros2/rcl_interfaces/test_msgs) by extension 'ignore_ament_install'
[0.274s] Level 1:colcon.colcon_core.package_identification:_identify(src/microros/src/ros2/rcl_interfaces/test_msgs) by extensions ['colcon_pkg']
[0.274s] Level 1:colcon.colcon_core.package_identification:_identify(src/microros/src/ros2/rcl_interfaces/test_msgs) by extension 'colcon_pkg'
[0.274s] Level 1:colcon.colcon_core.package_identification:_identify(src/microros/src/ros2/rcl_interfaces/test_msgs) by extensions ['colcon_meta']
[0.274s] Level 1:colcon.colcon_core.package_identification:_identify(src/microros/src/ros2/rcl_interfaces/test_msgs) by extension 'colcon_meta'
[0.274s] Level 1:colcon.colcon_core.package_identification:_identify(src/microros/src/ros2/rcl_interfaces/test_msgs) by extensions ['ros']
[0.274s] Level 1:colcon.colcon_core.package_identification:_identify(src/microros/src/ros2/rcl_interfaces/test_msgs) by extension 'ros'
[0.275s] DEBUG:colcon.colcon_core.package_identification:Package 'src/microros/src/ros2/rcl_interfaces/test_msgs' with type 'ros.ament_cmake' and name 'test_msgs'
[0.275s] Level 1:colcon.colcon_core.package_identification:_identify(src/microros/src/ros2/unique_identifier_msgs) by extensions ['ignore', 'ignore_ament_install']
[0.275s] Level 1:colcon.colcon_core.package_identification:_identify(src/microros/src/ros2/unique_identifier_msgs) by extension 'ignore'
[0.275s] Level 1:colcon.colcon_core.package_identification:_identify(src/microros/src/ros2/unique_identifier_msgs) by extension 'ignore_ament_install'
[0.275s] Level 1:colcon.colcon_core.package_identification:_identify(src/microros/src/ros2/unique_identifier_msgs) by extensions ['colcon_pkg']
[0.275s] Level 1:colcon.colcon_core.package_identification:_identify(src/microros/src/ros2/unique_identifier_msgs) by extension 'colcon_pkg'
[0.275s] Level 1:colcon.colcon_core.package_identification:_identify(src/microros/src/ros2/unique_identifier_msgs) by extensions ['colcon_meta']
[0.275s] Level 1:colcon.colcon_core.package_identification:_identify(src/microros/src/ros2/unique_identifier_msgs) by extension 'colcon_meta'
[0.275s] Level 1:colcon.colcon_core.package_identification:_identify(src/microros/src/ros2/unique_identifier_msgs) by extensions ['ros']
[0.275s] Level 1:colcon.colcon_core.package_identification:_identify(src/microros/src/ros2/unique_identifier_msgs) by extension 'ros'
[0.276s] DEBUG:colcon.colcon_core.package_identification:Package 'src/microros/src/ros2/unique_identifier_msgs' with type 'ros.ament_cmake' and name 'unique_identifier_msgs'
[0.276s] Level 1:colcon.colcon_core.package_identification:_identify(src/microros/src/uros) by extensions ['ignore', 'ignore_ament_install']
[0.276s] Level 1:colcon.colcon_core.package_identification:_identify(src/microros/src/uros) by extension 'ignore'
[0.276s] Level 1:colcon.colcon_core.package_identification:_identify(src/microros/src/uros) by extension 'ignore_ament_install'
[0.276s] Level 1:colcon.colcon_core.package_identification:_identify(src/microros/src/uros) by extensions ['colcon_pkg']
[0.276s] Level 1:colcon.colcon_core.package_identification:_identify(src/microros/src/uros) by extension 'colcon_pkg'
[0.276s] Level 1:colcon.colcon_core.package_identification:_identify(src/microros/src/uros) by extensions ['colcon_meta']
[0.276s] Level 1:colcon.colcon_core.package_identification:_identify(src/microros/src/uros) by extension 'colcon_meta'
[0.276s] Level 1:colcon.colcon_core.package_identification:_identify(src/microros/src/uros) by extensions ['ros']
[0.276s] Level 1:colcon.colcon_core.package_identification:_identify(src/microros/src/uros) by extension 'ros'
[0.276s] Level 1:colcon.colcon_core.package_identification:_identify(src/microros/src/uros) by extensions ['cmake', 'python']
[0.276s] Level 1:colcon.colcon_core.package_identification:_identify(src/microros/src/uros) by extension 'cmake'
[0.276s] Level 1:colcon.colcon_core.package_identification:_identify(src/microros/src/uros) by extension 'python'
[0.276s] Level 1:colcon.colcon_core.package_identification:_identify(src/microros/src/uros) by extensions ['python_setup_py']
[0.276s] Level 1:colcon.colcon_core.package_identification:_identify(src/microros/src/uros) by extension 'python_setup_py'
[0.276s] Level 1:colcon.colcon_core.package_identification:_identify(src/microros/src/uros/micro-ROS-Agent) by extensions ['ignore', 'ignore_ament_install']
[0.276s] Level 1:colcon.colcon_core.package_identification:_identify(src/microros/src/uros/micro-ROS-Agent) by extension 'ignore'
[0.276s] Level 1:colcon.colcon_core.package_identification:_identify(src/microros/src/uros/micro-ROS-Agent) by extension 'ignore_ament_install'
[0.276s] Level 1:colcon.colcon_core.package_identification:_identify(src/microros/src/uros/micro-ROS-Agent) by extensions ['colcon_pkg']
[0.276s] Level 1:colcon.colcon_core.package_identification:_identify(src/microros/src/uros/micro-ROS-Agent) by extension 'colcon_pkg'
[0.276s] Level 1:colcon.colcon_core.package_identification:_identify(src/microros/src/uros/micro-ROS-Agent) by extensions ['colcon_meta']
[0.276s] Level 1:colcon.colcon_core.package_identification:_identify(src/microros/src/uros/micro-ROS-Agent) by extension 'colcon_meta'
[0.276s] Level 1:colcon.colcon_core.package_identification:_identify(src/microros/src/uros/micro-ROS-Agent) by extensions ['ros']
[0.276s] Level 1:colcon.colcon_core.package_identification:_identify(src/microros/src/uros/micro-ROS-Agent) by extension 'ros'
[0.276s] Level 1:colcon.colcon_core.package_identification:_identify(src/microros/src/uros/micro-ROS-Agent) by extensions ['cmake', 'python']
[0.276s] Level 1:colcon.colcon_core.package_identification:_identify(src/microros/src/uros/micro-ROS-Agent) by extension 'cmake'
[0.276s] Level 1:colcon.colcon_core.package_identification:_identify(src/microros/src/uros/micro-ROS-Agent) by extension 'python'
[0.276s] Level 1:colcon.colcon_core.package_identification:_identify(src/microros/src/uros/micro-ROS-Agent) by extensions ['python_setup_py']
[0.276s] Level 1:colcon.colcon_core.package_identification:_identify(src/microros/src/uros/micro-ROS-Agent) by extension 'python_setup_py'
[0.276s] Level 1:colcon.colcon_core.package_identification:_identify(src/microros/src/uros/micro-ROS-Agent/micro_ros_agent) by extensions ['ignore', 'ignore_ament_install']
[0.276s] Level 1:colcon.colcon_core.package_identification:_identify(src/microros/src/uros/micro-ROS-Agent/micro_ros_agent) by extension 'ignore'
[0.276s] Level 1:colcon.colcon_core.package_identification:_identify(src/microros/src/uros/micro-ROS-Agent/micro_ros_agent) by extension 'ignore_ament_install'
[0.276s] Level 1:colcon.colcon_core.package_identification:_identify(src/microros/src/uros/micro-ROS-Agent/micro_ros_agent) by extensions ['colcon_pkg']
[0.277s] Level 1:colcon.colcon_core.package_identification:_identify(src/microros/src/uros/micro-ROS-Agent/micro_ros_agent) by extension 'colcon_pkg'
[0.277s] Level 1:colcon.colcon_core.package_identification:_identify(src/microros/src/uros/micro-ROS-Agent/micro_ros_agent) by extensions ['colcon_meta']
[0.277s] Level 1:colcon.colcon_core.package_identification:_identify(src/microros/src/uros/micro-ROS-Agent/micro_ros_agent) by extension 'colcon_meta'
[0.277s] Level 1:colcon.colcon_core.package_identification:_identify(src/microros/src/uros/micro-ROS-Agent/micro_ros_agent) by extensions ['ros']
[0.277s] Level 1:colcon.colcon_core.package_identification:_identify(src/microros/src/uros/micro-ROS-Agent/micro_ros_agent) by extension 'ros'
[0.283s] DEBUG:colcon.colcon_core.package_identification:Package 'src/microros/src/uros/micro-ROS-Agent/micro_ros_agent' with type 'ros.ament_cmake' and name 'micro_ros_agent'
[0.283s] Level 1:colcon.colcon_core.package_identification:_identify(src/microros/src/uros/micro-ROS-Agent/snap) by extensions ['ignore', 'ignore_ament_install']
[0.284s] Level 1:colcon.colcon_core.package_identification:_identify(src/microros/src/uros/micro-ROS-Agent/snap) by extension 'ignore'
[0.284s] Level 1:colcon.colcon_core.package_identification:_identify(src/microros/src/uros/micro-ROS-Agent/snap) by extension 'ignore_ament_install'
[0.284s] Level 1:colcon.colcon_core.package_identification:_identify(src/microros/src/uros/micro-ROS-Agent/snap) by extensions ['colcon_pkg']
[0.284s] Level 1:colcon.colcon_core.package_identification:_identify(src/microros/src/uros/micro-ROS-Agent/snap) by extension 'colcon_pkg'
[0.284s] Level 1:colcon.colcon_core.package_identification:_identify(src/microros/src/uros/micro-ROS-Agent/snap) by extensions ['colcon_meta']
[0.284s] Level 1:colcon.colcon_core.package_identification:_identify(src/microros/src/uros/micro-ROS-Agent/snap) by extension 'colcon_meta'
[0.284s] Level 1:colcon.colcon_core.package_identification:_identify(src/microros/src/uros/micro-ROS-Agent/snap) by extensions ['ros']
[0.284s] Level 1:colcon.colcon_core.package_identification:_identify(src/microros/src/uros/micro-ROS-Agent/snap) by extension 'ros'
[0.284s] Level 1:colcon.colcon_core.package_identification:_identify(src/microros/src/uros/micro-ROS-Agent/snap) by extensions ['cmake', 'python']
[0.284s] Level 1:colcon.colcon_core.package_identification:_identify(src/microros/src/uros/micro-ROS-Agent/snap) by extension 'cmake'
[0.284s] Level 1:colcon.colcon_core.package_identification:_identify(src/microros/src/uros/micro-ROS-Agent/snap) by extension 'python'
[0.284s] Level 1:colcon.colcon_core.package_identification:_identify(src/microros/src/uros/micro-ROS-Agent/snap) by extensions ['python_setup_py']
[0.284s] Level 1:colcon.colcon_core.package_identification:_identify(src/microros/src/uros/micro-ROS-Agent/snap) by extension 'python_setup_py'
[0.284s] Level 1:colcon.colcon_core.package_identification:_identify(src/microros/src/uros/micro-ROS-Agent/snap/hooks) by extensions ['ignore', 'ignore_ament_install']
[0.284s] Level 1:colcon.colcon_core.package_identification:_identify(src/microros/src/uros/micro-ROS-Agent/snap/hooks) by extension 'ignore'
[0.284s] Level 1:colcon.colcon_core.package_identification:_identify(src/microros/src/uros/micro-ROS-Agent/snap/hooks) by extension 'ignore_ament_install'
[0.284s] Level 1:colcon.colcon_core.package_identification:_identify(src/microros/src/uros/micro-ROS-Agent/snap/hooks) by extensions ['colcon_pkg']
[0.284s] Level 1:colcon.colcon_core.package_identification:_identify(src/microros/src/uros/micro-ROS-Agent/snap/hooks) by extension 'colcon_pkg'
[0.284s] Level 1:colcon.colcon_core.package_identification:_identify(src/microros/src/uros/micro-ROS-Agent/snap/hooks) by extensions ['colcon_meta']
[0.284s] Level 1:colcon.colcon_core.package_identification:_identify(src/microros/src/uros/micro-ROS-Agent/snap/hooks) by extension 'colcon_meta'
[0.284s] Level 1:colcon.colcon_core.package_identification:_identify(src/microros/src/uros/micro-ROS-Agent/snap/hooks) by extensions ['ros']
[0.284s] Level 1:colcon.colcon_core.package_identification:_identify(src/microros/src/uros/micro-ROS-Agent/snap/hooks) by extension 'ros'
[0.284s] Level 1:colcon.colcon_core.package_identification:_identify(src/microros/src/uros/micro-ROS-Agent/snap/hooks) by extensions ['cmake', 'python']
[0.284s] Level 1:colcon.colcon_core.package_identification:_identify(src/microros/src/uros/micro-ROS-Agent/snap/hooks) by extension 'cmake'
[0.284s] Level 1:colcon.colcon_core.package_identification:_identify(src/microros/src/uros/micro-ROS-Agent/snap/hooks) by extension 'python'
[0.284s] Level 1:colcon.colcon_core.package_identification:_identify(src/microros/src/uros/micro-ROS-Agent/snap/hooks) by extensions ['python_setup_py']
[0.284s] Level 1:colcon.colcon_core.package_identification:_identify(src/microros/src/uros/micro-ROS-Agent/snap/hooks) by extension 'python_setup_py'
[0.284s] Level 1:colcon.colcon_core.package_identification:_identify(src/microros/src/uros/micro-ROS-Agent/snap/local) by extensions ['ignore', 'ignore_ament_install']
[0.284s] Level 1:colcon.colcon_core.package_identification:_identify(src/microros/src/uros/micro-ROS-Agent/snap/local) by extension 'ignore'
[0.284s] Level 1:colcon.colcon_core.package_identification:_identify(src/microros/src/uros/micro-ROS-Agent/snap/local) by extension 'ignore_ament_install'
[0.284s] Level 1:colcon.colcon_core.package_identification:_identify(src/microros/src/uros/micro-ROS-Agent/snap/local) by extensions ['colcon_pkg']
[0.284s] Level 1:colcon.colcon_core.package_identification:_identify(src/microros/src/uros/micro-ROS-Agent/snap/local) by extension 'colcon_pkg'
[0.284s] Level 1:colcon.colcon_core.package_identification:_identify(src/microros/src/uros/micro-ROS-Agent/snap/local) by extensions ['colcon_meta']
[0.284s] Level 1:colcon.colcon_core.package_identification:_identify(src/microros/src/uros/micro-ROS-Agent/snap/local) by extension 'colcon_meta'
[0.285s] Level 1:colcon.colcon_core.package_identification:_identify(src/microros/src/uros/micro-ROS-Agent/snap/local) by extensions ['ros']
[0.285s] Level 1:colcon.colcon_core.package_identification:_identify(src/microros/src/uros/micro-ROS-Agent/snap/local) by extension 'ros'
[0.285s] Level 1:colcon.colcon_core.package_identification:_identify(src/microros/src/uros/micro-ROS-Agent/snap/local) by extensions ['cmake', 'python']
[0.285s] Level 1:colcon.colcon_core.package_identification:_identify(src/microros/src/uros/micro-ROS-Agent/snap/local) by extension 'cmake'
[0.285s] Level 1:colcon.colcon_core.package_identification:_identify(src/microros/src/uros/micro-ROS-Agent/snap/local) by extension 'python'
[0.285s] Level 1:colcon.colcon_core.package_identification:_identify(src/microros/src/uros/micro-ROS-Agent/snap/local) by extensions ['python_setup_py']
[0.285s] Level 1:colcon.colcon_core.package_identification:_identify(src/microros/src/uros/micro-ROS-Agent/snap/local) by extension 'python_setup_py'
[0.285s] Level 1:colcon.colcon_core.package_identification:_identify(src/microros/src/uros/micro-ROS-demos) by extensions ['ignore', 'ignore_ament_install']
[0.285s] Level 1:colcon.colcon_core.package_identification:_identify(src/microros/src/uros/micro-ROS-demos) by extension 'ignore'
[0.285s] Level 1:colcon.colcon_core.package_identification:_identify(src/microros/src/uros/micro-ROS-demos) by extension 'ignore_ament_install'
[0.285s] Level 1:colcon.colcon_core.package_identification:_identify(src/microros/src/uros/micro-ROS-demos) by extensions ['colcon_pkg']
[0.285s] Level 1:colcon.colcon_core.package_identification:_identify(src/microros/src/uros/micro-ROS-demos) by extension 'colcon_pkg'
[0.285s] Level 1:colcon.colcon_core.package_identification:_identify(src/microros/src/uros/micro-ROS-demos) by extensions ['colcon_meta']
[0.285s] Level 1:colcon.colcon_core.package_identification:_identify(src/microros/src/uros/micro-ROS-demos) by extension 'colcon_meta'
[0.285s] Level 1:colcon.colcon_core.package_identification:_identify(src/microros/src/uros/micro-ROS-demos) by extensions ['ros']
[0.285s] Level 1:colcon.colcon_core.package_identification:_identify(src/microros/src/uros/micro-ROS-demos) by extension 'ros'
[0.285s] Level 1:colcon.colcon_core.package_identification:_identify(src/microros/src/uros/micro-ROS-demos) by extensions ['cmake', 'python']
[0.285s] Level 1:colcon.colcon_core.package_identification:_identify(src/microros/src/uros/micro-ROS-demos) by extension 'cmake'
[0.285s] Level 1:colcon.colcon_core.package_identification:_identify(src/microros/src/uros/micro-ROS-demos) by extension 'python'
[0.285s] Level 1:colcon.colcon_core.package_identification:_identify(src/microros/src/uros/micro-ROS-demos) by extensions ['python_setup_py']
[0.285s] Level 1:colcon.colcon_core.package_identification:_identify(src/microros/src/uros/micro-ROS-demos) by extension 'python_setup_py'
[0.285s] Level 1:colcon.colcon_core.package_identification:_identify(src/microros/src/uros/micro-ROS-demos/messages) by extensions ['ignore', 'ignore_ament_install']
[0.285s] Level 1:colcon.colcon_core.package_identification:_identify(src/microros/src/uros/micro-ROS-demos/messages) by extension 'ignore'
[0.285s] Level 1:colcon.colcon_core.package_identification:_identify(src/microros/src/uros/micro-ROS-demos/messages) by extension 'ignore_ament_install'
[0.285s] Level 1:colcon.colcon_core.package_identification:_identify(src/microros/src/uros/micro-ROS-demos/messages) by extensions ['colcon_pkg']
[0.285s] Level 1:colcon.colcon_core.package_identification:_identify(src/microros/src/uros/micro-ROS-demos/messages) by extension 'colcon_pkg'
[0.285s] Level 1:colcon.colcon_core.package_identification:_identify(src/microros/src/uros/micro-ROS-demos/messages) by extensions ['colcon_meta']
[0.285s] Level 1:colcon.colcon_core.package_identification:_identify(src/microros/src/uros/micro-ROS-demos/messages) by extension 'colcon_meta'
[0.285s] Level 1:colcon.colcon_core.package_identification:_identify(src/microros/src/uros/micro-ROS-demos/messages) by extensions ['ros']
[0.285s] Level 1:colcon.colcon_core.package_identification:_identify(src/microros/src/uros/micro-ROS-demos/messages) by extension 'ros'
[0.285s] Level 1:colcon.colcon_core.package_identification:_identify(src/microros/src/uros/micro-ROS-demos/messages) by extensions ['cmake', 'python']
[0.285s] Level 1:colcon.colcon_core.package_identification:_identify(src/microros/src/uros/micro-ROS-demos/messages) by extension 'cmake'
[0.285s] Level 1:colcon.colcon_core.package_identification:_identify(src/microros/src/uros/micro-ROS-demos/messages) by extension 'python'
[0.285s] Level 1:colcon.colcon_core.package_identification:_identify(src/microros/src/uros/micro-ROS-demos/messages) by extensions ['python_setup_py']
[0.285s] Level 1:colcon.colcon_core.package_identification:_identify(src/microros/src/uros/micro-ROS-demos/messages) by extension 'python_setup_py'
[0.285s] Level 1:colcon.colcon_core.package_identification:_identify(src/microros/src/uros/micro-ROS-demos/messages/complex_msg) by extensions ['ignore', 'ignore_ament_install']
[0.286s] Level 1:colcon.colcon_core.package_identification:_identify(src/microros/src/uros/micro-ROS-demos/messages/complex_msg) by extension 'ignore'
[0.286s] Level 1:colcon.colcon_core.package_identification:_identify(src/microros/src/uros/micro-ROS-demos/messages/complex_msg) by extension 'ignore_ament_install'
[0.286s] Level 1:colcon.colcon_core.package_identification:_identify(src/microros/src/uros/micro-ROS-demos/messages/complex_msg) by extensions ['colcon_pkg']
[0.286s] Level 1:colcon.colcon_core.package_identification:_identify(src/microros/src/uros/micro-ROS-demos/messages/complex_msg) by extension 'colcon_pkg'
[0.286s] Level 1:colcon.colcon_core.package_identification:_identify(src/microros/src/uros/micro-ROS-demos/messages/complex_msg) by extensions ['colcon_meta']
[0.286s] Level 1:colcon.colcon_core.package_identification:_identify(src/microros/src/uros/micro-ROS-demos/messages/complex_msg) by extension 'colcon_meta'
[0.286s] Level 1:colcon.colcon_core.package_identification:_identify(src/microros/src/uros/micro-ROS-demos/messages/complex_msg) by extensions ['ros']
[0.286s] Level 1:colcon.colcon_core.package_identification:_identify(src/microros/src/uros/micro-ROS-demos/messages/complex_msg) by extension 'ros'
[0.286s] DEBUG:colcon.colcon_core.package_identification:Package 'src/microros/src/uros/micro-ROS-demos/messages/complex_msg' with type 'ros.ament_cmake' and name 'complex_msgs'
[0.286s] Level 1:colcon.colcon_core.package_identification:_identify(src/microros/src/uros/micro-ROS-demos/rclc) by extensions ['ignore', 'ignore_ament_install']
[0.286s] Level 1:colcon.colcon_core.package_identification:_identify(src/microros/src/uros/micro-ROS-demos/rclc) by extension 'ignore'
[0.286s] Level 1:colcon.colcon_core.package_identification:_identify(src/microros/src/uros/micro-ROS-demos/rclc) by extension 'ignore_ament_install'
[0.286s] Level 1:colcon.colcon_core.package_identification:_identify(src/microros/src/uros/micro-ROS-demos/rclc) by extensions ['colcon_pkg']
[0.286s] Level 1:colcon.colcon_core.package_identification:_identify(src/microros/src/uros/micro-ROS-demos/rclc) by extension 'colcon_pkg'
[0.286s] Level 1:colcon.colcon_core.package_identification:_identify(src/microros/src/uros/micro-ROS-demos/rclc) by extensions ['colcon_meta']
[0.286s] Level 1:colcon.colcon_core.package_identification:_identify(src/microros/src/uros/micro-ROS-demos/rclc) by extension 'colcon_meta'
[0.286s] Level 1:colcon.colcon_core.package_identification:_identify(src/microros/src/uros/micro-ROS-demos/rclc) by extensions ['ros']
[0.286s] Level 1:colcon.colcon_core.package_identification:_identify(src/microros/src/uros/micro-ROS-demos/rclc) by extension 'ros'
[0.287s] DEBUG:colcon.colcon_core.package_identification:Package 'src/microros/src/uros/micro-ROS-demos/rclc' with type 'ros.ament_cmake' and name 'micro_ros_demos_rclc'
[0.287s] Level 1:colcon.colcon_core.package_identification:_identify(src/microros/src/uros/micro_ros_msgs) by extensions ['ignore', 'ignore_ament_install']
[0.287s] Level 1:colcon.colcon_core.package_identification:_identify(src/microros/src/uros/micro_ros_msgs) by extension 'ignore'
[0.288s] Level 1:colcon.colcon_core.package_identification:_identify(src/microros/src/uros/micro_ros_msgs) by extension 'ignore_ament_install'
[0.288s] Level 1:colcon.colcon_core.package_identification:_identify(src/microros/src/uros/micro_ros_msgs) by extensions ['colcon_pkg']
[0.288s] Level 1:colcon.colcon_core.package_identification:_identify(src/microros/src/uros/micro_ros_msgs) by extension 'colcon_pkg'
[0.288s] Level 1:colcon.colcon_core.package_identification:_identify(src/microros/src/uros/micro_ros_msgs) by extensions ['colcon_meta']
[0.288s] Level 1:colcon.colcon_core.package_identification:_identify(src/microros/src/uros/micro_ros_msgs) by extension 'colcon_meta'
[0.288s] Level 1:colcon.colcon_core.package_identification:_identify(src/microros/src/uros/micro_ros_msgs) by extensions ['ros']
[0.288s] Level 1:colcon.colcon_core.package_identification:_identify(src/microros/src/uros/micro_ros_msgs) by extension 'ros'
[0.288s] DEBUG:colcon.colcon_core.package_identification:Package 'src/microros/src/uros/micro_ros_msgs' with type 'ros.ament_cmake' and name 'micro_ros_msgs'
[0.288s] Level 1:colcon.colcon_core.package_identification:_identify(src/microros/src/uros/micro_ros_utilities) by extensions ['ignore', 'ignore_ament_install']
[0.288s] Level 1:colcon.colcon_core.package_identification:_identify(src/microros/src/uros/micro_ros_utilities) by extension 'ignore'
[0.288s] Level 1:colcon.colcon_core.package_identification:_identify(src/microros/src/uros/micro_ros_utilities) by extension 'ignore_ament_install'
[0.288s] Level 1:colcon.colcon_core.package_identification:_identify(src/microros/src/uros/micro_ros_utilities) by extensions ['colcon_pkg']
[0.288s] Level 1:colcon.colcon_core.package_identification:_identify(src/microros/src/uros/micro_ros_utilities) by extension 'colcon_pkg'
[0.288s] Level 1:colcon.colcon_core.package_identification:_identify(src/microros/src/uros/micro_ros_utilities) by extensions ['colcon_meta']
[0.288s] Level 1:colcon.colcon_core.package_identification:_identify(src/microros/src/uros/micro_ros_utilities) by extension 'colcon_meta'
[0.288s] Level 1:colcon.colcon_core.package_identification:_identify(src/microros/src/uros/micro_ros_utilities) by extensions ['ros']
[0.288s] Level 1:colcon.colcon_core.package_identification:_identify(src/microros/src/uros/micro_ros_utilities) by extension 'ros'
[0.289s] DEBUG:colcon.colcon_core.package_identification:Package 'src/microros/src/uros/micro_ros_utilities' with type 'ros.ament_cmake' and name 'micro_ros_utilities'
[0.289s] Level 1:colcon.colcon_core.package_identification:_identify(src/microros/src/uros/rclc) by extensions ['ignore', 'ignore_ament_install']
[0.289s] Level 1:colcon.colcon_core.package_identification:_identify(src/microros/src/uros/rclc) by extension 'ignore'
[0.289s] Level 1:colcon.colcon_core.package_identification:_identify(src/microros/src/uros/rclc) by extension 'ignore_ament_install'
[0.289s] Level 1:colcon.colcon_core.package_identification:_identify(src/microros/src/uros/rclc) by extensions ['colcon_pkg']
[0.289s] Level 1:colcon.colcon_core.package_identification:_identify(src/microros/src/uros/rclc) by extension 'colcon_pkg'
[0.289s] Level 1:colcon.colcon_core.package_identification:_identify(src/microros/src/uros/rclc) by extensions ['colcon_meta']
[0.289s] Level 1:colcon.colcon_core.package_identification:_identify(src/microros/src/uros/rclc) by extension 'colcon_meta'
[0.289s] Level 1:colcon.colcon_core.package_identification:_identify(src/microros/src/uros/rclc) by extensions ['ros']
[0.289s] Level 1:colcon.colcon_core.package_identification:_identify(src/microros/src/uros/rclc) by extension 'ros'
[0.289s] Level 1:colcon.colcon_core.package_identification:_identify(src/microros/src/uros/rclc) by extensions ['cmake', 'python']
[0.289s] Level 1:colcon.colcon_core.package_identification:_identify(src/microros/src/uros/rclc) by extension 'cmake'
[0.289s] Level 1:colcon.colcon_core.package_identification:_identify(src/microros/src/uros/rclc) by extension 'python'
[0.289s] Level 1:colcon.colcon_core.package_identification:_identify(src/microros/src/uros/rclc) by extensions ['python_setup_py']
[0.289s] Level 1:colcon.colcon_core.package_identification:_identify(src/microros/src/uros/rclc) by extension 'python_setup_py'
[0.289s] Level 1:colcon.colcon_core.package_identification:_identify(src/microros/src/uros/rclc/rclc) by extensions ['ignore', 'ignore_ament_install']
[0.289s] Level 1:colcon.colcon_core.package_identification:_identify(src/microros/src/uros/rclc/rclc) by extension 'ignore'
[0.289s] Level 1:colcon.colcon_core.package_identification:_identify(src/microros/src/uros/rclc/rclc) by extension 'ignore_ament_install'
[0.289s] Level 1:colcon.colcon_core.package_identification:_identify(src/microros/src/uros/rclc/rclc) by extensions ['colcon_pkg']
[0.289s] Level 1:colcon.colcon_core.package_identification:_identify(src/microros/src/uros/rclc/rclc) by extension 'colcon_pkg'
[0.289s] Level 1:colcon.colcon_core.package_identification:_identify(src/microros/src/uros/rclc/rclc) by extensions ['colcon_meta']
[0.289s] Level 1:colcon.colcon_core.package_identification:_identify(src/microros/src/uros/rclc/rclc) by extension 'colcon_meta'
[0.290s] Level 1:colcon.colcon_core.package_identification:_identify(src/microros/src/uros/rclc/rclc) by extensions ['ros']
[0.290s] Level 1:colcon.colcon_core.package_identification:_identify(src/microros/src/uros/rclc/rclc) by extension 'ros'
[0.290s] DEBUG:colcon.colcon_core.package_identification:Package 'src/microros/src/uros/rclc/rclc' with type 'ros.ament_cmake' and name 'rclc'
[0.290s] Level 1:colcon.colcon_core.package_identification:_identify(src/microros/src/uros/rclc/rclc_examples) by extensions ['ignore', 'ignore_ament_install']
[0.290s] Level 1:colcon.colcon_core.package_identification:_identify(src/microros/src/uros/rclc/rclc_examples) by extension 'ignore'
[0.290s] Level 1:colcon.colcon_core.package_identification:_identify(src/microros/src/uros/rclc/rclc_examples) ignored
[0.290s] Level 1:colcon.colcon_core.package_identification:_identify(src/microros/src/uros/rclc/rclc_lifecycle) by extensions ['ignore', 'ignore_ament_install']
[0.290s] Level 1:colcon.colcon_core.package_identification:_identify(src/microros/src/uros/rclc/rclc_lifecycle) by extension 'ignore'
[0.290s] Level 1:colcon.colcon_core.package_identification:_identify(src/microros/src/uros/rclc/rclc_lifecycle) ignored
[0.290s] Level 1:colcon.colcon_core.package_identification:_identify(src/microros/src/uros/rclc/rclc_parameter) by extensions ['ignore', 'ignore_ament_install']
[0.290s] Level 1:colcon.colcon_core.package_identification:_identify(src/microros/src/uros/rclc/rclc_parameter) by extension 'ignore'
[0.290s] Level 1:colcon.colcon_core.package_identification:_identify(src/microros/src/uros/rclc/rclc_parameter) by extension 'ignore_ament_install'
[0.291s] Level 1:colcon.colcon_core.package_identification:_identify(src/microros/src/uros/rclc/rclc_parameter) by extensions ['colcon_pkg']
[0.291s] Level 1:colcon.colcon_core.package_identification:_identify(src/microros/src/uros/rclc/rclc_parameter) by extension 'colcon_pkg'
[0.291s] Level 1:colcon.colcon_core.package_identification:_identify(src/microros/src/uros/rclc/rclc_parameter) by extensions ['colcon_meta']
[0.291s] Level 1:colcon.colcon_core.package_identification:_identify(src/microros/src/uros/rclc/rclc_parameter) by extension 'colcon_meta'
[0.291s] Level 1:colcon.colcon_core.package_identification:_identify(src/microros/src/uros/rclc/rclc_parameter) by extensions ['ros']
[0.291s] Level 1:colcon.colcon_core.package_identification:_identify(src/microros/src/uros/rclc/rclc_parameter) by extension 'ros'
[0.291s] DEBUG:colcon.colcon_core.package_identification:Package 'src/microros/src/uros/rclc/rclc_parameter' with type 'ros.ament_cmake' and name 'rclc_parameter'
[0.291s] Level 1:colcon.colcon_core.package_identification:_identify(src/microros/src/uros/rmw_microxrcedds) by extensions ['ignore', 'ignore_ament_install']
[0.291s] Level 1:colcon.colcon_core.package_identification:_identify(src/microros/src/uros/rmw_microxrcedds) by extension 'ignore'
[0.291s] Level 1:colcon.colcon_core.package_identification:_identify(src/microros/src/uros/rmw_microxrcedds) by extension 'ignore_ament_install'
[0.291s] Level 1:colcon.colcon_core.package_identification:_identify(src/microros/src/uros/rmw_microxrcedds) by extensions ['colcon_pkg']
[0.291s] Level 1:colcon.colcon_core.package_identification:_identify(src/microros/src/uros/rmw_microxrcedds) by extension 'colcon_pkg'
[0.291s] Level 1:colcon.colcon_core.package_identification:_identify(src/microros/src/uros/rmw_microxrcedds) by extensions ['colcon_meta']
[0.291s] Level 1:colcon.colcon_core.package_identification:_identify(src/microros/src/uros/rmw_microxrcedds) by extension 'colcon_meta'
[0.291s] Level 1:colcon.colcon_core.package_identification:_identify(src/microros/src/uros/rmw_microxrcedds) by extensions ['ros']
[0.291s] Level 1:colcon.colcon_core.package_identification:_identify(src/microros/src/uros/rmw_microxrcedds) by extension 'ros'
[0.292s] Level 1:colcon.colcon_core.package_identification:_identify(src/microros/src/uros/rmw_microxrcedds) by extensions ['cmake', 'python']
[0.292s] Level 1:colcon.colcon_core.package_identification:_identify(src/microros/src/uros/rmw_microxrcedds) by extension 'cmake'
[0.292s] Level 1:colcon.colcon_core.package_identification:_identify(src/microros/src/uros/rmw_microxrcedds) by extension 'python'
[0.292s] Level 1:colcon.colcon_core.package_identification:_identify(src/microros/src/uros/rmw_microxrcedds) by extensions ['python_setup_py']
[0.292s] Level 1:colcon.colcon_core.package_identification:_identify(src/microros/src/uros/rmw_microxrcedds) by extension 'python_setup_py'
[0.292s] Level 1:colcon.colcon_core.package_identification:_identify(src/microros/src/uros/rmw_microxrcedds/rmw_microxrcedds_c) by extensions ['ignore', 'ignore_ament_install']
[0.292s] Level 1:colcon.colcon_core.package_identification:_identify(src/microros/src/uros/rmw_microxrcedds/rmw_microxrcedds_c) by extension 'ignore'
[0.292s] Level 1:colcon.colcon_core.package_identification:_identify(src/microros/src/uros/rmw_microxrcedds/rmw_microxrcedds_c) by extension 'ignore_ament_install'
[0.292s] Level 1:colcon.colcon_core.package_identification:_identify(src/microros/src/uros/rmw_microxrcedds/rmw_microxrcedds_c) by extensions ['colcon_pkg']
[0.292s] Level 1:colcon.colcon_core.package_identification:_identify(src/microros/src/uros/rmw_microxrcedds/rmw_microxrcedds_c) by extension 'colcon_pkg'
[0.292s] Level 1:colcon.colcon_core.package_identification:_identify(src/microros/src/uros/rmw_microxrcedds/rmw_microxrcedds_c) by extensions ['colcon_meta']
[0.292s] Level 1:colcon.colcon_core.package_identification:_identify(src/microros/src/uros/rmw_microxrcedds/rmw_microxrcedds_c) by extension 'colcon_meta'
[0.292s] Level 1:colcon.colcon_core.package_identification:_identify(src/microros/src/uros/rmw_microxrcedds/rmw_microxrcedds_c) by extensions ['ros']
[0.292s] Level 1:colcon.colcon_core.package_identification:_identify(src/microros/src/uros/rmw_microxrcedds/rmw_microxrcedds_c) by extension 'ros'
[0.292s] DEBUG:colcon.colcon_core.package_identification:Package 'src/microros/src/uros/rmw_microxrcedds/rmw_microxrcedds_c' with type 'ros.ament_cmake' and name 'rmw_microxrcedds'
[0.292s] Level 1:colcon.colcon_core.package_identification:_identify(src/microros/src/uros/rosidl_typesupport_microxrcedds) by extensions ['ignore', 'ignore_ament_install']
[0.293s] Level 1:colcon.colcon_core.package_identification:_identify(src/microros/src/uros/rosidl_typesupport_microxrcedds) by extension 'ignore'
[0.293s] Level 1:colcon.colcon_core.package_identification:_identify(src/microros/src/uros/rosidl_typesupport_microxrcedds) by extension 'ignore_ament_install'
[0.293s] Level 1:colcon.colcon_core.package_identification:_identify(src/microros/src/uros/rosidl_typesupport_microxrcedds) by extensions ['colcon_pkg']
[0.293s] Level 1:colcon.colcon_core.package_identification:_identify(src/microros/src/uros/rosidl_typesupport_microxrcedds) by extension 'colcon_pkg'
[0.293s] Level 1:colcon.colcon_core.package_identification:_identify(src/microros/src/uros/rosidl_typesupport_microxrcedds) by extensions ['colcon_meta']
[0.293s] Level 1:colcon.colcon_core.package_identification:_identify(src/microros/src/uros/rosidl_typesupport_microxrcedds) by extension 'colcon_meta'
[0.293s] Level 1:colcon.colcon_core.package_identification:_identify(src/microros/src/uros/rosidl_typesupport_microxrcedds) by extensions ['ros']
[0.293s] Level 1:colcon.colcon_core.package_identification:_identify(src/microros/src/uros/rosidl_typesupport_microxrcedds) by extension 'ros'
[0.293s] Level 1:colcon.colcon_core.package_identification:_identify(src/microros/src/uros/rosidl_typesupport_microxrcedds) by extensions ['cmake', 'python']
[0.293s] Level 1:colcon.colcon_core.package_identification:_identify(src/microros/src/uros/rosidl_typesupport_microxrcedds) by extension 'cmake'
[0.293s] Level 1:colcon.colcon_core.package_identification:_identify(src/microros/src/uros/rosidl_typesupport_microxrcedds) by extension 'python'
[0.293s] Level 1:colcon.colcon_core.package_identification:_identify(src/microros/src/uros/rosidl_typesupport_microxrcedds) by extensions ['python_setup_py']
[0.293s] Level 1:colcon.colcon_core.package_identification:_identify(src/microros/src/uros/rosidl_typesupport_microxrcedds) by extension 'python_setup_py'
[0.293s] Level 1:colcon.colcon_core.package_identification:_identify(src/microros/src/uros/rosidl_typesupport_microxrcedds/rosidl_typesupport_microxrcedds_c) by extensions ['ignore', 'ignore_ament_install']
[0.293s] Level 1:colcon.colcon_core.package_identification:_identify(src/microros/src/uros/rosidl_typesupport_microxrcedds/rosidl_typesupport_microxrcedds_c) by extension 'ignore'
[0.293s] Level 1:colcon.colcon_core.package_identification:_identify(src/microros/src/uros/rosidl_typesupport_microxrcedds/rosidl_typesupport_microxrcedds_c) by extension 'ignore_ament_install'
[0.293s] Level 1:colcon.colcon_core.package_identification:_identify(src/microros/src/uros/rosidl_typesupport_microxrcedds/rosidl_typesupport_microxrcedds_c) by extensions ['colcon_pkg']
[0.293s] Level 1:colcon.colcon_core.package_identification:_identify(src/microros/src/uros/rosidl_typesupport_microxrcedds/rosidl_typesupport_microxrcedds_c) by extension 'colcon_pkg'
[0.293s] Level 1:colcon.colcon_core.package_identification:_identify(src/microros/src/uros/rosidl_typesupport_microxrcedds/rosidl_typesupport_microxrcedds_c) by extensions ['colcon_meta']
[0.293s] Level 1:colcon.colcon_core.package_identification:_identify(src/microros/src/uros/rosidl_typesupport_microxrcedds/rosidl_typesupport_microxrcedds_c) by extension 'colcon_meta'
[0.293s] Level 1:colcon.colcon_core.package_identification:_identify(src/microros/src/uros/rosidl_typesupport_microxrcedds/rosidl_typesupport_microxrcedds_c) by extensions ['ros']
[0.293s] Level 1:colcon.colcon_core.package_identification:_identify(src/microros/src/uros/rosidl_typesupport_microxrcedds/rosidl_typesupport_microxrcedds_c) by extension 'ros'
[0.294s] DEBUG:colcon.colcon_core.package_identification:Package 'src/microros/src/uros/rosidl_typesupport_microxrcedds/rosidl_typesupport_microxrcedds_c' with type 'ros.ament_cmake' and name 'rosidl_typesupport_microxrcedds_c'
[0.294s] Level 1:colcon.colcon_core.package_identification:_identify(src/microros/src/uros/rosidl_typesupport_microxrcedds/rosidl_typesupport_microxrcedds_cpp) by extensions ['ignore', 'ignore_ament_install']
[0.294s] Level 1:colcon.colcon_core.package_identification:_identify(src/microros/src/uros/rosidl_typesupport_microxrcedds/rosidl_typesupport_microxrcedds_cpp) by extension 'ignore'
[0.294s] Level 1:colcon.colcon_core.package_identification:_identify(src/microros/src/uros/rosidl_typesupport_microxrcedds/rosidl_typesupport_microxrcedds_cpp) by extension 'ignore_ament_install'
[0.294s] Level 1:colcon.colcon_core.package_identification:_identify(src/microros/src/uros/rosidl_typesupport_microxrcedds/rosidl_typesupport_microxrcedds_cpp) by extensions ['colcon_pkg']
[0.294s] Level 1:colcon.colcon_core.package_identification:_identify(src/microros/src/uros/rosidl_typesupport_microxrcedds/rosidl_typesupport_microxrcedds_cpp) by extension 'colcon_pkg'
[0.294s] Level 1:colcon.colcon_core.package_identification:_identify(src/microros/src/uros/rosidl_typesupport_microxrcedds/rosidl_typesupport_microxrcedds_cpp) by extensions ['colcon_meta']
[0.294s] Level 1:colcon.colcon_core.package_identification:_identify(src/microros/src/uros/rosidl_typesupport_microxrcedds/rosidl_typesupport_microxrcedds_cpp) by extension 'colcon_meta'
[0.294s] Level 1:colcon.colcon_core.package_identification:_identify(src/microros/src/uros/rosidl_typesupport_microxrcedds/rosidl_typesupport_microxrcedds_cpp) by extensions ['ros']
[0.294s] Level 1:colcon.colcon_core.package_identification:_identify(src/microros/src/uros/rosidl_typesupport_microxrcedds/rosidl_typesupport_microxrcedds_cpp) by extension 'ros'
[0.294s] DEBUG:colcon.colcon_core.package_identification:Package 'src/microros/src/uros/rosidl_typesupport_microxrcedds/rosidl_typesupport_microxrcedds_cpp' with type 'ros.ament_cmake' and name 'rosidl_typesupport_microxrcedds_cpp'
[0.294s] Level 1:colcon.colcon_core.package_identification:_identify(src/microros/src/uros/rosidl_typesupport_microxrcedds/test) by extensions ['ignore', 'ignore_ament_install']
[0.294s] Level 1:colcon.colcon_core.package_identification:_identify(src/microros/src/uros/rosidl_typesupport_microxrcedds/test) by extension 'ignore'
[0.295s] Level 1:colcon.colcon_core.package_identification:_identify(src/microros/src/uros/rosidl_typesupport_microxrcedds/test) by extension 'ignore_ament_install'
[0.295s] Level 1:colcon.colcon_core.package_identification:_identify(src/microros/src/uros/rosidl_typesupport_microxrcedds/test) by extensions ['colcon_pkg']
[0.295s] Level 1:colcon.colcon_core.package_identification:_identify(src/microros/src/uros/rosidl_typesupport_microxrcedds/test) by extension 'colcon_pkg'
[0.295s] Level 1:colcon.colcon_core.package_identification:_identify(src/microros/src/uros/rosidl_typesupport_microxrcedds/test) by extensions ['colcon_meta']
[0.295s] Level 1:colcon.colcon_core.package_identification:_identify(src/microros/src/uros/rosidl_typesupport_microxrcedds/test) by extension 'colcon_meta'
[0.295s] Level 1:colcon.colcon_core.package_identification:_identify(src/microros/src/uros/rosidl_typesupport_microxrcedds/test) by extensions ['ros']
[0.295s] Level 1:colcon.colcon_core.package_identification:_identify(src/microros/src/uros/rosidl_typesupport_microxrcedds/test) by extension 'ros'
[0.295s] Level 1:colcon.colcon_core.package_identification:_identify(src/microros/src/uros/rosidl_typesupport_microxrcedds/test) by extensions ['cmake', 'python']
[0.295s] Level 1:colcon.colcon_core.package_identification:_identify(src/microros/src/uros/rosidl_typesupport_microxrcedds/test) by extension 'cmake'
[0.295s] Level 1:colcon.colcon_core.package_identification:_identify(src/microros/src/uros/rosidl_typesupport_microxrcedds/test) by extension 'python'
[0.295s] Level 1:colcon.colcon_core.package_identification:_identify(src/microros/src/uros/rosidl_typesupport_microxrcedds/test) by extensions ['python_setup_py']
[0.295s] Level 1:colcon.colcon_core.package_identification:_identify(src/microros/src/uros/rosidl_typesupport_microxrcedds/test) by extension 'python_setup_py'
[0.295s] Level 1:colcon.colcon_core.package_identification:_identify(src/microros/src/uros/rosidl_typesupport_microxrcedds/test/c) by extensions ['ignore', 'ignore_ament_install']
[0.295s] Level 1:colcon.colcon_core.package_identification:_identify(src/microros/src/uros/rosidl_typesupport_microxrcedds/test/c) by extension 'ignore'
[0.295s] Level 1:colcon.colcon_core.package_identification:_identify(src/microros/src/uros/rosidl_typesupport_microxrcedds/test/c) by extension 'ignore_ament_install'
[0.295s] Level 1:colcon.colcon_core.package_identification:_identify(src/microros/src/uros/rosidl_typesupport_microxrcedds/test/c) by extensions ['colcon_pkg']
[0.295s] Level 1:colcon.colcon_core.package_identification:_identify(src/microros/src/uros/rosidl_typesupport_microxrcedds/test/c) by extension 'colcon_pkg'
[0.295s] Level 1:colcon.colcon_core.package_identification:_identify(src/microros/src/uros/rosidl_typesupport_microxrcedds/test/c) by extensions ['colcon_meta']
[0.295s] Level 1:colcon.colcon_core.package_identification:_identify(src/microros/src/uros/rosidl_typesupport_microxrcedds/test/c) by extension 'colcon_meta'
[0.295s] Level 1:colcon.colcon_core.package_identification:_identify(src/microros/src/uros/rosidl_typesupport_microxrcedds/test/c) by extensions ['ros']
[0.295s] Level 1:colcon.colcon_core.package_identification:_identify(src/microros/src/uros/rosidl_typesupport_microxrcedds/test/c) by extension 'ros'
[0.295s] DEBUG:colcon.colcon_core.package_identification:Package 'src/microros/src/uros/rosidl_typesupport_microxrcedds/test/c' with type 'ros.ament_cmake' and name 'rosidl_typesupport_microxrcedds_c_tests'
[0.295s] Level 1:colcon.colcon_core.package_identification:_identify(src/microros/src/uros/rosidl_typesupport_microxrcedds/test/cpp) by extensions ['ignore', 'ignore_ament_install']
[0.296s] Level 1:colcon.colcon_core.package_identification:_identify(src/microros/src/uros/rosidl_typesupport_microxrcedds/test/cpp) by extension 'ignore'
[0.296s] Level 1:colcon.colcon_core.package_identification:_identify(src/microros/src/uros/rosidl_typesupport_microxrcedds/test/cpp) by extension 'ignore_ament_install'
[0.296s] Level 1:colcon.colcon_core.package_identification:_identify(src/microros/src/uros/rosidl_typesupport_microxrcedds/test/cpp) by extensions ['colcon_pkg']
[0.296s] Level 1:colcon.colcon_core.package_identification:_identify(src/microros/src/uros/rosidl_typesupport_microxrcedds/test/cpp) by extension 'colcon_pkg'
[0.296s] Level 1:colcon.colcon_core.package_identification:_identify(src/microros/src/uros/rosidl_typesupport_microxrcedds/test/cpp) by extensions ['colcon_meta']
[0.296s] Level 1:colcon.colcon_core.package_identification:_identify(src/microros/src/uros/rosidl_typesupport_microxrcedds/test/cpp) by extension 'colcon_meta'
[0.296s] Level 1:colcon.colcon_core.package_identification:_identify(src/microros/src/uros/rosidl_typesupport_microxrcedds/test/cpp) by extensions ['ros']
[0.296s] Level 1:colcon.colcon_core.package_identification:_identify(src/microros/src/uros/rosidl_typesupport_microxrcedds/test/cpp) by extension 'ros'
[0.296s] DEBUG:colcon.colcon_core.package_identification:Package 'src/microros/src/uros/rosidl_typesupport_microxrcedds/test/cpp' with type 'ros.ament_cmake' and name 'rosidl_typesupport_microxrcedds_cpp_tests'
[0.296s] Level 1:colcon.colcon_core.package_identification:_identify(src/microros/src/uros/rosidl_typesupport_microxrcedds/test/msg) by extensions ['ignore', 'ignore_ament_install']
[0.296s] Level 1:colcon.colcon_core.package_identification:_identify(src/microros/src/uros/rosidl_typesupport_microxrcedds/test/msg) by extension 'ignore'
[0.296s] Level 1:colcon.colcon_core.package_identification:_identify(src/microros/src/uros/rosidl_typesupport_microxrcedds/test/msg) by extension 'ignore_ament_install'
[0.296s] Level 1:colcon.colcon_core.package_identification:_identify(src/microros/src/uros/rosidl_typesupport_microxrcedds/test/msg) by extensions ['colcon_pkg']
[0.296s] Level 1:colcon.colcon_core.package_identification:_identify(src/microros/src/uros/rosidl_typesupport_microxrcedds/test/msg) by extension 'colcon_pkg'
[0.296s] Level 1:colcon.colcon_core.package_identification:_identify(src/microros/src/uros/rosidl_typesupport_microxrcedds/test/msg) by extensions ['colcon_meta']
[0.296s] Level 1:colcon.colcon_core.package_identification:_identify(src/microros/src/uros/rosidl_typesupport_microxrcedds/test/msg) by extension 'colcon_meta'
[0.296s] Level 1:colcon.colcon_core.package_identification:_identify(src/microros/src/uros/rosidl_typesupport_microxrcedds/test/msg) by extensions ['ros']
[0.296s] Level 1:colcon.colcon_core.package_identification:_identify(src/microros/src/uros/rosidl_typesupport_microxrcedds/test/msg) by extension 'ros'
[0.297s] DEBUG:colcon.colcon_core.package_identification:Package 'src/microros/src/uros/rosidl_typesupport_microxrcedds/test/msg' with type 'ros.ament_cmake' and name 'rosidl_typesupport_microxrcedds_test_msg'
[0.297s] Level 1:colcon.colcon_core.package_discovery:discover_packages(recursive) using defaults
[0.297s] Level 1:colcon.colcon_core.package_discovery:discover_packages(ignore) discover
[0.297s] Level 1:colcon.colcon_core.package_discovery:discover_packages(ignore) using defaults
[0.297s] Level 1:colcon.colcon_core.package_discovery:discover_packages(path) discover
[0.297s] Level 1:colcon.colcon_core.package_discovery:discover_packages(path) using defaults
[0.311s] INFO:colcon.colcon_metadata.metadata.colcon_pkg:Updating descriptor of package 'src/microros/src/eProsima/Micro-XRCE-DDS-Client' from colcon.pkg: {'name': 'microxrcedds_client', 'type': 'cmake', 'dependencies': ['microcdr'], 'cmake-args': ['-DUCLIENT_ISOLATED_INSTALL=OFF', '-DUCLIENT_SUPERBUILD=OFF']}
[0.311s] INFO:colcon.colcon_metadata.metadata.colcon_pkg:Updating descriptor of package 'src/microros/src/eProsima/Micro-CDR' from colcon.pkg: {'name': 'microcdr', 'type': 'cmake', 'cmake-args': ['-DUCDR_ISOLATED_INSTALL=OFF']}
[0.317s] INFO:colcon.colcon_core.package_selection:Skipping not selected package 'builtin_interfaces' in 'src/microros/src/ros2/rcl_interfaces/builtin_interfaces'
[0.317s] INFO:colcon.colcon_core.package_selection:Skipping not selected package 'lifecycle_msgs' in 'src/microros/src/ros2/rcl_interfaces/lifecycle_msgs'
[0.318s] INFO:colcon.colcon_core.package_selection:Skipping not selected package 'micro_ros_msgs' in 'src/microros/src/uros/micro_ros_msgs'
[0.318s] INFO:colcon.colcon_core.package_selection:Skipping not selected package 'micro_ros_setup' in 'src/microros/src/micro_ros_setup'
[0.318s] INFO:colcon.colcon_core.package_selection:Skipping not selected package 'micro_ros_utilities' in 'src/microros/src/uros/micro_ros_utilities'
[0.318s] INFO:colcon.colcon_core.package_selection:Skipping not selected package 'microcdr' in 'src/microros/src/eProsima/Micro-CDR'
[0.318s] INFO:colcon.colcon_core.package_selection:Skipping not selected package 'std_srvs' in 'src/microros/src/ros2/common_interfaces/std_srvs'
[0.318s] INFO:colcon.colcon_core.package_selection:Skipping not selected package 'unique_identifier_msgs' in 'src/microros/src/ros2/unique_identifier_msgs'
[0.318s] INFO:colcon.colcon_core.package_selection:Skipping not selected package 'action_msgs' in 'src/microros/src/ros2/rcl_interfaces/action_msgs'
[0.318s] INFO:colcon.colcon_core.package_selection:Skipping not selected package 'complex_msgs' in 'src/microros/src/uros/micro-ROS-demos/messages/complex_msg'
[0.318s] INFO:colcon.colcon_core.package_selection:Skipping not selected package 'micro_ros_agent' in 'src/microros/src/uros/micro-ROS-Agent/micro_ros_agent'
[0.318s] INFO:colcon.colcon_core.package_selection:Skipping not selected package 'microxrcedds_client' in 'src/microros/src/eProsima/Micro-XRCE-DDS-Client'
[0.318s] INFO:colcon.colcon_core.package_selection:Skipping not selected package 'rcl_interfaces' in 'src/microros/src/ros2/rcl_interfaces/rcl_interfaces'
[0.318s] INFO:colcon.colcon_core.package_selection:Skipping not selected package 'rosgraph_msgs' in 'src/microros/src/ros2/rcl_interfaces/rosgraph_msgs'
[0.318s] INFO:colcon.colcon_core.package_selection:Skipping not selected package 'rosidl_typesupport_microxrcedds_c' in 'src/microros/src/uros/rosidl_typesupport_microxrcedds/rosidl_typesupport_microxrcedds_c'
[0.318s] INFO:colcon.colcon_core.package_selection:Skipping not selected package 'statistics_msgs' in 'src/microros/src/ros2/rcl_interfaces/statistics_msgs'
[0.318s] INFO:colcon.colcon_core.package_selection:Skipping not selected package 'std_msgs' in 'src/microros/src/ros2/common_interfaces/std_msgs'
[0.318s] INFO:colcon.colcon_core.package_selection:Skipping not selected package 'actionlib_msgs' in 'src/microros/src/ros2/common_interfaces/actionlib_msgs'
[0.318s] INFO:colcon.colcon_core.package_selection:Skipping not selected package 'composition_interfaces' in 'src/microros/src/ros2/rcl_interfaces/composition_interfaces'
[0.318s] INFO:colcon.colcon_core.package_selection:Skipping not selected package 'example_interfaces' in 'src/microros/src/ros2/example_interfaces'
[0.318s] INFO:colcon.colcon_core.package_selection:Skipping not selected package 'geometry_msgs' in 'src/microros/src/ros2/common_interfaces/geometry_msgs'
[0.318s] INFO:colcon.colcon_core.package_selection:Skipping not selected package 'rosidl_typesupport_microxrcedds_cpp' in 'src/microros/src/uros/rosidl_typesupport_microxrcedds/rosidl_typesupport_microxrcedds_cpp'
[0.318s] INFO:colcon.colcon_core.package_selection:Skipping not selected package 'test_msgs' in 'src/microros/src/ros2/rcl_interfaces/test_msgs'
[0.318s] INFO:colcon.colcon_core.package_selection:Skipping not selected package 'diagnostic_msgs' in 'src/microros/src/ros2/common_interfaces/diagnostic_msgs'
[0.318s] INFO:colcon.colcon_core.package_selection:Skipping not selected package 'nav_msgs' in 'src/microros/src/ros2/common_interfaces/nav_msgs'
[0.318s] INFO:colcon.colcon_core.package_selection:Skipping not selected package 'rclc' in 'src/microros/src/uros/rclc/rclc'
[0.318s] INFO:colcon.colcon_core.package_selection:Skipping not selected package 'rmw_microxrcedds' in 'src/microros/src/uros/rmw_microxrcedds/rmw_microxrcedds_c'
[0.318s] INFO:colcon.colcon_core.package_selection:Skipping not selected package 'sensor_msgs' in 'src/microros/src/ros2/common_interfaces/sensor_msgs'
[0.318s] INFO:colcon.colcon_core.package_selection:Skipping not selected package 'shape_msgs' in 'src/microros/src/ros2/common_interfaces/shape_msgs'
[0.318s] INFO:colcon.colcon_core.package_selection:Skipping not selected package 'trajectory_msgs' in 'src/microros/src/ros2/common_interfaces/trajectory_msgs'
[0.318s] INFO:colcon.colcon_core.package_selection:Skipping not selected package 'rclc_parameter' in 'src/microros/src/uros/rclc/rclc_parameter'
[0.318s] INFO:colcon.colcon_core.package_selection:Skipping not selected package 'rosidl_typesupport_microxrcedds_test_msg' in 'src/microros/src/uros/rosidl_typesupport_microxrcedds/test/msg'
[0.318s] INFO:colcon.colcon_core.package_selection:Skipping not selected package 'sensor_msgs_py' in 'src/microros/src/ros2/common_interfaces/sensor_msgs_py'
[0.318s] INFO:colcon.colcon_core.package_selection:Skipping not selected package 'stereo_msgs' in 'src/microros/src/ros2/common_interfaces/stereo_msgs'
[0.318s] INFO:colcon.colcon_core.package_selection:Skipping not selected package 'visualization_msgs' in 'src/microros/src/ros2/common_interfaces/visualization_msgs'
[0.318s] INFO:colcon.colcon_core.package_selection:Skipping not selected package 'common_interfaces' in 'src/microros/src/ros2/common_interfaces/common_interfaces'
[0.318s] INFO:colcon.colcon_core.package_selection:Skipping not selected package 'micro_ros_demos_rclc' in 'src/microros/src/uros/micro-ROS-demos/rclc'
[0.318s] INFO:colcon.colcon_core.package_selection:Skipping not selected package 'rosidl_typesupport_microxrcedds_c_tests' in 'src/microros/src/uros/rosidl_typesupport_microxrcedds/test/c'
[0.318s] INFO:colcon.colcon_core.package_selection:Skipping not selected package 'rosidl_typesupport_microxrcedds_cpp_tests' in 'src/microros/src/uros/rosidl_typesupport_microxrcedds/test/cpp'
[0.318s] Level 1:colcon.colcon_core.package_discovery:discover_packages(prefix_path) check parameters
[0.318s] Level 1:colcon.colcon_core.package_discovery:discover_packages(prefix_path) discover
[0.321s] DEBUG:colcon.colcon_installed_package_information.package_discovery:Found 40 installed packages in /root/ros_ws/src/Rescue_Car_ws/install
[0.321s] DEBUG:colcon.colcon_installed_package_information.package_discovery:Found 339 installed packages in /opt/ros/humble
[0.323s] Level 1:colcon.colcon_core.package_discovery:discover_packages(prefix_path) using defaults
[0.347s] Level 5:colcon.colcon_core.verb:set package 'car' build argument 'cmake_args' from command line to 'None'
[0.347s] Level 5:colcon.colcon_core.verb:set package 'car' build argument 'cmake_target' from command line to 'None'
[0.347s] Level 5:colcon.colcon_core.verb:set package 'car' build argument 'cmake_target_skip_unavailable' from command line to 'False'
[0.347s] Level 5:colcon.colcon_core.verb:set package 'car' build argument 'cmake_clean_cache' from command line to 'False'
[0.347s] Level 5:colcon.colcon_core.verb:set package 'car' build argument 'cmake_clean_first' from command line to 'False'
[0.347s] Level 5:colcon.colcon_core.verb:set package 'car' build argument 'cmake_force_configure' from command line to 'False'
[0.347s] Level 5:colcon.colcon_core.verb:set package 'car' build argument 'ament_cmake_args' from command line to 'None'
[0.347s] Level 5:colcon.colcon_core.verb:set package 'car' build argument 'catkin_cmake_args' from command line to 'None'
[0.347s] Level 5:colcon.colcon_core.verb:set package 'car' build argument 'catkin_skip_building_tests' from command line to 'False'
[0.347s] DEBUG:colcon.colcon_core.verb:Building package 'car' with the following arguments: {'ament_cmake_args': None, 'build_base': '/root/ros_ws/src/Rescue_Car_ws/build/car', 'catkin_cmake_args': None, 'catkin_skip_building_tests': False, 'cmake_args': None, 'cmake_clean_cache': False, 'cmake_clean_first': False, 'cmake_force_configure': False, 'cmake_target': None, 'cmake_target_skip_unavailable': False, 'install_base': '/root/ros_ws/src/Rescue_Car_ws/install/car', 'merge_install': False, 'path': '/root/ros_ws/src/Rescue_Car_ws/src/car', 'symlink_install': False, 'test_result_base': None}
[0.347s] INFO:colcon.colcon_core.executor:Executing jobs using 'parallel' executor
[0.349s] DEBUG:colcon.colcon_parallel_executor.executor.parallel:run_until_complete
[0.349s] INFO:colcon.colcon_ros.task.ament_cmake.build:Building ROS package in '/root/ros_ws/src/Rescue_Car_ws/src/car' with build type 'ament_cmake'
[0.349s] INFO:colcon.colcon_cmake.task.cmake.build:Building CMake package in '/root/ros_ws/src/Rescue_Car_ws/src/car'
[0.351s] INFO:colcon.colcon_core.plugin_system:Skipping extension 'colcon_core.shell.bat': Not used on non-Windows systems
[0.351s] INFO:colcon.colcon_core.shell:Skip shell extension 'powershell' for command environment: Not usable outside of PowerShell
[0.351s] DEBUG:colcon.colcon_core.shell:Skip shell extension 'dsv' for command environment
[0.362s] DEBUG:colcon.colcon_core.event_handler.log_command:Invoking command in '/root/ros_ws/src/Rescue_Car_ws/build/car': CMAKE_PREFIX_PATH=${CMAKE_PREFIX_PATH}:/root/ros_ws/src/Rescue_Car_ws/install/sensor_msgs_py:/opt/ros/humble /usr/bin/cmake --build /root/ros_ws/src/Rescue_Car_ws/build/car -- -j20 -l20
[8.901s] Level 1:colcon.colcon_core.environment:create_environment_scripts_only(car)
[8.902s] DEBUG:colcon.colcon_core.event_handler.log_command:Invoked command in '/root/ros_ws/src/Rescue_Car_ws/build/car' returned '2': CMAKE_PREFIX_PATH=${CMAKE_PREFIX_PATH}:/root/ros_ws/src/Rescue_Car_ws/install/sensor_msgs_py:/opt/ros/humble /usr/bin/cmake --build /root/ros_ws/src/Rescue_Car_ws/build/car -- -j20 -l20
[8.903s] Level 1:colcon.colcon_core.environment:checking '/root/ros_ws/src/Rescue_Car_ws/install/car' for CMake module files
[8.903s] Level 1:colcon.colcon_core.environment:checking '/root/ros_ws/src/Rescue_Car_ws/install/car' for CMake config files
[8.904s] Level 1:colcon.colcon_core.shell:create_environment_hook('car', 'cmake_prefix_path')
[8.904s] INFO:colcon.colcon_core.shell:Creating environment hook '/root/ros_ws/src/Rescue_Car_ws/install/car/share/car/hook/cmake_prefix_path.ps1'
[8.904s] INFO:colcon.colcon_core.shell:Creating environment descriptor '/root/ros_ws/src/Rescue_Car_ws/install/car/share/car/hook/cmake_prefix_path.dsv'
[8.905s] INFO:colcon.colcon_core.shell:Creating environment hook '/root/ros_ws/src/Rescue_Car_ws/install/car/share/car/hook/cmake_prefix_path.sh'
[8.905s] Level 1:colcon.colcon_core.environment:checking '/root/ros_ws/src/Rescue_Car_ws/install/car/bin'
[8.905s] Level 1:colcon.colcon_core.environment:checking '/root/ros_ws/src/Rescue_Car_ws/install/car/lib/pkgconfig/car.pc'
[8.905s] Level 1:colcon.colcon_core.environment:checking '/root/ros_ws/src/Rescue_Car_ws/install/car/lib/python3.10/site-packages'
[8.906s] Level 1:colcon.colcon_core.environment:checking '/root/ros_ws/src/Rescue_Car_ws/install/car/bin'
[8.906s] INFO:colcon.colcon_core.shell:Creating package script '/root/ros_ws/src/Rescue_Car_ws/install/car/share/car/package.ps1'
[8.906s] INFO:colcon.colcon_core.shell:Creating package descriptor '/root/ros_ws/src/Rescue_Car_ws/install/car/share/car/package.dsv'
[8.907s] INFO:colcon.colcon_core.shell:Creating package script '/root/ros_ws/src/Rescue_Car_ws/install/car/share/car/package.sh'
[8.907s] INFO:colcon.colcon_core.shell:Creating package script '/root/ros_ws/src/Rescue_Car_ws/install/car/share/car/package.bash'
[8.908s] INFO:colcon.colcon_core.shell:Creating package script '/root/ros_ws/src/Rescue_Car_ws/install/car/share/car/package.zsh'
[8.908s] Level 1:colcon.colcon_core.environment:create_file_with_runtime_dependencies(/root/ros_ws/src/Rescue_Car_ws/install/car/share/colcon-core/packages/car)
[8.919s] DEBUG:colcon.colcon_parallel_executor.executor.parallel:closing loop
[8.919s] DEBUG:colcon.colcon_parallel_executor.executor.parallel:loop closed
[8.919s] DEBUG:colcon.colcon_parallel_executor.executor.parallel:run_until_complete finished with '2'
[8.919s] DEBUG:colcon.colcon_core.event_reactor:joining thread
[8.958s] INFO:colcon.colcon_core.plugin_system:Skipping extension 'colcon_notification.desktop_notification.notify_send': Could not find 'notify-send'
[8.958s] INFO:colcon.colcon_core.plugin_system:Skipping extension 'colcon_notification.desktop_notification.terminal_notifier': Not used on non-Darwin systems
[8.958s] INFO:colcon.colcon_core.plugin_system:Skipping extension 'colcon_notification.desktop_notification.win32': Not used on non-Windows systems
[8.959s] INFO:colcon.colcon_notification.desktop_notification:Sending desktop notification using 'notify2'
[8.959s] DEBUG:colcon.colcon_notification.desktop_notification.notify2:Failed to initialize notify2: org.freedesktop.DBus.Error.FileNotFound: Failed to connect to socket /run/user/0/bus: No such file or directory
[8.959s] DEBUG:colcon.colcon_core.event_reactor:joined thread
[8.959s] INFO:colcon.colcon_core.shell:Creating prefix script '/root/ros_ws/src/Rescue_Car_ws/install/local_setup.ps1'
[8.960s] INFO:colcon.colcon_core.shell:Creating prefix util module '/root/ros_ws/src/Rescue_Car_ws/install/_local_setup_util_ps1.py'
[8.961s] INFO:colcon.colcon_core.shell:Creating prefix chain script '/root/ros_ws/src/Rescue_Car_ws/install/setup.ps1'
[8.962s] INFO:colcon.colcon_core.shell:Creating prefix script '/root/ros_ws/src/Rescue_Car_ws/install/local_setup.sh'
[8.962s] INFO:colcon.colcon_core.shell:Creating prefix util module '/root/ros_ws/src/Rescue_Car_ws/install/_local_setup_util_sh.py'
[8.963s] INFO:colcon.colcon_core.shell:Creating prefix chain script '/root/ros_ws/src/Rescue_Car_ws/install/setup.sh'
[8.964s] INFO:colcon.colcon_core.shell:Creating prefix script '/root/ros_ws/src/Rescue_Car_ws/install/local_setup.bash'
[8.964s] INFO:colcon.colcon_core.shell:Creating prefix chain script '/root/ros_ws/src/Rescue_Car_ws/install/setup.bash'
[8.965s] INFO:colcon.colcon_core.shell:Creating prefix script '/root/ros_ws/src/Rescue_Car_ws/install/local_setup.zsh'
[8.965s] INFO:colcon.colcon_core.shell:Creating prefix chain script '/root/ros_ws/src/Rescue_Car_ws/install/setup.zsh'
