[0.231s] Invoking command in '/root/ros_ws/src/Rescue_Car_ws/build/sensor_msgs': CMAKE_PREFIX_PATH=/root/ros_ws/src/Rescue_Car_ws/install/geometry_msgs:/root/ros_ws/src/Rescue_Car_ws/install/std_msgs:/root/ros_ws/src/Rescue_Car_ws/install/builtin_interfaces:/root/ros_ws/src/Rescue_Car_ws/install/micro_ros_demos_rclc:/root/ros_ws/src/Rescue_Car_ws/install/common_interfaces:/root/ros_ws/src/Rescue_Car_ws/install/visualization_msgs:/root/ros_ws/src/Rescue_Car_ws/install/test_msgs:/root/ros_ws/src/Rescue_Car_ws/install/example_interfaces:/root/ros_ws/src/Rescue_Car_ws/install/action_msgs:/root/ros_ws/src/Rescue_Car_ws/install/unique_identifier_msgs:/root/ros_ws/src/Rescue_Car_ws/install/trajectory_msgs:/root/ros_ws/src/Rescue_Car_ws/install/stereo_msgs:/root/ros_ws/src/Rescue_Car_ws/install/std_srvs:/root/ros_ws/src/Rescue_Car_ws/install/shape_msgs:/root/ros_ws/src/Rescue_Car_ws/install/sensor_msgs:/root/ros_ws/src/Rescue_Car_ws/install/nav_msgs:/root/ros_ws/src/Rescue_Car_ws/install/diagnostic_msgs:/root/ros_ws/src/Rescue_Car_ws/install/actionlib_msgs:/root/ros_ws/src/Rescue_Car_ws/install/statistics_msgs:/root/ros_ws/src/Rescue_Car_ws/install/rosidl_typesupport_microxrcedds_test_msg:/root/ros_ws/src/Rescue_Car_ws/install/rosidl_typesupport_microxrcedds_cpp_tests:/root/ros_ws/src/Rescue_Car_ws/install/rmw_microxrcedds:/root/ros_ws/src/Rescue_Car_ws/install/rosidl_typesupport_microxrcedds_cpp:/root/ros_ws/src/Rescue_Car_ws/install/rosidl_typesupport_microxrcedds_c_tests:/root/ros_ws/src/Rescue_Car_ws/install/rosidl_typesupport_microxrcedds_c:/root/ros_ws/src/Rescue_Car_ws/install/rosgraph_msgs:/root/ros_ws/src/Rescue_Car_ws/install/rclc_parameter:/root/ros_ws/src/Rescue_Car_ws/install/rclc:/root/ros_ws/src/Rescue_Car_ws/install/composition_interfaces:/root/ros_ws/src/Rescue_Car_ws/install/rcl_interfaces:/root/ros_ws/src/Rescue_Car_ws/install/microxrcedds_client:/root/ros_ws/src/Rescue_Car_ws/install/microcdr:/root/ros_ws/src/Rescue_Car_ws/install/micro_ros_utilities:/root/ros_ws/src/Rescue_Car_ws/install/micro_ros_setup:/root/ros_ws/src/Rescue_Car_ws/install/micro_ros_agent:/root/ros_ws/src/Rescue_Car_ws/install/micro_ros_msgs:/root/ros_ws/src/Rescue_Car_ws/install/lifecycle_msgs:/root/ros_ws/src/Rescue_Car_ws/install/complex_msgs:/root/ros_ws/src/Rescue_Car_ws/install/car:/root/ros_ws/src/Rescue_Car_ws/install/sensor_msgs_py:/opt/ros/humble LD_LIBRARY_PATH=/root/ros_ws/src/Rescue_Car_ws/install/geometry_msgs/lib:/root/ros_ws/src/Rescue_Car_ws/install/std_msgs/lib:/root/ros_ws/src/Rescue_Car_ws/install/builtin_interfaces/lib:/root/ros_ws/src/Rescue_Car_ws/install/visualization_msgs/lib:/root/ros_ws/src/Rescue_Car_ws/install/test_msgs/lib:/root/ros_ws/src/Rescue_Car_ws/install/example_interfaces/lib:/root/ros_ws/src/Rescue_Car_ws/install/action_msgs/lib:/root/ros_ws/src/Rescue_Car_ws/install/unique_identifier_msgs/lib:/root/ros_ws/src/Rescue_Car_ws/install/trajectory_msgs/lib:/root/ros_ws/src/Rescue_Car_ws/install/stereo_msgs/lib:/root/ros_ws/src/Rescue_Car_ws/install/std_srvs/lib:/root/ros_ws/src/Rescue_Car_ws/install/shape_msgs/lib:/root/ros_ws/src/Rescue_Car_ws/install/sensor_msgs/lib:/root/ros_ws/src/Rescue_Car_ws/install/nav_msgs/lib:/root/ros_ws/src/Rescue_Car_ws/install/diagnostic_msgs/lib:/root/ros_ws/src/Rescue_Car_ws/install/actionlib_msgs/lib:/root/ros_ws/src/Rescue_Car_ws/install/statistics_msgs/lib:/root/ros_ws/src/Rescue_Car_ws/install/rosidl_typesupport_microxrcedds_test_msg/lib:/root/ros_ws/src/Rescue_Car_ws/install/rmw_microxrcedds/lib:/root/ros_ws/src/Rescue_Car_ws/install/rosidl_typesupport_microxrcedds_cpp/lib:/root/ros_ws/src/Rescue_Car_ws/install/rosidl_typesupport_microxrcedds_c/lib:/root/ros_ws/src/Rescue_Car_ws/install/rosgraph_msgs/lib:/root/ros_ws/src/Rescue_Car_ws/install/rclc_parameter/lib:/root/ros_ws/src/Rescue_Car_ws/install/rclc/lib:/root/ros_ws/src/Rescue_Car_ws/install/composition_interfaces/lib:/root/ros_ws/src/Rescue_Car_ws/install/rcl_interfaces/lib:/root/ros_ws/src/Rescue_Car_ws/install/micro_ros_utilities/lib:/root/ros_ws/src/Rescue_Car_ws/install/micro_ros_agent/lib:/root/ros_ws/src/Rescue_Car_ws/install/micro_ros_msgs/lib:/root/ros_ws/src/Rescue_Car_ws/install/lifecycle_msgs/lib:/root/ros_ws/src/Rescue_Car_ws/install/complex_msgs/lib:/usr/lib/x86_64-linux-gnu/gazebo-11/plugins:/opt/ros/humble/opt/rviz_ogre_vendor/lib:/opt/ros/humble/lib/x86_64-linux-gnu:/opt/ros/humble/lib /usr/bin/cmake --build /root/ros_ws/src/Rescue_Car_ws/build/sensor_msgs -- -j20 -l20
[0.299s] [  0%] Built target gtest
[0.300s] [  1%] Built target gtest_main
[0.321s] [ 13%] Built target sensor_msgs__rosidl_generator_c
[0.321s] [ 13%] Built target sensor_msgs__cpp
[0.321s] [ 13%] Built target ament_cmake_python_copy_sensor_msgs
[0.381s] [ 25%] Built target sensor_msgs__rosidl_typesupport_c
[0.383s] [ 36%] Built target sensor_msgs__rosidl_typesupport_introspection_c
[0.386s] [ 48%] Built target sensor_msgs__rosidl_typesupport_fastrtps_c
[0.393s] [ 60%] Built target sensor_msgs__rosidl_typesupport_introspection_cpp
[0.432s] [ 81%] Built target sensor_msgs__rosidl_typesupport_fastrtps_cpp
[0.432s] [ 83%] Built target sensor_msgs__rosidl_typesupport_cpp
[0.462s] [ 83%] Built target sensor_msgs
[0.467s] [ 85%] Built target test_sensor_msgs
[0.498s] [ 86%] Built target sensor_msgs__py
[0.549s] [ 97%] Built target sensor_msgs__rosidl_generator_py
[0.580s] [ 98%] Built target sensor_msgs__rosidl_typesupport_c__pyext
[0.580s] [ 99%] Built target sensor_msgs__rosidl_typesupport_fastrtps_c__pyext
[0.583s] [100%] Built target sensor_msgs__rosidl_typesupport_introspection_c__pyext
[0.643s] running egg_info
[0.644s] writing sensor_msgs.egg-info/PKG-INFO
[0.644s] writing dependency_links to sensor_msgs.egg-info/dependency_links.txt
[0.644s] writing top-level names to sensor_msgs.egg-info/top_level.txt
[0.648s] reading manifest file 'sensor_msgs.egg-info/SOURCES.txt'
[0.649s] writing manifest file 'sensor_msgs.egg-info/SOURCES.txt'
[0.694s] [100%] Built target ament_cmake_python_build_sensor_msgs_egg
[0.704s] Invoked command in '/root/ros_ws/src/Rescue_Car_ws/build/sensor_msgs' returned '0': CMAKE_PREFIX_PATH=/root/ros_ws/src/Rescue_Car_ws/install/geometry_msgs:/root/ros_ws/src/Rescue_Car_ws/install/std_msgs:/root/ros_ws/src/Rescue_Car_ws/install/builtin_interfaces:/root/ros_ws/src/Rescue_Car_ws/install/micro_ros_demos_rclc:/root/ros_ws/src/Rescue_Car_ws/install/common_interfaces:/root/ros_ws/src/Rescue_Car_ws/install/visualization_msgs:/root/ros_ws/src/Rescue_Car_ws/install/test_msgs:/root/ros_ws/src/Rescue_Car_ws/install/example_interfaces:/root/ros_ws/src/Rescue_Car_ws/install/action_msgs:/root/ros_ws/src/Rescue_Car_ws/install/unique_identifier_msgs:/root/ros_ws/src/Rescue_Car_ws/install/trajectory_msgs:/root/ros_ws/src/Rescue_Car_ws/install/stereo_msgs:/root/ros_ws/src/Rescue_Car_ws/install/std_srvs:/root/ros_ws/src/Rescue_Car_ws/install/shape_msgs:/root/ros_ws/src/Rescue_Car_ws/install/sensor_msgs:/root/ros_ws/src/Rescue_Car_ws/install/nav_msgs:/root/ros_ws/src/Rescue_Car_ws/install/diagnostic_msgs:/root/ros_ws/src/Rescue_Car_ws/install/actionlib_msgs:/root/ros_ws/src/Rescue_Car_ws/install/statistics_msgs:/root/ros_ws/src/Rescue_Car_ws/install/rosidl_typesupport_microxrcedds_test_msg:/root/ros_ws/src/Rescue_Car_ws/install/rosidl_typesupport_microxrcedds_cpp_tests:/root/ros_ws/src/Rescue_Car_ws/install/rmw_microxrcedds:/root/ros_ws/src/Rescue_Car_ws/install/rosidl_typesupport_microxrcedds_cpp:/root/ros_ws/src/Rescue_Car_ws/install/rosidl_typesupport_microxrcedds_c_tests:/root/ros_ws/src/Rescue_Car_ws/install/rosidl_typesupport_microxrcedds_c:/root/ros_ws/src/Rescue_Car_ws/install/rosgraph_msgs:/root/ros_ws/src/Rescue_Car_ws/install/rclc_parameter:/root/ros_ws/src/Rescue_Car_ws/install/rclc:/root/ros_ws/src/Rescue_Car_ws/install/composition_interfaces:/root/ros_ws/src/Rescue_Car_ws/install/rcl_interfaces:/root/ros_ws/src/Rescue_Car_ws/install/microxrcedds_client:/root/ros_ws/src/Rescue_Car_ws/install/microcdr:/root/ros_ws/src/Rescue_Car_ws/install/micro_ros_utilities:/root/ros_ws/src/Rescue_Car_ws/install/micro_ros_setup:/root/ros_ws/src/Rescue_Car_ws/install/micro_ros_agent:/root/ros_ws/src/Rescue_Car_ws/install/micro_ros_msgs:/root/ros_ws/src/Rescue_Car_ws/install/lifecycle_msgs:/root/ros_ws/src/Rescue_Car_ws/install/complex_msgs:/root/ros_ws/src/Rescue_Car_ws/install/car:/root/ros_ws/src/Rescue_Car_ws/install/sensor_msgs_py:/opt/ros/humble LD_LIBRARY_PATH=/root/ros_ws/src/Rescue_Car_ws/install/geometry_msgs/lib:/root/ros_ws/src/Rescue_Car_ws/install/std_msgs/lib:/root/ros_ws/src/Rescue_Car_ws/install/builtin_interfaces/lib:/root/ros_ws/src/Rescue_Car_ws/install/visualization_msgs/lib:/root/ros_ws/src/Rescue_Car_ws/install/test_msgs/lib:/root/ros_ws/src/Rescue_Car_ws/install/example_interfaces/lib:/root/ros_ws/src/Rescue_Car_ws/install/action_msgs/lib:/root/ros_ws/src/Rescue_Car_ws/install/unique_identifier_msgs/lib:/root/ros_ws/src/Rescue_Car_ws/install/trajectory_msgs/lib:/root/ros_ws/src/Rescue_Car_ws/install/stereo_msgs/lib:/root/ros_ws/src/Rescue_Car_ws/install/std_srvs/lib:/root/ros_ws/src/Rescue_Car_ws/install/shape_msgs/lib:/root/ros_ws/src/Rescue_Car_ws/install/sensor_msgs/lib:/root/ros_ws/src/Rescue_Car_ws/install/nav_msgs/lib:/root/ros_ws/src/Rescue_Car_ws/install/diagnostic_msgs/lib:/root/ros_ws/src/Rescue_Car_ws/install/actionlib_msgs/lib:/root/ros_ws/src/Rescue_Car_ws/install/statistics_msgs/lib:/root/ros_ws/src/Rescue_Car_ws/install/rosidl_typesupport_microxrcedds_test_msg/lib:/root/ros_ws/src/Rescue_Car_ws/install/rmw_microxrcedds/lib:/root/ros_ws/src/Rescue_Car_ws/install/rosidl_typesupport_microxrcedds_cpp/lib:/root/ros_ws/src/Rescue_Car_ws/install/rosidl_typesupport_microxrcedds_c/lib:/root/ros_ws/src/Rescue_Car_ws/install/rosgraph_msgs/lib:/root/ros_ws/src/Rescue_Car_ws/install/rclc_parameter/lib:/root/ros_ws/src/Rescue_Car_ws/install/rclc/lib:/root/ros_ws/src/Rescue_Car_ws/install/composition_interfaces/lib:/root/ros_ws/src/Rescue_Car_ws/install/rcl_interfaces/lib:/root/ros_ws/src/Rescue_Car_ws/install/micro_ros_utilities/lib:/root/ros_ws/src/Rescue_Car_ws/install/micro_ros_agent/lib:/root/ros_ws/src/Rescue_Car_ws/install/micro_ros_msgs/lib:/root/ros_ws/src/Rescue_Car_ws/install/lifecycle_msgs/lib:/root/ros_ws/src/Rescue_Car_ws/install/complex_msgs/lib:/usr/lib/x86_64-linux-gnu/gazebo-11/plugins:/opt/ros/humble/opt/rviz_ogre_vendor/lib:/opt/ros/humble/lib/x86_64-linux-gnu:/opt/ros/humble/lib /usr/bin/cmake --build /root/ros_ws/src/Rescue_Car_ws/build/sensor_msgs -- -j20 -l20
[0.716s] Invoking command in '/root/ros_ws/src/Rescue_Car_ws/build/sensor_msgs': CMAKE_PREFIX_PATH=/root/ros_ws/src/Rescue_Car_ws/install/geometry_msgs:/root/ros_ws/src/Rescue_Car_ws/install/std_msgs:/root/ros_ws/src/Rescue_Car_ws/install/builtin_interfaces:/root/ros_ws/src/Rescue_Car_ws/install/micro_ros_demos_rclc:/root/ros_ws/src/Rescue_Car_ws/install/common_interfaces:/root/ros_ws/src/Rescue_Car_ws/install/visualization_msgs:/root/ros_ws/src/Rescue_Car_ws/install/test_msgs:/root/ros_ws/src/Rescue_Car_ws/install/example_interfaces:/root/ros_ws/src/Rescue_Car_ws/install/action_msgs:/root/ros_ws/src/Rescue_Car_ws/install/unique_identifier_msgs:/root/ros_ws/src/Rescue_Car_ws/install/trajectory_msgs:/root/ros_ws/src/Rescue_Car_ws/install/stereo_msgs:/root/ros_ws/src/Rescue_Car_ws/install/std_srvs:/root/ros_ws/src/Rescue_Car_ws/install/shape_msgs:/root/ros_ws/src/Rescue_Car_ws/install/sensor_msgs:/root/ros_ws/src/Rescue_Car_ws/install/nav_msgs:/root/ros_ws/src/Rescue_Car_ws/install/diagnostic_msgs:/root/ros_ws/src/Rescue_Car_ws/install/actionlib_msgs:/root/ros_ws/src/Rescue_Car_ws/install/statistics_msgs:/root/ros_ws/src/Rescue_Car_ws/install/rosidl_typesupport_microxrcedds_test_msg:/root/ros_ws/src/Rescue_Car_ws/install/rosidl_typesupport_microxrcedds_cpp_tests:/root/ros_ws/src/Rescue_Car_ws/install/rmw_microxrcedds:/root/ros_ws/src/Rescue_Car_ws/install/rosidl_typesupport_microxrcedds_cpp:/root/ros_ws/src/Rescue_Car_ws/install/rosidl_typesupport_microxrcedds_c_tests:/root/ros_ws/src/Rescue_Car_ws/install/rosidl_typesupport_microxrcedds_c:/root/ros_ws/src/Rescue_Car_ws/install/rosgraph_msgs:/root/ros_ws/src/Rescue_Car_ws/install/rclc_parameter:/root/ros_ws/src/Rescue_Car_ws/install/rclc:/root/ros_ws/src/Rescue_Car_ws/install/composition_interfaces:/root/ros_ws/src/Rescue_Car_ws/install/rcl_interfaces:/root/ros_ws/src/Rescue_Car_ws/install/microxrcedds_client:/root/ros_ws/src/Rescue_Car_ws/install/microcdr:/root/ros_ws/src/Rescue_Car_ws/install/micro_ros_utilities:/root/ros_ws/src/Rescue_Car_ws/install/micro_ros_setup:/root/ros_ws/src/Rescue_Car_ws/install/micro_ros_agent:/root/ros_ws/src/Rescue_Car_ws/install/micro_ros_msgs:/root/ros_ws/src/Rescue_Car_ws/install/lifecycle_msgs:/root/ros_ws/src/Rescue_Car_ws/install/complex_msgs:/root/ros_ws/src/Rescue_Car_ws/install/car:/root/ros_ws/src/Rescue_Car_ws/install/sensor_msgs_py:/opt/ros/humble LD_LIBRARY_PATH=/root/ros_ws/src/Rescue_Car_ws/install/geometry_msgs/lib:/root/ros_ws/src/Rescue_Car_ws/install/std_msgs/lib:/root/ros_ws/src/Rescue_Car_ws/install/builtin_interfaces/lib:/root/ros_ws/src/Rescue_Car_ws/install/visualization_msgs/lib:/root/ros_ws/src/Rescue_Car_ws/install/test_msgs/lib:/root/ros_ws/src/Rescue_Car_ws/install/example_interfaces/lib:/root/ros_ws/src/Rescue_Car_ws/install/action_msgs/lib:/root/ros_ws/src/Rescue_Car_ws/install/unique_identifier_msgs/lib:/root/ros_ws/src/Rescue_Car_ws/install/trajectory_msgs/lib:/root/ros_ws/src/Rescue_Car_ws/install/stereo_msgs/lib:/root/ros_ws/src/Rescue_Car_ws/install/std_srvs/lib:/root/ros_ws/src/Rescue_Car_ws/install/shape_msgs/lib:/root/ros_ws/src/Rescue_Car_ws/install/sensor_msgs/lib:/root/ros_ws/src/Rescue_Car_ws/install/nav_msgs/lib:/root/ros_ws/src/Rescue_Car_ws/install/diagnostic_msgs/lib:/root/ros_ws/src/Rescue_Car_ws/install/actionlib_msgs/lib:/root/ros_ws/src/Rescue_Car_ws/install/statistics_msgs/lib:/root/ros_ws/src/Rescue_Car_ws/install/rosidl_typesupport_microxrcedds_test_msg/lib:/root/ros_ws/src/Rescue_Car_ws/install/rmw_microxrcedds/lib:/root/ros_ws/src/Rescue_Car_ws/install/rosidl_typesupport_microxrcedds_cpp/lib:/root/ros_ws/src/Rescue_Car_ws/install/rosidl_typesupport_microxrcedds_c/lib:/root/ros_ws/src/Rescue_Car_ws/install/rosgraph_msgs/lib:/root/ros_ws/src/Rescue_Car_ws/install/rclc_parameter/lib:/root/ros_ws/src/Rescue_Car_ws/install/rclc/lib:/root/ros_ws/src/Rescue_Car_ws/install/composition_interfaces/lib:/root/ros_ws/src/Rescue_Car_ws/install/rcl_interfaces/lib:/root/ros_ws/src/Rescue_Car_ws/install/micro_ros_utilities/lib:/root/ros_ws/src/Rescue_Car_ws/install/micro_ros_agent/lib:/root/ros_ws/src/Rescue_Car_ws/install/micro_ros_msgs/lib:/root/ros_ws/src/Rescue_Car_ws/install/lifecycle_msgs/lib:/root/ros_ws/src/Rescue_Car_ws/install/complex_msgs/lib:/usr/lib/x86_64-linux-gnu/gazebo-11/plugins:/opt/ros/humble/opt/rviz_ogre_vendor/lib:/opt/ros/humble/lib/x86_64-linux-gnu:/opt/ros/humble/lib /usr/bin/cmake --install /root/ros_ws/src/Rescue_Car_ws/build/sensor_msgs
[0.752s] -- Install configuration: ""
[0.752s] -- Up-to-date: /root/ros_ws/src/Rescue_Car_ws/install/sensor_msgs/share/ament_index/resource_index/rosidl_interfaces/sensor_msgs
[0.753s] -- Up-to-date: /root/ros_ws/src/Rescue_Car_ws/install/sensor_msgs/include/sensor_msgs/sensor_msgs
[0.753s] -- Up-to-date: /root/ros_ws/src/Rescue_Car_ws/install/sensor_msgs/include/sensor_msgs/sensor_msgs/srv
[0.753s] -- Up-to-date: /root/ros_ws/src/Rescue_Car_ws/install/sensor_msgs/include/sensor_msgs/sensor_msgs/srv/set_camera_info.h
[0.753s] -- Up-to-date: /root/ros_ws/src/Rescue_Car_ws/install/sensor_msgs/include/sensor_msgs/sensor_msgs/srv/detail
[0.754s] -- Up-to-date: /root/ros_ws/src/Rescue_Car_ws/install/sensor_msgs/include/sensor_msgs/sensor_msgs/srv/detail/set_camera_info__functions.h
[0.754s] -- Up-to-date: /root/ros_ws/src/Rescue_Car_ws/install/sensor_msgs/include/sensor_msgs/sensor_msgs/srv/detail/set_camera_info__type_support.h
[0.754s] -- Up-to-date: /root/ros_ws/src/Rescue_Car_ws/install/sensor_msgs/include/sensor_msgs/sensor_msgs/srv/detail/set_camera_info__functions.c
[0.754s] -- Up-to-date: /root/ros_ws/src/Rescue_Car_ws/install/sensor_msgs/include/sensor_msgs/sensor_msgs/srv/detail/set_camera_info__struct.h
[0.755s] -- Up-to-date: /root/ros_ws/src/Rescue_Car_ws/install/sensor_msgs/include/sensor_msgs/sensor_msgs/msg
[0.755s] -- Up-to-date: /root/ros_ws/src/Rescue_Car_ws/install/sensor_msgs/include/sensor_msgs/sensor_msgs/msg/point_field.h
[0.756s] -- Up-to-date: /root/ros_ws/src/Rescue_Car_ws/install/sensor_msgs/include/sensor_msgs/sensor_msgs/msg/multi_dof_joint_state.h
[0.756s] -- Up-to-date: /root/ros_ws/src/Rescue_Car_ws/install/sensor_msgs/include/sensor_msgs/sensor_msgs/msg/camera_info.h
[0.756s] -- Up-to-date: /root/ros_ws/src/Rescue_Car_ws/install/sensor_msgs/include/sensor_msgs/sensor_msgs/msg/point_cloud.h
[0.757s] -- Up-to-date: /root/ros_ws/src/Rescue_Car_ws/install/sensor_msgs/include/sensor_msgs/sensor_msgs/msg/range.h
[0.757s] -- Up-to-date: /root/ros_ws/src/Rescue_Car_ws/install/sensor_msgs/include/sensor_msgs/sensor_msgs/msg/laser_echo.h
[0.757s] -- Up-to-date: /root/ros_ws/src/Rescue_Car_ws/install/sensor_msgs/include/sensor_msgs/sensor_msgs/msg/illuminance.h
[0.757s] -- Up-to-date: /root/ros_ws/src/Rescue_Car_ws/install/sensor_msgs/include/sensor_msgs/sensor_msgs/msg/multi_echo_laser_scan.h
[0.757s] -- Up-to-date: /root/ros_ws/src/Rescue_Car_ws/install/sensor_msgs/include/sensor_msgs/sensor_msgs/msg/magnetic_field.h
[0.758s] -- Up-to-date: /root/ros_ws/src/Rescue_Car_ws/install/sensor_msgs/include/sensor_msgs/sensor_msgs/msg/temperature.h
[0.758s] -- Up-to-date: /root/ros_ws/src/Rescue_Car_ws/install/sensor_msgs/include/sensor_msgs/sensor_msgs/msg/battery_state.h
[0.758s] -- Up-to-date: /root/ros_ws/src/Rescue_Car_ws/install/sensor_msgs/include/sensor_msgs/sensor_msgs/msg/fluid_pressure.h
[0.758s] -- Up-to-date: /root/ros_ws/src/Rescue_Car_ws/install/sensor_msgs/include/sensor_msgs/sensor_msgs/msg/detail
[0.758s] -- Up-to-date: /root/ros_ws/src/Rescue_Car_ws/install/sensor_msgs/include/sensor_msgs/sensor_msgs/msg/detail/multi_dof_joint_state__type_support.h
[0.759s] -- Up-to-date: /root/ros_ws/src/Rescue_Car_ws/install/sensor_msgs/include/sensor_msgs/sensor_msgs/msg/detail/fluid_pressure__struct.h
[0.759s] -- Up-to-date: /root/ros_ws/src/Rescue_Car_ws/install/sensor_msgs/include/sensor_msgs/sensor_msgs/msg/detail/battery_state__functions.h
[0.759s] -- Up-to-date: /root/ros_ws/src/Rescue_Car_ws/install/sensor_msgs/include/sensor_msgs/sensor_msgs/msg/detail/point_field__functions.h
[0.759s] -- Up-to-date: /root/ros_ws/src/Rescue_Car_ws/install/sensor_msgs/include/sensor_msgs/sensor_msgs/msg/detail/channel_float32__type_support.h
[0.759s] -- Up-to-date: /root/ros_ws/src/Rescue_Car_ws/install/sensor_msgs/include/sensor_msgs/sensor_msgs/msg/detail/multi_dof_joint_state__functions.h
[0.760s] -- Up-to-date: /root/ros_ws/src/Rescue_Car_ws/install/sensor_msgs/include/sensor_msgs/sensor_msgs/msg/detail/nav_sat_fix__functions.h
[0.760s] -- Up-to-date: /root/ros_ws/src/Rescue_Car_ws/install/sensor_msgs/include/sensor_msgs/sensor_msgs/msg/detail/illuminance__type_support.h
[0.760s] -- Up-to-date: /root/ros_ws/src/Rescue_Car_ws/install/sensor_msgs/include/sensor_msgs/sensor_msgs/msg/detail/fluid_pressure__functions.c
[0.760s] -- Up-to-date: /root/ros_ws/src/Rescue_Car_ws/install/sensor_msgs/include/sensor_msgs/sensor_msgs/msg/detail/point_field__type_support.h
[0.761s] -- Up-to-date: /root/ros_ws/src/Rescue_Car_ws/install/sensor_msgs/include/sensor_msgs/sensor_msgs/msg/detail/joy__functions.c
[0.761s] -- Up-to-date: /root/ros_ws/src/Rescue_Car_ws/install/sensor_msgs/include/sensor_msgs/sensor_msgs/msg/detail/laser_echo__functions.h
[0.762s] -- Up-to-date: /root/ros_ws/src/Rescue_Car_ws/install/sensor_msgs/include/sensor_msgs/sensor_msgs/msg/detail/point_cloud__struct.h
[0.762s] -- Up-to-date: /root/ros_ws/src/Rescue_Car_ws/install/sensor_msgs/include/sensor_msgs/sensor_msgs/msg/detail/point_cloud2__functions.h
[0.762s] -- Up-to-date: /root/ros_ws/src/Rescue_Car_ws/install/sensor_msgs/include/sensor_msgs/sensor_msgs/msg/detail/time_reference__functions.c
[0.762s] -- Up-to-date: /root/ros_ws/src/Rescue_Car_ws/install/sensor_msgs/include/sensor_msgs/sensor_msgs/msg/detail/temperature__type_support.h
[0.763s] -- Up-to-date: /root/ros_ws/src/Rescue_Car_ws/install/sensor_msgs/include/sensor_msgs/sensor_msgs/msg/detail/relative_humidity__functions.c
[0.763s] -- Up-to-date: /root/ros_ws/src/Rescue_Car_ws/install/sensor_msgs/include/sensor_msgs/sensor_msgs/msg/detail/image__functions.h
[0.763s] -- Up-to-date: /root/ros_ws/src/Rescue_Car_ws/install/sensor_msgs/include/sensor_msgs/sensor_msgs/msg/detail/joint_state__struct.h
[0.763s] -- Up-to-date: /root/ros_ws/src/Rescue_Car_ws/install/sensor_msgs/include/sensor_msgs/sensor_msgs/msg/detail/image__functions.c
[0.764s] -- Up-to-date: /root/ros_ws/src/Rescue_Car_ws/install/sensor_msgs/include/sensor_msgs/sensor_msgs/msg/detail/time_reference__struct.h
[0.764s] -- Up-to-date: /root/ros_ws/src/Rescue_Car_ws/install/sensor_msgs/include/sensor_msgs/sensor_msgs/msg/detail/nav_sat_fix__struct.h
[0.765s] -- Up-to-date: /root/ros_ws/src/Rescue_Car_ws/install/sensor_msgs/include/sensor_msgs/sensor_msgs/msg/detail/joy__struct.h
[0.765s] -- Up-to-date: /root/ros_ws/src/Rescue_Car_ws/install/sensor_msgs/include/sensor_msgs/sensor_msgs/msg/detail/multi_echo_laser_scan__struct.h
[0.766s] -- Up-to-date: /root/ros_ws/src/Rescue_Car_ws/install/sensor_msgs/include/sensor_msgs/sensor_msgs/msg/detail/multi_dof_joint_state__functions.c
[0.766s] -- Up-to-date: /root/ros_ws/src/Rescue_Car_ws/install/sensor_msgs/include/sensor_msgs/sensor_msgs/msg/detail/compressed_image__type_support.h
[0.766s] -- Up-to-date: /root/ros_ws/src/Rescue_Car_ws/install/sensor_msgs/include/sensor_msgs/sensor_msgs/msg/detail/joy__type_support.h
[0.767s] -- Up-to-date: /root/ros_ws/src/Rescue_Car_ws/install/sensor_msgs/include/sensor_msgs/sensor_msgs/msg/detail/joy_feedback__functions.h
[0.767s] -- Up-to-date: /root/ros_ws/src/Rescue_Car_ws/install/sensor_msgs/include/sensor_msgs/sensor_msgs/msg/detail/point_cloud2__type_support.h
[0.767s] -- Up-to-date: /root/ros_ws/src/Rescue_Car_ws/install/sensor_msgs/include/sensor_msgs/sensor_msgs/msg/detail/compressed_image__struct.h
[0.768s] -- Up-to-date: /root/ros_ws/src/Rescue_Car_ws/install/sensor_msgs/include/sensor_msgs/sensor_msgs/msg/detail/time_reference__functions.h
[0.768s] -- Up-to-date: /root/ros_ws/src/Rescue_Car_ws/install/sensor_msgs/include/sensor_msgs/sensor_msgs/msg/detail/point_field__functions.c
[0.768s] -- Up-to-date: /root/ros_ws/src/Rescue_Car_ws/install/sensor_msgs/include/sensor_msgs/sensor_msgs/msg/detail/joy_feedback_array__functions.c
[0.769s] -- Up-to-date: /root/ros_ws/src/Rescue_Car_ws/install/sensor_msgs/include/sensor_msgs/sensor_msgs/msg/detail/battery_state__type_support.h
[0.769s] -- Up-to-date: /root/ros_ws/src/Rescue_Car_ws/install/sensor_msgs/include/sensor_msgs/sensor_msgs/msg/detail/multi_echo_laser_scan__type_support.h
[0.769s] -- Up-to-date: /root/ros_ws/src/Rescue_Car_ws/install/sensor_msgs/include/sensor_msgs/sensor_msgs/msg/detail/joint_state__functions.h
[0.769s] -- Up-to-date: /root/ros_ws/src/Rescue_Car_ws/install/sensor_msgs/include/sensor_msgs/sensor_msgs/msg/detail/imu__struct.h
[0.769s] -- Up-to-date: /root/ros_ws/src/Rescue_Car_ws/install/sensor_msgs/include/sensor_msgs/sensor_msgs/msg/detail/point_field__struct.h
[0.770s] -- Up-to-date: /root/ros_ws/src/Rescue_Car_ws/install/sensor_msgs/include/sensor_msgs/sensor_msgs/msg/detail/compressed_image__functions.h
[0.770s] -- Up-to-date: /root/ros_ws/src/Rescue_Car_ws/install/sensor_msgs/include/sensor_msgs/sensor_msgs/msg/detail/point_cloud__type_support.h
[0.770s] -- Up-to-date: /root/ros_ws/src/Rescue_Car_ws/install/sensor_msgs/include/sensor_msgs/sensor_msgs/msg/detail/image__type_support.h
[0.771s] -- Up-to-date: /root/ros_ws/src/Rescue_Car_ws/install/sensor_msgs/include/sensor_msgs/sensor_msgs/msg/detail/camera_info__functions.c
[0.771s] -- Up-to-date: /root/ros_ws/src/Rescue_Car_ws/install/sensor_msgs/include/sensor_msgs/sensor_msgs/msg/detail/joy_feedback__struct.h
[0.771s] -- Up-to-date: /root/ros_ws/src/Rescue_Car_ws/install/sensor_msgs/include/sensor_msgs/sensor_msgs/msg/detail/relative_humidity__struct.h
[0.772s] -- Up-to-date: /root/ros_ws/src/Rescue_Car_ws/install/sensor_msgs/include/sensor_msgs/sensor_msgs/msg/detail/nav_sat_status__functions.c
[0.772s] -- Up-to-date: /root/ros_ws/src/Rescue_Car_ws/install/sensor_msgs/include/sensor_msgs/sensor_msgs/msg/detail/laser_echo__struct.h
[0.772s] -- Up-to-date: /root/ros_ws/src/Rescue_Car_ws/install/sensor_msgs/include/sensor_msgs/sensor_msgs/msg/detail/fluid_pressure__type_support.h
[0.772s] -- Up-to-date: /root/ros_ws/src/Rescue_Car_ws/install/sensor_msgs/include/sensor_msgs/sensor_msgs/msg/detail/nav_sat_status__struct.h
[0.772s] -- Up-to-date: /root/ros_ws/src/Rescue_Car_ws/install/sensor_msgs/include/sensor_msgs/sensor_msgs/msg/detail/nav_sat_fix__type_support.h
[0.773s] -- Up-to-date: /root/ros_ws/src/Rescue_Car_ws/install/sensor_msgs/include/sensor_msgs/sensor_msgs/msg/detail/imu__functions.c
[0.773s] -- Up-to-date: /root/ros_ws/src/Rescue_Car_ws/install/sensor_msgs/include/sensor_msgs/sensor_msgs/msg/detail/point_cloud__functions.h
[0.774s] -- Up-to-date: /root/ros_ws/src/Rescue_Car_ws/install/sensor_msgs/include/sensor_msgs/sensor_msgs/msg/detail/joy_feedback_array__type_support.h
[0.775s] -- Up-to-date: /root/ros_ws/src/Rescue_Car_ws/install/sensor_msgs/include/sensor_msgs/sensor_msgs/msg/detail/magnetic_field__functions.h
[0.775s] -- Up-to-date: /root/ros_ws/src/Rescue_Car_ws/install/sensor_msgs/include/sensor_msgs/sensor_msgs/msg/detail/point_cloud__functions.c
[0.775s] -- Up-to-date: /root/ros_ws/src/Rescue_Car_ws/install/sensor_msgs/include/sensor_msgs/sensor_msgs/msg/detail/region_of_interest__functions.h
[0.776s] -- Up-to-date: /root/ros_ws/src/Rescue_Car_ws/install/sensor_msgs/include/sensor_msgs/sensor_msgs/msg/detail/laser_scan__type_support.h
[0.776s] -- Up-to-date: /root/ros_ws/src/Rescue_Car_ws/install/sensor_msgs/include/sensor_msgs/sensor_msgs/msg/detail/relative_humidity__type_support.h
[0.776s] -- Up-to-date: /root/ros_ws/src/Rescue_Car_ws/install/sensor_msgs/include/sensor_msgs/sensor_msgs/msg/detail/laser_scan__struct.h
[0.776s] -- Up-to-date: /root/ros_ws/src/Rescue_Car_ws/install/sensor_msgs/include/sensor_msgs/sensor_msgs/msg/detail/point_cloud2__functions.c
[0.776s] -- Up-to-date: /root/ros_ws/src/Rescue_Car_ws/install/sensor_msgs/include/sensor_msgs/sensor_msgs/msg/detail/range__functions.c
[0.776s] -- Up-to-date: /root/ros_ws/src/Rescue_Car_ws/install/sensor_msgs/include/sensor_msgs/sensor_msgs/msg/detail/joy_feedback__functions.c
[0.777s] -- Up-to-date: /root/ros_ws/src/Rescue_Car_ws/install/sensor_msgs/include/sensor_msgs/sensor_msgs/msg/detail/range__type_support.h
[0.777s] -- Up-to-date: /root/ros_ws/src/Rescue_Car_ws/install/sensor_msgs/include/sensor_msgs/sensor_msgs/msg/detail/illuminance__functions.h
[0.777s] -- Up-to-date: /root/ros_ws/src/Rescue_Car_ws/install/sensor_msgs/include/sensor_msgs/sensor_msgs/msg/detail/nav_sat_fix__functions.c
[0.777s] -- Up-to-date: /root/ros_ws/src/Rescue_Car_ws/install/sensor_msgs/include/sensor_msgs/sensor_msgs/msg/detail/image__struct.h
[0.778s] -- Up-to-date: /root/ros_ws/src/Rescue_Car_ws/install/sensor_msgs/include/sensor_msgs/sensor_msgs/msg/detail/channel_float32__functions.c
[0.779s] -- Up-to-date: /root/ros_ws/src/Rescue_Car_ws/install/sensor_msgs/include/sensor_msgs/sensor_msgs/msg/detail/relative_humidity__functions.h
[0.779s] -- Up-to-date: /root/ros_ws/src/Rescue_Car_ws/install/sensor_msgs/include/sensor_msgs/sensor_msgs/msg/detail/imu__type_support.h
[0.779s] -- Up-to-date: /root/ros_ws/src/Rescue_Car_ws/install/sensor_msgs/include/sensor_msgs/sensor_msgs/msg/detail/temperature__functions.h
[0.780s] -- Up-to-date: /root/ros_ws/src/Rescue_Car_ws/install/sensor_msgs/include/sensor_msgs/sensor_msgs/msg/detail/multi_echo_laser_scan__functions.h
[0.780s] -- Up-to-date: /root/ros_ws/src/Rescue_Car_ws/install/sensor_msgs/include/sensor_msgs/sensor_msgs/msg/detail/laser_scan__functions.h
[0.780s] -- Up-to-date: /root/ros_ws/src/Rescue_Car_ws/install/sensor_msgs/include/sensor_msgs/sensor_msgs/msg/detail/multi_dof_joint_state__struct.h
[0.780s] -- Up-to-date: /root/ros_ws/src/Rescue_Car_ws/install/sensor_msgs/include/sensor_msgs/sensor_msgs/msg/detail/range__struct.h
[0.781s] -- Up-to-date: /root/ros_ws/src/Rescue_Car_ws/install/sensor_msgs/include/sensor_msgs/sensor_msgs/msg/detail/joy_feedback__type_support.h
[0.781s] -- Up-to-date: /root/ros_ws/src/Rescue_Car_ws/install/sensor_msgs/include/sensor_msgs/sensor_msgs/msg/detail/nav_sat_status__functions.h
[0.781s] -- Up-to-date: /root/ros_ws/src/Rescue_Car_ws/install/sensor_msgs/include/sensor_msgs/sensor_msgs/msg/detail/battery_state__struct.h
[0.781s] -- Up-to-date: /root/ros_ws/src/Rescue_Car_ws/install/sensor_msgs/include/sensor_msgs/sensor_msgs/msg/detail/region_of_interest__struct.h
[0.781s] -- Up-to-date: /root/ros_ws/src/Rescue_Car_ws/install/sensor_msgs/include/sensor_msgs/sensor_msgs/msg/detail/magnetic_field__struct.h
[0.781s] -- Up-to-date: /root/ros_ws/src/Rescue_Car_ws/install/sensor_msgs/include/sensor_msgs/sensor_msgs/msg/detail/temperature__struct.h
[0.781s] -- Up-to-date: /root/ros_ws/src/Rescue_Car_ws/install/sensor_msgs/include/sensor_msgs/sensor_msgs/msg/detail/compressed_image__functions.c
[0.782s] -- Up-to-date: /root/ros_ws/src/Rescue_Car_ws/install/sensor_msgs/include/sensor_msgs/sensor_msgs/msg/detail/joy__functions.h
[0.782s] -- Up-to-date: /root/ros_ws/src/Rescue_Car_ws/install/sensor_msgs/include/sensor_msgs/sensor_msgs/msg/detail/laser_scan__functions.c
[0.782s] -- Up-to-date: /root/ros_ws/src/Rescue_Car_ws/install/sensor_msgs/include/sensor_msgs/sensor_msgs/msg/detail/region_of_interest__type_support.h
[0.782s] -- Up-to-date: /root/ros_ws/src/Rescue_Car_ws/install/sensor_msgs/include/sensor_msgs/sensor_msgs/msg/detail/laser_echo__functions.c
[0.782s] -- Up-to-date: /root/ros_ws/src/Rescue_Car_ws/install/sensor_msgs/include/sensor_msgs/sensor_msgs/msg/detail/illuminance__struct.h
[0.783s] -- Up-to-date: /root/ros_ws/src/Rescue_Car_ws/install/sensor_msgs/include/sensor_msgs/sensor_msgs/msg/detail/magnetic_field__type_support.h
[0.783s] -- Up-to-date: /root/ros_ws/src/Rescue_Car_ws/install/sensor_msgs/include/sensor_msgs/sensor_msgs/msg/detail/imu__functions.h
[0.783s] -- Up-to-date: /root/ros_ws/src/Rescue_Car_ws/install/sensor_msgs/include/sensor_msgs/sensor_msgs/msg/detail/laser_echo__type_support.h
[0.783s] -- Up-to-date: /root/ros_ws/src/Rescue_Car_ws/install/sensor_msgs/include/sensor_msgs/sensor_msgs/msg/detail/temperature__functions.c
[0.784s] -- Up-to-date: /root/ros_ws/src/Rescue_Car_ws/install/sensor_msgs/include/sensor_msgs/sensor_msgs/msg/detail/joy_feedback_array__struct.h
[0.784s] -- Up-to-date: /root/ros_ws/src/Rescue_Car_ws/install/sensor_msgs/include/sensor_msgs/sensor_msgs/msg/detail/illuminance__functions.c
[0.784s] -- Up-to-date: /root/ros_ws/src/Rescue_Car_ws/install/sensor_msgs/include/sensor_msgs/sensor_msgs/msg/detail/magnetic_field__functions.c
[0.784s] -- Up-to-date: /root/ros_ws/src/Rescue_Car_ws/install/sensor_msgs/include/sensor_msgs/sensor_msgs/msg/detail/channel_float32__struct.h
[0.784s] -- Up-to-date: /root/ros_ws/src/Rescue_Car_ws/install/sensor_msgs/include/sensor_msgs/sensor_msgs/msg/detail/range__functions.h
[0.784s] -- Up-to-date: /root/ros_ws/src/Rescue_Car_ws/install/sensor_msgs/include/sensor_msgs/sensor_msgs/msg/detail/channel_float32__functions.h
[0.784s] -- Up-to-date: /root/ros_ws/src/Rescue_Car_ws/install/sensor_msgs/include/sensor_msgs/sensor_msgs/msg/detail/fluid_pressure__functions.h
[0.784s] -- Up-to-date: /root/ros_ws/src/Rescue_Car_ws/install/sensor_msgs/include/sensor_msgs/sensor_msgs/msg/detail/joint_state__functions.c
[0.784s] -- Up-to-date: /root/ros_ws/src/Rescue_Car_ws/install/sensor_msgs/include/sensor_msgs/sensor_msgs/msg/detail/joy_feedback_array__functions.h
[0.785s] -- Up-to-date: /root/ros_ws/src/Rescue_Car_ws/install/sensor_msgs/include/sensor_msgs/sensor_msgs/msg/detail/point_cloud2__struct.h
[0.785s] -- Up-to-date: /root/ros_ws/src/Rescue_Car_ws/install/sensor_msgs/include/sensor_msgs/sensor_msgs/msg/detail/multi_echo_laser_scan__functions.c
[0.785s] -- Up-to-date: /root/ros_ws/src/Rescue_Car_ws/install/sensor_msgs/include/sensor_msgs/sensor_msgs/msg/detail/battery_state__functions.c
[0.785s] -- Up-to-date: /root/ros_ws/src/Rescue_Car_ws/install/sensor_msgs/include/sensor_msgs/sensor_msgs/msg/detail/region_of_interest__functions.c
[0.785s] -- Up-to-date: /root/ros_ws/src/Rescue_Car_ws/install/sensor_msgs/include/sensor_msgs/sensor_msgs/msg/detail/nav_sat_status__type_support.h
[0.785s] -- Up-to-date: /root/ros_ws/src/Rescue_Car_ws/install/sensor_msgs/include/sensor_msgs/sensor_msgs/msg/detail/camera_info__functions.h
[0.785s] -- Up-to-date: /root/ros_ws/src/Rescue_Car_ws/install/sensor_msgs/include/sensor_msgs/sensor_msgs/msg/detail/joint_state__type_support.h
[0.785s] -- Up-to-date: /root/ros_ws/src/Rescue_Car_ws/install/sensor_msgs/include/sensor_msgs/sensor_msgs/msg/detail/camera_info__struct.h
[0.785s] -- Up-to-date: /root/ros_ws/src/Rescue_Car_ws/install/sensor_msgs/include/sensor_msgs/sensor_msgs/msg/detail/time_reference__type_support.h
[0.785s] -- Up-to-date: /root/ros_ws/src/Rescue_Car_ws/install/sensor_msgs/include/sensor_msgs/sensor_msgs/msg/detail/camera_info__type_support.h
[0.786s] -- Up-to-date: /root/ros_ws/src/Rescue_Car_ws/install/sensor_msgs/include/sensor_msgs/sensor_msgs/msg/laser_scan.h
[0.786s] -- Up-to-date: /root/ros_ws/src/Rescue_Car_ws/install/sensor_msgs/include/sensor_msgs/sensor_msgs/msg/joint_state.h
[0.786s] -- Up-to-date: /root/ros_ws/src/Rescue_Car_ws/install/sensor_msgs/include/sensor_msgs/sensor_msgs/msg/joy.h
[0.786s] -- Up-to-date: /root/ros_ws/src/Rescue_Car_ws/install/sensor_msgs/include/sensor_msgs/sensor_msgs/msg/imu.h
[0.786s] -- Up-to-date: /root/ros_ws/src/Rescue_Car_ws/install/sensor_msgs/include/sensor_msgs/sensor_msgs/msg/time_reference.h
[0.787s] -- Up-to-date: /root/ros_ws/src/Rescue_Car_ws/install/sensor_msgs/include/sensor_msgs/sensor_msgs/msg/nav_sat_status.h
[0.787s] -- Up-to-date: /root/ros_ws/src/Rescue_Car_ws/install/sensor_msgs/include/sensor_msgs/sensor_msgs/msg/channel_float32.h
[0.787s] -- Up-to-date: /root/ros_ws/src/Rescue_Car_ws/install/sensor_msgs/include/sensor_msgs/sensor_msgs/msg/region_of_interest.h
[0.787s] -- Up-to-date: /root/ros_ws/src/Rescue_Car_ws/install/sensor_msgs/include/sensor_msgs/sensor_msgs/msg/nav_sat_fix.h
[0.787s] -- Up-to-date: /root/ros_ws/src/Rescue_Car_ws/install/sensor_msgs/include/sensor_msgs/sensor_msgs/msg/rosidl_generator_c__visibility_control.h
[0.787s] -- Up-to-date: /root/ros_ws/src/Rescue_Car_ws/install/sensor_msgs/include/sensor_msgs/sensor_msgs/msg/joy_feedback_array.h
[0.787s] -- Up-to-date: /root/ros_ws/src/Rescue_Car_ws/install/sensor_msgs/include/sensor_msgs/sensor_msgs/msg/compressed_image.h
[0.787s] -- Up-to-date: /root/ros_ws/src/Rescue_Car_ws/install/sensor_msgs/include/sensor_msgs/sensor_msgs/msg/point_cloud2.h
[0.788s] -- Up-to-date: /root/ros_ws/src/Rescue_Car_ws/install/sensor_msgs/include/sensor_msgs/sensor_msgs/msg/relative_humidity.h
[0.788s] -- Up-to-date: /root/ros_ws/src/Rescue_Car_ws/install/sensor_msgs/include/sensor_msgs/sensor_msgs/msg/joy_feedback.h
[0.788s] -- Up-to-date: /root/ros_ws/src/Rescue_Car_ws/install/sensor_msgs/include/sensor_msgs/sensor_msgs/msg/image.h
[0.788s] -- Up-to-date: /root/ros_ws/src/Rescue_Car_ws/install/sensor_msgs/share/sensor_msgs/environment/library_path.sh
[0.789s] -- Up-to-date: /root/ros_ws/src/Rescue_Car_ws/install/sensor_msgs/share/sensor_msgs/environment/library_path.dsv
[0.789s] -- Up-to-date: /root/ros_ws/src/Rescue_Car_ws/install/sensor_msgs/lib/libsensor_msgs__rosidl_generator_c.so
[0.789s] -- Up-to-date: /root/ros_ws/src/Rescue_Car_ws/install/sensor_msgs/include/sensor_msgs/sensor_msgs
[0.789s] -- Up-to-date: /root/ros_ws/src/Rescue_Car_ws/install/sensor_msgs/include/sensor_msgs/sensor_msgs/srv
[0.790s] -- Up-to-date: /root/ros_ws/src/Rescue_Car_ws/install/sensor_msgs/include/sensor_msgs/sensor_msgs/srv/detail
[0.790s] -- Up-to-date: /root/ros_ws/src/Rescue_Car_ws/install/sensor_msgs/include/sensor_msgs/sensor_msgs/srv/detail/set_camera_info__rosidl_typesupport_fastrtps_c.h
[0.790s] -- Up-to-date: /root/ros_ws/src/Rescue_Car_ws/install/sensor_msgs/include/sensor_msgs/sensor_msgs/msg
[0.790s] -- Up-to-date: /root/ros_ws/src/Rescue_Car_ws/install/sensor_msgs/include/sensor_msgs/sensor_msgs/msg/detail
[0.790s] -- Up-to-date: /root/ros_ws/src/Rescue_Car_ws/install/sensor_msgs/include/sensor_msgs/sensor_msgs/msg/detail/point_cloud__rosidl_typesupport_fastrtps_c.h
[0.791s] -- Up-to-date: /root/ros_ws/src/Rescue_Car_ws/install/sensor_msgs/include/sensor_msgs/sensor_msgs/msg/detail/fluid_pressure__rosidl_typesupport_fastrtps_c.h
[0.791s] -- Up-to-date: /root/ros_ws/src/Rescue_Car_ws/install/sensor_msgs/include/sensor_msgs/sensor_msgs/msg/detail/joy_feedback_array__rosidl_typesupport_fastrtps_c.h
[0.791s] -- Up-to-date: /root/ros_ws/src/Rescue_Car_ws/install/sensor_msgs/include/sensor_msgs/sensor_msgs/msg/detail/time_reference__rosidl_typesupport_fastrtps_c.h
[0.792s] -- Up-to-date: /root/ros_ws/src/Rescue_Car_ws/install/sensor_msgs/include/sensor_msgs/sensor_msgs/msg/detail/temperature__rosidl_typesupport_fastrtps_c.h
[0.793s] -- Up-to-date: /root/ros_ws/src/Rescue_Car_ws/install/sensor_msgs/include/sensor_msgs/sensor_msgs/msg/detail/battery_state__rosidl_typesupport_fastrtps_c.h
[0.793s] -- Up-to-date: /root/ros_ws/src/Rescue_Car_ws/install/sensor_msgs/include/sensor_msgs/sensor_msgs/msg/detail/illuminance__rosidl_typesupport_fastrtps_c.h
[0.793s] -- Up-to-date: /root/ros_ws/src/Rescue_Car_ws/install/sensor_msgs/include/sensor_msgs/sensor_msgs/msg/detail/range__rosidl_typesupport_fastrtps_c.h
[0.793s] -- Up-to-date: /root/ros_ws/src/Rescue_Car_ws/install/sensor_msgs/include/sensor_msgs/sensor_msgs/msg/detail/point_cloud2__rosidl_typesupport_fastrtps_c.h
[0.794s] -- Up-to-date: /root/ros_ws/src/Rescue_Car_ws/install/sensor_msgs/include/sensor_msgs/sensor_msgs/msg/detail/imu__rosidl_typesupport_fastrtps_c.h
[0.794s] -- Up-to-date: /root/ros_ws/src/Rescue_Car_ws/install/sensor_msgs/include/sensor_msgs/sensor_msgs/msg/detail/joint_state__rosidl_typesupport_fastrtps_c.h
[0.794s] -- Up-to-date: /root/ros_ws/src/Rescue_Car_ws/install/sensor_msgs/include/sensor_msgs/sensor_msgs/msg/detail/magnetic_field__rosidl_typesupport_fastrtps_c.h
[0.794s] -- Up-to-date: /root/ros_ws/src/Rescue_Car_ws/install/sensor_msgs/include/sensor_msgs/sensor_msgs/msg/detail/channel_float32__rosidl_typesupport_fastrtps_c.h
[0.794s] -- Up-to-date: /root/ros_ws/src/Rescue_Car_ws/install/sensor_msgs/include/sensor_msgs/sensor_msgs/msg/detail/point_field__rosidl_typesupport_fastrtps_c.h
[0.794s] -- Up-to-date: /root/ros_ws/src/Rescue_Car_ws/install/sensor_msgs/include/sensor_msgs/sensor_msgs/msg/detail/multi_dof_joint_state__rosidl_typesupport_fastrtps_c.h
[0.794s] -- Up-to-date: /root/ros_ws/src/Rescue_Car_ws/install/sensor_msgs/include/sensor_msgs/sensor_msgs/msg/detail/joy_feedback__rosidl_typesupport_fastrtps_c.h
[0.794s] -- Up-to-date: /root/ros_ws/src/Rescue_Car_ws/install/sensor_msgs/include/sensor_msgs/sensor_msgs/msg/detail/nav_sat_status__rosidl_typesupport_fastrtps_c.h
[0.795s] -- Up-to-date: /root/ros_ws/src/Rescue_Car_ws/install/sensor_msgs/include/sensor_msgs/sensor_msgs/msg/detail/camera_info__rosidl_typesupport_fastrtps_c.h
[0.795s] -- Up-to-date: /root/ros_ws/src/Rescue_Car_ws/install/sensor_msgs/include/sensor_msgs/sensor_msgs/msg/detail/laser_echo__rosidl_typesupport_fastrtps_c.h
[0.795s] -- Up-to-date: /root/ros_ws/src/Rescue_Car_ws/install/sensor_msgs/include/sensor_msgs/sensor_msgs/msg/detail/nav_sat_fix__rosidl_typesupport_fastrtps_c.h
[0.795s] -- Up-to-date: /root/ros_ws/src/Rescue_Car_ws/install/sensor_msgs/include/sensor_msgs/sensor_msgs/msg/detail/image__rosidl_typesupport_fastrtps_c.h
[0.796s] -- Up-to-date: /root/ros_ws/src/Rescue_Car_ws/install/sensor_msgs/include/sensor_msgs/sensor_msgs/msg/detail/joy__rosidl_typesupport_fastrtps_c.h
[0.796s] -- Up-to-date: /root/ros_ws/src/Rescue_Car_ws/install/sensor_msgs/include/sensor_msgs/sensor_msgs/msg/detail/compressed_image__rosidl_typesupport_fastrtps_c.h
[0.796s] -- Up-to-date: /root/ros_ws/src/Rescue_Car_ws/install/sensor_msgs/include/sensor_msgs/sensor_msgs/msg/detail/laser_scan__rosidl_typesupport_fastrtps_c.h
[0.796s] -- Up-to-date: /root/ros_ws/src/Rescue_Car_ws/install/sensor_msgs/include/sensor_msgs/sensor_msgs/msg/detail/relative_humidity__rosidl_typesupport_fastrtps_c.h
[0.796s] -- Up-to-date: /root/ros_ws/src/Rescue_Car_ws/install/sensor_msgs/include/sensor_msgs/sensor_msgs/msg/detail/region_of_interest__rosidl_typesupport_fastrtps_c.h
[0.796s] -- Up-to-date: /root/ros_ws/src/Rescue_Car_ws/install/sensor_msgs/include/sensor_msgs/sensor_msgs/msg/detail/multi_echo_laser_scan__rosidl_typesupport_fastrtps_c.h
[0.797s] -- Up-to-date: /root/ros_ws/src/Rescue_Car_ws/install/sensor_msgs/include/sensor_msgs/sensor_msgs/msg/rosidl_typesupport_fastrtps_c__visibility_control.h
[0.798s] -- Up-to-date: /root/ros_ws/src/Rescue_Car_ws/install/sensor_msgs/lib/libsensor_msgs__rosidl_typesupport_fastrtps_c.so
[0.798s] -- Up-to-date: /root/ros_ws/src/Rescue_Car_ws/install/sensor_msgs/include/sensor_msgs/sensor_msgs
[0.798s] -- Up-to-date: /root/ros_ws/src/Rescue_Car_ws/install/sensor_msgs/include/sensor_msgs/sensor_msgs/srv
[0.798s] -- Up-to-date: /root/ros_ws/src/Rescue_Car_ws/install/sensor_msgs/include/sensor_msgs/sensor_msgs/srv/detail
[0.798s] -- Up-to-date: /root/ros_ws/src/Rescue_Car_ws/install/sensor_msgs/include/sensor_msgs/sensor_msgs/srv/detail/set_camera_info__builder.hpp
[0.798s] -- Up-to-date: /root/ros_ws/src/Rescue_Car_ws/install/sensor_msgs/include/sensor_msgs/sensor_msgs/srv/detail/set_camera_info__struct.hpp
[0.798s] -- Up-to-date: /root/ros_ws/src/Rescue_Car_ws/install/sensor_msgs/include/sensor_msgs/sensor_msgs/srv/detail/set_camera_info__traits.hpp
[0.798s] -- Up-to-date: /root/ros_ws/src/Rescue_Car_ws/install/sensor_msgs/include/sensor_msgs/sensor_msgs/srv/detail/set_camera_info__type_support.hpp
[0.798s] -- Up-to-date: /root/ros_ws/src/Rescue_Car_ws/install/sensor_msgs/include/sensor_msgs/sensor_msgs/srv/set_camera_info.hpp
[0.798s] -- Up-to-date: /root/ros_ws/src/Rescue_Car_ws/install/sensor_msgs/include/sensor_msgs/sensor_msgs/msg
[0.798s] -- Up-to-date: /root/ros_ws/src/Rescue_Car_ws/install/sensor_msgs/include/sensor_msgs/sensor_msgs/msg/joy.hpp
[0.799s] -- Up-to-date: /root/ros_ws/src/Rescue_Car_ws/install/sensor_msgs/include/sensor_msgs/sensor_msgs/msg/joy_feedback.hpp
[0.799s] -- Up-to-date: /root/ros_ws/src/Rescue_Car_ws/install/sensor_msgs/include/sensor_msgs/sensor_msgs/msg/multi_dof_joint_state.hpp
[0.799s] -- Up-to-date: /root/ros_ws/src/Rescue_Car_ws/install/sensor_msgs/include/sensor_msgs/sensor_msgs/msg/range.hpp
[0.799s] -- Up-to-date: /root/ros_ws/src/Rescue_Car_ws/install/sensor_msgs/include/sensor_msgs/sensor_msgs/msg/relative_humidity.hpp
[0.799s] -- Up-to-date: /root/ros_ws/src/Rescue_Car_ws/install/sensor_msgs/include/sensor_msgs/sensor_msgs/msg/rosidl_generator_cpp__visibility_control.hpp
[0.799s] -- Up-to-date: /root/ros_ws/src/Rescue_Car_ws/install/sensor_msgs/include/sensor_msgs/sensor_msgs/msg/imu.hpp
[0.799s] -- Up-to-date: /root/ros_ws/src/Rescue_Car_ws/install/sensor_msgs/include/sensor_msgs/sensor_msgs/msg/laser_scan.hpp
[0.799s] -- Up-to-date: /root/ros_ws/src/Rescue_Car_ws/install/sensor_msgs/include/sensor_msgs/sensor_msgs/msg/image.hpp
[0.799s] -- Up-to-date: /root/ros_ws/src/Rescue_Car_ws/install/sensor_msgs/include/sensor_msgs/sensor_msgs/msg/point_cloud.hpp
[0.799s] -- Up-to-date: /root/ros_ws/src/Rescue_Car_ws/install/sensor_msgs/include/sensor_msgs/sensor_msgs/msg/camera_info.hpp
[0.800s] -- Up-to-date: /root/ros_ws/src/Rescue_Car_ws/install/sensor_msgs/include/sensor_msgs/sensor_msgs/msg/magnetic_field.hpp
[0.800s] -- Up-to-date: /root/ros_ws/src/Rescue_Car_ws/install/sensor_msgs/include/sensor_msgs/sensor_msgs/msg/region_of_interest.hpp
[0.800s] -- Up-to-date: /root/ros_ws/src/Rescue_Car_ws/install/sensor_msgs/include/sensor_msgs/sensor_msgs/msg/point_cloud2.hpp
[0.800s] -- Up-to-date: /root/ros_ws/src/Rescue_Car_ws/install/sensor_msgs/include/sensor_msgs/sensor_msgs/msg/compressed_image.hpp
[0.800s] -- Up-to-date: /root/ros_ws/src/Rescue_Car_ws/install/sensor_msgs/include/sensor_msgs/sensor_msgs/msg/time_reference.hpp
[0.800s] -- Up-to-date: /root/ros_ws/src/Rescue_Car_ws/install/sensor_msgs/include/sensor_msgs/sensor_msgs/msg/temperature.hpp
[0.800s] -- Up-to-date: /root/ros_ws/src/Rescue_Car_ws/install/sensor_msgs/include/sensor_msgs/sensor_msgs/msg/detail
[0.801s] -- Up-to-date: /root/ros_ws/src/Rescue_Car_ws/install/sensor_msgs/include/sensor_msgs/sensor_msgs/msg/detail/point_cloud2__type_support.hpp
[0.801s] -- Up-to-date: /root/ros_ws/src/Rescue_Car_ws/install/sensor_msgs/include/sensor_msgs/sensor_msgs/msg/detail/joy_feedback_array__traits.hpp
[0.801s] -- Up-to-date: /root/ros_ws/src/Rescue_Car_ws/install/sensor_msgs/include/sensor_msgs/sensor_msgs/msg/detail/multi_echo_laser_scan__builder.hpp
[0.801s] -- Up-to-date: /root/ros_ws/src/Rescue_Car_ws/install/sensor_msgs/include/sensor_msgs/sensor_msgs/msg/detail/joy__struct.hpp
[0.801s] -- Up-to-date: /root/ros_ws/src/Rescue_Car_ws/install/sensor_msgs/include/sensor_msgs/sensor_msgs/msg/detail/illuminance__builder.hpp
[0.801s] -- Up-to-date: /root/ros_ws/src/Rescue_Car_ws/install/sensor_msgs/include/sensor_msgs/sensor_msgs/msg/detail/joy_feedback__builder.hpp
[0.802s] -- Up-to-date: /root/ros_ws/src/Rescue_Car_ws/install/sensor_msgs/include/sensor_msgs/sensor_msgs/msg/detail/nav_sat_fix__struct.hpp
[0.802s] -- Up-to-date: /root/ros_ws/src/Rescue_Car_ws/install/sensor_msgs/include/sensor_msgs/sensor_msgs/msg/detail/joy_feedback_array__type_support.hpp
[0.802s] -- Up-to-date: /root/ros_ws/src/Rescue_Car_ws/install/sensor_msgs/include/sensor_msgs/sensor_msgs/msg/detail/joint_state__traits.hpp
[0.802s] -- Up-to-date: /root/ros_ws/src/Rescue_Car_ws/install/sensor_msgs/include/sensor_msgs/sensor_msgs/msg/detail/nav_sat_status__struct.hpp
[0.802s] -- Up-to-date: /root/ros_ws/src/Rescue_Car_ws/install/sensor_msgs/include/sensor_msgs/sensor_msgs/msg/detail/laser_echo__traits.hpp
[0.802s] -- Up-to-date: /root/ros_ws/src/Rescue_Car_ws/install/sensor_msgs/include/sensor_msgs/sensor_msgs/msg/detail/fluid_pressure__struct.hpp
[0.802s] -- Up-to-date: /root/ros_ws/src/Rescue_Car_ws/install/sensor_msgs/include/sensor_msgs/sensor_msgs/msg/detail/time_reference__type_support.hpp
[0.802s] -- Up-to-date: /root/ros_ws/src/Rescue_Car_ws/install/sensor_msgs/include/sensor_msgs/sensor_msgs/msg/detail/multi_echo_laser_scan__traits.hpp
[0.802s] -- Up-to-date: /root/ros_ws/src/Rescue_Car_ws/install/sensor_msgs/include/sensor_msgs/sensor_msgs/msg/detail/laser_scan__type_support.hpp
[0.802s] -- Up-to-date: /root/ros_ws/src/Rescue_Car_ws/install/sensor_msgs/include/sensor_msgs/sensor_msgs/msg/detail/camera_info__type_support.hpp
[0.803s] -- Up-to-date: /root/ros_ws/src/Rescue_Car_ws/install/sensor_msgs/include/sensor_msgs/sensor_msgs/msg/detail/range__builder.hpp
[0.803s] -- Up-to-date: /root/ros_ws/src/Rescue_Car_ws/install/sensor_msgs/include/sensor_msgs/sensor_msgs/msg/detail/camera_info__traits.hpp
[0.803s] -- Up-to-date: /root/ros_ws/src/Rescue_Car_ws/install/sensor_msgs/include/sensor_msgs/sensor_msgs/msg/detail/temperature__type_support.hpp
[0.803s] -- Up-to-date: /root/ros_ws/src/Rescue_Car_ws/install/sensor_msgs/include/sensor_msgs/sensor_msgs/msg/detail/time_reference__traits.hpp
[0.803s] -- Up-to-date: /root/ros_ws/src/Rescue_Car_ws/install/sensor_msgs/include/sensor_msgs/sensor_msgs/msg/detail/point_field__traits.hpp
[0.803s] -- Up-to-date: /root/ros_ws/src/Rescue_Car_ws/install/sensor_msgs/include/sensor_msgs/sensor_msgs/msg/detail/time_reference__builder.hpp
[0.803s] -- Up-to-date: /root/ros_ws/src/Rescue_Car_ws/install/sensor_msgs/include/sensor_msgs/sensor_msgs/msg/detail/relative_humidity__builder.hpp
[0.804s] -- Up-to-date: /root/ros_ws/src/Rescue_Car_ws/install/sensor_msgs/include/sensor_msgs/sensor_msgs/msg/detail/region_of_interest__type_support.hpp
[0.804s] -- Up-to-date: /root/ros_ws/src/Rescue_Car_ws/install/sensor_msgs/include/sensor_msgs/sensor_msgs/msg/detail/temperature__struct.hpp
[0.804s] -- Up-to-date: /root/ros_ws/src/Rescue_Car_ws/install/sensor_msgs/include/sensor_msgs/sensor_msgs/msg/detail/laser_echo__type_support.hpp
[0.804s] -- Up-to-date: /root/ros_ws/src/Rescue_Car_ws/install/sensor_msgs/include/sensor_msgs/sensor_msgs/msg/detail/channel_float32__struct.hpp
[0.804s] -- Up-to-date: /root/ros_ws/src/Rescue_Car_ws/install/sensor_msgs/include/sensor_msgs/sensor_msgs/msg/detail/relative_humidity__type_support.hpp
[0.804s] -- Up-to-date: /root/ros_ws/src/Rescue_Car_ws/install/sensor_msgs/include/sensor_msgs/sensor_msgs/msg/detail/laser_echo__struct.hpp
[0.804s] -- Up-to-date: /root/ros_ws/src/Rescue_Car_ws/install/sensor_msgs/include/sensor_msgs/sensor_msgs/msg/detail/nav_sat_fix__builder.hpp
[0.804s] -- Up-to-date: /root/ros_ws/src/Rescue_Car_ws/install/sensor_msgs/include/sensor_msgs/sensor_msgs/msg/detail/joy__type_support.hpp
[0.804s] -- Up-to-date: /root/ros_ws/src/Rescue_Car_ws/install/sensor_msgs/include/sensor_msgs/sensor_msgs/msg/detail/multi_dof_joint_state__type_support.hpp
[0.804s] -- Up-to-date: /root/ros_ws/src/Rescue_Car_ws/install/sensor_msgs/include/sensor_msgs/sensor_msgs/msg/detail/multi_echo_laser_scan__struct.hpp
[0.804s] -- Up-to-date: /root/ros_ws/src/Rescue_Car_ws/install/sensor_msgs/include/sensor_msgs/sensor_msgs/msg/detail/magnetic_field__struct.hpp
[0.805s] -- Up-to-date: /root/ros_ws/src/Rescue_Car_ws/install/sensor_msgs/include/sensor_msgs/sensor_msgs/msg/detail/multi_dof_joint_state__struct.hpp
[0.805s] -- Up-to-date: /root/ros_ws/src/Rescue_Car_ws/install/sensor_msgs/include/sensor_msgs/sensor_msgs/msg/detail/imu__struct.hpp
[0.805s] -- Up-to-date: /root/ros_ws/src/Rescue_Car_ws/install/sensor_msgs/include/sensor_msgs/sensor_msgs/msg/detail/region_of_interest__builder.hpp
[0.805s] -- Up-to-date: /root/ros_ws/src/Rescue_Car_ws/install/sensor_msgs/include/sensor_msgs/sensor_msgs/msg/detail/battery_state__builder.hpp
[0.805s] -- Up-to-date: /root/ros_ws/src/Rescue_Car_ws/install/sensor_msgs/include/sensor_msgs/sensor_msgs/msg/detail/compressed_image__traits.hpp
[0.805s] -- Up-to-date: /root/ros_ws/src/Rescue_Car_ws/install/sensor_msgs/include/sensor_msgs/sensor_msgs/msg/detail/range__struct.hpp
[0.805s] -- Up-to-date: /root/ros_ws/src/Rescue_Car_ws/install/sensor_msgs/include/sensor_msgs/sensor_msgs/msg/detail/laser_echo__builder.hpp
[0.805s] -- Up-to-date: /root/ros_ws/src/Rescue_Car_ws/install/sensor_msgs/include/sensor_msgs/sensor_msgs/msg/detail/fluid_pressure__builder.hpp
[0.805s] -- Up-to-date: /root/ros_ws/src/Rescue_Car_ws/install/sensor_msgs/include/sensor_msgs/sensor_msgs/msg/detail/point_field__struct.hpp
[0.805s] -- Up-to-date: /root/ros_ws/src/Rescue_Car_ws/install/sensor_msgs/include/sensor_msgs/sensor_msgs/msg/detail/temperature__builder.hpp
[0.805s] -- Up-to-date: /root/ros_ws/src/Rescue_Car_ws/install/sensor_msgs/include/sensor_msgs/sensor_msgs/msg/detail/image__struct.hpp
[0.805s] -- Up-to-date: /root/ros_ws/src/Rescue_Car_ws/install/sensor_msgs/include/sensor_msgs/sensor_msgs/msg/detail/image__type_support.hpp
[0.805s] -- Up-to-date: /root/ros_ws/src/Rescue_Car_ws/install/sensor_msgs/include/sensor_msgs/sensor_msgs/msg/detail/battery_state__type_support.hpp
[0.806s] -- Up-to-date: /root/ros_ws/src/Rescue_Car_ws/install/sensor_msgs/include/sensor_msgs/sensor_msgs/msg/detail/point_cloud2__struct.hpp
[0.806s] -- Up-to-date: /root/ros_ws/src/Rescue_Car_ws/install/sensor_msgs/include/sensor_msgs/sensor_msgs/msg/detail/imu__traits.hpp
[0.806s] -- Up-to-date: /root/ros_ws/src/Rescue_Car_ws/install/sensor_msgs/include/sensor_msgs/sensor_msgs/msg/detail/joy__builder.hpp
[0.806s] -- Up-to-date: /root/ros_ws/src/Rescue_Car_ws/install/sensor_msgs/include/sensor_msgs/sensor_msgs/msg/detail/joy_feedback__type_support.hpp
[0.806s] -- Up-to-date: /root/ros_ws/src/Rescue_Car_ws/install/sensor_msgs/include/sensor_msgs/sensor_msgs/msg/detail/region_of_interest__struct.hpp
[0.806s] -- Up-to-date: /root/ros_ws/src/Rescue_Car_ws/install/sensor_msgs/include/sensor_msgs/sensor_msgs/msg/detail/fluid_pressure__traits.hpp
[0.807s] -- Up-to-date: /root/ros_ws/src/Rescue_Car_ws/install/sensor_msgs/include/sensor_msgs/sensor_msgs/msg/detail/compressed_image__struct.hpp
[0.807s] -- Up-to-date: /root/ros_ws/src/Rescue_Car_ws/install/sensor_msgs/include/sensor_msgs/sensor_msgs/msg/detail/channel_float32__builder.hpp
[0.807s] -- Up-to-date: /root/ros_ws/src/Rescue_Car_ws/install/sensor_msgs/include/sensor_msgs/sensor_msgs/msg/detail/compressed_image__builder.hpp
[0.807s] -- Up-to-date: /root/ros_ws/src/Rescue_Car_ws/install/sensor_msgs/include/sensor_msgs/sensor_msgs/msg/detail/imu__builder.hpp
[0.808s] -- Up-to-date: /root/ros_ws/src/Rescue_Car_ws/install/sensor_msgs/include/sensor_msgs/sensor_msgs/msg/detail/relative_humidity__traits.hpp
[0.808s] -- Up-to-date: /root/ros_ws/src/Rescue_Car_ws/install/sensor_msgs/include/sensor_msgs/sensor_msgs/msg/detail/battery_state__struct.hpp
[0.808s] -- Up-to-date: /root/ros_ws/src/Rescue_Car_ws/install/sensor_msgs/include/sensor_msgs/sensor_msgs/msg/detail/channel_float32__type_support.hpp
[0.808s] -- Up-to-date: /root/ros_ws/src/Rescue_Car_ws/install/sensor_msgs/include/sensor_msgs/sensor_msgs/msg/detail/joy_feedback__traits.hpp
[0.808s] -- Up-to-date: /root/ros_ws/src/Rescue_Car_ws/install/sensor_msgs/include/sensor_msgs/sensor_msgs/msg/detail/joy_feedback_array__builder.hpp
[0.808s] -- Up-to-date: /root/ros_ws/src/Rescue_Car_ws/install/sensor_msgs/include/sensor_msgs/sensor_msgs/msg/detail/camera_info__struct.hpp
[0.808s] -- Up-to-date: /root/ros_ws/src/Rescue_Car_ws/install/sensor_msgs/include/sensor_msgs/sensor_msgs/msg/detail/joy_feedback__struct.hpp
[0.808s] -- Up-to-date: /root/ros_ws/src/Rescue_Car_ws/install/sensor_msgs/include/sensor_msgs/sensor_msgs/msg/detail/relative_humidity__struct.hpp
[0.808s] -- Up-to-date: /root/ros_ws/src/Rescue_Car_ws/install/sensor_msgs/include/sensor_msgs/sensor_msgs/msg/detail/illuminance__type_support.hpp
[0.808s] -- Up-to-date: /root/ros_ws/src/Rescue_Car_ws/install/sensor_msgs/include/sensor_msgs/sensor_msgs/msg/detail/point_field__builder.hpp
[0.808s] -- Up-to-date: /root/ros_ws/src/Rescue_Car_ws/install/sensor_msgs/include/sensor_msgs/sensor_msgs/msg/detail/point_cloud__traits.hpp
[0.809s] -- Up-to-date: /root/ros_ws/src/Rescue_Car_ws/install/sensor_msgs/include/sensor_msgs/sensor_msgs/msg/detail/joint_state__struct.hpp
[0.809s] -- Up-to-date: /root/ros_ws/src/Rescue_Car_ws/install/sensor_msgs/include/sensor_msgs/sensor_msgs/msg/detail/multi_dof_joint_state__traits.hpp
[0.809s] -- Up-to-date: /root/ros_ws/src/Rescue_Car_ws/install/sensor_msgs/include/sensor_msgs/sensor_msgs/msg/detail/fluid_pressure__type_support.hpp
[0.809s] -- Up-to-date: /root/ros_ws/src/Rescue_Car_ws/install/sensor_msgs/include/sensor_msgs/sensor_msgs/msg/detail/range__traits.hpp
[0.809s] -- Up-to-date: /root/ros_ws/src/Rescue_Car_ws/install/sensor_msgs/include/sensor_msgs/sensor_msgs/msg/detail/magnetic_field__traits.hpp
[0.809s] -- Up-to-date: /root/ros_ws/src/Rescue_Car_ws/install/sensor_msgs/include/sensor_msgs/sensor_msgs/msg/detail/multi_echo_laser_scan__type_support.hpp
[0.809s] -- Up-to-date: /root/ros_ws/src/Rescue_Car_ws/install/sensor_msgs/include/sensor_msgs/sensor_msgs/msg/detail/joint_state__type_support.hpp
[0.810s] -- Up-to-date: /root/ros_ws/src/Rescue_Car_ws/install/sensor_msgs/include/sensor_msgs/sensor_msgs/msg/detail/illuminance__traits.hpp
[0.810s] -- Up-to-date: /root/ros_ws/src/Rescue_Car_ws/install/sensor_msgs/include/sensor_msgs/sensor_msgs/msg/detail/image__builder.hpp
[0.810s] -- Up-to-date: /root/ros_ws/src/Rescue_Car_ws/install/sensor_msgs/include/sensor_msgs/sensor_msgs/msg/detail/laser_scan__traits.hpp
[0.810s] -- Up-to-date: /root/ros_ws/src/Rescue_Car_ws/install/sensor_msgs/include/sensor_msgs/sensor_msgs/msg/detail/battery_state__traits.hpp
[0.810s] -- Up-to-date: /root/ros_ws/src/Rescue_Car_ws/install/sensor_msgs/include/sensor_msgs/sensor_msgs/msg/detail/laser_scan__builder.hpp
[0.810s] -- Up-to-date: /root/ros_ws/src/Rescue_Car_ws/install/sensor_msgs/include/sensor_msgs/sensor_msgs/msg/detail/nav_sat_status__builder.hpp
[0.810s] -- Up-to-date: /root/ros_ws/src/Rescue_Car_ws/install/sensor_msgs/include/sensor_msgs/sensor_msgs/msg/detail/point_cloud2__traits.hpp
[0.810s] -- Up-to-date: /root/ros_ws/src/Rescue_Car_ws/install/sensor_msgs/include/sensor_msgs/sensor_msgs/msg/detail/range__type_support.hpp
[0.810s] -- Up-to-date: /root/ros_ws/src/Rescue_Car_ws/install/sensor_msgs/include/sensor_msgs/sensor_msgs/msg/detail/illuminance__struct.hpp
[0.810s] -- Up-to-date: /root/ros_ws/src/Rescue_Car_ws/install/sensor_msgs/include/sensor_msgs/sensor_msgs/msg/detail/channel_float32__traits.hpp
[0.810s] -- Up-to-date: /root/ros_ws/src/Rescue_Car_ws/install/sensor_msgs/include/sensor_msgs/sensor_msgs/msg/detail/joy__traits.hpp
[0.811s] -- Up-to-date: /root/ros_ws/src/Rescue_Car_ws/install/sensor_msgs/include/sensor_msgs/sensor_msgs/msg/detail/image__traits.hpp
[0.811s] -- Up-to-date: /root/ros_ws/src/Rescue_Car_ws/install/sensor_msgs/include/sensor_msgs/sensor_msgs/msg/detail/laser_scan__struct.hpp
[0.811s] -- Up-to-date: /root/ros_ws/src/Rescue_Car_ws/install/sensor_msgs/include/sensor_msgs/sensor_msgs/msg/detail/imu__type_support.hpp
[0.811s] -- Up-to-date: /root/ros_ws/src/Rescue_Car_ws/install/sensor_msgs/include/sensor_msgs/sensor_msgs/msg/detail/nav_sat_status__traits.hpp
[0.811s] -- Up-to-date: /root/ros_ws/src/Rescue_Car_ws/install/sensor_msgs/include/sensor_msgs/sensor_msgs/msg/detail/joint_state__builder.hpp
[0.811s] -- Up-to-date: /root/ros_ws/src/Rescue_Car_ws/install/sensor_msgs/include/sensor_msgs/sensor_msgs/msg/detail/nav_sat_fix__type_support.hpp
[0.811s] -- Up-to-date: /root/ros_ws/src/Rescue_Car_ws/install/sensor_msgs/include/sensor_msgs/sensor_msgs/msg/detail/time_reference__struct.hpp
[0.812s] -- Up-to-date: /root/ros_ws/src/Rescue_Car_ws/install/sensor_msgs/include/sensor_msgs/sensor_msgs/msg/detail/nav_sat_status__type_support.hpp
[0.812s] -- Up-to-date: /root/ros_ws/src/Rescue_Car_ws/install/sensor_msgs/include/sensor_msgs/sensor_msgs/msg/detail/magnetic_field__builder.hpp
[0.812s] -- Up-to-date: /root/ros_ws/src/Rescue_Car_ws/install/sensor_msgs/include/sensor_msgs/sensor_msgs/msg/detail/magnetic_field__type_support.hpp
[0.812s] -- Up-to-date: /root/ros_ws/src/Rescue_Car_ws/install/sensor_msgs/include/sensor_msgs/sensor_msgs/msg/detail/point_cloud__struct.hpp
[0.812s] -- Up-to-date: /root/ros_ws/src/Rescue_Car_ws/install/sensor_msgs/include/sensor_msgs/sensor_msgs/msg/detail/point_cloud2__builder.hpp
[0.813s] -- Up-to-date: /root/ros_ws/src/Rescue_Car_ws/install/sensor_msgs/include/sensor_msgs/sensor_msgs/msg/detail/compressed_image__type_support.hpp
[0.813s] -- Up-to-date: /root/ros_ws/src/Rescue_Car_ws/install/sensor_msgs/include/sensor_msgs/sensor_msgs/msg/detail/region_of_interest__traits.hpp
[0.813s] -- Up-to-date: /root/ros_ws/src/Rescue_Car_ws/install/sensor_msgs/include/sensor_msgs/sensor_msgs/msg/detail/point_cloud__builder.hpp
[0.813s] -- Up-to-date: /root/ros_ws/src/Rescue_Car_ws/install/sensor_msgs/include/sensor_msgs/sensor_msgs/msg/detail/nav_sat_fix__traits.hpp
[0.813s] -- Up-to-date: /root/ros_ws/src/Rescue_Car_ws/install/sensor_msgs/include/sensor_msgs/sensor_msgs/msg/detail/joy_feedback_array__struct.hpp
[0.813s] -- Up-to-date: /root/ros_ws/src/Rescue_Car_ws/install/sensor_msgs/include/sensor_msgs/sensor_msgs/msg/detail/temperature__traits.hpp
[0.813s] -- Up-to-date: /root/ros_ws/src/Rescue_Car_ws/install/sensor_msgs/include/sensor_msgs/sensor_msgs/msg/detail/point_field__type_support.hpp
[0.813s] -- Up-to-date: /root/ros_ws/src/Rescue_Car_ws/install/sensor_msgs/include/sensor_msgs/sensor_msgs/msg/detail/multi_dof_joint_state__builder.hpp
[0.813s] -- Up-to-date: /root/ros_ws/src/Rescue_Car_ws/install/sensor_msgs/include/sensor_msgs/sensor_msgs/msg/detail/camera_info__builder.hpp
[0.813s] -- Up-to-date: /root/ros_ws/src/Rescue_Car_ws/install/sensor_msgs/include/sensor_msgs/sensor_msgs/msg/detail/point_cloud__type_support.hpp
[0.813s] -- Up-to-date: /root/ros_ws/src/Rescue_Car_ws/install/sensor_msgs/include/sensor_msgs/sensor_msgs/msg/point_field.hpp
[0.814s] -- Up-to-date: /root/ros_ws/src/Rescue_Car_ws/install/sensor_msgs/include/sensor_msgs/sensor_msgs/msg/fluid_pressure.hpp
[0.814s] -- Up-to-date: /root/ros_ws/src/Rescue_Car_ws/install/sensor_msgs/include/sensor_msgs/sensor_msgs/msg/joint_state.hpp
[0.814s] -- Up-to-date: /root/ros_ws/src/Rescue_Car_ws/install/sensor_msgs/include/sensor_msgs/sensor_msgs/msg/nav_sat_status.hpp
[0.814s] -- Up-to-date: /root/ros_ws/src/Rescue_Car_ws/install/sensor_msgs/include/sensor_msgs/sensor_msgs/msg/channel_float32.hpp
[0.814s] -- Up-to-date: /root/ros_ws/src/Rescue_Car_ws/install/sensor_msgs/include/sensor_msgs/sensor_msgs/msg/laser_echo.hpp
[0.814s] -- Up-to-date: /root/ros_ws/src/Rescue_Car_ws/install/sensor_msgs/include/sensor_msgs/sensor_msgs/msg/joy_feedback_array.hpp
[0.814s] -- Up-to-date: /root/ros_ws/src/Rescue_Car_ws/install/sensor_msgs/include/sensor_msgs/sensor_msgs/msg/illuminance.hpp
[0.815s] -- Up-to-date: /root/ros_ws/src/Rescue_Car_ws/install/sensor_msgs/include/sensor_msgs/sensor_msgs/msg/multi_echo_laser_scan.hpp
[0.815s] -- Up-to-date: /root/ros_ws/src/Rescue_Car_ws/install/sensor_msgs/include/sensor_msgs/sensor_msgs/msg/nav_sat_fix.hpp
[0.815s] -- Up-to-date: /root/ros_ws/src/Rescue_Car_ws/install/sensor_msgs/include/sensor_msgs/sensor_msgs/msg/battery_state.hpp
[0.815s] -- Up-to-date: /root/ros_ws/src/Rescue_Car_ws/install/sensor_msgs/include/sensor_msgs/sensor_msgs
[0.815s] -- Up-to-date: /root/ros_ws/src/Rescue_Car_ws/install/sensor_msgs/include/sensor_msgs/sensor_msgs/srv
[0.815s] -- Up-to-date: /root/ros_ws/src/Rescue_Car_ws/install/sensor_msgs/include/sensor_msgs/sensor_msgs/srv/detail
[0.815s] -- Up-to-date: /root/ros_ws/src/Rescue_Car_ws/install/sensor_msgs/include/sensor_msgs/sensor_msgs/srv/detail/dds_fastrtps
[0.815s] -- Up-to-date: /root/ros_ws/src/Rescue_Car_ws/install/sensor_msgs/include/sensor_msgs/sensor_msgs/srv/detail/set_camera_info__rosidl_typesupport_fastrtps_cpp.hpp
[0.815s] -- Up-to-date: /root/ros_ws/src/Rescue_Car_ws/install/sensor_msgs/include/sensor_msgs/sensor_msgs/msg
[0.816s] -- Up-to-date: /root/ros_ws/src/Rescue_Car_ws/install/sensor_msgs/include/sensor_msgs/sensor_msgs/msg/rosidl_typesupport_fastrtps_cpp__visibility_control.h
[0.817s] -- Up-to-date: /root/ros_ws/src/Rescue_Car_ws/install/sensor_msgs/include/sensor_msgs/sensor_msgs/msg/detail
[0.817s] -- Up-to-date: /root/ros_ws/src/Rescue_Car_ws/install/sensor_msgs/include/sensor_msgs/sensor_msgs/msg/detail/temperature__rosidl_typesupport_fastrtps_cpp.hpp
[0.817s] -- Up-to-date: /root/ros_ws/src/Rescue_Car_ws/install/sensor_msgs/include/sensor_msgs/sensor_msgs/msg/detail/nav_sat_status__rosidl_typesupport_fastrtps_cpp.hpp
[0.817s] -- Up-to-date: /root/ros_ws/src/Rescue_Car_ws/install/sensor_msgs/include/sensor_msgs/sensor_msgs/msg/detail/battery_state__rosidl_typesupport_fastrtps_cpp.hpp
[0.817s] -- Up-to-date: /root/ros_ws/src/Rescue_Car_ws/install/sensor_msgs/include/sensor_msgs/sensor_msgs/msg/detail/magnetic_field__rosidl_typesupport_fastrtps_cpp.hpp
[0.817s] -- Up-to-date: /root/ros_ws/src/Rescue_Car_ws/install/sensor_msgs/include/sensor_msgs/sensor_msgs/msg/detail/joy_feedback__rosidl_typesupport_fastrtps_cpp.hpp
[0.817s] -- Up-to-date: /root/ros_ws/src/Rescue_Car_ws/install/sensor_msgs/include/sensor_msgs/sensor_msgs/msg/detail/joint_state__rosidl_typesupport_fastrtps_cpp.hpp
[0.817s] -- Up-to-date: /root/ros_ws/src/Rescue_Car_ws/install/sensor_msgs/include/sensor_msgs/sensor_msgs/msg/detail/relative_humidity__rosidl_typesupport_fastrtps_cpp.hpp
[0.817s] -- Up-to-date: /root/ros_ws/src/Rescue_Car_ws/install/sensor_msgs/include/sensor_msgs/sensor_msgs/msg/detail/nav_sat_fix__rosidl_typesupport_fastrtps_cpp.hpp
[0.817s] -- Up-to-date: /root/ros_ws/src/Rescue_Car_ws/install/sensor_msgs/include/sensor_msgs/sensor_msgs/msg/detail/channel_float32__rosidl_typesupport_fastrtps_cpp.hpp
[0.817s] -- Up-to-date: /root/ros_ws/src/Rescue_Car_ws/install/sensor_msgs/include/sensor_msgs/sensor_msgs/msg/detail/dds_fastrtps
[0.817s] -- Up-to-date: /root/ros_ws/src/Rescue_Car_ws/install/sensor_msgs/include/sensor_msgs/sensor_msgs/msg/detail/time_reference__rosidl_typesupport_fastrtps_cpp.hpp
[0.817s] -- Up-to-date: /root/ros_ws/src/Rescue_Car_ws/install/sensor_msgs/include/sensor_msgs/sensor_msgs/msg/detail/point_field__rosidl_typesupport_fastrtps_cpp.hpp
[0.818s] -- Up-to-date: /root/ros_ws/src/Rescue_Car_ws/install/sensor_msgs/include/sensor_msgs/sensor_msgs/msg/detail/illuminance__rosidl_typesupport_fastrtps_cpp.hpp
[0.818s] -- Up-to-date: /root/ros_ws/src/Rescue_Car_ws/install/sensor_msgs/include/sensor_msgs/sensor_msgs/msg/detail/point_cloud2__rosidl_typesupport_fastrtps_cpp.hpp
[0.818s] -- Up-to-date: /root/ros_ws/src/Rescue_Car_ws/install/sensor_msgs/include/sensor_msgs/sensor_msgs/msg/detail/laser_echo__rosidl_typesupport_fastrtps_cpp.hpp
[0.818s] -- Up-to-date: /root/ros_ws/src/Rescue_Car_ws/install/sensor_msgs/include/sensor_msgs/sensor_msgs/msg/detail/imu__rosidl_typesupport_fastrtps_cpp.hpp
[0.818s] -- Up-to-date: /root/ros_ws/src/Rescue_Car_ws/install/sensor_msgs/include/sensor_msgs/sensor_msgs/msg/detail/range__rosidl_typesupport_fastrtps_cpp.hpp
[0.819s] -- Up-to-date: /root/ros_ws/src/Rescue_Car_ws/install/sensor_msgs/include/sensor_msgs/sensor_msgs/msg/detail/joy__rosidl_typesupport_fastrtps_cpp.hpp
[0.819s] -- Up-to-date: /root/ros_ws/src/Rescue_Car_ws/install/sensor_msgs/include/sensor_msgs/sensor_msgs/msg/detail/joy_feedback_array__rosidl_typesupport_fastrtps_cpp.hpp
[0.819s] -- Up-to-date: /root/ros_ws/src/Rescue_Car_ws/install/sensor_msgs/include/sensor_msgs/sensor_msgs/msg/detail/fluid_pressure__rosidl_typesupport_fastrtps_cpp.hpp
[0.819s] -- Up-to-date: /root/ros_ws/src/Rescue_Car_ws/install/sensor_msgs/include/sensor_msgs/sensor_msgs/msg/detail/region_of_interest__rosidl_typesupport_fastrtps_cpp.hpp
[0.824s] -- Up-to-date: /root/ros_ws/src/Rescue_Car_ws/install/sensor_msgs/include/sensor_msgs/sensor_msgs/msg/detail/laser_scan__rosidl_typesupport_fastrtps_cpp.hpp
[0.824s] -- Up-to-date: /root/ros_ws/src/Rescue_Car_ws/install/sensor_msgs/include/sensor_msgs/sensor_msgs/msg/detail/point_cloud__rosidl_typesupport_fastrtps_cpp.hpp
[0.824s] -- Up-to-date: /root/ros_ws/src/Rescue_Car_ws/install/sensor_msgs/include/sensor_msgs/sensor_msgs/msg/detail/multi_dof_joint_state__rosidl_typesupport_fastrtps_cpp.hpp
[0.824s] -- Up-to-date: /root/ros_ws/src/Rescue_Car_ws/install/sensor_msgs/include/sensor_msgs/sensor_msgs/msg/detail/multi_echo_laser_scan__rosidl_typesupport_fastrtps_cpp.hpp
[0.824s] -- Up-to-date: /root/ros_ws/src/Rescue_Car_ws/install/sensor_msgs/include/sensor_msgs/sensor_msgs/msg/detail/compressed_image__rosidl_typesupport_fastrtps_cpp.hpp
[0.824s] -- Up-to-date: /root/ros_ws/src/Rescue_Car_ws/install/sensor_msgs/include/sensor_msgs/sensor_msgs/msg/detail/camera_info__rosidl_typesupport_fastrtps_cpp.hpp
[0.824s] -- Up-to-date: /root/ros_ws/src/Rescue_Car_ws/install/sensor_msgs/include/sensor_msgs/sensor_msgs/msg/detail/image__rosidl_typesupport_fastrtps_cpp.hpp
[0.824s] -- Up-to-date: /root/ros_ws/src/Rescue_Car_ws/install/sensor_msgs/lib/libsensor_msgs__rosidl_typesupport_fastrtps_cpp.so
[0.824s] -- Up-to-date: /root/ros_ws/src/Rescue_Car_ws/install/sensor_msgs/include/sensor_msgs/sensor_msgs
[0.825s] -- Up-to-date: /root/ros_ws/src/Rescue_Car_ws/install/sensor_msgs/include/sensor_msgs/sensor_msgs/srv
[0.825s] -- Up-to-date: /root/ros_ws/src/Rescue_Car_ws/install/sensor_msgs/include/sensor_msgs/sensor_msgs/srv/detail
[0.825s] -- Up-to-date: /root/ros_ws/src/Rescue_Car_ws/install/sensor_msgs/include/sensor_msgs/sensor_msgs/srv/detail/set_camera_info__rosidl_typesupport_introspection_c.h
[0.825s] -- Up-to-date: /root/ros_ws/src/Rescue_Car_ws/install/sensor_msgs/include/sensor_msgs/sensor_msgs/srv/detail/set_camera_info__type_support.c
[0.825s] -- Up-to-date: /root/ros_ws/src/Rescue_Car_ws/install/sensor_msgs/include/sensor_msgs/sensor_msgs/msg
[0.825s] -- Up-to-date: /root/ros_ws/src/Rescue_Car_ws/install/sensor_msgs/include/sensor_msgs/sensor_msgs/msg/rosidl_typesupport_introspection_c__visibility_control.h
[0.825s] -- Up-to-date: /root/ros_ws/src/Rescue_Car_ws/install/sensor_msgs/include/sensor_msgs/sensor_msgs/msg/detail
[0.825s] -- Up-to-date: /root/ros_ws/src/Rescue_Car_ws/install/sensor_msgs/include/sensor_msgs/sensor_msgs/msg/detail/image__type_support.c
[0.826s] -- Up-to-date: /root/ros_ws/src/Rescue_Car_ws/install/sensor_msgs/include/sensor_msgs/sensor_msgs/msg/detail/time_reference__type_support.c
[0.826s] -- Up-to-date: /root/ros_ws/src/Rescue_Car_ws/install/sensor_msgs/include/sensor_msgs/sensor_msgs/msg/detail/point_cloud2__type_support.c
[0.826s] -- Up-to-date: /root/ros_ws/src/Rescue_Car_ws/install/sensor_msgs/include/sensor_msgs/sensor_msgs/msg/detail/nav_sat_fix__type_support.c
[0.826s] -- Up-to-date: /root/ros_ws/src/Rescue_Car_ws/install/sensor_msgs/include/sensor_msgs/sensor_msgs/msg/detail/joy_feedback_array__type_support.c
[0.826s] -- Up-to-date: /root/ros_ws/src/Rescue_Car_ws/install/sensor_msgs/include/sensor_msgs/sensor_msgs/msg/detail/joy_feedback__type_support.c
[0.826s] -- Up-to-date: /root/ros_ws/src/Rescue_Car_ws/install/sensor_msgs/include/sensor_msgs/sensor_msgs/msg/detail/joy__type_support.c
[0.826s] -- Up-to-date: /root/ros_ws/src/Rescue_Car_ws/install/sensor_msgs/include/sensor_msgs/sensor_msgs/msg/detail/point_field__rosidl_typesupport_introspection_c.h
[0.826s] -- Up-to-date: /root/ros_ws/src/Rescue_Car_ws/install/sensor_msgs/include/sensor_msgs/sensor_msgs/msg/detail/range__rosidl_typesupport_introspection_c.h
[0.826s] -- Up-to-date: /root/ros_ws/src/Rescue_Car_ws/install/sensor_msgs/include/sensor_msgs/sensor_msgs/msg/detail/camera_info__type_support.c
[0.827s] -- Up-to-date: /root/ros_ws/src/Rescue_Car_ws/install/sensor_msgs/include/sensor_msgs/sensor_msgs/msg/detail/temperature__rosidl_typesupport_introspection_c.h
[0.827s] -- Up-to-date: /root/ros_ws/src/Rescue_Car_ws/install/sensor_msgs/include/sensor_msgs/sensor_msgs/msg/detail/laser_scan__type_support.c
[0.827s] -- Up-to-date: /root/ros_ws/src/Rescue_Car_ws/install/sensor_msgs/include/sensor_msgs/sensor_msgs/msg/detail/illuminance__type_support.c
[0.827s] -- Up-to-date: /root/ros_ws/src/Rescue_Car_ws/install/sensor_msgs/include/sensor_msgs/sensor_msgs/msg/detail/multi_dof_joint_state__type_support.c
[0.827s] -- Up-to-date: /root/ros_ws/src/Rescue_Car_ws/install/sensor_msgs/include/sensor_msgs/sensor_msgs/msg/detail/multi_echo_laser_scan__rosidl_typesupport_introspection_c.h
[0.827s] -- Up-to-date: /root/ros_ws/src/Rescue_Car_ws/install/sensor_msgs/include/sensor_msgs/sensor_msgs/msg/detail/time_reference__rosidl_typesupport_introspection_c.h
[0.827s] -- Up-to-date: /root/ros_ws/src/Rescue_Car_ws/install/sensor_msgs/include/sensor_msgs/sensor_msgs/msg/detail/laser_scan__rosidl_typesupport_introspection_c.h
[0.827s] -- Up-to-date: /root/ros_ws/src/Rescue_Car_ws/install/sensor_msgs/include/sensor_msgs/sensor_msgs/msg/detail/temperature__type_support.c
[0.827s] -- Up-to-date: /root/ros_ws/src/Rescue_Car_ws/install/sensor_msgs/include/sensor_msgs/sensor_msgs/msg/detail/image__rosidl_typesupport_introspection_c.h
[0.827s] -- Up-to-date: /root/ros_ws/src/Rescue_Car_ws/install/sensor_msgs/include/sensor_msgs/sensor_msgs/msg/detail/channel_float32__rosidl_typesupport_introspection_c.h
[0.827s] -- Up-to-date: /root/ros_ws/src/Rescue_Car_ws/install/sensor_msgs/include/sensor_msgs/sensor_msgs/msg/detail/laser_echo__rosidl_typesupport_introspection_c.h
[0.827s] -- Up-to-date: /root/ros_ws/src/Rescue_Car_ws/install/sensor_msgs/include/sensor_msgs/sensor_msgs/msg/detail/point_cloud2__rosidl_typesupport_introspection_c.h
[0.828s] -- Up-to-date: /root/ros_ws/src/Rescue_Car_ws/install/sensor_msgs/include/sensor_msgs/sensor_msgs/msg/detail/relative_humidity__type_support.c
[0.828s] -- Up-to-date: /root/ros_ws/src/Rescue_Car_ws/install/sensor_msgs/include/sensor_msgs/sensor_msgs/msg/detail/nav_sat_status__type_support.c
[0.828s] -- Up-to-date: /root/ros_ws/src/Rescue_Car_ws/install/sensor_msgs/include/sensor_msgs/sensor_msgs/msg/detail/joy__rosidl_typesupport_introspection_c.h
[0.828s] -- Up-to-date: /root/ros_ws/src/Rescue_Car_ws/install/sensor_msgs/include/sensor_msgs/sensor_msgs/msg/detail/laser_echo__type_support.c
[0.828s] -- Up-to-date: /root/ros_ws/src/Rescue_Car_ws/install/sensor_msgs/include/sensor_msgs/sensor_msgs/msg/detail/point_cloud__type_support.c
[0.828s] -- Up-to-date: /root/ros_ws/src/Rescue_Car_ws/install/sensor_msgs/include/sensor_msgs/sensor_msgs/msg/detail/compressed_image__rosidl_typesupport_introspection_c.h
[0.828s] -- Up-to-date: /root/ros_ws/src/Rescue_Car_ws/install/sensor_msgs/include/sensor_msgs/sensor_msgs/msg/detail/imu__type_support.c
[0.828s] -- Up-to-date: /root/ros_ws/src/Rescue_Car_ws/install/sensor_msgs/include/sensor_msgs/sensor_msgs/msg/detail/point_cloud__rosidl_typesupport_introspection_c.h
[0.828s] -- Up-to-date: /root/ros_ws/src/Rescue_Car_ws/install/sensor_msgs/include/sensor_msgs/sensor_msgs/msg/detail/battery_state__rosidl_typesupport_introspection_c.h
[0.828s] -- Up-to-date: /root/ros_ws/src/Rescue_Car_ws/install/sensor_msgs/include/sensor_msgs/sensor_msgs/msg/detail/joint_state__type_support.c
[0.828s] -- Up-to-date: /root/ros_ws/src/Rescue_Car_ws/install/sensor_msgs/include/sensor_msgs/sensor_msgs/msg/detail/imu__rosidl_typesupport_introspection_c.h
[0.828s] -- Up-to-date: /root/ros_ws/src/Rescue_Car_ws/install/sensor_msgs/include/sensor_msgs/sensor_msgs/msg/detail/range__type_support.c
[0.828s] -- Up-to-date: /root/ros_ws/src/Rescue_Car_ws/install/sensor_msgs/include/sensor_msgs/sensor_msgs/msg/detail/magnetic_field__type_support.c
[0.829s] -- Up-to-date: /root/ros_ws/src/Rescue_Car_ws/install/sensor_msgs/include/sensor_msgs/sensor_msgs/msg/detail/joy_feedback__rosidl_typesupport_introspection_c.h
[0.829s] -- Up-to-date: /root/ros_ws/src/Rescue_Car_ws/install/sensor_msgs/include/sensor_msgs/sensor_msgs/msg/detail/fluid_pressure__type_support.c
[0.829s] -- Up-to-date: /root/ros_ws/src/Rescue_Car_ws/install/sensor_msgs/include/sensor_msgs/sensor_msgs/msg/detail/multi_echo_laser_scan__type_support.c
[0.829s] -- Up-to-date: /root/ros_ws/src/Rescue_Car_ws/install/sensor_msgs/include/sensor_msgs/sensor_msgs/msg/detail/multi_dof_joint_state__rosidl_typesupport_introspection_c.h
[0.829s] -- Up-to-date: /root/ros_ws/src/Rescue_Car_ws/install/sensor_msgs/include/sensor_msgs/sensor_msgs/msg/detail/nav_sat_fix__rosidl_typesupport_introspection_c.h
[0.832s] -- Up-to-date: /root/ros_ws/src/Rescue_Car_ws/install/sensor_msgs/include/sensor_msgs/sensor_msgs/msg/detail/nav_sat_status__rosidl_typesupport_introspection_c.h
[0.832s] -- Up-to-date: /root/ros_ws/src/Rescue_Car_ws/install/sensor_msgs/include/sensor_msgs/sensor_msgs/msg/detail/illuminance__rosidl_typesupport_introspection_c.h
[0.832s] -- Up-to-date: /root/ros_ws/src/Rescue_Car_ws/install/sensor_msgs/include/sensor_msgs/sensor_msgs/msg/detail/region_of_interest__type_support.c
[0.832s] -- Up-to-date: /root/ros_ws/src/Rescue_Car_ws/install/sensor_msgs/include/sensor_msgs/sensor_msgs/msg/detail/point_field__type_support.c
[0.832s] -- Up-to-date: /root/ros_ws/src/Rescue_Car_ws/install/sensor_msgs/include/sensor_msgs/sensor_msgs/msg/detail/camera_info__rosidl_typesupport_introspection_c.h
[0.832s] -- Up-to-date: /root/ros_ws/src/Rescue_Car_ws/install/sensor_msgs/include/sensor_msgs/sensor_msgs/msg/detail/magnetic_field__rosidl_typesupport_introspection_c.h
[0.832s] -- Up-to-date: /root/ros_ws/src/Rescue_Car_ws/install/sensor_msgs/include/sensor_msgs/sensor_msgs/msg/detail/region_of_interest__rosidl_typesupport_introspection_c.h
[0.832s] -- Up-to-date: /root/ros_ws/src/Rescue_Car_ws/install/sensor_msgs/include/sensor_msgs/sensor_msgs/msg/detail/joint_state__rosidl_typesupport_introspection_c.h
[0.833s] -- Up-to-date: /root/ros_ws/src/Rescue_Car_ws/install/sensor_msgs/include/sensor_msgs/sensor_msgs/msg/detail/compressed_image__type_support.c
[0.833s] -- Up-to-date: /root/ros_ws/src/Rescue_Car_ws/install/sensor_msgs/include/sensor_msgs/sensor_msgs/msg/detail/channel_float32__type_support.c
[0.833s] -- Up-to-date: /root/ros_ws/src/Rescue_Car_ws/install/sensor_msgs/include/sensor_msgs/sensor_msgs/msg/detail/fluid_pressure__rosidl_typesupport_introspection_c.h
[0.833s] -- Up-to-date: /root/ros_ws/src/Rescue_Car_ws/install/sensor_msgs/include/sensor_msgs/sensor_msgs/msg/detail/joy_feedback_array__rosidl_typesupport_introspection_c.h
[0.833s] -- Up-to-date: /root/ros_ws/src/Rescue_Car_ws/install/sensor_msgs/include/sensor_msgs/sensor_msgs/msg/detail/relative_humidity__rosidl_typesupport_introspection_c.h
[0.833s] -- Up-to-date: /root/ros_ws/src/Rescue_Car_ws/install/sensor_msgs/include/sensor_msgs/sensor_msgs/msg/detail/battery_state__type_support.c
[0.833s] -- Up-to-date: /root/ros_ws/src/Rescue_Car_ws/install/sensor_msgs/lib/libsensor_msgs__rosidl_typesupport_introspection_c.so
[0.833s] -- Up-to-date: /root/ros_ws/src/Rescue_Car_ws/install/sensor_msgs/lib/libsensor_msgs__rosidl_typesupport_c.so
[0.833s] -- Up-to-date: /root/ros_ws/src/Rescue_Car_ws/install/sensor_msgs/include/sensor_msgs/sensor_msgs
[0.833s] -- Up-to-date: /root/ros_ws/src/Rescue_Car_ws/install/sensor_msgs/include/sensor_msgs/sensor_msgs/srv
[0.833s] -- Up-to-date: /root/ros_ws/src/Rescue_Car_ws/install/sensor_msgs/include/sensor_msgs/sensor_msgs/srv/detail
[0.833s] -- Up-to-date: /root/ros_ws/src/Rescue_Car_ws/install/sensor_msgs/include/sensor_msgs/sensor_msgs/srv/detail/set_camera_info__rosidl_typesupport_introspection_cpp.hpp
[0.834s] -- Up-to-date: /root/ros_ws/src/Rescue_Car_ws/install/sensor_msgs/include/sensor_msgs/sensor_msgs/srv/detail/set_camera_info__type_support.cpp
[0.834s] -- Up-to-date: /root/ros_ws/src/Rescue_Car_ws/install/sensor_msgs/include/sensor_msgs/sensor_msgs/msg
[0.834s] -- Up-to-date: /root/ros_ws/src/Rescue_Car_ws/install/sensor_msgs/include/sensor_msgs/sensor_msgs/msg/detail
[0.834s] -- Up-to-date: /root/ros_ws/src/Rescue_Car_ws/install/sensor_msgs/include/sensor_msgs/sensor_msgs/msg/detail/joy_feedback__rosidl_typesupport_introspection_cpp.hpp
[0.834s] -- Up-to-date: /root/ros_ws/src/Rescue_Car_ws/install/sensor_msgs/include/sensor_msgs/sensor_msgs/msg/detail/point_field__rosidl_typesupport_introspection_cpp.hpp
[0.834s] -- Up-to-date: /root/ros_ws/src/Rescue_Car_ws/install/sensor_msgs/include/sensor_msgs/sensor_msgs/msg/detail/nav_sat_status__rosidl_typesupport_introspection_cpp.hpp
[0.834s] -- Up-to-date: /root/ros_ws/src/Rescue_Car_ws/install/sensor_msgs/include/sensor_msgs/sensor_msgs/msg/detail/point_cloud__rosidl_typesupport_introspection_cpp.hpp
[0.834s] -- Up-to-date: /root/ros_ws/src/Rescue_Car_ws/install/sensor_msgs/include/sensor_msgs/sensor_msgs/msg/detail/laser_echo__type_support.cpp
[0.834s] -- Up-to-date: /root/ros_ws/src/Rescue_Car_ws/install/sensor_msgs/include/sensor_msgs/sensor_msgs/msg/detail/temperature__rosidl_typesupport_introspection_cpp.hpp
[0.834s] -- Up-to-date: /root/ros_ws/src/Rescue_Car_ws/install/sensor_msgs/include/sensor_msgs/sensor_msgs/msg/detail/camera_info__type_support.cpp
[0.834s] -- Up-to-date: /root/ros_ws/src/Rescue_Car_ws/install/sensor_msgs/include/sensor_msgs/sensor_msgs/msg/detail/channel_float32__rosidl_typesupport_introspection_cpp.hpp
[0.835s] -- Up-to-date: /root/ros_ws/src/Rescue_Car_ws/install/sensor_msgs/include/sensor_msgs/sensor_msgs/msg/detail/relative_humidity__rosidl_typesupport_introspection_cpp.hpp
[0.835s] -- Up-to-date: /root/ros_ws/src/Rescue_Car_ws/install/sensor_msgs/include/sensor_msgs/sensor_msgs/msg/detail/battery_state__rosidl_typesupport_introspection_cpp.hpp
[0.835s] -- Up-to-date: /root/ros_ws/src/Rescue_Car_ws/install/sensor_msgs/include/sensor_msgs/sensor_msgs/msg/detail/time_reference__rosidl_typesupport_introspection_cpp.hpp
[0.835s] -- Up-to-date: /root/ros_ws/src/Rescue_Car_ws/install/sensor_msgs/include/sensor_msgs/sensor_msgs/msg/detail/multi_echo_laser_scan__type_support.cpp
[0.835s] -- Up-to-date: /root/ros_ws/src/Rescue_Car_ws/install/sensor_msgs/include/sensor_msgs/sensor_msgs/msg/detail/relative_humidity__type_support.cpp
[0.835s] -- Up-to-date: /root/ros_ws/src/Rescue_Car_ws/install/sensor_msgs/include/sensor_msgs/sensor_msgs/msg/detail/multi_dof_joint_state__rosidl_typesupport_introspection_cpp.hpp
[0.835s] -- Up-to-date: /root/ros_ws/src/Rescue_Car_ws/install/sensor_msgs/include/sensor_msgs/sensor_msgs/msg/detail/joy_feedback_array__type_support.cpp
[0.835s] -- Up-to-date: /root/ros_ws/src/Rescue_Car_ws/install/sensor_msgs/include/sensor_msgs/sensor_msgs/msg/detail/point_cloud2__type_support.cpp
[0.835s] -- Up-to-date: /root/ros_ws/src/Rescue_Car_ws/install/sensor_msgs/include/sensor_msgs/sensor_msgs/msg/detail/range__type_support.cpp
[0.835s] -- Up-to-date: /root/ros_ws/src/Rescue_Car_ws/install/sensor_msgs/include/sensor_msgs/sensor_msgs/msg/detail/multi_echo_laser_scan__rosidl_typesupport_introspection_cpp.hpp
[0.836s] -- Up-to-date: /root/ros_ws/src/Rescue_Car_ws/install/sensor_msgs/include/sensor_msgs/sensor_msgs/msg/detail/joint_state__rosidl_typesupport_introspection_cpp.hpp
[0.836s] -- Up-to-date: /root/ros_ws/src/Rescue_Car_ws/install/sensor_msgs/include/sensor_msgs/sensor_msgs/msg/detail/battery_state__type_support.cpp
[0.836s] -- Up-to-date: /root/ros_ws/src/Rescue_Car_ws/install/sensor_msgs/include/sensor_msgs/sensor_msgs/msg/detail/joy__rosidl_typesupport_introspection_cpp.hpp
[0.836s] -- Up-to-date: /root/ros_ws/src/Rescue_Car_ws/install/sensor_msgs/include/sensor_msgs/sensor_msgs/msg/detail/point_cloud2__rosidl_typesupport_introspection_cpp.hpp
[0.837s] -- Up-to-date: /root/ros_ws/src/Rescue_Car_ws/install/sensor_msgs/include/sensor_msgs/sensor_msgs/msg/detail/fluid_pressure__rosidl_typesupport_introspection_cpp.hpp
[0.837s] -- Up-to-date: /root/ros_ws/src/Rescue_Car_ws/install/sensor_msgs/include/sensor_msgs/sensor_msgs/msg/detail/imu__rosidl_typesupport_introspection_cpp.hpp
[0.837s] -- Up-to-date: /root/ros_ws/src/Rescue_Car_ws/install/sensor_msgs/include/sensor_msgs/sensor_msgs/msg/detail/time_reference__type_support.cpp
[0.838s] -- Up-to-date: /root/ros_ws/src/Rescue_Car_ws/install/sensor_msgs/include/sensor_msgs/sensor_msgs/msg/detail/nav_sat_fix__type_support.cpp
[0.838s] -- Up-to-date: /root/ros_ws/src/Rescue_Car_ws/install/sensor_msgs/include/sensor_msgs/sensor_msgs/msg/detail/temperature__type_support.cpp
[0.838s] -- Up-to-date: /root/ros_ws/src/Rescue_Car_ws/install/sensor_msgs/include/sensor_msgs/sensor_msgs/msg/detail/compressed_image__rosidl_typesupport_introspection_cpp.hpp
[0.838s] -- Up-to-date: /root/ros_ws/src/Rescue_Car_ws/install/sensor_msgs/include/sensor_msgs/sensor_msgs/msg/detail/illuminance__rosidl_typesupport_introspection_cpp.hpp
[0.838s] -- Up-to-date: /root/ros_ws/src/Rescue_Car_ws/install/sensor_msgs/include/sensor_msgs/sensor_msgs/msg/detail/imu__type_support.cpp
[0.838s] -- Up-to-date: /root/ros_ws/src/Rescue_Car_ws/install/sensor_msgs/include/sensor_msgs/sensor_msgs/msg/detail/nav_sat_status__type_support.cpp
[0.838s] -- Up-to-date: /root/ros_ws/src/Rescue_Car_ws/install/sensor_msgs/include/sensor_msgs/sensor_msgs/msg/detail/multi_dof_joint_state__type_support.cpp
[0.838s] -- Up-to-date: /root/ros_ws/src/Rescue_Car_ws/install/sensor_msgs/include/sensor_msgs/sensor_msgs/msg/detail/fluid_pressure__type_support.cpp
[0.838s] -- Up-to-date: /root/ros_ws/src/Rescue_Car_ws/install/sensor_msgs/include/sensor_msgs/sensor_msgs/msg/detail/joy_feedback__type_support.cpp
[0.838s] -- Up-to-date: /root/ros_ws/src/Rescue_Car_ws/install/sensor_msgs/include/sensor_msgs/sensor_msgs/msg/detail/image__rosidl_typesupport_introspection_cpp.hpp
[0.838s] -- Up-to-date: /root/ros_ws/src/Rescue_Car_ws/install/sensor_msgs/include/sensor_msgs/sensor_msgs/msg/detail/channel_float32__type_support.cpp
[0.839s] -- Up-to-date: /root/ros_ws/src/Rescue_Car_ws/install/sensor_msgs/include/sensor_msgs/sensor_msgs/msg/detail/point_cloud__type_support.cpp
[0.839s] -- Up-to-date: /root/ros_ws/src/Rescue_Car_ws/install/sensor_msgs/include/sensor_msgs/sensor_msgs/msg/detail/joy__type_support.cpp
[0.839s] -- Up-to-date: /root/ros_ws/src/Rescue_Car_ws/install/sensor_msgs/include/sensor_msgs/sensor_msgs/msg/detail/joy_feedback_array__rosidl_typesupport_introspection_cpp.hpp
[0.839s] -- Up-to-date: /root/ros_ws/src/Rescue_Car_ws/install/sensor_msgs/include/sensor_msgs/sensor_msgs/msg/detail/laser_scan__type_support.cpp
[0.839s] -- Up-to-date: /root/ros_ws/src/Rescue_Car_ws/install/sensor_msgs/include/sensor_msgs/sensor_msgs/msg/detail/range__rosidl_typesupport_introspection_cpp.hpp
[0.839s] -- Up-to-date: /root/ros_ws/src/Rescue_Car_ws/install/sensor_msgs/include/sensor_msgs/sensor_msgs/msg/detail/camera_info__rosidl_typesupport_introspection_cpp.hpp
[0.839s] -- Up-to-date: /root/ros_ws/src/Rescue_Car_ws/install/sensor_msgs/include/sensor_msgs/sensor_msgs/msg/detail/region_of_interest__rosidl_typesupport_introspection_cpp.hpp
[0.839s] -- Up-to-date: /root/ros_ws/src/Rescue_Car_ws/install/sensor_msgs/include/sensor_msgs/sensor_msgs/msg/detail/laser_echo__rosidl_typesupport_introspection_cpp.hpp
[0.839s] -- Up-to-date: /root/ros_ws/src/Rescue_Car_ws/install/sensor_msgs/include/sensor_msgs/sensor_msgs/msg/detail/joint_state__type_support.cpp
[0.840s] -- Up-to-date: /root/ros_ws/src/Rescue_Car_ws/install/sensor_msgs/include/sensor_msgs/sensor_msgs/msg/detail/image__type_support.cpp
[0.840s] -- Up-to-date: /root/ros_ws/src/Rescue_Car_ws/install/sensor_msgs/include/sensor_msgs/sensor_msgs/msg/detail/compressed_image__type_support.cpp
[0.840s] -- Up-to-date: /root/ros_ws/src/Rescue_Car_ws/install/sensor_msgs/include/sensor_msgs/sensor_msgs/msg/detail/magnetic_field__rosidl_typesupport_introspection_cpp.hpp
[0.840s] -- Up-to-date: /root/ros_ws/src/Rescue_Car_ws/install/sensor_msgs/include/sensor_msgs/sensor_msgs/msg/detail/magnetic_field__type_support.cpp
[0.840s] -- Up-to-date: /root/ros_ws/src/Rescue_Car_ws/install/sensor_msgs/include/sensor_msgs/sensor_msgs/msg/detail/illuminance__type_support.cpp
[0.840s] -- Up-to-date: /root/ros_ws/src/Rescue_Car_ws/install/sensor_msgs/include/sensor_msgs/sensor_msgs/msg/detail/region_of_interest__type_support.cpp
[0.840s] -- Up-to-date: /root/ros_ws/src/Rescue_Car_ws/install/sensor_msgs/include/sensor_msgs/sensor_msgs/msg/detail/point_field__type_support.cpp
[0.841s] -- Up-to-date: /root/ros_ws/src/Rescue_Car_ws/install/sensor_msgs/include/sensor_msgs/sensor_msgs/msg/detail/nav_sat_fix__rosidl_typesupport_introspection_cpp.hpp
[0.841s] -- Up-to-date: /root/ros_ws/src/Rescue_Car_ws/install/sensor_msgs/include/sensor_msgs/sensor_msgs/msg/detail/laser_scan__rosidl_typesupport_introspection_cpp.hpp
[0.841s] -- Up-to-date: /root/ros_ws/src/Rescue_Car_ws/install/sensor_msgs/lib/libsensor_msgs__rosidl_typesupport_introspection_cpp.so
[0.841s] -- Up-to-date: /root/ros_ws/src/Rescue_Car_ws/install/sensor_msgs/lib/libsensor_msgs__rosidl_typesupport_cpp.so
[0.841s] -- Up-to-date: /root/ros_ws/src/Rescue_Car_ws/install/sensor_msgs/share/sensor_msgs/environment/pythonpath.sh
[0.841s] -- Up-to-date: /root/ros_ws/src/Rescue_Car_ws/install/sensor_msgs/share/sensor_msgs/environment/pythonpath.dsv
[0.841s] -- Up-to-date: /root/ros_ws/src/Rescue_Car_ws/install/sensor_msgs/local/lib/python3.10/dist-packages/sensor_msgs-4.9.0-py3.10.egg-info
[0.841s] -- Installing: /root/ros_ws/src/Rescue_Car_ws/install/sensor_msgs/local/lib/python3.10/dist-packages/sensor_msgs-4.9.0-py3.10.egg-info/dependency_links.txt
[0.841s] -- Installing: /root/ros_ws/src/Rescue_Car_ws/install/sensor_msgs/local/lib/python3.10/dist-packages/sensor_msgs-4.9.0-py3.10.egg-info/SOURCES.txt
[0.841s] -- Installing: /root/ros_ws/src/Rescue_Car_ws/install/sensor_msgs/local/lib/python3.10/dist-packages/sensor_msgs-4.9.0-py3.10.egg-info/PKG-INFO
[0.841s] -- Installing: /root/ros_ws/src/Rescue_Car_ws/install/sensor_msgs/local/lib/python3.10/dist-packages/sensor_msgs-4.9.0-py3.10.egg-info/top_level.txt
[0.841s] -- Up-to-date: /root/ros_ws/src/Rescue_Car_ws/install/sensor_msgs/local/lib/python3.10/dist-packages/sensor_msgs
[0.841s] -- Up-to-date: /root/ros_ws/src/Rescue_Car_ws/install/sensor_msgs/local/lib/python3.10/dist-packages/sensor_msgs/sensor_msgs_s__rosidl_typesupport_fastrtps_c.cpython-310-x86_64-linux-gnu.so
[0.842s] -- Up-to-date: /root/ros_ws/src/Rescue_Car_ws/install/sensor_msgs/local/lib/python3.10/dist-packages/sensor_msgs/_sensor_msgs_s.ep.rosidl_typesupport_fastrtps_c.c
[0.842s] -- Up-to-date: /root/ros_ws/src/Rescue_Car_ws/install/sensor_msgs/local/lib/python3.10/dist-packages/sensor_msgs/sensor_msgs_s__rosidl_typesupport_c.cpython-310-x86_64-linux-gnu.so
[0.842s] -- Up-to-date: /root/ros_ws/src/Rescue_Car_ws/install/sensor_msgs/local/lib/python3.10/dist-packages/sensor_msgs/_sensor_msgs_s.ep.rosidl_typesupport_c.c
[0.842s] -- Up-to-date: /root/ros_ws/src/Rescue_Car_ws/install/sensor_msgs/local/lib/python3.10/dist-packages/sensor_msgs/libsensor_msgs__rosidl_generator_py.so
[0.842s] -- Up-to-date: /root/ros_ws/src/Rescue_Car_ws/install/sensor_msgs/local/lib/python3.10/dist-packages/sensor_msgs/srv
[0.842s] -- Up-to-date: /root/ros_ws/src/Rescue_Car_ws/install/sensor_msgs/local/lib/python3.10/dist-packages/sensor_msgs/srv/_set_camera_info.py
[0.842s] -- Up-to-date: /root/ros_ws/src/Rescue_Car_ws/install/sensor_msgs/local/lib/python3.10/dist-packages/sensor_msgs/srv/_set_camera_info_s.c
[0.842s] -- Up-to-date: /root/ros_ws/src/Rescue_Car_ws/install/sensor_msgs/local/lib/python3.10/dist-packages/sensor_msgs/srv/__init__.py
[0.842s] -- Up-to-date: /root/ros_ws/src/Rescue_Car_ws/install/sensor_msgs/local/lib/python3.10/dist-packages/sensor_msgs/__init__.py
[0.842s] -- Up-to-date: /root/ros_ws/src/Rescue_Car_ws/install/sensor_msgs/local/lib/python3.10/dist-packages/sensor_msgs/msg
[0.843s] -- Up-to-date: /root/ros_ws/src/Rescue_Car_ws/install/sensor_msgs/local/lib/python3.10/dist-packages/sensor_msgs/msg/_point_field.py
[0.843s] -- Up-to-date: /root/ros_ws/src/Rescue_Car_ws/install/sensor_msgs/local/lib/python3.10/dist-packages/sensor_msgs/msg/_joy_feedback.py
[0.843s] -- Up-to-date: /root/ros_ws/src/Rescue_Car_ws/install/sensor_msgs/local/lib/python3.10/dist-packages/sensor_msgs/msg/_region_of_interest.py
[0.843s] -- Up-to-date: /root/ros_ws/src/Rescue_Car_ws/install/sensor_msgs/local/lib/python3.10/dist-packages/sensor_msgs/msg/_nav_sat_status.py
[0.843s] -- Up-to-date: /root/ros_ws/src/Rescue_Car_ws/install/sensor_msgs/local/lib/python3.10/dist-packages/sensor_msgs/msg/_point_cloud2.py
[0.843s] -- Up-to-date: /root/ros_ws/src/Rescue_Car_ws/install/sensor_msgs/local/lib/python3.10/dist-packages/sensor_msgs/msg/_battery_state_s.c
[0.843s] -- Up-to-date: /root/ros_ws/src/Rescue_Car_ws/install/sensor_msgs/local/lib/python3.10/dist-packages/sensor_msgs/msg/_multi_echo_laser_scan_s.c
[0.843s] -- Up-to-date: /root/ros_ws/src/Rescue_Car_ws/install/sensor_msgs/local/lib/python3.10/dist-packages/sensor_msgs/msg/_magnetic_field.py
[0.843s] -- Up-to-date: /root/ros_ws/src/Rescue_Car_ws/install/sensor_msgs/local/lib/python3.10/dist-packages/sensor_msgs/msg/_nav_sat_status_s.c
[0.843s] -- Up-to-date: /root/ros_ws/src/Rescue_Car_ws/install/sensor_msgs/local/lib/python3.10/dist-packages/sensor_msgs/msg/_camera_info.py
[0.843s] -- Up-to-date: /root/ros_ws/src/Rescue_Car_ws/install/sensor_msgs/local/lib/python3.10/dist-packages/sensor_msgs/msg/_point_cloud2_s.c
[0.843s] -- Up-to-date: /root/ros_ws/src/Rescue_Car_ws/install/sensor_msgs/local/lib/python3.10/dist-packages/sensor_msgs/msg/_compressed_image.py
[0.844s] -- Up-to-date: /root/ros_ws/src/Rescue_Car_ws/install/sensor_msgs/local/lib/python3.10/dist-packages/sensor_msgs/msg/_laser_echo_s.c
[0.844s] -- Up-to-date: /root/ros_ws/src/Rescue_Car_ws/install/sensor_msgs/local/lib/python3.10/dist-packages/sensor_msgs/msg/_fluid_pressure.py
[0.844s] -- Up-to-date: /root/ros_ws/src/Rescue_Car_ws/install/sensor_msgs/local/lib/python3.10/dist-packages/sensor_msgs/msg/_relative_humidity_s.c
[0.844s] -- Up-to-date: /root/ros_ws/src/Rescue_Car_ws/install/sensor_msgs/local/lib/python3.10/dist-packages/sensor_msgs/msg/_imu.py
[0.844s] -- Up-to-date: /root/ros_ws/src/Rescue_Car_ws/install/sensor_msgs/local/lib/python3.10/dist-packages/sensor_msgs/msg/_joy_feedback_s.c
[0.844s] -- Up-to-date: /root/ros_ws/src/Rescue_Car_ws/install/sensor_msgs/local/lib/python3.10/dist-packages/sensor_msgs/msg/_time_reference_s.c
[0.844s] -- Up-to-date: /root/ros_ws/src/Rescue_Car_ws/install/sensor_msgs/local/lib/python3.10/dist-packages/sensor_msgs/msg/_joy_s.c
[0.844s] -- Up-to-date: /root/ros_ws/src/Rescue_Car_ws/install/sensor_msgs/local/lib/python3.10/dist-packages/sensor_msgs/msg/_laser_scan_s.c
[0.844s] -- Up-to-date: /root/ros_ws/src/Rescue_Car_ws/install/sensor_msgs/local/lib/python3.10/dist-packages/sensor_msgs/msg/_joint_state_s.c
[0.844s] -- Up-to-date: /root/ros_ws/src/Rescue_Car_ws/install/sensor_msgs/local/lib/python3.10/dist-packages/sensor_msgs/msg/_laser_scan.py
[0.844s] -- Up-to-date: /root/ros_ws/src/Rescue_Car_ws/install/sensor_msgs/local/lib/python3.10/dist-packages/sensor_msgs/msg/_multi_dof_joint_state_s.c
[0.844s] -- Up-to-date: /root/ros_ws/src/Rescue_Car_ws/install/sensor_msgs/local/lib/python3.10/dist-packages/sensor_msgs/msg/_nav_sat_fix.py
[0.844s] -- Up-to-date: /root/ros_ws/src/Rescue_Car_ws/install/sensor_msgs/local/lib/python3.10/dist-packages/sensor_msgs/msg/_laser_echo.py
[0.845s] -- Up-to-date: /root/ros_ws/src/Rescue_Car_ws/install/sensor_msgs/local/lib/python3.10/dist-packages/sensor_msgs/msg/_fluid_pressure_s.c
[0.845s] -- Up-to-date: /root/ros_ws/src/Rescue_Car_ws/install/sensor_msgs/local/lib/python3.10/dist-packages/sensor_msgs/msg/_battery_state.py
[0.845s] -- Up-to-date: /root/ros_ws/src/Rescue_Car_ws/install/sensor_msgs/local/lib/python3.10/dist-packages/sensor_msgs/msg/_multi_echo_laser_scan.py
[0.845s] -- Up-to-date: /root/ros_ws/src/Rescue_Car_ws/install/sensor_msgs/local/lib/python3.10/dist-packages/sensor_msgs/msg/_compressed_image_s.c
[0.845s] -- Up-to-date: /root/ros_ws/src/Rescue_Car_ws/install/sensor_msgs/local/lib/python3.10/dist-packages/sensor_msgs/msg/_joint_state.py
[0.845s] -- Up-to-date: /root/ros_ws/src/Rescue_Car_ws/install/sensor_msgs/local/lib/python3.10/dist-packages/sensor_msgs/msg/_illuminance.py
[0.845s] -- Up-to-date: /root/ros_ws/src/Rescue_Car_ws/install/sensor_msgs/local/lib/python3.10/dist-packages/sensor_msgs/msg/_range.py
[0.845s] -- Up-to-date: /root/ros_ws/src/Rescue_Car_ws/install/sensor_msgs/local/lib/python3.10/dist-packages/sensor_msgs/msg/_channel_float32.py
[0.845s] -- Up-to-date: /root/ros_ws/src/Rescue_Car_ws/install/sensor_msgs/local/lib/python3.10/dist-packages/sensor_msgs/msg/_time_reference.py
[0.845s] -- Up-to-date: /root/ros_ws/src/Rescue_Car_ws/install/sensor_msgs/local/lib/python3.10/dist-packages/sensor_msgs/msg/_camera_info_s.c
[0.845s] -- Up-to-date: /root/ros_ws/src/Rescue_Car_ws/install/sensor_msgs/local/lib/python3.10/dist-packages/sensor_msgs/msg/_point_field_s.c
[0.845s] -- Up-to-date: /root/ros_ws/src/Rescue_Car_ws/install/sensor_msgs/local/lib/python3.10/dist-packages/sensor_msgs/msg/_range_s.c
[0.845s] -- Up-to-date: /root/ros_ws/src/Rescue_Car_ws/install/sensor_msgs/local/lib/python3.10/dist-packages/sensor_msgs/msg/_image_s.c
[0.846s] -- Up-to-date: /root/ros_ws/src/Rescue_Car_ws/install/sensor_msgs/local/lib/python3.10/dist-packages/sensor_msgs/msg/_temperature_s.c
[0.846s] -- Up-to-date: /root/ros_ws/src/Rescue_Car_ws/install/sensor_msgs/local/lib/python3.10/dist-packages/sensor_msgs/msg/_joy.py
[0.846s] -- Up-to-date: /root/ros_ws/src/Rescue_Car_ws/install/sensor_msgs/local/lib/python3.10/dist-packages/sensor_msgs/msg/_joy_feedback_array.py
[0.846s] -- Up-to-date: /root/ros_ws/src/Rescue_Car_ws/install/sensor_msgs/local/lib/python3.10/dist-packages/sensor_msgs/msg/_multi_dof_joint_state.py
[0.846s] -- Up-to-date: /root/ros_ws/src/Rescue_Car_ws/install/sensor_msgs/local/lib/python3.10/dist-packages/sensor_msgs/msg/_temperature.py
[0.846s] -- Up-to-date: /root/ros_ws/src/Rescue_Car_ws/install/sensor_msgs/local/lib/python3.10/dist-packages/sensor_msgs/msg/_magnetic_field_s.c
[0.846s] -- Up-to-date: /root/ros_ws/src/Rescue_Car_ws/install/sensor_msgs/local/lib/python3.10/dist-packages/sensor_msgs/msg/_nav_sat_fix_s.c
[0.846s] -- Up-to-date: /root/ros_ws/src/Rescue_Car_ws/install/sensor_msgs/local/lib/python3.10/dist-packages/sensor_msgs/msg/__init__.py
[0.846s] -- Up-to-date: /root/ros_ws/src/Rescue_Car_ws/install/sensor_msgs/local/lib/python3.10/dist-packages/sensor_msgs/msg/_point_cloud_s.c
[0.846s] -- Up-to-date: /root/ros_ws/src/Rescue_Car_ws/install/sensor_msgs/local/lib/python3.10/dist-packages/sensor_msgs/msg/_imu_s.c
[0.846s] -- Up-to-date: /root/ros_ws/src/Rescue_Car_ws/install/sensor_msgs/local/lib/python3.10/dist-packages/sensor_msgs/msg/_region_of_interest_s.c
[0.847s] -- Up-to-date: /root/ros_ws/src/Rescue_Car_ws/install/sensor_msgs/local/lib/python3.10/dist-packages/sensor_msgs/msg/_channel_float32_s.c
[0.847s] -- Up-to-date: /root/ros_ws/src/Rescue_Car_ws/install/sensor_msgs/local/lib/python3.10/dist-packages/sensor_msgs/msg/_point_cloud.py
[0.847s] -- Up-to-date: /root/ros_ws/src/Rescue_Car_ws/install/sensor_msgs/local/lib/python3.10/dist-packages/sensor_msgs/msg/_illuminance_s.c
[0.847s] -- Up-to-date: /root/ros_ws/src/Rescue_Car_ws/install/sensor_msgs/local/lib/python3.10/dist-packages/sensor_msgs/msg/_joy_feedback_array_s.c
[0.847s] -- Up-to-date: /root/ros_ws/src/Rescue_Car_ws/install/sensor_msgs/local/lib/python3.10/dist-packages/sensor_msgs/msg/_relative_humidity.py
[0.847s] -- Up-to-date: /root/ros_ws/src/Rescue_Car_ws/install/sensor_msgs/local/lib/python3.10/dist-packages/sensor_msgs/msg/_image.py
[0.848s] -- Up-to-date: /root/ros_ws/src/Rescue_Car_ws/install/sensor_msgs/local/lib/python3.10/dist-packages/sensor_msgs/_sensor_msgs_s.ep.rosidl_typesupport_introspection_c.c
[0.848s] -- Up-to-date: /root/ros_ws/src/Rescue_Car_ws/install/sensor_msgs/local/lib/python3.10/dist-packages/sensor_msgs/sensor_msgs_s__rosidl_typesupport_introspection_c.cpython-310-x86_64-linux-gnu.so
[0.875s] Listing '/root/ros_ws/src/Rescue_Car_ws/install/sensor_msgs/local/lib/python3.10/dist-packages/sensor_msgs'...
[0.876s] Listing '/root/ros_ws/src/Rescue_Car_ws/install/sensor_msgs/local/lib/python3.10/dist-packages/sensor_msgs/msg'...
[0.877s] Listing '/root/ros_ws/src/Rescue_Car_ws/install/sensor_msgs/local/lib/python3.10/dist-packages/sensor_msgs/srv'...
[0.878s] -- Up-to-date: /root/ros_ws/src/Rescue_Car_ws/install/sensor_msgs/local/lib/python3.10/dist-packages/sensor_msgs/sensor_msgs_s__rosidl_typesupport_fastrtps_c.cpython-310-x86_64-linux-gnu.so
[0.879s] -- Up-to-date: /root/ros_ws/src/Rescue_Car_ws/install/sensor_msgs/local/lib/python3.10/dist-packages/sensor_msgs/sensor_msgs_s__rosidl_typesupport_introspection_c.cpython-310-x86_64-linux-gnu.so
[0.879s] -- Up-to-date: /root/ros_ws/src/Rescue_Car_ws/install/sensor_msgs/local/lib/python3.10/dist-packages/sensor_msgs/sensor_msgs_s__rosidl_typesupport_c.cpython-310-x86_64-linux-gnu.so
[0.879s] -- Up-to-date: /root/ros_ws/src/Rescue_Car_ws/install/sensor_msgs/lib/libsensor_msgs__rosidl_generator_py.so
[0.879s] -- Up-to-date: /root/ros_ws/src/Rescue_Car_ws/install/sensor_msgs/share/sensor_msgs/msg/BatteryState.idl
[0.879s] -- Up-to-date: /root/ros_ws/src/Rescue_Car_ws/install/sensor_msgs/share/sensor_msgs/msg/CameraInfo.idl
[0.879s] -- Up-to-date: /root/ros_ws/src/Rescue_Car_ws/install/sensor_msgs/share/sensor_msgs/msg/ChannelFloat32.idl
[0.879s] -- Up-to-date: /root/ros_ws/src/Rescue_Car_ws/install/sensor_msgs/share/sensor_msgs/msg/CompressedImage.idl
[0.879s] -- Up-to-date: /root/ros_ws/src/Rescue_Car_ws/install/sensor_msgs/share/sensor_msgs/msg/FluidPressure.idl
[0.879s] -- Up-to-date: /root/ros_ws/src/Rescue_Car_ws/install/sensor_msgs/share/sensor_msgs/msg/Illuminance.idl
[0.879s] -- Up-to-date: /root/ros_ws/src/Rescue_Car_ws/install/sensor_msgs/share/sensor_msgs/msg/Image.idl
[0.879s] -- Up-to-date: /root/ros_ws/src/Rescue_Car_ws/install/sensor_msgs/share/sensor_msgs/msg/Imu.idl
[0.879s] -- Up-to-date: /root/ros_ws/src/Rescue_Car_ws/install/sensor_msgs/share/sensor_msgs/msg/JointState.idl
[0.880s] -- Up-to-date: /root/ros_ws/src/Rescue_Car_ws/install/sensor_msgs/share/sensor_msgs/msg/Joy.idl
[0.881s] -- Up-to-date: /root/ros_ws/src/Rescue_Car_ws/install/sensor_msgs/share/sensor_msgs/msg/JoyFeedback.idl
[0.881s] -- Up-to-date: /root/ros_ws/src/Rescue_Car_ws/install/sensor_msgs/share/sensor_msgs/msg/JoyFeedbackArray.idl
[0.881s] -- Up-to-date: /root/ros_ws/src/Rescue_Car_ws/install/sensor_msgs/share/sensor_msgs/msg/LaserEcho.idl
[0.881s] -- Up-to-date: /root/ros_ws/src/Rescue_Car_ws/install/sensor_msgs/share/sensor_msgs/msg/LaserScan.idl
[0.881s] -- Up-to-date: /root/ros_ws/src/Rescue_Car_ws/install/sensor_msgs/share/sensor_msgs/msg/MagneticField.idl
[0.881s] -- Up-to-date: /root/ros_ws/src/Rescue_Car_ws/install/sensor_msgs/share/sensor_msgs/msg/MultiDOFJointState.idl
[0.881s] -- Up-to-date: /root/ros_ws/src/Rescue_Car_ws/install/sensor_msgs/share/sensor_msgs/msg/MultiEchoLaserScan.idl
[0.881s] -- Up-to-date: /root/ros_ws/src/Rescue_Car_ws/install/sensor_msgs/share/sensor_msgs/msg/NavSatFix.idl
[0.882s] -- Up-to-date: /root/ros_ws/src/Rescue_Car_ws/install/sensor_msgs/share/sensor_msgs/msg/NavSatStatus.idl
[0.882s] -- Up-to-date: /root/ros_ws/src/Rescue_Car_ws/install/sensor_msgs/share/sensor_msgs/msg/PointCloud.idl
[0.882s] -- Up-to-date: /root/ros_ws/src/Rescue_Car_ws/install/sensor_msgs/share/sensor_msgs/msg/PointCloud2.idl
[0.883s] -- Up-to-date: /root/ros_ws/src/Rescue_Car_ws/install/sensor_msgs/share/sensor_msgs/msg/PointField.idl
[0.883s] -- Up-to-date: /root/ros_ws/src/Rescue_Car_ws/install/sensor_msgs/share/sensor_msgs/msg/Range.idl
[0.883s] -- Up-to-date: /root/ros_ws/src/Rescue_Car_ws/install/sensor_msgs/share/sensor_msgs/msg/RegionOfInterest.idl
[0.884s] -- Up-to-date: /root/ros_ws/src/Rescue_Car_ws/install/sensor_msgs/share/sensor_msgs/msg/RelativeHumidity.idl
[0.884s] -- Up-to-date: /root/ros_ws/src/Rescue_Car_ws/install/sensor_msgs/share/sensor_msgs/msg/Temperature.idl
[0.884s] -- Up-to-date: /root/ros_ws/src/Rescue_Car_ws/install/sensor_msgs/share/sensor_msgs/msg/TimeReference.idl
[0.884s] -- Up-to-date: /root/ros_ws/src/Rescue_Car_ws/install/sensor_msgs/share/sensor_msgs/srv/SetCameraInfo.idl
[0.885s] -- Up-to-date: /root/ros_ws/src/Rescue_Car_ws/install/sensor_msgs/share/sensor_msgs/msg/BatteryState.msg
[0.885s] -- Up-to-date: /root/ros_ws/src/Rescue_Car_ws/install/sensor_msgs/share/sensor_msgs/msg/CameraInfo.msg
[0.885s] -- Up-to-date: /root/ros_ws/src/Rescue_Car_ws/install/sensor_msgs/share/sensor_msgs/msg/ChannelFloat32.msg
[0.885s] -- Up-to-date: /root/ros_ws/src/Rescue_Car_ws/install/sensor_msgs/share/sensor_msgs/msg/CompressedImage.msg
[0.885s] -- Up-to-date: /root/ros_ws/src/Rescue_Car_ws/install/sensor_msgs/share/sensor_msgs/msg/FluidPressure.msg
[0.885s] -- Up-to-date: /root/ros_ws/src/Rescue_Car_ws/install/sensor_msgs/share/sensor_msgs/msg/Illuminance.msg
[0.885s] -- Up-to-date: /root/ros_ws/src/Rescue_Car_ws/install/sensor_msgs/share/sensor_msgs/msg/Image.msg
[0.885s] -- Up-to-date: /root/ros_ws/src/Rescue_Car_ws/install/sensor_msgs/share/sensor_msgs/msg/Imu.msg
[0.885s] -- Up-to-date: /root/ros_ws/src/Rescue_Car_ws/install/sensor_msgs/share/sensor_msgs/msg/JointState.msg
[0.885s] -- Up-to-date: /root/ros_ws/src/Rescue_Car_ws/install/sensor_msgs/share/sensor_msgs/msg/Joy.msg
[0.885s] -- Up-to-date: /root/ros_ws/src/Rescue_Car_ws/install/sensor_msgs/share/sensor_msgs/msg/JoyFeedback.msg
[0.886s] -- Up-to-date: /root/ros_ws/src/Rescue_Car_ws/install/sensor_msgs/share/sensor_msgs/msg/JoyFeedbackArray.msg
[0.886s] -- Up-to-date: /root/ros_ws/src/Rescue_Car_ws/install/sensor_msgs/share/sensor_msgs/msg/LaserEcho.msg
[0.886s] -- Up-to-date: /root/ros_ws/src/Rescue_Car_ws/install/sensor_msgs/share/sensor_msgs/msg/LaserScan.msg
[0.886s] -- Up-to-date: /root/ros_ws/src/Rescue_Car_ws/install/sensor_msgs/share/sensor_msgs/msg/MagneticField.msg
[0.886s] -- Up-to-date: /root/ros_ws/src/Rescue_Car_ws/install/sensor_msgs/share/sensor_msgs/msg/MultiDOFJointState.msg
[0.886s] -- Up-to-date: /root/ros_ws/src/Rescue_Car_ws/install/sensor_msgs/share/sensor_msgs/msg/MultiEchoLaserScan.msg
[0.886s] -- Up-to-date: /root/ros_ws/src/Rescue_Car_ws/install/sensor_msgs/share/sensor_msgs/msg/NavSatFix.msg
[0.886s] -- Up-to-date: /root/ros_ws/src/Rescue_Car_ws/install/sensor_msgs/share/sensor_msgs/msg/NavSatStatus.msg
[0.886s] -- Up-to-date: /root/ros_ws/src/Rescue_Car_ws/install/sensor_msgs/share/sensor_msgs/msg/PointCloud.msg
[0.886s] -- Up-to-date: /root/ros_ws/src/Rescue_Car_ws/install/sensor_msgs/share/sensor_msgs/msg/PointCloud2.msg
[0.886s] -- Up-to-date: /root/ros_ws/src/Rescue_Car_ws/install/sensor_msgs/share/sensor_msgs/msg/PointField.msg
[0.886s] -- Up-to-date: /root/ros_ws/src/Rescue_Car_ws/install/sensor_msgs/share/sensor_msgs/msg/Range.msg
[0.887s] -- Up-to-date: /root/ros_ws/src/Rescue_Car_ws/install/sensor_msgs/share/sensor_msgs/msg/RegionOfInterest.msg
[0.887s] -- Up-to-date: /root/ros_ws/src/Rescue_Car_ws/install/sensor_msgs/share/sensor_msgs/msg/RelativeHumidity.msg
[0.887s] -- Up-to-date: /root/ros_ws/src/Rescue_Car_ws/install/sensor_msgs/share/sensor_msgs/msg/Temperature.msg
[0.887s] -- Up-to-date: /root/ros_ws/src/Rescue_Car_ws/install/sensor_msgs/share/sensor_msgs/msg/TimeReference.msg
[0.887s] -- Up-to-date: /root/ros_ws/src/Rescue_Car_ws/install/sensor_msgs/share/sensor_msgs/srv/SetCameraInfo.srv
[0.887s] -- Up-to-date: /root/ros_ws/src/Rescue_Car_ws/install/sensor_msgs/share/sensor_msgs/srv/SetCameraInfo_Request.msg
[0.887s] -- Up-to-date: /root/ros_ws/src/Rescue_Car_ws/install/sensor_msgs/share/sensor_msgs/srv/SetCameraInfo_Response.msg
[0.887s] -- Up-to-date: /root/ros_ws/src/Rescue_Car_ws/install/sensor_msgs/include/sensor_msgs
[0.887s] -- Up-to-date: /root/ros_ws/src/Rescue_Car_ws/install/sensor_msgs/include/sensor_msgs/sensor_msgs
[0.887s] -- Up-to-date: /root/ros_ws/src/Rescue_Car_ws/install/sensor_msgs/include/sensor_msgs/sensor_msgs/fill_image.hpp
[0.888s] -- Up-to-date: /root/ros_ws/src/Rescue_Car_ws/install/sensor_msgs/include/sensor_msgs/sensor_msgs/point_field_conversion.hpp
[0.888s] -- Up-to-date: /root/ros_ws/src/Rescue_Car_ws/install/sensor_msgs/include/sensor_msgs/sensor_msgs/point_cloud2_iterator.hpp
[0.888s] -- Up-to-date: /root/ros_ws/src/Rescue_Car_ws/install/sensor_msgs/include/sensor_msgs/sensor_msgs/distortion_models.hpp
[0.888s] -- Up-to-date: /root/ros_ws/src/Rescue_Car_ws/install/sensor_msgs/include/sensor_msgs/sensor_msgs/impl
[0.888s] -- Up-to-date: /root/ros_ws/src/Rescue_Car_ws/install/sensor_msgs/include/sensor_msgs/sensor_msgs/impl/point_cloud2_iterator.hpp
[0.888s] -- Up-to-date: /root/ros_ws/src/Rescue_Car_ws/install/sensor_msgs/include/sensor_msgs/sensor_msgs/point_cloud_conversion.hpp
[0.888s] -- Up-to-date: /root/ros_ws/src/Rescue_Car_ws/install/sensor_msgs/include/sensor_msgs/sensor_msgs/image_encodings.hpp
[0.888s] -- Up-to-date: /root/ros_ws/src/Rescue_Car_ws/install/sensor_msgs/share/ament_index/resource_index/package_run_dependencies/sensor_msgs
[0.889s] -- Up-to-date: /root/ros_ws/src/Rescue_Car_ws/install/sensor_msgs/share/ament_index/resource_index/parent_prefix_path/sensor_msgs
[0.889s] -- Up-to-date: /root/ros_ws/src/Rescue_Car_ws/install/sensor_msgs/share/sensor_msgs/environment/ament_prefix_path.sh
[0.889s] -- Up-to-date: /root/ros_ws/src/Rescue_Car_ws/install/sensor_msgs/share/sensor_msgs/environment/ament_prefix_path.dsv
[0.889s] -- Up-to-date: /root/ros_ws/src/Rescue_Car_ws/install/sensor_msgs/share/sensor_msgs/environment/path.sh
[0.889s] -- Up-to-date: /root/ros_ws/src/Rescue_Car_ws/install/sensor_msgs/share/sensor_msgs/environment/path.dsv
[0.889s] -- Up-to-date: /root/ros_ws/src/Rescue_Car_ws/install/sensor_msgs/share/sensor_msgs/local_setup.bash
[0.889s] -- Up-to-date: /root/ros_ws/src/Rescue_Car_ws/install/sensor_msgs/share/sensor_msgs/local_setup.sh
[0.889s] -- Up-to-date: /root/ros_ws/src/Rescue_Car_ws/install/sensor_msgs/share/sensor_msgs/local_setup.zsh
[0.889s] -- Up-to-date: /root/ros_ws/src/Rescue_Car_ws/install/sensor_msgs/share/sensor_msgs/local_setup.dsv
[0.890s] -- Installing: /root/ros_ws/src/Rescue_Car_ws/install/sensor_msgs/share/sensor_msgs/package.dsv
[0.890s] -- Up-to-date: /root/ros_ws/src/Rescue_Car_ws/install/sensor_msgs/share/ament_index/resource_index/packages/sensor_msgs
[0.890s] -- Up-to-date: /root/ros_ws/src/Rescue_Car_ws/install/sensor_msgs/share/sensor_msgs/cmake/export_sensor_msgs__rosidl_generator_cExport.cmake
[0.890s] -- Up-to-date: /root/ros_ws/src/Rescue_Car_ws/install/sensor_msgs/share/sensor_msgs/cmake/export_sensor_msgs__rosidl_generator_cExport-noconfig.cmake
[0.890s] -- Up-to-date: /root/ros_ws/src/Rescue_Car_ws/install/sensor_msgs/share/sensor_msgs/cmake/export_sensor_msgs__rosidl_typesupport_fastrtps_cExport.cmake
[0.890s] -- Up-to-date: /root/ros_ws/src/Rescue_Car_ws/install/sensor_msgs/share/sensor_msgs/cmake/export_sensor_msgs__rosidl_typesupport_fastrtps_cExport-noconfig.cmake
[0.890s] -- Up-to-date: /root/ros_ws/src/Rescue_Car_ws/install/sensor_msgs/share/sensor_msgs/cmake/export_sensor_msgs__rosidl_generator_cppExport.cmake
[0.890s] -- Up-to-date: /root/ros_ws/src/Rescue_Car_ws/install/sensor_msgs/share/sensor_msgs/cmake/export_sensor_msgs__rosidl_typesupport_fastrtps_cppExport.cmake
[0.890s] -- Up-to-date: /root/ros_ws/src/Rescue_Car_ws/install/sensor_msgs/share/sensor_msgs/cmake/export_sensor_msgs__rosidl_typesupport_fastrtps_cppExport-noconfig.cmake
[0.890s] -- Up-to-date: /root/ros_ws/src/Rescue_Car_ws/install/sensor_msgs/share/sensor_msgs/cmake/sensor_msgs__rosidl_typesupport_introspection_cExport.cmake
[0.890s] -- Up-to-date: /root/ros_ws/src/Rescue_Car_ws/install/sensor_msgs/share/sensor_msgs/cmake/sensor_msgs__rosidl_typesupport_introspection_cExport-noconfig.cmake
[0.890s] -- Up-to-date: /root/ros_ws/src/Rescue_Car_ws/install/sensor_msgs/share/sensor_msgs/cmake/sensor_msgs__rosidl_typesupport_cExport.cmake
[0.891s] -- Up-to-date: /root/ros_ws/src/Rescue_Car_ws/install/sensor_msgs/share/sensor_msgs/cmake/sensor_msgs__rosidl_typesupport_cExport-noconfig.cmake
[0.891s] -- Up-to-date: /root/ros_ws/src/Rescue_Car_ws/install/sensor_msgs/share/sensor_msgs/cmake/sensor_msgs__rosidl_typesupport_introspection_cppExport.cmake
[0.891s] -- Up-to-date: /root/ros_ws/src/Rescue_Car_ws/install/sensor_msgs/share/sensor_msgs/cmake/sensor_msgs__rosidl_typesupport_introspection_cppExport-noconfig.cmake
[0.891s] -- Up-to-date: /root/ros_ws/src/Rescue_Car_ws/install/sensor_msgs/share/sensor_msgs/cmake/sensor_msgs__rosidl_typesupport_cppExport.cmake
[0.891s] -- Up-to-date: /root/ros_ws/src/Rescue_Car_ws/install/sensor_msgs/share/sensor_msgs/cmake/sensor_msgs__rosidl_typesupport_cppExport-noconfig.cmake
[0.891s] -- Up-to-date: /root/ros_ws/src/Rescue_Car_ws/install/sensor_msgs/share/sensor_msgs/cmake/export_sensor_msgs__rosidl_generator_pyExport.cmake
[0.891s] -- Up-to-date: /root/ros_ws/src/Rescue_Car_ws/install/sensor_msgs/share/sensor_msgs/cmake/export_sensor_msgs__rosidl_generator_pyExport-noconfig.cmake
[0.891s] -- Up-to-date: /root/ros_ws/src/Rescue_Car_ws/install/sensor_msgs/share/sensor_msgs/cmake/export_sensor_msgsExport.cmake
[0.891s] -- Up-to-date: /root/ros_ws/src/Rescue_Car_ws/install/sensor_msgs/share/sensor_msgs/cmake/rosidl_cmake-extras.cmake
[0.891s] -- Up-to-date: /root/ros_ws/src/Rescue_Car_ws/install/sensor_msgs/share/sensor_msgs/cmake/ament_cmake_export_dependencies-extras.cmake
[0.891s] -- Up-to-date: /root/ros_ws/src/Rescue_Car_ws/install/sensor_msgs/share/sensor_msgs/cmake/ament_cmake_export_include_directories-extras.cmake
[0.891s] -- Up-to-date: /root/ros_ws/src/Rescue_Car_ws/install/sensor_msgs/share/sensor_msgs/cmake/ament_cmake_export_libraries-extras.cmake
[0.891s] -- Up-to-date: /root/ros_ws/src/Rescue_Car_ws/install/sensor_msgs/share/sensor_msgs/cmake/ament_cmake_export_targets-extras.cmake
[0.892s] -- Up-to-date: /root/ros_ws/src/Rescue_Car_ws/install/sensor_msgs/share/sensor_msgs/cmake/rosidl_cmake_export_typesupport_targets-extras.cmake
[0.892s] -- Up-to-date: /root/ros_ws/src/Rescue_Car_ws/install/sensor_msgs/share/sensor_msgs/cmake/rosidl_cmake_export_typesupport_libraries-extras.cmake
[0.892s] -- Up-to-date: /root/ros_ws/src/Rescue_Car_ws/install/sensor_msgs/share/sensor_msgs/cmake/sensor_msgsConfig.cmake
[0.892s] -- Up-to-date: /root/ros_ws/src/Rescue_Car_ws/install/sensor_msgs/share/sensor_msgs/cmake/sensor_msgsConfig-version.cmake
[0.892s] -- Up-to-date: /root/ros_ws/src/Rescue_Car_ws/install/sensor_msgs/share/sensor_msgs/package.xml
[0.914s] Invoked command in '/root/ros_ws/src/Rescue_Car_ws/build/sensor_msgs' returned '0': CMAKE_PREFIX_PATH=/root/ros_ws/src/Rescue_Car_ws/install/geometry_msgs:/root/ros_ws/src/Rescue_Car_ws/install/std_msgs:/root/ros_ws/src/Rescue_Car_ws/install/builtin_interfaces:/root/ros_ws/src/Rescue_Car_ws/install/micro_ros_demos_rclc:/root/ros_ws/src/Rescue_Car_ws/install/common_interfaces:/root/ros_ws/src/Rescue_Car_ws/install/visualization_msgs:/root/ros_ws/src/Rescue_Car_ws/install/test_msgs:/root/ros_ws/src/Rescue_Car_ws/install/example_interfaces:/root/ros_ws/src/Rescue_Car_ws/install/action_msgs:/root/ros_ws/src/Rescue_Car_ws/install/unique_identifier_msgs:/root/ros_ws/src/Rescue_Car_ws/install/trajectory_msgs:/root/ros_ws/src/Rescue_Car_ws/install/stereo_msgs:/root/ros_ws/src/Rescue_Car_ws/install/std_srvs:/root/ros_ws/src/Rescue_Car_ws/install/shape_msgs:/root/ros_ws/src/Rescue_Car_ws/install/sensor_msgs:/root/ros_ws/src/Rescue_Car_ws/install/nav_msgs:/root/ros_ws/src/Rescue_Car_ws/install/diagnostic_msgs:/root/ros_ws/src/Rescue_Car_ws/install/actionlib_msgs:/root/ros_ws/src/Rescue_Car_ws/install/statistics_msgs:/root/ros_ws/src/Rescue_Car_ws/install/rosidl_typesupport_microxrcedds_test_msg:/root/ros_ws/src/Rescue_Car_ws/install/rosidl_typesupport_microxrcedds_cpp_tests:/root/ros_ws/src/Rescue_Car_ws/install/rmw_microxrcedds:/root/ros_ws/src/Rescue_Car_ws/install/rosidl_typesupport_microxrcedds_cpp:/root/ros_ws/src/Rescue_Car_ws/install/rosidl_typesupport_microxrcedds_c_tests:/root/ros_ws/src/Rescue_Car_ws/install/rosidl_typesupport_microxrcedds_c:/root/ros_ws/src/Rescue_Car_ws/install/rosgraph_msgs:/root/ros_ws/src/Rescue_Car_ws/install/rclc_parameter:/root/ros_ws/src/Rescue_Car_ws/install/rclc:/root/ros_ws/src/Rescue_Car_ws/install/composition_interfaces:/root/ros_ws/src/Rescue_Car_ws/install/rcl_interfaces:/root/ros_ws/src/Rescue_Car_ws/install/microxrcedds_client:/root/ros_ws/src/Rescue_Car_ws/install/microcdr:/root/ros_ws/src/Rescue_Car_ws/install/micro_ros_utilities:/root/ros_ws/src/Rescue_Car_ws/install/micro_ros_setup:/root/ros_ws/src/Rescue_Car_ws/install/micro_ros_agent:/root/ros_ws/src/Rescue_Car_ws/install/micro_ros_msgs:/root/ros_ws/src/Rescue_Car_ws/install/lifecycle_msgs:/root/ros_ws/src/Rescue_Car_ws/install/complex_msgs:/root/ros_ws/src/Rescue_Car_ws/install/car:/root/ros_ws/src/Rescue_Car_ws/install/sensor_msgs_py:/opt/ros/humble LD_LIBRARY_PATH=/root/ros_ws/src/Rescue_Car_ws/install/geometry_msgs/lib:/root/ros_ws/src/Rescue_Car_ws/install/std_msgs/lib:/root/ros_ws/src/Rescue_Car_ws/install/builtin_interfaces/lib:/root/ros_ws/src/Rescue_Car_ws/install/visualization_msgs/lib:/root/ros_ws/src/Rescue_Car_ws/install/test_msgs/lib:/root/ros_ws/src/Rescue_Car_ws/install/example_interfaces/lib:/root/ros_ws/src/Rescue_Car_ws/install/action_msgs/lib:/root/ros_ws/src/Rescue_Car_ws/install/unique_identifier_msgs/lib:/root/ros_ws/src/Rescue_Car_ws/install/trajectory_msgs/lib:/root/ros_ws/src/Rescue_Car_ws/install/stereo_msgs/lib:/root/ros_ws/src/Rescue_Car_ws/install/std_srvs/lib:/root/ros_ws/src/Rescue_Car_ws/install/shape_msgs/lib:/root/ros_ws/src/Rescue_Car_ws/install/sensor_msgs/lib:/root/ros_ws/src/Rescue_Car_ws/install/nav_msgs/lib:/root/ros_ws/src/Rescue_Car_ws/install/diagnostic_msgs/lib:/root/ros_ws/src/Rescue_Car_ws/install/actionlib_msgs/lib:/root/ros_ws/src/Rescue_Car_ws/install/statistics_msgs/lib:/root/ros_ws/src/Rescue_Car_ws/install/rosidl_typesupport_microxrcedds_test_msg/lib:/root/ros_ws/src/Rescue_Car_ws/install/rmw_microxrcedds/lib:/root/ros_ws/src/Rescue_Car_ws/install/rosidl_typesupport_microxrcedds_cpp/lib:/root/ros_ws/src/Rescue_Car_ws/install/rosidl_typesupport_microxrcedds_c/lib:/root/ros_ws/src/Rescue_Car_ws/install/rosgraph_msgs/lib:/root/ros_ws/src/Rescue_Car_ws/install/rclc_parameter/lib:/root/ros_ws/src/Rescue_Car_ws/install/rclc/lib:/root/ros_ws/src/Rescue_Car_ws/install/composition_interfaces/lib:/root/ros_ws/src/Rescue_Car_ws/install/rcl_interfaces/lib:/root/ros_ws/src/Rescue_Car_ws/install/micro_ros_utilities/lib:/root/ros_ws/src/Rescue_Car_ws/install/micro_ros_agent/lib:/root/ros_ws/src/Rescue_Car_ws/install/micro_ros_msgs/lib:/root/ros_ws/src/Rescue_Car_ws/install/lifecycle_msgs/lib:/root/ros_ws/src/Rescue_Car_ws/install/complex_msgs/lib:/usr/lib/x86_64-linux-gnu/gazebo-11/plugins:/opt/ros/humble/opt/rviz_ogre_vendor/lib:/opt/ros/humble/lib/x86_64-linux-gnu:/opt/ros/humble/lib /usr/bin/cmake --install /root/ros_ws/src/Rescue_Car_ws/build/sensor_msgs
