[0.119s] Invoking command in '/root/ros_ws/src/Rescue_Car_ws/build/rcl_interfaces': AMENT_PREFIX_PATH=/root/ros_ws/src/Rescue_Car_ws/install/builtin_interfaces:${AMENT_PREFIX_PATH} CMAKE_PREFIX_PATH=/root/ros_ws/src/Rescue_Car_ws/install/builtin_interfaces:/opt/ros/humble LD_LIBRARY_PATH=/root/ros_ws/src/Rescue_Car_ws/install/builtin_interfaces/lib:${LD_LIBRARY_PATH} PYTHONPATH=/root/ros_ws/src/Rescue_Car_ws/install/builtin_interfaces/local/lib/python3.10/dist-packages:${PYTHONPATH} /usr/bin/cmake /root/ros_ws/src/Rescue_Car_ws/src/microros/src/ros2/rcl_interfaces/rcl_interfaces -DCMAKE_INSTALL_PREFIX=/root/ros_ws/src/Rescue_Car_ws/install/rcl_interfaces
[0.255s] -- The C compiler identification is GNU 11.4.0
[0.852s] -- The CXX compiler identification is GNU 11.4.0
[1.306s] -- Detecting C compiler ABI info
[1.454s] -- Detecting C compiler ABI info - done
[1.460s] -- Check for working C compiler: /usr/bin/cc - skipped
[1.460s] -- Detecting C compile features
[1.461s] -- Detecting C compile features - done
[1.464s] -- Detecting CXX compiler ABI info
[1.667s] -- Detecting CXX compiler ABI info - done
[1.667s] -- Check for working CXX compiler: /usr/bin/c++ - skipped
[1.667s] -- Detecting CXX compile features
[1.667s] -- Detecting CXX compile features - done
[1.667s] -- Found ament_cmake: 1.3.12 (/opt/ros/humble/share/ament_cmake/cmake)
[1.828s] -- Found Python3: /usr/bin/python3 (found version "3.10.12") found components: Interpreter 
[1.925s] -- Found rosidl_default_generators: 1.2.0 (/opt/ros/humble/share/rosidl_default_generators/cmake)
[1.928s] -- Using all available rosidl_typesupport_c: rosidl_typesupport_fastrtps_c;rosidl_typesupport_introspection_c
[1.935s] -- Found rosidl_adapter: 3.1.7 (/opt/ros/humble/share/rosidl_adapter/cmake)
[2.166s] -- Using all available rosidl_typesupport_cpp: rosidl_typesupport_fastrtps_cpp;rosidl_typesupport_introspection_cpp
[2.200s] -- Found builtin_interfaces: 1.2.2 (/root/ros_ws/src/Rescue_Car_ws/install/builtin_interfaces/share/builtin_interfaces/cmake)
[2.571s] -- Found ament_cmake_ros: 0.10.0 (/opt/ros/humble/share/ament_cmake_ros/cmake)
[2.744s] -- Using all available rosidl_typesupport_c: rosidl_typesupport_fastrtps_c;rosidl_typesupport_introspection_c
[2.983s] -- Using all available rosidl_typesupport_cpp: rosidl_typesupport_fastrtps_cpp;rosidl_typesupport_introspection_cpp
[3.163s] -- Found PythonInterp: /usr/bin/python3 (found suitable version "3.10.12", minimum required is "3.6") 
[3.164s] -- Found python_cmake_module: 0.10.0 (/opt/ros/humble/share/python_cmake_module/cmake)
[3.812s] -- Found PythonLibs: /usr/lib/x86_64-linux-gnu/libpython3.10.so (found suitable version "3.10.12", minimum required is "3.5") 
[3.812s] -- Using PYTHON_EXECUTABLE: /usr/bin/python3
[3.812s] -- Using PYTHON_INCLUDE_DIRS: /usr/include/python3.10
[3.812s] -- Using PYTHON_LIBRARIES: /usr/lib/x86_64-linux-gnu/libpython3.10.so
[3.838s] -- Found PythonExtra: .so  
[3.942s] -- Found ament_lint_auto: 0.12.14 (/opt/ros/humble/share/ament_lint_auto/cmake)
[3.968s] -- Added test 'copyright' to check source files copyright and LICENSE
[3.970s] -- Added test 'lint_cmake' to check CMake code style
[3.972s] -- Added test 'xmllint' to check XML markup files
[3.975s] -- Configuring done
[4.067s] -- Generating done
[4.083s] -- Build files have been written to: /root/ros_ws/src/Rescue_Car_ws/build/rcl_interfaces
[4.097s] Invoked command in '/root/ros_ws/src/Rescue_Car_ws/build/rcl_interfaces' returned '0': AMENT_PREFIX_PATH=/root/ros_ws/src/Rescue_Car_ws/install/builtin_interfaces:${AMENT_PREFIX_PATH} CMAKE_PREFIX_PATH=/root/ros_ws/src/Rescue_Car_ws/install/builtin_interfaces:/opt/ros/humble LD_LIBRARY_PATH=/root/ros_ws/src/Rescue_Car_ws/install/builtin_interfaces/lib:${LD_LIBRARY_PATH} PYTHONPATH=/root/ros_ws/src/Rescue_Car_ws/install/builtin_interfaces/local/lib/python3.10/dist-packages:${PYTHONPATH} /usr/bin/cmake /root/ros_ws/src/Rescue_Car_ws/src/microros/src/ros2/rcl_interfaces/rcl_interfaces -DCMAKE_INSTALL_PREFIX=/root/ros_ws/src/Rescue_Car_ws/install/rcl_interfaces
[4.099s] Invoking command in '/root/ros_ws/src/Rescue_Car_ws/build/rcl_interfaces': AMENT_PREFIX_PATH=/root/ros_ws/src/Rescue_Car_ws/install/builtin_interfaces:${AMENT_PREFIX_PATH} CMAKE_PREFIX_PATH=/root/ros_ws/src/Rescue_Car_ws/install/builtin_interfaces:/opt/ros/humble LD_LIBRARY_PATH=/root/ros_ws/src/Rescue_Car_ws/install/builtin_interfaces/lib:${LD_LIBRARY_PATH} PYTHONPATH=/root/ros_ws/src/Rescue_Car_ws/install/builtin_interfaces/local/lib/python3.10/dist-packages:${PYTHONPATH} /usr/bin/cmake --build /root/ros_ws/src/Rescue_Car_ws/build/rcl_interfaces -- -j20 -l20
[4.162s] [  0%] [34m[1mGenerating C code for ROS interfaces[0m
[4.182s] [  0%] [34m[1mGenerating C++ code for ROS interfaces[0m
[4.189s] [  0%] Built target ament_cmake_python_copy_rcl_interfaces
[4.525s] running egg_info
[4.526s] creating rcl_interfaces.egg-info
[4.527s] writing rcl_interfaces.egg-info/PKG-INFO
[4.527s] writing dependency_links to rcl_interfaces.egg-info/dependency_links.txt
[4.528s] writing top-level names to rcl_interfaces.egg-info/top_level.txt
[4.528s] writing manifest file 'rcl_interfaces.egg-info/SOURCES.txt'
[4.532s] reading manifest file 'rcl_interfaces.egg-info/SOURCES.txt'
[4.532s] writing manifest file 'rcl_interfaces.egg-info/SOURCES.txt'
[4.587s] [  0%] Built target ament_cmake_python_build_rcl_interfaces_egg
[7.218s] [  0%] Built target rcl_interfaces__cpp
[7.229s] [  1%] [34m[1mGenerating C++ type support dispatch for ROS interfaces[0m
[7.230s] [  1%] [34m[1mGenerating C++ introspection for ROS interfaces[0m
[7.232s] [  2%] [34m[1mGenerating C++ type support for eProsima Fast-RTPS[0m
[7.410s] [  3%] [32mBuilding C object CMakeFiles/rcl_interfaces__rosidl_generator_c.dir/rosidl_generator_c/rcl_interfaces/msg/detail/floating_point_range__functions.c.o[0m
[7.414s] [  4%] [32mBuilding C object CMakeFiles/rcl_interfaces__rosidl_generator_c.dir/rosidl_generator_c/rcl_interfaces/msg/detail/integer_range__functions.c.o[0m
[7.414s] [  4%] [32mBuilding C object CMakeFiles/rcl_interfaces__rosidl_generator_c.dir/rosidl_generator_c/rcl_interfaces/msg/detail/list_parameters_result__functions.c.o[0m
[7.420s] [  5%] [32mBuilding C object CMakeFiles/rcl_interfaces__rosidl_generator_c.dir/rosidl_generator_c/rcl_interfaces/msg/detail/log__functions.c.o[0m
[7.420s] [  6%] [32mBuilding C object CMakeFiles/rcl_interfaces__rosidl_generator_c.dir/rosidl_generator_c/rcl_interfaces/msg/detail/parameter_descriptor__functions.c.o[0m
[7.429s] [  6%] [32mBuilding C object CMakeFiles/rcl_interfaces__rosidl_generator_c.dir/rosidl_generator_c/rcl_interfaces/msg/detail/parameter_event_descriptors__functions.c.o[0m
[7.463s] [  7%] [32mBuilding C object CMakeFiles/rcl_interfaces__rosidl_generator_c.dir/rosidl_generator_c/rcl_interfaces/msg/detail/parameter_event__functions.c.o[0m
[7.467s] [  7%] [32mBuilding C object CMakeFiles/rcl_interfaces__rosidl_generator_c.dir/rosidl_generator_c/rcl_interfaces/msg/detail/parameter__functions.c.o[0m
[7.471s] [  7%] [32mBuilding C object CMakeFiles/rcl_interfaces__rosidl_generator_c.dir/rosidl_generator_c/rcl_interfaces/msg/detail/set_parameters_result__functions.c.o[0m
[7.471s] [  8%] [32mBuilding C object CMakeFiles/rcl_interfaces__rosidl_generator_c.dir/rosidl_generator_c/rcl_interfaces/msg/detail/parameter_value__functions.c.o[0m
[7.472s] [  9%] [32mBuilding C object CMakeFiles/rcl_interfaces__rosidl_generator_c.dir/rosidl_generator_c/rcl_interfaces/msg/detail/parameter_type__functions.c.o[0m
[7.473s] [ 10%] [32mBuilding C object CMakeFiles/rcl_interfaces__rosidl_generator_c.dir/rosidl_generator_c/rcl_interfaces/srv/detail/describe_parameters__functions.c.o[0m
[7.482s] [ 11%] [32mBuilding C object CMakeFiles/rcl_interfaces__rosidl_generator_c.dir/rosidl_generator_c/rcl_interfaces/srv/detail/get_parameters__functions.c.o[0m
[7.486s] [ 12%] [32mBuilding C object CMakeFiles/rcl_interfaces__rosidl_generator_c.dir/rosidl_generator_c/rcl_interfaces/srv/detail/list_parameters__functions.c.o[0m
[7.491s] [ 12%] [32mBuilding C object CMakeFiles/rcl_interfaces__rosidl_generator_c.dir/rosidl_generator_c/rcl_interfaces/srv/detail/get_parameter_types__functions.c.o[0m
[7.493s] [ 12%] [32mBuilding C object CMakeFiles/rcl_interfaces__rosidl_generator_c.dir/rosidl_generator_c/rcl_interfaces/srv/detail/set_parameters_atomically__functions.c.o[0m
[7.547s] [ 13%] [32mBuilding C object CMakeFiles/rcl_interfaces__rosidl_generator_c.dir/rosidl_generator_c/rcl_interfaces/srv/detail/set_parameters__functions.c.o[0m
[7.709s] [ 14%] [32m[1mLinking C shared library librcl_interfaces__rosidl_generator_c.so[0m
[8.136s] [ 14%] Built target rcl_interfaces__rosidl_generator_c
[8.160s] [ 15%] [34m[1mGenerating C introspection for ROS interfaces[0m
[8.162s] [ 16%] [34m[1mGenerating C type support for eProsima Fast-RTPS[0m
[8.175s] [ 17%] [34m[1mGenerating C type support dispatch for ROS interfaces[0m
[10.179s] [ 17%] [32mBuilding CXX object CMakeFiles/rcl_interfaces__rosidl_typesupport_cpp.dir/rosidl_typesupport_cpp/rcl_interfaces/msg/floating_point_range__type_support.cpp.o[0m
[10.184s] [ 18%] [32mBuilding CXX object CMakeFiles/rcl_interfaces__rosidl_typesupport_cpp.dir/rosidl_typesupport_cpp/rcl_interfaces/msg/integer_range__type_support.cpp.o[0m
[10.186s] [ 18%] [32mBuilding CXX object CMakeFiles/rcl_interfaces__rosidl_typesupport_cpp.dir/rosidl_typesupport_cpp/rcl_interfaces/msg/log__type_support.cpp.o[0m
[10.199s] [ 19%] [32mBuilding CXX object CMakeFiles/rcl_interfaces__rosidl_typesupport_cpp.dir/rosidl_typesupport_cpp/rcl_interfaces/msg/parameter_descriptor__type_support.cpp.o[0m
[10.200s] [ 19%] [32mBuilding CXX object CMakeFiles/rcl_interfaces__rosidl_typesupport_introspection_cpp.dir/rosidl_typesupport_introspection_cpp/rcl_interfaces/msg/detail/integer_range__type_support.cpp.o[0m
[10.200s] [ 20%] [32mBuilding CXX object CMakeFiles/rcl_interfaces__rosidl_typesupport_introspection_cpp.dir/rosidl_typesupport_introspection_cpp/rcl_interfaces/msg/detail/log__type_support.cpp.o[0m
[10.203s] [ 21%] [32mBuilding CXX object CMakeFiles/rcl_interfaces__rosidl_typesupport_introspection_cpp.dir/rosidl_typesupport_introspection_cpp/rcl_interfaces/msg/detail/list_parameters_result__type_support.cpp.o[0m
[10.203s] [ 22%] [32mBuilding CXX object CMakeFiles/rcl_interfaces__rosidl_typesupport_cpp.dir/rosidl_typesupport_cpp/rcl_interfaces/msg/list_parameters_result__type_support.cpp.o[0m
[10.205s] [ 23%] [32mBuilding CXX object CMakeFiles/rcl_interfaces__rosidl_typesupport_introspection_cpp.dir/rosidl_typesupport_introspection_cpp/rcl_interfaces/msg/detail/floating_point_range__type_support.cpp.o[0m
[10.215s] [ 24%] [32mBuilding CXX object CMakeFiles/rcl_interfaces__rosidl_typesupport_introspection_cpp.dir/rosidl_typesupport_introspection_cpp/rcl_interfaces/msg/detail/parameter_event__type_support.cpp.o[0m
[10.215s] [ 24%] [32mBuilding CXX object CMakeFiles/rcl_interfaces__rosidl_typesupport_cpp.dir/rosidl_typesupport_cpp/rcl_interfaces/msg/parameter_event__type_support.cpp.o[0m
[10.216s] [ 24%] [32mBuilding CXX object CMakeFiles/rcl_interfaces__rosidl_typesupport_introspection_cpp.dir/rosidl_typesupport_introspection_cpp/rcl_interfaces/msg/detail/parameter_descriptor__type_support.cpp.o[0m
[10.221s] [ 25%] [32mBuilding CXX object CMakeFiles/rcl_interfaces__rosidl_typesupport_introspection_cpp.dir/rosidl_typesupport_introspection_cpp/rcl_interfaces/msg/detail/parameter_event_descriptors__type_support.cpp.o[0m
[10.224s] [ 26%] [32mBuilding CXX object CMakeFiles/rcl_interfaces__rosidl_typesupport_cpp.dir/rosidl_typesupport_cpp/rcl_interfaces/msg/parameter_event_descriptors__type_support.cpp.o[0m
[10.251s] [ 27%] [32mBuilding CXX object CMakeFiles/rcl_interfaces__rosidl_typesupport_cpp.dir/rosidl_typesupport_cpp/rcl_interfaces/msg/parameter__type_support.cpp.o[0m
[10.294s] [ 27%] [32mBuilding CXX object CMakeFiles/rcl_interfaces__rosidl_typesupport_introspection_cpp.dir/rosidl_typesupport_introspection_cpp/rcl_interfaces/msg/detail/parameter__type_support.cpp.o[0m
[10.841s] [ 28%] [32mBuilding CXX object CMakeFiles/rcl_interfaces__rosidl_typesupport_introspection_cpp.dir/rosidl_typesupport_introspection_cpp/rcl_interfaces/msg/detail/parameter_type__type_support.cpp.o[0m
[10.843s] [ 29%] [32mBuilding CXX object CMakeFiles/rcl_interfaces__rosidl_typesupport_fastrtps_cpp.dir/rosidl_typesupport_fastrtps_cpp/rcl_interfaces/msg/detail/dds_fastrtps/floating_point_range__type_support.cpp.o[0m
[10.884s] [ 30%] [32mBuilding CXX object CMakeFiles/rcl_interfaces__rosidl_typesupport_cpp.dir/rosidl_typesupport_cpp/rcl_interfaces/msg/parameter_type__type_support.cpp.o[0m
[10.894s] [ 30%] [32mBuilding CXX object CMakeFiles/rcl_interfaces__rosidl_typesupport_cpp.dir/rosidl_typesupport_cpp/rcl_interfaces/msg/parameter_value__type_support.cpp.o[0m
[11.040s] [ 31%] [32mBuilding CXX object CMakeFiles/rcl_interfaces__rosidl_typesupport_cpp.dir/rosidl_typesupport_cpp/rcl_interfaces/msg/set_parameters_result__type_support.cpp.o[0m
[11.143s] [ 31%] [32mBuilding CXX object CMakeFiles/rcl_interfaces__rosidl_typesupport_introspection_cpp.dir/rosidl_typesupport_introspection_cpp/rcl_interfaces/msg/detail/parameter_value__type_support.cpp.o[0m
[11.188s] [ 31%] [32mBuilding CXX object CMakeFiles/rcl_interfaces__rosidl_typesupport_cpp.dir/rosidl_typesupport_cpp/rcl_interfaces/srv/describe_parameters__type_support.cpp.o[0m
[11.194s] [ 32%] [32mBuilding CXX object CMakeFiles/rcl_interfaces__rosidl_typesupport_cpp.dir/rosidl_typesupport_cpp/rcl_interfaces/srv/get_parameters__type_support.cpp.o[0m
[11.271s] [ 33%] [32mBuilding CXX object CMakeFiles/rcl_interfaces__rosidl_typesupport_cpp.dir/rosidl_typesupport_cpp/rcl_interfaces/srv/get_parameter_types__type_support.cpp.o[0m
[11.405s] [ 33%] [32mBuilding CXX object CMakeFiles/rcl_interfaces__rosidl_typesupport_cpp.dir/rosidl_typesupport_cpp/rcl_interfaces/srv/list_parameters__type_support.cpp.o[0m
[11.493s] [ 34%] [32mBuilding CXX object CMakeFiles/rcl_interfaces__rosidl_typesupport_introspection_cpp.dir/rosidl_typesupport_introspection_cpp/rcl_interfaces/msg/detail/set_parameters_result__type_support.cpp.o[0m
[11.542s] [ 34%] [32mBuilding CXX object CMakeFiles/rcl_interfaces__rosidl_typesupport_fastrtps_cpp.dir/rosidl_typesupport_fastrtps_cpp/rcl_interfaces/msg/detail/dds_fastrtps/integer_range__type_support.cpp.o[0m
[11.651s] [ 35%] [32mBuilding CXX object CMakeFiles/rcl_interfaces__rosidl_typesupport_introspection_cpp.dir/rosidl_typesupport_introspection_cpp/rcl_interfaces/srv/detail/describe_parameters__type_support.cpp.o[0m
[11.654s] [ 35%] [32mBuilding CXX object CMakeFiles/rcl_interfaces__rosidl_typesupport_c.dir/rosidl_typesupport_c/rcl_interfaces/msg/floating_point_range__type_support.cpp.o[0m
[11.654s] [ 36%] [32mBuilding CXX object CMakeFiles/rcl_interfaces__rosidl_typesupport_cpp.dir/rosidl_typesupport_cpp/rcl_interfaces/srv/set_parameters_atomically__type_support.cpp.o[0m
[11.743s] [ 37%] [32mBuilding CXX object CMakeFiles/rcl_interfaces__rosidl_typesupport_c.dir/rosidl_typesupport_c/rcl_interfaces/msg/integer_range__type_support.cpp.o[0m
[11.784s] [ 38%] [32mBuilding CXX object CMakeFiles/rcl_interfaces__rosidl_typesupport_fastrtps_cpp.dir/rosidl_typesupport_fastrtps_cpp/rcl_interfaces/msg/detail/dds_fastrtps/list_parameters_result__type_support.cpp.o[0m
[11.833s] [ 38%] [32mBuilding CXX object CMakeFiles/rcl_interfaces__rosidl_typesupport_introspection_cpp.dir/rosidl_typesupport_introspection_cpp/rcl_interfaces/srv/detail/get_parameters__type_support.cpp.o[0m
[11.849s] [ 39%] [32mBuilding CXX object CMakeFiles/rcl_interfaces__rosidl_typesupport_c.dir/rosidl_typesupport_c/rcl_interfaces/msg/list_parameters_result__type_support.cpp.o[0m
[11.902s] [ 40%] [32mBuilding CXX object CMakeFiles/rcl_interfaces__rosidl_typesupport_cpp.dir/rosidl_typesupport_cpp/rcl_interfaces/srv/set_parameters__type_support.cpp.o[0m
[11.903s] [ 41%] [32mBuilding CXX object CMakeFiles/rcl_interfaces__rosidl_typesupport_fastrtps_cpp.dir/rosidl_typesupport_fastrtps_cpp/rcl_interfaces/msg/detail/dds_fastrtps/log__type_support.cpp.o[0m
[11.905s] [ 42%] [32mBuilding CXX object CMakeFiles/rcl_interfaces__rosidl_typesupport_introspection_cpp.dir/rosidl_typesupport_introspection_cpp/rcl_interfaces/srv/detail/get_parameter_types__type_support.cpp.o[0m
[11.930s] [ 42%] [32mBuilding CXX object CMakeFiles/rcl_interfaces__rosidl_typesupport_c.dir/rosidl_typesupport_c/rcl_interfaces/msg/log__type_support.cpp.o[0m
[11.953s] [ 43%] [32mBuilding CXX object CMakeFiles/rcl_interfaces__rosidl_typesupport_c.dir/rosidl_typesupport_c/rcl_interfaces/msg/parameter_descriptor__type_support.cpp.o[0m
[12.013s] [ 43%] [32mBuilding CXX object CMakeFiles/rcl_interfaces__rosidl_typesupport_c.dir/rosidl_typesupport_c/rcl_interfaces/msg/parameter_event_descriptors__type_support.cpp.o[0m
[12.033s] [ 43%] [32mBuilding CXX object CMakeFiles/rcl_interfaces__rosidl_typesupport_fastrtps_cpp.dir/rosidl_typesupport_fastrtps_cpp/rcl_interfaces/msg/detail/dds_fastrtps/parameter_descriptor__type_support.cpp.o[0m
[12.034s] [ 44%] [32mBuilding CXX object CMakeFiles/rcl_interfaces__rosidl_typesupport_introspection_cpp.dir/rosidl_typesupport_introspection_cpp/rcl_interfaces/srv/detail/list_parameters__type_support.cpp.o[0m
[12.126s] [ 45%] [32mBuilding CXX object CMakeFiles/rcl_interfaces__rosidl_typesupport_c.dir/rosidl_typesupport_c/rcl_interfaces/msg/parameter_event__type_support.cpp.o[0m
[12.232s] [ 45%] [32mBuilding CXX object CMakeFiles/rcl_interfaces__rosidl_typesupport_introspection_cpp.dir/rosidl_typesupport_introspection_cpp/rcl_interfaces/srv/detail/set_parameters_atomically__type_support.cpp.o[0m
[12.242s] [ 46%] [32mBuilding CXX object CMakeFiles/rcl_interfaces__rosidl_typesupport_c.dir/rosidl_typesupport_c/rcl_interfaces/msg/parameter__type_support.cpp.o[0m
[12.303s] [ 47%] [32mBuilding CXX object CMakeFiles/rcl_interfaces__rosidl_typesupport_introspection_cpp.dir/rosidl_typesupport_introspection_cpp/rcl_interfaces/srv/detail/set_parameters__type_support.cpp.o[0m
[12.359s] [ 47%] [32mBuilding CXX object CMakeFiles/rcl_interfaces__rosidl_typesupport_c.dir/rosidl_typesupport_c/rcl_interfaces/msg/parameter_type__type_support.cpp.o[0m
[12.378s] [ 48%] [32mBuilding CXX object CMakeFiles/rcl_interfaces__rosidl_typesupport_fastrtps_cpp.dir/rosidl_typesupport_fastrtps_cpp/rcl_interfaces/msg/detail/dds_fastrtps/parameter_event_descriptors__type_support.cpp.o[0m
[12.414s] [ 49%] [32mBuilding CXX object CMakeFiles/rcl_interfaces__rosidl_typesupport_c.dir/rosidl_typesupport_c/rcl_interfaces/msg/parameter_value__type_support.cpp.o[0m
[12.431s] [ 50%] [32mBuilding CXX object CMakeFiles/rcl_interfaces__rosidl_typesupport_c.dir/rosidl_typesupport_c/rcl_interfaces/msg/set_parameters_result__type_support.cpp.o[0m
[12.439s] [ 50%] [32mBuilding CXX object CMakeFiles/rcl_interfaces__rosidl_typesupport_c.dir/rosidl_typesupport_c/rcl_interfaces/srv/describe_parameters__type_support.cpp.o[0m
[12.479s] [ 51%] [32mBuilding CXX object CMakeFiles/rcl_interfaces__rosidl_typesupport_c.dir/rosidl_typesupport_c/rcl_interfaces/srv/get_parameters__type_support.cpp.o[0m
[12.515s] [ 51%] [32mBuilding CXX object CMakeFiles/rcl_interfaces__rosidl_typesupport_fastrtps_cpp.dir/rosidl_typesupport_fastrtps_cpp/rcl_interfaces/msg/detail/dds_fastrtps/parameter_event__type_support.cpp.o[0m
[12.517s] [ 52%] [32mBuilding CXX object CMakeFiles/rcl_interfaces__rosidl_typesupport_fastrtps_cpp.dir/rosidl_typesupport_fastrtps_cpp/rcl_interfaces/msg/detail/dds_fastrtps/parameter__type_support.cpp.o[0m
[12.532s] [ 52%] [32mBuilding CXX object CMakeFiles/rcl_interfaces__rosidl_typesupport_c.dir/rosidl_typesupport_c/rcl_interfaces/srv/get_parameter_types__type_support.cpp.o[0m
[12.565s] [ 53%] [32mBuilding CXX object CMakeFiles/rcl_interfaces__rosidl_typesupport_c.dir/rosidl_typesupport_c/rcl_interfaces/srv/list_parameters__type_support.cpp.o[0m
[12.594s] [ 54%] [32mBuilding CXX object CMakeFiles/rcl_interfaces__rosidl_typesupport_c.dir/rosidl_typesupport_c/rcl_interfaces/srv/set_parameters_atomically__type_support.cpp.o[0m
[12.642s] [ 55%] [32mBuilding CXX object CMakeFiles/rcl_interfaces__rosidl_typesupport_fastrtps_cpp.dir/rosidl_typesupport_fastrtps_cpp/rcl_interfaces/msg/detail/dds_fastrtps/parameter_type__type_support.cpp.o[0m
[12.660s] [ 55%] [32mBuilding CXX object CMakeFiles/rcl_interfaces__rosidl_typesupport_fastrtps_cpp.dir/rosidl_typesupport_fastrtps_cpp/rcl_interfaces/msg/detail/dds_fastrtps/parameter_value__type_support.cpp.o[0m
[12.671s] [ 56%] [32mBuilding CXX object CMakeFiles/rcl_interfaces__rosidl_typesupport_fastrtps_cpp.dir/rosidl_typesupport_fastrtps_cpp/rcl_interfaces/msg/detail/dds_fastrtps/set_parameters_result__type_support.cpp.o[0m
[12.674s] [ 56%] [32mBuilding CXX object CMakeFiles/rcl_interfaces__rosidl_typesupport_c.dir/rosidl_typesupport_c/rcl_interfaces/srv/set_parameters__type_support.cpp.o[0m
[12.763s] [ 57%] [32mBuilding CXX object CMakeFiles/rcl_interfaces__rosidl_typesupport_fastrtps_cpp.dir/rosidl_typesupport_fastrtps_cpp/rcl_interfaces/srv/detail/dds_fastrtps/describe_parameters__type_support.cpp.o[0m
[12.763s] [ 58%] [32m[1mLinking CXX shared library librcl_interfaces__rosidl_typesupport_c.so[0m
[12.831s] [ 58%] [32m[1mLinking CXX shared library librcl_interfaces__rosidl_typesupport_cpp.so[0m
[12.973s] [ 58%] [32mBuilding CXX object CMakeFiles/rcl_interfaces__rosidl_typesupport_fastrtps_cpp.dir/rosidl_typesupport_fastrtps_cpp/rcl_interfaces/srv/detail/dds_fastrtps/get_parameters__type_support.cpp.o[0m
[13.165s] [ 59%] [32mBuilding CXX object CMakeFiles/rcl_interfaces__rosidl_typesupport_fastrtps_cpp.dir/rosidl_typesupport_fastrtps_cpp/rcl_interfaces/srv/detail/dds_fastrtps/get_parameter_types__type_support.cpp.o[0m
[13.246s] [ 59%] [32mBuilding CXX object CMakeFiles/rcl_interfaces__rosidl_typesupport_fastrtps_cpp.dir/rosidl_typesupport_fastrtps_cpp/rcl_interfaces/srv/detail/dds_fastrtps/list_parameters__type_support.cpp.o[0m
[13.455s] [ 60%] [32mBuilding CXX object CMakeFiles/rcl_interfaces__rosidl_typesupport_fastrtps_cpp.dir/rosidl_typesupport_fastrtps_cpp/rcl_interfaces/srv/detail/dds_fastrtps/set_parameters__type_support.cpp.o[0m
[13.462s] [ 61%] [32mBuilding CXX object CMakeFiles/rcl_interfaces__rosidl_typesupport_fastrtps_cpp.dir/rosidl_typesupport_fastrtps_cpp/rcl_interfaces/srv/detail/dds_fastrtps/set_parameters_atomically__type_support.cpp.o[0m
[13.606s] [ 61%] [32mBuilding CXX object CMakeFiles/rcl_interfaces__rosidl_typesupport_fastrtps_c.dir/rosidl_typesupport_fastrtps_c/rcl_interfaces/msg/detail/floating_point_range__type_support_c.cpp.o[0m
[13.649s] [ 62%] [32mBuilding CXX object CMakeFiles/rcl_interfaces__rosidl_typesupport_fastrtps_c.dir/rosidl_typesupport_fastrtps_c/rcl_interfaces/msg/detail/integer_range__type_support_c.cpp.o[0m
[13.678s] [ 63%] [32mBuilding CXX object CMakeFiles/rcl_interfaces__rosidl_typesupport_fastrtps_c.dir/rosidl_typesupport_fastrtps_c/rcl_interfaces/msg/detail/list_parameters_result__type_support_c.cpp.o[0m
[13.684s] [ 63%] [32mBuilding CXX object CMakeFiles/rcl_interfaces__rosidl_typesupport_fastrtps_c.dir/rosidl_typesupport_fastrtps_c/rcl_interfaces/msg/detail/log__type_support_c.cpp.o[0m
[13.743s] [ 64%] [32mBuilding CXX object CMakeFiles/rcl_interfaces__rosidl_typesupport_fastrtps_c.dir/rosidl_typesupport_fastrtps_c/rcl_interfaces/msg/detail/parameter_descriptor__type_support_c.cpp.o[0m
[13.753s] [ 65%] [32mBuilding C object CMakeFiles/rcl_interfaces__rosidl_typesupport_introspection_c.dir/rosidl_typesupport_introspection_c/rcl_interfaces/msg/detail/floating_point_range__type_support.c.o[0m
[13.842s] [ 65%] [32mBuilding C object CMakeFiles/rcl_interfaces__rosidl_typesupport_introspection_c.dir/rosidl_typesupport_introspection_c/rcl_interfaces/msg/detail/integer_range__type_support.c.o[0m
[13.864s] [ 66%] [32mBuilding CXX object CMakeFiles/rcl_interfaces__rosidl_typesupport_fastrtps_c.dir/rosidl_typesupport_fastrtps_c/rcl_interfaces/msg/detail/parameter_event_descriptors__type_support_c.cpp.o[0m
[13.941s] [ 67%] [32mBuilding C object CMakeFiles/rcl_interfaces__rosidl_typesupport_introspection_c.dir/rosidl_typesupport_introspection_c/rcl_interfaces/msg/detail/list_parameters_result__type_support.c.o[0m
[13.956s] [ 67%] [32mBuilding C object CMakeFiles/rcl_interfaces__rosidl_typesupport_introspection_c.dir/rosidl_typesupport_introspection_c/rcl_interfaces/msg/detail/log__type_support.c.o[0m
[14.039s] [ 68%] [32mBuilding C object CMakeFiles/rcl_interfaces__rosidl_typesupport_introspection_c.dir/rosidl_typesupport_introspection_c/rcl_interfaces/msg/detail/parameter_descriptor__type_support.c.o[0m
[14.049s] [ 68%] [32mBuilding CXX object CMakeFiles/rcl_interfaces__rosidl_typesupport_fastrtps_c.dir/rosidl_typesupport_fastrtps_c/rcl_interfaces/msg/detail/parameter_event__type_support_c.cpp.o[0m
[14.091s] [ 69%] [32mBuilding CXX object CMakeFiles/rcl_interfaces__rosidl_typesupport_fastrtps_c.dir/rosidl_typesupport_fastrtps_c/rcl_interfaces/msg/detail/parameter__type_support_c.cpp.o[0m
[14.146s] [ 69%] Built target rcl_interfaces__rosidl_typesupport_cpp
[14.169s] [ 69%] [32mBuilding C object CMakeFiles/rcl_interfaces__rosidl_typesupport_introspection_c.dir/rosidl_typesupport_introspection_c/rcl_interfaces/msg/detail/parameter_event__type_support.c.o[0m
[14.186s] [ 70%] [32mBuilding C object CMakeFiles/rcl_interfaces__rosidl_typesupport_introspection_c.dir/rosidl_typesupport_introspection_c/rcl_interfaces/msg/detail/parameter_event_descriptors__type_support.c.o[0m
[14.303s] [ 71%] [32mBuilding C object CMakeFiles/rcl_interfaces__rosidl_typesupport_introspection_c.dir/rosidl_typesupport_introspection_c/rcl_interfaces/msg/detail/parameter__type_support.c.o[0m
[14.306s] [ 71%] [32mBuilding CXX object CMakeFiles/rcl_interfaces__rosidl_typesupport_fastrtps_c.dir/rosidl_typesupport_fastrtps_c/rcl_interfaces/msg/detail/parameter_type__type_support_c.cpp.o[0m
[14.311s] [ 72%] [32mBuilding C object CMakeFiles/rcl_interfaces__rosidl_typesupport_introspection_c.dir/rosidl_typesupport_introspection_c/rcl_interfaces/msg/detail/parameter_type__type_support.c.o[0m
[14.333s] [ 72%] [32mBuilding C object CMakeFiles/rcl_interfaces__rosidl_typesupport_introspection_c.dir/rosidl_typesupport_introspection_c/rcl_interfaces/msg/detail/parameter_value__type_support.c.o[0m
[14.417s] [ 73%] [32mBuilding C object CMakeFiles/rcl_interfaces__rosidl_typesupport_introspection_c.dir/rosidl_typesupport_introspection_c/rcl_interfaces/msg/detail/set_parameters_result__type_support.c.o[0m
[14.422s] [ 74%] [32mBuilding C object CMakeFiles/rcl_interfaces__rosidl_typesupport_introspection_c.dir/rosidl_typesupport_introspection_c/rcl_interfaces/srv/detail/describe_parameters__type_support.c.o[0m
[14.453s] [ 74%] Built target rcl_interfaces__rosidl_typesupport_c
[14.471s] [ 74%] [32mBuilding C object CMakeFiles/rcl_interfaces__rosidl_typesupport_introspection_c.dir/rosidl_typesupport_introspection_c/rcl_interfaces/srv/detail/get_parameters__type_support.c.o[0m
[14.490s] [ 75%] [32mBuilding CXX object CMakeFiles/rcl_interfaces__rosidl_typesupport_fastrtps_c.dir/rosidl_typesupport_fastrtps_c/rcl_interfaces/msg/detail/parameter_value__type_support_c.cpp.o[0m
[14.516s] [ 76%] [32mBuilding C object CMakeFiles/rcl_interfaces__rosidl_typesupport_introspection_c.dir/rosidl_typesupport_introspection_c/rcl_interfaces/srv/detail/get_parameter_types__type_support.c.o[0m
[14.529s] [ 77%] [32mBuilding CXX object CMakeFiles/rcl_interfaces__rosidl_typesupport_fastrtps_c.dir/rosidl_typesupport_fastrtps_c/rcl_interfaces/msg/detail/set_parameters_result__type_support_c.cpp.o[0m
[14.537s] [ 77%] [32mBuilding C object CMakeFiles/rcl_interfaces__rosidl_typesupport_introspection_c.dir/rosidl_typesupport_introspection_c/rcl_interfaces/srv/detail/list_parameters__type_support.c.o[0m
[14.556s] [ 77%] [32mBuilding CXX object CMakeFiles/rcl_interfaces__rosidl_typesupport_fastrtps_c.dir/rosidl_typesupport_fastrtps_c/rcl_interfaces/srv/detail/describe_parameters__type_support_c.cpp.o[0m
[14.569s] [ 78%] [32mBuilding CXX object CMakeFiles/rcl_interfaces__rosidl_typesupport_fastrtps_c.dir/rosidl_typesupport_fastrtps_c/rcl_interfaces/srv/detail/get_parameters__type_support_c.cpp.o[0m
[14.569s] [ 79%] [32mBuilding CXX object CMakeFiles/rcl_interfaces__rosidl_typesupport_fastrtps_c.dir/rosidl_typesupport_fastrtps_c/rcl_interfaces/srv/detail/get_parameter_types__type_support_c.cpp.o[0m
[14.583s] [ 80%] [32mBuilding C object CMakeFiles/rcl_interfaces__rosidl_typesupport_introspection_c.dir/rosidl_typesupport_introspection_c/rcl_interfaces/srv/detail/set_parameters_atomically__type_support.c.o[0m
[14.603s] [ 81%] [32mBuilding C object CMakeFiles/rcl_interfaces__rosidl_typesupport_introspection_c.dir/rosidl_typesupport_introspection_c/rcl_interfaces/srv/detail/set_parameters__type_support.c.o[0m
[14.640s] [ 81%] [32mBuilding CXX object CMakeFiles/rcl_interfaces__rosidl_typesupport_fastrtps_c.dir/rosidl_typesupport_fastrtps_c/rcl_interfaces/srv/detail/list_parameters__type_support_c.cpp.o[0m
[14.646s] [ 82%] [32mBuilding CXX object CMakeFiles/rcl_interfaces__rosidl_typesupport_fastrtps_c.dir/rosidl_typesupport_fastrtps_c/rcl_interfaces/srv/detail/set_parameters_atomically__type_support_c.cpp.o[0m
[14.664s] [ 83%] [32mBuilding CXX object CMakeFiles/rcl_interfaces__rosidl_typesupport_fastrtps_c.dir/rosidl_typesupport_fastrtps_c/rcl_interfaces/srv/detail/set_parameters__type_support_c.cpp.o[0m
[14.707s] [ 83%] [32m[1mLinking C shared library librcl_interfaces__rosidl_typesupport_introspection_c.so[0m
[14.783s] [ 84%] [32m[1mLinking CXX shared library librcl_interfaces__rosidl_typesupport_introspection_cpp.so[0m
[15.104s] [ 84%] [32m[1mLinking CXX shared library librcl_interfaces__rosidl_typesupport_fastrtps_cpp.so[0m
[15.494s] [ 84%] Built target rcl_interfaces__rosidl_typesupport_introspection_c
[15.523s] [ 84%] Built target rcl_interfaces__rosidl_typesupport_introspection_cpp
[15.622s] [ 84%] [32m[1mLinking CXX shared library librcl_interfaces__rosidl_typesupport_fastrtps_c.so[0m
[15.637s] [ 84%] Built target rcl_interfaces__rosidl_typesupport_fastrtps_cpp
[16.060s] [ 84%] Built target rcl_interfaces__rosidl_typesupport_fastrtps_c
[16.127s] [ 84%] Built target rcl_interfaces
[16.192s] [ 85%] [34m[1mGenerating Python code for ROS interfaces[0m
[19.175s] [ 85%] Built target rcl_interfaces__py
[19.197s] [ 86%] [32mBuilding C object CMakeFiles/rcl_interfaces__rosidl_generator_py.dir/rosidl_generator_py/rcl_interfaces/msg/_integer_range_s.c.o[0m
[19.197s] [ 86%] [32mBuilding C object CMakeFiles/rcl_interfaces__rosidl_generator_py.dir/rosidl_generator_py/rcl_interfaces/msg/_parameter_event_descriptors_s.c.o[0m
[19.197s] [ 85%] [32mBuilding C object CMakeFiles/rcl_interfaces__rosidl_generator_py.dir/rosidl_generator_py/rcl_interfaces/msg/_log_s.c.o[0m
[19.197s] [ 87%] [32mBuilding C object CMakeFiles/rcl_interfaces__rosidl_generator_py.dir/rosidl_generator_py/rcl_interfaces/msg/_parameter_descriptor_s.c.o[0m
[19.197s] [ 87%] [32mBuilding C object CMakeFiles/rcl_interfaces__rosidl_generator_py.dir/rosidl_generator_py/rcl_interfaces/msg/_floating_point_range_s.c.o[0m
[19.198s] [ 88%] [32mBuilding C object CMakeFiles/rcl_interfaces__rosidl_generator_py.dir/rosidl_generator_py/rcl_interfaces/msg/_parameter_value_s.c.o[0m
[19.198s] [ 89%] [32mBuilding C object CMakeFiles/rcl_interfaces__rosidl_generator_py.dir/rosidl_generator_py/rcl_interfaces/msg/_parameter_s.c.o[0m
[19.198s] [ 91%] [32mBuilding C object CMakeFiles/rcl_interfaces__rosidl_generator_py.dir/rosidl_generator_py/rcl_interfaces/msg/_set_parameters_result_s.c.o[0m
[19.198s] [ 91%] [32mBuilding C object CMakeFiles/rcl_interfaces__rosidl_generator_py.dir/rosidl_generator_py/rcl_interfaces/msg/_parameter_event_s.c.o[0m
[19.201s] [ 92%] [32mBuilding C object CMakeFiles/rcl_interfaces__rosidl_generator_py.dir/rosidl_generator_py/rcl_interfaces/msg/_list_parameters_result_s.c.o[0m
[19.202s] [ 93%] [32mBuilding C object CMakeFiles/rcl_interfaces__rosidl_generator_py.dir/rosidl_generator_py/rcl_interfaces/srv/_get_parameters_s.c.o[0m
[19.202s] [ 93%] [32mBuilding C object CMakeFiles/rcl_interfaces__rosidl_generator_py.dir/rosidl_generator_py/rcl_interfaces/srv/_describe_parameters_s.c.o[0m
[19.203s] [ 93%] [32mBuilding C object CMakeFiles/rcl_interfaces__rosidl_generator_py.dir/rosidl_generator_py/rcl_interfaces/msg/_parameter_type_s.c.o[0m
[19.210s] [ 94%] [32mBuilding C object CMakeFiles/rcl_interfaces__rosidl_generator_py.dir/rosidl_generator_py/rcl_interfaces/srv/_get_parameter_types_s.c.o[0m
[19.227s] [ 94%] [32mBuilding C object CMakeFiles/rcl_interfaces__rosidl_generator_py.dir/rosidl_generator_py/rcl_interfaces/srv/_list_parameters_s.c.o[0m
[19.228s] [ 95%] [32mBuilding C object CMakeFiles/rcl_interfaces__rosidl_generator_py.dir/rosidl_generator_py/rcl_interfaces/srv/_set_parameters_atomically_s.c.o[0m
[19.234s] [ 95%] [32mBuilding C object CMakeFiles/rcl_interfaces__rosidl_generator_py.dir/rosidl_generator_py/rcl_interfaces/srv/_set_parameters_s.c.o[0m
[19.391s] [ 96%] [32m[1mLinking C shared library rosidl_generator_py/rcl_interfaces/librcl_interfaces__rosidl_generator_py.so[0m
[19.526s] [ 96%] Built target rcl_interfaces__rosidl_generator_py
[19.542s] [ 97%] [32mBuilding C object CMakeFiles/rcl_interfaces__rosidl_typesupport_fastrtps_c__pyext.dir/rosidl_generator_py/rcl_interfaces/_rcl_interfaces_s.ep.rosidl_typesupport_fastrtps_c.c.o[0m
[19.545s] [ 98%] [32mBuilding C object CMakeFiles/rcl_interfaces__rosidl_typesupport_introspection_c__pyext.dir/rosidl_generator_py/rcl_interfaces/_rcl_interfaces_s.ep.rosidl_typesupport_introspection_c.c.o[0m
[19.547s] [ 99%] [32mBuilding C object CMakeFiles/rcl_interfaces__rosidl_typesupport_c__pyext.dir/rosidl_generator_py/rcl_interfaces/_rcl_interfaces_s.ep.rosidl_typesupport_c.c.o[0m
[19.666s] [ 99%] [32m[1mLinking C shared library rosidl_generator_py/rcl_interfaces/rcl_interfaces_s__rosidl_typesupport_fastrtps_c.cpython-310-x86_64-linux-gnu.so[0m
[19.670s] [ 99%] [32m[1mLinking C shared library rosidl_generator_py/rcl_interfaces/rcl_interfaces_s__rosidl_typesupport_c.cpython-310-x86_64-linux-gnu.so[0m
[19.686s] [100%] [32m[1mLinking C shared library rosidl_generator_py/rcl_interfaces/rcl_interfaces_s__rosidl_typesupport_introspection_c.cpython-310-x86_64-linux-gnu.so[0m
[19.772s] [100%] Built target rcl_interfaces__rosidl_typesupport_c__pyext
[19.783s] [100%] Built target rcl_interfaces__rosidl_typesupport_fastrtps_c__pyext
[19.821s] [100%] Built target rcl_interfaces__rosidl_typesupport_introspection_c__pyext
[19.832s] Invoked command in '/root/ros_ws/src/Rescue_Car_ws/build/rcl_interfaces' returned '0': AMENT_PREFIX_PATH=/root/ros_ws/src/Rescue_Car_ws/install/builtin_interfaces:${AMENT_PREFIX_PATH} CMAKE_PREFIX_PATH=/root/ros_ws/src/Rescue_Car_ws/install/builtin_interfaces:/opt/ros/humble LD_LIBRARY_PATH=/root/ros_ws/src/Rescue_Car_ws/install/builtin_interfaces/lib:${LD_LIBRARY_PATH} PYTHONPATH=/root/ros_ws/src/Rescue_Car_ws/install/builtin_interfaces/local/lib/python3.10/dist-packages:${PYTHONPATH} /usr/bin/cmake --build /root/ros_ws/src/Rescue_Car_ws/build/rcl_interfaces -- -j20 -l20
[19.834s] Invoking command in '/root/ros_ws/src/Rescue_Car_ws/build/rcl_interfaces': AMENT_PREFIX_PATH=/root/ros_ws/src/Rescue_Car_ws/install/builtin_interfaces:${AMENT_PREFIX_PATH} CMAKE_PREFIX_PATH=/root/ros_ws/src/Rescue_Car_ws/install/builtin_interfaces:/opt/ros/humble LD_LIBRARY_PATH=/root/ros_ws/src/Rescue_Car_ws/install/builtin_interfaces/lib:${LD_LIBRARY_PATH} PYTHONPATH=/root/ros_ws/src/Rescue_Car_ws/install/builtin_interfaces/local/lib/python3.10/dist-packages:${PYTHONPATH} /usr/bin/cmake --install /root/ros_ws/src/Rescue_Car_ws/build/rcl_interfaces
[19.840s] -- Install configuration: ""
[19.841s] -- Installing: /root/ros_ws/src/Rescue_Car_ws/install/rcl_interfaces/share/ament_index/resource_index/rosidl_interfaces/rcl_interfaces
[19.841s] -- Installing: /root/ros_ws/src/Rescue_Car_ws/install/rcl_interfaces/include/rcl_interfaces/rcl_interfaces
[19.842s] -- Installing: /root/ros_ws/src/Rescue_Car_ws/install/rcl_interfaces/include/rcl_interfaces/rcl_interfaces/srv
[19.842s] -- Installing: /root/ros_ws/src/Rescue_Car_ws/install/rcl_interfaces/include/rcl_interfaces/rcl_interfaces/srv/set_parameters_atomically.h
[19.843s] -- Installing: /root/ros_ws/src/Rescue_Car_ws/install/rcl_interfaces/include/rcl_interfaces/rcl_interfaces/srv/get_parameters.h
[19.843s] -- Installing: /root/ros_ws/src/Rescue_Car_ws/install/rcl_interfaces/include/rcl_interfaces/rcl_interfaces/srv/set_parameters.h
[19.843s] -- Installing: /root/ros_ws/src/Rescue_Car_ws/install/rcl_interfaces/include/rcl_interfaces/rcl_interfaces/srv/describe_parameters.h
[19.843s] -- Installing: /root/ros_ws/src/Rescue_Car_ws/install/rcl_interfaces/include/rcl_interfaces/rcl_interfaces/srv/list_parameters.h
[19.844s] -- Installing: /root/ros_ws/src/Rescue_Car_ws/install/rcl_interfaces/include/rcl_interfaces/rcl_interfaces/srv/detail
[19.844s] -- Installing: /root/ros_ws/src/Rescue_Car_ws/install/rcl_interfaces/include/rcl_interfaces/rcl_interfaces/srv/detail/get_parameters__functions.c
[19.844s] -- Installing: /root/ros_ws/src/Rescue_Car_ws/install/rcl_interfaces/include/rcl_interfaces/rcl_interfaces/srv/detail/set_parameters__functions.h
[19.844s] -- Installing: /root/ros_ws/src/Rescue_Car_ws/install/rcl_interfaces/include/rcl_interfaces/rcl_interfaces/srv/detail/list_parameters__functions.c
[19.844s] -- Installing: /root/ros_ws/src/Rescue_Car_ws/install/rcl_interfaces/include/rcl_interfaces/rcl_interfaces/srv/detail/get_parameter_types__struct.h
[19.845s] -- Installing: /root/ros_ws/src/Rescue_Car_ws/install/rcl_interfaces/include/rcl_interfaces/rcl_interfaces/srv/detail/get_parameter_types__type_support.h
[19.845s] -- Installing: /root/ros_ws/src/Rescue_Car_ws/install/rcl_interfaces/include/rcl_interfaces/rcl_interfaces/srv/detail/set_parameters_atomically__functions.h
[19.845s] -- Installing: /root/ros_ws/src/Rescue_Car_ws/install/rcl_interfaces/include/rcl_interfaces/rcl_interfaces/srv/detail/set_parameters__type_support.h
[19.845s] -- Installing: /root/ros_ws/src/Rescue_Car_ws/install/rcl_interfaces/include/rcl_interfaces/rcl_interfaces/srv/detail/list_parameters__functions.h
[19.845s] -- Installing: /root/ros_ws/src/Rescue_Car_ws/install/rcl_interfaces/include/rcl_interfaces/rcl_interfaces/srv/detail/list_parameters__struct.h
[19.845s] -- Installing: /root/ros_ws/src/Rescue_Car_ws/install/rcl_interfaces/include/rcl_interfaces/rcl_interfaces/srv/detail/list_parameters__type_support.h
[19.845s] -- Installing: /root/ros_ws/src/Rescue_Car_ws/install/rcl_interfaces/include/rcl_interfaces/rcl_interfaces/srv/detail/describe_parameters__type_support.h
[19.845s] -- Installing: /root/ros_ws/src/Rescue_Car_ws/install/rcl_interfaces/include/rcl_interfaces/rcl_interfaces/srv/detail/set_parameters__functions.c
[19.845s] -- Installing: /root/ros_ws/src/Rescue_Car_ws/install/rcl_interfaces/include/rcl_interfaces/rcl_interfaces/srv/detail/set_parameters_atomically__functions.c
[19.846s] -- Installing: /root/ros_ws/src/Rescue_Car_ws/install/rcl_interfaces/include/rcl_interfaces/rcl_interfaces/srv/detail/get_parameters__struct.h
[19.846s] -- Installing: /root/ros_ws/src/Rescue_Car_ws/install/rcl_interfaces/include/rcl_interfaces/rcl_interfaces/srv/detail/set_parameters_atomically__type_support.h
[19.846s] -- Installing: /root/ros_ws/src/Rescue_Car_ws/install/rcl_interfaces/include/rcl_interfaces/rcl_interfaces/srv/detail/set_parameters__struct.h
[19.846s] -- Installing: /root/ros_ws/src/Rescue_Car_ws/install/rcl_interfaces/include/rcl_interfaces/rcl_interfaces/srv/detail/get_parameters__functions.h
[19.846s] -- Installing: /root/ros_ws/src/Rescue_Car_ws/install/rcl_interfaces/include/rcl_interfaces/rcl_interfaces/srv/detail/describe_parameters__functions.c
[19.846s] -- Installing: /root/ros_ws/src/Rescue_Car_ws/install/rcl_interfaces/include/rcl_interfaces/rcl_interfaces/srv/detail/describe_parameters__functions.h
[19.846s] -- Installing: /root/ros_ws/src/Rescue_Car_ws/install/rcl_interfaces/include/rcl_interfaces/rcl_interfaces/srv/detail/get_parameter_types__functions.h
[19.846s] -- Installing: /root/ros_ws/src/Rescue_Car_ws/install/rcl_interfaces/include/rcl_interfaces/rcl_interfaces/srv/detail/set_parameters_atomically__struct.h
[19.846s] -- Installing: /root/ros_ws/src/Rescue_Car_ws/install/rcl_interfaces/include/rcl_interfaces/rcl_interfaces/srv/detail/describe_parameters__struct.h
[19.846s] -- Installing: /root/ros_ws/src/Rescue_Car_ws/install/rcl_interfaces/include/rcl_interfaces/rcl_interfaces/srv/detail/get_parameters__type_support.h
[19.846s] -- Installing: /root/ros_ws/src/Rescue_Car_ws/install/rcl_interfaces/include/rcl_interfaces/rcl_interfaces/srv/detail/get_parameter_types__functions.c
[19.846s] -- Installing: /root/ros_ws/src/Rescue_Car_ws/install/rcl_interfaces/include/rcl_interfaces/rcl_interfaces/srv/get_parameter_types.h
[19.846s] -- Installing: /root/ros_ws/src/Rescue_Car_ws/install/rcl_interfaces/include/rcl_interfaces/rcl_interfaces/msg
[19.847s] -- Installing: /root/ros_ws/src/Rescue_Car_ws/install/rcl_interfaces/include/rcl_interfaces/rcl_interfaces/msg/parameter_event.h
[19.847s] -- Installing: /root/ros_ws/src/Rescue_Car_ws/install/rcl_interfaces/include/rcl_interfaces/rcl_interfaces/msg/parameter_descriptor.h
[19.847s] -- Installing: /root/ros_ws/src/Rescue_Car_ws/install/rcl_interfaces/include/rcl_interfaces/rcl_interfaces/msg/parameter_event_descriptors.h
[19.847s] -- Installing: /root/ros_ws/src/Rescue_Car_ws/install/rcl_interfaces/include/rcl_interfaces/rcl_interfaces/msg/parameter_value.h
[19.847s] -- Installing: /root/ros_ws/src/Rescue_Car_ws/install/rcl_interfaces/include/rcl_interfaces/rcl_interfaces/msg/floating_point_range.h
[19.848s] -- Installing: /root/ros_ws/src/Rescue_Car_ws/install/rcl_interfaces/include/rcl_interfaces/rcl_interfaces/msg/list_parameters_result.h
[19.848s] -- Installing: /root/ros_ws/src/Rescue_Car_ws/install/rcl_interfaces/include/rcl_interfaces/rcl_interfaces/msg/integer_range.h
[19.848s] -- Installing: /root/ros_ws/src/Rescue_Car_ws/install/rcl_interfaces/include/rcl_interfaces/rcl_interfaces/msg/parameter.h
[19.848s] -- Installing: /root/ros_ws/src/Rescue_Car_ws/install/rcl_interfaces/include/rcl_interfaces/rcl_interfaces/msg/log.h
[19.848s] -- Installing: /root/ros_ws/src/Rescue_Car_ws/install/rcl_interfaces/include/rcl_interfaces/rcl_interfaces/msg/detail
[19.849s] -- Installing: /root/ros_ws/src/Rescue_Car_ws/install/rcl_interfaces/include/rcl_interfaces/rcl_interfaces/msg/detail/integer_range__functions.c
[19.849s] -- Installing: /root/ros_ws/src/Rescue_Car_ws/install/rcl_interfaces/include/rcl_interfaces/rcl_interfaces/msg/detail/parameter_descriptor__type_support.h
[19.849s] -- Installing: /root/ros_ws/src/Rescue_Car_ws/install/rcl_interfaces/include/rcl_interfaces/rcl_interfaces/msg/detail/log__functions.c
[19.849s] -- Installing: /root/ros_ws/src/Rescue_Car_ws/install/rcl_interfaces/include/rcl_interfaces/rcl_interfaces/msg/detail/log__functions.h
[19.849s] -- Installing: /root/ros_ws/src/Rescue_Car_ws/install/rcl_interfaces/include/rcl_interfaces/rcl_interfaces/msg/detail/list_parameters_result__type_support.h
[19.849s] -- Installing: /root/ros_ws/src/Rescue_Car_ws/install/rcl_interfaces/include/rcl_interfaces/rcl_interfaces/msg/detail/parameter__functions.c
[19.849s] -- Installing: /root/ros_ws/src/Rescue_Car_ws/install/rcl_interfaces/include/rcl_interfaces/rcl_interfaces/msg/detail/parameter_event_descriptors__type_support.h
[19.849s] -- Installing: /root/ros_ws/src/Rescue_Car_ws/install/rcl_interfaces/include/rcl_interfaces/rcl_interfaces/msg/detail/parameter_type__struct.h
[19.850s] -- Installing: /root/ros_ws/src/Rescue_Car_ws/install/rcl_interfaces/include/rcl_interfaces/rcl_interfaces/msg/detail/parameter__functions.h
[19.850s] -- Installing: /root/ros_ws/src/Rescue_Car_ws/install/rcl_interfaces/include/rcl_interfaces/rcl_interfaces/msg/detail/parameter_value__functions.h
[19.850s] -- Installing: /root/ros_ws/src/Rescue_Car_ws/install/rcl_interfaces/include/rcl_interfaces/rcl_interfaces/msg/detail/parameter__type_support.h
[19.850s] -- Installing: /root/ros_ws/src/Rescue_Car_ws/install/rcl_interfaces/include/rcl_interfaces/rcl_interfaces/msg/detail/floating_point_range__functions.h
[19.850s] -- Installing: /root/ros_ws/src/Rescue_Car_ws/install/rcl_interfaces/include/rcl_interfaces/rcl_interfaces/msg/detail/parameter__struct.h
[19.850s] -- Installing: /root/ros_ws/src/Rescue_Car_ws/install/rcl_interfaces/include/rcl_interfaces/rcl_interfaces/msg/detail/parameter_type__type_support.h
[19.850s] -- Installing: /root/ros_ws/src/Rescue_Car_ws/install/rcl_interfaces/include/rcl_interfaces/rcl_interfaces/msg/detail/floating_point_range__functions.c
[19.851s] -- Installing: /root/ros_ws/src/Rescue_Car_ws/install/rcl_interfaces/include/rcl_interfaces/rcl_interfaces/msg/detail/parameter_event_descriptors__functions.h
[19.851s] -- Installing: /root/ros_ws/src/Rescue_Car_ws/install/rcl_interfaces/include/rcl_interfaces/rcl_interfaces/msg/detail/parameter_value__type_support.h
[19.851s] -- Installing: /root/ros_ws/src/Rescue_Car_ws/install/rcl_interfaces/include/rcl_interfaces/rcl_interfaces/msg/detail/parameter_descriptor__functions.h
[19.852s] -- Installing: /root/ros_ws/src/Rescue_Car_ws/install/rcl_interfaces/include/rcl_interfaces/rcl_interfaces/msg/detail/parameter_event_descriptors__functions.c
[19.852s] -- Installing: /root/ros_ws/src/Rescue_Car_ws/install/rcl_interfaces/include/rcl_interfaces/rcl_interfaces/msg/detail/list_parameters_result__functions.h
[19.852s] -- Installing: /root/ros_ws/src/Rescue_Car_ws/install/rcl_interfaces/include/rcl_interfaces/rcl_interfaces/msg/detail/parameter_event__struct.h
[19.853s] -- Installing: /root/ros_ws/src/Rescue_Car_ws/install/rcl_interfaces/include/rcl_interfaces/rcl_interfaces/msg/detail/parameter_event__functions.c
[19.853s] -- Installing: /root/ros_ws/src/Rescue_Car_ws/install/rcl_interfaces/include/rcl_interfaces/rcl_interfaces/msg/detail/set_parameters_result__functions.h
[19.853s] -- Installing: /root/ros_ws/src/Rescue_Car_ws/install/rcl_interfaces/include/rcl_interfaces/rcl_interfaces/msg/detail/parameter_descriptor__struct.h
[19.854s] -- Installing: /root/ros_ws/src/Rescue_Car_ws/install/rcl_interfaces/include/rcl_interfaces/rcl_interfaces/msg/detail/parameter_value__functions.c
[19.854s] -- Installing: /root/ros_ws/src/Rescue_Car_ws/install/rcl_interfaces/include/rcl_interfaces/rcl_interfaces/msg/detail/integer_range__type_support.h
[19.854s] -- Installing: /root/ros_ws/src/Rescue_Car_ws/install/rcl_interfaces/include/rcl_interfaces/rcl_interfaces/msg/detail/integer_range__struct.h
[19.854s] -- Installing: /root/ros_ws/src/Rescue_Car_ws/install/rcl_interfaces/include/rcl_interfaces/rcl_interfaces/msg/detail/integer_range__functions.h
[19.854s] -- Installing: /root/ros_ws/src/Rescue_Car_ws/install/rcl_interfaces/include/rcl_interfaces/rcl_interfaces/msg/detail/set_parameters_result__type_support.h
[19.854s] -- Installing: /root/ros_ws/src/Rescue_Car_ws/install/rcl_interfaces/include/rcl_interfaces/rcl_interfaces/msg/detail/parameter_event__functions.h
[19.854s] -- Installing: /root/ros_ws/src/Rescue_Car_ws/install/rcl_interfaces/include/rcl_interfaces/rcl_interfaces/msg/detail/list_parameters_result__struct.h
[19.854s] -- Installing: /root/ros_ws/src/Rescue_Car_ws/install/rcl_interfaces/include/rcl_interfaces/rcl_interfaces/msg/detail/parameter_event_descriptors__struct.h
[19.854s] -- Installing: /root/ros_ws/src/Rescue_Car_ws/install/rcl_interfaces/include/rcl_interfaces/rcl_interfaces/msg/detail/parameter_type__functions.h
[19.854s] -- Installing: /root/ros_ws/src/Rescue_Car_ws/install/rcl_interfaces/include/rcl_interfaces/rcl_interfaces/msg/detail/list_parameters_result__functions.c
[19.854s] -- Installing: /root/ros_ws/src/Rescue_Car_ws/install/rcl_interfaces/include/rcl_interfaces/rcl_interfaces/msg/detail/parameter_type__functions.c
[19.854s] -- Installing: /root/ros_ws/src/Rescue_Car_ws/install/rcl_interfaces/include/rcl_interfaces/rcl_interfaces/msg/detail/parameter_event__type_support.h
[19.855s] -- Installing: /root/ros_ws/src/Rescue_Car_ws/install/rcl_interfaces/include/rcl_interfaces/rcl_interfaces/msg/detail/log__struct.h
[19.855s] -- Installing: /root/ros_ws/src/Rescue_Car_ws/install/rcl_interfaces/include/rcl_interfaces/rcl_interfaces/msg/detail/set_parameters_result__functions.c
[19.855s] -- Installing: /root/ros_ws/src/Rescue_Car_ws/install/rcl_interfaces/include/rcl_interfaces/rcl_interfaces/msg/detail/parameter_value__struct.h
[19.855s] -- Installing: /root/ros_ws/src/Rescue_Car_ws/install/rcl_interfaces/include/rcl_interfaces/rcl_interfaces/msg/detail/log__type_support.h
[19.855s] -- Installing: /root/ros_ws/src/Rescue_Car_ws/install/rcl_interfaces/include/rcl_interfaces/rcl_interfaces/msg/detail/parameter_descriptor__functions.c
[19.855s] -- Installing: /root/ros_ws/src/Rescue_Car_ws/install/rcl_interfaces/include/rcl_interfaces/rcl_interfaces/msg/detail/set_parameters_result__struct.h
[19.855s] -- Installing: /root/ros_ws/src/Rescue_Car_ws/install/rcl_interfaces/include/rcl_interfaces/rcl_interfaces/msg/detail/floating_point_range__struct.h
[19.855s] -- Installing: /root/ros_ws/src/Rescue_Car_ws/install/rcl_interfaces/include/rcl_interfaces/rcl_interfaces/msg/detail/floating_point_range__type_support.h
[19.855s] -- Installing: /root/ros_ws/src/Rescue_Car_ws/install/rcl_interfaces/include/rcl_interfaces/rcl_interfaces/msg/parameter_type.h
[19.855s] -- Installing: /root/ros_ws/src/Rescue_Car_ws/install/rcl_interfaces/include/rcl_interfaces/rcl_interfaces/msg/rosidl_generator_c__visibility_control.h
[19.856s] -- Installing: /root/ros_ws/src/Rescue_Car_ws/install/rcl_interfaces/include/rcl_interfaces/rcl_interfaces/msg/set_parameters_result.h
[19.856s] -- Installing: /root/ros_ws/src/Rescue_Car_ws/install/rcl_interfaces/share/rcl_interfaces/environment/library_path.sh
[19.856s] -- Installing: /root/ros_ws/src/Rescue_Car_ws/install/rcl_interfaces/share/rcl_interfaces/environment/library_path.dsv
[19.856s] -- Installing: /root/ros_ws/src/Rescue_Car_ws/install/rcl_interfaces/lib/librcl_interfaces__rosidl_generator_c.so
[19.857s] -- Set runtime path of "/root/ros_ws/src/Rescue_Car_ws/install/rcl_interfaces/lib/librcl_interfaces__rosidl_generator_c.so" to ""
[19.857s] -- Up-to-date: /root/ros_ws/src/Rescue_Car_ws/install/rcl_interfaces/include/rcl_interfaces/rcl_interfaces
[19.857s] -- Up-to-date: /root/ros_ws/src/Rescue_Car_ws/install/rcl_interfaces/include/rcl_interfaces/rcl_interfaces/srv
[19.857s] -- Up-to-date: /root/ros_ws/src/Rescue_Car_ws/install/rcl_interfaces/include/rcl_interfaces/rcl_interfaces/srv/detail
[19.857s] -- Installing: /root/ros_ws/src/Rescue_Car_ws/install/rcl_interfaces/include/rcl_interfaces/rcl_interfaces/srv/detail/get_parameters__rosidl_typesupport_fastrtps_c.h
[19.857s] -- Installing: /root/ros_ws/src/Rescue_Car_ws/install/rcl_interfaces/include/rcl_interfaces/rcl_interfaces/srv/detail/get_parameter_types__rosidl_typesupport_fastrtps_c.h
[19.857s] -- Installing: /root/ros_ws/src/Rescue_Car_ws/install/rcl_interfaces/include/rcl_interfaces/rcl_interfaces/srv/detail/set_parameters_atomically__rosidl_typesupport_fastrtps_c.h
[19.858s] -- Installing: /root/ros_ws/src/Rescue_Car_ws/install/rcl_interfaces/include/rcl_interfaces/rcl_interfaces/srv/detail/list_parameters__rosidl_typesupport_fastrtps_c.h
[19.858s] -- Installing: /root/ros_ws/src/Rescue_Car_ws/install/rcl_interfaces/include/rcl_interfaces/rcl_interfaces/srv/detail/describe_parameters__rosidl_typesupport_fastrtps_c.h
[19.858s] -- Installing: /root/ros_ws/src/Rescue_Car_ws/install/rcl_interfaces/include/rcl_interfaces/rcl_interfaces/srv/detail/set_parameters__rosidl_typesupport_fastrtps_c.h
[19.858s] -- Up-to-date: /root/ros_ws/src/Rescue_Car_ws/install/rcl_interfaces/include/rcl_interfaces/rcl_interfaces/msg
[19.858s] -- Up-to-date: /root/ros_ws/src/Rescue_Car_ws/install/rcl_interfaces/include/rcl_interfaces/rcl_interfaces/msg/detail
[19.858s] -- Installing: /root/ros_ws/src/Rescue_Car_ws/install/rcl_interfaces/include/rcl_interfaces/rcl_interfaces/msg/detail/parameter_value__rosidl_typesupport_fastrtps_c.h
[19.858s] -- Installing: /root/ros_ws/src/Rescue_Car_ws/install/rcl_interfaces/include/rcl_interfaces/rcl_interfaces/msg/detail/set_parameters_result__rosidl_typesupport_fastrtps_c.h
[19.858s] -- Installing: /root/ros_ws/src/Rescue_Car_ws/install/rcl_interfaces/include/rcl_interfaces/rcl_interfaces/msg/detail/list_parameters_result__rosidl_typesupport_fastrtps_c.h
[19.858s] -- Installing: /root/ros_ws/src/Rescue_Car_ws/install/rcl_interfaces/include/rcl_interfaces/rcl_interfaces/msg/detail/parameter_event__rosidl_typesupport_fastrtps_c.h
[19.858s] -- Installing: /root/ros_ws/src/Rescue_Car_ws/install/rcl_interfaces/include/rcl_interfaces/rcl_interfaces/msg/detail/log__rosidl_typesupport_fastrtps_c.h
[19.858s] -- Installing: /root/ros_ws/src/Rescue_Car_ws/install/rcl_interfaces/include/rcl_interfaces/rcl_interfaces/msg/detail/parameter__rosidl_typesupport_fastrtps_c.h
[19.858s] -- Installing: /root/ros_ws/src/Rescue_Car_ws/install/rcl_interfaces/include/rcl_interfaces/rcl_interfaces/msg/detail/floating_point_range__rosidl_typesupport_fastrtps_c.h
[19.858s] -- Installing: /root/ros_ws/src/Rescue_Car_ws/install/rcl_interfaces/include/rcl_interfaces/rcl_interfaces/msg/detail/integer_range__rosidl_typesupport_fastrtps_c.h
[19.859s] -- Installing: /root/ros_ws/src/Rescue_Car_ws/install/rcl_interfaces/include/rcl_interfaces/rcl_interfaces/msg/detail/parameter_type__rosidl_typesupport_fastrtps_c.h
[19.859s] -- Installing: /root/ros_ws/src/Rescue_Car_ws/install/rcl_interfaces/include/rcl_interfaces/rcl_interfaces/msg/detail/parameter_event_descriptors__rosidl_typesupport_fastrtps_c.h
[19.859s] -- Installing: /root/ros_ws/src/Rescue_Car_ws/install/rcl_interfaces/include/rcl_interfaces/rcl_interfaces/msg/detail/parameter_descriptor__rosidl_typesupport_fastrtps_c.h
[19.859s] -- Installing: /root/ros_ws/src/Rescue_Car_ws/install/rcl_interfaces/include/rcl_interfaces/rcl_interfaces/msg/rosidl_typesupport_fastrtps_c__visibility_control.h
[19.859s] -- Installing: /root/ros_ws/src/Rescue_Car_ws/install/rcl_interfaces/lib/librcl_interfaces__rosidl_typesupport_fastrtps_c.so
[19.859s] -- Set runtime path of "/root/ros_ws/src/Rescue_Car_ws/install/rcl_interfaces/lib/librcl_interfaces__rosidl_typesupport_fastrtps_c.so" to ""
[19.860s] -- Up-to-date: /root/ros_ws/src/Rescue_Car_ws/install/rcl_interfaces/include/rcl_interfaces/rcl_interfaces
[19.860s] -- Up-to-date: /root/ros_ws/src/Rescue_Car_ws/install/rcl_interfaces/include/rcl_interfaces/rcl_interfaces/srv
[19.860s] -- Up-to-date: /root/ros_ws/src/Rescue_Car_ws/install/rcl_interfaces/include/rcl_interfaces/rcl_interfaces/srv/detail
[19.860s] -- Installing: /root/ros_ws/src/Rescue_Car_ws/install/rcl_interfaces/include/rcl_interfaces/rcl_interfaces/srv/detail/set_parameters_atomically__type_support.c
[19.860s] -- Installing: /root/ros_ws/src/Rescue_Car_ws/install/rcl_interfaces/include/rcl_interfaces/rcl_interfaces/srv/detail/set_parameters_atomically__rosidl_typesupport_introspection_c.h
[19.860s] -- Installing: /root/ros_ws/src/Rescue_Car_ws/install/rcl_interfaces/include/rcl_interfaces/rcl_interfaces/srv/detail/get_parameters__rosidl_typesupport_introspection_c.h
[19.860s] -- Installing: /root/ros_ws/src/Rescue_Car_ws/install/rcl_interfaces/include/rcl_interfaces/rcl_interfaces/srv/detail/list_parameters__rosidl_typesupport_introspection_c.h
[19.860s] -- Installing: /root/ros_ws/src/Rescue_Car_ws/install/rcl_interfaces/include/rcl_interfaces/rcl_interfaces/srv/detail/set_parameters__type_support.c
[19.860s] -- Installing: /root/ros_ws/src/Rescue_Car_ws/install/rcl_interfaces/include/rcl_interfaces/rcl_interfaces/srv/detail/describe_parameters__type_support.c
[19.860s] -- Installing: /root/ros_ws/src/Rescue_Car_ws/install/rcl_interfaces/include/rcl_interfaces/rcl_interfaces/srv/detail/set_parameters__rosidl_typesupport_introspection_c.h
[19.860s] -- Installing: /root/ros_ws/src/Rescue_Car_ws/install/rcl_interfaces/include/rcl_interfaces/rcl_interfaces/srv/detail/get_parameter_types__type_support.c
[19.860s] -- Installing: /root/ros_ws/src/Rescue_Car_ws/install/rcl_interfaces/include/rcl_interfaces/rcl_interfaces/srv/detail/list_parameters__type_support.c
[19.861s] -- Installing: /root/ros_ws/src/Rescue_Car_ws/install/rcl_interfaces/include/rcl_interfaces/rcl_interfaces/srv/detail/describe_parameters__rosidl_typesupport_introspection_c.h
[19.861s] -- Installing: /root/ros_ws/src/Rescue_Car_ws/install/rcl_interfaces/include/rcl_interfaces/rcl_interfaces/srv/detail/get_parameter_types__rosidl_typesupport_introspection_c.h
[19.861s] -- Installing: /root/ros_ws/src/Rescue_Car_ws/install/rcl_interfaces/include/rcl_interfaces/rcl_interfaces/srv/detail/get_parameters__type_support.c
[19.861s] -- Up-to-date: /root/ros_ws/src/Rescue_Car_ws/install/rcl_interfaces/include/rcl_interfaces/rcl_interfaces/msg
[19.861s] -- Installing: /root/ros_ws/src/Rescue_Car_ws/install/rcl_interfaces/include/rcl_interfaces/rcl_interfaces/msg/rosidl_typesupport_introspection_c__visibility_control.h
[19.861s] -- Up-to-date: /root/ros_ws/src/Rescue_Car_ws/install/rcl_interfaces/include/rcl_interfaces/rcl_interfaces/msg/detail
[19.862s] -- Installing: /root/ros_ws/src/Rescue_Car_ws/install/rcl_interfaces/include/rcl_interfaces/rcl_interfaces/msg/detail/floating_point_range__type_support.c
[19.862s] -- Installing: /root/ros_ws/src/Rescue_Car_ws/install/rcl_interfaces/include/rcl_interfaces/rcl_interfaces/msg/detail/log__type_support.c
[19.862s] -- Installing: /root/ros_ws/src/Rescue_Car_ws/install/rcl_interfaces/include/rcl_interfaces/rcl_interfaces/msg/detail/list_parameters_result__rosidl_typesupport_introspection_c.h
[19.862s] -- Installing: /root/ros_ws/src/Rescue_Car_ws/install/rcl_interfaces/include/rcl_interfaces/rcl_interfaces/msg/detail/parameter__type_support.c
[19.862s] -- Installing: /root/ros_ws/src/Rescue_Car_ws/install/rcl_interfaces/include/rcl_interfaces/rcl_interfaces/msg/detail/parameter_descriptor__type_support.c
[19.862s] -- Installing: /root/ros_ws/src/Rescue_Car_ws/install/rcl_interfaces/include/rcl_interfaces/rcl_interfaces/msg/detail/floating_point_range__rosidl_typesupport_introspection_c.h
[19.862s] -- Installing: /root/ros_ws/src/Rescue_Car_ws/install/rcl_interfaces/include/rcl_interfaces/rcl_interfaces/msg/detail/parameter_value__rosidl_typesupport_introspection_c.h
[19.862s] -- Installing: /root/ros_ws/src/Rescue_Car_ws/install/rcl_interfaces/include/rcl_interfaces/rcl_interfaces/msg/detail/parameter_type__type_support.c
[19.862s] -- Installing: /root/ros_ws/src/Rescue_Car_ws/install/rcl_interfaces/include/rcl_interfaces/rcl_interfaces/msg/detail/set_parameters_result__type_support.c
[19.862s] -- Installing: /root/ros_ws/src/Rescue_Car_ws/install/rcl_interfaces/include/rcl_interfaces/rcl_interfaces/msg/detail/log__rosidl_typesupport_introspection_c.h
[19.863s] -- Installing: /root/ros_ws/src/Rescue_Car_ws/install/rcl_interfaces/include/rcl_interfaces/rcl_interfaces/msg/detail/parameter_event_descriptors__rosidl_typesupport_introspection_c.h
[19.863s] -- Installing: /root/ros_ws/src/Rescue_Car_ws/install/rcl_interfaces/include/rcl_interfaces/rcl_interfaces/msg/detail/parameter_descriptor__rosidl_typesupport_introspection_c.h
[19.863s] -- Installing: /root/ros_ws/src/Rescue_Car_ws/install/rcl_interfaces/include/rcl_interfaces/rcl_interfaces/msg/detail/list_parameters_result__type_support.c
[19.863s] -- Installing: /root/ros_ws/src/Rescue_Car_ws/install/rcl_interfaces/include/rcl_interfaces/rcl_interfaces/msg/detail/parameter_event__rosidl_typesupport_introspection_c.h
[19.863s] -- Installing: /root/ros_ws/src/Rescue_Car_ws/install/rcl_interfaces/include/rcl_interfaces/rcl_interfaces/msg/detail/integer_range__rosidl_typesupport_introspection_c.h
[19.863s] -- Installing: /root/ros_ws/src/Rescue_Car_ws/install/rcl_interfaces/include/rcl_interfaces/rcl_interfaces/msg/detail/set_parameters_result__rosidl_typesupport_introspection_c.h
[19.863s] -- Installing: /root/ros_ws/src/Rescue_Car_ws/install/rcl_interfaces/include/rcl_interfaces/rcl_interfaces/msg/detail/parameter__rosidl_typesupport_introspection_c.h
[19.863s] -- Installing: /root/ros_ws/src/Rescue_Car_ws/install/rcl_interfaces/include/rcl_interfaces/rcl_interfaces/msg/detail/integer_range__type_support.c
[19.864s] -- Installing: /root/ros_ws/src/Rescue_Car_ws/install/rcl_interfaces/include/rcl_interfaces/rcl_interfaces/msg/detail/parameter_type__rosidl_typesupport_introspection_c.h
[19.864s] -- Installing: /root/ros_ws/src/Rescue_Car_ws/install/rcl_interfaces/include/rcl_interfaces/rcl_interfaces/msg/detail/parameter_event__type_support.c
[19.864s] -- Installing: /root/ros_ws/src/Rescue_Car_ws/install/rcl_interfaces/include/rcl_interfaces/rcl_interfaces/msg/detail/parameter_event_descriptors__type_support.c
[19.864s] -- Installing: /root/ros_ws/src/Rescue_Car_ws/install/rcl_interfaces/include/rcl_interfaces/rcl_interfaces/msg/detail/parameter_value__type_support.c
[19.864s] -- Installing: /root/ros_ws/src/Rescue_Car_ws/install/rcl_interfaces/lib/librcl_interfaces__rosidl_typesupport_introspection_c.so
[19.864s] -- Set runtime path of "/root/ros_ws/src/Rescue_Car_ws/install/rcl_interfaces/lib/librcl_interfaces__rosidl_typesupport_introspection_c.so" to ""
[19.865s] -- Installing: /root/ros_ws/src/Rescue_Car_ws/install/rcl_interfaces/lib/librcl_interfaces__rosidl_typesupport_c.so
[19.865s] -- Set runtime path of "/root/ros_ws/src/Rescue_Car_ws/install/rcl_interfaces/lib/librcl_interfaces__rosidl_typesupport_c.so" to ""
[19.865s] -- Up-to-date: /root/ros_ws/src/Rescue_Car_ws/install/rcl_interfaces/include/rcl_interfaces/rcl_interfaces
[19.865s] -- Up-to-date: /root/ros_ws/src/Rescue_Car_ws/install/rcl_interfaces/include/rcl_interfaces/rcl_interfaces/srv
[19.865s] -- Installing: /root/ros_ws/src/Rescue_Car_ws/install/rcl_interfaces/include/rcl_interfaces/rcl_interfaces/srv/list_parameters.hpp
[19.865s] -- Installing: /root/ros_ws/src/Rescue_Car_ws/install/rcl_interfaces/include/rcl_interfaces/rcl_interfaces/srv/set_parameters.hpp
[19.866s] -- Installing: /root/ros_ws/src/Rescue_Car_ws/install/rcl_interfaces/include/rcl_interfaces/rcl_interfaces/srv/describe_parameters.hpp
[19.866s] -- Up-to-date: /root/ros_ws/src/Rescue_Car_ws/install/rcl_interfaces/include/rcl_interfaces/rcl_interfaces/srv/detail
[19.866s] -- Installing: /root/ros_ws/src/Rescue_Car_ws/install/rcl_interfaces/include/rcl_interfaces/rcl_interfaces/srv/detail/describe_parameters__builder.hpp
[19.866s] -- Installing: /root/ros_ws/src/Rescue_Car_ws/install/rcl_interfaces/include/rcl_interfaces/rcl_interfaces/srv/detail/get_parameters__type_support.hpp
[19.866s] -- Installing: /root/ros_ws/src/Rescue_Car_ws/install/rcl_interfaces/include/rcl_interfaces/rcl_interfaces/srv/detail/list_parameters__traits.hpp
[19.867s] -- Installing: /root/ros_ws/src/Rescue_Car_ws/install/rcl_interfaces/include/rcl_interfaces/rcl_interfaces/srv/detail/get_parameter_types__builder.hpp
[19.867s] -- Installing: /root/ros_ws/src/Rescue_Car_ws/install/rcl_interfaces/include/rcl_interfaces/rcl_interfaces/srv/detail/set_parameters_atomically__traits.hpp
[19.867s] -- Installing: /root/ros_ws/src/Rescue_Car_ws/install/rcl_interfaces/include/rcl_interfaces/rcl_interfaces/srv/detail/describe_parameters__type_support.hpp
[19.867s] -- Installing: /root/ros_ws/src/Rescue_Car_ws/install/rcl_interfaces/include/rcl_interfaces/rcl_interfaces/srv/detail/set_parameters_atomically__type_support.hpp
[19.868s] -- Installing: /root/ros_ws/src/Rescue_Car_ws/install/rcl_interfaces/include/rcl_interfaces/rcl_interfaces/srv/detail/list_parameters__struct.hpp
[19.868s] -- Installing: /root/ros_ws/src/Rescue_Car_ws/install/rcl_interfaces/include/rcl_interfaces/rcl_interfaces/srv/detail/get_parameters__struct.hpp
[19.868s] -- Installing: /root/ros_ws/src/Rescue_Car_ws/install/rcl_interfaces/include/rcl_interfaces/rcl_interfaces/srv/detail/describe_parameters__struct.hpp
[19.868s] -- Installing: /root/ros_ws/src/Rescue_Car_ws/install/rcl_interfaces/include/rcl_interfaces/rcl_interfaces/srv/detail/set_parameters_atomically__struct.hpp
[19.869s] -- Installing: /root/ros_ws/src/Rescue_Car_ws/install/rcl_interfaces/include/rcl_interfaces/rcl_interfaces/srv/detail/get_parameter_types__traits.hpp
[19.869s] -- Installing: /root/ros_ws/src/Rescue_Car_ws/install/rcl_interfaces/include/rcl_interfaces/rcl_interfaces/srv/detail/get_parameter_types__struct.hpp
[19.869s] -- Installing: /root/ros_ws/src/Rescue_Car_ws/install/rcl_interfaces/include/rcl_interfaces/rcl_interfaces/srv/detail/get_parameters__builder.hpp
[19.869s] -- Installing: /root/ros_ws/src/Rescue_Car_ws/install/rcl_interfaces/include/rcl_interfaces/rcl_interfaces/srv/detail/set_parameters__type_support.hpp
[19.869s] -- Installing: /root/ros_ws/src/Rescue_Car_ws/install/rcl_interfaces/include/rcl_interfaces/rcl_interfaces/srv/detail/set_parameters__traits.hpp
[19.869s] -- Installing: /root/ros_ws/src/Rescue_Car_ws/install/rcl_interfaces/include/rcl_interfaces/rcl_interfaces/srv/detail/describe_parameters__traits.hpp
[19.869s] -- Installing: /root/ros_ws/src/Rescue_Car_ws/install/rcl_interfaces/include/rcl_interfaces/rcl_interfaces/srv/detail/set_parameters__struct.hpp
[19.870s] -- Installing: /root/ros_ws/src/Rescue_Car_ws/install/rcl_interfaces/include/rcl_interfaces/rcl_interfaces/srv/detail/get_parameter_types__type_support.hpp
[19.870s] -- Installing: /root/ros_ws/src/Rescue_Car_ws/install/rcl_interfaces/include/rcl_interfaces/rcl_interfaces/srv/detail/list_parameters__type_support.hpp
[19.870s] -- Installing: /root/ros_ws/src/Rescue_Car_ws/install/rcl_interfaces/include/rcl_interfaces/rcl_interfaces/srv/detail/set_parameters_atomically__builder.hpp
[19.870s] -- Installing: /root/ros_ws/src/Rescue_Car_ws/install/rcl_interfaces/include/rcl_interfaces/rcl_interfaces/srv/detail/list_parameters__builder.hpp
[19.870s] -- Installing: /root/ros_ws/src/Rescue_Car_ws/install/rcl_interfaces/include/rcl_interfaces/rcl_interfaces/srv/detail/get_parameters__traits.hpp
[19.870s] -- Installing: /root/ros_ws/src/Rescue_Car_ws/install/rcl_interfaces/include/rcl_interfaces/rcl_interfaces/srv/detail/set_parameters__builder.hpp
[19.870s] -- Installing: /root/ros_ws/src/Rescue_Car_ws/install/rcl_interfaces/include/rcl_interfaces/rcl_interfaces/srv/get_parameters.hpp
[19.870s] -- Installing: /root/ros_ws/src/Rescue_Car_ws/install/rcl_interfaces/include/rcl_interfaces/rcl_interfaces/srv/get_parameter_types.hpp
[19.870s] -- Installing: /root/ros_ws/src/Rescue_Car_ws/install/rcl_interfaces/include/rcl_interfaces/rcl_interfaces/srv/set_parameters_atomically.hpp
[19.870s] -- Up-to-date: /root/ros_ws/src/Rescue_Car_ws/install/rcl_interfaces/include/rcl_interfaces/rcl_interfaces/msg
[19.870s] -- Installing: /root/ros_ws/src/Rescue_Car_ws/install/rcl_interfaces/include/rcl_interfaces/rcl_interfaces/msg/parameter_event_descriptors.hpp
[19.871s] -- Installing: /root/ros_ws/src/Rescue_Car_ws/install/rcl_interfaces/include/rcl_interfaces/rcl_interfaces/msg/rosidl_generator_cpp__visibility_control.hpp
[19.871s] -- Installing: /root/ros_ws/src/Rescue_Car_ws/install/rcl_interfaces/include/rcl_interfaces/rcl_interfaces/msg/parameter_event.hpp
[19.871s] -- Installing: /root/ros_ws/src/Rescue_Car_ws/install/rcl_interfaces/include/rcl_interfaces/rcl_interfaces/msg/set_parameters_result.hpp
[19.871s] -- Installing: /root/ros_ws/src/Rescue_Car_ws/install/rcl_interfaces/include/rcl_interfaces/rcl_interfaces/msg/integer_range.hpp
[19.871s] -- Installing: /root/ros_ws/src/Rescue_Car_ws/install/rcl_interfaces/include/rcl_interfaces/rcl_interfaces/msg/list_parameters_result.hpp
[19.871s] -- Installing: /root/ros_ws/src/Rescue_Car_ws/install/rcl_interfaces/include/rcl_interfaces/rcl_interfaces/msg/parameter_descriptor.hpp
[19.871s] -- Up-to-date: /root/ros_ws/src/Rescue_Car_ws/install/rcl_interfaces/include/rcl_interfaces/rcl_interfaces/msg/detail
[19.871s] -- Installing: /root/ros_ws/src/Rescue_Car_ws/install/rcl_interfaces/include/rcl_interfaces/rcl_interfaces/msg/detail/set_parameters_result__type_support.hpp
[19.871s] -- Installing: /root/ros_ws/src/Rescue_Car_ws/install/rcl_interfaces/include/rcl_interfaces/rcl_interfaces/msg/detail/set_parameters_result__builder.hpp
[19.871s] -- Installing: /root/ros_ws/src/Rescue_Car_ws/install/rcl_interfaces/include/rcl_interfaces/rcl_interfaces/msg/detail/parameter_type__struct.hpp
[19.871s] -- Installing: /root/ros_ws/src/Rescue_Car_ws/install/rcl_interfaces/include/rcl_interfaces/rcl_interfaces/msg/detail/parameter__struct.hpp
[19.871s] -- Installing: /root/ros_ws/src/Rescue_Car_ws/install/rcl_interfaces/include/rcl_interfaces/rcl_interfaces/msg/detail/parameter_type__builder.hpp
[19.871s] -- Installing: /root/ros_ws/src/Rescue_Car_ws/install/rcl_interfaces/include/rcl_interfaces/rcl_interfaces/msg/detail/parameter_value__builder.hpp
[19.871s] -- Installing: /root/ros_ws/src/Rescue_Car_ws/install/rcl_interfaces/include/rcl_interfaces/rcl_interfaces/msg/detail/parameter__traits.hpp
[19.872s] -- Installing: /root/ros_ws/src/Rescue_Car_ws/install/rcl_interfaces/include/rcl_interfaces/rcl_interfaces/msg/detail/list_parameters_result__traits.hpp
[19.872s] -- Installing: /root/ros_ws/src/Rescue_Car_ws/install/rcl_interfaces/include/rcl_interfaces/rcl_interfaces/msg/detail/parameter_descriptor__builder.hpp
[19.872s] -- Installing: /root/ros_ws/src/Rescue_Car_ws/install/rcl_interfaces/include/rcl_interfaces/rcl_interfaces/msg/detail/parameter__builder.hpp
[19.872s] -- Installing: /root/ros_ws/src/Rescue_Car_ws/install/rcl_interfaces/include/rcl_interfaces/rcl_interfaces/msg/detail/parameter_value__type_support.hpp
[19.872s] -- Installing: /root/ros_ws/src/Rescue_Car_ws/install/rcl_interfaces/include/rcl_interfaces/rcl_interfaces/msg/detail/parameter_type__traits.hpp
[19.873s] -- Installing: /root/ros_ws/src/Rescue_Car_ws/install/rcl_interfaces/include/rcl_interfaces/rcl_interfaces/msg/detail/set_parameters_result__struct.hpp
[19.873s] -- Installing: /root/ros_ws/src/Rescue_Car_ws/install/rcl_interfaces/include/rcl_interfaces/rcl_interfaces/msg/detail/parameter_descriptor__traits.hpp
[19.873s] -- Installing: /root/ros_ws/src/Rescue_Car_ws/install/rcl_interfaces/include/rcl_interfaces/rcl_interfaces/msg/detail/parameter__type_support.hpp
[19.873s] -- Installing: /root/ros_ws/src/Rescue_Car_ws/install/rcl_interfaces/include/rcl_interfaces/rcl_interfaces/msg/detail/list_parameters_result__struct.hpp
[19.874s] -- Installing: /root/ros_ws/src/Rescue_Car_ws/install/rcl_interfaces/include/rcl_interfaces/rcl_interfaces/msg/detail/parameter_descriptor__struct.hpp
[19.874s] -- Installing: /root/ros_ws/src/Rescue_Car_ws/install/rcl_interfaces/include/rcl_interfaces/rcl_interfaces/msg/detail/parameter_event__struct.hpp
[19.874s] -- Installing: /root/ros_ws/src/Rescue_Car_ws/install/rcl_interfaces/include/rcl_interfaces/rcl_interfaces/msg/detail/floating_point_range__builder.hpp
[19.874s] -- Installing: /root/ros_ws/src/Rescue_Car_ws/install/rcl_interfaces/include/rcl_interfaces/rcl_interfaces/msg/detail/floating_point_range__traits.hpp
[19.874s] -- Installing: /root/ros_ws/src/Rescue_Car_ws/install/rcl_interfaces/include/rcl_interfaces/rcl_interfaces/msg/detail/parameter_event__builder.hpp
[19.874s] -- Installing: /root/ros_ws/src/Rescue_Car_ws/install/rcl_interfaces/include/rcl_interfaces/rcl_interfaces/msg/detail/parameter_event_descriptors__builder.hpp
[19.874s] -- Installing: /root/ros_ws/src/Rescue_Car_ws/install/rcl_interfaces/include/rcl_interfaces/rcl_interfaces/msg/detail/parameter_value__struct.hpp
[19.875s] -- Installing: /root/ros_ws/src/Rescue_Car_ws/install/rcl_interfaces/include/rcl_interfaces/rcl_interfaces/msg/detail/floating_point_range__struct.hpp
[19.875s] -- Installing: /root/ros_ws/src/Rescue_Car_ws/install/rcl_interfaces/include/rcl_interfaces/rcl_interfaces/msg/detail/log__type_support.hpp
[19.875s] -- Installing: /root/ros_ws/src/Rescue_Car_ws/install/rcl_interfaces/include/rcl_interfaces/rcl_interfaces/msg/detail/parameter_event__type_support.hpp
[19.875s] -- Installing: /root/ros_ws/src/Rescue_Car_ws/install/rcl_interfaces/include/rcl_interfaces/rcl_interfaces/msg/detail/parameter_type__type_support.hpp
[19.875s] -- Installing: /root/ros_ws/src/Rescue_Car_ws/install/rcl_interfaces/include/rcl_interfaces/rcl_interfaces/msg/detail/floating_point_range__type_support.hpp
[19.876s] -- Installing: /root/ros_ws/src/Rescue_Car_ws/install/rcl_interfaces/include/rcl_interfaces/rcl_interfaces/msg/detail/integer_range__builder.hpp
[19.876s] -- Installing: /root/ros_ws/src/Rescue_Car_ws/install/rcl_interfaces/include/rcl_interfaces/rcl_interfaces/msg/detail/log__traits.hpp
[19.876s] -- Installing: /root/ros_ws/src/Rescue_Car_ws/install/rcl_interfaces/include/rcl_interfaces/rcl_interfaces/msg/detail/integer_range__struct.hpp
[19.876s] -- Installing: /root/ros_ws/src/Rescue_Car_ws/install/rcl_interfaces/include/rcl_interfaces/rcl_interfaces/msg/detail/integer_range__type_support.hpp
[19.876s] -- Installing: /root/ros_ws/src/Rescue_Car_ws/install/rcl_interfaces/include/rcl_interfaces/rcl_interfaces/msg/detail/integer_range__traits.hpp
[19.876s] -- Installing: /root/ros_ws/src/Rescue_Car_ws/install/rcl_interfaces/include/rcl_interfaces/rcl_interfaces/msg/detail/parameter_event_descriptors__traits.hpp
[19.876s] -- Installing: /root/ros_ws/src/Rescue_Car_ws/install/rcl_interfaces/include/rcl_interfaces/rcl_interfaces/msg/detail/parameter_event_descriptors__type_support.hpp
[19.876s] -- Installing: /root/ros_ws/src/Rescue_Car_ws/install/rcl_interfaces/include/rcl_interfaces/rcl_interfaces/msg/detail/parameter_event_descriptors__struct.hpp
[19.876s] -- Installing: /root/ros_ws/src/Rescue_Car_ws/install/rcl_interfaces/include/rcl_interfaces/rcl_interfaces/msg/detail/set_parameters_result__traits.hpp
[19.877s] -- Installing: /root/ros_ws/src/Rescue_Car_ws/install/rcl_interfaces/include/rcl_interfaces/rcl_interfaces/msg/detail/parameter_event__traits.hpp
[19.877s] -- Installing: /root/ros_ws/src/Rescue_Car_ws/install/rcl_interfaces/include/rcl_interfaces/rcl_interfaces/msg/detail/log__struct.hpp
[19.877s] -- Installing: /root/ros_ws/src/Rescue_Car_ws/install/rcl_interfaces/include/rcl_interfaces/rcl_interfaces/msg/detail/log__builder.hpp
[19.878s] -- Installing: /root/ros_ws/src/Rescue_Car_ws/install/rcl_interfaces/include/rcl_interfaces/rcl_interfaces/msg/detail/list_parameters_result__builder.hpp
[19.878s] -- Installing: /root/ros_ws/src/Rescue_Car_ws/install/rcl_interfaces/include/rcl_interfaces/rcl_interfaces/msg/detail/parameter_value__traits.hpp
[19.878s] -- Installing: /root/ros_ws/src/Rescue_Car_ws/install/rcl_interfaces/include/rcl_interfaces/rcl_interfaces/msg/detail/parameter_descriptor__type_support.hpp
[19.878s] -- Installing: /root/ros_ws/src/Rescue_Car_ws/install/rcl_interfaces/include/rcl_interfaces/rcl_interfaces/msg/detail/list_parameters_result__type_support.hpp
[19.879s] -- Installing: /root/ros_ws/src/Rescue_Car_ws/install/rcl_interfaces/include/rcl_interfaces/rcl_interfaces/msg/parameter.hpp
[19.879s] -- Installing: /root/ros_ws/src/Rescue_Car_ws/install/rcl_interfaces/include/rcl_interfaces/rcl_interfaces/msg/log.hpp
[19.879s] -- Installing: /root/ros_ws/src/Rescue_Car_ws/install/rcl_interfaces/include/rcl_interfaces/rcl_interfaces/msg/parameter_value.hpp
[19.879s] -- Installing: /root/ros_ws/src/Rescue_Car_ws/install/rcl_interfaces/include/rcl_interfaces/rcl_interfaces/msg/parameter_type.hpp
[19.879s] -- Installing: /root/ros_ws/src/Rescue_Car_ws/install/rcl_interfaces/include/rcl_interfaces/rcl_interfaces/msg/floating_point_range.hpp
[19.879s] -- Up-to-date: /root/ros_ws/src/Rescue_Car_ws/install/rcl_interfaces/include/rcl_interfaces/rcl_interfaces
[19.879s] -- Up-to-date: /root/ros_ws/src/Rescue_Car_ws/install/rcl_interfaces/include/rcl_interfaces/rcl_interfaces/srv
[19.879s] -- Up-to-date: /root/ros_ws/src/Rescue_Car_ws/install/rcl_interfaces/include/rcl_interfaces/rcl_interfaces/srv/detail
[19.879s] -- Installing: /root/ros_ws/src/Rescue_Car_ws/install/rcl_interfaces/include/rcl_interfaces/rcl_interfaces/srv/detail/get_parameters__rosidl_typesupport_fastrtps_cpp.hpp
[19.879s] -- Installing: /root/ros_ws/src/Rescue_Car_ws/install/rcl_interfaces/include/rcl_interfaces/rcl_interfaces/srv/detail/dds_fastrtps
[19.879s] -- Installing: /root/ros_ws/src/Rescue_Car_ws/install/rcl_interfaces/include/rcl_interfaces/rcl_interfaces/srv/detail/set_parameters__rosidl_typesupport_fastrtps_cpp.hpp
[19.879s] -- Installing: /root/ros_ws/src/Rescue_Car_ws/install/rcl_interfaces/include/rcl_interfaces/rcl_interfaces/srv/detail/list_parameters__rosidl_typesupport_fastrtps_cpp.hpp
[19.879s] -- Installing: /root/ros_ws/src/Rescue_Car_ws/install/rcl_interfaces/include/rcl_interfaces/rcl_interfaces/srv/detail/describe_parameters__rosidl_typesupport_fastrtps_cpp.hpp
[19.879s] -- Installing: /root/ros_ws/src/Rescue_Car_ws/install/rcl_interfaces/include/rcl_interfaces/rcl_interfaces/srv/detail/set_parameters_atomically__rosidl_typesupport_fastrtps_cpp.hpp
[19.879s] -- Installing: /root/ros_ws/src/Rescue_Car_ws/install/rcl_interfaces/include/rcl_interfaces/rcl_interfaces/srv/detail/get_parameter_types__rosidl_typesupport_fastrtps_cpp.hpp
[19.879s] -- Up-to-date: /root/ros_ws/src/Rescue_Car_ws/install/rcl_interfaces/include/rcl_interfaces/rcl_interfaces/msg
[19.879s] -- Installing: /root/ros_ws/src/Rescue_Car_ws/install/rcl_interfaces/include/rcl_interfaces/rcl_interfaces/msg/rosidl_typesupport_fastrtps_cpp__visibility_control.h
[19.879s] -- Up-to-date: /root/ros_ws/src/Rescue_Car_ws/install/rcl_interfaces/include/rcl_interfaces/rcl_interfaces/msg/detail
[19.879s] -- Installing: /root/ros_ws/src/Rescue_Car_ws/install/rcl_interfaces/include/rcl_interfaces/rcl_interfaces/msg/detail/parameter_type__rosidl_typesupport_fastrtps_cpp.hpp
[19.879s] -- Installing: /root/ros_ws/src/Rescue_Car_ws/install/rcl_interfaces/include/rcl_interfaces/rcl_interfaces/msg/detail/floating_point_range__rosidl_typesupport_fastrtps_cpp.hpp
[19.880s] -- Installing: /root/ros_ws/src/Rescue_Car_ws/install/rcl_interfaces/include/rcl_interfaces/rcl_interfaces/msg/detail/log__rosidl_typesupport_fastrtps_cpp.hpp
[19.880s] -- Installing: /root/ros_ws/src/Rescue_Car_ws/install/rcl_interfaces/include/rcl_interfaces/rcl_interfaces/msg/detail/parameter_event__rosidl_typesupport_fastrtps_cpp.hpp
[19.880s] -- Installing: /root/ros_ws/src/Rescue_Car_ws/install/rcl_interfaces/include/rcl_interfaces/rcl_interfaces/msg/detail/parameter_event_descriptors__rosidl_typesupport_fastrtps_cpp.hpp
[19.880s] -- Installing: /root/ros_ws/src/Rescue_Car_ws/install/rcl_interfaces/include/rcl_interfaces/rcl_interfaces/msg/detail/dds_fastrtps
[19.880s] -- Installing: /root/ros_ws/src/Rescue_Car_ws/install/rcl_interfaces/include/rcl_interfaces/rcl_interfaces/msg/detail/parameter_value__rosidl_typesupport_fastrtps_cpp.hpp
[19.880s] -- Installing: /root/ros_ws/src/Rescue_Car_ws/install/rcl_interfaces/include/rcl_interfaces/rcl_interfaces/msg/detail/list_parameters_result__rosidl_typesupport_fastrtps_cpp.hpp
[19.880s] -- Installing: /root/ros_ws/src/Rescue_Car_ws/install/rcl_interfaces/include/rcl_interfaces/rcl_interfaces/msg/detail/integer_range__rosidl_typesupport_fastrtps_cpp.hpp
[19.880s] -- Installing: /root/ros_ws/src/Rescue_Car_ws/install/rcl_interfaces/include/rcl_interfaces/rcl_interfaces/msg/detail/parameter_descriptor__rosidl_typesupport_fastrtps_cpp.hpp
[19.880s] -- Installing: /root/ros_ws/src/Rescue_Car_ws/install/rcl_interfaces/include/rcl_interfaces/rcl_interfaces/msg/detail/set_parameters_result__rosidl_typesupport_fastrtps_cpp.hpp
[19.880s] -- Installing: /root/ros_ws/src/Rescue_Car_ws/install/rcl_interfaces/include/rcl_interfaces/rcl_interfaces/msg/detail/parameter__rosidl_typesupport_fastrtps_cpp.hpp
[19.880s] -- Installing: /root/ros_ws/src/Rescue_Car_ws/install/rcl_interfaces/lib/librcl_interfaces__rosidl_typesupport_fastrtps_cpp.so
[19.880s] -- Set runtime path of "/root/ros_ws/src/Rescue_Car_ws/install/rcl_interfaces/lib/librcl_interfaces__rosidl_typesupport_fastrtps_cpp.so" to ""
[19.880s] -- Up-to-date: /root/ros_ws/src/Rescue_Car_ws/install/rcl_interfaces/include/rcl_interfaces/rcl_interfaces
[19.880s] -- Up-to-date: /root/ros_ws/src/Rescue_Car_ws/install/rcl_interfaces/include/rcl_interfaces/rcl_interfaces/srv
[19.880s] -- Up-to-date: /root/ros_ws/src/Rescue_Car_ws/install/rcl_interfaces/include/rcl_interfaces/rcl_interfaces/srv/detail
[19.880s] -- Installing: /root/ros_ws/src/Rescue_Car_ws/install/rcl_interfaces/include/rcl_interfaces/rcl_interfaces/srv/detail/get_parameters__type_support.cpp
[19.880s] -- Installing: /root/ros_ws/src/Rescue_Car_ws/install/rcl_interfaces/include/rcl_interfaces/rcl_interfaces/srv/detail/list_parameters__rosidl_typesupport_introspection_cpp.hpp
[19.880s] -- Installing: /root/ros_ws/src/Rescue_Car_ws/install/rcl_interfaces/include/rcl_interfaces/rcl_interfaces/srv/detail/list_parameters__type_support.cpp
[19.880s] -- Installing: /root/ros_ws/src/Rescue_Car_ws/install/rcl_interfaces/include/rcl_interfaces/rcl_interfaces/srv/detail/set_parameters__type_support.cpp
[19.881s] -- Installing: /root/ros_ws/src/Rescue_Car_ws/install/rcl_interfaces/include/rcl_interfaces/rcl_interfaces/srv/detail/set_parameters_atomically__type_support.cpp
[19.881s] -- Installing: /root/ros_ws/src/Rescue_Car_ws/install/rcl_interfaces/include/rcl_interfaces/rcl_interfaces/srv/detail/get_parameters__rosidl_typesupport_introspection_cpp.hpp
[19.881s] -- Installing: /root/ros_ws/src/Rescue_Car_ws/install/rcl_interfaces/include/rcl_interfaces/rcl_interfaces/srv/detail/get_parameter_types__rosidl_typesupport_introspection_cpp.hpp
[19.881s] -- Installing: /root/ros_ws/src/Rescue_Car_ws/install/rcl_interfaces/include/rcl_interfaces/rcl_interfaces/srv/detail/get_parameter_types__type_support.cpp
[19.881s] -- Installing: /root/ros_ws/src/Rescue_Car_ws/install/rcl_interfaces/include/rcl_interfaces/rcl_interfaces/srv/detail/set_parameters__rosidl_typesupport_introspection_cpp.hpp
[19.881s] -- Installing: /root/ros_ws/src/Rescue_Car_ws/install/rcl_interfaces/include/rcl_interfaces/rcl_interfaces/srv/detail/describe_parameters__rosidl_typesupport_introspection_cpp.hpp
[19.881s] -- Installing: /root/ros_ws/src/Rescue_Car_ws/install/rcl_interfaces/include/rcl_interfaces/rcl_interfaces/srv/detail/describe_parameters__type_support.cpp
[19.883s] -- Installing: /root/ros_ws/src/Rescue_Car_ws/install/rcl_interfaces/include/rcl_interfaces/rcl_interfaces/srv/detail/set_parameters_atomically__rosidl_typesupport_introspection_cpp.hpp
[19.883s] -- Up-to-date: /root/ros_ws/src/Rescue_Car_ws/install/rcl_interfaces/include/rcl_interfaces/rcl_interfaces/msg
[19.883s] -- Up-to-date: /root/ros_ws/src/Rescue_Car_ws/install/rcl_interfaces/include/rcl_interfaces/rcl_interfaces/msg/detail
[19.883s] -- Installing: /root/ros_ws/src/Rescue_Car_ws/install/rcl_interfaces/include/rcl_interfaces/rcl_interfaces/msg/detail/parameter_event_descriptors__type_support.cpp
[19.884s] -- Installing: /root/ros_ws/src/Rescue_Car_ws/install/rcl_interfaces/include/rcl_interfaces/rcl_interfaces/msg/detail/floating_point_range__type_support.cpp
[19.884s] -- Installing: /root/ros_ws/src/Rescue_Car_ws/install/rcl_interfaces/include/rcl_interfaces/rcl_interfaces/msg/detail/log__type_support.cpp
[19.884s] -- Installing: /root/ros_ws/src/Rescue_Car_ws/install/rcl_interfaces/include/rcl_interfaces/rcl_interfaces/msg/detail/parameter_value__type_support.cpp
[19.886s] -- Installing: /root/ros_ws/src/Rescue_Car_ws/install/rcl_interfaces/include/rcl_interfaces/rcl_interfaces/msg/detail/parameter_type__rosidl_typesupport_introspection_cpp.hpp
[19.886s] -- Installing: /root/ros_ws/src/Rescue_Car_ws/install/rcl_interfaces/include/rcl_interfaces/rcl_interfaces/msg/detail/parameter__rosidl_typesupport_introspection_cpp.hpp
[19.886s] -- Installing: /root/ros_ws/src/Rescue_Car_ws/install/rcl_interfaces/include/rcl_interfaces/rcl_interfaces/msg/detail/log__rosidl_typesupport_introspection_cpp.hpp
[19.886s] -- Installing: /root/ros_ws/src/Rescue_Car_ws/install/rcl_interfaces/include/rcl_interfaces/rcl_interfaces/msg/detail/integer_range__rosidl_typesupport_introspection_cpp.hpp
[19.886s] -- Installing: /root/ros_ws/src/Rescue_Car_ws/install/rcl_interfaces/include/rcl_interfaces/rcl_interfaces/msg/detail/parameter_descriptor__type_support.cpp
[19.886s] -- Installing: /root/ros_ws/src/Rescue_Car_ws/install/rcl_interfaces/include/rcl_interfaces/rcl_interfaces/msg/detail/parameter__type_support.cpp
[19.886s] -- Installing: /root/ros_ws/src/Rescue_Car_ws/install/rcl_interfaces/include/rcl_interfaces/rcl_interfaces/msg/detail/parameter_value__rosidl_typesupport_introspection_cpp.hpp
[19.886s] -- Installing: /root/ros_ws/src/Rescue_Car_ws/install/rcl_interfaces/include/rcl_interfaces/rcl_interfaces/msg/detail/parameter_descriptor__rosidl_typesupport_introspection_cpp.hpp
[19.886s] -- Installing: /root/ros_ws/src/Rescue_Car_ws/install/rcl_interfaces/include/rcl_interfaces/rcl_interfaces/msg/detail/parameter_event__type_support.cpp
[19.886s] -- Installing: /root/ros_ws/src/Rescue_Car_ws/install/rcl_interfaces/include/rcl_interfaces/rcl_interfaces/msg/detail/parameter_event__rosidl_typesupport_introspection_cpp.hpp
[19.886s] -- Installing: /root/ros_ws/src/Rescue_Car_ws/install/rcl_interfaces/include/rcl_interfaces/rcl_interfaces/msg/detail/list_parameters_result__rosidl_typesupport_introspection_cpp.hpp
[19.886s] -- Installing: /root/ros_ws/src/Rescue_Car_ws/install/rcl_interfaces/include/rcl_interfaces/rcl_interfaces/msg/detail/set_parameters_result__rosidl_typesupport_introspection_cpp.hpp
[19.887s] -- Installing: /root/ros_ws/src/Rescue_Car_ws/install/rcl_interfaces/include/rcl_interfaces/rcl_interfaces/msg/detail/parameter_event_descriptors__rosidl_typesupport_introspection_cpp.hpp
[19.887s] -- Installing: /root/ros_ws/src/Rescue_Car_ws/install/rcl_interfaces/include/rcl_interfaces/rcl_interfaces/msg/detail/parameter_type__type_support.cpp
[19.887s] -- Installing: /root/ros_ws/src/Rescue_Car_ws/install/rcl_interfaces/include/rcl_interfaces/rcl_interfaces/msg/detail/set_parameters_result__type_support.cpp
[19.887s] -- Installing: /root/ros_ws/src/Rescue_Car_ws/install/rcl_interfaces/include/rcl_interfaces/rcl_interfaces/msg/detail/list_parameters_result__type_support.cpp
[19.887s] -- Installing: /root/ros_ws/src/Rescue_Car_ws/install/rcl_interfaces/include/rcl_interfaces/rcl_interfaces/msg/detail/integer_range__type_support.cpp
[19.887s] -- Installing: /root/ros_ws/src/Rescue_Car_ws/install/rcl_interfaces/include/rcl_interfaces/rcl_interfaces/msg/detail/floating_point_range__rosidl_typesupport_introspection_cpp.hpp
[19.887s] -- Installing: /root/ros_ws/src/Rescue_Car_ws/install/rcl_interfaces/lib/librcl_interfaces__rosidl_typesupport_introspection_cpp.so
[19.887s] -- Set runtime path of "/root/ros_ws/src/Rescue_Car_ws/install/rcl_interfaces/lib/librcl_interfaces__rosidl_typesupport_introspection_cpp.so" to ""
[19.887s] -- Installing: /root/ros_ws/src/Rescue_Car_ws/install/rcl_interfaces/lib/librcl_interfaces__rosidl_typesupport_cpp.so
[19.887s] -- Set runtime path of "/root/ros_ws/src/Rescue_Car_ws/install/rcl_interfaces/lib/librcl_interfaces__rosidl_typesupport_cpp.so" to ""
[19.888s] -- Installing: /root/ros_ws/src/Rescue_Car_ws/install/rcl_interfaces/share/rcl_interfaces/environment/pythonpath.sh
[19.888s] -- Installing: /root/ros_ws/src/Rescue_Car_ws/install/rcl_interfaces/share/rcl_interfaces/environment/pythonpath.dsv
[19.888s] -- Installing: /root/ros_ws/src/Rescue_Car_ws/install/rcl_interfaces/local/lib/python3.10/dist-packages/rcl_interfaces-1.2.2-py3.10.egg-info
[19.889s] -- Installing: /root/ros_ws/src/Rescue_Car_ws/install/rcl_interfaces/local/lib/python3.10/dist-packages/rcl_interfaces-1.2.2-py3.10.egg-info/dependency_links.txt
[19.889s] -- Installing: /root/ros_ws/src/Rescue_Car_ws/install/rcl_interfaces/local/lib/python3.10/dist-packages/rcl_interfaces-1.2.2-py3.10.egg-info/SOURCES.txt
[19.890s] -- Installing: /root/ros_ws/src/Rescue_Car_ws/install/rcl_interfaces/local/lib/python3.10/dist-packages/rcl_interfaces-1.2.2-py3.10.egg-info/PKG-INFO
[19.890s] -- Installing: /root/ros_ws/src/Rescue_Car_ws/install/rcl_interfaces/local/lib/python3.10/dist-packages/rcl_interfaces-1.2.2-py3.10.egg-info/top_level.txt
[19.890s] -- Installing: /root/ros_ws/src/Rescue_Car_ws/install/rcl_interfaces/local/lib/python3.10/dist-packages/rcl_interfaces
[19.890s] -- Installing: /root/ros_ws/src/Rescue_Car_ws/install/rcl_interfaces/local/lib/python3.10/dist-packages/rcl_interfaces/_rcl_interfaces_s.ep.rosidl_typesupport_fastrtps_c.c
[19.890s] -- Installing: /root/ros_ws/src/Rescue_Car_ws/install/rcl_interfaces/local/lib/python3.10/dist-packages/rcl_interfaces/_rcl_interfaces_s.ep.rosidl_typesupport_c.c
[19.891s] -- Installing: /root/ros_ws/src/Rescue_Car_ws/install/rcl_interfaces/local/lib/python3.10/dist-packages/rcl_interfaces/rcl_interfaces_s__rosidl_typesupport_c.cpython-310-x86_64-linux-gnu.so
[19.891s] -- Installing: /root/ros_ws/src/Rescue_Car_ws/install/rcl_interfaces/local/lib/python3.10/dist-packages/rcl_interfaces/librcl_interfaces__rosidl_generator_py.so
[19.891s] -- Installing: /root/ros_ws/src/Rescue_Car_ws/install/rcl_interfaces/local/lib/python3.10/dist-packages/rcl_interfaces/rcl_interfaces_s__rosidl_typesupport_introspection_c.cpython-310-x86_64-linux-gnu.so
[19.891s] -- Installing: /root/ros_ws/src/Rescue_Car_ws/install/rcl_interfaces/local/lib/python3.10/dist-packages/rcl_interfaces/srv
[19.892s] -- Installing: /root/ros_ws/src/Rescue_Car_ws/install/rcl_interfaces/local/lib/python3.10/dist-packages/rcl_interfaces/srv/_get_parameter_types.py
[19.892s] -- Installing: /root/ros_ws/src/Rescue_Car_ws/install/rcl_interfaces/local/lib/python3.10/dist-packages/rcl_interfaces/srv/_describe_parameters_s.c
[19.892s] -- Installing: /root/ros_ws/src/Rescue_Car_ws/install/rcl_interfaces/local/lib/python3.10/dist-packages/rcl_interfaces/srv/_get_parameters.py
[19.892s] -- Installing: /root/ros_ws/src/Rescue_Car_ws/install/rcl_interfaces/local/lib/python3.10/dist-packages/rcl_interfaces/srv/_describe_parameters.py
[19.892s] -- Installing: /root/ros_ws/src/Rescue_Car_ws/install/rcl_interfaces/local/lib/python3.10/dist-packages/rcl_interfaces/srv/_set_parameters_s.c
[19.892s] -- Installing: /root/ros_ws/src/Rescue_Car_ws/install/rcl_interfaces/local/lib/python3.10/dist-packages/rcl_interfaces/srv/_set_parameters_atomically_s.c
[19.892s] -- Installing: /root/ros_ws/src/Rescue_Car_ws/install/rcl_interfaces/local/lib/python3.10/dist-packages/rcl_interfaces/srv/_set_parameters_atomically.py
[19.892s] -- Installing: /root/ros_ws/src/Rescue_Car_ws/install/rcl_interfaces/local/lib/python3.10/dist-packages/rcl_interfaces/srv/_get_parameter_types_s.c
[19.892s] -- Installing: /root/ros_ws/src/Rescue_Car_ws/install/rcl_interfaces/local/lib/python3.10/dist-packages/rcl_interfaces/srv/__init__.py
[19.892s] -- Installing: /root/ros_ws/src/Rescue_Car_ws/install/rcl_interfaces/local/lib/python3.10/dist-packages/rcl_interfaces/srv/_get_parameters_s.c
[19.892s] -- Installing: /root/ros_ws/src/Rescue_Car_ws/install/rcl_interfaces/local/lib/python3.10/dist-packages/rcl_interfaces/srv/_list_parameters.py
[19.892s] -- Installing: /root/ros_ws/src/Rescue_Car_ws/install/rcl_interfaces/local/lib/python3.10/dist-packages/rcl_interfaces/srv/_list_parameters_s.c
[19.893s] -- Installing: /root/ros_ws/src/Rescue_Car_ws/install/rcl_interfaces/local/lib/python3.10/dist-packages/rcl_interfaces/srv/_set_parameters.py
[19.893s] -- Installing: /root/ros_ws/src/Rescue_Car_ws/install/rcl_interfaces/local/lib/python3.10/dist-packages/rcl_interfaces/__init__.py
[19.893s] -- Installing: /root/ros_ws/src/Rescue_Car_ws/install/rcl_interfaces/local/lib/python3.10/dist-packages/rcl_interfaces/msg
[19.893s] -- Installing: /root/ros_ws/src/Rescue_Car_ws/install/rcl_interfaces/local/lib/python3.10/dist-packages/rcl_interfaces/msg/_parameter_event_s.c
[19.895s] -- Installing: /root/ros_ws/src/Rescue_Car_ws/install/rcl_interfaces/local/lib/python3.10/dist-packages/rcl_interfaces/msg/_parameter_type.py
[19.896s] -- Installing: /root/ros_ws/src/Rescue_Car_ws/install/rcl_interfaces/local/lib/python3.10/dist-packages/rcl_interfaces/msg/_parameter_descriptor_s.c
[19.896s] -- Installing: /root/ros_ws/src/Rescue_Car_ws/install/rcl_interfaces/local/lib/python3.10/dist-packages/rcl_interfaces/msg/_floating_point_range.py
[19.896s] -- Installing: /root/ros_ws/src/Rescue_Car_ws/install/rcl_interfaces/local/lib/python3.10/dist-packages/rcl_interfaces/msg/_parameter_value.py
[19.896s] -- Installing: /root/ros_ws/src/Rescue_Car_ws/install/rcl_interfaces/local/lib/python3.10/dist-packages/rcl_interfaces/msg/_parameter_type_s.c
[19.896s] -- Installing: /root/ros_ws/src/Rescue_Car_ws/install/rcl_interfaces/local/lib/python3.10/dist-packages/rcl_interfaces/msg/_log.py
[19.896s] -- Installing: /root/ros_ws/src/Rescue_Car_ws/install/rcl_interfaces/local/lib/python3.10/dist-packages/rcl_interfaces/msg/_log_s.c
[19.896s] -- Installing: /root/ros_ws/src/Rescue_Car_ws/install/rcl_interfaces/local/lib/python3.10/dist-packages/rcl_interfaces/msg/_integer_range.py
[19.897s] -- Installing: /root/ros_ws/src/Rescue_Car_ws/install/rcl_interfaces/local/lib/python3.10/dist-packages/rcl_interfaces/msg/_parameter_value_s.c
[19.897s] -- Installing: /root/ros_ws/src/Rescue_Car_ws/install/rcl_interfaces/local/lib/python3.10/dist-packages/rcl_interfaces/msg/_set_parameters_result.py
[19.897s] -- Installing: /root/ros_ws/src/Rescue_Car_ws/install/rcl_interfaces/local/lib/python3.10/dist-packages/rcl_interfaces/msg/_parameter_s.c
[19.897s] -- Installing: /root/ros_ws/src/Rescue_Car_ws/install/rcl_interfaces/local/lib/python3.10/dist-packages/rcl_interfaces/msg/_list_parameters_result.py
[19.897s] -- Installing: /root/ros_ws/src/Rescue_Car_ws/install/rcl_interfaces/local/lib/python3.10/dist-packages/rcl_interfaces/msg/_parameter_event_descriptors_s.c
[19.897s] -- Installing: /root/ros_ws/src/Rescue_Car_ws/install/rcl_interfaces/local/lib/python3.10/dist-packages/rcl_interfaces/msg/_integer_range_s.c
[19.897s] -- Installing: /root/ros_ws/src/Rescue_Car_ws/install/rcl_interfaces/local/lib/python3.10/dist-packages/rcl_interfaces/msg/_list_parameters_result_s.c
[19.897s] -- Installing: /root/ros_ws/src/Rescue_Car_ws/install/rcl_interfaces/local/lib/python3.10/dist-packages/rcl_interfaces/msg/_parameter_event.py
[19.897s] -- Installing: /root/ros_ws/src/Rescue_Car_ws/install/rcl_interfaces/local/lib/python3.10/dist-packages/rcl_interfaces/msg/_set_parameters_result_s.c
[19.897s] -- Installing: /root/ros_ws/src/Rescue_Car_ws/install/rcl_interfaces/local/lib/python3.10/dist-packages/rcl_interfaces/msg/_floating_point_range_s.c
[19.897s] -- Installing: /root/ros_ws/src/Rescue_Car_ws/install/rcl_interfaces/local/lib/python3.10/dist-packages/rcl_interfaces/msg/_parameter.py
[19.897s] -- Installing: /root/ros_ws/src/Rescue_Car_ws/install/rcl_interfaces/local/lib/python3.10/dist-packages/rcl_interfaces/msg/__init__.py
[19.897s] -- Installing: /root/ros_ws/src/Rescue_Car_ws/install/rcl_interfaces/local/lib/python3.10/dist-packages/rcl_interfaces/msg/_parameter_descriptor.py
[19.897s] -- Installing: /root/ros_ws/src/Rescue_Car_ws/install/rcl_interfaces/local/lib/python3.10/dist-packages/rcl_interfaces/msg/_parameter_event_descriptors.py
[19.897s] -- Installing: /root/ros_ws/src/Rescue_Car_ws/install/rcl_interfaces/local/lib/python3.10/dist-packages/rcl_interfaces/rcl_interfaces_s__rosidl_typesupport_fastrtps_c.cpython-310-x86_64-linux-gnu.so
[19.898s] -- Installing: /root/ros_ws/src/Rescue_Car_ws/install/rcl_interfaces/local/lib/python3.10/dist-packages/rcl_interfaces/_rcl_interfaces_s.ep.rosidl_typesupport_introspection_c.c
[19.951s] Listing '/root/ros_ws/src/Rescue_Car_ws/install/rcl_interfaces/local/lib/python3.10/dist-packages/rcl_interfaces'...
[19.951s] Compiling '/root/ros_ws/src/Rescue_Car_ws/install/rcl_interfaces/local/lib/python3.10/dist-packages/rcl_interfaces/__init__.py'...
[19.951s] Listing '/root/ros_ws/src/Rescue_Car_ws/install/rcl_interfaces/local/lib/python3.10/dist-packages/rcl_interfaces/msg'...
[19.951s] Compiling '/root/ros_ws/src/Rescue_Car_ws/install/rcl_interfaces/local/lib/python3.10/dist-packages/rcl_interfaces/msg/__init__.py'...
[19.951s] Compiling '/root/ros_ws/src/Rescue_Car_ws/install/rcl_interfaces/local/lib/python3.10/dist-packages/rcl_interfaces/msg/_floating_point_range.py'...
[19.951s] Compiling '/root/ros_ws/src/Rescue_Car_ws/install/rcl_interfaces/local/lib/python3.10/dist-packages/rcl_interfaces/msg/_integer_range.py'...
[19.951s] Compiling '/root/ros_ws/src/Rescue_Car_ws/install/rcl_interfaces/local/lib/python3.10/dist-packages/rcl_interfaces/msg/_list_parameters_result.py'...
[19.951s] Compiling '/root/ros_ws/src/Rescue_Car_ws/install/rcl_interfaces/local/lib/python3.10/dist-packages/rcl_interfaces/msg/_log.py'...
[19.951s] Compiling '/root/ros_ws/src/Rescue_Car_ws/install/rcl_interfaces/local/lib/python3.10/dist-packages/rcl_interfaces/msg/_parameter.py'...
[19.951s] Compiling '/root/ros_ws/src/Rescue_Car_ws/install/rcl_interfaces/local/lib/python3.10/dist-packages/rcl_interfaces/msg/_parameter_descriptor.py'...
[19.951s] Compiling '/root/ros_ws/src/Rescue_Car_ws/install/rcl_interfaces/local/lib/python3.10/dist-packages/rcl_interfaces/msg/_parameter_event.py'...
[19.952s] Compiling '/root/ros_ws/src/Rescue_Car_ws/install/rcl_interfaces/local/lib/python3.10/dist-packages/rcl_interfaces/msg/_parameter_event_descriptors.py'...
[19.952s] Compiling '/root/ros_ws/src/Rescue_Car_ws/install/rcl_interfaces/local/lib/python3.10/dist-packages/rcl_interfaces/msg/_parameter_type.py'...
[19.952s] Compiling '/root/ros_ws/src/Rescue_Car_ws/install/rcl_interfaces/local/lib/python3.10/dist-packages/rcl_interfaces/msg/_parameter_value.py'...
[19.952s] Compiling '/root/ros_ws/src/Rescue_Car_ws/install/rcl_interfaces/local/lib/python3.10/dist-packages/rcl_interfaces/msg/_set_parameters_result.py'...
[19.952s] Listing '/root/ros_ws/src/Rescue_Car_ws/install/rcl_interfaces/local/lib/python3.10/dist-packages/rcl_interfaces/srv'...
[19.952s] Compiling '/root/ros_ws/src/Rescue_Car_ws/install/rcl_interfaces/local/lib/python3.10/dist-packages/rcl_interfaces/srv/__init__.py'...
[19.952s] Compiling '/root/ros_ws/src/Rescue_Car_ws/install/rcl_interfaces/local/lib/python3.10/dist-packages/rcl_interfaces/srv/_describe_parameters.py'...
[19.952s] Compiling '/root/ros_ws/src/Rescue_Car_ws/install/rcl_interfaces/local/lib/python3.10/dist-packages/rcl_interfaces/srv/_get_parameter_types.py'...
[19.952s] Compiling '/root/ros_ws/src/Rescue_Car_ws/install/rcl_interfaces/local/lib/python3.10/dist-packages/rcl_interfaces/srv/_get_parameters.py'...
[19.952s] Compiling '/root/ros_ws/src/Rescue_Car_ws/install/rcl_interfaces/local/lib/python3.10/dist-packages/rcl_interfaces/srv/_list_parameters.py'...
[19.952s] Compiling '/root/ros_ws/src/Rescue_Car_ws/install/rcl_interfaces/local/lib/python3.10/dist-packages/rcl_interfaces/srv/_set_parameters.py'...
[19.952s] Compiling '/root/ros_ws/src/Rescue_Car_ws/install/rcl_interfaces/local/lib/python3.10/dist-packages/rcl_interfaces/srv/_set_parameters_atomically.py'...
[19.955s] -- Installing: /root/ros_ws/src/Rescue_Car_ws/install/rcl_interfaces/local/lib/python3.10/dist-packages/rcl_interfaces/rcl_interfaces_s__rosidl_typesupport_fastrtps_c.cpython-310-x86_64-linux-gnu.so
[19.955s] -- Set runtime path of "/root/ros_ws/src/Rescue_Car_ws/install/rcl_interfaces/local/lib/python3.10/dist-packages/rcl_interfaces/rcl_interfaces_s__rosidl_typesupport_fastrtps_c.cpython-310-x86_64-linux-gnu.so" to ""
[19.955s] -- Installing: /root/ros_ws/src/Rescue_Car_ws/install/rcl_interfaces/local/lib/python3.10/dist-packages/rcl_interfaces/rcl_interfaces_s__rosidl_typesupport_introspection_c.cpython-310-x86_64-linux-gnu.so
[19.955s] -- Set runtime path of "/root/ros_ws/src/Rescue_Car_ws/install/rcl_interfaces/local/lib/python3.10/dist-packages/rcl_interfaces/rcl_interfaces_s__rosidl_typesupport_introspection_c.cpython-310-x86_64-linux-gnu.so" to ""
[19.955s] -- Installing: /root/ros_ws/src/Rescue_Car_ws/install/rcl_interfaces/local/lib/python3.10/dist-packages/rcl_interfaces/rcl_interfaces_s__rosidl_typesupport_c.cpython-310-x86_64-linux-gnu.so
[19.955s] -- Set runtime path of "/root/ros_ws/src/Rescue_Car_ws/install/rcl_interfaces/local/lib/python3.10/dist-packages/rcl_interfaces/rcl_interfaces_s__rosidl_typesupport_c.cpython-310-x86_64-linux-gnu.so" to ""
[19.955s] -- Installing: /root/ros_ws/src/Rescue_Car_ws/install/rcl_interfaces/lib/librcl_interfaces__rosidl_generator_py.so
[19.955s] -- Set runtime path of "/root/ros_ws/src/Rescue_Car_ws/install/rcl_interfaces/lib/librcl_interfaces__rosidl_generator_py.so" to ""
[19.955s] -- Installing: /root/ros_ws/src/Rescue_Car_ws/install/rcl_interfaces/share/rcl_interfaces/msg/FloatingPointRange.idl
[19.955s] -- Installing: /root/ros_ws/src/Rescue_Car_ws/install/rcl_interfaces/share/rcl_interfaces/msg/IntegerRange.idl
[19.956s] -- Installing: /root/ros_ws/src/Rescue_Car_ws/install/rcl_interfaces/share/rcl_interfaces/msg/ListParametersResult.idl
[19.956s] -- Installing: /root/ros_ws/src/Rescue_Car_ws/install/rcl_interfaces/share/rcl_interfaces/msg/Log.idl
[19.956s] -- Installing: /root/ros_ws/src/Rescue_Car_ws/install/rcl_interfaces/share/rcl_interfaces/msg/ParameterDescriptor.idl
[19.956s] -- Installing: /root/ros_ws/src/Rescue_Car_ws/install/rcl_interfaces/share/rcl_interfaces/msg/ParameterEventDescriptors.idl
[19.956s] -- Installing: /root/ros_ws/src/Rescue_Car_ws/install/rcl_interfaces/share/rcl_interfaces/msg/ParameterEvent.idl
[19.956s] -- Installing: /root/ros_ws/src/Rescue_Car_ws/install/rcl_interfaces/share/rcl_interfaces/msg/Parameter.idl
[19.956s] -- Installing: /root/ros_ws/src/Rescue_Car_ws/install/rcl_interfaces/share/rcl_interfaces/msg/ParameterType.idl
[19.956s] -- Installing: /root/ros_ws/src/Rescue_Car_ws/install/rcl_interfaces/share/rcl_interfaces/msg/ParameterValue.idl
[19.956s] -- Installing: /root/ros_ws/src/Rescue_Car_ws/install/rcl_interfaces/share/rcl_interfaces/msg/SetParametersResult.idl
[19.956s] -- Installing: /root/ros_ws/src/Rescue_Car_ws/install/rcl_interfaces/share/rcl_interfaces/srv/DescribeParameters.idl
[19.956s] -- Installing: /root/ros_ws/src/Rescue_Car_ws/install/rcl_interfaces/share/rcl_interfaces/srv/GetParameters.idl
[19.957s] -- Installing: /root/ros_ws/src/Rescue_Car_ws/install/rcl_interfaces/share/rcl_interfaces/srv/GetParameterTypes.idl
[19.957s] -- Installing: /root/ros_ws/src/Rescue_Car_ws/install/rcl_interfaces/share/rcl_interfaces/srv/ListParameters.idl
[19.957s] -- Installing: /root/ros_ws/src/Rescue_Car_ws/install/rcl_interfaces/share/rcl_interfaces/srv/SetParametersAtomically.idl
[19.957s] -- Installing: /root/ros_ws/src/Rescue_Car_ws/install/rcl_interfaces/share/rcl_interfaces/srv/SetParameters.idl
[19.957s] -- Installing: /root/ros_ws/src/Rescue_Car_ws/install/rcl_interfaces/share/rcl_interfaces/msg/FloatingPointRange.msg
[19.957s] -- Installing: /root/ros_ws/src/Rescue_Car_ws/install/rcl_interfaces/share/rcl_interfaces/msg/IntegerRange.msg
[19.958s] -- Installing: /root/ros_ws/src/Rescue_Car_ws/install/rcl_interfaces/share/rcl_interfaces/msg/ListParametersResult.msg
[19.958s] -- Installing: /root/ros_ws/src/Rescue_Car_ws/install/rcl_interfaces/share/rcl_interfaces/msg/Log.msg
[19.958s] -- Installing: /root/ros_ws/src/Rescue_Car_ws/install/rcl_interfaces/share/rcl_interfaces/msg/ParameterDescriptor.msg
[19.963s] -- Installing: /root/ros_ws/src/Rescue_Car_ws/install/rcl_interfaces/share/rcl_interfaces/msg/ParameterEventDescriptors.msg
[19.963s] -- Installing: /root/ros_ws/src/Rescue_Car_ws/install/rcl_interfaces/share/rcl_interfaces/msg/ParameterEvent.msg
[19.963s] -- Installing: /root/ros_ws/src/Rescue_Car_ws/install/rcl_interfaces/share/rcl_interfaces/msg/Parameter.msg
[19.963s] -- Installing: /root/ros_ws/src/Rescue_Car_ws/install/rcl_interfaces/share/rcl_interfaces/msg/ParameterType.msg
[19.963s] -- Installing: /root/ros_ws/src/Rescue_Car_ws/install/rcl_interfaces/share/rcl_interfaces/msg/ParameterValue.msg
[19.963s] -- Installing: /root/ros_ws/src/Rescue_Car_ws/install/rcl_interfaces/share/rcl_interfaces/msg/SetParametersResult.msg
[19.963s] -- Installing: /root/ros_ws/src/Rescue_Car_ws/install/rcl_interfaces/share/rcl_interfaces/srv/DescribeParameters.srv
[19.963s] -- Installing: /root/ros_ws/src/Rescue_Car_ws/install/rcl_interfaces/share/rcl_interfaces/srv/DescribeParameters_Request.msg
[19.963s] -- Installing: /root/ros_ws/src/Rescue_Car_ws/install/rcl_interfaces/share/rcl_interfaces/srv/DescribeParameters_Response.msg
[19.963s] -- Installing: /root/ros_ws/src/Rescue_Car_ws/install/rcl_interfaces/share/rcl_interfaces/srv/GetParameters.srv
[19.963s] -- Installing: /root/ros_ws/src/Rescue_Car_ws/install/rcl_interfaces/share/rcl_interfaces/srv/GetParameters_Request.msg
[19.963s] -- Installing: /root/ros_ws/src/Rescue_Car_ws/install/rcl_interfaces/share/rcl_interfaces/srv/GetParameters_Response.msg
[19.963s] -- Installing: /root/ros_ws/src/Rescue_Car_ws/install/rcl_interfaces/share/rcl_interfaces/srv/GetParameterTypes.srv
[19.963s] -- Installing: /root/ros_ws/src/Rescue_Car_ws/install/rcl_interfaces/share/rcl_interfaces/srv/GetParameterTypes_Request.msg
[19.964s] -- Installing: /root/ros_ws/src/Rescue_Car_ws/install/rcl_interfaces/share/rcl_interfaces/srv/GetParameterTypes_Response.msg
[19.964s] -- Installing: /root/ros_ws/src/Rescue_Car_ws/install/rcl_interfaces/share/rcl_interfaces/srv/ListParameters.srv
[19.964s] -- Installing: /root/ros_ws/src/Rescue_Car_ws/install/rcl_interfaces/share/rcl_interfaces/srv/ListParameters_Request.msg
[19.964s] -- Installing: /root/ros_ws/src/Rescue_Car_ws/install/rcl_interfaces/share/rcl_interfaces/srv/ListParameters_Response.msg
[19.964s] -- Installing: /root/ros_ws/src/Rescue_Car_ws/install/rcl_interfaces/share/rcl_interfaces/srv/SetParametersAtomically.srv
[19.964s] -- Installing: /root/ros_ws/src/Rescue_Car_ws/install/rcl_interfaces/share/rcl_interfaces/srv/SetParametersAtomically_Request.msg
[19.964s] -- Installing: /root/ros_ws/src/Rescue_Car_ws/install/rcl_interfaces/share/rcl_interfaces/srv/SetParametersAtomically_Response.msg
[19.964s] -- Installing: /root/ros_ws/src/Rescue_Car_ws/install/rcl_interfaces/share/rcl_interfaces/srv/SetParameters.srv
[19.964s] -- Installing: /root/ros_ws/src/Rescue_Car_ws/install/rcl_interfaces/share/rcl_interfaces/srv/SetParameters_Request.msg
[19.964s] -- Installing: /root/ros_ws/src/Rescue_Car_ws/install/rcl_interfaces/share/rcl_interfaces/srv/SetParameters_Response.msg
[19.964s] -- Installing: /root/ros_ws/src/Rescue_Car_ws/install/rcl_interfaces/share/rcl_interfaces/mapping_rules.yaml
[19.964s] -- Installing: /root/ros_ws/src/Rescue_Car_ws/install/rcl_interfaces/share/ament_index/resource_index/package_run_dependencies/rcl_interfaces
[19.964s] -- Installing: /root/ros_ws/src/Rescue_Car_ws/install/rcl_interfaces/share/ament_index/resource_index/parent_prefix_path/rcl_interfaces
[19.964s] -- Installing: /root/ros_ws/src/Rescue_Car_ws/install/rcl_interfaces/share/rcl_interfaces/environment/ament_prefix_path.sh
[19.965s] -- Installing: /root/ros_ws/src/Rescue_Car_ws/install/rcl_interfaces/share/rcl_interfaces/environment/ament_prefix_path.dsv
[19.965s] -- Installing: /root/ros_ws/src/Rescue_Car_ws/install/rcl_interfaces/share/rcl_interfaces/environment/path.sh
[19.965s] -- Installing: /root/ros_ws/src/Rescue_Car_ws/install/rcl_interfaces/share/rcl_interfaces/environment/path.dsv
[19.966s] -- Installing: /root/ros_ws/src/Rescue_Car_ws/install/rcl_interfaces/share/rcl_interfaces/local_setup.bash
[19.966s] -- Installing: /root/ros_ws/src/Rescue_Car_ws/install/rcl_interfaces/share/rcl_interfaces/local_setup.sh
[19.966s] -- Installing: /root/ros_ws/src/Rescue_Car_ws/install/rcl_interfaces/share/rcl_interfaces/local_setup.zsh
[19.966s] -- Installing: /root/ros_ws/src/Rescue_Car_ws/install/rcl_interfaces/share/rcl_interfaces/local_setup.dsv
[19.966s] -- Installing: /root/ros_ws/src/Rescue_Car_ws/install/rcl_interfaces/share/rcl_interfaces/package.dsv
[19.967s] -- Installing: /root/ros_ws/src/Rescue_Car_ws/install/rcl_interfaces/share/ament_index/resource_index/packages/rcl_interfaces
[19.968s] -- Installing: /root/ros_ws/src/Rescue_Car_ws/install/rcl_interfaces/share/rcl_interfaces/cmake/export_rcl_interfaces__rosidl_generator_cExport.cmake
[19.969s] -- Installing: /root/ros_ws/src/Rescue_Car_ws/install/rcl_interfaces/share/rcl_interfaces/cmake/export_rcl_interfaces__rosidl_generator_cExport-noconfig.cmake
[19.969s] -- Installing: /root/ros_ws/src/Rescue_Car_ws/install/rcl_interfaces/share/rcl_interfaces/cmake/export_rcl_interfaces__rosidl_typesupport_fastrtps_cExport.cmake
[19.969s] -- Installing: /root/ros_ws/src/Rescue_Car_ws/install/rcl_interfaces/share/rcl_interfaces/cmake/export_rcl_interfaces__rosidl_typesupport_fastrtps_cExport-noconfig.cmake
[19.969s] -- Installing: /root/ros_ws/src/Rescue_Car_ws/install/rcl_interfaces/share/rcl_interfaces/cmake/rcl_interfaces__rosidl_typesupport_introspection_cExport.cmake
[19.970s] -- Installing: /root/ros_ws/src/Rescue_Car_ws/install/rcl_interfaces/share/rcl_interfaces/cmake/rcl_interfaces__rosidl_typesupport_introspection_cExport-noconfig.cmake
[19.970s] -- Installing: /root/ros_ws/src/Rescue_Car_ws/install/rcl_interfaces/share/rcl_interfaces/cmake/rcl_interfaces__rosidl_typesupport_cExport.cmake
[19.970s] -- Installing: /root/ros_ws/src/Rescue_Car_ws/install/rcl_interfaces/share/rcl_interfaces/cmake/rcl_interfaces__rosidl_typesupport_cExport-noconfig.cmake
[19.970s] -- Installing: /root/ros_ws/src/Rescue_Car_ws/install/rcl_interfaces/share/rcl_interfaces/cmake/export_rcl_interfaces__rosidl_generator_cppExport.cmake
[19.970s] -- Installing: /root/ros_ws/src/Rescue_Car_ws/install/rcl_interfaces/share/rcl_interfaces/cmake/export_rcl_interfaces__rosidl_typesupport_fastrtps_cppExport.cmake
[19.975s] -- Installing: /root/ros_ws/src/Rescue_Car_ws/install/rcl_interfaces/share/rcl_interfaces/cmake/export_rcl_interfaces__rosidl_typesupport_fastrtps_cppExport-noconfig.cmake
[19.975s] -- Installing: /root/ros_ws/src/Rescue_Car_ws/install/rcl_interfaces/share/rcl_interfaces/cmake/rcl_interfaces__rosidl_typesupport_introspection_cppExport.cmake
[19.975s] -- Installing: /root/ros_ws/src/Rescue_Car_ws/install/rcl_interfaces/share/rcl_interfaces/cmake/rcl_interfaces__rosidl_typesupport_introspection_cppExport-noconfig.cmake
[19.975s] -- Installing: /root/ros_ws/src/Rescue_Car_ws/install/rcl_interfaces/share/rcl_interfaces/cmake/rcl_interfaces__rosidl_typesupport_cppExport.cmake
[19.975s] -- Installing: /root/ros_ws/src/Rescue_Car_ws/install/rcl_interfaces/share/rcl_interfaces/cmake/rcl_interfaces__rosidl_typesupport_cppExport-noconfig.cmake
[19.975s] -- Installing: /root/ros_ws/src/Rescue_Car_ws/install/rcl_interfaces/share/rcl_interfaces/cmake/export_rcl_interfaces__rosidl_generator_pyExport.cmake
[19.975s] -- Installing: /root/ros_ws/src/Rescue_Car_ws/install/rcl_interfaces/share/rcl_interfaces/cmake/export_rcl_interfaces__rosidl_generator_pyExport-noconfig.cmake
[19.975s] -- Installing: /root/ros_ws/src/Rescue_Car_ws/install/rcl_interfaces/share/rcl_interfaces/cmake/rosidl_cmake-extras.cmake
[19.975s] -- Installing: /root/ros_ws/src/Rescue_Car_ws/install/rcl_interfaces/share/rcl_interfaces/cmake/ament_cmake_export_dependencies-extras.cmake
[19.975s] -- Installing: /root/ros_ws/src/Rescue_Car_ws/install/rcl_interfaces/share/rcl_interfaces/cmake/ament_cmake_export_include_directories-extras.cmake
[19.975s] -- Installing: /root/ros_ws/src/Rescue_Car_ws/install/rcl_interfaces/share/rcl_interfaces/cmake/ament_cmake_export_libraries-extras.cmake
[19.975s] -- Installing: /root/ros_ws/src/Rescue_Car_ws/install/rcl_interfaces/share/rcl_interfaces/cmake/ament_cmake_export_targets-extras.cmake
[19.975s] -- Installing: /root/ros_ws/src/Rescue_Car_ws/install/rcl_interfaces/share/rcl_interfaces/cmake/rosidl_cmake_export_typesupport_targets-extras.cmake
[19.976s] -- Installing: /root/ros_ws/src/Rescue_Car_ws/install/rcl_interfaces/share/rcl_interfaces/cmake/rosidl_cmake_export_typesupport_libraries-extras.cmake
[19.981s] -- Installing: /root/ros_ws/src/Rescue_Car_ws/install/rcl_interfaces/share/rcl_interfaces/cmake/rcl_interfacesConfig.cmake
[19.981s] -- Installing: /root/ros_ws/src/Rescue_Car_ws/install/rcl_interfaces/share/rcl_interfaces/cmake/rcl_interfacesConfig-version.cmake
[19.981s] -- Installing: /root/ros_ws/src/Rescue_Car_ws/install/rcl_interfaces/share/rcl_interfaces/package.xml
[20.007s] Invoked command in '/root/ros_ws/src/Rescue_Car_ws/build/rcl_interfaces' returned '0': AMENT_PREFIX_PATH=/root/ros_ws/src/Rescue_Car_ws/install/builtin_interfaces:${AMENT_PREFIX_PATH} CMAKE_PREFIX_PATH=/root/ros_ws/src/Rescue_Car_ws/install/builtin_interfaces:/opt/ros/humble LD_LIBRARY_PATH=/root/ros_ws/src/Rescue_Car_ws/install/builtin_interfaces/lib:${LD_LIBRARY_PATH} PYTHONPATH=/root/ros_ws/src/Rescue_Car_ws/install/builtin_interfaces/local/lib/python3.10/dist-packages:${PYTHONPATH} /usr/bin/cmake --install /root/ros_ws/src/Rescue_Car_ws/build/rcl_interfaces
