[0.197s] Invoking command in '/root/ros_ws/src/Rescue_Car_ws/build/sensor_msgs': AMENT_PREFIX_PATH=/root/ros_ws/src/Rescue_Car_ws/install/geometry_msgs:/root/ros_ws/src/Rescue_Car_ws/install/std_msgs:/root/ros_ws/src/Rescue_Car_ws/install/builtin_interfaces:${AMENT_PREFIX_PATH} CMAKE_PREFIX_PATH=/root/ros_ws/src/Rescue_Car_ws/install/geometry_msgs:/root/ros_ws/src/Rescue_Car_ws/install/std_msgs:/root/ros_ws/src/Rescue_Car_ws/install/builtin_interfaces:/opt/ros/humble LD_LIBRARY_PATH=/root/ros_ws/src/Rescue_Car_ws/install/geometry_msgs/lib:/root/ros_ws/src/Rescue_Car_ws/install/std_msgs/lib:/root/ros_ws/src/Rescue_Car_ws/install/builtin_interfaces/lib:${LD_LIBRARY_PATH} PYTHONPATH=/root/ros_ws/src/Rescue_Car_ws/install/geometry_msgs/local/lib/python3.10/dist-packages:/root/ros_ws/src/Rescue_Car_ws/install/std_msgs/local/lib/python3.10/dist-packages:/root/ros_ws/src/Rescue_Car_ws/install/builtin_interfaces/local/lib/python3.10/dist-packages:${PYTHONPATH} /usr/bin/cmake /root/ros_ws/src/Rescue_Car_ws/src/microros/src/ros2/common_interfaces/sensor_msgs -DCMAKE_INSTALL_PREFIX=/root/ros_ws/src/Rescue_Car_ws/install/sensor_msgs
[0.300s] -- The C compiler identification is GNU 11.4.0
[0.761s] -- The CXX compiler identification is GNU 11.4.0
[1.232s] -- Detecting C compiler ABI info
[1.415s] -- Detecting C compiler ABI info - done
[1.420s] -- Check for working C compiler: /usr/bin/cc - skipped
[1.420s] -- Detecting C compile features
[1.421s] -- Detecting C compile features - done
[1.423s] -- Detecting CXX compiler ABI info
[1.563s] -- Detecting CXX compiler ABI info - done
[1.568s] -- Check for working CXX compiler: /usr/bin/c++ - skipped
[1.568s] -- Detecting CXX compile features
[1.569s] -- Detecting CXX compile features - done
[1.571s] -- Found ament_cmake: 1.3.12 (/opt/ros/humble/share/ament_cmake/cmake)
[1.722s] -- Found Python3: /usr/bin/python3 (found version "3.10.12") found components: Interpreter 
[1.805s] -- Found builtin_interfaces: 1.2.2 (/root/ros_ws/src/Rescue_Car_ws/install/builtin_interfaces/share/builtin_interfaces/cmake)
[1.938s] -- Found rosidl_generator_c: 3.1.7 (/opt/ros/humble/share/rosidl_generator_c/cmake)
[1.942s] -- Found rosidl_adapter: 3.1.7 (/opt/ros/humble/share/rosidl_adapter/cmake)
[1.947s] -- Found rosidl_generator_cpp: 3.1.7 (/opt/ros/humble/share/rosidl_generator_cpp/cmake)
[1.955s] -- Using all available rosidl_typesupport_c: rosidl_typesupport_fastrtps_c;rosidl_typesupport_introspection_c
[1.967s] -- Using all available rosidl_typesupport_cpp: rosidl_typesupport_fastrtps_cpp;rosidl_typesupport_introspection_cpp
[1.977s] -- Found geometry_msgs: 4.9.0 (/root/ros_ws/src/Rescue_Car_ws/install/geometry_msgs/share/geometry_msgs/cmake)
[1.999s] -- Found rosidl_default_generators: 1.2.0 (/opt/ros/humble/share/rosidl_default_generators/cmake)
[2.415s] -- Found ament_cmake_cppcheck: 0.12.14 (/opt/ros/humble/share/ament_cmake_cppcheck/cmake)
[2.417s] -- Found ament_cmake_cpplint: 0.12.14 (/opt/ros/humble/share/ament_cmake_cpplint/cmake)
[2.420s] -- Found ament_cmake_uncrustify: 0.12.14 (/opt/ros/humble/share/ament_cmake_uncrustify/cmake)
[2.422s] -- Found ament_cmake_ros: 0.10.0 (/opt/ros/humble/share/ament_cmake_ros/cmake)
[2.836s] -- Using all available rosidl_typesupport_c: rosidl_typesupport_fastrtps_c;rosidl_typesupport_introspection_c
[3.003s] -- Using all available rosidl_typesupport_cpp: rosidl_typesupport_fastrtps_cpp;rosidl_typesupport_introspection_cpp
[3.174s] -- Found PythonInterp: /usr/bin/python3 (found suitable version "3.10.12", minimum required is "3.6") 
[3.176s] -- Found python_cmake_module: 0.10.0 (/opt/ros/humble/share/python_cmake_module/cmake)
[3.523s] -- Found PythonLibs: /usr/lib/x86_64-linux-gnu/libpython3.10.so (found suitable version "3.10.12", minimum required is "3.5") 
[3.523s] -- Using PYTHON_EXECUTABLE: /usr/bin/python3
[3.524s] -- Using PYTHON_INCLUDE_DIRS: /usr/include/python3.10
[3.524s] -- Using PYTHON_LIBRARIES: /usr/lib/x86_64-linux-gnu/libpython3.10.so
[3.542s] -- Found PythonExtra: .so  
[3.640s] -- Found ament_cmake_flake8: 0.12.14 (/opt/ros/humble/share/ament_cmake_flake8/cmake)
[3.643s] -- Found ament_cmake_pep257: 0.12.14 (/opt/ros/humble/share/ament_cmake_pep257/cmake)
[3.647s] -- Found ament_lint_auto: 0.12.14 (/opt/ros/humble/share/ament_lint_auto/cmake)
[3.657s] -- Found gtest sources under '/opt/ros/humble/src/gtest_vendor': C++ tests using 'Google Test' will be built
[3.659s] -- Looking for pthread.h
[3.888s] -- Looking for pthread.h - found
[3.888s] -- Performing Test CMAKE_HAVE_LIBC_PTHREAD
[4.084s] -- Performing Test CMAKE_HAVE_LIBC_PTHREAD - Success
[4.085s] -- Found Threads: TRUE  
[4.095s] -- Added test 'cppcheck' to perform static code analysis on C / C++ code
[4.096s] -- Configured cppcheck include dirs: $<BUILD_INTERFACE:/root/ros_ws/src/Rescue_Car_ws/src/microros/src/ros2/common_interfaces/sensor_msgs/include>
[4.096s] -- Configured cppcheck exclude dirs and/or files: 
[4.099s] -- Added test 'cpplint' to check C / C++ code against the Google style
[4.099s] -- Configured cpplint exclude dirs and/or files: 
[4.101s] -- Added test 'uncrustify' to check C / C++ code style
[4.102s] -- Configured uncrustify additional arguments: 
[4.102s] -- Added test 'copyright' to check source files copyright and LICENSE
[4.104s] -- Added test 'lint_cmake' to check CMake code style
[4.105s] -- Added test 'xmllint' to check XML markup files
[4.109s] -- Configuring done
[4.237s] -- Generating done
[4.260s] -- Build files have been written to: /root/ros_ws/src/Rescue_Car_ws/build/sensor_msgs
[4.282s] Invoked command in '/root/ros_ws/src/Rescue_Car_ws/build/sensor_msgs' returned '0': AMENT_PREFIX_PATH=/root/ros_ws/src/Rescue_Car_ws/install/geometry_msgs:/root/ros_ws/src/Rescue_Car_ws/install/std_msgs:/root/ros_ws/src/Rescue_Car_ws/install/builtin_interfaces:${AMENT_PREFIX_PATH} CMAKE_PREFIX_PATH=/root/ros_ws/src/Rescue_Car_ws/install/geometry_msgs:/root/ros_ws/src/Rescue_Car_ws/install/std_msgs:/root/ros_ws/src/Rescue_Car_ws/install/builtin_interfaces:/opt/ros/humble LD_LIBRARY_PATH=/root/ros_ws/src/Rescue_Car_ws/install/geometry_msgs/lib:/root/ros_ws/src/Rescue_Car_ws/install/std_msgs/lib:/root/ros_ws/src/Rescue_Car_ws/install/builtin_interfaces/lib:${LD_LIBRARY_PATH} PYTHONPATH=/root/ros_ws/src/Rescue_Car_ws/install/geometry_msgs/local/lib/python3.10/dist-packages:/root/ros_ws/src/Rescue_Car_ws/install/std_msgs/local/lib/python3.10/dist-packages:/root/ros_ws/src/Rescue_Car_ws/install/builtin_interfaces/local/lib/python3.10/dist-packages:${PYTHONPATH} /usr/bin/cmake /root/ros_ws/src/Rescue_Car_ws/src/microros/src/ros2/common_interfaces/sensor_msgs -DCMAKE_INSTALL_PREFIX=/root/ros_ws/src/Rescue_Car_ws/install/sensor_msgs
[4.289s] Invoking command in '/root/ros_ws/src/Rescue_Car_ws/build/sensor_msgs': AMENT_PREFIX_PATH=/root/ros_ws/src/Rescue_Car_ws/install/geometry_msgs:/root/ros_ws/src/Rescue_Car_ws/install/std_msgs:/root/ros_ws/src/Rescue_Car_ws/install/builtin_interfaces:${AMENT_PREFIX_PATH} CMAKE_PREFIX_PATH=/root/ros_ws/src/Rescue_Car_ws/install/geometry_msgs:/root/ros_ws/src/Rescue_Car_ws/install/std_msgs:/root/ros_ws/src/Rescue_Car_ws/install/builtin_interfaces:/opt/ros/humble LD_LIBRARY_PATH=/root/ros_ws/src/Rescue_Car_ws/install/geometry_msgs/lib:/root/ros_ws/src/Rescue_Car_ws/install/std_msgs/lib:/root/ros_ws/src/Rescue_Car_ws/install/builtin_interfaces/lib:${LD_LIBRARY_PATH} PYTHONPATH=/root/ros_ws/src/Rescue_Car_ws/install/geometry_msgs/local/lib/python3.10/dist-packages:/root/ros_ws/src/Rescue_Car_ws/install/std_msgs/local/lib/python3.10/dist-packages:/root/ros_ws/src/Rescue_Car_ws/install/builtin_interfaces/local/lib/python3.10/dist-packages:${PYTHONPATH} /usr/bin/cmake --build /root/ros_ws/src/Rescue_Car_ws/build/sensor_msgs -- -j20 -l20
[4.376s] [  0%] [34m[1mGenerating C code for ROS interfaces[0m
[4.376s] [  0%] [34m[1mGenerating C++ code for ROS interfaces[0m
[4.388s] [  0%] [32mBuilding CXX object gtest/CMakeFiles/gtest.dir/src/gtest-all.cc.o[0m
[4.406s] [  1%] [32mBuilding CXX object gtest/CMakeFiles/gtest_main.dir/src/gtest_main.cc.o[0m
[4.415s] [  1%] Built target ament_cmake_python_copy_sensor_msgs
[4.758s] running egg_info
[4.759s] creating sensor_msgs.egg-info
[4.760s] writing sensor_msgs.egg-info/PKG-INFO
[4.760s] writing dependency_links to sensor_msgs.egg-info/dependency_links.txt
[4.761s] writing top-level names to sensor_msgs.egg-info/top_level.txt
[4.761s] writing manifest file 'sensor_msgs.egg-info/SOURCES.txt'
[4.764s] reading manifest file 'sensor_msgs.egg-info/SOURCES.txt'
[4.765s] writing manifest file 'sensor_msgs.egg-info/SOURCES.txt'
[4.811s] [  1%] Built target ament_cmake_python_build_sensor_msgs_egg
[5.611s] [  1%] [32m[1mLinking CXX static library libgtest_main.a[0m
[5.837s] [  1%] Built target gtest_main
[9.311s] [  1%] [32m[1mLinking CXX static library libgtest.a[0m
[9.414s] [  1%] Built target gtest
[11.112s] [  1%] Built target sensor_msgs__cpp
[11.283s] [  2%] [32mBuilding C object CMakeFiles/sensor_msgs__rosidl_generator_c.dir/rosidl_generator_c/sensor_msgs/msg/detail/battery_state__functions.c.o[0m
[11.337s] [  2%] [32mBuilding C object CMakeFiles/sensor_msgs__rosidl_generator_c.dir/rosidl_generator_c/sensor_msgs/msg/detail/multi_echo_laser_scan__functions.c.o[0m
[11.385s] [  2%] [32mBuilding C object CMakeFiles/sensor_msgs__rosidl_generator_c.dir/rosidl_generator_c/sensor_msgs/msg/detail/nav_sat_fix__functions.c.o[0m
[11.434s] [  3%] [32mBuilding C object CMakeFiles/sensor_msgs__rosidl_generator_c.dir/rosidl_generator_c/sensor_msgs/msg/detail/nav_sat_status__functions.c.o[0m
[11.479s] [  3%] [32mBuilding C object CMakeFiles/sensor_msgs__rosidl_generator_c.dir/rosidl_generator_c/sensor_msgs/msg/detail/point_cloud__functions.c.o[0m
[11.524s] [  3%] [32mBuilding C object CMakeFiles/sensor_msgs__rosidl_generator_c.dir/rosidl_generator_c/sensor_msgs/msg/detail/point_cloud2__functions.c.o[0m
[11.577s] [  4%] [32mBuilding C object CMakeFiles/sensor_msgs__rosidl_generator_c.dir/rosidl_generator_c/sensor_msgs/msg/detail/point_field__functions.c.o[0m
[11.615s] [  4%] [32mBuilding C object CMakeFiles/sensor_msgs__rosidl_generator_c.dir/rosidl_generator_c/sensor_msgs/msg/detail/range__functions.c.o[0m
[11.659s] [  5%] [32mBuilding C object CMakeFiles/sensor_msgs__rosidl_generator_c.dir/rosidl_generator_c/sensor_msgs/msg/detail/region_of_interest__functions.c.o[0m
[11.704s] [  5%] [32mBuilding C object CMakeFiles/sensor_msgs__rosidl_generator_c.dir/rosidl_generator_c/sensor_msgs/msg/detail/relative_humidity__functions.c.o[0m
[11.747s] [  5%] [32mBuilding C object CMakeFiles/sensor_msgs__rosidl_generator_c.dir/rosidl_generator_c/sensor_msgs/msg/detail/temperature__functions.c.o[0m
[11.790s] [  6%] [32mBuilding C object CMakeFiles/sensor_msgs__rosidl_generator_c.dir/rosidl_generator_c/sensor_msgs/msg/detail/time_reference__functions.c.o[0m
[11.841s] [  6%] [32mBuilding C object CMakeFiles/sensor_msgs__rosidl_generator_c.dir/rosidl_generator_c/sensor_msgs/srv/detail/set_camera_info__functions.c.o[0m
[11.898s] [  7%] [32mBuilding C object CMakeFiles/sensor_msgs__rosidl_generator_c.dir/rosidl_generator_c/sensor_msgs/msg/detail/multi_dof_joint_state__functions.c.o[0m
[11.946s] [  7%] [32mBuilding C object CMakeFiles/sensor_msgs__rosidl_generator_c.dir/rosidl_generator_c/sensor_msgs/msg/detail/magnetic_field__functions.c.o[0m
[11.990s] [  8%] [32mBuilding C object CMakeFiles/sensor_msgs__rosidl_generator_c.dir/rosidl_generator_c/sensor_msgs/msg/detail/laser_scan__functions.c.o[0m
[12.037s] [  8%] [32mBuilding C object CMakeFiles/sensor_msgs__rosidl_generator_c.dir/rosidl_generator_c/sensor_msgs/msg/detail/laser_echo__functions.c.o[0m
[12.089s] [  8%] [32mBuilding C object CMakeFiles/sensor_msgs__rosidl_generator_c.dir/rosidl_generator_c/sensor_msgs/msg/detail/joy_feedback_array__functions.c.o[0m
[12.136s] [  9%] [32mBuilding C object CMakeFiles/sensor_msgs__rosidl_generator_c.dir/rosidl_generator_c/sensor_msgs/msg/detail/joy_feedback__functions.c.o[0m
[12.179s] [  9%] [32mBuilding C object CMakeFiles/sensor_msgs__rosidl_generator_c.dir/rosidl_generator_c/sensor_msgs/msg/detail/joy__functions.c.o[0m
[12.223s] [ 10%] [32mBuilding C object CMakeFiles/sensor_msgs__rosidl_generator_c.dir/rosidl_generator_c/sensor_msgs/msg/detail/joint_state__functions.c.o[0m
[12.265s] [ 10%] [32mBuilding C object CMakeFiles/sensor_msgs__rosidl_generator_c.dir/rosidl_generator_c/sensor_msgs/msg/detail/imu__functions.c.o[0m
[12.305s] [ 10%] [32mBuilding C object CMakeFiles/sensor_msgs__rosidl_generator_c.dir/rosidl_generator_c/sensor_msgs/msg/detail/image__functions.c.o[0m
[12.349s] [ 11%] [32mBuilding C object CMakeFiles/sensor_msgs__rosidl_generator_c.dir/rosidl_generator_c/sensor_msgs/msg/detail/illuminance__functions.c.o[0m
[12.383s] [ 11%] [32mBuilding C object CMakeFiles/sensor_msgs__rosidl_generator_c.dir/rosidl_generator_c/sensor_msgs/msg/detail/fluid_pressure__functions.c.o[0m
[12.427s] [ 12%] [32mBuilding C object CMakeFiles/sensor_msgs__rosidl_generator_c.dir/rosidl_generator_c/sensor_msgs/msg/detail/compressed_image__functions.c.o[0m
[12.464s] [ 12%] [32mBuilding C object CMakeFiles/sensor_msgs__rosidl_generator_c.dir/rosidl_generator_c/sensor_msgs/msg/detail/channel_float32__functions.c.o[0m
[12.505s] [ 12%] [32mBuilding C object CMakeFiles/sensor_msgs__rosidl_generator_c.dir/rosidl_generator_c/sensor_msgs/msg/detail/camera_info__functions.c.o[0m
[12.554s] [ 13%] [32m[1mLinking C shared library libsensor_msgs__rosidl_generator_c.so[0m
[12.677s] [ 13%] Built target sensor_msgs__rosidl_generator_c
[12.692s] [ 14%] [34m[1mGenerating C++ introspection for ROS interfaces[0m
[15.406s] [ 14%] [32mBuilding CXX object CMakeFiles/sensor_msgs__rosidl_typesupport_introspection_cpp.dir/rosidl_typesupport_introspection_cpp/sensor_msgs/msg/detail/battery_state__type_support.cpp.o[0m
[15.746s] [ 14%] [32mBuilding CXX object CMakeFiles/sensor_msgs__rosidl_typesupport_introspection_cpp.dir/rosidl_typesupport_introspection_cpp/sensor_msgs/msg/detail/magnetic_field__type_support.cpp.o[0m
[16.017s] [ 15%] [32mBuilding CXX object CMakeFiles/sensor_msgs__rosidl_typesupport_introspection_cpp.dir/rosidl_typesupport_introspection_cpp/sensor_msgs/msg/detail/multi_dof_joint_state__type_support.cpp.o[0m
[16.445s] [ 15%] [32mBuilding CXX object CMakeFiles/sensor_msgs__rosidl_typesupport_introspection_cpp.dir/rosidl_typesupport_introspection_cpp/sensor_msgs/msg/detail/multi_echo_laser_scan__type_support.cpp.o[0m
[16.765s] [ 16%] [32mBuilding CXX object CMakeFiles/sensor_msgs__rosidl_typesupport_introspection_cpp.dir/rosidl_typesupport_introspection_cpp/sensor_msgs/msg/detail/nav_sat_fix__type_support.cpp.o[0m
[17.050s] [ 16%] [32mBuilding CXX object CMakeFiles/sensor_msgs__rosidl_typesupport_introspection_cpp.dir/rosidl_typesupport_introspection_cpp/sensor_msgs/msg/detail/nav_sat_status__type_support.cpp.o[0m
[17.054s] [ 16%] [32mBuilding CXX object CMakeFiles/sensor_msgs__rosidl_typesupport_introspection_cpp.dir/rosidl_typesupport_introspection_cpp/sensor_msgs/msg/detail/laser_scan__type_support.cpp.o[0m
[17.369s] [ 16%] [32mBuilding CXX object CMakeFiles/sensor_msgs__rosidl_typesupport_introspection_cpp.dir/rosidl_typesupport_introspection_cpp/sensor_msgs/msg/detail/point_cloud__type_support.cpp.o[0m
[17.371s] [ 17%] [32mBuilding CXX object CMakeFiles/sensor_msgs__rosidl_typesupport_introspection_cpp.dir/rosidl_typesupport_introspection_cpp/sensor_msgs/msg/detail/laser_echo__type_support.cpp.o[0m
[17.416s] [ 18%] [32mBuilding CXX object CMakeFiles/sensor_msgs__rosidl_typesupport_introspection_cpp.dir/rosidl_typesupport_introspection_cpp/sensor_msgs/msg/detail/point_cloud2__type_support.cpp.o[0m
[17.744s] [ 18%] [32mBuilding CXX object CMakeFiles/sensor_msgs__rosidl_typesupport_introspection_cpp.dir/rosidl_typesupport_introspection_cpp/sensor_msgs/msg/detail/point_field__type_support.cpp.o[0m
[17.830s] [ 19%] [32mBuilding CXX object CMakeFiles/sensor_msgs__rosidl_typesupport_introspection_cpp.dir/rosidl_typesupport_introspection_cpp/sensor_msgs/msg/detail/range__type_support.cpp.o[0m
[17.877s] [ 19%] [32mBuilding CXX object CMakeFiles/sensor_msgs__rosidl_typesupport_introspection_cpp.dir/rosidl_typesupport_introspection_cpp/sensor_msgs/msg/detail/region_of_interest__type_support.cpp.o[0m
[18.107s] [ 19%] [32mBuilding CXX object CMakeFiles/sensor_msgs__rosidl_typesupport_introspection_cpp.dir/rosidl_typesupport_introspection_cpp/sensor_msgs/msg/detail/relative_humidity__type_support.cpp.o[0m
[18.181s] [ 20%] [32mBuilding CXX object CMakeFiles/sensor_msgs__rosidl_typesupport_introspection_cpp.dir/rosidl_typesupport_introspection_cpp/sensor_msgs/msg/detail/temperature__type_support.cpp.o[0m
[18.206s] [ 20%] [32mBuilding CXX object CMakeFiles/sensor_msgs__rosidl_typesupport_introspection_cpp.dir/rosidl_typesupport_introspection_cpp/sensor_msgs/msg/detail/time_reference__type_support.cpp.o[0m
[18.422s] [ 21%] [32mBuilding CXX object CMakeFiles/sensor_msgs__rosidl_typesupport_introspection_cpp.dir/rosidl_typesupport_introspection_cpp/sensor_msgs/srv/detail/set_camera_info__type_support.cpp.o[0m
[18.497s] [ 21%] [32mBuilding CXX object CMakeFiles/sensor_msgs__rosidl_typesupport_introspection_cpp.dir/rosidl_typesupport_introspection_cpp/sensor_msgs/msg/detail/joy_feedback_array__type_support.cpp.o[0m
[18.507s] [ 22%] [32mBuilding CXX object CMakeFiles/sensor_msgs__rosidl_typesupport_introspection_cpp.dir/rosidl_typesupport_introspection_cpp/sensor_msgs/msg/detail/joy_feedback__type_support.cpp.o[0m
[18.803s] [ 22%] [32mBuilding CXX object CMakeFiles/sensor_msgs__rosidl_typesupport_introspection_cpp.dir/rosidl_typesupport_introspection_cpp/sensor_msgs/msg/detail/joy__type_support.cpp.o[0m
[18.836s] [ 22%] [32mBuilding CXX object CMakeFiles/sensor_msgs__rosidl_typesupport_introspection_cpp.dir/rosidl_typesupport_introspection_cpp/sensor_msgs/msg/detail/joint_state__type_support.cpp.o[0m
[18.876s] [ 23%] [32mBuilding CXX object CMakeFiles/sensor_msgs__rosidl_typesupport_introspection_cpp.dir/rosidl_typesupport_introspection_cpp/sensor_msgs/msg/detail/imu__type_support.cpp.o[0m
[19.191s] [ 23%] [32mBuilding CXX object CMakeFiles/sensor_msgs__rosidl_typesupport_introspection_cpp.dir/rosidl_typesupport_introspection_cpp/sensor_msgs/msg/detail/image__type_support.cpp.o[0m
[19.202s] [ 23%] [32mBuilding CXX object CMakeFiles/sensor_msgs__rosidl_typesupport_introspection_cpp.dir/rosidl_typesupport_introspection_cpp/sensor_msgs/msg/detail/illuminance__type_support.cpp.o[0m
[19.285s] [ 24%] [32mBuilding CXX object CMakeFiles/sensor_msgs__rosidl_typesupport_introspection_cpp.dir/rosidl_typesupport_introspection_cpp/sensor_msgs/msg/detail/fluid_pressure__type_support.cpp.o[0m
[19.565s] [ 24%] [32mBuilding CXX object CMakeFiles/sensor_msgs__rosidl_typesupport_introspection_cpp.dir/rosidl_typesupport_introspection_cpp/sensor_msgs/msg/detail/compressed_image__type_support.cpp.o[0m
[19.582s] [ 25%] [32mBuilding CXX object CMakeFiles/sensor_msgs__rosidl_typesupport_introspection_cpp.dir/rosidl_typesupport_introspection_cpp/sensor_msgs/msg/detail/channel_float32__type_support.cpp.o[0m
[19.633s] [ 25%] [32mBuilding CXX object CMakeFiles/sensor_msgs__rosidl_typesupport_introspection_cpp.dir/rosidl_typesupport_introspection_cpp/sensor_msgs/msg/detail/camera_info__type_support.cpp.o[0m
[20.071s] [ 25%] [32m[1mLinking CXX shared library libsensor_msgs__rosidl_typesupport_introspection_cpp.so[0m
[20.280s] [ 25%] Built target sensor_msgs__rosidl_typesupport_introspection_cpp
[20.291s] [ 26%] [34m[1mGenerating C type support for eProsima Fast-RTPS[0m
[20.293s] [ 26%] [34m[1mGenerating C type support dispatch for ROS interfaces[0m
[20.296s] [ 26%] [34m[1mGenerating C introspection for ROS interfaces[0m
[23.029s] [ 26%] [32mBuilding CXX object CMakeFiles/sensor_msgs__rosidl_typesupport_c.dir/rosidl_typesupport_c/sensor_msgs/msg/camera_info__type_support.cpp.o[0m
[23.030s] [ 27%] [32mBuilding CXX object CMakeFiles/sensor_msgs__rosidl_typesupport_c.dir/rosidl_typesupport_c/sensor_msgs/msg/battery_state__type_support.cpp.o[0m
[23.030s] [ 28%] [32mBuilding CXX object CMakeFiles/sensor_msgs__rosidl_typesupport_c.dir/rosidl_typesupport_c/sensor_msgs/msg/illuminance__type_support.cpp.o[0m
[23.031s] [ 29%] [32mBuilding CXX object CMakeFiles/sensor_msgs__rosidl_typesupport_c.dir/rosidl_typesupport_c/sensor_msgs/msg/channel_float32__type_support.cpp.o[0m
[23.031s] [ 29%] [32mBuilding CXX object CMakeFiles/sensor_msgs__rosidl_typesupport_c.dir/rosidl_typesupport_c/sensor_msgs/msg/fluid_pressure__type_support.cpp.o[0m
[23.034s] [ 29%] [32mBuilding CXX object CMakeFiles/sensor_msgs__rosidl_typesupport_c.dir/rosidl_typesupport_c/sensor_msgs/msg/compressed_image__type_support.cpp.o[0m
[23.057s] [ 30%] [32mBuilding CXX object CMakeFiles/sensor_msgs__rosidl_typesupport_c.dir/rosidl_typesupport_c/sensor_msgs/msg/multi_dof_joint_state__type_support.cpp.o[0m
[23.061s] [ 30%] [32mBuilding CXX object CMakeFiles/sensor_msgs__rosidl_typesupport_c.dir/rosidl_typesupport_c/sensor_msgs/msg/multi_echo_laser_scan__type_support.cpp.o[0m
[23.063s] [ 30%] [32mBuilding CXX object CMakeFiles/sensor_msgs__rosidl_typesupport_c.dir/rosidl_typesupport_c/sensor_msgs/msg/nav_sat_fix__type_support.cpp.o[0m
[23.063s] [ 30%] [32mBuilding CXX object CMakeFiles/sensor_msgs__rosidl_typesupport_c.dir/rosidl_typesupport_c/sensor_msgs/msg/magnetic_field__type_support.cpp.o[0m
[23.066s] [ 31%] [32mBuilding CXX object CMakeFiles/sensor_msgs__rosidl_typesupport_c.dir/rosidl_typesupport_c/sensor_msgs/msg/point_cloud2__type_support.cpp.o[0m
[23.066s] [ 31%] [32mBuilding CXX object CMakeFiles/sensor_msgs__rosidl_typesupport_c.dir/rosidl_typesupport_c/sensor_msgs/msg/point_cloud__type_support.cpp.o[0m
[23.066s] [ 31%] [32mBuilding CXX object CMakeFiles/sensor_msgs__rosidl_typesupport_c.dir/rosidl_typesupport_c/sensor_msgs/msg/point_field__type_support.cpp.o[0m
[23.067s] [ 32%] [32mBuilding CXX object CMakeFiles/sensor_msgs__rosidl_typesupport_c.dir/rosidl_typesupport_c/sensor_msgs/msg/laser_scan__type_support.cpp.o[0m
[23.068s] [ 33%] [32mBuilding CXX object CMakeFiles/sensor_msgs__rosidl_typesupport_c.dir/rosidl_typesupport_c/sensor_msgs/msg/nav_sat_status__type_support.cpp.o[0m
[23.092s] [ 34%] [32mBuilding CXX object CMakeFiles/sensor_msgs__rosidl_typesupport_c.dir/rosidl_typesupport_c/sensor_msgs/msg/joy_feedback__type_support.cpp.o[0m
[23.092s] [ 34%] [32mBuilding CXX object CMakeFiles/sensor_msgs__rosidl_typesupport_c.dir/rosidl_typesupport_c/sensor_msgs/msg/range__type_support.cpp.o[0m
[23.093s] [ 34%] [32mBuilding CXX object CMakeFiles/sensor_msgs__rosidl_typesupport_c.dir/rosidl_typesupport_c/sensor_msgs/msg/laser_echo__type_support.cpp.o[0m
[23.093s] [ 34%] [32mBuilding CXX object CMakeFiles/sensor_msgs__rosidl_typesupport_c.dir/rosidl_typesupport_c/sensor_msgs/msg/joy_feedback_array__type_support.cpp.o[0m
[23.098s] [ 34%] [32mBuilding CXX object CMakeFiles/sensor_msgs__rosidl_typesupport_c.dir/rosidl_typesupport_c/sensor_msgs/msg/time_reference__type_support.cpp.o[0m
[23.099s] [ 35%] [32mBuilding CXX object CMakeFiles/sensor_msgs__rosidl_typesupport_c.dir/rosidl_typesupport_c/sensor_msgs/msg/temperature__type_support.cpp.o[0m
[23.103s] [ 35%] [32mBuilding CXX object CMakeFiles/sensor_msgs__rosidl_typesupport_c.dir/rosidl_typesupport_c/sensor_msgs/srv/set_camera_info__type_support.cpp.o[0m
[23.104s] [ 35%] [32mBuilding CXX object CMakeFiles/sensor_msgs__rosidl_typesupport_c.dir/rosidl_typesupport_c/sensor_msgs/msg/relative_humidity__type_support.cpp.o[0m
[23.121s] [ 35%] [32mBuilding CXX object CMakeFiles/sensor_msgs__rosidl_typesupport_c.dir/rosidl_typesupport_c/sensor_msgs/msg/joy__type_support.cpp.o[0m
[23.123s] [ 35%] [32mBuilding CXX object CMakeFiles/sensor_msgs__rosidl_typesupport_c.dir/rosidl_typesupport_c/sensor_msgs/msg/joint_state__type_support.cpp.o[0m
[23.123s] [ 36%] [32mBuilding CXX object CMakeFiles/sensor_msgs__rosidl_typesupport_c.dir/rosidl_typesupport_c/sensor_msgs/msg/region_of_interest__type_support.cpp.o[0m
[23.127s] [ 37%] [32mBuilding CXX object CMakeFiles/sensor_msgs__rosidl_typesupport_c.dir/rosidl_typesupport_c/sensor_msgs/msg/imu__type_support.cpp.o[0m
[23.130s] [ 37%] [32mBuilding CXX object CMakeFiles/sensor_msgs__rosidl_typesupport_c.dir/rosidl_typesupport_c/sensor_msgs/msg/image__type_support.cpp.o[0m
[23.163s] [ 38%] [32m[1mLinking CXX shared library libsensor_msgs__rosidl_typesupport_c.so[0m
[23.294s] [ 38%] Built target sensor_msgs__rosidl_typesupport_c
[23.303s] [ 38%] [34m[1mGenerating C++ type support dispatch for ROS interfaces[0m
[23.306s] [ 38%] [34m[1mGenerating C++ type support for eProsima Fast-RTPS[0m
[23.400s] [ 38%] [32mBuilding C object CMakeFiles/sensor_msgs__rosidl_typesupport_introspection_c.dir/rosidl_typesupport_introspection_c/sensor_msgs/msg/detail/battery_state__type_support.c.o[0m
[23.400s] [ 39%] [32mBuilding C object CMakeFiles/sensor_msgs__rosidl_typesupport_introspection_c.dir/rosidl_typesupport_introspection_c/sensor_msgs/msg/detail/camera_info__type_support.c.o[0m
[23.404s] [ 39%] [32mBuilding C object CMakeFiles/sensor_msgs__rosidl_typesupport_introspection_c.dir/rosidl_typesupport_introspection_c/sensor_msgs/msg/detail/channel_float32__type_support.c.o[0m
[23.408s] [ 40%] [32mBuilding C object CMakeFiles/sensor_msgs__rosidl_typesupport_introspection_c.dir/rosidl_typesupport_introspection_c/sensor_msgs/msg/detail/compressed_image__type_support.c.o[0m
[23.409s] [ 40%] [32mBuilding C object CMakeFiles/sensor_msgs__rosidl_typesupport_introspection_c.dir/rosidl_typesupport_introspection_c/sensor_msgs/msg/detail/fluid_pressure__type_support.c.o[0m
[23.413s] [ 40%] [32mBuilding C object CMakeFiles/sensor_msgs__rosidl_typesupport_introspection_c.dir/rosidl_typesupport_introspection_c/sensor_msgs/msg/detail/illuminance__type_support.c.o[0m
[23.443s] [ 41%] [32mBuilding C object CMakeFiles/sensor_msgs__rosidl_typesupport_introspection_c.dir/rosidl_typesupport_introspection_c/sensor_msgs/msg/detail/laser_scan__type_support.c.o[0m
[23.447s] [ 41%] [32mBuilding C object CMakeFiles/sensor_msgs__rosidl_typesupport_introspection_c.dir/rosidl_typesupport_introspection_c/sensor_msgs/msg/detail/magnetic_field__type_support.c.o[0m
[23.447s] [ 41%] [32mBuilding C object CMakeFiles/sensor_msgs__rosidl_typesupport_introspection_c.dir/rosidl_typesupport_introspection_c/sensor_msgs/msg/detail/laser_echo__type_support.c.o[0m
[23.461s] [ 41%] [32mBuilding C object CMakeFiles/sensor_msgs__rosidl_typesupport_introspection_c.dir/rosidl_typesupport_introspection_c/sensor_msgs/msg/detail/multi_dof_joint_state__type_support.c.o[0m
[23.462s] [ 41%] [32mBuilding C object CMakeFiles/sensor_msgs__rosidl_typesupport_introspection_c.dir/rosidl_typesupport_introspection_c/sensor_msgs/msg/detail/joy_feedback__type_support.c.o[0m
[23.463s] [ 42%] [32mBuilding C object CMakeFiles/sensor_msgs__rosidl_typesupport_introspection_c.dir/rosidl_typesupport_introspection_c/sensor_msgs/msg/detail/joy_feedback_array__type_support.c.o[0m
[23.481s] [ 42%] [32mBuilding CXX object CMakeFiles/sensor_msgs__rosidl_typesupport_fastrtps_c.dir/rosidl_typesupport_fastrtps_c/sensor_msgs/msg/detail/battery_state__type_support_c.cpp.o[0m
[23.487s] [ 42%] [32mBuilding C object CMakeFiles/sensor_msgs__rosidl_typesupport_introspection_c.dir/rosidl_typesupport_introspection_c/sensor_msgs/msg/detail/range__type_support.c.o[0m
[23.487s] [ 42%] [32mBuilding CXX object CMakeFiles/sensor_msgs__rosidl_typesupport_fastrtps_c.dir/rosidl_typesupport_fastrtps_c/sensor_msgs/msg/detail/camera_info__type_support_c.cpp.o[0m
[23.489s] [ 43%] [32mBuilding CXX object CMakeFiles/sensor_msgs__rosidl_typesupport_fastrtps_c.dir/rosidl_typesupport_fastrtps_c/sensor_msgs/msg/detail/channel_float32__type_support_c.cpp.o[0m
[23.491s] [ 44%] [32mBuilding C object CMakeFiles/sensor_msgs__rosidl_typesupport_introspection_c.dir/rosidl_typesupport_introspection_c/sensor_msgs/msg/detail/point_field__type_support.c.o[0m
[23.492s] [ 44%] [32mBuilding C object CMakeFiles/sensor_msgs__rosidl_typesupport_introspection_c.dir/rosidl_typesupport_introspection_c/sensor_msgs/msg/detail/point_cloud2__type_support.c.o[0m
[23.494s] [ 44%] [32mBuilding CXX object CMakeFiles/sensor_msgs__rosidl_typesupport_fastrtps_c.dir/rosidl_typesupport_fastrtps_c/sensor_msgs/msg/detail/compressed_image__type_support_c.cpp.o[0m
[23.503s] [ 45%] [32mBuilding C object CMakeFiles/sensor_msgs__rosidl_typesupport_introspection_c.dir/rosidl_typesupport_introspection_c/sensor_msgs/msg/detail/point_cloud__type_support.c.o[0m
[23.505s] [ 45%] [32mBuilding C object CMakeFiles/sensor_msgs__rosidl_typesupport_introspection_c.dir/rosidl_typesupport_introspection_c/sensor_msgs/msg/detail/nav_sat_status__type_support.c.o[0m
[23.511s] [ 46%] [32mBuilding CXX object CMakeFiles/sensor_msgs__rosidl_typesupport_fastrtps_c.dir/rosidl_typesupport_fastrtps_c/sensor_msgs/msg/detail/fluid_pressure__type_support_c.cpp.o[0m
[23.520s] [ 46%] [32mBuilding CXX object CMakeFiles/sensor_msgs__rosidl_typesupport_fastrtps_c.dir/rosidl_typesupport_fastrtps_c/sensor_msgs/msg/detail/illuminance__type_support_c.cpp.o[0m
[23.525s] [ 47%] [32mBuilding C object CMakeFiles/sensor_msgs__rosidl_typesupport_introspection_c.dir/rosidl_typesupport_introspection_c/sensor_msgs/msg/detail/multi_echo_laser_scan__type_support.c.o[0m
[23.525s] [ 47%] [32mBuilding C object CMakeFiles/sensor_msgs__rosidl_typesupport_introspection_c.dir/rosidl_typesupport_introspection_c/sensor_msgs/msg/detail/nav_sat_fix__type_support.c.o[0m
[23.541s] [ 47%] [32mBuilding C object CMakeFiles/sensor_msgs__rosidl_typesupport_introspection_c.dir/rosidl_typesupport_introspection_c/sensor_msgs/msg/detail/joy__type_support.c.o[0m
[23.545s] [ 47%] [32mBuilding C object CMakeFiles/sensor_msgs__rosidl_typesupport_introspection_c.dir/rosidl_typesupport_introspection_c/sensor_msgs/msg/detail/imu__type_support.c.o[0m
[23.545s] [ 48%] [32mBuilding C object CMakeFiles/sensor_msgs__rosidl_typesupport_introspection_c.dir/rosidl_typesupport_introspection_c/sensor_msgs/msg/detail/joint_state__type_support.c.o[0m
[23.568s] [ 49%] [32mBuilding C object CMakeFiles/sensor_msgs__rosidl_typesupport_introspection_c.dir/rosidl_typesupport_introspection_c/sensor_msgs/msg/detail/image__type_support.c.o[0m
[23.574s] [ 49%] [32mBuilding C object CMakeFiles/sensor_msgs__rosidl_typesupport_introspection_c.dir/rosidl_typesupport_introspection_c/sensor_msgs/msg/detail/region_of_interest__type_support.c.o[0m
[23.597s] [ 50%] [32mBuilding C object CMakeFiles/sensor_msgs__rosidl_typesupport_introspection_c.dir/rosidl_typesupport_introspection_c/sensor_msgs/msg/detail/relative_humidity__type_support.c.o[0m
[23.605s] [ 50%] [32mBuilding C object CMakeFiles/sensor_msgs__rosidl_typesupport_introspection_c.dir/rosidl_typesupport_introspection_c/sensor_msgs/msg/detail/temperature__type_support.c.o[0m
[23.622s] [ 51%] [32mBuilding C object CMakeFiles/sensor_msgs__rosidl_typesupport_introspection_c.dir/rosidl_typesupport_introspection_c/sensor_msgs/msg/detail/time_reference__type_support.c.o[0m
[23.642s] [ 51%] [32mBuilding C object CMakeFiles/sensor_msgs__rosidl_typesupport_introspection_c.dir/rosidl_typesupport_introspection_c/sensor_msgs/srv/detail/set_camera_info__type_support.c.o[0m
[23.677s] [ 51%] [32m[1mLinking C shared library libsensor_msgs__rosidl_typesupport_introspection_c.so[0m
[23.814s] [ 51%] Built target sensor_msgs__rosidl_typesupport_introspection_c
[23.843s] [ 52%] [32mBuilding CXX object CMakeFiles/sensor_msgs__rosidl_typesupport_fastrtps_c.dir/rosidl_typesupport_fastrtps_c/sensor_msgs/msg/detail/nav_sat_fix__type_support_c.cpp.o[0m
[23.853s] [ 52%] [32mBuilding CXX object CMakeFiles/sensor_msgs__rosidl_typesupport_fastrtps_c.dir/rosidl_typesupport_fastrtps_c/sensor_msgs/msg/detail/nav_sat_status__type_support_c.cpp.o[0m
[23.863s] [ 53%] [32mBuilding CXX object CMakeFiles/sensor_msgs__rosidl_typesupport_fastrtps_c.dir/rosidl_typesupport_fastrtps_c/sensor_msgs/msg/detail/point_cloud__type_support_c.cpp.o[0m
[23.870s] [ 53%] [32mBuilding CXX object CMakeFiles/sensor_msgs__rosidl_typesupport_fastrtps_c.dir/rosidl_typesupport_fastrtps_c/sensor_msgs/msg/detail/point_cloud2__type_support_c.cpp.o[0m
[23.875s] [ 53%] [32mBuilding CXX object CMakeFiles/sensor_msgs__rosidl_typesupport_fastrtps_c.dir/rosidl_typesupport_fastrtps_c/sensor_msgs/msg/detail/point_field__type_support_c.cpp.o[0m
[23.899s] [ 54%] [32mBuilding CXX object CMakeFiles/sensor_msgs__rosidl_typesupport_fastrtps_c.dir/rosidl_typesupport_fastrtps_c/sensor_msgs/msg/detail/range__type_support_c.cpp.o[0m
[24.184s] [ 54%] [32mBuilding CXX object CMakeFiles/sensor_msgs__rosidl_typesupport_fastrtps_c.dir/rosidl_typesupport_fastrtps_c/sensor_msgs/msg/detail/multi_echo_laser_scan__type_support_c.cpp.o[0m
[24.184s] [ 54%] [32mBuilding CXX object CMakeFiles/sensor_msgs__rosidl_typesupport_fastrtps_c.dir/rosidl_typesupport_fastrtps_c/sensor_msgs/msg/detail/multi_dof_joint_state__type_support_c.cpp.o[0m
[24.185s] [ 54%] [32mBuilding CXX object CMakeFiles/sensor_msgs__rosidl_typesupport_fastrtps_c.dir/rosidl_typesupport_fastrtps_c/sensor_msgs/msg/detail/region_of_interest__type_support_c.cpp.o[0m
[24.187s] [ 55%] [32mBuilding CXX object CMakeFiles/sensor_msgs__rosidl_typesupport_fastrtps_c.dir/rosidl_typesupport_fastrtps_c/sensor_msgs/msg/detail/magnetic_field__type_support_c.cpp.o[0m
[24.189s] [ 56%] [32mBuilding CXX object CMakeFiles/sensor_msgs__rosidl_typesupport_fastrtps_c.dir/rosidl_typesupport_fastrtps_c/sensor_msgs/msg/detail/relative_humidity__type_support_c.cpp.o[0m
[24.197s] [ 56%] [32mBuilding CXX object CMakeFiles/sensor_msgs__rosidl_typesupport_fastrtps_c.dir/rosidl_typesupport_fastrtps_c/sensor_msgs/msg/detail/temperature__type_support_c.cpp.o[0m
[24.215s] [ 56%] [32mBuilding CXX object CMakeFiles/sensor_msgs__rosidl_typesupport_fastrtps_c.dir/rosidl_typesupport_fastrtps_c/sensor_msgs/msg/detail/time_reference__type_support_c.cpp.o[0m
[24.237s] [ 57%] [32mBuilding CXX object CMakeFiles/sensor_msgs__rosidl_typesupport_fastrtps_c.dir/rosidl_typesupport_fastrtps_c/sensor_msgs/srv/detail/set_camera_info__type_support_c.cpp.o[0m
[24.250s] [ 57%] [32mBuilding CXX object CMakeFiles/sensor_msgs__rosidl_typesupport_fastrtps_c.dir/rosidl_typesupport_fastrtps_c/sensor_msgs/msg/detail/laser_scan__type_support_c.cpp.o[0m
[24.546s] [ 58%] [32mBuilding CXX object CMakeFiles/sensor_msgs__rosidl_typesupport_fastrtps_c.dir/rosidl_typesupport_fastrtps_c/sensor_msgs/msg/detail/laser_echo__type_support_c.cpp.o[0m
[24.566s] [ 58%] [32mBuilding CXX object CMakeFiles/sensor_msgs__rosidl_typesupport_fastrtps_c.dir/rosidl_typesupport_fastrtps_c/sensor_msgs/msg/detail/joy_feedback_array__type_support_c.cpp.o[0m
[24.574s] [ 58%] [32mBuilding CXX object CMakeFiles/sensor_msgs__rosidl_typesupport_fastrtps_c.dir/rosidl_typesupport_fastrtps_c/sensor_msgs/msg/detail/joy_feedback__type_support_c.cpp.o[0m
[24.575s] [ 59%] [32mBuilding CXX object CMakeFiles/sensor_msgs__rosidl_typesupport_fastrtps_c.dir/rosidl_typesupport_fastrtps_c/sensor_msgs/msg/detail/joy__type_support_c.cpp.o[0m
[24.577s] [ 60%] [32mBuilding CXX object CMakeFiles/sensor_msgs__rosidl_typesupport_fastrtps_c.dir/rosidl_typesupport_fastrtps_c/sensor_msgs/msg/detail/joint_state__type_support_c.cpp.o[0m
[24.577s] [ 60%] [32mBuilding CXX object CMakeFiles/sensor_msgs__rosidl_typesupport_fastrtps_c.dir/rosidl_typesupport_fastrtps_c/sensor_msgs/msg/detail/imu__type_support_c.cpp.o[0m
[24.593s] [ 60%] [32mBuilding CXX object CMakeFiles/sensor_msgs__rosidl_typesupport_fastrtps_c.dir/rosidl_typesupport_fastrtps_c/sensor_msgs/msg/detail/image__type_support_c.cpp.o[0m
[24.967s] [ 60%] [32m[1mLinking CXX shared library libsensor_msgs__rosidl_typesupport_fastrtps_c.so[0m
[25.135s] [ 60%] Built target sensor_msgs__rosidl_typesupport_fastrtps_c
[26.127s] [ 61%] [32mBuilding CXX object CMakeFiles/sensor_msgs__rosidl_typesupport_cpp.dir/rosidl_typesupport_cpp/sensor_msgs/msg/fluid_pressure__type_support.cpp.o[0m
[26.127s] [ 61%] [32mBuilding CXX object CMakeFiles/sensor_msgs__rosidl_typesupport_cpp.dir/rosidl_typesupport_cpp/sensor_msgs/msg/compressed_image__type_support.cpp.o[0m
[26.128s] [ 61%] [32mBuilding CXX object CMakeFiles/sensor_msgs__rosidl_typesupport_cpp.dir/rosidl_typesupport_cpp/sensor_msgs/msg/illuminance__type_support.cpp.o[0m
[26.128s] [ 61%] [32mBuilding CXX object CMakeFiles/sensor_msgs__rosidl_typesupport_cpp.dir/rosidl_typesupport_cpp/sensor_msgs/msg/battery_state__type_support.cpp.o[0m
[26.129s] [ 62%] [32mBuilding CXX object CMakeFiles/sensor_msgs__rosidl_typesupport_cpp.dir/rosidl_typesupport_cpp/sensor_msgs/msg/channel_float32__type_support.cpp.o[0m
[26.129s] [ 62%] [32mBuilding CXX object CMakeFiles/sensor_msgs__rosidl_typesupport_cpp.dir/rosidl_typesupport_cpp/sensor_msgs/msg/camera_info__type_support.cpp.o[0m
[26.351s] [ 62%] [32mBuilding CXX object CMakeFiles/sensor_msgs__rosidl_typesupport_cpp.dir/rosidl_typesupport_cpp/sensor_msgs/msg/nav_sat_status__type_support.cpp.o[0m
[26.373s] [ 63%] [32mBuilding CXX object CMakeFiles/sensor_msgs__rosidl_typesupport_cpp.dir/rosidl_typesupport_cpp/sensor_msgs/msg/point_cloud__type_support.cpp.o[0m
[26.379s] [ 63%] [32mBuilding CXX object CMakeFiles/sensor_msgs__rosidl_typesupport_cpp.dir/rosidl_typesupport_cpp/sensor_msgs/msg/point_cloud2__type_support.cpp.o[0m
[26.398s] [ 64%] [32mBuilding CXX object CMakeFiles/sensor_msgs__rosidl_typesupport_cpp.dir/rosidl_typesupport_cpp/sensor_msgs/msg/point_field__type_support.cpp.o[0m
[26.399s] [ 64%] [32mBuilding CXX object CMakeFiles/sensor_msgs__rosidl_typesupport_cpp.dir/rosidl_typesupport_cpp/sensor_msgs/msg/nav_sat_fix__type_support.cpp.o[0m
[26.414s] [ 64%] [32mBuilding CXX object CMakeFiles/sensor_msgs__rosidl_typesupport_cpp.dir/rosidl_typesupport_cpp/sensor_msgs/msg/region_of_interest__type_support.cpp.o[0m
[26.609s] [ 65%] [32mBuilding CXX object CMakeFiles/sensor_msgs__rosidl_typesupport_cpp.dir/rosidl_typesupport_cpp/sensor_msgs/msg/relative_humidity__type_support.cpp.o[0m
[26.633s] [ 65%] [32mBuilding CXX object CMakeFiles/sensor_msgs__rosidl_typesupport_cpp.dir/rosidl_typesupport_cpp/sensor_msgs/msg/temperature__type_support.cpp.o[0m
[26.656s] [ 65%] [32mBuilding CXX object CMakeFiles/sensor_msgs__rosidl_typesupport_cpp.dir/rosidl_typesupport_cpp/sensor_msgs/msg/range__type_support.cpp.o[0m
[26.666s] [ 66%] [32mBuilding CXX object CMakeFiles/sensor_msgs__rosidl_typesupport_cpp.dir/rosidl_typesupport_cpp/sensor_msgs/msg/time_reference__type_support.cpp.o[0m
[26.667s] [ 67%] [32mBuilding CXX object CMakeFiles/sensor_msgs__rosidl_typesupport_cpp.dir/rosidl_typesupport_cpp/sensor_msgs/msg/multi_echo_laser_scan__type_support.cpp.o[0m
[26.681s] [ 67%] [32mBuilding CXX object CMakeFiles/sensor_msgs__rosidl_typesupport_cpp.dir/rosidl_typesupport_cpp/sensor_msgs/srv/set_camera_info__type_support.cpp.o[0m
[26.753s] [ 69%] [32mBuilding CXX object CMakeFiles/sensor_msgs__rosidl_typesupport_fastrtps_cpp.dir/rosidl_typesupport_fastrtps_cpp/sensor_msgs/msg/detail/dds_fastrtps/channel_float32__type_support.cpp.o[0m
[26.753s] [ 69%] [32mBuilding CXX object CMakeFiles/sensor_msgs__rosidl_typesupport_fastrtps_cpp.dir/rosidl_typesupport_fastrtps_cpp/sensor_msgs/msg/detail/dds_fastrtps/battery_state__type_support.cpp.o[0m
[26.753s] [ 69%] [32mBuilding CXX object CMakeFiles/sensor_msgs__rosidl_typesupport_fastrtps_cpp.dir/rosidl_typesupport_fastrtps_cpp/sensor_msgs/msg/detail/dds_fastrtps/compressed_image__type_support.cpp.o[0m
[26.753s] [ 69%] [32mBuilding CXX object CMakeFiles/sensor_msgs__rosidl_typesupport_fastrtps_cpp.dir/rosidl_typesupport_fastrtps_cpp/sensor_msgs/msg/detail/dds_fastrtps/camera_info__type_support.cpp.o[0m
[26.905s] [ 69%] [32mBuilding CXX object CMakeFiles/sensor_msgs__rosidl_typesupport_cpp.dir/rosidl_typesupport_cpp/sensor_msgs/msg/multi_dof_joint_state__type_support.cpp.o[0m
[26.905s] [ 69%] [32mBuilding CXX object CMakeFiles/sensor_msgs__rosidl_typesupport_fastrtps_cpp.dir/rosidl_typesupport_fastrtps_cpp/sensor_msgs/msg/detail/dds_fastrtps/fluid_pressure__type_support.cpp.o[0m
[26.951s] [ 70%] [32mBuilding CXX object CMakeFiles/sensor_msgs__rosidl_typesupport_fastrtps_cpp.dir/rosidl_typesupport_fastrtps_cpp/sensor_msgs/msg/detail/dds_fastrtps/illuminance__type_support.cpp.o[0m
[26.953s] [ 71%] [32mBuilding CXX object CMakeFiles/sensor_msgs__rosidl_typesupport_cpp.dir/rosidl_typesupport_cpp/sensor_msgs/msg/magnetic_field__type_support.cpp.o[0m
[26.968s] [ 71%] [32mBuilding CXX object CMakeFiles/sensor_msgs__rosidl_typesupport_cpp.dir/rosidl_typesupport_cpp/sensor_msgs/msg/laser_scan__type_support.cpp.o[0m
[26.968s] [ 71%] [32mBuilding CXX object CMakeFiles/sensor_msgs__rosidl_typesupport_cpp.dir/rosidl_typesupport_cpp/sensor_msgs/msg/laser_echo__type_support.cpp.o[0m
[26.976s] [ 72%] [32mBuilding CXX object CMakeFiles/sensor_msgs__rosidl_typesupport_cpp.dir/rosidl_typesupport_cpp/sensor_msgs/msg/joy_feedback_array__type_support.cpp.o[0m
[27.011s] [ 72%] [32mBuilding CXX object CMakeFiles/sensor_msgs__rosidl_typesupport_cpp.dir/rosidl_typesupport_cpp/sensor_msgs/msg/joy_feedback__type_support.cpp.o[0m
[27.274s] [ 73%] [32mBuilding CXX object CMakeFiles/sensor_msgs__rosidl_typesupport_cpp.dir/rosidl_typesupport_cpp/sensor_msgs/msg/joy__type_support.cpp.o[0m
[27.274s] [ 73%] [32mBuilding CXX object CMakeFiles/sensor_msgs__rosidl_typesupport_cpp.dir/rosidl_typesupport_cpp/sensor_msgs/msg/imu__type_support.cpp.o[0m
[27.274s] [ 73%] [32mBuilding CXX object CMakeFiles/sensor_msgs__rosidl_typesupport_fastrtps_cpp.dir/rosidl_typesupport_fastrtps_cpp/sensor_msgs/msg/detail/dds_fastrtps/joy__type_support.cpp.o[0m
[27.275s] [ 73%] [32mBuilding CXX object CMakeFiles/sensor_msgs__rosidl_typesupport_cpp.dir/rosidl_typesupport_cpp/sensor_msgs/msg/joint_state__type_support.cpp.o[0m
[27.275s] [ 74%] [32mBuilding CXX object CMakeFiles/sensor_msgs__rosidl_typesupport_fastrtps_cpp.dir/rosidl_typesupport_fastrtps_cpp/sensor_msgs/msg/detail/dds_fastrtps/joint_state__type_support.cpp.o[0m
[27.279s] [ 74%] [32mBuilding CXX object CMakeFiles/sensor_msgs__rosidl_typesupport_fastrtps_cpp.dir/rosidl_typesupport_fastrtps_cpp/sensor_msgs/msg/detail/dds_fastrtps/imu__type_support.cpp.o[0m
[27.280s] [ 75%] [32mBuilding CXX object CMakeFiles/sensor_msgs__rosidl_typesupport_fastrtps_cpp.dir/rosidl_typesupport_fastrtps_cpp/sensor_msgs/msg/detail/dds_fastrtps/joy_feedback__type_support.cpp.o[0m
[27.280s] [ 76%] [32mBuilding CXX object CMakeFiles/sensor_msgs__rosidl_typesupport_cpp.dir/rosidl_typesupport_cpp/sensor_msgs/msg/image__type_support.cpp.o[0m
[27.288s] [ 76%] [32mBuilding CXX object CMakeFiles/sensor_msgs__rosidl_typesupport_fastrtps_cpp.dir/rosidl_typesupport_fastrtps_cpp/sensor_msgs/msg/detail/dds_fastrtps/joy_feedback_array__type_support.cpp.o[0m
[27.297s] [ 76%] [32mBuilding CXX object CMakeFiles/sensor_msgs__rosidl_typesupport_fastrtps_cpp.dir/rosidl_typesupport_fastrtps_cpp/sensor_msgs/msg/detail/dds_fastrtps/magnetic_field__type_support.cpp.o[0m
[27.310s] [ 76%] [32mBuilding CXX object CMakeFiles/sensor_msgs__rosidl_typesupport_fastrtps_cpp.dir/rosidl_typesupport_fastrtps_cpp/sensor_msgs/msg/detail/dds_fastrtps/multi_echo_laser_scan__type_support.cpp.o[0m
[27.315s] [ 76%] [32mBuilding CXX object CMakeFiles/sensor_msgs__rosidl_typesupport_fastrtps_cpp.dir/rosidl_typesupport_fastrtps_cpp/sensor_msgs/msg/detail/dds_fastrtps/nav_sat_fix__type_support.cpp.o[0m
[27.358s] [ 76%] [32mBuilding CXX object CMakeFiles/sensor_msgs__rosidl_typesupport_fastrtps_cpp.dir/rosidl_typesupport_fastrtps_cpp/sensor_msgs/msg/detail/dds_fastrtps/point_cloud__type_support.cpp.o[0m
[27.427s] [ 76%] [32mBuilding CXX object CMakeFiles/sensor_msgs__rosidl_typesupport_fastrtps_cpp.dir/rosidl_typesupport_fastrtps_cpp/sensor_msgs/msg/detail/dds_fastrtps/point_cloud2__type_support.cpp.o[0m
[27.618s] [ 76%] [32m[1mLinking CXX shared library libsensor_msgs__rosidl_typesupport_cpp.so[0m
[27.765s] [ 76%] Built target sensor_msgs__rosidl_typesupport_cpp
[27.765s] [ 76%] [32mBuilding CXX object CMakeFiles/sensor_msgs__rosidl_typesupport_fastrtps_cpp.dir/rosidl_typesupport_fastrtps_cpp/sensor_msgs/msg/detail/dds_fastrtps/relative_humidity__type_support.cpp.o[0m
[27.775s] [ 77%] [32mBuilding CXX object CMakeFiles/sensor_msgs__rosidl_typesupport_fastrtps_cpp.dir/rosidl_typesupport_fastrtps_cpp/sensor_msgs/msg/detail/dds_fastrtps/time_reference__type_support.cpp.o[0m
[27.792s] [ 77%] [32mBuilding CXX object CMakeFiles/test_sensor_msgs.dir/test/test_image_encodings.cpp.o[0m
[27.806s] [ 78%] [32mBuilding CXX object CMakeFiles/sensor_msgs__rosidl_typesupport_fastrtps_cpp.dir/rosidl_typesupport_fastrtps_cpp/sensor_msgs/msg/detail/dds_fastrtps/temperature__type_support.cpp.o[0m
[27.806s] [ 78%] [32mBuilding CXX object CMakeFiles/test_sensor_msgs.dir/test/test_pointcloud_conversion.cpp.o[0m
[27.825s] [ 78%] [32mBuilding CXX object CMakeFiles/test_sensor_msgs.dir/test/test_pointcloud_iterator.cpp.o[0m
[27.825s] [ 79%] [32mBuilding CXX object CMakeFiles/sensor_msgs__rosidl_typesupport_fastrtps_cpp.dir/rosidl_typesupport_fastrtps_cpp/sensor_msgs/msg/detail/dds_fastrtps/region_of_interest__type_support.cpp.o[0m
[27.826s] [ 79%] [32mBuilding CXX object CMakeFiles/sensor_msgs__rosidl_typesupport_fastrtps_cpp.dir/rosidl_typesupport_fastrtps_cpp/sensor_msgs/msg/detail/dds_fastrtps/range__type_support.cpp.o[0m
[27.863s] [ 79%] [32mBuilding CXX object CMakeFiles/sensor_msgs__rosidl_typesupport_fastrtps_cpp.dir/rosidl_typesupport_fastrtps_cpp/sensor_msgs/srv/detail/dds_fastrtps/set_camera_info__type_support.cpp.o[0m
[27.904s] [ 80%] [32mBuilding CXX object CMakeFiles/sensor_msgs__rosidl_typesupport_fastrtps_cpp.dir/rosidl_typesupport_fastrtps_cpp/sensor_msgs/msg/detail/dds_fastrtps/point_field__type_support.cpp.o[0m
[27.922s] [ 81%] [32mBuilding CXX object CMakeFiles/sensor_msgs__rosidl_typesupport_fastrtps_cpp.dir/rosidl_typesupport_fastrtps_cpp/sensor_msgs/msg/detail/dds_fastrtps/nav_sat_status__type_support.cpp.o[0m
[28.016s] [ 82%] [32mBuilding CXX object CMakeFiles/sensor_msgs__rosidl_typesupport_fastrtps_cpp.dir/rosidl_typesupport_fastrtps_cpp/sensor_msgs/msg/detail/dds_fastrtps/multi_dof_joint_state__type_support.cpp.o[0m
[28.023s] [ 83%] [32mBuilding CXX object CMakeFiles/sensor_msgs__rosidl_typesupport_fastrtps_cpp.dir/rosidl_typesupport_fastrtps_cpp/sensor_msgs/msg/detail/dds_fastrtps/laser_scan__type_support.cpp.o[0m
[28.332s] [ 83%] [32mBuilding CXX object CMakeFiles/sensor_msgs__rosidl_typesupport_fastrtps_cpp.dir/rosidl_typesupport_fastrtps_cpp/sensor_msgs/msg/detail/dds_fastrtps/laser_echo__type_support.cpp.o[0m
[28.337s] [ 83%] [32mBuilding CXX object CMakeFiles/sensor_msgs__rosidl_typesupport_fastrtps_cpp.dir/rosidl_typesupport_fastrtps_cpp/sensor_msgs/msg/detail/dds_fastrtps/image__type_support.cpp.o[0m
[28.864s] [ 84%] [32m[1mLinking CXX shared library libsensor_msgs__rosidl_typesupport_fastrtps_cpp.so[0m
[29.087s] [ 84%] Built target sensor_msgs__rosidl_typesupport_fastrtps_cpp
[29.112s] [ 84%] Built target sensor_msgs
[29.114s] [ 85%] [32m[1mLinking CXX executable test_sensor_msgs[0m
[29.133s] [ 86%] [34m[1mGenerating Python code for ROS interfaces[0m
[29.353s] [ 86%] Built target test_sensor_msgs
[35.126s] [ 86%] Built target sensor_msgs__py
[35.148s] [ 87%] [32mBuilding C object CMakeFiles/sensor_msgs__rosidl_generator_py.dir/rosidl_generator_py/sensor_msgs/msg/_fluid_pressure_s.c.o[0m
[35.149s] [ 87%] [32mBuilding C object CMakeFiles/sensor_msgs__rosidl_generator_py.dir/rosidl_generator_py/sensor_msgs/msg/_illuminance_s.c.o[0m
[35.149s] [ 87%] [32mBuilding C object CMakeFiles/sensor_msgs__rosidl_generator_py.dir/rosidl_generator_py/sensor_msgs/msg/_joint_state_s.c.o[0m
[35.149s] [ 88%] [32mBuilding C object CMakeFiles/sensor_msgs__rosidl_generator_py.dir/rosidl_generator_py/sensor_msgs/msg/_imu_s.c.o[0m
[35.149s] [ 88%] [32mBuilding C object CMakeFiles/sensor_msgs__rosidl_generator_py.dir/rosidl_generator_py/sensor_msgs/msg/_compressed_image_s.c.o[0m
[35.149s] [ 88%] [32mBuilding C object CMakeFiles/sensor_msgs__rosidl_generator_py.dir/rosidl_generator_py/sensor_msgs/msg/_battery_state_s.c.o[0m
[35.150s] [ 88%] [32mBuilding C object CMakeFiles/sensor_msgs__rosidl_generator_py.dir/rosidl_generator_py/sensor_msgs/msg/_joy_feedback_s.c.o[0m
[35.150s] [ 90%] [32mBuilding C object CMakeFiles/sensor_msgs__rosidl_generator_py.dir/rosidl_generator_py/sensor_msgs/msg/_channel_float32_s.c.o[0m
[35.150s] [ 90%] [32mBuilding C object CMakeFiles/sensor_msgs__rosidl_generator_py.dir/rosidl_generator_py/sensor_msgs/msg/_joy_s.c.o[0m
[35.150s] [ 90%] [32mBuilding C object CMakeFiles/sensor_msgs__rosidl_generator_py.dir/rosidl_generator_py/sensor_msgs/msg/_image_s.c.o[0m
[35.150s] [ 90%] [32mBuilding C object CMakeFiles/sensor_msgs__rosidl_generator_py.dir/rosidl_generator_py/sensor_msgs/msg/_camera_info_s.c.o[0m
[35.282s] [ 90%] [32mBuilding C object CMakeFiles/sensor_msgs__rosidl_generator_py.dir/rosidl_generator_py/sensor_msgs/msg/_point_cloud_s.c.o[0m
[35.282s] [ 90%] [32mBuilding C object CMakeFiles/sensor_msgs__rosidl_generator_py.dir/rosidl_generator_py/sensor_msgs/msg/_point_field_s.c.o[0m
[35.282s] [ 90%] [32mBuilding C object CMakeFiles/sensor_msgs__rosidl_generator_py.dir/rosidl_generator_py/sensor_msgs/msg/_nav_sat_status_s.c.o[0m
[35.285s] [ 90%] [32mBuilding C object CMakeFiles/sensor_msgs__rosidl_generator_py.dir/rosidl_generator_py/sensor_msgs/msg/_region_of_interest_s.c.o[0m
[35.286s] [ 91%] [32mBuilding C object CMakeFiles/sensor_msgs__rosidl_generator_py.dir/rosidl_generator_py/sensor_msgs/msg/_range_s.c.o[0m
[35.289s] [ 91%] [32mBuilding C object CMakeFiles/sensor_msgs__rosidl_generator_py.dir/rosidl_generator_py/sensor_msgs/msg/_relative_humidity_s.c.o[0m
[35.291s] [ 93%] [32mBuilding C object CMakeFiles/sensor_msgs__rosidl_generator_py.dir/rosidl_generator_py/sensor_msgs/msg/_nav_sat_fix_s.c.o[0m
[35.292s] [ 93%] [32mBuilding C object CMakeFiles/sensor_msgs__rosidl_generator_py.dir/rosidl_generator_py/sensor_msgs/msg/_temperature_s.c.o[0m
[35.292s] [ 94%] [32mBuilding C object CMakeFiles/sensor_msgs__rosidl_generator_py.dir/rosidl_generator_py/sensor_msgs/msg/_point_cloud2_s.c.o[0m
[35.298s] [ 95%] [32mBuilding C object CMakeFiles/sensor_msgs__rosidl_generator_py.dir/rosidl_generator_py/sensor_msgs/srv/_set_camera_info_s.c.o[0m
[35.310s] [ 95%] [32mBuilding C object CMakeFiles/sensor_msgs__rosidl_generator_py.dir/rosidl_generator_py/sensor_msgs/msg/_time_reference_s.c.o[0m
[35.390s] [ 95%] [32mBuilding C object CMakeFiles/sensor_msgs__rosidl_generator_py.dir/rosidl_generator_py/sensor_msgs/msg/_multi_echo_laser_scan_s.c.o[0m
[35.397s] [ 95%] [32mBuilding C object CMakeFiles/sensor_msgs__rosidl_generator_py.dir/rosidl_generator_py/sensor_msgs/msg/_multi_dof_joint_state_s.c.o[0m
[35.399s] [ 96%] [32mBuilding C object CMakeFiles/sensor_msgs__rosidl_generator_py.dir/rosidl_generator_py/sensor_msgs/msg/_magnetic_field_s.c.o[0m
[35.407s] [ 97%] [32mBuilding C object CMakeFiles/sensor_msgs__rosidl_generator_py.dir/rosidl_generator_py/sensor_msgs/msg/_laser_echo_s.c.o[0m
[35.407s] [ 97%] [32mBuilding C object CMakeFiles/sensor_msgs__rosidl_generator_py.dir/rosidl_generator_py/sensor_msgs/msg/_laser_scan_s.c.o[0m
[35.413s] [ 97%] [32mBuilding C object CMakeFiles/sensor_msgs__rosidl_generator_py.dir/rosidl_generator_py/sensor_msgs/msg/_joy_feedback_array_s.c.o[0m
[35.512s] [ 97%] [32m[1mLinking C shared library rosidl_generator_py/sensor_msgs/libsensor_msgs__rosidl_generator_py.so[0m
[35.624s] [ 97%] Built target sensor_msgs__rosidl_generator_py
[35.643s] [ 98%] [32mBuilding C object CMakeFiles/sensor_msgs__rosidl_typesupport_introspection_c__pyext.dir/rosidl_generator_py/sensor_msgs/_sensor_msgs_s.ep.rosidl_typesupport_introspection_c.c.o[0m
[35.643s] [ 98%] [32mBuilding C object CMakeFiles/sensor_msgs__rosidl_typesupport_c__pyext.dir/rosidl_generator_py/sensor_msgs/_sensor_msgs_s.ep.rosidl_typesupport_c.c.o[0m
[35.644s] [ 98%] [32mBuilding C object CMakeFiles/sensor_msgs__rosidl_typesupport_fastrtps_c__pyext.dir/rosidl_generator_py/sensor_msgs/_sensor_msgs_s.ep.rosidl_typesupport_fastrtps_c.c.o[0m
[35.785s] [ 98%] [32m[1mLinking C shared library rosidl_generator_py/sensor_msgs/sensor_msgs_s__rosidl_typesupport_introspection_c.cpython-310-x86_64-linux-gnu.so[0m
[35.798s] [ 99%] [32m[1mLinking C shared library rosidl_generator_py/sensor_msgs/sensor_msgs_s__rosidl_typesupport_c.cpython-310-x86_64-linux-gnu.so[0m
[35.801s] [100%] [32m[1mLinking C shared library rosidl_generator_py/sensor_msgs/sensor_msgs_s__rosidl_typesupport_fastrtps_c.cpython-310-x86_64-linux-gnu.so[0m
[35.889s] [100%] Built target sensor_msgs__rosidl_typesupport_introspection_c__pyext
[35.894s] [100%] Built target sensor_msgs__rosidl_typesupport_c__pyext
[35.915s] [100%] Built target sensor_msgs__rosidl_typesupport_fastrtps_c__pyext
[35.931s] Invoked command in '/root/ros_ws/src/Rescue_Car_ws/build/sensor_msgs' returned '0': AMENT_PREFIX_PATH=/root/ros_ws/src/Rescue_Car_ws/install/geometry_msgs:/root/ros_ws/src/Rescue_Car_ws/install/std_msgs:/root/ros_ws/src/Rescue_Car_ws/install/builtin_interfaces:${AMENT_PREFIX_PATH} CMAKE_PREFIX_PATH=/root/ros_ws/src/Rescue_Car_ws/install/geometry_msgs:/root/ros_ws/src/Rescue_Car_ws/install/std_msgs:/root/ros_ws/src/Rescue_Car_ws/install/builtin_interfaces:/opt/ros/humble LD_LIBRARY_PATH=/root/ros_ws/src/Rescue_Car_ws/install/geometry_msgs/lib:/root/ros_ws/src/Rescue_Car_ws/install/std_msgs/lib:/root/ros_ws/src/Rescue_Car_ws/install/builtin_interfaces/lib:${LD_LIBRARY_PATH} PYTHONPATH=/root/ros_ws/src/Rescue_Car_ws/install/geometry_msgs/local/lib/python3.10/dist-packages:/root/ros_ws/src/Rescue_Car_ws/install/std_msgs/local/lib/python3.10/dist-packages:/root/ros_ws/src/Rescue_Car_ws/install/builtin_interfaces/local/lib/python3.10/dist-packages:${PYTHONPATH} /usr/bin/cmake --build /root/ros_ws/src/Rescue_Car_ws/build/sensor_msgs -- -j20 -l20
[35.934s] Invoking command in '/root/ros_ws/src/Rescue_Car_ws/build/sensor_msgs': AMENT_PREFIX_PATH=/root/ros_ws/src/Rescue_Car_ws/install/geometry_msgs:/root/ros_ws/src/Rescue_Car_ws/install/std_msgs:/root/ros_ws/src/Rescue_Car_ws/install/builtin_interfaces:${AMENT_PREFIX_PATH} CMAKE_PREFIX_PATH=/root/ros_ws/src/Rescue_Car_ws/install/geometry_msgs:/root/ros_ws/src/Rescue_Car_ws/install/std_msgs:/root/ros_ws/src/Rescue_Car_ws/install/builtin_interfaces:/opt/ros/humble LD_LIBRARY_PATH=/root/ros_ws/src/Rescue_Car_ws/install/geometry_msgs/lib:/root/ros_ws/src/Rescue_Car_ws/install/std_msgs/lib:/root/ros_ws/src/Rescue_Car_ws/install/builtin_interfaces/lib:${LD_LIBRARY_PATH} PYTHONPATH=/root/ros_ws/src/Rescue_Car_ws/install/geometry_msgs/local/lib/python3.10/dist-packages:/root/ros_ws/src/Rescue_Car_ws/install/std_msgs/local/lib/python3.10/dist-packages:/root/ros_ws/src/Rescue_Car_ws/install/builtin_interfaces/local/lib/python3.10/dist-packages:${PYTHONPATH} /usr/bin/cmake --install /root/ros_ws/src/Rescue_Car_ws/build/sensor_msgs
[35.942s] -- Install configuration: ""
[35.943s] -- Installing: /root/ros_ws/src/Rescue_Car_ws/install/sensor_msgs/share/ament_index/resource_index/rosidl_interfaces/sensor_msgs
[35.943s] -- Installing: /root/ros_ws/src/Rescue_Car_ws/install/sensor_msgs/include/sensor_msgs/sensor_msgs
[35.944s] -- Installing: /root/ros_ws/src/Rescue_Car_ws/install/sensor_msgs/include/sensor_msgs/sensor_msgs/srv
[35.944s] -- Installing: /root/ros_ws/src/Rescue_Car_ws/install/sensor_msgs/include/sensor_msgs/sensor_msgs/srv/set_camera_info.h
[35.944s] -- Installing: /root/ros_ws/src/Rescue_Car_ws/install/sensor_msgs/include/sensor_msgs/sensor_msgs/srv/detail
[35.945s] -- Installing: /root/ros_ws/src/Rescue_Car_ws/install/sensor_msgs/include/sensor_msgs/sensor_msgs/srv/detail/set_camera_info__functions.h
[35.945s] -- Installing: /root/ros_ws/src/Rescue_Car_ws/install/sensor_msgs/include/sensor_msgs/sensor_msgs/srv/detail/set_camera_info__type_support.h
[35.945s] -- Installing: /root/ros_ws/src/Rescue_Car_ws/install/sensor_msgs/include/sensor_msgs/sensor_msgs/srv/detail/set_camera_info__functions.c
[35.945s] -- Installing: /root/ros_ws/src/Rescue_Car_ws/install/sensor_msgs/include/sensor_msgs/sensor_msgs/srv/detail/set_camera_info__struct.h
[35.945s] -- Installing: /root/ros_ws/src/Rescue_Car_ws/install/sensor_msgs/include/sensor_msgs/sensor_msgs/msg
[35.945s] -- Installing: /root/ros_ws/src/Rescue_Car_ws/install/sensor_msgs/include/sensor_msgs/sensor_msgs/msg/point_field.h
[35.946s] -- Installing: /root/ros_ws/src/Rescue_Car_ws/install/sensor_msgs/include/sensor_msgs/sensor_msgs/msg/multi_dof_joint_state.h
[35.946s] -- Installing: /root/ros_ws/src/Rescue_Car_ws/install/sensor_msgs/include/sensor_msgs/sensor_msgs/msg/camera_info.h
[35.946s] -- Installing: /root/ros_ws/src/Rescue_Car_ws/install/sensor_msgs/include/sensor_msgs/sensor_msgs/msg/point_cloud.h
[35.946s] -- Installing: /root/ros_ws/src/Rescue_Car_ws/install/sensor_msgs/include/sensor_msgs/sensor_msgs/msg/range.h
[35.946s] -- Installing: /root/ros_ws/src/Rescue_Car_ws/install/sensor_msgs/include/sensor_msgs/sensor_msgs/msg/laser_echo.h
[35.947s] -- Installing: /root/ros_ws/src/Rescue_Car_ws/install/sensor_msgs/include/sensor_msgs/sensor_msgs/msg/illuminance.h
[35.947s] -- Installing: /root/ros_ws/src/Rescue_Car_ws/install/sensor_msgs/include/sensor_msgs/sensor_msgs/msg/multi_echo_laser_scan.h
[35.947s] -- Installing: /root/ros_ws/src/Rescue_Car_ws/install/sensor_msgs/include/sensor_msgs/sensor_msgs/msg/magnetic_field.h
[35.947s] -- Installing: /root/ros_ws/src/Rescue_Car_ws/install/sensor_msgs/include/sensor_msgs/sensor_msgs/msg/temperature.h
[35.947s] -- Installing: /root/ros_ws/src/Rescue_Car_ws/install/sensor_msgs/include/sensor_msgs/sensor_msgs/msg/battery_state.h
[35.948s] -- Installing: /root/ros_ws/src/Rescue_Car_ws/install/sensor_msgs/include/sensor_msgs/sensor_msgs/msg/fluid_pressure.h
[35.948s] -- Installing: /root/ros_ws/src/Rescue_Car_ws/install/sensor_msgs/include/sensor_msgs/sensor_msgs/msg/detail
[35.948s] -- Installing: /root/ros_ws/src/Rescue_Car_ws/install/sensor_msgs/include/sensor_msgs/sensor_msgs/msg/detail/multi_dof_joint_state__type_support.h
[35.948s] -- Installing: /root/ros_ws/src/Rescue_Car_ws/install/sensor_msgs/include/sensor_msgs/sensor_msgs/msg/detail/fluid_pressure__struct.h
[35.949s] -- Installing: /root/ros_ws/src/Rescue_Car_ws/install/sensor_msgs/include/sensor_msgs/sensor_msgs/msg/detail/battery_state__functions.h
[35.949s] -- Installing: /root/ros_ws/src/Rescue_Car_ws/install/sensor_msgs/include/sensor_msgs/sensor_msgs/msg/detail/point_field__functions.h
[35.949s] -- Installing: /root/ros_ws/src/Rescue_Car_ws/install/sensor_msgs/include/sensor_msgs/sensor_msgs/msg/detail/channel_float32__type_support.h
[35.949s] -- Installing: /root/ros_ws/src/Rescue_Car_ws/install/sensor_msgs/include/sensor_msgs/sensor_msgs/msg/detail/multi_dof_joint_state__functions.h
[35.949s] -- Installing: /root/ros_ws/src/Rescue_Car_ws/install/sensor_msgs/include/sensor_msgs/sensor_msgs/msg/detail/nav_sat_fix__functions.h
[35.949s] -- Installing: /root/ros_ws/src/Rescue_Car_ws/install/sensor_msgs/include/sensor_msgs/sensor_msgs/msg/detail/illuminance__type_support.h
[35.950s] -- Installing: /root/ros_ws/src/Rescue_Car_ws/install/sensor_msgs/include/sensor_msgs/sensor_msgs/msg/detail/fluid_pressure__functions.c
[35.950s] -- Installing: /root/ros_ws/src/Rescue_Car_ws/install/sensor_msgs/include/sensor_msgs/sensor_msgs/msg/detail/point_field__type_support.h
[35.950s] -- Installing: /root/ros_ws/src/Rescue_Car_ws/install/sensor_msgs/include/sensor_msgs/sensor_msgs/msg/detail/joy__functions.c
[35.950s] -- Installing: /root/ros_ws/src/Rescue_Car_ws/install/sensor_msgs/include/sensor_msgs/sensor_msgs/msg/detail/laser_echo__functions.h
[35.950s] -- Installing: /root/ros_ws/src/Rescue_Car_ws/install/sensor_msgs/include/sensor_msgs/sensor_msgs/msg/detail/point_cloud__struct.h
[35.950s] -- Installing: /root/ros_ws/src/Rescue_Car_ws/install/sensor_msgs/include/sensor_msgs/sensor_msgs/msg/detail/point_cloud2__functions.h
[35.950s] -- Installing: /root/ros_ws/src/Rescue_Car_ws/install/sensor_msgs/include/sensor_msgs/sensor_msgs/msg/detail/time_reference__functions.c
[35.950s] -- Installing: /root/ros_ws/src/Rescue_Car_ws/install/sensor_msgs/include/sensor_msgs/sensor_msgs/msg/detail/temperature__type_support.h
[35.951s] -- Installing: /root/ros_ws/src/Rescue_Car_ws/install/sensor_msgs/include/sensor_msgs/sensor_msgs/msg/detail/relative_humidity__functions.c
[35.951s] -- Installing: /root/ros_ws/src/Rescue_Car_ws/install/sensor_msgs/include/sensor_msgs/sensor_msgs/msg/detail/image__functions.h
[35.951s] -- Installing: /root/ros_ws/src/Rescue_Car_ws/install/sensor_msgs/include/sensor_msgs/sensor_msgs/msg/detail/joint_state__struct.h
[35.951s] -- Installing: /root/ros_ws/src/Rescue_Car_ws/install/sensor_msgs/include/sensor_msgs/sensor_msgs/msg/detail/image__functions.c
[35.951s] -- Installing: /root/ros_ws/src/Rescue_Car_ws/install/sensor_msgs/include/sensor_msgs/sensor_msgs/msg/detail/time_reference__struct.h
[35.951s] -- Installing: /root/ros_ws/src/Rescue_Car_ws/install/sensor_msgs/include/sensor_msgs/sensor_msgs/msg/detail/nav_sat_fix__struct.h
[35.951s] -- Installing: /root/ros_ws/src/Rescue_Car_ws/install/sensor_msgs/include/sensor_msgs/sensor_msgs/msg/detail/joy__struct.h
[35.951s] -- Installing: /root/ros_ws/src/Rescue_Car_ws/install/sensor_msgs/include/sensor_msgs/sensor_msgs/msg/detail/multi_echo_laser_scan__struct.h
[35.951s] -- Installing: /root/ros_ws/src/Rescue_Car_ws/install/sensor_msgs/include/sensor_msgs/sensor_msgs/msg/detail/multi_dof_joint_state__functions.c
[35.951s] -- Installing: /root/ros_ws/src/Rescue_Car_ws/install/sensor_msgs/include/sensor_msgs/sensor_msgs/msg/detail/compressed_image__type_support.h
[35.952s] -- Installing: /root/ros_ws/src/Rescue_Car_ws/install/sensor_msgs/include/sensor_msgs/sensor_msgs/msg/detail/joy__type_support.h
[35.952s] -- Installing: /root/ros_ws/src/Rescue_Car_ws/install/sensor_msgs/include/sensor_msgs/sensor_msgs/msg/detail/joy_feedback__functions.h
[35.952s] -- Installing: /root/ros_ws/src/Rescue_Car_ws/install/sensor_msgs/include/sensor_msgs/sensor_msgs/msg/detail/point_cloud2__type_support.h
[35.952s] -- Installing: /root/ros_ws/src/Rescue_Car_ws/install/sensor_msgs/include/sensor_msgs/sensor_msgs/msg/detail/compressed_image__struct.h
[35.952s] -- Installing: /root/ros_ws/src/Rescue_Car_ws/install/sensor_msgs/include/sensor_msgs/sensor_msgs/msg/detail/time_reference__functions.h
[35.952s] -- Installing: /root/ros_ws/src/Rescue_Car_ws/install/sensor_msgs/include/sensor_msgs/sensor_msgs/msg/detail/point_field__functions.c
[35.952s] -- Installing: /root/ros_ws/src/Rescue_Car_ws/install/sensor_msgs/include/sensor_msgs/sensor_msgs/msg/detail/joy_feedback_array__functions.c
[35.952s] -- Installing: /root/ros_ws/src/Rescue_Car_ws/install/sensor_msgs/include/sensor_msgs/sensor_msgs/msg/detail/battery_state__type_support.h
[35.953s] -- Installing: /root/ros_ws/src/Rescue_Car_ws/install/sensor_msgs/include/sensor_msgs/sensor_msgs/msg/detail/multi_echo_laser_scan__type_support.h
[35.953s] -- Installing: /root/ros_ws/src/Rescue_Car_ws/install/sensor_msgs/include/sensor_msgs/sensor_msgs/msg/detail/joint_state__functions.h
[35.953s] -- Installing: /root/ros_ws/src/Rescue_Car_ws/install/sensor_msgs/include/sensor_msgs/sensor_msgs/msg/detail/imu__struct.h
[35.953s] -- Installing: /root/ros_ws/src/Rescue_Car_ws/install/sensor_msgs/include/sensor_msgs/sensor_msgs/msg/detail/point_field__struct.h
[35.953s] -- Installing: /root/ros_ws/src/Rescue_Car_ws/install/sensor_msgs/include/sensor_msgs/sensor_msgs/msg/detail/compressed_image__functions.h
[35.953s] -- Installing: /root/ros_ws/src/Rescue_Car_ws/install/sensor_msgs/include/sensor_msgs/sensor_msgs/msg/detail/point_cloud__type_support.h
[35.954s] -- Installing: /root/ros_ws/src/Rescue_Car_ws/install/sensor_msgs/include/sensor_msgs/sensor_msgs/msg/detail/image__type_support.h
[35.954s] -- Installing: /root/ros_ws/src/Rescue_Car_ws/install/sensor_msgs/include/sensor_msgs/sensor_msgs/msg/detail/camera_info__functions.c
[35.954s] -- Installing: /root/ros_ws/src/Rescue_Car_ws/install/sensor_msgs/include/sensor_msgs/sensor_msgs/msg/detail/joy_feedback__struct.h
[35.954s] -- Installing: /root/ros_ws/src/Rescue_Car_ws/install/sensor_msgs/include/sensor_msgs/sensor_msgs/msg/detail/relative_humidity__struct.h
[35.954s] -- Installing: /root/ros_ws/src/Rescue_Car_ws/install/sensor_msgs/include/sensor_msgs/sensor_msgs/msg/detail/nav_sat_status__functions.c
[35.954s] -- Installing: /root/ros_ws/src/Rescue_Car_ws/install/sensor_msgs/include/sensor_msgs/sensor_msgs/msg/detail/laser_echo__struct.h
[35.955s] -- Installing: /root/ros_ws/src/Rescue_Car_ws/install/sensor_msgs/include/sensor_msgs/sensor_msgs/msg/detail/fluid_pressure__type_support.h
[35.955s] -- Installing: /root/ros_ws/src/Rescue_Car_ws/install/sensor_msgs/include/sensor_msgs/sensor_msgs/msg/detail/nav_sat_status__struct.h
[35.955s] -- Installing: /root/ros_ws/src/Rescue_Car_ws/install/sensor_msgs/include/sensor_msgs/sensor_msgs/msg/detail/nav_sat_fix__type_support.h
[35.955s] -- Installing: /root/ros_ws/src/Rescue_Car_ws/install/sensor_msgs/include/sensor_msgs/sensor_msgs/msg/detail/imu__functions.c
[35.956s] -- Installing: /root/ros_ws/src/Rescue_Car_ws/install/sensor_msgs/include/sensor_msgs/sensor_msgs/msg/detail/point_cloud__functions.h
[35.956s] -- Installing: /root/ros_ws/src/Rescue_Car_ws/install/sensor_msgs/include/sensor_msgs/sensor_msgs/msg/detail/joy_feedback_array__type_support.h
[35.956s] -- Installing: /root/ros_ws/src/Rescue_Car_ws/install/sensor_msgs/include/sensor_msgs/sensor_msgs/msg/detail/magnetic_field__functions.h
[35.957s] -- Installing: /root/ros_ws/src/Rescue_Car_ws/install/sensor_msgs/include/sensor_msgs/sensor_msgs/msg/detail/point_cloud__functions.c
[35.957s] -- Installing: /root/ros_ws/src/Rescue_Car_ws/install/sensor_msgs/include/sensor_msgs/sensor_msgs/msg/detail/region_of_interest__functions.h
[35.957s] -- Installing: /root/ros_ws/src/Rescue_Car_ws/install/sensor_msgs/include/sensor_msgs/sensor_msgs/msg/detail/laser_scan__type_support.h
[35.957s] -- Installing: /root/ros_ws/src/Rescue_Car_ws/install/sensor_msgs/include/sensor_msgs/sensor_msgs/msg/detail/relative_humidity__type_support.h
[35.957s] -- Installing: /root/ros_ws/src/Rescue_Car_ws/install/sensor_msgs/include/sensor_msgs/sensor_msgs/msg/detail/laser_scan__struct.h
[35.957s] -- Installing: /root/ros_ws/src/Rescue_Car_ws/install/sensor_msgs/include/sensor_msgs/sensor_msgs/msg/detail/point_cloud2__functions.c
[35.958s] -- Installing: /root/ros_ws/src/Rescue_Car_ws/install/sensor_msgs/include/sensor_msgs/sensor_msgs/msg/detail/range__functions.c
[35.958s] -- Installing: /root/ros_ws/src/Rescue_Car_ws/install/sensor_msgs/include/sensor_msgs/sensor_msgs/msg/detail/joy_feedback__functions.c
[35.958s] -- Installing: /root/ros_ws/src/Rescue_Car_ws/install/sensor_msgs/include/sensor_msgs/sensor_msgs/msg/detail/range__type_support.h
[35.958s] -- Installing: /root/ros_ws/src/Rescue_Car_ws/install/sensor_msgs/include/sensor_msgs/sensor_msgs/msg/detail/illuminance__functions.h
[35.958s] -- Installing: /root/ros_ws/src/Rescue_Car_ws/install/sensor_msgs/include/sensor_msgs/sensor_msgs/msg/detail/nav_sat_fix__functions.c
[35.958s] -- Installing: /root/ros_ws/src/Rescue_Car_ws/install/sensor_msgs/include/sensor_msgs/sensor_msgs/msg/detail/image__struct.h
[35.958s] -- Installing: /root/ros_ws/src/Rescue_Car_ws/install/sensor_msgs/include/sensor_msgs/sensor_msgs/msg/detail/channel_float32__functions.c
[35.959s] -- Installing: /root/ros_ws/src/Rescue_Car_ws/install/sensor_msgs/include/sensor_msgs/sensor_msgs/msg/detail/relative_humidity__functions.h
[35.959s] -- Installing: /root/ros_ws/src/Rescue_Car_ws/install/sensor_msgs/include/sensor_msgs/sensor_msgs/msg/detail/imu__type_support.h
[35.959s] -- Installing: /root/ros_ws/src/Rescue_Car_ws/install/sensor_msgs/include/sensor_msgs/sensor_msgs/msg/detail/temperature__functions.h
[35.959s] -- Installing: /root/ros_ws/src/Rescue_Car_ws/install/sensor_msgs/include/sensor_msgs/sensor_msgs/msg/detail/multi_echo_laser_scan__functions.h
[35.959s] -- Installing: /root/ros_ws/src/Rescue_Car_ws/install/sensor_msgs/include/sensor_msgs/sensor_msgs/msg/detail/laser_scan__functions.h
[35.959s] -- Installing: /root/ros_ws/src/Rescue_Car_ws/install/sensor_msgs/include/sensor_msgs/sensor_msgs/msg/detail/multi_dof_joint_state__struct.h
[35.959s] -- Installing: /root/ros_ws/src/Rescue_Car_ws/install/sensor_msgs/include/sensor_msgs/sensor_msgs/msg/detail/range__struct.h
[35.959s] -- Installing: /root/ros_ws/src/Rescue_Car_ws/install/sensor_msgs/include/sensor_msgs/sensor_msgs/msg/detail/joy_feedback__type_support.h
[35.959s] -- Installing: /root/ros_ws/src/Rescue_Car_ws/install/sensor_msgs/include/sensor_msgs/sensor_msgs/msg/detail/nav_sat_status__functions.h
[35.959s] -- Installing: /root/ros_ws/src/Rescue_Car_ws/install/sensor_msgs/include/sensor_msgs/sensor_msgs/msg/detail/battery_state__struct.h
[35.959s] -- Installing: /root/ros_ws/src/Rescue_Car_ws/install/sensor_msgs/include/sensor_msgs/sensor_msgs/msg/detail/region_of_interest__struct.h
[35.960s] -- Installing: /root/ros_ws/src/Rescue_Car_ws/install/sensor_msgs/include/sensor_msgs/sensor_msgs/msg/detail/magnetic_field__struct.h
[35.960s] -- Installing: /root/ros_ws/src/Rescue_Car_ws/install/sensor_msgs/include/sensor_msgs/sensor_msgs/msg/detail/temperature__struct.h
[35.960s] -- Installing: /root/ros_ws/src/Rescue_Car_ws/install/sensor_msgs/include/sensor_msgs/sensor_msgs/msg/detail/compressed_image__functions.c
[35.960s] -- Installing: /root/ros_ws/src/Rescue_Car_ws/install/sensor_msgs/include/sensor_msgs/sensor_msgs/msg/detail/joy__functions.h
[35.960s] -- Installing: /root/ros_ws/src/Rescue_Car_ws/install/sensor_msgs/include/sensor_msgs/sensor_msgs/msg/detail/laser_scan__functions.c
[35.960s] -- Installing: /root/ros_ws/src/Rescue_Car_ws/install/sensor_msgs/include/sensor_msgs/sensor_msgs/msg/detail/region_of_interest__type_support.h
[35.960s] -- Installing: /root/ros_ws/src/Rescue_Car_ws/install/sensor_msgs/include/sensor_msgs/sensor_msgs/msg/detail/laser_echo__functions.c
[35.960s] -- Installing: /root/ros_ws/src/Rescue_Car_ws/install/sensor_msgs/include/sensor_msgs/sensor_msgs/msg/detail/illuminance__struct.h
[35.960s] -- Installing: /root/ros_ws/src/Rescue_Car_ws/install/sensor_msgs/include/sensor_msgs/sensor_msgs/msg/detail/magnetic_field__type_support.h
[35.960s] -- Installing: /root/ros_ws/src/Rescue_Car_ws/install/sensor_msgs/include/sensor_msgs/sensor_msgs/msg/detail/imu__functions.h
[35.960s] -- Installing: /root/ros_ws/src/Rescue_Car_ws/install/sensor_msgs/include/sensor_msgs/sensor_msgs/msg/detail/laser_echo__type_support.h
[35.960s] -- Installing: /root/ros_ws/src/Rescue_Car_ws/install/sensor_msgs/include/sensor_msgs/sensor_msgs/msg/detail/temperature__functions.c
[35.961s] -- Installing: /root/ros_ws/src/Rescue_Car_ws/install/sensor_msgs/include/sensor_msgs/sensor_msgs/msg/detail/joy_feedback_array__struct.h
[35.961s] -- Installing: /root/ros_ws/src/Rescue_Car_ws/install/sensor_msgs/include/sensor_msgs/sensor_msgs/msg/detail/illuminance__functions.c
[35.961s] -- Installing: /root/ros_ws/src/Rescue_Car_ws/install/sensor_msgs/include/sensor_msgs/sensor_msgs/msg/detail/magnetic_field__functions.c
[35.961s] -- Installing: /root/ros_ws/src/Rescue_Car_ws/install/sensor_msgs/include/sensor_msgs/sensor_msgs/msg/detail/channel_float32__struct.h
[35.961s] -- Installing: /root/ros_ws/src/Rescue_Car_ws/install/sensor_msgs/include/sensor_msgs/sensor_msgs/msg/detail/range__functions.h
[35.961s] -- Installing: /root/ros_ws/src/Rescue_Car_ws/install/sensor_msgs/include/sensor_msgs/sensor_msgs/msg/detail/channel_float32__functions.h
[35.961s] -- Installing: /root/ros_ws/src/Rescue_Car_ws/install/sensor_msgs/include/sensor_msgs/sensor_msgs/msg/detail/fluid_pressure__functions.h
[35.961s] -- Installing: /root/ros_ws/src/Rescue_Car_ws/install/sensor_msgs/include/sensor_msgs/sensor_msgs/msg/detail/joint_state__functions.c
[35.961s] -- Installing: /root/ros_ws/src/Rescue_Car_ws/install/sensor_msgs/include/sensor_msgs/sensor_msgs/msg/detail/joy_feedback_array__functions.h
[35.962s] -- Installing: /root/ros_ws/src/Rescue_Car_ws/install/sensor_msgs/include/sensor_msgs/sensor_msgs/msg/detail/point_cloud2__struct.h
[35.962s] -- Installing: /root/ros_ws/src/Rescue_Car_ws/install/sensor_msgs/include/sensor_msgs/sensor_msgs/msg/detail/multi_echo_laser_scan__functions.c
[35.962s] -- Installing: /root/ros_ws/src/Rescue_Car_ws/install/sensor_msgs/include/sensor_msgs/sensor_msgs/msg/detail/battery_state__functions.c
[35.962s] -- Installing: /root/ros_ws/src/Rescue_Car_ws/install/sensor_msgs/include/sensor_msgs/sensor_msgs/msg/detail/region_of_interest__functions.c
[35.962s] -- Installing: /root/ros_ws/src/Rescue_Car_ws/install/sensor_msgs/include/sensor_msgs/sensor_msgs/msg/detail/nav_sat_status__type_support.h
[35.963s] -- Installing: /root/ros_ws/src/Rescue_Car_ws/install/sensor_msgs/include/sensor_msgs/sensor_msgs/msg/detail/camera_info__functions.h
[35.963s] -- Installing: /root/ros_ws/src/Rescue_Car_ws/install/sensor_msgs/include/sensor_msgs/sensor_msgs/msg/detail/joint_state__type_support.h
[35.963s] -- Installing: /root/ros_ws/src/Rescue_Car_ws/install/sensor_msgs/include/sensor_msgs/sensor_msgs/msg/detail/camera_info__struct.h
[35.963s] -- Installing: /root/ros_ws/src/Rescue_Car_ws/install/sensor_msgs/include/sensor_msgs/sensor_msgs/msg/detail/time_reference__type_support.h
[35.963s] -- Installing: /root/ros_ws/src/Rescue_Car_ws/install/sensor_msgs/include/sensor_msgs/sensor_msgs/msg/detail/camera_info__type_support.h
[35.963s] -- Installing: /root/ros_ws/src/Rescue_Car_ws/install/sensor_msgs/include/sensor_msgs/sensor_msgs/msg/laser_scan.h
[35.963s] -- Installing: /root/ros_ws/src/Rescue_Car_ws/install/sensor_msgs/include/sensor_msgs/sensor_msgs/msg/joint_state.h
[35.963s] -- Installing: /root/ros_ws/src/Rescue_Car_ws/install/sensor_msgs/include/sensor_msgs/sensor_msgs/msg/joy.h
[35.964s] -- Installing: /root/ros_ws/src/Rescue_Car_ws/install/sensor_msgs/include/sensor_msgs/sensor_msgs/msg/imu.h
[35.964s] -- Installing: /root/ros_ws/src/Rescue_Car_ws/install/sensor_msgs/include/sensor_msgs/sensor_msgs/msg/time_reference.h
[35.964s] -- Installing: /root/ros_ws/src/Rescue_Car_ws/install/sensor_msgs/include/sensor_msgs/sensor_msgs/msg/nav_sat_status.h
[35.964s] -- Installing: /root/ros_ws/src/Rescue_Car_ws/install/sensor_msgs/include/sensor_msgs/sensor_msgs/msg/channel_float32.h
[35.965s] -- Installing: /root/ros_ws/src/Rescue_Car_ws/install/sensor_msgs/include/sensor_msgs/sensor_msgs/msg/region_of_interest.h
[35.965s] -- Installing: /root/ros_ws/src/Rescue_Car_ws/install/sensor_msgs/include/sensor_msgs/sensor_msgs/msg/nav_sat_fix.h
[35.965s] -- Installing: /root/ros_ws/src/Rescue_Car_ws/install/sensor_msgs/include/sensor_msgs/sensor_msgs/msg/rosidl_generator_c__visibility_control.h
[35.965s] -- Installing: /root/ros_ws/src/Rescue_Car_ws/install/sensor_msgs/include/sensor_msgs/sensor_msgs/msg/joy_feedback_array.h
[35.965s] -- Installing: /root/ros_ws/src/Rescue_Car_ws/install/sensor_msgs/include/sensor_msgs/sensor_msgs/msg/compressed_image.h
[35.965s] -- Installing: /root/ros_ws/src/Rescue_Car_ws/install/sensor_msgs/include/sensor_msgs/sensor_msgs/msg/point_cloud2.h
[35.966s] -- Installing: /root/ros_ws/src/Rescue_Car_ws/install/sensor_msgs/include/sensor_msgs/sensor_msgs/msg/relative_humidity.h
[35.966s] -- Installing: /root/ros_ws/src/Rescue_Car_ws/install/sensor_msgs/include/sensor_msgs/sensor_msgs/msg/joy_feedback.h
[35.966s] -- Installing: /root/ros_ws/src/Rescue_Car_ws/install/sensor_msgs/include/sensor_msgs/sensor_msgs/msg/image.h
[35.966s] -- Installing: /root/ros_ws/src/Rescue_Car_ws/install/sensor_msgs/share/sensor_msgs/environment/library_path.sh
[35.966s] -- Installing: /root/ros_ws/src/Rescue_Car_ws/install/sensor_msgs/share/sensor_msgs/environment/library_path.dsv
[35.967s] -- Installing: /root/ros_ws/src/Rescue_Car_ws/install/sensor_msgs/lib/libsensor_msgs__rosidl_generator_c.so
[35.967s] -- Set runtime path of "/root/ros_ws/src/Rescue_Car_ws/install/sensor_msgs/lib/libsensor_msgs__rosidl_generator_c.so" to ""
[35.967s] -- Up-to-date: /root/ros_ws/src/Rescue_Car_ws/install/sensor_msgs/include/sensor_msgs/sensor_msgs
[35.967s] -- Up-to-date: /root/ros_ws/src/Rescue_Car_ws/install/sensor_msgs/include/sensor_msgs/sensor_msgs/srv
[35.967s] -- Up-to-date: /root/ros_ws/src/Rescue_Car_ws/install/sensor_msgs/include/sensor_msgs/sensor_msgs/srv/detail
[35.968s] -- Installing: /root/ros_ws/src/Rescue_Car_ws/install/sensor_msgs/include/sensor_msgs/sensor_msgs/srv/detail/set_camera_info__rosidl_typesupport_fastrtps_c.h
[35.968s] -- Up-to-date: /root/ros_ws/src/Rescue_Car_ws/install/sensor_msgs/include/sensor_msgs/sensor_msgs/msg
[35.968s] -- Up-to-date: /root/ros_ws/src/Rescue_Car_ws/install/sensor_msgs/include/sensor_msgs/sensor_msgs/msg/detail
[35.968s] -- Installing: /root/ros_ws/src/Rescue_Car_ws/install/sensor_msgs/include/sensor_msgs/sensor_msgs/msg/detail/point_cloud__rosidl_typesupport_fastrtps_c.h
[35.969s] -- Installing: /root/ros_ws/src/Rescue_Car_ws/install/sensor_msgs/include/sensor_msgs/sensor_msgs/msg/detail/fluid_pressure__rosidl_typesupport_fastrtps_c.h
[35.969s] -- Installing: /root/ros_ws/src/Rescue_Car_ws/install/sensor_msgs/include/sensor_msgs/sensor_msgs/msg/detail/joy_feedback_array__rosidl_typesupport_fastrtps_c.h
[35.969s] -- Installing: /root/ros_ws/src/Rescue_Car_ws/install/sensor_msgs/include/sensor_msgs/sensor_msgs/msg/detail/time_reference__rosidl_typesupport_fastrtps_c.h
[35.969s] -- Installing: /root/ros_ws/src/Rescue_Car_ws/install/sensor_msgs/include/sensor_msgs/sensor_msgs/msg/detail/temperature__rosidl_typesupport_fastrtps_c.h
[35.969s] -- Installing: /root/ros_ws/src/Rescue_Car_ws/install/sensor_msgs/include/sensor_msgs/sensor_msgs/msg/detail/battery_state__rosidl_typesupport_fastrtps_c.h
[35.969s] -- Installing: /root/ros_ws/src/Rescue_Car_ws/install/sensor_msgs/include/sensor_msgs/sensor_msgs/msg/detail/illuminance__rosidl_typesupport_fastrtps_c.h
[35.969s] -- Installing: /root/ros_ws/src/Rescue_Car_ws/install/sensor_msgs/include/sensor_msgs/sensor_msgs/msg/detail/range__rosidl_typesupport_fastrtps_c.h
[35.969s] -- Installing: /root/ros_ws/src/Rescue_Car_ws/install/sensor_msgs/include/sensor_msgs/sensor_msgs/msg/detail/point_cloud2__rosidl_typesupport_fastrtps_c.h
[35.969s] -- Installing: /root/ros_ws/src/Rescue_Car_ws/install/sensor_msgs/include/sensor_msgs/sensor_msgs/msg/detail/imu__rosidl_typesupport_fastrtps_c.h
[35.970s] -- Installing: /root/ros_ws/src/Rescue_Car_ws/install/sensor_msgs/include/sensor_msgs/sensor_msgs/msg/detail/joint_state__rosidl_typesupport_fastrtps_c.h
[35.970s] -- Installing: /root/ros_ws/src/Rescue_Car_ws/install/sensor_msgs/include/sensor_msgs/sensor_msgs/msg/detail/magnetic_field__rosidl_typesupport_fastrtps_c.h
[35.970s] -- Installing: /root/ros_ws/src/Rescue_Car_ws/install/sensor_msgs/include/sensor_msgs/sensor_msgs/msg/detail/channel_float32__rosidl_typesupport_fastrtps_c.h
[35.970s] -- Installing: /root/ros_ws/src/Rescue_Car_ws/install/sensor_msgs/include/sensor_msgs/sensor_msgs/msg/detail/point_field__rosidl_typesupport_fastrtps_c.h
[35.970s] -- Installing: /root/ros_ws/src/Rescue_Car_ws/install/sensor_msgs/include/sensor_msgs/sensor_msgs/msg/detail/multi_dof_joint_state__rosidl_typesupport_fastrtps_c.h
[35.971s] -- Installing: /root/ros_ws/src/Rescue_Car_ws/install/sensor_msgs/include/sensor_msgs/sensor_msgs/msg/detail/joy_feedback__rosidl_typesupport_fastrtps_c.h
[35.971s] -- Installing: /root/ros_ws/src/Rescue_Car_ws/install/sensor_msgs/include/sensor_msgs/sensor_msgs/msg/detail/nav_sat_status__rosidl_typesupport_fastrtps_c.h
[35.971s] -- Installing: /root/ros_ws/src/Rescue_Car_ws/install/sensor_msgs/include/sensor_msgs/sensor_msgs/msg/detail/camera_info__rosidl_typesupport_fastrtps_c.h
[35.971s] -- Installing: /root/ros_ws/src/Rescue_Car_ws/install/sensor_msgs/include/sensor_msgs/sensor_msgs/msg/detail/laser_echo__rosidl_typesupport_fastrtps_c.h
[35.971s] -- Installing: /root/ros_ws/src/Rescue_Car_ws/install/sensor_msgs/include/sensor_msgs/sensor_msgs/msg/detail/nav_sat_fix__rosidl_typesupport_fastrtps_c.h
[35.971s] -- Installing: /root/ros_ws/src/Rescue_Car_ws/install/sensor_msgs/include/sensor_msgs/sensor_msgs/msg/detail/image__rosidl_typesupport_fastrtps_c.h
[35.972s] -- Installing: /root/ros_ws/src/Rescue_Car_ws/install/sensor_msgs/include/sensor_msgs/sensor_msgs/msg/detail/joy__rosidl_typesupport_fastrtps_c.h
[35.972s] -- Installing: /root/ros_ws/src/Rescue_Car_ws/install/sensor_msgs/include/sensor_msgs/sensor_msgs/msg/detail/compressed_image__rosidl_typesupport_fastrtps_c.h
[35.972s] -- Installing: /root/ros_ws/src/Rescue_Car_ws/install/sensor_msgs/include/sensor_msgs/sensor_msgs/msg/detail/laser_scan__rosidl_typesupport_fastrtps_c.h
[35.972s] -- Installing: /root/ros_ws/src/Rescue_Car_ws/install/sensor_msgs/include/sensor_msgs/sensor_msgs/msg/detail/relative_humidity__rosidl_typesupport_fastrtps_c.h
[35.973s] -- Installing: /root/ros_ws/src/Rescue_Car_ws/install/sensor_msgs/include/sensor_msgs/sensor_msgs/msg/detail/region_of_interest__rosidl_typesupport_fastrtps_c.h
[35.973s] -- Installing: /root/ros_ws/src/Rescue_Car_ws/install/sensor_msgs/include/sensor_msgs/sensor_msgs/msg/detail/multi_echo_laser_scan__rosidl_typesupport_fastrtps_c.h
[35.973s] -- Installing: /root/ros_ws/src/Rescue_Car_ws/install/sensor_msgs/include/sensor_msgs/sensor_msgs/msg/rosidl_typesupport_fastrtps_c__visibility_control.h
[35.973s] -- Installing: /root/ros_ws/src/Rescue_Car_ws/install/sensor_msgs/lib/libsensor_msgs__rosidl_typesupport_fastrtps_c.so
[35.973s] -- Set runtime path of "/root/ros_ws/src/Rescue_Car_ws/install/sensor_msgs/lib/libsensor_msgs__rosidl_typesupport_fastrtps_c.so" to ""
[35.974s] -- Up-to-date: /root/ros_ws/src/Rescue_Car_ws/install/sensor_msgs/include/sensor_msgs/sensor_msgs
[35.974s] -- Up-to-date: /root/ros_ws/src/Rescue_Car_ws/install/sensor_msgs/include/sensor_msgs/sensor_msgs/srv
[35.974s] -- Up-to-date: /root/ros_ws/src/Rescue_Car_ws/install/sensor_msgs/include/sensor_msgs/sensor_msgs/srv/detail
[35.974s] -- Installing: /root/ros_ws/src/Rescue_Car_ws/install/sensor_msgs/include/sensor_msgs/sensor_msgs/srv/detail/set_camera_info__builder.hpp
[35.975s] -- Installing: /root/ros_ws/src/Rescue_Car_ws/install/sensor_msgs/include/sensor_msgs/sensor_msgs/srv/detail/set_camera_info__struct.hpp
[35.975s] -- Installing: /root/ros_ws/src/Rescue_Car_ws/install/sensor_msgs/include/sensor_msgs/sensor_msgs/srv/detail/set_camera_info__traits.hpp
[35.975s] -- Installing: /root/ros_ws/src/Rescue_Car_ws/install/sensor_msgs/include/sensor_msgs/sensor_msgs/srv/detail/set_camera_info__type_support.hpp
[35.975s] -- Installing: /root/ros_ws/src/Rescue_Car_ws/install/sensor_msgs/include/sensor_msgs/sensor_msgs/srv/set_camera_info.hpp
[35.975s] -- Up-to-date: /root/ros_ws/src/Rescue_Car_ws/install/sensor_msgs/include/sensor_msgs/sensor_msgs/msg
[35.976s] -- Installing: /root/ros_ws/src/Rescue_Car_ws/install/sensor_msgs/include/sensor_msgs/sensor_msgs/msg/joy.hpp
[35.976s] -- Installing: /root/ros_ws/src/Rescue_Car_ws/install/sensor_msgs/include/sensor_msgs/sensor_msgs/msg/joy_feedback.hpp
[35.976s] -- Installing: /root/ros_ws/src/Rescue_Car_ws/install/sensor_msgs/include/sensor_msgs/sensor_msgs/msg/multi_dof_joint_state.hpp
[35.976s] -- Installing: /root/ros_ws/src/Rescue_Car_ws/install/sensor_msgs/include/sensor_msgs/sensor_msgs/msg/range.hpp
[35.976s] -- Installing: /root/ros_ws/src/Rescue_Car_ws/install/sensor_msgs/include/sensor_msgs/sensor_msgs/msg/relative_humidity.hpp
[35.976s] -- Installing: /root/ros_ws/src/Rescue_Car_ws/install/sensor_msgs/include/sensor_msgs/sensor_msgs/msg/rosidl_generator_cpp__visibility_control.hpp
[35.976s] -- Installing: /root/ros_ws/src/Rescue_Car_ws/install/sensor_msgs/include/sensor_msgs/sensor_msgs/msg/imu.hpp
[35.976s] -- Installing: /root/ros_ws/src/Rescue_Car_ws/install/sensor_msgs/include/sensor_msgs/sensor_msgs/msg/laser_scan.hpp
[35.976s] -- Installing: /root/ros_ws/src/Rescue_Car_ws/install/sensor_msgs/include/sensor_msgs/sensor_msgs/msg/image.hpp
[35.977s] -- Installing: /root/ros_ws/src/Rescue_Car_ws/install/sensor_msgs/include/sensor_msgs/sensor_msgs/msg/point_cloud.hpp
[35.977s] -- Installing: /root/ros_ws/src/Rescue_Car_ws/install/sensor_msgs/include/sensor_msgs/sensor_msgs/msg/camera_info.hpp
[35.977s] -- Installing: /root/ros_ws/src/Rescue_Car_ws/install/sensor_msgs/include/sensor_msgs/sensor_msgs/msg/magnetic_field.hpp
[35.977s] -- Installing: /root/ros_ws/src/Rescue_Car_ws/install/sensor_msgs/include/sensor_msgs/sensor_msgs/msg/region_of_interest.hpp
[35.977s] -- Installing: /root/ros_ws/src/Rescue_Car_ws/install/sensor_msgs/include/sensor_msgs/sensor_msgs/msg/point_cloud2.hpp
[35.978s] -- Installing: /root/ros_ws/src/Rescue_Car_ws/install/sensor_msgs/include/sensor_msgs/sensor_msgs/msg/compressed_image.hpp
[35.978s] -- Installing: /root/ros_ws/src/Rescue_Car_ws/install/sensor_msgs/include/sensor_msgs/sensor_msgs/msg/time_reference.hpp
[35.978s] -- Installing: /root/ros_ws/src/Rescue_Car_ws/install/sensor_msgs/include/sensor_msgs/sensor_msgs/msg/temperature.hpp
[35.978s] -- Up-to-date: /root/ros_ws/src/Rescue_Car_ws/install/sensor_msgs/include/sensor_msgs/sensor_msgs/msg/detail
[35.979s] -- Installing: /root/ros_ws/src/Rescue_Car_ws/install/sensor_msgs/include/sensor_msgs/sensor_msgs/msg/detail/point_cloud2__type_support.hpp
[35.979s] -- Installing: /root/ros_ws/src/Rescue_Car_ws/install/sensor_msgs/include/sensor_msgs/sensor_msgs/msg/detail/joy_feedback_array__traits.hpp
[35.979s] -- Installing: /root/ros_ws/src/Rescue_Car_ws/install/sensor_msgs/include/sensor_msgs/sensor_msgs/msg/detail/multi_echo_laser_scan__builder.hpp
[35.979s] -- Installing: /root/ros_ws/src/Rescue_Car_ws/install/sensor_msgs/include/sensor_msgs/sensor_msgs/msg/detail/joy__struct.hpp
[35.979s] -- Installing: /root/ros_ws/src/Rescue_Car_ws/install/sensor_msgs/include/sensor_msgs/sensor_msgs/msg/detail/illuminance__builder.hpp
[35.980s] -- Installing: /root/ros_ws/src/Rescue_Car_ws/install/sensor_msgs/include/sensor_msgs/sensor_msgs/msg/detail/joy_feedback__builder.hpp
[35.980s] -- Installing: /root/ros_ws/src/Rescue_Car_ws/install/sensor_msgs/include/sensor_msgs/sensor_msgs/msg/detail/nav_sat_fix__struct.hpp
[35.980s] -- Installing: /root/ros_ws/src/Rescue_Car_ws/install/sensor_msgs/include/sensor_msgs/sensor_msgs/msg/detail/joy_feedback_array__type_support.hpp
[35.980s] -- Installing: /root/ros_ws/src/Rescue_Car_ws/install/sensor_msgs/include/sensor_msgs/sensor_msgs/msg/detail/joint_state__traits.hpp
[35.981s] -- Installing: /root/ros_ws/src/Rescue_Car_ws/install/sensor_msgs/include/sensor_msgs/sensor_msgs/msg/detail/nav_sat_status__struct.hpp
[35.981s] -- Installing: /root/ros_ws/src/Rescue_Car_ws/install/sensor_msgs/include/sensor_msgs/sensor_msgs/msg/detail/laser_echo__traits.hpp
[35.981s] -- Installing: /root/ros_ws/src/Rescue_Car_ws/install/sensor_msgs/include/sensor_msgs/sensor_msgs/msg/detail/fluid_pressure__struct.hpp
[35.981s] -- Installing: /root/ros_ws/src/Rescue_Car_ws/install/sensor_msgs/include/sensor_msgs/sensor_msgs/msg/detail/time_reference__type_support.hpp
[35.981s] -- Installing: /root/ros_ws/src/Rescue_Car_ws/install/sensor_msgs/include/sensor_msgs/sensor_msgs/msg/detail/multi_echo_laser_scan__traits.hpp
[35.982s] -- Installing: /root/ros_ws/src/Rescue_Car_ws/install/sensor_msgs/include/sensor_msgs/sensor_msgs/msg/detail/laser_scan__type_support.hpp
[35.982s] -- Installing: /root/ros_ws/src/Rescue_Car_ws/install/sensor_msgs/include/sensor_msgs/sensor_msgs/msg/detail/camera_info__type_support.hpp
[35.982s] -- Installing: /root/ros_ws/src/Rescue_Car_ws/install/sensor_msgs/include/sensor_msgs/sensor_msgs/msg/detail/range__builder.hpp
[35.982s] -- Installing: /root/ros_ws/src/Rescue_Car_ws/install/sensor_msgs/include/sensor_msgs/sensor_msgs/msg/detail/camera_info__traits.hpp
[35.983s] -- Installing: /root/ros_ws/src/Rescue_Car_ws/install/sensor_msgs/include/sensor_msgs/sensor_msgs/msg/detail/temperature__type_support.hpp
[35.983s] -- Installing: /root/ros_ws/src/Rescue_Car_ws/install/sensor_msgs/include/sensor_msgs/sensor_msgs/msg/detail/time_reference__traits.hpp
[35.983s] -- Installing: /root/ros_ws/src/Rescue_Car_ws/install/sensor_msgs/include/sensor_msgs/sensor_msgs/msg/detail/point_field__traits.hpp
[35.983s] -- Installing: /root/ros_ws/src/Rescue_Car_ws/install/sensor_msgs/include/sensor_msgs/sensor_msgs/msg/detail/time_reference__builder.hpp
[35.983s] -- Installing: /root/ros_ws/src/Rescue_Car_ws/install/sensor_msgs/include/sensor_msgs/sensor_msgs/msg/detail/relative_humidity__builder.hpp
[35.983s] -- Installing: /root/ros_ws/src/Rescue_Car_ws/install/sensor_msgs/include/sensor_msgs/sensor_msgs/msg/detail/region_of_interest__type_support.hpp
[35.983s] -- Installing: /root/ros_ws/src/Rescue_Car_ws/install/sensor_msgs/include/sensor_msgs/sensor_msgs/msg/detail/temperature__struct.hpp
[35.984s] -- Installing: /root/ros_ws/src/Rescue_Car_ws/install/sensor_msgs/include/sensor_msgs/sensor_msgs/msg/detail/laser_echo__type_support.hpp
[35.984s] -- Installing: /root/ros_ws/src/Rescue_Car_ws/install/sensor_msgs/include/sensor_msgs/sensor_msgs/msg/detail/channel_float32__struct.hpp
[35.984s] -- Installing: /root/ros_ws/src/Rescue_Car_ws/install/sensor_msgs/include/sensor_msgs/sensor_msgs/msg/detail/relative_humidity__type_support.hpp
[35.984s] -- Installing: /root/ros_ws/src/Rescue_Car_ws/install/sensor_msgs/include/sensor_msgs/sensor_msgs/msg/detail/laser_echo__struct.hpp
[35.984s] -- Installing: /root/ros_ws/src/Rescue_Car_ws/install/sensor_msgs/include/sensor_msgs/sensor_msgs/msg/detail/nav_sat_fix__builder.hpp
[35.984s] -- Installing: /root/ros_ws/src/Rescue_Car_ws/install/sensor_msgs/include/sensor_msgs/sensor_msgs/msg/detail/joy__type_support.hpp
[35.985s] -- Installing: /root/ros_ws/src/Rescue_Car_ws/install/sensor_msgs/include/sensor_msgs/sensor_msgs/msg/detail/multi_dof_joint_state__type_support.hpp
[35.985s] -- Installing: /root/ros_ws/src/Rescue_Car_ws/install/sensor_msgs/include/sensor_msgs/sensor_msgs/msg/detail/multi_echo_laser_scan__struct.hpp
[35.985s] -- Installing: /root/ros_ws/src/Rescue_Car_ws/install/sensor_msgs/include/sensor_msgs/sensor_msgs/msg/detail/magnetic_field__struct.hpp
[35.985s] -- Installing: /root/ros_ws/src/Rescue_Car_ws/install/sensor_msgs/include/sensor_msgs/sensor_msgs/msg/detail/multi_dof_joint_state__struct.hpp
[35.985s] -- Installing: /root/ros_ws/src/Rescue_Car_ws/install/sensor_msgs/include/sensor_msgs/sensor_msgs/msg/detail/imu__struct.hpp
[35.985s] -- Installing: /root/ros_ws/src/Rescue_Car_ws/install/sensor_msgs/include/sensor_msgs/sensor_msgs/msg/detail/region_of_interest__builder.hpp
[35.985s] -- Installing: /root/ros_ws/src/Rescue_Car_ws/install/sensor_msgs/include/sensor_msgs/sensor_msgs/msg/detail/battery_state__builder.hpp
[35.985s] -- Installing: /root/ros_ws/src/Rescue_Car_ws/install/sensor_msgs/include/sensor_msgs/sensor_msgs/msg/detail/compressed_image__traits.hpp
[35.985s] -- Installing: /root/ros_ws/src/Rescue_Car_ws/install/sensor_msgs/include/sensor_msgs/sensor_msgs/msg/detail/range__struct.hpp
[35.986s] -- Installing: /root/ros_ws/src/Rescue_Car_ws/install/sensor_msgs/include/sensor_msgs/sensor_msgs/msg/detail/laser_echo__builder.hpp
[35.986s] -- Installing: /root/ros_ws/src/Rescue_Car_ws/install/sensor_msgs/include/sensor_msgs/sensor_msgs/msg/detail/fluid_pressure__builder.hpp
[35.986s] -- Installing: /root/ros_ws/src/Rescue_Car_ws/install/sensor_msgs/include/sensor_msgs/sensor_msgs/msg/detail/point_field__struct.hpp
[35.986s] -- Installing: /root/ros_ws/src/Rescue_Car_ws/install/sensor_msgs/include/sensor_msgs/sensor_msgs/msg/detail/temperature__builder.hpp
[35.986s] -- Installing: /root/ros_ws/src/Rescue_Car_ws/install/sensor_msgs/include/sensor_msgs/sensor_msgs/msg/detail/image__struct.hpp
[35.986s] -- Installing: /root/ros_ws/src/Rescue_Car_ws/install/sensor_msgs/include/sensor_msgs/sensor_msgs/msg/detail/image__type_support.hpp
[35.986s] -- Installing: /root/ros_ws/src/Rescue_Car_ws/install/sensor_msgs/include/sensor_msgs/sensor_msgs/msg/detail/battery_state__type_support.hpp
[35.987s] -- Installing: /root/ros_ws/src/Rescue_Car_ws/install/sensor_msgs/include/sensor_msgs/sensor_msgs/msg/detail/point_cloud2__struct.hpp
[35.987s] -- Installing: /root/ros_ws/src/Rescue_Car_ws/install/sensor_msgs/include/sensor_msgs/sensor_msgs/msg/detail/imu__traits.hpp
[35.987s] -- Installing: /root/ros_ws/src/Rescue_Car_ws/install/sensor_msgs/include/sensor_msgs/sensor_msgs/msg/detail/joy__builder.hpp
[35.987s] -- Installing: /root/ros_ws/src/Rescue_Car_ws/install/sensor_msgs/include/sensor_msgs/sensor_msgs/msg/detail/joy_feedback__type_support.hpp
[35.987s] -- Installing: /root/ros_ws/src/Rescue_Car_ws/install/sensor_msgs/include/sensor_msgs/sensor_msgs/msg/detail/region_of_interest__struct.hpp
[35.988s] -- Installing: /root/ros_ws/src/Rescue_Car_ws/install/sensor_msgs/include/sensor_msgs/sensor_msgs/msg/detail/fluid_pressure__traits.hpp
[35.988s] -- Installing: /root/ros_ws/src/Rescue_Car_ws/install/sensor_msgs/include/sensor_msgs/sensor_msgs/msg/detail/compressed_image__struct.hpp
[35.988s] -- Installing: /root/ros_ws/src/Rescue_Car_ws/install/sensor_msgs/include/sensor_msgs/sensor_msgs/msg/detail/channel_float32__builder.hpp
[35.988s] -- Installing: /root/ros_ws/src/Rescue_Car_ws/install/sensor_msgs/include/sensor_msgs/sensor_msgs/msg/detail/compressed_image__builder.hpp
[35.989s] -- Installing: /root/ros_ws/src/Rescue_Car_ws/install/sensor_msgs/include/sensor_msgs/sensor_msgs/msg/detail/imu__builder.hpp
[35.989s] -- Installing: /root/ros_ws/src/Rescue_Car_ws/install/sensor_msgs/include/sensor_msgs/sensor_msgs/msg/detail/relative_humidity__traits.hpp
[35.989s] -- Installing: /root/ros_ws/src/Rescue_Car_ws/install/sensor_msgs/include/sensor_msgs/sensor_msgs/msg/detail/battery_state__struct.hpp
[35.989s] -- Installing: /root/ros_ws/src/Rescue_Car_ws/install/sensor_msgs/include/sensor_msgs/sensor_msgs/msg/detail/channel_float32__type_support.hpp
[35.989s] -- Installing: /root/ros_ws/src/Rescue_Car_ws/install/sensor_msgs/include/sensor_msgs/sensor_msgs/msg/detail/joy_feedback__traits.hpp
[35.989s] -- Installing: /root/ros_ws/src/Rescue_Car_ws/install/sensor_msgs/include/sensor_msgs/sensor_msgs/msg/detail/joy_feedback_array__builder.hpp
[35.990s] -- Installing: /root/ros_ws/src/Rescue_Car_ws/install/sensor_msgs/include/sensor_msgs/sensor_msgs/msg/detail/camera_info__struct.hpp
[35.990s] -- Installing: /root/ros_ws/src/Rescue_Car_ws/install/sensor_msgs/include/sensor_msgs/sensor_msgs/msg/detail/joy_feedback__struct.hpp
[35.990s] -- Installing: /root/ros_ws/src/Rescue_Car_ws/install/sensor_msgs/include/sensor_msgs/sensor_msgs/msg/detail/relative_humidity__struct.hpp
[35.990s] -- Installing: /root/ros_ws/src/Rescue_Car_ws/install/sensor_msgs/include/sensor_msgs/sensor_msgs/msg/detail/illuminance__type_support.hpp
[35.990s] -- Installing: /root/ros_ws/src/Rescue_Car_ws/install/sensor_msgs/include/sensor_msgs/sensor_msgs/msg/detail/point_field__builder.hpp
[35.990s] -- Installing: /root/ros_ws/src/Rescue_Car_ws/install/sensor_msgs/include/sensor_msgs/sensor_msgs/msg/detail/point_cloud__traits.hpp
[35.990s] -- Installing: /root/ros_ws/src/Rescue_Car_ws/install/sensor_msgs/include/sensor_msgs/sensor_msgs/msg/detail/joint_state__struct.hpp
[35.990s] -- Installing: /root/ros_ws/src/Rescue_Car_ws/install/sensor_msgs/include/sensor_msgs/sensor_msgs/msg/detail/multi_dof_joint_state__traits.hpp
[35.990s] -- Installing: /root/ros_ws/src/Rescue_Car_ws/install/sensor_msgs/include/sensor_msgs/sensor_msgs/msg/detail/fluid_pressure__type_support.hpp
[35.990s] -- Installing: /root/ros_ws/src/Rescue_Car_ws/install/sensor_msgs/include/sensor_msgs/sensor_msgs/msg/detail/range__traits.hpp
[35.990s] -- Installing: /root/ros_ws/src/Rescue_Car_ws/install/sensor_msgs/include/sensor_msgs/sensor_msgs/msg/detail/magnetic_field__traits.hpp
[35.990s] -- Installing: /root/ros_ws/src/Rescue_Car_ws/install/sensor_msgs/include/sensor_msgs/sensor_msgs/msg/detail/multi_echo_laser_scan__type_support.hpp
[35.990s] -- Installing: /root/ros_ws/src/Rescue_Car_ws/install/sensor_msgs/include/sensor_msgs/sensor_msgs/msg/detail/joint_state__type_support.hpp
[35.990s] -- Installing: /root/ros_ws/src/Rescue_Car_ws/install/sensor_msgs/include/sensor_msgs/sensor_msgs/msg/detail/illuminance__traits.hpp
[35.990s] -- Installing: /root/ros_ws/src/Rescue_Car_ws/install/sensor_msgs/include/sensor_msgs/sensor_msgs/msg/detail/image__builder.hpp
[35.990s] -- Installing: /root/ros_ws/src/Rescue_Car_ws/install/sensor_msgs/include/sensor_msgs/sensor_msgs/msg/detail/laser_scan__traits.hpp
[35.990s] -- Installing: /root/ros_ws/src/Rescue_Car_ws/install/sensor_msgs/include/sensor_msgs/sensor_msgs/msg/detail/battery_state__traits.hpp
[35.990s] -- Installing: /root/ros_ws/src/Rescue_Car_ws/install/sensor_msgs/include/sensor_msgs/sensor_msgs/msg/detail/laser_scan__builder.hpp
[35.990s] -- Installing: /root/ros_ws/src/Rescue_Car_ws/install/sensor_msgs/include/sensor_msgs/sensor_msgs/msg/detail/nav_sat_status__builder.hpp
[35.990s] -- Installing: /root/ros_ws/src/Rescue_Car_ws/install/sensor_msgs/include/sensor_msgs/sensor_msgs/msg/detail/point_cloud2__traits.hpp
[35.990s] -- Installing: /root/ros_ws/src/Rescue_Car_ws/install/sensor_msgs/include/sensor_msgs/sensor_msgs/msg/detail/range__type_support.hpp
[35.991s] -- Installing: /root/ros_ws/src/Rescue_Car_ws/install/sensor_msgs/include/sensor_msgs/sensor_msgs/msg/detail/illuminance__struct.hpp
[35.991s] -- Installing: /root/ros_ws/src/Rescue_Car_ws/install/sensor_msgs/include/sensor_msgs/sensor_msgs/msg/detail/channel_float32__traits.hpp
[35.991s] -- Installing: /root/ros_ws/src/Rescue_Car_ws/install/sensor_msgs/include/sensor_msgs/sensor_msgs/msg/detail/joy__traits.hpp
[35.991s] -- Installing: /root/ros_ws/src/Rescue_Car_ws/install/sensor_msgs/include/sensor_msgs/sensor_msgs/msg/detail/image__traits.hpp
[35.991s] -- Installing: /root/ros_ws/src/Rescue_Car_ws/install/sensor_msgs/include/sensor_msgs/sensor_msgs/msg/detail/laser_scan__struct.hpp
[35.991s] -- Installing: /root/ros_ws/src/Rescue_Car_ws/install/sensor_msgs/include/sensor_msgs/sensor_msgs/msg/detail/imu__type_support.hpp
[35.991s] -- Installing: /root/ros_ws/src/Rescue_Car_ws/install/sensor_msgs/include/sensor_msgs/sensor_msgs/msg/detail/nav_sat_status__traits.hpp
[35.991s] -- Installing: /root/ros_ws/src/Rescue_Car_ws/install/sensor_msgs/include/sensor_msgs/sensor_msgs/msg/detail/joint_state__builder.hpp
[35.991s] -- Installing: /root/ros_ws/src/Rescue_Car_ws/install/sensor_msgs/include/sensor_msgs/sensor_msgs/msg/detail/nav_sat_fix__type_support.hpp
[35.991s] -- Installing: /root/ros_ws/src/Rescue_Car_ws/install/sensor_msgs/include/sensor_msgs/sensor_msgs/msg/detail/time_reference__struct.hpp
[35.991s] -- Installing: /root/ros_ws/src/Rescue_Car_ws/install/sensor_msgs/include/sensor_msgs/sensor_msgs/msg/detail/nav_sat_status__type_support.hpp
[35.991s] -- Installing: /root/ros_ws/src/Rescue_Car_ws/install/sensor_msgs/include/sensor_msgs/sensor_msgs/msg/detail/magnetic_field__builder.hpp
[35.992s] -- Installing: /root/ros_ws/src/Rescue_Car_ws/install/sensor_msgs/include/sensor_msgs/sensor_msgs/msg/detail/magnetic_field__type_support.hpp
[35.992s] -- Installing: /root/ros_ws/src/Rescue_Car_ws/install/sensor_msgs/include/sensor_msgs/sensor_msgs/msg/detail/point_cloud__struct.hpp
[35.992s] -- Installing: /root/ros_ws/src/Rescue_Car_ws/install/sensor_msgs/include/sensor_msgs/sensor_msgs/msg/detail/point_cloud2__builder.hpp
[35.992s] -- Installing: /root/ros_ws/src/Rescue_Car_ws/install/sensor_msgs/include/sensor_msgs/sensor_msgs/msg/detail/compressed_image__type_support.hpp
[35.992s] -- Installing: /root/ros_ws/src/Rescue_Car_ws/install/sensor_msgs/include/sensor_msgs/sensor_msgs/msg/detail/region_of_interest__traits.hpp
[35.993s] -- Installing: /root/ros_ws/src/Rescue_Car_ws/install/sensor_msgs/include/sensor_msgs/sensor_msgs/msg/detail/point_cloud__builder.hpp
[35.993s] -- Installing: /root/ros_ws/src/Rescue_Car_ws/install/sensor_msgs/include/sensor_msgs/sensor_msgs/msg/detail/nav_sat_fix__traits.hpp
[35.993s] -- Installing: /root/ros_ws/src/Rescue_Car_ws/install/sensor_msgs/include/sensor_msgs/sensor_msgs/msg/detail/joy_feedback_array__struct.hpp
[35.993s] -- Installing: /root/ros_ws/src/Rescue_Car_ws/install/sensor_msgs/include/sensor_msgs/sensor_msgs/msg/detail/temperature__traits.hpp
[35.993s] -- Installing: /root/ros_ws/src/Rescue_Car_ws/install/sensor_msgs/include/sensor_msgs/sensor_msgs/msg/detail/point_field__type_support.hpp
[35.993s] -- Installing: /root/ros_ws/src/Rescue_Car_ws/install/sensor_msgs/include/sensor_msgs/sensor_msgs/msg/detail/multi_dof_joint_state__builder.hpp
[35.993s] -- Installing: /root/ros_ws/src/Rescue_Car_ws/install/sensor_msgs/include/sensor_msgs/sensor_msgs/msg/detail/camera_info__builder.hpp
[35.994s] -- Installing: /root/ros_ws/src/Rescue_Car_ws/install/sensor_msgs/include/sensor_msgs/sensor_msgs/msg/detail/point_cloud__type_support.hpp
[35.994s] -- Installing: /root/ros_ws/src/Rescue_Car_ws/install/sensor_msgs/include/sensor_msgs/sensor_msgs/msg/point_field.hpp
[35.994s] -- Installing: /root/ros_ws/src/Rescue_Car_ws/install/sensor_msgs/include/sensor_msgs/sensor_msgs/msg/fluid_pressure.hpp
[35.994s] -- Installing: /root/ros_ws/src/Rescue_Car_ws/install/sensor_msgs/include/sensor_msgs/sensor_msgs/msg/joint_state.hpp
[35.994s] -- Installing: /root/ros_ws/src/Rescue_Car_ws/install/sensor_msgs/include/sensor_msgs/sensor_msgs/msg/nav_sat_status.hpp
[35.994s] -- Installing: /root/ros_ws/src/Rescue_Car_ws/install/sensor_msgs/include/sensor_msgs/sensor_msgs/msg/channel_float32.hpp
[35.994s] -- Installing: /root/ros_ws/src/Rescue_Car_ws/install/sensor_msgs/include/sensor_msgs/sensor_msgs/msg/laser_echo.hpp
[35.994s] -- Installing: /root/ros_ws/src/Rescue_Car_ws/install/sensor_msgs/include/sensor_msgs/sensor_msgs/msg/joy_feedback_array.hpp
[35.994s] -- Installing: /root/ros_ws/src/Rescue_Car_ws/install/sensor_msgs/include/sensor_msgs/sensor_msgs/msg/illuminance.hpp
[35.995s] -- Installing: /root/ros_ws/src/Rescue_Car_ws/install/sensor_msgs/include/sensor_msgs/sensor_msgs/msg/multi_echo_laser_scan.hpp
[35.995s] -- Installing: /root/ros_ws/src/Rescue_Car_ws/install/sensor_msgs/include/sensor_msgs/sensor_msgs/msg/nav_sat_fix.hpp
[35.995s] -- Installing: /root/ros_ws/src/Rescue_Car_ws/install/sensor_msgs/include/sensor_msgs/sensor_msgs/msg/battery_state.hpp
[35.995s] -- Up-to-date: /root/ros_ws/src/Rescue_Car_ws/install/sensor_msgs/include/sensor_msgs/sensor_msgs
[35.995s] -- Up-to-date: /root/ros_ws/src/Rescue_Car_ws/install/sensor_msgs/include/sensor_msgs/sensor_msgs/srv
[35.995s] -- Up-to-date: /root/ros_ws/src/Rescue_Car_ws/install/sensor_msgs/include/sensor_msgs/sensor_msgs/srv/detail
[35.995s] -- Installing: /root/ros_ws/src/Rescue_Car_ws/install/sensor_msgs/include/sensor_msgs/sensor_msgs/srv/detail/dds_fastrtps
[35.995s] -- Installing: /root/ros_ws/src/Rescue_Car_ws/install/sensor_msgs/include/sensor_msgs/sensor_msgs/srv/detail/set_camera_info__rosidl_typesupport_fastrtps_cpp.hpp
[35.996s] -- Up-to-date: /root/ros_ws/src/Rescue_Car_ws/install/sensor_msgs/include/sensor_msgs/sensor_msgs/msg
[35.996s] -- Installing: /root/ros_ws/src/Rescue_Car_ws/install/sensor_msgs/include/sensor_msgs/sensor_msgs/msg/rosidl_typesupport_fastrtps_cpp__visibility_control.h
[35.996s] -- Up-to-date: /root/ros_ws/src/Rescue_Car_ws/install/sensor_msgs/include/sensor_msgs/sensor_msgs/msg/detail
[35.996s] -- Installing: /root/ros_ws/src/Rescue_Car_ws/install/sensor_msgs/include/sensor_msgs/sensor_msgs/msg/detail/temperature__rosidl_typesupport_fastrtps_cpp.hpp
[35.996s] -- Installing: /root/ros_ws/src/Rescue_Car_ws/install/sensor_msgs/include/sensor_msgs/sensor_msgs/msg/detail/nav_sat_status__rosidl_typesupport_fastrtps_cpp.hpp
[35.997s] -- Installing: /root/ros_ws/src/Rescue_Car_ws/install/sensor_msgs/include/sensor_msgs/sensor_msgs/msg/detail/battery_state__rosidl_typesupport_fastrtps_cpp.hpp
[35.997s] -- Installing: /root/ros_ws/src/Rescue_Car_ws/install/sensor_msgs/include/sensor_msgs/sensor_msgs/msg/detail/magnetic_field__rosidl_typesupport_fastrtps_cpp.hpp
[35.997s] -- Installing: /root/ros_ws/src/Rescue_Car_ws/install/sensor_msgs/include/sensor_msgs/sensor_msgs/msg/detail/joy_feedback__rosidl_typesupport_fastrtps_cpp.hpp
[35.997s] -- Installing: /root/ros_ws/src/Rescue_Car_ws/install/sensor_msgs/include/sensor_msgs/sensor_msgs/msg/detail/joint_state__rosidl_typesupport_fastrtps_cpp.hpp
[35.997s] -- Installing: /root/ros_ws/src/Rescue_Car_ws/install/sensor_msgs/include/sensor_msgs/sensor_msgs/msg/detail/relative_humidity__rosidl_typesupport_fastrtps_cpp.hpp
[35.998s] -- Installing: /root/ros_ws/src/Rescue_Car_ws/install/sensor_msgs/include/sensor_msgs/sensor_msgs/msg/detail/nav_sat_fix__rosidl_typesupport_fastrtps_cpp.hpp
[35.998s] -- Installing: /root/ros_ws/src/Rescue_Car_ws/install/sensor_msgs/include/sensor_msgs/sensor_msgs/msg/detail/channel_float32__rosidl_typesupport_fastrtps_cpp.hpp
[35.998s] -- Installing: /root/ros_ws/src/Rescue_Car_ws/install/sensor_msgs/include/sensor_msgs/sensor_msgs/msg/detail/dds_fastrtps
[35.998s] -- Installing: /root/ros_ws/src/Rescue_Car_ws/install/sensor_msgs/include/sensor_msgs/sensor_msgs/msg/detail/time_reference__rosidl_typesupport_fastrtps_cpp.hpp
[35.999s] -- Installing: /root/ros_ws/src/Rescue_Car_ws/install/sensor_msgs/include/sensor_msgs/sensor_msgs/msg/detail/point_field__rosidl_typesupport_fastrtps_cpp.hpp
[35.999s] -- Installing: /root/ros_ws/src/Rescue_Car_ws/install/sensor_msgs/include/sensor_msgs/sensor_msgs/msg/detail/illuminance__rosidl_typesupport_fastrtps_cpp.hpp
[35.999s] -- Installing: /root/ros_ws/src/Rescue_Car_ws/install/sensor_msgs/include/sensor_msgs/sensor_msgs/msg/detail/point_cloud2__rosidl_typesupport_fastrtps_cpp.hpp
[35.999s] -- Installing: /root/ros_ws/src/Rescue_Car_ws/install/sensor_msgs/include/sensor_msgs/sensor_msgs/msg/detail/laser_echo__rosidl_typesupport_fastrtps_cpp.hpp
[36.000s] -- Installing: /root/ros_ws/src/Rescue_Car_ws/install/sensor_msgs/include/sensor_msgs/sensor_msgs/msg/detail/imu__rosidl_typesupport_fastrtps_cpp.hpp
[36.000s] -- Installing: /root/ros_ws/src/Rescue_Car_ws/install/sensor_msgs/include/sensor_msgs/sensor_msgs/msg/detail/range__rosidl_typesupport_fastrtps_cpp.hpp
[36.000s] -- Installing: /root/ros_ws/src/Rescue_Car_ws/install/sensor_msgs/include/sensor_msgs/sensor_msgs/msg/detail/joy__rosidl_typesupport_fastrtps_cpp.hpp
[36.000s] -- Installing: /root/ros_ws/src/Rescue_Car_ws/install/sensor_msgs/include/sensor_msgs/sensor_msgs/msg/detail/joy_feedback_array__rosidl_typesupport_fastrtps_cpp.hpp
[36.001s] -- Installing: /root/ros_ws/src/Rescue_Car_ws/install/sensor_msgs/include/sensor_msgs/sensor_msgs/msg/detail/fluid_pressure__rosidl_typesupport_fastrtps_cpp.hpp
[36.001s] -- Installing: /root/ros_ws/src/Rescue_Car_ws/install/sensor_msgs/include/sensor_msgs/sensor_msgs/msg/detail/region_of_interest__rosidl_typesupport_fastrtps_cpp.hpp
[36.001s] -- Installing: /root/ros_ws/src/Rescue_Car_ws/install/sensor_msgs/include/sensor_msgs/sensor_msgs/msg/detail/laser_scan__rosidl_typesupport_fastrtps_cpp.hpp
[36.001s] -- Installing: /root/ros_ws/src/Rescue_Car_ws/install/sensor_msgs/include/sensor_msgs/sensor_msgs/msg/detail/point_cloud__rosidl_typesupport_fastrtps_cpp.hpp
[36.001s] -- Installing: /root/ros_ws/src/Rescue_Car_ws/install/sensor_msgs/include/sensor_msgs/sensor_msgs/msg/detail/multi_dof_joint_state__rosidl_typesupport_fastrtps_cpp.hpp
[36.001s] -- Installing: /root/ros_ws/src/Rescue_Car_ws/install/sensor_msgs/include/sensor_msgs/sensor_msgs/msg/detail/multi_echo_laser_scan__rosidl_typesupport_fastrtps_cpp.hpp
[36.001s] -- Installing: /root/ros_ws/src/Rescue_Car_ws/install/sensor_msgs/include/sensor_msgs/sensor_msgs/msg/detail/compressed_image__rosidl_typesupport_fastrtps_cpp.hpp
[36.002s] -- Installing: /root/ros_ws/src/Rescue_Car_ws/install/sensor_msgs/include/sensor_msgs/sensor_msgs/msg/detail/camera_info__rosidl_typesupport_fastrtps_cpp.hpp
[36.002s] -- Installing: /root/ros_ws/src/Rescue_Car_ws/install/sensor_msgs/include/sensor_msgs/sensor_msgs/msg/detail/image__rosidl_typesupport_fastrtps_cpp.hpp
[36.002s] -- Installing: /root/ros_ws/src/Rescue_Car_ws/install/sensor_msgs/lib/libsensor_msgs__rosidl_typesupport_fastrtps_cpp.so
[36.002s] -- Set runtime path of "/root/ros_ws/src/Rescue_Car_ws/install/sensor_msgs/lib/libsensor_msgs__rosidl_typesupport_fastrtps_cpp.so" to ""
[36.002s] -- Up-to-date: /root/ros_ws/src/Rescue_Car_ws/install/sensor_msgs/include/sensor_msgs/sensor_msgs
[36.002s] -- Up-to-date: /root/ros_ws/src/Rescue_Car_ws/install/sensor_msgs/include/sensor_msgs/sensor_msgs/srv
[36.003s] -- Up-to-date: /root/ros_ws/src/Rescue_Car_ws/install/sensor_msgs/include/sensor_msgs/sensor_msgs/srv/detail
[36.003s] -- Installing: /root/ros_ws/src/Rescue_Car_ws/install/sensor_msgs/include/sensor_msgs/sensor_msgs/srv/detail/set_camera_info__rosidl_typesupport_introspection_c.h
[36.003s] -- Installing: /root/ros_ws/src/Rescue_Car_ws/install/sensor_msgs/include/sensor_msgs/sensor_msgs/srv/detail/set_camera_info__type_support.c
[36.003s] -- Up-to-date: /root/ros_ws/src/Rescue_Car_ws/install/sensor_msgs/include/sensor_msgs/sensor_msgs/msg
[36.003s] -- Installing: /root/ros_ws/src/Rescue_Car_ws/install/sensor_msgs/include/sensor_msgs/sensor_msgs/msg/rosidl_typesupport_introspection_c__visibility_control.h
[36.003s] -- Up-to-date: /root/ros_ws/src/Rescue_Car_ws/install/sensor_msgs/include/sensor_msgs/sensor_msgs/msg/detail
[36.003s] -- Installing: /root/ros_ws/src/Rescue_Car_ws/install/sensor_msgs/include/sensor_msgs/sensor_msgs/msg/detail/image__type_support.c
[36.003s] -- Installing: /root/ros_ws/src/Rescue_Car_ws/install/sensor_msgs/include/sensor_msgs/sensor_msgs/msg/detail/time_reference__type_support.c
[36.004s] -- Installing: /root/ros_ws/src/Rescue_Car_ws/install/sensor_msgs/include/sensor_msgs/sensor_msgs/msg/detail/point_cloud2__type_support.c
[36.004s] -- Installing: /root/ros_ws/src/Rescue_Car_ws/install/sensor_msgs/include/sensor_msgs/sensor_msgs/msg/detail/nav_sat_fix__type_support.c
[36.004s] -- Installing: /root/ros_ws/src/Rescue_Car_ws/install/sensor_msgs/include/sensor_msgs/sensor_msgs/msg/detail/joy_feedback_array__type_support.c
[36.005s] -- Installing: /root/ros_ws/src/Rescue_Car_ws/install/sensor_msgs/include/sensor_msgs/sensor_msgs/msg/detail/joy_feedback__type_support.c
[36.005s] -- Installing: /root/ros_ws/src/Rescue_Car_ws/install/sensor_msgs/include/sensor_msgs/sensor_msgs/msg/detail/joy__type_support.c
[36.005s] -- Installing: /root/ros_ws/src/Rescue_Car_ws/install/sensor_msgs/include/sensor_msgs/sensor_msgs/msg/detail/point_field__rosidl_typesupport_introspection_c.h
[36.006s] -- Installing: /root/ros_ws/src/Rescue_Car_ws/install/sensor_msgs/include/sensor_msgs/sensor_msgs/msg/detail/range__rosidl_typesupport_introspection_c.h
[36.006s] -- Installing: /root/ros_ws/src/Rescue_Car_ws/install/sensor_msgs/include/sensor_msgs/sensor_msgs/msg/detail/camera_info__type_support.c
[36.006s] -- Installing: /root/ros_ws/src/Rescue_Car_ws/install/sensor_msgs/include/sensor_msgs/sensor_msgs/msg/detail/temperature__rosidl_typesupport_introspection_c.h
[36.006s] -- Installing: /root/ros_ws/src/Rescue_Car_ws/install/sensor_msgs/include/sensor_msgs/sensor_msgs/msg/detail/laser_scan__type_support.c
[36.007s] -- Installing: /root/ros_ws/src/Rescue_Car_ws/install/sensor_msgs/include/sensor_msgs/sensor_msgs/msg/detail/illuminance__type_support.c
[36.007s] -- Installing: /root/ros_ws/src/Rescue_Car_ws/install/sensor_msgs/include/sensor_msgs/sensor_msgs/msg/detail/multi_dof_joint_state__type_support.c
[36.007s] -- Installing: /root/ros_ws/src/Rescue_Car_ws/install/sensor_msgs/include/sensor_msgs/sensor_msgs/msg/detail/multi_echo_laser_scan__rosidl_typesupport_introspection_c.h
[36.007s] -- Installing: /root/ros_ws/src/Rescue_Car_ws/install/sensor_msgs/include/sensor_msgs/sensor_msgs/msg/detail/time_reference__rosidl_typesupport_introspection_c.h
[36.007s] -- Installing: /root/ros_ws/src/Rescue_Car_ws/install/sensor_msgs/include/sensor_msgs/sensor_msgs/msg/detail/laser_scan__rosidl_typesupport_introspection_c.h
[36.007s] -- Installing: /root/ros_ws/src/Rescue_Car_ws/install/sensor_msgs/include/sensor_msgs/sensor_msgs/msg/detail/temperature__type_support.c
[36.007s] -- Installing: /root/ros_ws/src/Rescue_Car_ws/install/sensor_msgs/include/sensor_msgs/sensor_msgs/msg/detail/image__rosidl_typesupport_introspection_c.h
[36.007s] -- Installing: /root/ros_ws/src/Rescue_Car_ws/install/sensor_msgs/include/sensor_msgs/sensor_msgs/msg/detail/channel_float32__rosidl_typesupport_introspection_c.h
[36.008s] -- Installing: /root/ros_ws/src/Rescue_Car_ws/install/sensor_msgs/include/sensor_msgs/sensor_msgs/msg/detail/laser_echo__rosidl_typesupport_introspection_c.h
[36.008s] -- Installing: /root/ros_ws/src/Rescue_Car_ws/install/sensor_msgs/include/sensor_msgs/sensor_msgs/msg/detail/point_cloud2__rosidl_typesupport_introspection_c.h
[36.008s] -- Installing: /root/ros_ws/src/Rescue_Car_ws/install/sensor_msgs/include/sensor_msgs/sensor_msgs/msg/detail/relative_humidity__type_support.c
[36.008s] -- Installing: /root/ros_ws/src/Rescue_Car_ws/install/sensor_msgs/include/sensor_msgs/sensor_msgs/msg/detail/nav_sat_status__type_support.c
[36.008s] -- Installing: /root/ros_ws/src/Rescue_Car_ws/install/sensor_msgs/include/sensor_msgs/sensor_msgs/msg/detail/joy__rosidl_typesupport_introspection_c.h
[36.009s] -- Installing: /root/ros_ws/src/Rescue_Car_ws/install/sensor_msgs/include/sensor_msgs/sensor_msgs/msg/detail/laser_echo__type_support.c
[36.009s] -- Installing: /root/ros_ws/src/Rescue_Car_ws/install/sensor_msgs/include/sensor_msgs/sensor_msgs/msg/detail/point_cloud__type_support.c
[36.009s] -- Installing: /root/ros_ws/src/Rescue_Car_ws/install/sensor_msgs/include/sensor_msgs/sensor_msgs/msg/detail/compressed_image__rosidl_typesupport_introspection_c.h
[36.009s] -- Installing: /root/ros_ws/src/Rescue_Car_ws/install/sensor_msgs/include/sensor_msgs/sensor_msgs/msg/detail/imu__type_support.c
[36.009s] -- Installing: /root/ros_ws/src/Rescue_Car_ws/install/sensor_msgs/include/sensor_msgs/sensor_msgs/msg/detail/point_cloud__rosidl_typesupport_introspection_c.h
[36.009s] -- Installing: /root/ros_ws/src/Rescue_Car_ws/install/sensor_msgs/include/sensor_msgs/sensor_msgs/msg/detail/battery_state__rosidl_typesupport_introspection_c.h
[36.010s] -- Installing: /root/ros_ws/src/Rescue_Car_ws/install/sensor_msgs/include/sensor_msgs/sensor_msgs/msg/detail/joint_state__type_support.c
[36.010s] -- Installing: /root/ros_ws/src/Rescue_Car_ws/install/sensor_msgs/include/sensor_msgs/sensor_msgs/msg/detail/imu__rosidl_typesupport_introspection_c.h
[36.010s] -- Installing: /root/ros_ws/src/Rescue_Car_ws/install/sensor_msgs/include/sensor_msgs/sensor_msgs/msg/detail/range__type_support.c
[36.011s] -- Installing: /root/ros_ws/src/Rescue_Car_ws/install/sensor_msgs/include/sensor_msgs/sensor_msgs/msg/detail/magnetic_field__type_support.c
[36.011s] -- Installing: /root/ros_ws/src/Rescue_Car_ws/install/sensor_msgs/include/sensor_msgs/sensor_msgs/msg/detail/joy_feedback__rosidl_typesupport_introspection_c.h
[36.011s] -- Installing: /root/ros_ws/src/Rescue_Car_ws/install/sensor_msgs/include/sensor_msgs/sensor_msgs/msg/detail/fluid_pressure__type_support.c
[36.011s] -- Installing: /root/ros_ws/src/Rescue_Car_ws/install/sensor_msgs/include/sensor_msgs/sensor_msgs/msg/detail/multi_echo_laser_scan__type_support.c
[36.011s] -- Installing: /root/ros_ws/src/Rescue_Car_ws/install/sensor_msgs/include/sensor_msgs/sensor_msgs/msg/detail/multi_dof_joint_state__rosidl_typesupport_introspection_c.h
[36.011s] -- Installing: /root/ros_ws/src/Rescue_Car_ws/install/sensor_msgs/include/sensor_msgs/sensor_msgs/msg/detail/nav_sat_fix__rosidl_typesupport_introspection_c.h
[36.012s] -- Installing: /root/ros_ws/src/Rescue_Car_ws/install/sensor_msgs/include/sensor_msgs/sensor_msgs/msg/detail/nav_sat_status__rosidl_typesupport_introspection_c.h
[36.012s] -- Installing: /root/ros_ws/src/Rescue_Car_ws/install/sensor_msgs/include/sensor_msgs/sensor_msgs/msg/detail/illuminance__rosidl_typesupport_introspection_c.h
[36.012s] -- Installing: /root/ros_ws/src/Rescue_Car_ws/install/sensor_msgs/include/sensor_msgs/sensor_msgs/msg/detail/region_of_interest__type_support.c
[36.012s] -- Installing: /root/ros_ws/src/Rescue_Car_ws/install/sensor_msgs/include/sensor_msgs/sensor_msgs/msg/detail/point_field__type_support.c
[36.012s] -- Installing: /root/ros_ws/src/Rescue_Car_ws/install/sensor_msgs/include/sensor_msgs/sensor_msgs/msg/detail/camera_info__rosidl_typesupport_introspection_c.h
[36.012s] -- Installing: /root/ros_ws/src/Rescue_Car_ws/install/sensor_msgs/include/sensor_msgs/sensor_msgs/msg/detail/magnetic_field__rosidl_typesupport_introspection_c.h
[36.012s] -- Installing: /root/ros_ws/src/Rescue_Car_ws/install/sensor_msgs/include/sensor_msgs/sensor_msgs/msg/detail/region_of_interest__rosidl_typesupport_introspection_c.h
[36.012s] -- Installing: /root/ros_ws/src/Rescue_Car_ws/install/sensor_msgs/include/sensor_msgs/sensor_msgs/msg/detail/joint_state__rosidl_typesupport_introspection_c.h
[36.012s] -- Installing: /root/ros_ws/src/Rescue_Car_ws/install/sensor_msgs/include/sensor_msgs/sensor_msgs/msg/detail/compressed_image__type_support.c
[36.012s] -- Installing: /root/ros_ws/src/Rescue_Car_ws/install/sensor_msgs/include/sensor_msgs/sensor_msgs/msg/detail/channel_float32__type_support.c
[36.012s] -- Installing: /root/ros_ws/src/Rescue_Car_ws/install/sensor_msgs/include/sensor_msgs/sensor_msgs/msg/detail/fluid_pressure__rosidl_typesupport_introspection_c.h
[36.012s] -- Installing: /root/ros_ws/src/Rescue_Car_ws/install/sensor_msgs/include/sensor_msgs/sensor_msgs/msg/detail/joy_feedback_array__rosidl_typesupport_introspection_c.h
[36.012s] -- Installing: /root/ros_ws/src/Rescue_Car_ws/install/sensor_msgs/include/sensor_msgs/sensor_msgs/msg/detail/relative_humidity__rosidl_typesupport_introspection_c.h
[36.012s] -- Installing: /root/ros_ws/src/Rescue_Car_ws/install/sensor_msgs/include/sensor_msgs/sensor_msgs/msg/detail/battery_state__type_support.c
[36.013s] -- Installing: /root/ros_ws/src/Rescue_Car_ws/install/sensor_msgs/lib/libsensor_msgs__rosidl_typesupport_introspection_c.so
[36.013s] -- Set runtime path of "/root/ros_ws/src/Rescue_Car_ws/install/sensor_msgs/lib/libsensor_msgs__rosidl_typesupport_introspection_c.so" to ""
[36.013s] -- Installing: /root/ros_ws/src/Rescue_Car_ws/install/sensor_msgs/lib/libsensor_msgs__rosidl_typesupport_c.so
[36.013s] -- Set runtime path of "/root/ros_ws/src/Rescue_Car_ws/install/sensor_msgs/lib/libsensor_msgs__rosidl_typesupport_c.so" to ""
[36.013s] -- Up-to-date: /root/ros_ws/src/Rescue_Car_ws/install/sensor_msgs/include/sensor_msgs/sensor_msgs
[36.013s] -- Up-to-date: /root/ros_ws/src/Rescue_Car_ws/install/sensor_msgs/include/sensor_msgs/sensor_msgs/srv
[36.013s] -- Up-to-date: /root/ros_ws/src/Rescue_Car_ws/install/sensor_msgs/include/sensor_msgs/sensor_msgs/srv/detail
[36.013s] -- Installing: /root/ros_ws/src/Rescue_Car_ws/install/sensor_msgs/include/sensor_msgs/sensor_msgs/srv/detail/set_camera_info__rosidl_typesupport_introspection_cpp.hpp
[36.014s] -- Installing: /root/ros_ws/src/Rescue_Car_ws/install/sensor_msgs/include/sensor_msgs/sensor_msgs/srv/detail/set_camera_info__type_support.cpp
[36.014s] -- Up-to-date: /root/ros_ws/src/Rescue_Car_ws/install/sensor_msgs/include/sensor_msgs/sensor_msgs/msg
[36.014s] -- Up-to-date: /root/ros_ws/src/Rescue_Car_ws/install/sensor_msgs/include/sensor_msgs/sensor_msgs/msg/detail
[36.014s] -- Installing: /root/ros_ws/src/Rescue_Car_ws/install/sensor_msgs/include/sensor_msgs/sensor_msgs/msg/detail/joy_feedback__rosidl_typesupport_introspection_cpp.hpp
[36.014s] -- Installing: /root/ros_ws/src/Rescue_Car_ws/install/sensor_msgs/include/sensor_msgs/sensor_msgs/msg/detail/point_field__rosidl_typesupport_introspection_cpp.hpp
[36.014s] -- Installing: /root/ros_ws/src/Rescue_Car_ws/install/sensor_msgs/include/sensor_msgs/sensor_msgs/msg/detail/nav_sat_status__rosidl_typesupport_introspection_cpp.hpp
[36.014s] -- Installing: /root/ros_ws/src/Rescue_Car_ws/install/sensor_msgs/include/sensor_msgs/sensor_msgs/msg/detail/point_cloud__rosidl_typesupport_introspection_cpp.hpp
[36.014s] -- Installing: /root/ros_ws/src/Rescue_Car_ws/install/sensor_msgs/include/sensor_msgs/sensor_msgs/msg/detail/laser_echo__type_support.cpp
[36.014s] -- Installing: /root/ros_ws/src/Rescue_Car_ws/install/sensor_msgs/include/sensor_msgs/sensor_msgs/msg/detail/temperature__rosidl_typesupport_introspection_cpp.hpp
[36.014s] -- Installing: /root/ros_ws/src/Rescue_Car_ws/install/sensor_msgs/include/sensor_msgs/sensor_msgs/msg/detail/camera_info__type_support.cpp
[36.014s] -- Installing: /root/ros_ws/src/Rescue_Car_ws/install/sensor_msgs/include/sensor_msgs/sensor_msgs/msg/detail/channel_float32__rosidl_typesupport_introspection_cpp.hpp
[36.014s] -- Installing: /root/ros_ws/src/Rescue_Car_ws/install/sensor_msgs/include/sensor_msgs/sensor_msgs/msg/detail/relative_humidity__rosidl_typesupport_introspection_cpp.hpp
[36.014s] -- Installing: /root/ros_ws/src/Rescue_Car_ws/install/sensor_msgs/include/sensor_msgs/sensor_msgs/msg/detail/battery_state__rosidl_typesupport_introspection_cpp.hpp
[36.014s] -- Installing: /root/ros_ws/src/Rescue_Car_ws/install/sensor_msgs/include/sensor_msgs/sensor_msgs/msg/detail/time_reference__rosidl_typesupport_introspection_cpp.hpp
[36.014s] -- Installing: /root/ros_ws/src/Rescue_Car_ws/install/sensor_msgs/include/sensor_msgs/sensor_msgs/msg/detail/multi_echo_laser_scan__type_support.cpp
[36.015s] -- Installing: /root/ros_ws/src/Rescue_Car_ws/install/sensor_msgs/include/sensor_msgs/sensor_msgs/msg/detail/relative_humidity__type_support.cpp
[36.015s] -- Installing: /root/ros_ws/src/Rescue_Car_ws/install/sensor_msgs/include/sensor_msgs/sensor_msgs/msg/detail/multi_dof_joint_state__rosidl_typesupport_introspection_cpp.hpp
[36.015s] -- Installing: /root/ros_ws/src/Rescue_Car_ws/install/sensor_msgs/include/sensor_msgs/sensor_msgs/msg/detail/joy_feedback_array__type_support.cpp
[36.015s] -- Installing: /root/ros_ws/src/Rescue_Car_ws/install/sensor_msgs/include/sensor_msgs/sensor_msgs/msg/detail/point_cloud2__type_support.cpp
[36.015s] -- Installing: /root/ros_ws/src/Rescue_Car_ws/install/sensor_msgs/include/sensor_msgs/sensor_msgs/msg/detail/range__type_support.cpp
[36.015s] -- Installing: /root/ros_ws/src/Rescue_Car_ws/install/sensor_msgs/include/sensor_msgs/sensor_msgs/msg/detail/multi_echo_laser_scan__rosidl_typesupport_introspection_cpp.hpp
[36.015s] -- Installing: /root/ros_ws/src/Rescue_Car_ws/install/sensor_msgs/include/sensor_msgs/sensor_msgs/msg/detail/joint_state__rosidl_typesupport_introspection_cpp.hpp
[36.015s] -- Installing: /root/ros_ws/src/Rescue_Car_ws/install/sensor_msgs/include/sensor_msgs/sensor_msgs/msg/detail/battery_state__type_support.cpp
[36.015s] -- Installing: /root/ros_ws/src/Rescue_Car_ws/install/sensor_msgs/include/sensor_msgs/sensor_msgs/msg/detail/joy__rosidl_typesupport_introspection_cpp.hpp
[36.015s] -- Installing: /root/ros_ws/src/Rescue_Car_ws/install/sensor_msgs/include/sensor_msgs/sensor_msgs/msg/detail/point_cloud2__rosidl_typesupport_introspection_cpp.hpp
[36.015s] -- Installing: /root/ros_ws/src/Rescue_Car_ws/install/sensor_msgs/include/sensor_msgs/sensor_msgs/msg/detail/fluid_pressure__rosidl_typesupport_introspection_cpp.hpp
[36.015s] -- Installing: /root/ros_ws/src/Rescue_Car_ws/install/sensor_msgs/include/sensor_msgs/sensor_msgs/msg/detail/imu__rosidl_typesupport_introspection_cpp.hpp
[36.015s] -- Installing: /root/ros_ws/src/Rescue_Car_ws/install/sensor_msgs/include/sensor_msgs/sensor_msgs/msg/detail/time_reference__type_support.cpp
[36.015s] -- Installing: /root/ros_ws/src/Rescue_Car_ws/install/sensor_msgs/include/sensor_msgs/sensor_msgs/msg/detail/nav_sat_fix__type_support.cpp
[36.015s] -- Installing: /root/ros_ws/src/Rescue_Car_ws/install/sensor_msgs/include/sensor_msgs/sensor_msgs/msg/detail/temperature__type_support.cpp
[36.015s] -- Installing: /root/ros_ws/src/Rescue_Car_ws/install/sensor_msgs/include/sensor_msgs/sensor_msgs/msg/detail/compressed_image__rosidl_typesupport_introspection_cpp.hpp
[36.016s] -- Installing: /root/ros_ws/src/Rescue_Car_ws/install/sensor_msgs/include/sensor_msgs/sensor_msgs/msg/detail/illuminance__rosidl_typesupport_introspection_cpp.hpp
[36.016s] -- Installing: /root/ros_ws/src/Rescue_Car_ws/install/sensor_msgs/include/sensor_msgs/sensor_msgs/msg/detail/imu__type_support.cpp
[36.016s] -- Installing: /root/ros_ws/src/Rescue_Car_ws/install/sensor_msgs/include/sensor_msgs/sensor_msgs/msg/detail/nav_sat_status__type_support.cpp
[36.016s] -- Installing: /root/ros_ws/src/Rescue_Car_ws/install/sensor_msgs/include/sensor_msgs/sensor_msgs/msg/detail/multi_dof_joint_state__type_support.cpp
[36.016s] -- Installing: /root/ros_ws/src/Rescue_Car_ws/install/sensor_msgs/include/sensor_msgs/sensor_msgs/msg/detail/fluid_pressure__type_support.cpp
[36.016s] -- Installing: /root/ros_ws/src/Rescue_Car_ws/install/sensor_msgs/include/sensor_msgs/sensor_msgs/msg/detail/joy_feedback__type_support.cpp
[36.016s] -- Installing: /root/ros_ws/src/Rescue_Car_ws/install/sensor_msgs/include/sensor_msgs/sensor_msgs/msg/detail/image__rosidl_typesupport_introspection_cpp.hpp
[36.016s] -- Installing: /root/ros_ws/src/Rescue_Car_ws/install/sensor_msgs/include/sensor_msgs/sensor_msgs/msg/detail/channel_float32__type_support.cpp
[36.016s] -- Installing: /root/ros_ws/src/Rescue_Car_ws/install/sensor_msgs/include/sensor_msgs/sensor_msgs/msg/detail/point_cloud__type_support.cpp
[36.016s] -- Installing: /root/ros_ws/src/Rescue_Car_ws/install/sensor_msgs/include/sensor_msgs/sensor_msgs/msg/detail/joy__type_support.cpp
[36.016s] -- Installing: /root/ros_ws/src/Rescue_Car_ws/install/sensor_msgs/include/sensor_msgs/sensor_msgs/msg/detail/joy_feedback_array__rosidl_typesupport_introspection_cpp.hpp
[36.016s] -- Installing: /root/ros_ws/src/Rescue_Car_ws/install/sensor_msgs/include/sensor_msgs/sensor_msgs/msg/detail/laser_scan__type_support.cpp
[36.016s] -- Installing: /root/ros_ws/src/Rescue_Car_ws/install/sensor_msgs/include/sensor_msgs/sensor_msgs/msg/detail/range__rosidl_typesupport_introspection_cpp.hpp
[36.016s] -- Installing: /root/ros_ws/src/Rescue_Car_ws/install/sensor_msgs/include/sensor_msgs/sensor_msgs/msg/detail/camera_info__rosidl_typesupport_introspection_cpp.hpp
[36.016s] -- Installing: /root/ros_ws/src/Rescue_Car_ws/install/sensor_msgs/include/sensor_msgs/sensor_msgs/msg/detail/region_of_interest__rosidl_typesupport_introspection_cpp.hpp
[36.016s] -- Installing: /root/ros_ws/src/Rescue_Car_ws/install/sensor_msgs/include/sensor_msgs/sensor_msgs/msg/detail/laser_echo__rosidl_typesupport_introspection_cpp.hpp
[36.017s] -- Installing: /root/ros_ws/src/Rescue_Car_ws/install/sensor_msgs/include/sensor_msgs/sensor_msgs/msg/detail/joint_state__type_support.cpp
[36.017s] -- Installing: /root/ros_ws/src/Rescue_Car_ws/install/sensor_msgs/include/sensor_msgs/sensor_msgs/msg/detail/image__type_support.cpp
[36.017s] -- Installing: /root/ros_ws/src/Rescue_Car_ws/install/sensor_msgs/include/sensor_msgs/sensor_msgs/msg/detail/compressed_image__type_support.cpp
[36.017s] -- Installing: /root/ros_ws/src/Rescue_Car_ws/install/sensor_msgs/include/sensor_msgs/sensor_msgs/msg/detail/magnetic_field__rosidl_typesupport_introspection_cpp.hpp
[36.017s] -- Installing: /root/ros_ws/src/Rescue_Car_ws/install/sensor_msgs/include/sensor_msgs/sensor_msgs/msg/detail/magnetic_field__type_support.cpp
[36.017s] -- Installing: /root/ros_ws/src/Rescue_Car_ws/install/sensor_msgs/include/sensor_msgs/sensor_msgs/msg/detail/illuminance__type_support.cpp
[36.017s] -- Installing: /root/ros_ws/src/Rescue_Car_ws/install/sensor_msgs/include/sensor_msgs/sensor_msgs/msg/detail/region_of_interest__type_support.cpp
[36.017s] -- Installing: /root/ros_ws/src/Rescue_Car_ws/install/sensor_msgs/include/sensor_msgs/sensor_msgs/msg/detail/point_field__type_support.cpp
[36.017s] -- Installing: /root/ros_ws/src/Rescue_Car_ws/install/sensor_msgs/include/sensor_msgs/sensor_msgs/msg/detail/nav_sat_fix__rosidl_typesupport_introspection_cpp.hpp
[36.017s] -- Installing: /root/ros_ws/src/Rescue_Car_ws/install/sensor_msgs/include/sensor_msgs/sensor_msgs/msg/detail/laser_scan__rosidl_typesupport_introspection_cpp.hpp
[36.017s] -- Installing: /root/ros_ws/src/Rescue_Car_ws/install/sensor_msgs/lib/libsensor_msgs__rosidl_typesupport_introspection_cpp.so
[36.017s] -- Set runtime path of "/root/ros_ws/src/Rescue_Car_ws/install/sensor_msgs/lib/libsensor_msgs__rosidl_typesupport_introspection_cpp.so" to ""
[36.017s] -- Installing: /root/ros_ws/src/Rescue_Car_ws/install/sensor_msgs/lib/libsensor_msgs__rosidl_typesupport_cpp.so
[36.017s] -- Set runtime path of "/root/ros_ws/src/Rescue_Car_ws/install/sensor_msgs/lib/libsensor_msgs__rosidl_typesupport_cpp.so" to ""
[36.017s] -- Installing: /root/ros_ws/src/Rescue_Car_ws/install/sensor_msgs/share/sensor_msgs/environment/pythonpath.sh
[36.018s] -- Installing: /root/ros_ws/src/Rescue_Car_ws/install/sensor_msgs/share/sensor_msgs/environment/pythonpath.dsv
[36.018s] -- Installing: /root/ros_ws/src/Rescue_Car_ws/install/sensor_msgs/local/lib/python3.10/dist-packages/sensor_msgs-4.9.0-py3.10.egg-info
[36.018s] -- Installing: /root/ros_ws/src/Rescue_Car_ws/install/sensor_msgs/local/lib/python3.10/dist-packages/sensor_msgs-4.9.0-py3.10.egg-info/dependency_links.txt
[36.018s] -- Installing: /root/ros_ws/src/Rescue_Car_ws/install/sensor_msgs/local/lib/python3.10/dist-packages/sensor_msgs-4.9.0-py3.10.egg-info/SOURCES.txt
[36.018s] -- Installing: /root/ros_ws/src/Rescue_Car_ws/install/sensor_msgs/local/lib/python3.10/dist-packages/sensor_msgs-4.9.0-py3.10.egg-info/PKG-INFO
[36.018s] -- Installing: /root/ros_ws/src/Rescue_Car_ws/install/sensor_msgs/local/lib/python3.10/dist-packages/sensor_msgs-4.9.0-py3.10.egg-info/top_level.txt
[36.018s] -- Installing: /root/ros_ws/src/Rescue_Car_ws/install/sensor_msgs/local/lib/python3.10/dist-packages/sensor_msgs
[36.018s] -- Installing: /root/ros_ws/src/Rescue_Car_ws/install/sensor_msgs/local/lib/python3.10/dist-packages/sensor_msgs/sensor_msgs_s__rosidl_typesupport_fastrtps_c.cpython-310-x86_64-linux-gnu.so
[36.018s] -- Installing: /root/ros_ws/src/Rescue_Car_ws/install/sensor_msgs/local/lib/python3.10/dist-packages/sensor_msgs/_sensor_msgs_s.ep.rosidl_typesupport_fastrtps_c.c
[36.018s] -- Installing: /root/ros_ws/src/Rescue_Car_ws/install/sensor_msgs/local/lib/python3.10/dist-packages/sensor_msgs/sensor_msgs_s__rosidl_typesupport_c.cpython-310-x86_64-linux-gnu.so
[36.018s] -- Installing: /root/ros_ws/src/Rescue_Car_ws/install/sensor_msgs/local/lib/python3.10/dist-packages/sensor_msgs/_sensor_msgs_s.ep.rosidl_typesupport_c.c
[36.018s] -- Installing: /root/ros_ws/src/Rescue_Car_ws/install/sensor_msgs/local/lib/python3.10/dist-packages/sensor_msgs/libsensor_msgs__rosidl_generator_py.so
[36.018s] -- Installing: /root/ros_ws/src/Rescue_Car_ws/install/sensor_msgs/local/lib/python3.10/dist-packages/sensor_msgs/srv
[36.018s] -- Installing: /root/ros_ws/src/Rescue_Car_ws/install/sensor_msgs/local/lib/python3.10/dist-packages/sensor_msgs/srv/_set_camera_info.py
[36.018s] -- Installing: /root/ros_ws/src/Rescue_Car_ws/install/sensor_msgs/local/lib/python3.10/dist-packages/sensor_msgs/srv/_set_camera_info_s.c
[36.019s] -- Installing: /root/ros_ws/src/Rescue_Car_ws/install/sensor_msgs/local/lib/python3.10/dist-packages/sensor_msgs/srv/__init__.py
[36.019s] -- Installing: /root/ros_ws/src/Rescue_Car_ws/install/sensor_msgs/local/lib/python3.10/dist-packages/sensor_msgs/__init__.py
[36.019s] -- Installing: /root/ros_ws/src/Rescue_Car_ws/install/sensor_msgs/local/lib/python3.10/dist-packages/sensor_msgs/msg
[36.019s] -- Installing: /root/ros_ws/src/Rescue_Car_ws/install/sensor_msgs/local/lib/python3.10/dist-packages/sensor_msgs/msg/_point_field.py
[36.019s] -- Installing: /root/ros_ws/src/Rescue_Car_ws/install/sensor_msgs/local/lib/python3.10/dist-packages/sensor_msgs/msg/_joy_feedback.py
[36.019s] -- Installing: /root/ros_ws/src/Rescue_Car_ws/install/sensor_msgs/local/lib/python3.10/dist-packages/sensor_msgs/msg/_region_of_interest.py
[36.019s] -- Installing: /root/ros_ws/src/Rescue_Car_ws/install/sensor_msgs/local/lib/python3.10/dist-packages/sensor_msgs/msg/_nav_sat_status.py
[36.019s] -- Installing: /root/ros_ws/src/Rescue_Car_ws/install/sensor_msgs/local/lib/python3.10/dist-packages/sensor_msgs/msg/_point_cloud2.py
[36.019s] -- Installing: /root/ros_ws/src/Rescue_Car_ws/install/sensor_msgs/local/lib/python3.10/dist-packages/sensor_msgs/msg/_battery_state_s.c
[36.019s] -- Installing: /root/ros_ws/src/Rescue_Car_ws/install/sensor_msgs/local/lib/python3.10/dist-packages/sensor_msgs/msg/_multi_echo_laser_scan_s.c
[36.019s] -- Installing: /root/ros_ws/src/Rescue_Car_ws/install/sensor_msgs/local/lib/python3.10/dist-packages/sensor_msgs/msg/_magnetic_field.py
[36.019s] -- Installing: /root/ros_ws/src/Rescue_Car_ws/install/sensor_msgs/local/lib/python3.10/dist-packages/sensor_msgs/msg/_nav_sat_status_s.c
[36.019s] -- Installing: /root/ros_ws/src/Rescue_Car_ws/install/sensor_msgs/local/lib/python3.10/dist-packages/sensor_msgs/msg/_camera_info.py
[36.019s] -- Installing: /root/ros_ws/src/Rescue_Car_ws/install/sensor_msgs/local/lib/python3.10/dist-packages/sensor_msgs/msg/_point_cloud2_s.c
[36.019s] -- Installing: /root/ros_ws/src/Rescue_Car_ws/install/sensor_msgs/local/lib/python3.10/dist-packages/sensor_msgs/msg/_compressed_image.py
[36.019s] -- Installing: /root/ros_ws/src/Rescue_Car_ws/install/sensor_msgs/local/lib/python3.10/dist-packages/sensor_msgs/msg/_laser_echo_s.c
[36.019s] -- Installing: /root/ros_ws/src/Rescue_Car_ws/install/sensor_msgs/local/lib/python3.10/dist-packages/sensor_msgs/msg/_fluid_pressure.py
[36.020s] -- Installing: /root/ros_ws/src/Rescue_Car_ws/install/sensor_msgs/local/lib/python3.10/dist-packages/sensor_msgs/msg/_relative_humidity_s.c
[36.020s] -- Installing: /root/ros_ws/src/Rescue_Car_ws/install/sensor_msgs/local/lib/python3.10/dist-packages/sensor_msgs/msg/_imu.py
[36.020s] -- Installing: /root/ros_ws/src/Rescue_Car_ws/install/sensor_msgs/local/lib/python3.10/dist-packages/sensor_msgs/msg/_joy_feedback_s.c
[36.020s] -- Installing: /root/ros_ws/src/Rescue_Car_ws/install/sensor_msgs/local/lib/python3.10/dist-packages/sensor_msgs/msg/_time_reference_s.c
[36.020s] -- Installing: /root/ros_ws/src/Rescue_Car_ws/install/sensor_msgs/local/lib/python3.10/dist-packages/sensor_msgs/msg/_joy_s.c
[36.020s] -- Installing: /root/ros_ws/src/Rescue_Car_ws/install/sensor_msgs/local/lib/python3.10/dist-packages/sensor_msgs/msg/_laser_scan_s.c
[36.020s] -- Installing: /root/ros_ws/src/Rescue_Car_ws/install/sensor_msgs/local/lib/python3.10/dist-packages/sensor_msgs/msg/_joint_state_s.c
[36.020s] -- Installing: /root/ros_ws/src/Rescue_Car_ws/install/sensor_msgs/local/lib/python3.10/dist-packages/sensor_msgs/msg/_laser_scan.py
[36.020s] -- Installing: /root/ros_ws/src/Rescue_Car_ws/install/sensor_msgs/local/lib/python3.10/dist-packages/sensor_msgs/msg/_multi_dof_joint_state_s.c
[36.020s] -- Installing: /root/ros_ws/src/Rescue_Car_ws/install/sensor_msgs/local/lib/python3.10/dist-packages/sensor_msgs/msg/_nav_sat_fix.py
[36.020s] -- Installing: /root/ros_ws/src/Rescue_Car_ws/install/sensor_msgs/local/lib/python3.10/dist-packages/sensor_msgs/msg/_laser_echo.py
[36.020s] -- Installing: /root/ros_ws/src/Rescue_Car_ws/install/sensor_msgs/local/lib/python3.10/dist-packages/sensor_msgs/msg/_fluid_pressure_s.c
[36.020s] -- Installing: /root/ros_ws/src/Rescue_Car_ws/install/sensor_msgs/local/lib/python3.10/dist-packages/sensor_msgs/msg/_battery_state.py
[36.020s] -- Installing: /root/ros_ws/src/Rescue_Car_ws/install/sensor_msgs/local/lib/python3.10/dist-packages/sensor_msgs/msg/_multi_echo_laser_scan.py
[36.020s] -- Installing: /root/ros_ws/src/Rescue_Car_ws/install/sensor_msgs/local/lib/python3.10/dist-packages/sensor_msgs/msg/_compressed_image_s.c
[36.021s] -- Installing: /root/ros_ws/src/Rescue_Car_ws/install/sensor_msgs/local/lib/python3.10/dist-packages/sensor_msgs/msg/_joint_state.py
[36.021s] -- Installing: /root/ros_ws/src/Rescue_Car_ws/install/sensor_msgs/local/lib/python3.10/dist-packages/sensor_msgs/msg/_illuminance.py
[36.021s] -- Installing: /root/ros_ws/src/Rescue_Car_ws/install/sensor_msgs/local/lib/python3.10/dist-packages/sensor_msgs/msg/_range.py
[36.021s] -- Installing: /root/ros_ws/src/Rescue_Car_ws/install/sensor_msgs/local/lib/python3.10/dist-packages/sensor_msgs/msg/_channel_float32.py
[36.021s] -- Installing: /root/ros_ws/src/Rescue_Car_ws/install/sensor_msgs/local/lib/python3.10/dist-packages/sensor_msgs/msg/_time_reference.py
[36.021s] -- Installing: /root/ros_ws/src/Rescue_Car_ws/install/sensor_msgs/local/lib/python3.10/dist-packages/sensor_msgs/msg/_camera_info_s.c
[36.021s] -- Installing: /root/ros_ws/src/Rescue_Car_ws/install/sensor_msgs/local/lib/python3.10/dist-packages/sensor_msgs/msg/_point_field_s.c
[36.021s] -- Installing: /root/ros_ws/src/Rescue_Car_ws/install/sensor_msgs/local/lib/python3.10/dist-packages/sensor_msgs/msg/_range_s.c
[36.021s] -- Installing: /root/ros_ws/src/Rescue_Car_ws/install/sensor_msgs/local/lib/python3.10/dist-packages/sensor_msgs/msg/_image_s.c
[36.021s] -- Installing: /root/ros_ws/src/Rescue_Car_ws/install/sensor_msgs/local/lib/python3.10/dist-packages/sensor_msgs/msg/_temperature_s.c
[36.021s] -- Installing: /root/ros_ws/src/Rescue_Car_ws/install/sensor_msgs/local/lib/python3.10/dist-packages/sensor_msgs/msg/_joy.py
[36.022s] -- Installing: /root/ros_ws/src/Rescue_Car_ws/install/sensor_msgs/local/lib/python3.10/dist-packages/sensor_msgs/msg/_joy_feedback_array.py
[36.022s] -- Installing: /root/ros_ws/src/Rescue_Car_ws/install/sensor_msgs/local/lib/python3.10/dist-packages/sensor_msgs/msg/_multi_dof_joint_state.py
[36.022s] -- Installing: /root/ros_ws/src/Rescue_Car_ws/install/sensor_msgs/local/lib/python3.10/dist-packages/sensor_msgs/msg/_temperature.py
[36.022s] -- Installing: /root/ros_ws/src/Rescue_Car_ws/install/sensor_msgs/local/lib/python3.10/dist-packages/sensor_msgs/msg/_magnetic_field_s.c
[36.022s] -- Installing: /root/ros_ws/src/Rescue_Car_ws/install/sensor_msgs/local/lib/python3.10/dist-packages/sensor_msgs/msg/_nav_sat_fix_s.c
[36.022s] -- Installing: /root/ros_ws/src/Rescue_Car_ws/install/sensor_msgs/local/lib/python3.10/dist-packages/sensor_msgs/msg/__init__.py
[36.022s] -- Installing: /root/ros_ws/src/Rescue_Car_ws/install/sensor_msgs/local/lib/python3.10/dist-packages/sensor_msgs/msg/_point_cloud_s.c
[36.022s] -- Installing: /root/ros_ws/src/Rescue_Car_ws/install/sensor_msgs/local/lib/python3.10/dist-packages/sensor_msgs/msg/_imu_s.c
[36.022s] -- Installing: /root/ros_ws/src/Rescue_Car_ws/install/sensor_msgs/local/lib/python3.10/dist-packages/sensor_msgs/msg/_region_of_interest_s.c
[36.022s] -- Installing: /root/ros_ws/src/Rescue_Car_ws/install/sensor_msgs/local/lib/python3.10/dist-packages/sensor_msgs/msg/_channel_float32_s.c
[36.022s] -- Installing: /root/ros_ws/src/Rescue_Car_ws/install/sensor_msgs/local/lib/python3.10/dist-packages/sensor_msgs/msg/_point_cloud.py
[36.022s] -- Installing: /root/ros_ws/src/Rescue_Car_ws/install/sensor_msgs/local/lib/python3.10/dist-packages/sensor_msgs/msg/_illuminance_s.c
[36.022s] -- Installing: /root/ros_ws/src/Rescue_Car_ws/install/sensor_msgs/local/lib/python3.10/dist-packages/sensor_msgs/msg/_joy_feedback_array_s.c
[36.022s] -- Installing: /root/ros_ws/src/Rescue_Car_ws/install/sensor_msgs/local/lib/python3.10/dist-packages/sensor_msgs/msg/_relative_humidity.py
[36.022s] -- Installing: /root/ros_ws/src/Rescue_Car_ws/install/sensor_msgs/local/lib/python3.10/dist-packages/sensor_msgs/msg/_image.py
[36.023s] -- Installing: /root/ros_ws/src/Rescue_Car_ws/install/sensor_msgs/local/lib/python3.10/dist-packages/sensor_msgs/_sensor_msgs_s.ep.rosidl_typesupport_introspection_c.c
[36.023s] -- Installing: /root/ros_ws/src/Rescue_Car_ws/install/sensor_msgs/local/lib/python3.10/dist-packages/sensor_msgs/sensor_msgs_s__rosidl_typesupport_introspection_c.cpython-310-x86_64-linux-gnu.so
[36.090s] Listing '/root/ros_ws/src/Rescue_Car_ws/install/sensor_msgs/local/lib/python3.10/dist-packages/sensor_msgs'...
[36.090s] Compiling '/root/ros_ws/src/Rescue_Car_ws/install/sensor_msgs/local/lib/python3.10/dist-packages/sensor_msgs/__init__.py'...
[36.090s] Listing '/root/ros_ws/src/Rescue_Car_ws/install/sensor_msgs/local/lib/python3.10/dist-packages/sensor_msgs/msg'...
[36.090s] Compiling '/root/ros_ws/src/Rescue_Car_ws/install/sensor_msgs/local/lib/python3.10/dist-packages/sensor_msgs/msg/__init__.py'...
[36.090s] Compiling '/root/ros_ws/src/Rescue_Car_ws/install/sensor_msgs/local/lib/python3.10/dist-packages/sensor_msgs/msg/_battery_state.py'...
[36.090s] Compiling '/root/ros_ws/src/Rescue_Car_ws/install/sensor_msgs/local/lib/python3.10/dist-packages/sensor_msgs/msg/_camera_info.py'...
[36.090s] Compiling '/root/ros_ws/src/Rescue_Car_ws/install/sensor_msgs/local/lib/python3.10/dist-packages/sensor_msgs/msg/_channel_float32.py'...
[36.090s] Compiling '/root/ros_ws/src/Rescue_Car_ws/install/sensor_msgs/local/lib/python3.10/dist-packages/sensor_msgs/msg/_compressed_image.py'...
[36.090s] Compiling '/root/ros_ws/src/Rescue_Car_ws/install/sensor_msgs/local/lib/python3.10/dist-packages/sensor_msgs/msg/_fluid_pressure.py'...
[36.090s] Compiling '/root/ros_ws/src/Rescue_Car_ws/install/sensor_msgs/local/lib/python3.10/dist-packages/sensor_msgs/msg/_illuminance.py'...
[36.091s] Compiling '/root/ros_ws/src/Rescue_Car_ws/install/sensor_msgs/local/lib/python3.10/dist-packages/sensor_msgs/msg/_image.py'...
[36.091s] Compiling '/root/ros_ws/src/Rescue_Car_ws/install/sensor_msgs/local/lib/python3.10/dist-packages/sensor_msgs/msg/_imu.py'...
[36.091s] Compiling '/root/ros_ws/src/Rescue_Car_ws/install/sensor_msgs/local/lib/python3.10/dist-packages/sensor_msgs/msg/_joint_state.py'...
[36.091s] Compiling '/root/ros_ws/src/Rescue_Car_ws/install/sensor_msgs/local/lib/python3.10/dist-packages/sensor_msgs/msg/_joy.py'...
[36.091s] Compiling '/root/ros_ws/src/Rescue_Car_ws/install/sensor_msgs/local/lib/python3.10/dist-packages/sensor_msgs/msg/_joy_feedback.py'...
[36.091s] Compiling '/root/ros_ws/src/Rescue_Car_ws/install/sensor_msgs/local/lib/python3.10/dist-packages/sensor_msgs/msg/_joy_feedback_array.py'...
[36.091s] Compiling '/root/ros_ws/src/Rescue_Car_ws/install/sensor_msgs/local/lib/python3.10/dist-packages/sensor_msgs/msg/_laser_echo.py'...
[36.091s] Compiling '/root/ros_ws/src/Rescue_Car_ws/install/sensor_msgs/local/lib/python3.10/dist-packages/sensor_msgs/msg/_laser_scan.py'...
[36.091s] Compiling '/root/ros_ws/src/Rescue_Car_ws/install/sensor_msgs/local/lib/python3.10/dist-packages/sensor_msgs/msg/_magnetic_field.py'...
[36.091s] Compiling '/root/ros_ws/src/Rescue_Car_ws/install/sensor_msgs/local/lib/python3.10/dist-packages/sensor_msgs/msg/_multi_dof_joint_state.py'...
[36.091s] Compiling '/root/ros_ws/src/Rescue_Car_ws/install/sensor_msgs/local/lib/python3.10/dist-packages/sensor_msgs/msg/_multi_echo_laser_scan.py'...
[36.091s] Compiling '/root/ros_ws/src/Rescue_Car_ws/install/sensor_msgs/local/lib/python3.10/dist-packages/sensor_msgs/msg/_nav_sat_fix.py'...
[36.091s] Compiling '/root/ros_ws/src/Rescue_Car_ws/install/sensor_msgs/local/lib/python3.10/dist-packages/sensor_msgs/msg/_nav_sat_status.py'...
[36.091s] Compiling '/root/ros_ws/src/Rescue_Car_ws/install/sensor_msgs/local/lib/python3.10/dist-packages/sensor_msgs/msg/_point_cloud.py'...
[36.091s] Compiling '/root/ros_ws/src/Rescue_Car_ws/install/sensor_msgs/local/lib/python3.10/dist-packages/sensor_msgs/msg/_point_cloud2.py'...
[36.091s] Compiling '/root/ros_ws/src/Rescue_Car_ws/install/sensor_msgs/local/lib/python3.10/dist-packages/sensor_msgs/msg/_point_field.py'...
[36.091s] Compiling '/root/ros_ws/src/Rescue_Car_ws/install/sensor_msgs/local/lib/python3.10/dist-packages/sensor_msgs/msg/_range.py'...
[36.091s] Compiling '/root/ros_ws/src/Rescue_Car_ws/install/sensor_msgs/local/lib/python3.10/dist-packages/sensor_msgs/msg/_region_of_interest.py'...
[36.091s] Compiling '/root/ros_ws/src/Rescue_Car_ws/install/sensor_msgs/local/lib/python3.10/dist-packages/sensor_msgs/msg/_relative_humidity.py'...
[36.091s] Compiling '/root/ros_ws/src/Rescue_Car_ws/install/sensor_msgs/local/lib/python3.10/dist-packages/sensor_msgs/msg/_temperature.py'...
[36.091s] Compiling '/root/ros_ws/src/Rescue_Car_ws/install/sensor_msgs/local/lib/python3.10/dist-packages/sensor_msgs/msg/_time_reference.py'...
[36.092s] Listing '/root/ros_ws/src/Rescue_Car_ws/install/sensor_msgs/local/lib/python3.10/dist-packages/sensor_msgs/srv'...
[36.092s] Compiling '/root/ros_ws/src/Rescue_Car_ws/install/sensor_msgs/local/lib/python3.10/dist-packages/sensor_msgs/srv/__init__.py'...
[36.092s] Compiling '/root/ros_ws/src/Rescue_Car_ws/install/sensor_msgs/local/lib/python3.10/dist-packages/sensor_msgs/srv/_set_camera_info.py'...
[36.097s] -- Installing: /root/ros_ws/src/Rescue_Car_ws/install/sensor_msgs/local/lib/python3.10/dist-packages/sensor_msgs/sensor_msgs_s__rosidl_typesupport_fastrtps_c.cpython-310-x86_64-linux-gnu.so
[36.097s] -- Set runtime path of "/root/ros_ws/src/Rescue_Car_ws/install/sensor_msgs/local/lib/python3.10/dist-packages/sensor_msgs/sensor_msgs_s__rosidl_typesupport_fastrtps_c.cpython-310-x86_64-linux-gnu.so" to ""
[36.097s] -- Installing: /root/ros_ws/src/Rescue_Car_ws/install/sensor_msgs/local/lib/python3.10/dist-packages/sensor_msgs/sensor_msgs_s__rosidl_typesupport_introspection_c.cpython-310-x86_64-linux-gnu.so
[36.098s] -- Set runtime path of "/root/ros_ws/src/Rescue_Car_ws/install/sensor_msgs/local/lib/python3.10/dist-packages/sensor_msgs/sensor_msgs_s__rosidl_typesupport_introspection_c.cpython-310-x86_64-linux-gnu.so" to ""
[36.098s] -- Installing: /root/ros_ws/src/Rescue_Car_ws/install/sensor_msgs/local/lib/python3.10/dist-packages/sensor_msgs/sensor_msgs_s__rosidl_typesupport_c.cpython-310-x86_64-linux-gnu.so
[36.098s] -- Set runtime path of "/root/ros_ws/src/Rescue_Car_ws/install/sensor_msgs/local/lib/python3.10/dist-packages/sensor_msgs/sensor_msgs_s__rosidl_typesupport_c.cpython-310-x86_64-linux-gnu.so" to ""
[36.098s] -- Installing: /root/ros_ws/src/Rescue_Car_ws/install/sensor_msgs/lib/libsensor_msgs__rosidl_generator_py.so
[36.099s] -- Set runtime path of "/root/ros_ws/src/Rescue_Car_ws/install/sensor_msgs/lib/libsensor_msgs__rosidl_generator_py.so" to ""
[36.099s] -- Installing: /root/ros_ws/src/Rescue_Car_ws/install/sensor_msgs/share/sensor_msgs/msg/BatteryState.idl
[36.099s] -- Installing: /root/ros_ws/src/Rescue_Car_ws/install/sensor_msgs/share/sensor_msgs/msg/CameraInfo.idl
[36.099s] -- Installing: /root/ros_ws/src/Rescue_Car_ws/install/sensor_msgs/share/sensor_msgs/msg/ChannelFloat32.idl
[36.100s] -- Installing: /root/ros_ws/src/Rescue_Car_ws/install/sensor_msgs/share/sensor_msgs/msg/CompressedImage.idl
[36.100s] -- Installing: /root/ros_ws/src/Rescue_Car_ws/install/sensor_msgs/share/sensor_msgs/msg/FluidPressure.idl
[36.100s] -- Installing: /root/ros_ws/src/Rescue_Car_ws/install/sensor_msgs/share/sensor_msgs/msg/Illuminance.idl
[36.100s] -- Installing: /root/ros_ws/src/Rescue_Car_ws/install/sensor_msgs/share/sensor_msgs/msg/Image.idl
[36.100s] -- Installing: /root/ros_ws/src/Rescue_Car_ws/install/sensor_msgs/share/sensor_msgs/msg/Imu.idl
[36.101s] -- Installing: /root/ros_ws/src/Rescue_Car_ws/install/sensor_msgs/share/sensor_msgs/msg/JointState.idl
[36.101s] -- Installing: /root/ros_ws/src/Rescue_Car_ws/install/sensor_msgs/share/sensor_msgs/msg/Joy.idl
[36.101s] -- Installing: /root/ros_ws/src/Rescue_Car_ws/install/sensor_msgs/share/sensor_msgs/msg/JoyFeedback.idl
[36.101s] -- Installing: /root/ros_ws/src/Rescue_Car_ws/install/sensor_msgs/share/sensor_msgs/msg/JoyFeedbackArray.idl
[36.101s] -- Installing: /root/ros_ws/src/Rescue_Car_ws/install/sensor_msgs/share/sensor_msgs/msg/LaserEcho.idl
[36.102s] -- Installing: /root/ros_ws/src/Rescue_Car_ws/install/sensor_msgs/share/sensor_msgs/msg/LaserScan.idl
[36.102s] -- Installing: /root/ros_ws/src/Rescue_Car_ws/install/sensor_msgs/share/sensor_msgs/msg/MagneticField.idl
[36.102s] -- Installing: /root/ros_ws/src/Rescue_Car_ws/install/sensor_msgs/share/sensor_msgs/msg/MultiDOFJointState.idl
[36.102s] -- Installing: /root/ros_ws/src/Rescue_Car_ws/install/sensor_msgs/share/sensor_msgs/msg/MultiEchoLaserScan.idl
[36.102s] -- Installing: /root/ros_ws/src/Rescue_Car_ws/install/sensor_msgs/share/sensor_msgs/msg/NavSatFix.idl
[36.102s] -- Installing: /root/ros_ws/src/Rescue_Car_ws/install/sensor_msgs/share/sensor_msgs/msg/NavSatStatus.idl
[36.102s] -- Installing: /root/ros_ws/src/Rescue_Car_ws/install/sensor_msgs/share/sensor_msgs/msg/PointCloud.idl
[36.102s] -- Installing: /root/ros_ws/src/Rescue_Car_ws/install/sensor_msgs/share/sensor_msgs/msg/PointCloud2.idl
[36.102s] -- Installing: /root/ros_ws/src/Rescue_Car_ws/install/sensor_msgs/share/sensor_msgs/msg/PointField.idl
[36.103s] -- Installing: /root/ros_ws/src/Rescue_Car_ws/install/sensor_msgs/share/sensor_msgs/msg/Range.idl
[36.103s] -- Installing: /root/ros_ws/src/Rescue_Car_ws/install/sensor_msgs/share/sensor_msgs/msg/RegionOfInterest.idl
[36.103s] -- Installing: /root/ros_ws/src/Rescue_Car_ws/install/sensor_msgs/share/sensor_msgs/msg/RelativeHumidity.idl
[36.103s] -- Installing: /root/ros_ws/src/Rescue_Car_ws/install/sensor_msgs/share/sensor_msgs/msg/Temperature.idl
[36.103s] -- Installing: /root/ros_ws/src/Rescue_Car_ws/install/sensor_msgs/share/sensor_msgs/msg/TimeReference.idl
[36.103s] -- Installing: /root/ros_ws/src/Rescue_Car_ws/install/sensor_msgs/share/sensor_msgs/srv/SetCameraInfo.idl
[36.103s] -- Installing: /root/ros_ws/src/Rescue_Car_ws/install/sensor_msgs/share/sensor_msgs/msg/BatteryState.msg
[36.103s] -- Installing: /root/ros_ws/src/Rescue_Car_ws/install/sensor_msgs/share/sensor_msgs/msg/CameraInfo.msg
[36.103s] -- Installing: /root/ros_ws/src/Rescue_Car_ws/install/sensor_msgs/share/sensor_msgs/msg/ChannelFloat32.msg
[36.104s] -- Installing: /root/ros_ws/src/Rescue_Car_ws/install/sensor_msgs/share/sensor_msgs/msg/CompressedImage.msg
[36.104s] -- Installing: /root/ros_ws/src/Rescue_Car_ws/install/sensor_msgs/share/sensor_msgs/msg/FluidPressure.msg
[36.104s] -- Installing: /root/ros_ws/src/Rescue_Car_ws/install/sensor_msgs/share/sensor_msgs/msg/Illuminance.msg
[36.104s] -- Installing: /root/ros_ws/src/Rescue_Car_ws/install/sensor_msgs/share/sensor_msgs/msg/Image.msg
[36.105s] -- Installing: /root/ros_ws/src/Rescue_Car_ws/install/sensor_msgs/share/sensor_msgs/msg/Imu.msg
[36.105s] -- Installing: /root/ros_ws/src/Rescue_Car_ws/install/sensor_msgs/share/sensor_msgs/msg/JointState.msg
[36.105s] -- Installing: /root/ros_ws/src/Rescue_Car_ws/install/sensor_msgs/share/sensor_msgs/msg/Joy.msg
[36.105s] -- Installing: /root/ros_ws/src/Rescue_Car_ws/install/sensor_msgs/share/sensor_msgs/msg/JoyFeedback.msg
[36.105s] -- Installing: /root/ros_ws/src/Rescue_Car_ws/install/sensor_msgs/share/sensor_msgs/msg/JoyFeedbackArray.msg
[36.105s] -- Installing: /root/ros_ws/src/Rescue_Car_ws/install/sensor_msgs/share/sensor_msgs/msg/LaserEcho.msg
[36.105s] -- Installing: /root/ros_ws/src/Rescue_Car_ws/install/sensor_msgs/share/sensor_msgs/msg/LaserScan.msg
[36.106s] -- Installing: /root/ros_ws/src/Rescue_Car_ws/install/sensor_msgs/share/sensor_msgs/msg/MagneticField.msg
[36.106s] -- Installing: /root/ros_ws/src/Rescue_Car_ws/install/sensor_msgs/share/sensor_msgs/msg/MultiDOFJointState.msg
[36.106s] -- Installing: /root/ros_ws/src/Rescue_Car_ws/install/sensor_msgs/share/sensor_msgs/msg/MultiEchoLaserScan.msg
[36.106s] -- Installing: /root/ros_ws/src/Rescue_Car_ws/install/sensor_msgs/share/sensor_msgs/msg/NavSatFix.msg
[36.106s] -- Installing: /root/ros_ws/src/Rescue_Car_ws/install/sensor_msgs/share/sensor_msgs/msg/NavSatStatus.msg
[36.106s] -- Installing: /root/ros_ws/src/Rescue_Car_ws/install/sensor_msgs/share/sensor_msgs/msg/PointCloud.msg
[36.106s] -- Installing: /root/ros_ws/src/Rescue_Car_ws/install/sensor_msgs/share/sensor_msgs/msg/PointCloud2.msg
[36.106s] -- Installing: /root/ros_ws/src/Rescue_Car_ws/install/sensor_msgs/share/sensor_msgs/msg/PointField.msg
[36.107s] -- Installing: /root/ros_ws/src/Rescue_Car_ws/install/sensor_msgs/share/sensor_msgs/msg/Range.msg
[36.107s] -- Installing: /root/ros_ws/src/Rescue_Car_ws/install/sensor_msgs/share/sensor_msgs/msg/RegionOfInterest.msg
[36.107s] -- Installing: /root/ros_ws/src/Rescue_Car_ws/install/sensor_msgs/share/sensor_msgs/msg/RelativeHumidity.msg
[36.107s] -- Installing: /root/ros_ws/src/Rescue_Car_ws/install/sensor_msgs/share/sensor_msgs/msg/Temperature.msg
[36.107s] -- Installing: /root/ros_ws/src/Rescue_Car_ws/install/sensor_msgs/share/sensor_msgs/msg/TimeReference.msg
[36.107s] -- Installing: /root/ros_ws/src/Rescue_Car_ws/install/sensor_msgs/share/sensor_msgs/srv/SetCameraInfo.srv
[36.107s] -- Installing: /root/ros_ws/src/Rescue_Car_ws/install/sensor_msgs/share/sensor_msgs/srv/SetCameraInfo_Request.msg
[36.107s] -- Installing: /root/ros_ws/src/Rescue_Car_ws/install/sensor_msgs/share/sensor_msgs/srv/SetCameraInfo_Response.msg
[36.107s] -- Up-to-date: /root/ros_ws/src/Rescue_Car_ws/install/sensor_msgs/include/sensor_msgs
[36.107s] -- Up-to-date: /root/ros_ws/src/Rescue_Car_ws/install/sensor_msgs/include/sensor_msgs/sensor_msgs
[36.107s] -- Installing: /root/ros_ws/src/Rescue_Car_ws/install/sensor_msgs/include/sensor_msgs/sensor_msgs/fill_image.hpp
[36.107s] -- Installing: /root/ros_ws/src/Rescue_Car_ws/install/sensor_msgs/include/sensor_msgs/sensor_msgs/point_field_conversion.hpp
[36.107s] -- Installing: /root/ros_ws/src/Rescue_Car_ws/install/sensor_msgs/include/sensor_msgs/sensor_msgs/point_cloud2_iterator.hpp
[36.107s] -- Installing: /root/ros_ws/src/Rescue_Car_ws/install/sensor_msgs/include/sensor_msgs/sensor_msgs/distortion_models.hpp
[36.107s] -- Installing: /root/ros_ws/src/Rescue_Car_ws/install/sensor_msgs/include/sensor_msgs/sensor_msgs/impl
[36.108s] -- Installing: /root/ros_ws/src/Rescue_Car_ws/install/sensor_msgs/include/sensor_msgs/sensor_msgs/impl/point_cloud2_iterator.hpp
[36.108s] -- Installing: /root/ros_ws/src/Rescue_Car_ws/install/sensor_msgs/include/sensor_msgs/sensor_msgs/point_cloud_conversion.hpp
[36.108s] -- Installing: /root/ros_ws/src/Rescue_Car_ws/install/sensor_msgs/include/sensor_msgs/sensor_msgs/image_encodings.hpp
[36.108s] -- Installing: /root/ros_ws/src/Rescue_Car_ws/install/sensor_msgs/share/ament_index/resource_index/package_run_dependencies/sensor_msgs
[36.108s] -- Installing: /root/ros_ws/src/Rescue_Car_ws/install/sensor_msgs/share/ament_index/resource_index/parent_prefix_path/sensor_msgs
[36.108s] -- Installing: /root/ros_ws/src/Rescue_Car_ws/install/sensor_msgs/share/sensor_msgs/environment/ament_prefix_path.sh
[36.108s] -- Installing: /root/ros_ws/src/Rescue_Car_ws/install/sensor_msgs/share/sensor_msgs/environment/ament_prefix_path.dsv
[36.108s] -- Installing: /root/ros_ws/src/Rescue_Car_ws/install/sensor_msgs/share/sensor_msgs/environment/path.sh
[36.108s] -- Installing: /root/ros_ws/src/Rescue_Car_ws/install/sensor_msgs/share/sensor_msgs/environment/path.dsv
[36.108s] -- Installing: /root/ros_ws/src/Rescue_Car_ws/install/sensor_msgs/share/sensor_msgs/local_setup.bash
[36.108s] -- Installing: /root/ros_ws/src/Rescue_Car_ws/install/sensor_msgs/share/sensor_msgs/local_setup.sh
[36.108s] -- Installing: /root/ros_ws/src/Rescue_Car_ws/install/sensor_msgs/share/sensor_msgs/local_setup.zsh
[36.108s] -- Installing: /root/ros_ws/src/Rescue_Car_ws/install/sensor_msgs/share/sensor_msgs/local_setup.dsv
[36.108s] -- Installing: /root/ros_ws/src/Rescue_Car_ws/install/sensor_msgs/share/sensor_msgs/package.dsv
[36.109s] -- Installing: /root/ros_ws/src/Rescue_Car_ws/install/sensor_msgs/share/ament_index/resource_index/packages/sensor_msgs
[36.109s] -- Installing: /root/ros_ws/src/Rescue_Car_ws/install/sensor_msgs/share/sensor_msgs/cmake/export_sensor_msgs__rosidl_generator_cExport.cmake
[36.109s] -- Installing: /root/ros_ws/src/Rescue_Car_ws/install/sensor_msgs/share/sensor_msgs/cmake/export_sensor_msgs__rosidl_generator_cExport-noconfig.cmake
[36.109s] -- Installing: /root/ros_ws/src/Rescue_Car_ws/install/sensor_msgs/share/sensor_msgs/cmake/export_sensor_msgs__rosidl_typesupport_fastrtps_cExport.cmake
[36.109s] -- Installing: /root/ros_ws/src/Rescue_Car_ws/install/sensor_msgs/share/sensor_msgs/cmake/export_sensor_msgs__rosidl_typesupport_fastrtps_cExport-noconfig.cmake
[36.110s] -- Installing: /root/ros_ws/src/Rescue_Car_ws/install/sensor_msgs/share/sensor_msgs/cmake/export_sensor_msgs__rosidl_generator_cppExport.cmake
[36.110s] -- Installing: /root/ros_ws/src/Rescue_Car_ws/install/sensor_msgs/share/sensor_msgs/cmake/export_sensor_msgs__rosidl_typesupport_fastrtps_cppExport.cmake
[36.110s] -- Installing: /root/ros_ws/src/Rescue_Car_ws/install/sensor_msgs/share/sensor_msgs/cmake/export_sensor_msgs__rosidl_typesupport_fastrtps_cppExport-noconfig.cmake
[36.110s] -- Installing: /root/ros_ws/src/Rescue_Car_ws/install/sensor_msgs/share/sensor_msgs/cmake/sensor_msgs__rosidl_typesupport_introspection_cExport.cmake
[36.110s] -- Installing: /root/ros_ws/src/Rescue_Car_ws/install/sensor_msgs/share/sensor_msgs/cmake/sensor_msgs__rosidl_typesupport_introspection_cExport-noconfig.cmake
[36.111s] -- Installing: /root/ros_ws/src/Rescue_Car_ws/install/sensor_msgs/share/sensor_msgs/cmake/sensor_msgs__rosidl_typesupport_cExport.cmake
[36.111s] -- Installing: /root/ros_ws/src/Rescue_Car_ws/install/sensor_msgs/share/sensor_msgs/cmake/sensor_msgs__rosidl_typesupport_cExport-noconfig.cmake
[36.111s] -- Installing: /root/ros_ws/src/Rescue_Car_ws/install/sensor_msgs/share/sensor_msgs/cmake/sensor_msgs__rosidl_typesupport_introspection_cppExport.cmake
[36.111s] -- Installing: /root/ros_ws/src/Rescue_Car_ws/install/sensor_msgs/share/sensor_msgs/cmake/sensor_msgs__rosidl_typesupport_introspection_cppExport-noconfig.cmake
[36.111s] -- Installing: /root/ros_ws/src/Rescue_Car_ws/install/sensor_msgs/share/sensor_msgs/cmake/sensor_msgs__rosidl_typesupport_cppExport.cmake
[36.111s] -- Installing: /root/ros_ws/src/Rescue_Car_ws/install/sensor_msgs/share/sensor_msgs/cmake/sensor_msgs__rosidl_typesupport_cppExport-noconfig.cmake
[36.112s] -- Installing: /root/ros_ws/src/Rescue_Car_ws/install/sensor_msgs/share/sensor_msgs/cmake/export_sensor_msgs__rosidl_generator_pyExport.cmake
[36.112s] -- Installing: /root/ros_ws/src/Rescue_Car_ws/install/sensor_msgs/share/sensor_msgs/cmake/export_sensor_msgs__rosidl_generator_pyExport-noconfig.cmake
[36.112s] -- Installing: /root/ros_ws/src/Rescue_Car_ws/install/sensor_msgs/share/sensor_msgs/cmake/export_sensor_msgsExport.cmake
[36.112s] -- Installing: /root/ros_ws/src/Rescue_Car_ws/install/sensor_msgs/share/sensor_msgs/cmake/rosidl_cmake-extras.cmake
[36.113s] -- Installing: /root/ros_ws/src/Rescue_Car_ws/install/sensor_msgs/share/sensor_msgs/cmake/ament_cmake_export_dependencies-extras.cmake
[36.113s] -- Installing: /root/ros_ws/src/Rescue_Car_ws/install/sensor_msgs/share/sensor_msgs/cmake/ament_cmake_export_include_directories-extras.cmake
[36.113s] -- Installing: /root/ros_ws/src/Rescue_Car_ws/install/sensor_msgs/share/sensor_msgs/cmake/ament_cmake_export_libraries-extras.cmake
[36.113s] -- Installing: /root/ros_ws/src/Rescue_Car_ws/install/sensor_msgs/share/sensor_msgs/cmake/ament_cmake_export_targets-extras.cmake
[36.114s] -- Installing: /root/ros_ws/src/Rescue_Car_ws/install/sensor_msgs/share/sensor_msgs/cmake/rosidl_cmake_export_typesupport_targets-extras.cmake
[36.114s] -- Installing: /root/ros_ws/src/Rescue_Car_ws/install/sensor_msgs/share/sensor_msgs/cmake/rosidl_cmake_export_typesupport_libraries-extras.cmake
[36.114s] -- Installing: /root/ros_ws/src/Rescue_Car_ws/install/sensor_msgs/share/sensor_msgs/cmake/sensor_msgsConfig.cmake
[36.114s] -- Installing: /root/ros_ws/src/Rescue_Car_ws/install/sensor_msgs/share/sensor_msgs/cmake/sensor_msgsConfig-version.cmake
[36.114s] -- Installing: /root/ros_ws/src/Rescue_Car_ws/install/sensor_msgs/share/sensor_msgs/package.xml
[36.117s] Invoked command in '/root/ros_ws/src/Rescue_Car_ws/build/sensor_msgs' returned '0': AMENT_PREFIX_PATH=/root/ros_ws/src/Rescue_Car_ws/install/geometry_msgs:/root/ros_ws/src/Rescue_Car_ws/install/std_msgs:/root/ros_ws/src/Rescue_Car_ws/install/builtin_interfaces:${AMENT_PREFIX_PATH} CMAKE_PREFIX_PATH=/root/ros_ws/src/Rescue_Car_ws/install/geometry_msgs:/root/ros_ws/src/Rescue_Car_ws/install/std_msgs:/root/ros_ws/src/Rescue_Car_ws/install/builtin_interfaces:/opt/ros/humble LD_LIBRARY_PATH=/root/ros_ws/src/Rescue_Car_ws/install/geometry_msgs/lib:/root/ros_ws/src/Rescue_Car_ws/install/std_msgs/lib:/root/ros_ws/src/Rescue_Car_ws/install/builtin_interfaces/lib:${LD_LIBRARY_PATH} PYTHONPATH=/root/ros_ws/src/Rescue_Car_ws/install/geometry_msgs/local/lib/python3.10/dist-packages:/root/ros_ws/src/Rescue_Car_ws/install/std_msgs/local/lib/python3.10/dist-packages:/root/ros_ws/src/Rescue_Car_ws/install/builtin_interfaces/local/lib/python3.10/dist-packages:${PYTHONPATH} /usr/bin/cmake --install /root/ros_ws/src/Rescue_Car_ws/build/sensor_msgs
