-- The C compiler identification is GNU 11.4.0
-- The CXX compiler identification is GNU 11.4.0
-- Detecting C compiler ABI info
-- Detecting C compiler ABI info - done
-- Check for working C compiler: /usr/bin/cc - skipped
-- Detecting C compile features
-- Detecting C compile features - done
-- Detecting CXX compiler ABI info
-- Detecting CXX compiler ABI info - done
-- Check for working CXX compiler: /usr/bin/c++ - skipped
-- Detecting CXX compile features
-- Detecting CXX compile features - done
-- Found ament_cmake: 1.3.12 (/opt/ros/humble/share/ament_cmake/cmake)
-- Found Python3: /usr/bin/python3 (found version "3.10.12") found components: Interpreter 
-- Configuring done
-- Generating done
-- Build files have been written to: /root/ros_ws/src/Rescue_Car_ws/build/micro_ros_demos_rclc
[  1%] [34m[1mCreating directories for 'graph_visualizer'[0m
[  2%] [34m[1mCreating directories for 'subscription_count'[0m
[  3%] [34m[1mCreating directories for 'int32_subscriber'[0m
[  3%] [34m[1mCreating directories for 'int32_publisher'[0m
[  3%] [34m[1mCreating directories for 'addtwoints_client'[0m
[  3%] [34m[1mCreating directories for 'publisher_count'[0m
[  3%] [34m[1mCreating directories for 'addtwoints_server'[0m
[  4%] [34m[1mCreating directories for 'configured_subscriber'[0m
[  5%] [34m[1mCreating directories for 'fibonacci_action_server'[0m
[  5%] [34m[1mCreating directories for 'int32_multinode'[0m
[  6%] [34m[1mCreating directories for 'ping_pong'[0m
[  7%] [34m[1mCreating directories for 'configured_publisher'[0m
[  8%] [34m[1mCreating directories for 'fibonacci_action_client'[0m
[  9%] [34m[1mCreating directories for 'int32_publisher_subscriber'[0m
[  9%] [34m[1mCreating directories for 'fragmented_publication'[0m
[  9%] [34m[1mCreating directories for 'ping_uros_agent'[0m
[  9%] [34m[1mCreating directories for 'complex_msg_publisher'[0m
[  9%] [34m[1mCreating directories for 'complex_msg_subscriber'[0m
[  9%] [34m[1mCreating directories for 'fragmented_subscription'[0m
[ 10%] [34m[1mCreating directories for 'timer'[0m
[ 11%] [34m[1mNo download step for 'graph_visualizer'[0m
[ 13%] [34m[1mNo download step for 'ping_pong'[0m
[ 13%] [34m[1mNo download step for 'int32_publisher'[0m
[ 13%] [34m[1mNo download step for 'subscription_count'[0m
[ 13%] [34m[1mNo download step for 'addtwoints_client'[0m
[ 13%] [34m[1mNo download step for 'publisher_count'[0m
[ 14%] [34m[1mNo download step for 'int32_subscriber'[0m
[ 14%] [34m[1mNo download step for 'complex_msg_publisher'[0m
[ 15%] [34m[1mNo download step for 'fibonacci_action_server'[0m
[ 16%] [34m[1mNo update step for 'graph_visualizer'[0m
[ 16%] [34m[1mNo download step for 'fragmented_publication'[0m
[ 16%] [34m[1mNo download step for 'addtwoints_server'[0m
[ 16%] [34m[1mNo download step for 'complex_msg_subscriber'[0m
[ 17%] [34m[1mNo download step for 'configured_subscriber'[0m
[ 18%] [34m[1mNo update step for 'ping_pong'[0m
[ 18%] [34m[1mNo download step for 'fragmented_subscription'[0m
[ 19%] [34m[1mNo update step for 'subscription_count'[0m
[ 19%] [34m[1mNo update step for 'publisher_count'[0m
[ 20%] [34m[1mNo download step for 'fibonacci_action_client'[0m
[ 20%] [34m[1mNo download step for 'configured_publisher'[0m
[ 21%] [34m[1mNo download step for 'int32_publisher_subscriber'[0m
[ 21%] [34m[1mNo download step for 'ping_uros_agent'[0m
[ 21%] [34m[1mNo update step for 'addtwoints_client'[0m
[ 21%] [34m[1mNo update step for 'int32_publisher'[0m
[ 22%] [34m[1mNo download step for 'timer'[0m
[ 23%] [34m[1mNo download step for 'int32_multinode'[0m
[ 23%] [34m[1mNo update step for 'complex_msg_publisher'[0m
[ 24%] [34m[1mNo update step for 'fibonacci_action_server'[0m
[ 24%] [34m[1mNo update step for 'complex_msg_subscriber'[0m
[ 25%] [34m[1mNo update step for 'int32_publisher_subscriber'[0m
[ 25%] [34m[1mNo patch step for 'graph_visualizer'[0m
[ 26%] [34m[1mNo update step for 'fibonacci_action_client'[0m
[ 26%] [34m[1mNo update step for 'int32_subscriber'[0m
[ 27%] [34m[1mNo update step for 'fragmented_subscription'[0m
[ 28%] [34m[1mNo patch step for 'publisher_count'[0m
[ 29%] [34m[1mNo update step for 'configured_publisher'[0m
[ 29%] [34m[1mNo update step for 'configured_subscriber'[0m
[ 30%] [34m[1mNo patch step for 'int32_publisher'[0m
[ 30%] [34m[1mNo update step for 'fragmented_publication'[0m
[ 30%] [34m[1mNo update step for 'ping_uros_agent'[0m
[ 30%] [34m[1mNo patch step for 'subscription_count'[0m
[ 31%] [34m[1mNo update step for 'addtwoints_server'[0m
[ 31%] [34m[1mNo patch step for 'ping_pong'[0m
[ 32%] [34m[1mNo patch step for 'complex_msg_publisher'[0m
[ 33%] [34m[1mNo patch step for 'addtwoints_client'[0m
[ 34%] [34m[1mNo patch step for 'complex_msg_subscriber'[0m
[ 35%] [34m[1mNo update step for 'timer'[0m
[ 35%] [34m[1mNo update step for 'int32_multinode'[0m
[ 35%] [34m[1mNo patch step for 'int32_publisher_subscriber'[0m
[ 35%] [34m[1mNo patch step for 'fibonacci_action_server'[0m
[ 35%] [34m[1mNo patch step for 'fragmented_subscription'[0m
[ 35%] [34m[1mNo patch step for 'int32_subscriber'[0m
[ 35%] [34m[1mPerforming configure step for 'graph_visualizer'[0m
[ 35%] [34m[1mNo patch step for 'fibonacci_action_client'[0m
[ 36%] [34m[1mPerforming configure step for 'publisher_count'[0m
[ 36%] [34m[1mPerforming configure step for 'subscription_count'[0m
[ 36%] [34m[1mNo patch step for 'configured_subscriber'[0m
[ 36%] [34m[1mNo patch step for 'timer'[0m
[ 37%] [34m[1mNo patch step for 'ping_uros_agent'[0m
[ 38%] [34m[1mPerforming configure step for 'complex_msg_subscriber'[0m
loading initial cache file /root/ros_ws/src/Rescue_Car_ws/build/micro_ros_demos_rclc/graph_introspection/graph_visualizer/tmp/graph_visualizer-cache-.cmake
[ 38%] [34m[1mNo patch step for 'configured_publisher'[0m
[ 38%] [34m[1mPerforming configure step for 'ping_pong'[0m
[ 39%] [34m[1mNo patch step for 'fragmented_publication'[0m
[ 40%] [34m[1mPerforming configure step for 'addtwoints_client'[0m
[ 40%] [34m[1mPerforming configure step for 'complex_msg_publisher'[0m
loading initial cache file /root/ros_ws/src/Rescue_Car_ws/build/micro_ros_demos_rclc/graph_introspection/publisher_count/tmp/publisher_count-cache-.cmake
loading initial cache file /root/ros_ws/src/Rescue_Car_ws/build/micro_ros_demos_rclc/graph_introspection/subscription_count/tmp/subscription_count-cache-.cmake
[ 41%] [34m[1mPerforming configure step for 'int32_publisher'[0m
loading initial cache file /root/ros_ws/src/Rescue_Car_ws/build/micro_ros_demos_rclc/complex_msg_subscriber/tmp/complex_msg_subscriber-cache-.cmake
[ 41%] [34m[1mNo patch step for 'addtwoints_server'[0m
[ 41%] [34m[1mPerforming configure step for 'int32_publisher_subscriber'[0m
loading initial cache file /root/ros_ws/src/Rescue_Car_ws/build/micro_ros_demos_rclc/ping_pong/tmp/ping_pong-cache-.cmake
[ 42%] [34m[1mPerforming configure step for 'fragmented_subscription'[0m
loading initial cache file /root/ros_ws/src/Rescue_Car_ws/build/micro_ros_demos_rclc/complex_msg_publisher/tmp/complex_msg_publisher-cache-.cmake
loading initial cache file /root/ros_ws/src/Rescue_Car_ws/build/micro_ros_demos_rclc/addtwoints_client/tmp/addtwoints_client-cache-.cmake
[ 43%] [34m[1mNo patch step for 'int32_multinode'[0m
[ 43%] [34m[1mPerforming configure step for 'int32_subscriber'[0m
loading initial cache file /root/ros_ws/src/Rescue_Car_ws/build/micro_ros_demos_rclc/int32_publisher/tmp/int32_publisher-cache-.cmake
loading initial cache file /root/ros_ws/src/Rescue_Car_ws/build/micro_ros_demos_rclc/int32_publisher_subscriber/tmp/int32_publisher_subscriber-cache-.cmake
[ 43%] [34m[1mPerforming configure step for 'fibonacci_action_server'[0m
[ 43%] [34m[1mPerforming configure step for 'ping_uros_agent'[0m
loading initial cache file /root/ros_ws/src/Rescue_Car_ws/build/micro_ros_demos_rclc/fragmented_subscription/tmp/fragmented_subscription-cache-.cmake
[ 44%] [34m[1mPerforming configure step for 'fibonacci_action_client'[0m
[ 45%] [34m[1mPerforming configure step for 'fragmented_publication'[0m
[ 45%] [34m[1mPerforming configure step for 'timer'[0m
loading initial cache file /root/ros_ws/src/Rescue_Car_ws/build/micro_ros_demos_rclc/int32_subscriber/tmp/int32_subscriber-cache-.cmake
[ 45%] [34m[1mPerforming configure step for 'configured_subscriber'[0m
[ 45%] [34m[1mPerforming configure step for 'configured_publisher'[0m
loading initial cache file /root/ros_ws/src/Rescue_Car_ws/build/micro_ros_demos_rclc/fibonacci_action_server/tmp/fibonacci_action_server-cache-.cmake
loading initial cache file /root/ros_ws/src/Rescue_Car_ws/build/micro_ros_demos_rclc/ping_uros_agent/tmp/ping_uros_agent-cache-.cmake
loading initial cache file /root/ros_ws/src/Rescue_Car_ws/build/micro_ros_demos_rclc/fibonacci_action_client/tmp/fibonacci_action_client-cache-.cmake
loading initial cache file /root/ros_ws/src/Rescue_Car_ws/build/micro_ros_demos_rclc/fragmented_publication/tmp/fragmented_publication-cache-.cmake
[ 46%] [34m[1mPerforming configure step for 'addtwoints_server'[0m
[ 46%] [34m[1mPerforming configure step for 'int32_multinode'[0m
loading initial cache file /root/ros_ws/src/Rescue_Car_ws/build/micro_ros_demos_rclc/timer/tmp/timer-cache-.cmake
loading initial cache file /root/ros_ws/src/Rescue_Car_ws/build/micro_ros_demos_rclc/configuration_example/configured_subscriber/tmp/configured_subscriber-cache-.cmake
loading initial cache file /root/ros_ws/src/Rescue_Car_ws/build/micro_ros_demos_rclc/configuration_example/configured_publisher/tmp/configured_publisher-cache-.cmake
loading initial cache file /root/ros_ws/src/Rescue_Car_ws/build/micro_ros_demos_rclc/addtwoints_server/tmp/addtwoints_server-cache-.cmake
loading initial cache file /root/ros_ws/src/Rescue_Car_ws/build/micro_ros_demos_rclc/int32_multinode/tmp/int32_multinode-cache-.cmake
-- The C compiler identification is GNU 11.4.0
-- The C compiler identification is GNU 11.4.0
-- The C compiler identification is GNU 11.4.0
-- The C compiler identification is GNU 11.4.0
-- The C compiler identification is GNU 11.4.0
-- The C compiler identification is GNU 11.4.0
-- The C compiler identification is GNU 11.4.0
-- The C compiler identification is GNU 11.4.0
-- The C compiler identification is GNU 11.4.0
-- The C compiler identification is GNU 11.4.0
-- The C compiler identification is GNU 11.4.0
-- The C compiler identification is GNU 11.4.0
-- The C compiler identification is GNU 11.4.0
-- The C compiler identification is GNU 11.4.0
-- The C compiler identification is GNU 11.4.0
-- The C compiler identification is GNU 11.4.0
-- The C compiler identification is GNU 11.4.0
-- The C compiler identification is GNU 11.4.0
-- The C compiler identification is GNU 11.4.0
-- The C compiler identification is GNU 11.4.0
-- Detecting C compiler ABI info
-- Detecting C compiler ABI info
-- Detecting C compiler ABI info
-- Detecting C compiler ABI info
-- Detecting C compiler ABI info
-- Detecting C compiler ABI info
-- Detecting C compiler ABI info
-- Detecting C compiler ABI info
-- Detecting C compiler ABI info
-- Detecting C compiler ABI info
-- Detecting C compiler ABI info
-- Detecting C compiler ABI info
-- Detecting C compiler ABI info
-- Detecting C compiler ABI info
-- Detecting C compiler ABI info
-- Detecting C compiler ABI info
-- Detecting C compiler ABI info
-- Detecting C compiler ABI info - done
-- Detecting C compiler ABI info - done
-- Detecting C compiler ABI info - done
-- Check for working C compiler: /usr/bin/cc - skipped
-- Detecting C compile features
-- Detecting C compile features - done
-- Check for working C compiler: /usr/bin/cc - skipped
-- Detecting C compile features
-- Detecting C compile features - done
-- Check for working C compiler: /usr/bin/cc - skipped
-- Detecting C compile features
-- Found ament_cmake: 1.3.12 (/opt/ros/humble/share/ament_cmake/cmake)
-- Detecting C compile features - done
-- Found ament_cmake: 1.3.12 (/opt/ros/humble/share/ament_cmake/cmake)
-- Found ament_cmake: 1.3.12 (/opt/ros/humble/share/ament_cmake/cmake)
-- Detecting C compiler ABI info
-- Detecting C compiler ABI info
-- Detecting C compiler ABI info - done
-- Detecting C compiler ABI info - done
-- Check for working C compiler: /usr/bin/cc - skipped
-- Detecting C compile features
-- Detecting C compile features - done
-- Found ament_cmake: 1.3.12 (/opt/ros/humble/share/ament_cmake/cmake)
-- Check for working C compiler: /usr/bin/cc - skipped
-- Detecting C compile features
-- Detecting C compile features - done
-- Found ament_cmake: 1.3.12 (/opt/ros/humble/share/ament_cmake/cmake)
-- Detecting C compiler ABI info - done
-- Detecting C compiler ABI info - done
-- Check for working C compiler: /usr/bin/cc - skipped
-- Detecting C compile features
-- Detecting C compile features - done
-- Detecting C compiler ABI info - done
-- Detecting C compiler ABI info - done
-- Found ament_cmake: 1.3.12 (/opt/ros/humble/share/ament_cmake/cmake)
-- Detecting C compiler ABI info - done
-- Detecting C compiler ABI info
-- Check for working C compiler: /usr/bin/cc - skipped
-- Detecting C compile features
-- Detecting C compile features - done
-- Check for working C compiler: /usr/bin/cc - skipped
-- Detecting C compile features
-- Detecting C compile features - done
-- Detecting C compiler ABI info - done
-- Detecting C compiler ABI info - done
-- Check for working C compiler: /usr/bin/cc - skipped
-- Detecting C compile features
-- Detecting C compile features - done
-- Detecting C compiler ABI info - done
-- Found ament_cmake: 1.3.12 (/opt/ros/humble/share/ament_cmake/cmake)
-- Found ament_cmake: 1.3.12 (/opt/ros/humble/share/ament_cmake/cmake)
-- Check for working C compiler: /usr/bin/cc - skipped
-- Detecting C compile features
-- Detecting C compile features - done
-- Found ament_cmake: 1.3.12 (/opt/ros/humble/share/ament_cmake/cmake)
-- Check for working C compiler: /usr/bin/cc - skipped
-- Detecting C compile features
-- Detecting C compile features - done
-- Check for working C compiler: /usr/bin/cc - skipped
-- Detecting C compile features
-- Detecting C compile features - done
-- Check for working C compiler: /usr/bin/cc - skipped
-- Detecting C compile features
-- Detecting C compile features - done
-- Found ament_cmake: 1.3.12 (/opt/ros/humble/share/ament_cmake/cmake)
-- Found ament_cmake: 1.3.12 (/opt/ros/humble/share/ament_cmake/cmake)
-- Found ament_cmake: 1.3.12 (/opt/ros/humble/share/ament_cmake/cmake)
-- Found ament_cmake: 1.3.12 (/opt/ros/humble/share/ament_cmake/cmake)
-- Detecting C compiler ABI info - done
-- Check for working C compiler: /usr/bin/cc - skipped
-- Detecting C compile features
-- Detecting C compile features - done
-- Found ament_cmake: 1.3.12 (/opt/ros/humble/share/ament_cmake/cmake)
-- Found Python3: /usr/bin/python3 (found version "3.10.12") found components: Interpreter 
-- Detecting C compiler ABI info - done
-- Found Python3: /usr/bin/python3 (found version "3.10.12") found components: Interpreter 
-- Detecting C compiler ABI info - done
-- Check for working C compiler: /usr/bin/cc - skipped
-- Found Python3: /usr/bin/python3 (found version "3.10.12") found components: Interpreter 
-- Detecting C compile features
-- Detecting C compile features - done
-- Found ament_cmake: 1.3.12 (/opt/ros/humble/share/ament_cmake/cmake)
-- Check for working C compiler: /usr/bin/cc - skipped
-- Detecting C compile features
-- Detecting C compile features - done
-- Found ament_cmake: 1.3.12 (/opt/ros/humble/share/ament_cmake/cmake)
-- Found Python3: /usr/bin/python3 (found version "3.10.12") found components: Interpreter 
-- Found Python3: /usr/bin/python3 (found version "3.10.12") found components: Interpreter 
-- Found Python3: /usr/bin/python3 (found version "3.10.12") found components: Interpreter 
-- Found Python3: /usr/bin/python3 (found version "3.10.12") found components: Interpreter 
-- Found Python3: /usr/bin/python3 (found version "3.10.12") found components: Interpreter 
-- Found Python3: /usr/bin/python3 (found version "3.10.12") found components: Interpreter 
-- Detecting C compiler ABI info - done
-- Detecting C compiler ABI info - done
-- Found Python3: /usr/bin/python3 (found version "3.10.12") found components: Interpreter 
-- Found Python3: /usr/bin/python3 (found version "3.10.12") found components: Interpreter 
-- Check for working C compiler: /usr/bin/cc - skipped
-- Detecting C compile features
-- Detecting C compile features - done
-- Check for working C compiler: /usr/bin/cc - skipped
-- Found ament_cmake: 1.3.12 (/opt/ros/humble/share/ament_cmake/cmake)
-- Detecting C compile features
-- Detecting C compile features - done
-- Found ament_cmake: 1.3.12 (/opt/ros/humble/share/ament_cmake/cmake)
-- Found Python3: /usr/bin/python3 (found version "3.10.12") found components: Interpreter 
-- Found rcl: 5.3.10 (/opt/ros/humble/share/rcl/cmake)
-- Found Python3: /usr/bin/python3 (found version "3.10.12") found components: Interpreter 
-- Found rcl: 5.3.10 (/opt/ros/humble/share/rcl/cmake)
-- Found rcl: 5.3.10 (/opt/ros/humble/share/rcl/cmake)
-- Found Python3: /usr/bin/python3 (found version "3.10.12") found components: Interpreter 
-- Found rcl: 5.3.10 (/opt/ros/humble/share/rcl/cmake)
-- Found rcl: 5.3.10 (/opt/ros/humble/share/rcl/cmake)
-- Found Python3: /usr/bin/python3 (found version "3.10.12") found components: Interpreter 
-- Found rcl: 5.3.10 (/opt/ros/humble/share/rcl/cmake)
-- Found rcl: 5.3.10 (/opt/ros/humble/share/rcl/cmake)
-- Found rcl: 5.3.10 (/opt/ros/humble/share/rcl/cmake)
-- Found rcl: 5.3.10 (/opt/ros/humble/share/rcl/cmake)
-- Detecting C compiler ABI info - done
-- Found rcl: 5.3.10 (/opt/ros/humble/share/rcl/cmake)
-- Found rcl: 5.3.10 (/opt/ros/humble/share/rcl/cmake)
-- Check for working C compiler: /usr/bin/cc - skipped
-- Detecting C compile features
-- Detecting C compile features - done
-- Found ament_cmake: 1.3.12 (/opt/ros/humble/share/ament_cmake/cmake)
-- Found Python3: /usr/bin/python3 (found version "3.10.12") found components: Interpreter 
-- Found rcl: 5.3.10 (/opt/ros/humble/share/rcl/cmake)
-- Found rcl: 5.3.10 (/opt/ros/humble/share/rcl/cmake)
-- Detecting C compiler ABI info - done
-- Check for working C compiler: /usr/bin/cc - skipped
-- Detecting C compile features
-- Detecting C compile features - done
-- Found ament_cmake: 1.3.12 (/opt/ros/humble/share/ament_cmake/cmake)
-- Found Python3: /usr/bin/python3 (found version "3.10.12") found components: Interpreter 
-- Found Python3: /usr/bin/python3 (found version "3.10.12") found components: Interpreter 
-- Found rcl: 5.3.10 (/opt/ros/humble/share/rcl/cmake)
-- Found rcl: 5.3.10 (/opt/ros/humble/share/rcl/cmake)
-- Found rosidl_generator_c: 3.1.7 (/opt/ros/humble/share/rosidl_generator_c/cmake)
-- Found rosidl_generator_c: 3.1.7 (/opt/ros/humble/share/rosidl_generator_c/cmake)
-- Found rosidl_adapter: 3.1.7 (/opt/ros/humble/share/rosidl_adapter/cmake)
-- Found rosidl_adapter: 3.1.7 (/opt/ros/humble/share/rosidl_adapter/cmake)
-- Found rosidl_generator_cpp: 3.1.7 (/opt/ros/humble/share/rosidl_generator_cpp/cmake)
-- Found rosidl_generator_cpp: 3.1.7 (/opt/ros/humble/share/rosidl_generator_cpp/cmake)
-- Found rcl: 5.3.10 (/opt/ros/humble/share/rcl/cmake)
-- Using all available rosidl_typesupport_c: rosidl_typesupport_microxrcedds_c;rosidl_typesupport_fastrtps_c;rosidl_typesupport_introspection_c
-- Using all available rosidl_typesupport_c: rosidl_typesupport_microxrcedds_c;rosidl_typesupport_fastrtps_c;rosidl_typesupport_introspection_c
-- Using all available rosidl_typesupport_cpp: rosidl_typesupport_microxrcedds_cpp;rosidl_typesupport_fastrtps_cpp;rosidl_typesupport_introspection_cpp
-- Found rosidl_generator_c: 3.1.7 (/opt/ros/humble/share/rosidl_generator_c/cmake)
-- Found rosidl_generator_c: 3.1.7 (/opt/ros/humble/share/rosidl_generator_c/cmake)
-- Using all available rosidl_typesupport_cpp: rosidl_typesupport_microxrcedds_cpp;rosidl_typesupport_fastrtps_cpp;rosidl_typesupport_introspection_cpp
-- Found rosidl_adapter: 3.1.7 (/opt/ros/humble/share/rosidl_adapter/cmake)
-- Found rosidl_generator_c: 3.1.7 (/opt/ros/humble/share/rosidl_generator_c/cmake)
-- Found Python3: /usr/bin/python3 (found version "3.10.12") found components: Interpreter 
-- Found rosidl_generator_c: 3.1.7 (/opt/ros/humble/share/rosidl_generator_c/cmake)
-- Found rosidl_adapter: 3.1.7 (/opt/ros/humble/share/rosidl_adapter/cmake)
-- Found rosidl_adapter: 3.1.7 (/opt/ros/humble/share/rosidl_adapter/cmake)
-- Found rcl: 5.3.10 (/opt/ros/humble/share/rcl/cmake)
-- Found rosidl_generator_cpp: 3.1.7 (/opt/ros/humble/share/rosidl_generator_cpp/cmake)
-- Found rosidl_generator_c: 3.1.7 (/opt/ros/humble/share/rosidl_generator_c/cmake)
-- Found rosidl_generator_c: 3.1.7 (/opt/ros/humble/share/rosidl_generator_c/cmake)
-- Found rosidl_generator_c: 3.1.7 (/opt/ros/humble/share/rosidl_generator_c/cmake)
-- Found rosidl_adapter: 3.1.7 (/opt/ros/humble/share/rosidl_adapter/cmake)
-- Found rosidl_adapter: 3.1.7 (/opt/ros/humble/share/rosidl_adapter/cmake)
-- Found rosidl_generator_cpp: 3.1.7 (/opt/ros/humble/share/rosidl_generator_cpp/cmake)
-- Found rosidl_generator_cpp: 3.1.7 (/opt/ros/humble/share/rosidl_generator_cpp/cmake)
-- Found rosidl_adapter: 3.1.7 (/opt/ros/humble/share/rosidl_adapter/cmake)
-- Using all available rosidl_typesupport_c: rosidl_typesupport_microxrcedds_c;rosidl_typesupport_fastrtps_c;rosidl_typesupport_introspection_c
-- Found rcl: 5.3.10 (/opt/ros/humble/share/rcl/cmake)
-- Found rosidl_adapter: 3.1.7 (/opt/ros/humble/share/rosidl_adapter/cmake)
-- Found rosidl_generator_cpp: 3.1.7 (/opt/ros/humble/share/rosidl_generator_cpp/cmake)
-- Found rosidl_generator_cpp: 3.1.7 (/opt/ros/humble/share/rosidl_generator_cpp/cmake)
-- Found rosidl_generator_cpp: 3.1.7 (/opt/ros/humble/share/rosidl_generator_cpp/cmake)
-- Using all available rosidl_typesupport_c: rosidl_typesupport_microxrcedds_c;rosidl_typesupport_fastrtps_c;rosidl_typesupport_introspection_c
-- Using all available rosidl_typesupport_c: rosidl_typesupport_microxrcedds_c;rosidl_typesupport_fastrtps_c;rosidl_typesupport_introspection_c
-- Found rosidl_generator_cpp: 3.1.7 (/opt/ros/humble/share/rosidl_generator_cpp/cmake)
-- Using all available rosidl_typesupport_c: rosidl_typesupport_microxrcedds_c;rosidl_typesupport_fastrtps_c;rosidl_typesupport_introspection_c
-- Using all available rosidl_typesupport_c: rosidl_typesupport_microxrcedds_c;rosidl_typesupport_fastrtps_c;rosidl_typesupport_introspection_c
-- Found rosidl_generator_c: 3.1.7 (/opt/ros/humble/share/rosidl_generator_c/cmake)
-- Using all available rosidl_typesupport_c: rosidl_typesupport_microxrcedds_c;rosidl_typesupport_fastrtps_c;rosidl_typesupport_introspection_c
-- Using all available rosidl_typesupport_c: rosidl_typesupport_microxrcedds_c;rosidl_typesupport_fastrtps_c;rosidl_typesupport_introspection_c
-- Found rosidl_generator_c: 3.1.7 (/opt/ros/humble/share/rosidl_generator_c/cmake)
-- Using all available rosidl_typesupport_cpp: rosidl_typesupport_microxrcedds_cpp;rosidl_typesupport_fastrtps_cpp;rosidl_typesupport_introspection_cpp
-- Found rosidl_adapter: 3.1.7 (/opt/ros/humble/share/rosidl_adapter/cmake)
-- Found rmw_implementation_cmake: 6.1.2 (/opt/ros/humble/share/rmw_implementation_cmake/cmake)
-- Found rmw_fastrtps_cpp: 6.2.8 (/opt/ros/humble/share/rmw_fastrtps_cpp/cmake)
-- Found rmw_implementation_cmake: 6.1.2 (/opt/ros/humble/share/rmw_implementation_cmake/cmake)
-- Found rosidl_adapter: 3.1.7 (/opt/ros/humble/share/rosidl_adapter/cmake)
-- Using all available rosidl_typesupport_cpp: rosidl_typesupport_microxrcedds_cpp;rosidl_typesupport_fastrtps_cpp;rosidl_typesupport_introspection_cpp
-- Using all available rosidl_typesupport_cpp: rosidl_typesupport_microxrcedds_cpp;rosidl_typesupport_fastrtps_cpp;rosidl_typesupport_introspection_cpp
-- Found rmw_fastrtps_cpp: 6.2.8 (/opt/ros/humble/share/rmw_fastrtps_cpp/cmake)
-- Using all available rosidl_typesupport_cpp: rosidl_typesupport_microxrcedds_cpp;rosidl_typesupport_fastrtps_cpp;rosidl_typesupport_introspection_cpp
-- Found rosidl_generator_cpp: 3.1.7 (/opt/ros/humble/share/rosidl_generator_cpp/cmake)
-- Found Python3: /usr/bin/python3 (found version "3.10.12") found components: Interpreter 
-- Using all available rosidl_typesupport_cpp: rosidl_typesupport_microxrcedds_cpp;rosidl_typesupport_fastrtps_cpp;rosidl_typesupport_introspection_cpp
-- Using all available rosidl_typesupport_cpp: rosidl_typesupport_microxrcedds_cpp;rosidl_typesupport_fastrtps_cpp;rosidl_typesupport_introspection_cpp
-- Found rosidl_generator_cpp: 3.1.7 (/opt/ros/humble/share/rosidl_generator_cpp/cmake)
-- Using all available rosidl_typesupport_cpp: rosidl_typesupport_microxrcedds_cpp;rosidl_typesupport_fastrtps_cpp;rosidl_typesupport_introspection_cpp
-- Using all available rosidl_typesupport_c: rosidl_typesupport_microxrcedds_c;rosidl_typesupport_fastrtps_c;rosidl_typesupport_introspection_c
-- Using all available rosidl_typesupport_c: rosidl_typesupport_microxrcedds_c;rosidl_typesupport_fastrtps_c;rosidl_typesupport_introspection_c
-- Found rosidl_generator_c: 3.1.7 (/opt/ros/humble/share/rosidl_generator_c/cmake)
-- Using all available rosidl_typesupport_cpp: rosidl_typesupport_microxrcedds_cpp;rosidl_typesupport_fastrtps_cpp;rosidl_typesupport_introspection_cpp
-- Found rosidl_adapter: 3.1.7 (/opt/ros/humble/share/rosidl_adapter/cmake)
-- Found rmw_implementation_cmake: 6.1.2 (/opt/ros/humble/share/rmw_implementation_cmake/cmake)
-- Found rmw_implementation_cmake: 6.1.2 (/opt/ros/humble/share/rmw_implementation_cmake/cmake)
-- Found rmw_implementation_cmake: 6.1.2 (/opt/ros/humble/share/rmw_implementation_cmake/cmake)
-- Found rmw_fastrtps_cpp: 6.2.8 (/opt/ros/humble/share/rmw_fastrtps_cpp/cmake)
-- Found rmw_implementation_cmake: 6.1.2 (/opt/ros/humble/share/rmw_implementation_cmake/cmake)
-- Found rmw_fastrtps_cpp: 6.2.8 (/opt/ros/humble/share/rmw_fastrtps_cpp/cmake)
-- Found rmw_fastrtps_cpp: 6.2.8 (/opt/ros/humble/share/rmw_fastrtps_cpp/cmake)
-- Found rosidl_generator_cpp: 3.1.7 (/opt/ros/humble/share/rosidl_generator_cpp/cmake)
-- Found rmw_fastrtps_cpp: 6.2.8 (/opt/ros/humble/share/rmw_fastrtps_cpp/cmake)
-- Using all available rosidl_typesupport_cpp: rosidl_typesupport_microxrcedds_cpp;rosidl_typesupport_fastrtps_cpp;rosidl_typesupport_introspection_cpp
-- Found rmw_implementation_cmake: 6.1.2 (/opt/ros/humble/share/rmw_implementation_cmake/cmake)
-- Found rcl: 5.3.10 (/opt/ros/humble/share/rcl/cmake)
-- Found rmw_fastrtps_cpp: 6.2.8 (/opt/ros/humble/share/rmw_fastrtps_cpp/cmake)
-- Found rmw_implementation_cmake: 6.1.2 (/opt/ros/humble/share/rmw_implementation_cmake/cmake)
-- Found rmw_implementation_cmake: 6.1.2 (/opt/ros/humble/share/rmw_implementation_cmake/cmake)
-- Found rmw_fastrtps_cpp: 6.2.8 (/opt/ros/humble/share/rmw_fastrtps_cpp/cmake)
-- Using all available rosidl_typesupport_c: rosidl_typesupport_microxrcedds_c;rosidl_typesupport_fastrtps_c;rosidl_typesupport_introspection_c
-- Found rmw_fastrtps_cpp: 6.2.8 (/opt/ros/humble/share/rmw_fastrtps_cpp/cmake)
-- Found rosidl_generator_c: 3.1.7 (/opt/ros/humble/share/rosidl_generator_c/cmake)
-- Found rmw_implementation_cmake: 6.1.2 (/opt/ros/humble/share/rmw_implementation_cmake/cmake)
-- Found rmw_fastrtps_cpp: 6.2.8 (/opt/ros/humble/share/rmw_fastrtps_cpp/cmake)
-- Found rosidl_adapter: 3.1.7 (/opt/ros/humble/share/rosidl_adapter/cmake)
-- Using all available rosidl_typesupport_cpp: rosidl_typesupport_microxrcedds_cpp;rosidl_typesupport_fastrtps_cpp;rosidl_typesupport_introspection_cpp
-- Found rosidl_generator_cpp: 3.1.7 (/opt/ros/humble/share/rosidl_generator_cpp/cmake)
-- Found rmw_implementation_cmake: 6.1.2 (/opt/ros/humble/share/rmw_implementation_cmake/cmake)
-- Found rmw_fastrtps_cpp: 6.2.8 (/opt/ros/humble/share/rmw_fastrtps_cpp/cmake)
-- Using all available rosidl_typesupport_c: rosidl_typesupport_microxrcedds_c;rosidl_typesupport_fastrtps_c;rosidl_typesupport_introspection_c
-- Found rcl: 5.3.10 (/opt/ros/humble/share/rcl/cmake)
-- Found rosidl_generator_c: 3.1.7 (/opt/ros/humble/share/rosidl_generator_c/cmake)
-- Found rosidl_adapter: 3.1.7 (/opt/ros/humble/share/rosidl_adapter/cmake)
-- Using all available rosidl_typesupport_cpp: rosidl_typesupport_microxrcedds_cpp;rosidl_typesupport_fastrtps_cpp;rosidl_typesupport_introspection_cpp
-- Found rmw_implementation_cmake: 6.1.2 (/opt/ros/humble/share/rmw_implementation_cmake/cmake)
-- Found rmw_fastrtps_cpp: 6.2.8 (/opt/ros/humble/share/rmw_fastrtps_cpp/cmake)
-- Found rosidl_generator_cpp: 3.1.7 (/opt/ros/humble/share/rosidl_generator_cpp/cmake)
-- Using all available rosidl_typesupport_c: rosidl_typesupport_microxrcedds_c;rosidl_typesupport_fastrtps_c;rosidl_typesupport_introspection_c
-- Found rosidl_generator_c: 3.1.7 (/opt/ros/humble/share/rosidl_generator_c/cmake)
-- Found rosidl_generator_c: 3.1.7 (/opt/ros/humble/share/rosidl_generator_c/cmake)
-- Using all available rosidl_typesupport_cpp: rosidl_typesupport_microxrcedds_cpp;rosidl_typesupport_fastrtps_cpp;rosidl_typesupport_introspection_cpp
-- Found rosidl_adapter: 3.1.7 (/opt/ros/humble/share/rosidl_adapter/cmake)
-- Found rosidl_generator_c: 3.1.7 (/opt/ros/humble/share/rosidl_generator_c/cmake)
-- Found rosidl_generator_c: 3.1.7 (/opt/ros/humble/share/rosidl_generator_c/cmake)
-- Found rmw_implementation_cmake: 6.1.2 (/opt/ros/humble/share/rmw_implementation_cmake/cmake)
-- Found rosidl_adapter: 3.1.7 (/opt/ros/humble/share/rosidl_adapter/cmake)
-- Found rosidl_adapter: 3.1.7 (/opt/ros/humble/share/rosidl_adapter/cmake)
-- Found rmw_fastrtps_cpp: 6.2.8 (/opt/ros/humble/share/rmw_fastrtps_cpp/cmake)
-- Found rosidl_generator_cpp: 3.1.7 (/opt/ros/humble/share/rosidl_generator_cpp/cmake)
-- Found rosidl_adapter: 3.1.7 (/opt/ros/humble/share/rosidl_adapter/cmake)
-- Found rosidl_generator_cpp: 3.1.7 (/opt/ros/humble/share/rosidl_generator_cpp/cmake)
-- Found rosidl_generator_cpp: 3.1.7 (/opt/ros/humble/share/rosidl_generator_cpp/cmake)
-- Found rosidl_generator_cpp: 3.1.7 (/opt/ros/humble/share/rosidl_generator_cpp/cmake)
-- Using all available rosidl_typesupport_c: rosidl_typesupport_microxrcedds_c;rosidl_typesupport_fastrtps_c;rosidl_typesupport_introspection_c
-- Using all available rosidl_typesupport_c: rosidl_typesupport_microxrcedds_c;rosidl_typesupport_fastrtps_c;rosidl_typesupport_introspection_c
-- Using all available rosidl_typesupport_c: rosidl_typesupport_microxrcedds_c;rosidl_typesupport_fastrtps_c;rosidl_typesupport_introspection_c
-- Using all available rosidl_typesupport_c: rosidl_typesupport_microxrcedds_c;rosidl_typesupport_fastrtps_c;rosidl_typesupport_introspection_c
-- Using all available rosidl_typesupport_cpp: rosidl_typesupport_microxrcedds_cpp;rosidl_typesupport_fastrtps_cpp;rosidl_typesupport_introspection_cpp
-- Found rmw_implementation_cmake: 6.1.2 (/opt/ros/humble/share/rmw_implementation_cmake/cmake)
-- Using all available rosidl_typesupport_cpp: rosidl_typesupport_microxrcedds_cpp;rosidl_typesupport_fastrtps_cpp;rosidl_typesupport_introspection_cpp
-- Using all available rosidl_typesupport_cpp: rosidl_typesupport_microxrcedds_cpp;rosidl_typesupport_fastrtps_cpp;rosidl_typesupport_introspection_cpp
-- Using all available rosidl_typesupport_cpp: rosidl_typesupport_microxrcedds_cpp;rosidl_typesupport_fastrtps_cpp;rosidl_typesupport_introspection_cpp
-- Found rmw_fastrtps_cpp: 6.2.8 (/opt/ros/humble/share/rmw_fastrtps_cpp/cmake)
-- Found rmw_implementation_cmake: 6.1.2 (/opt/ros/humble/share/rmw_implementation_cmake/cmake)
-- Found rmw_implementation_cmake: 6.1.2 (/opt/ros/humble/share/rmw_implementation_cmake/cmake)
-- Found rmw_fastrtps_cpp: 6.2.8 (/opt/ros/humble/share/rmw_fastrtps_cpp/cmake)
-- Found rmw_implementation_cmake: 6.1.2 (/opt/ros/humble/share/rmw_implementation_cmake/cmake)
-- Found rmw_fastrtps_cpp: 6.2.8 (/opt/ros/humble/share/rmw_fastrtps_cpp/cmake)
-- Found rmw_implementation_cmake: 6.1.2 (/opt/ros/humble/share/rmw_implementation_cmake/cmake)
-- Found rmw_fastrtps_cpp: 6.2.8 (/opt/ros/humble/share/rmw_fastrtps_cpp/cmake)
-- Found rmw_fastrtps_cpp: 6.2.8 (/opt/ros/humble/share/rmw_fastrtps_cpp/cmake)
-- Found rosidl_generator_c: 3.1.7 (/opt/ros/humble/share/rosidl_generator_c/cmake)
-- Found rosidl_adapter: 3.1.7 (/opt/ros/humble/share/rosidl_adapter/cmake)
-- Found rosidl_generator_cpp: 3.1.7 (/opt/ros/humble/share/rosidl_generator_cpp/cmake)
-- Using all available rosidl_typesupport_c: rosidl_typesupport_microxrcedds_c;rosidl_typesupport_fastrtps_c;rosidl_typesupport_introspection_c
-- Using all available rosidl_typesupport_cpp: rosidl_typesupport_microxrcedds_cpp;rosidl_typesupport_fastrtps_cpp;rosidl_typesupport_introspection_cpp
-- Found rosidl_generator_c: 3.1.7 (/opt/ros/humble/share/rosidl_generator_c/cmake)
-- Found rosidl_adapter: 3.1.7 (/opt/ros/humble/share/rosidl_adapter/cmake)
-- Found rmw_implementation_cmake: 6.1.2 (/opt/ros/humble/share/rmw_implementation_cmake/cmake)
-- Found rosidl_generator_cpp: 3.1.7 (/opt/ros/humble/share/rosidl_generator_cpp/cmake)
-- Found rmw_fastrtps_cpp: 6.2.8 (/opt/ros/humble/share/rmw_fastrtps_cpp/cmake)
-- Using all available rosidl_typesupport_c: rosidl_typesupport_microxrcedds_c;rosidl_typesupport_fastrtps_c;rosidl_typesupport_introspection_c
-- Using all available rosidl_typesupport_cpp: rosidl_typesupport_microxrcedds_cpp;rosidl_typesupport_fastrtps_cpp;rosidl_typesupport_introspection_cpp
-- Found rmw_implementation_cmake: 6.1.2 (/opt/ros/humble/share/rmw_implementation_cmake/cmake)
-- Found rmw_fastrtps_cpp: 6.2.8 (/opt/ros/humble/share/rmw_fastrtps_cpp/cmake)
-- Found OpenSSL: /usr/lib/x86_64-linux-gnu/libcrypto.so (found version "3.0.2")  
-- Found OpenSSL: /usr/lib/x86_64-linux-gnu/libcrypto.so (found version "3.0.2")  
-- Found OpenSSL: /usr/lib/x86_64-linux-gnu/libcrypto.so (found version "3.0.2")  
-- Found OpenSSL: /usr/lib/x86_64-linux-gnu/libcrypto.so (found version "3.0.2")  
-- Found OpenSSL: /usr/lib/x86_64-linux-gnu/libcrypto.so (found version "3.0.2")  
-- Found OpenSSL: /usr/lib/x86_64-linux-gnu/libcrypto.so (found version "3.0.2")  
-- Found OpenSSL: /usr/lib/x86_64-linux-gnu/libcrypto.so (found version "3.0.2")  
-- Found OpenSSL: /usr/lib/x86_64-linux-gnu/libcrypto.so (found version "3.0.2")  
-- Found OpenSSL: /usr/lib/x86_64-linux-gnu/libcrypto.so (found version "3.0.2")  
-- Found OpenSSL: /usr/lib/x86_64-linux-gnu/libcrypto.so (found version "3.0.2")  
-- Found OpenSSL: /usr/lib/x86_64-linux-gnu/libcrypto.so (found version "3.0.2")  
-- Found OpenSSL: /usr/lib/x86_64-linux-gnu/libcrypto.so (found version "3.0.2")  
-- Found OpenSSL: /usr/lib/x86_64-linux-gnu/libcrypto.so (found version "3.0.2")  
-- Found OpenSSL: /usr/lib/x86_64-linux-gnu/libcrypto.so (found version "3.0.2")  
-- Found OpenSSL: /usr/lib/x86_64-linux-gnu/libcrypto.so (found version "3.0.2")  
-- Found OpenSSL: /usr/lib/x86_64-linux-gnu/libcrypto.so (found version "3.0.2")  
-- Found OpenSSL: /usr/lib/x86_64-linux-gnu/libcrypto.so (found version "3.0.2")  
-- Found OpenSSL: /usr/lib/x86_64-linux-gnu/libcrypto.so (found version "3.0.2")  
-- Found OpenSSL: /usr/lib/x86_64-linux-gnu/libcrypto.so (found version "3.0.2")  
-- Found OpenSSL: /usr/lib/x86_64-linux-gnu/libcrypto.so (found version "3.0.2")  
-- Found FastRTPS: /opt/ros/humble/include  
-- Found FastRTPS: /opt/ros/humble/include  
-- Found FastRTPS: /opt/ros/humble/include  
-- Found FastRTPS: /opt/ros/humble/include  
-- Found FastRTPS: /opt/ros/humble/include  
-- Found FastRTPS: /opt/ros/humble/include  
-- Found FastRTPS: /opt/ros/humble/include  
-- Found FastRTPS: /opt/ros/humble/include  
-- Found FastRTPS: /opt/ros/humble/include  
-- Found FastRTPS: /opt/ros/humble/include  
-- Found FastRTPS: /opt/ros/humble/include  
-- Found FastRTPS: /opt/ros/humble/include  
-- Found FastRTPS: /opt/ros/humble/include  
-- Found FastRTPS: /opt/ros/humble/include  
-- Found FastRTPS: /opt/ros/humble/include  
-- Found FastRTPS: /opt/ros/humble/include  
-- Found FastRTPS: /opt/ros/humble/include  
-- Found FastRTPS: /opt/ros/humble/include  
-- Found FastRTPS: /opt/ros/humble/include  
-- Found FastRTPS: /opt/ros/humble/include  
-- Using RMW implementation 'rmw_fastrtps_cpp' as default
-- Looking for pthread.h
-- Using RMW implementation 'rmw_fastrtps_cpp' as default
-- Using RMW implementation 'rmw_fastrtps_cpp' as default
-- Using RMW implementation 'rmw_fastrtps_cpp' as default
-- Using RMW implementation 'rmw_fastrtps_cpp' as default
-- Looking for pthread.h
-- Looking for pthread.h
-- Looking for pthread.h
-- Looking for pthread.h
-- Using RMW implementation 'rmw_fastrtps_cpp' as default
-- Looking for pthread.h
-- Using RMW implementation 'rmw_fastrtps_cpp' as default
-- Looking for pthread.h
-- Looking for pthread.h - found
-- Performing Test CMAKE_HAVE_LIBC_PTHREAD
-- Looking for pthread.h - found
-- Performing Test CMAKE_HAVE_LIBC_PTHREAD
-- Looking for pthread.h - found
-- Performing Test CMAKE_HAVE_LIBC_PTHREAD
-- Looking for pthread.h - found
-- Performing Test CMAKE_HAVE_LIBC_PTHREAD
-- Looking for pthread.h - found
-- Performing Test CMAKE_HAVE_LIBC_PTHREAD
-- Looking for pthread.h - found
-- Performing Test CMAKE_HAVE_LIBC_PTHREAD
-- Looking for pthread.h - found
-- Performing Test CMAKE_HAVE_LIBC_PTHREAD
-- Performing Test CMAKE_HAVE_LIBC_PTHREAD - Success
-- Found Threads: TRUE  
-- Found rclc: 4.0.2 (/root/ros_ws/src/Rescue_Car_ws/install/rclc/share/rclc/cmake)
-- Found example_interfaces: 0.9.3 (/root/ros_ws/src/Rescue_Car_ws/install/example_interfaces/share/example_interfaces/cmake)
-- Performing Test CMAKE_HAVE_LIBC_PTHREAD - Success
-- Found Threads: TRUE  
-- Performing Test CMAKE_HAVE_LIBC_PTHREAD - Success
-- Found Threads: TRUE  
-- Found rclc: 4.0.2 (/root/ros_ws/src/Rescue_Car_ws/install/rclc/share/rclc/cmake)
-- Found rclc: 4.0.2 (/root/ros_ws/src/Rescue_Car_ws/install/rclc/share/rclc/cmake)
-- Configuring done
-- Generating done
-- Performing Test CMAKE_HAVE_LIBC_PTHREAD - Success
-- Found Threads: TRUE  
-- Build files have been written to: /root/ros_ws/src/Rescue_Car_ws/build/micro_ros_demos_rclc/addtwoints_client/src/addtwoints_client-build
-- Found rclc: 4.0.2 (/root/ros_ws/src/Rescue_Car_ws/install/rclc/share/rclc/cmake)
-- Found std_msgs: 4.9.0 (/root/ros_ws/src/Rescue_Car_ws/install/std_msgs/share/std_msgs/cmake)
-- Performing Test CMAKE_HAVE_LIBC_PTHREAD - Success
-- Found std_msgs: 4.9.0 (/root/ros_ws/src/Rescue_Car_ws/install/std_msgs/share/std_msgs/cmake)
-- Found Threads: TRUE  
[ 46%] [34m[1mPerforming build step for 'addtwoints_client'[0m
-- Found rclc: 4.0.2 (/root/ros_ws/src/Rescue_Car_ws/install/rclc/share/rclc/cmake)
-- Found rmw_microxrcedds: 3.0.3 (/root/ros_ws/src/Rescue_Car_ws/install/rmw_microxrcedds/share/rmw_microxrcedds/cmake)
-- Found rmw_microxrcedds: 3.0.3 (/root/ros_ws/src/Rescue_Car_ws/install/rmw_microxrcedds/share/rmw_microxrcedds/cmake)
-- Found std_msgs: 4.9.0 (/root/ros_ws/src/Rescue_Car_ws/install/std_msgs/share/std_msgs/cmake)
-- Configuring done
-- Configuring done
-- Found rmw_microxrcedds: 3.0.3 (/root/ros_ws/src/Rescue_Car_ws/install/rmw_microxrcedds/share/rmw_microxrcedds/cmake)
-- Generating done
-- Generating done
-- Build files have been written to: /root/ros_ws/src/Rescue_Car_ws/build/micro_ros_demos_rclc/graph_introspection/graph_visualizer/src/graph_visualizer-build
-- Build files have been written to: /root/ros_ws/src/Rescue_Car_ws/build/micro_ros_demos_rclc/int32_subscriber/src/int32_subscriber-build
-- Configuring done
-- Found rmw_microxrcedds: 3.0.3 (/root/ros_ws/src/Rescue_Car_ws/install/rmw_microxrcedds/share/rmw_microxrcedds/cmake)
-- Generating done
-- Build files have been written to: /root/ros_ws/src/Rescue_Car_ws/build/micro_ros_demos_rclc/ping_pong/src/ping_pong-build
[ 50%] [32mBuilding C object CMakeFiles/addtwoints_client.dir/main.c.o[0m
-- Configuring done
[ 47%] [34m[1mPerforming build step for 'int32_subscriber'[0m
[ 48%] [34m[1mPerforming build step for 'graph_visualizer'[0m
-- Generating done
-- Build files have been written to: /root/ros_ws/src/Rescue_Car_ws/build/micro_ros_demos_rclc/graph_introspection/subscription_count/src/subscription_count-build
-- Using RMW implementation 'rmw_fastrtps_cpp' as default
[ 49%] [34m[1mPerforming build step for 'ping_pong'[0m
-- Performing Test CMAKE_HAVE_LIBC_PTHREAD - Success
-- Found Threads: TRUE  
-- Performing Test CMAKE_HAVE_LIBC_PTHREAD - Success
[ 49%] [34m[1mPerforming build step for 'subscription_count'[0m
-- Found rclc: 4.0.2 (/root/ros_ws/src/Rescue_Car_ws/install/rclc/share/rclc/cmake)
-- Using RMW implementation 'rmw_fastrtps_cpp' as default
-- Found Threads: TRUE  
-- Looking for pthread.h
-- Found rclc: 4.0.2 (/root/ros_ws/src/Rescue_Car_ws/install/rclc/share/rclc/cmake)
[ 50%] [32mBuilding C object CMakeFiles/int32_subscriber.dir/main.c.o[0m
-- Looking for pthread.h
[ 50%] [32mBuilding C object CMakeFiles/graph_visualizer.dir/main.c.o[0m
[100%] [32m[1mLinking C executable addtwoints_client[0m
-- Found std_msgs: 4.9.0 (/root/ros_ws/src/Rescue_Car_ws/install/std_msgs/share/std_msgs/cmake)
[ 50%] [32mBuilding C object CMakeFiles/ping_pong.dir/main.c.o[0m
-- Found complex_msgs: 3.0.2 (/root/ros_ws/src/Rescue_Car_ws/install/complex_msgs/share/complex_msgs/cmake)
-- Found rmw_microxrcedds: 3.0.3 (/root/ros_ws/src/Rescue_Car_ws/install/rmw_microxrcedds/share/rmw_microxrcedds/cmake)
[ 50%] [32mBuilding C object CMakeFiles/subscription_count.dir/main.c.o[0m
-- Configuring done
-- Found rmw_microxrcedds: 3.0.3 (/root/ros_ws/src/Rescue_Car_ws/install/rmw_microxrcedds/share/rmw_microxrcedds/cmake)
-- Generating done
-- Build files have been written to: /root/ros_ws/src/Rescue_Car_ws/build/micro_ros_demos_rclc/int32_publisher_subscriber/src/int32_publisher_subscriber-build
-- Configuring done
[100%] [32m[1mLinking C executable int32_subscriber[0m
-- Generating done
-- Build files have been written to: /root/ros_ws/src/Rescue_Car_ws/build/micro_ros_demos_rclc/complex_msg_publisher/src/complex_msg_publisher-build
[100%] [32m[1mLinking C executable graph_visualizer[0m
[ 49%] [34m[1mPerforming build step for 'int32_publisher_subscriber'[0m
[100%] [32m[1mLinking C executable ping_pong[0m
[ 50%] [34m[1mPerforming build step for 'complex_msg_publisher'[0m
[100%] [32m[1mLinking C executable subscription_count[0m
[ 50%] [32mBuilding C object CMakeFiles/int32_publisher_subscriber.dir/main.c.o[0m
[ 50%] [32mBuilding C object CMakeFiles/complex_msg_publisher.dir/main.c.o[0m
-- Looking for pthread.h - found
-- Performing Test CMAKE_HAVE_LIBC_PTHREAD
-- Looking for pthread.h - found
-- Performing Test CMAKE_HAVE_LIBC_PTHREAD
[100%] [32m[1mLinking C executable int32_publisher_subscriber[0m
[100%] Built target addtwoints_client
[100%] [32m[1mLinking C executable complex_msg_publisher[0m
[ 51%] [34m[1mPerforming install step for 'addtwoints_client'[0m
[100%] Built target int32_subscriber
[35m[1mConsolidate compiler generated dependencies of target addtwoints_client[0m
[100%] Built target addtwoints_client
[ 51%] [34m[1mPerforming install step for 'int32_subscriber'[0m
[100%] Built target graph_visualizer
[100%] Built target ping_pong
[36mInstall the project...[0m
[ 51%] [34m[1mPerforming install step for 'graph_visualizer'[0m
-- Install configuration: ""
-- Installing: /root/ros_ws/src/Rescue_Car_ws/build/micro_ros_demos_rclc/temp_install/addtwoints_client/addtwoints_client
-- Set runtime path of "/root/ros_ws/src/Rescue_Car_ws/build/micro_ros_demos_rclc/temp_install/addtwoints_client/addtwoints_client" to ""
[ 51%] [34m[1mPerforming install step for 'ping_pong'[0m
[35m[1mConsolidate compiler generated dependencies of target int32_subscriber[0m
[100%] Built target subscription_count
-- Using RMW implementation 'rmw_fastrtps_cpp' as default
[100%] Built target int32_subscriber
[ 51%] [34m[1mCompleted 'addtwoints_client'[0m
[35m[1mConsolidate compiler generated dependencies of target graph_visualizer[0m
[ 51%] [34m[1mPerforming install step for 'subscription_count'[0m
-- Looking for pthread.h
[36mInstall the project...[0m
[100%] Built target graph_visualizer
[35m[1mConsolidate compiler generated dependencies of target ping_pong[0m
-- Install configuration: ""
-- Installing: /root/ros_ws/src/Rescue_Car_ws/build/micro_ros_demos_rclc/temp_install/int32_subscriber/int32_subscriber
-- Set runtime path of "/root/ros_ws/src/Rescue_Car_ws/build/micro_ros_demos_rclc/temp_install/int32_subscriber/int32_subscriber" to ""
-- Performing Test CMAKE_HAVE_LIBC_PTHREAD - Success
-- Found Threads: TRUE  
-- Found rclc: 4.0.2 (/root/ros_ws/src/Rescue_Car_ws/install/rclc/share/rclc/cmake)
[100%] Built target ping_pong
[ 51%] Built target addtwoints_client
[36mInstall the project...[0m
[ 51%] [34m[1mCompleted 'int32_subscriber'[0m
[35m[1mConsolidate compiler generated dependencies of target subscription_count[0m
-- Install configuration: ""
-- Installing: /root/ros_ws/src/Rescue_Car_ws/build/micro_ros_demos_rclc/temp_install/graph_visualizer/graph_visualizer
-- Set runtime path of "/root/ros_ws/src/Rescue_Car_ws/build/micro_ros_demos_rclc/temp_install/graph_visualizer/graph_visualizer" to ""
[36mInstall the project...[0m
[100%] Built target subscription_count
-- Performing Test CMAKE_HAVE_LIBC_PTHREAD - Success
[ 51%] [34m[1mCreating directories for 'string_publisher'[0m
-- Found Threads: TRUE  
-- Install configuration: ""
-- Installing: /root/ros_ws/src/Rescue_Car_ws/build/micro_ros_demos_rclc/temp_install/ping_pong/ping_pong
-- Set runtime path of "/root/ros_ws/src/Rescue_Car_ws/build/micro_ros_demos_rclc/temp_install/ping_pong/ping_pong" to ""
-- Found rmw_microxrcedds: 3.0.3 (/root/ros_ws/src/Rescue_Car_ws/install/rmw_microxrcedds/share/rmw_microxrcedds/cmake)
-- Found rclc: 4.0.2 (/root/ros_ws/src/Rescue_Car_ws/install/rclc/share/rclc/cmake)
[100%] Built target complex_msg_publisher
[ 51%] [34m[1mCompleted 'graph_visualizer'[0m
[36mInstall the project...[0m
-- Configuring done
[100%] Built target int32_publisher_subscriber
[ 51%] Built target int32_subscriber
[ 51%] [34m[1mCompleted 'ping_pong'[0m
-- Install configuration: ""
-- Installing: /root/ros_ws/src/Rescue_Car_ws/build/micro_ros_demos_rclc/temp_install/subscription_count/subscription_count
-- Set runtime path of "/root/ros_ws/src/Rescue_Car_ws/build/micro_ros_demos_rclc/temp_install/subscription_count/subscription_count" to ""
-- Generating done
-- Build files have been written to: /root/ros_ws/src/Rescue_Car_ws/build/micro_ros_demos_rclc/graph_introspection/publisher_count/src/publisher_count-build
[ 52%] [34m[1mPerforming install step for 'complex_msg_publisher'[0m
[ 52%] [34m[1mPerforming install step for 'int32_publisher_subscriber'[0m
[ 52%] [34m[1mCreating directories for 'string_subscriber'[0m
-- Found std_msgs: 4.9.0 (/root/ros_ws/src/Rescue_Car_ws/install/std_msgs/share/std_msgs/cmake)
[ 53%] [34m[1mCompleted 'subscription_count'[0m
[ 53%] Built target graph_visualizer
-- Using RMW implementation 'rmw_fastrtps_cpp' as default
[ 53%] [34m[1mPerforming build step for 'publisher_count'[0m
-- Found rmw_microxrcedds: 3.0.3 (/root/ros_ws/src/Rescue_Car_ws/install/rmw_microxrcedds/share/rmw_microxrcedds/cmake)
[ 53%] Built target ping_pong
-- Looking for pthread.h
[35m[1mConsolidate compiler generated dependencies of target complex_msg_publisher[0m
[ 54%] [34m[1mCreating directories for 'autodiscover_agent'[0m
-- Configuring done
[ 54%] Built target subscription_count
-- Generating done
[35m[1mConsolidate compiler generated dependencies of target int32_publisher_subscriber[0m
-- Build files have been written to: /root/ros_ws/src/Rescue_Car_ws/build/micro_ros_demos_rclc/fragmented_publication/src/fragmented_publication-build
[100%] Built target complex_msg_publisher
[ 55%] [34m[1mNo download step for 'string_publisher'[0m
[ 56%] [34m[1mCreating directories for 'static_type_handling'[0m
-- Using RMW implementation 'rmw_fastrtps_cpp' as default
[100%] Built target int32_publisher_subscriber
[ 56%] [34m[1mCreating directories for 'epoch_synchronization'[0m
[36mInstall the project...[0m
-- Using RMW implementation 'rmw_fastrtps_cpp' as default
[ 50%] [32mBuilding C object CMakeFiles/publisher_count.dir/main.c.o[0m
[ 56%] [34m[1mNo update step for 'string_publisher'[0m
-- Install configuration: ""
-- Looking for pthread.h
-- Installing: /root/ros_ws/src/Rescue_Car_ws/build/micro_ros_demos_rclc/temp_install/complex_msg_publisher/complex_msg_publisher
-- Set runtime path of "/root/ros_ws/src/Rescue_Car_ws/build/micro_ros_demos_rclc/temp_install/complex_msg_publisher/complex_msg_publisher" to ""
[ 56%] [34m[1mPerforming build step for 'fragmented_publication'[0m
[36mInstall the project...[0m
-- Looking for pthread.h
[ 56%] [34m[1mNo download step for 'string_subscriber'[0m
-- Install configuration: ""
-- Installing: /root/ros_ws/src/Rescue_Car_ws/build/micro_ros_demos_rclc/temp_install/int32_publisher_subscriber/int32_publisher_subscriber
-- Set runtime path of "/root/ros_ws/src/Rescue_Car_ws/build/micro_ros_demos_rclc/temp_install/int32_publisher_subscriber/int32_publisher_subscriber" to ""
[ 56%] [34m[1mCompleted 'complex_msg_publisher'[0m
[ 57%] [34m[1mNo patch step for 'string_publisher'[0m
[ 58%] [34m[1mNo download step for 'autodiscover_agent'[0m
[ 59%] [34m[1mCompleted 'int32_publisher_subscriber'[0m
[ 59%] [34m[1mNo update step for 'string_subscriber'[0m
[ 50%] [32mBuilding C object CMakeFiles/fragmented_publication.dir/main.c.o[0m
-- Using RMW implementation 'rmw_fastrtps_cpp' as default
[ 59%] [34m[1mPerforming configure step for 'string_publisher'[0m
[ 60%] [34m[1mNo download step for 'static_type_handling'[0m
[ 60%] Built target complex_msg_publisher
-- Using RMW implementation 'rmw_fastrtps_cpp' as default
loading initial cache file /root/ros_ws/src/Rescue_Car_ws/build/micro_ros_demos_rclc/string_publisher/tmp/string_publisher-cache-.cmake
[ 60%] [34m[1mNo download step for 'epoch_synchronization'[0m
[ 61%] [34m[1mNo update step for 'autodiscover_agent'[0m
-- Looking for pthread.h
-- Looking for pthread.h - found
-- Performing Test CMAKE_HAVE_LIBC_PTHREAD
[ 62%] [34m[1mNo patch step for 'string_subscriber'[0m
[100%] [32m[1mLinking C executable publisher_count[0m
[ 62%] Built target int32_publisher_subscriber
-- Looking for pthread.h
[ 63%] [34m[1mNo update step for 'static_type_handling'[0m
[ 64%] [34m[1mCreating directories for 'parameter_server'[0m
[ 64%] [34m[1mNo update step for 'epoch_synchronization'[0m
[ 64%] [34m[1mNo patch step for 'autodiscover_agent'[0m
[ 65%] [34m[1mPerforming configure step for 'string_subscriber'[0m
[ 65%] [34m[1mCreating directories for 'multithread_publisher_subscriber'[0m
loading initial cache file /root/ros_ws/src/Rescue_Car_ws/build/micro_ros_demos_rclc/string_subscriber/tmp/string_subscriber-cache-.cmake
[ 65%] [34m[1mNo patch step for 'static_type_handling'[0m
[ 66%] [34m[1mNo patch step for 'epoch_synchronization'[0m
[ 66%] [34m[1mPerforming configure step for 'autodiscover_agent'[0m
[100%] [32m[1mLinking C executable fragmented_publication[0m
loading initial cache file /root/ros_ws/src/Rescue_Car_ws/build/micro_ros_demos_rclc/autodiscover_agent/tmp/autodiscover_agent-cache-.cmake
[ 66%] [34m[1mPerforming configure step for 'static_type_handling'[0m
[ 67%] [34m[1mPerforming configure step for 'epoch_synchronization'[0m
loading initial cache file /root/ros_ws/src/Rescue_Car_ws/build/micro_ros_demos_rclc/static_type_handling/tmp/static_type_handling-cache-.cmake
loading initial cache file /root/ros_ws/src/Rescue_Car_ws/build/micro_ros_demos_rclc/epoch_synchronization/tmp/epoch_synchronization-cache-.cmake
-- Looking for pthread.h - found
-- Performing Test CMAKE_HAVE_LIBC_PTHREAD
[ 67%] [34m[1mNo download step for 'parameter_server'[0m
[ 67%] [34m[1mNo download step for 'multithread_publisher_subscriber'[0m
[ 68%] [34m[1mNo update step for 'parameter_server'[0m
-- Looking for pthread.h - found
-- Performing Test CMAKE_HAVE_LIBC_PTHREAD
-- Looking for pthread.h - found
-- Performing Test CMAKE_HAVE_LIBC_PTHREAD
[ 68%] [34m[1mNo update step for 'multithread_publisher_subscriber'[0m
[ 68%] [34m[1mNo patch step for 'parameter_server'[0m
[ 69%] [34m[1mNo patch step for 'multithread_publisher_subscriber'[0m
-- The C compiler identification is GNU 11.4.0
[ 70%] [34m[1mPerforming configure step for 'parameter_server'[0m
-- Looking for pthread.h - found
-- Performing Test CMAKE_HAVE_LIBC_PTHREAD
-- Performing Test CMAKE_HAVE_LIBC_PTHREAD - Success
-- Found Threads: TRUE  
-- Found rclc: 4.0.2 (/root/ros_ws/src/Rescue_Car_ws/install/rclc/share/rclc/cmake)
loading initial cache file /root/ros_ws/src/Rescue_Car_ws/build/micro_ros_demos_rclc/parameter_server/tmp/parameter_server-cache-.cmake
[ 71%] [34m[1mPerforming configure step for 'multithread_publisher_subscriber'[0m
loading initial cache file /root/ros_ws/src/Rescue_Car_ws/build/micro_ros_demos_rclc/multithread_publisher_subscriber/tmp/multithread_publisher_subscriber-cache-.cmake
-- Looking for pthread.h - found
-- Performing Test CMAKE_HAVE_LIBC_PTHREAD
-- The C compiler identification is GNU 11.4.0
-- Found complex_msgs: 3.0.2 (/root/ros_ws/src/Rescue_Car_ws/install/complex_msgs/share/complex_msgs/cmake)
[100%] Built target publisher_count
-- The C compiler identification is GNU 11.4.0
-- Found rmw_microxrcedds: 3.0.3 (/root/ros_ws/src/Rescue_Car_ws/install/rmw_microxrcedds/share/rmw_microxrcedds/cmake)
[ 72%] [34m[1mPerforming install step for 'publisher_count'[0m
-- Configuring done
[100%] Built target fragmented_publication
-- Generating done
-- Build files have been written to: /root/ros_ws/src/Rescue_Car_ws/build/micro_ros_demos_rclc/complex_msg_subscriber/src/complex_msg_subscriber-build
-- The C compiler identification is GNU 11.4.0
-- The C compiler identification is GNU 11.4.0
[ 73%] [34m[1mPerforming install step for 'fragmented_publication'[0m
[35m[1mConsolidate compiler generated dependencies of target publisher_count[0m
[ 73%] [34m[1mPerforming build step for 'complex_msg_subscriber'[0m
-- Performing Test CMAKE_HAVE_LIBC_PTHREAD - Success
-- Found Threads: TRUE  
[100%] Built target publisher_count
-- Found rclc: 4.0.2 (/root/ros_ws/src/Rescue_Car_ws/install/rclc/share/rclc/cmake)
[35m[1mConsolidate compiler generated dependencies of target fragmented_publication[0m
[36mInstall the project...[0m
[100%] Built target fragmented_publication
-- Install configuration: ""
-- Installing: /root/ros_ws/src/Rescue_Car_ws/build/micro_ros_demos_rclc/temp_install/publisher_count/publisher_count
-- Set runtime path of "/root/ros_ws/src/Rescue_Car_ws/build/micro_ros_demos_rclc/temp_install/publisher_count/publisher_count" to ""
-- Performing Test CMAKE_HAVE_LIBC_PTHREAD - Success
-- Found Threads: TRUE  
-- Found rclc: 4.0.2 (/root/ros_ws/src/Rescue_Car_ws/install/rclc/share/rclc/cmake)
[ 50%] [32mBuilding C object CMakeFiles/complex_msg_subscriber.dir/main.c.o[0m
-- Found std_msgs: 4.9.0 (/root/ros_ws/src/Rescue_Car_ws/install/std_msgs/share/std_msgs/cmake)
[36mInstall the project...[0m
[ 74%] [34m[1mCompleted 'publisher_count'[0m
-- Performing Test CMAKE_HAVE_LIBC_PTHREAD - Success
-- Found Threads: TRUE  
-- Found rmw_microxrcedds: 3.0.3 (/root/ros_ws/src/Rescue_Car_ws/install/rmw_microxrcedds/share/rmw_microxrcedds/cmake)
-- Install configuration: ""
-- Installing: /root/ros_ws/src/Rescue_Car_ws/build/micro_ros_demos_rclc/temp_install/fragmented_publication/fragmented_publication
-- Set runtime path of "/root/ros_ws/src/Rescue_Car_ws/build/micro_ros_demos_rclc/temp_install/fragmented_publication/fragmented_publication" to ""
-- Found rclc: 4.0.2 (/root/ros_ws/src/Rescue_Car_ws/install/rclc/share/rclc/cmake)
-- Configuring done
-- The C compiler identification is GNU 11.4.0
-- Performing Test CMAKE_HAVE_LIBC_PTHREAD - Success
-- Generating done
-- Found std_msgs: 4.9.0 (/root/ros_ws/src/Rescue_Car_ws/install/std_msgs/share/std_msgs/cmake)
-- Found Threads: TRUE  
-- Build files have been written to: /root/ros_ws/src/Rescue_Car_ws/build/micro_ros_demos_rclc/fragmented_subscription/src/fragmented_subscription-build
[ 74%] [34m[1mCompleted 'fragmented_publication'[0m
-- Found rclc: 4.0.2 (/root/ros_ws/src/Rescue_Car_ws/install/rclc/share/rclc/cmake)
[ 74%] Built target publisher_count
-- Found rmw_microxrcedds: 3.0.3 (/root/ros_ws/src/Rescue_Car_ws/install/rmw_microxrcedds/share/rmw_microxrcedds/cmake)
-- Found std_msgs: 4.9.0 (/root/ros_ws/src/Rescue_Car_ws/install/std_msgs/share/std_msgs/cmake)
-- The C compiler identification is GNU 11.4.0
-- Configuring done
-- Found rmw_microxrcedds: 3.0.3 (/root/ros_ws/src/Rescue_Car_ws/install/rmw_microxrcedds/share/rmw_microxrcedds/cmake)
[ 74%] [34m[1mPerforming build step for 'fragmented_subscription'[0m
[100%] [32m[1mLinking C executable complex_msg_subscriber[0m
-- Generating done
-- Build files have been written to: /root/ros_ws/src/Rescue_Car_ws/build/micro_ros_demos_rclc/configuration_example/configured_subscriber/src/configured_subscriber-build
-- Configuring done
[ 74%] Built target fragmented_publication
-- Performing Test CMAKE_HAVE_LIBC_PTHREAD - Success
-- Generating done
-- Found Threads: TRUE  
-- Found std_msgs: 4.9.0 (/root/ros_ws/src/Rescue_Car_ws/install/std_msgs/share/std_msgs/cmake)
-- Build files have been written to: /root/ros_ws/src/Rescue_Car_ws/build/micro_ros_demos_rclc/int32_publisher/src/int32_publisher-build
-- Found rclc: 4.0.2 (/root/ros_ws/src/Rescue_Car_ws/install/rclc/share/rclc/cmake)
-- Configuring done
[ 75%] [34m[1mPerforming build step for 'configured_subscriber'[0m
-- Generating done
-- Build files have been written to: /root/ros_ws/src/Rescue_Car_ws/build/micro_ros_demos_rclc/int32_multinode/src/int32_multinode-build
[ 75%] [34m[1mPerforming build step for 'int32_publisher'[0m
[ 50%] [32mBuilding C object CMakeFiles/fragmented_subscription.dir/main.c.o[0m
-- Using RMW implementation 'rmw_fastrtps_cpp' as default
-- Found rmw_microxrcedds: 3.0.3 (/root/ros_ws/src/Rescue_Car_ws/install/rmw_microxrcedds/share/rmw_microxrcedds/cmake)
[ 76%] [34m[1mPerforming build step for 'int32_multinode'[0m
-- Found std_msgs: 4.9.0 (/root/ros_ws/src/Rescue_Car_ws/install/std_msgs/share/std_msgs/cmake)
-- Looking for pthread.h
[ 50%] [32mBuilding C object CMakeFiles/configured_subscriber.dir/main.c.o[0m
-- Configuring done
-- Generating done
-- Build files have been written to: /root/ros_ws/src/Rescue_Car_ws/build/micro_ros_demos_rclc/ping_uros_agent/src/ping_uros_agent-build
[ 50%] [32mBuilding C object CMakeFiles/int32_publisher.dir/main.c.o[0m
[100%] [32m[1mLinking C executable fragmented_subscription[0m
[ 50%] [32mBuilding C object CMakeFiles/int32_multinode.dir/main.c.o[0m
[ 77%] [34m[1mPerforming build step for 'ping_uros_agent'[0m
[100%] [32m[1mLinking C executable configured_subscriber[0m
[100%] [32m[1mLinking C executable int32_publisher[0m
[ 50%] [32mBuilding C object CMakeFiles/ping_uros_agent.dir/main.c.o[0m
-- Detecting C compiler ABI info
[100%] [32m[1mLinking C executable int32_multinode[0m
[100%] Built target complex_msg_subscriber
[ 78%] [34m[1mPerforming install step for 'complex_msg_subscriber'[0m
[100%] [32m[1mLinking C executable ping_uros_agent[0m
-- Detecting C compiler ABI info
[35m[1mConsolidate compiler generated dependencies of target complex_msg_subscriber[0m
-- Looking for pthread.h - found
-- Performing Test CMAKE_HAVE_LIBC_PTHREAD
[100%] Built target complex_msg_subscriber
-- Detecting C compiler ABI info
[36mInstall the project...[0m
-- Detecting C compiler ABI info
-- Install configuration: ""
-- Installing: /root/ros_ws/src/Rescue_Car_ws/build/micro_ros_demos_rclc/temp_install/complex_msg_subscriber/complex_msg_subscriber
-- Set runtime path of "/root/ros_ws/src/Rescue_Car_ws/build/micro_ros_demos_rclc/temp_install/complex_msg_subscriber/complex_msg_subscriber" to ""
[100%] Built target fragmented_subscription
[ 79%] [34m[1mCompleted 'complex_msg_subscriber'[0m
[ 80%] [34m[1mPerforming install step for 'fragmented_subscription'[0m
[ 80%] Built target complex_msg_subscriber
-- Detecting C compiler ABI info - done
-- Detecting C compiler ABI info
[100%] Built target configured_subscriber
-- Using RMW implementation 'rmw_fastrtps_cpp' as default
-- Check for working C compiler: /usr/bin/cc - skipped
[35m[1mConsolidate compiler generated dependencies of target fragmented_subscription[0m
-- Detecting C compile features
-- Detecting C compile features - done
-- Found ament_cmake: 1.3.12 (/opt/ros/humble/share/ament_cmake/cmake)
[100%] Built target int32_publisher
[100%] Built target fragmented_subscription
-- Looking for pthread.h
[ 80%] [34m[1mPerforming install step for 'configured_subscriber'[0m
[ 81%] [34m[1mPerforming install step for 'int32_publisher'[0m
[36mInstall the project...[0m
[100%] Built target int32_multinode
-- Detecting C compiler ABI info
-- Install configuration: ""
-- Detecting C compiler ABI info - done
-- Installing: /root/ros_ws/src/Rescue_Car_ws/build/micro_ros_demos_rclc/temp_install/fragmented_subscription/fragmented_subscription
-- Set runtime path of "/root/ros_ws/src/Rescue_Car_ws/build/micro_ros_demos_rclc/temp_install/fragmented_subscription/fragmented_subscription" to ""
-- Check for working C compiler: /usr/bin/cc - skipped
-- Detecting C compile features
-- Detecting C compile features - done
[35m[1mConsolidate compiler generated dependencies of target configured_subscriber[0m
-- Found ament_cmake: 1.3.12 (/opt/ros/humble/share/ament_cmake/cmake)
[ 81%] [34m[1mPerforming install step for 'int32_multinode'[0m
[100%] Built target ping_uros_agent
[35m[1mConsolidate compiler generated dependencies of target int32_publisher[0m
[ 82%] [34m[1mCompleted 'fragmented_subscription'[0m
[100%] Built target configured_subscriber
[100%] Built target int32_publisher
[ 83%] [34m[1mPerforming install step for 'ping_uros_agent'[0m
-- Performing Test CMAKE_HAVE_LIBC_PTHREAD - Success
-- Found Threads: TRUE  
[36mInstall the project...[0m
-- Found rclc: 4.0.2 (/root/ros_ws/src/Rescue_Car_ws/install/rclc/share/rclc/cmake)
[36mInstall the project...[0m
-- Install configuration: ""
[35m[1mConsolidate compiler generated dependencies of target int32_multinode[0m
-- Installing: /root/ros_ws/src/Rescue_Car_ws/build/micro_ros_demos_rclc/temp_install/configured_subscriber/configured_subscriber
-- Set runtime path of "/root/ros_ws/src/Rescue_Car_ws/build/micro_ros_demos_rclc/temp_install/configured_subscriber/configured_subscriber" to ""
[ 83%] Built target fragmented_subscription
-- Install configuration: ""
-- Installing: /root/ros_ws/src/Rescue_Car_ws/build/micro_ros_demos_rclc/temp_install/int32_publisher/int32_publisher
-- Set runtime path of "/root/ros_ws/src/Rescue_Car_ws/build/micro_ros_demos_rclc/temp_install/int32_publisher/int32_publisher" to ""
-- Detecting C compiler ABI info
[100%] Built target int32_multinode
[35m[1mConsolidate compiler generated dependencies of target ping_uros_agent[0m
[ 83%] [34m[1mCompleted 'configured_subscriber'[0m
-- Detecting C compiler ABI info - done
[ 84%] [34m[1mCompleted 'int32_publisher'[0m
-- Check for working C compiler: /usr/bin/cc - skipped
-- Detecting C compile features
-- Detecting C compile features - done
-- Found ament_cmake: 1.3.12 (/opt/ros/humble/share/ament_cmake/cmake)
[36mInstall the project...[0m
[100%] Built target ping_uros_agent
-- Found example_interfaces: 0.9.3 (/root/ros_ws/src/Rescue_Car_ws/install/example_interfaces/share/example_interfaces/cmake)
-- Detecting C compiler ABI info - done
-- Install configuration: ""
-- Installing: /root/ros_ws/src/Rescue_Car_ws/build/micro_ros_demos_rclc/temp_install/int32_multinode/int32_multinode
-- Set runtime path of "/root/ros_ws/src/Rescue_Car_ws/build/micro_ros_demos_rclc/temp_install/int32_multinode/int32_multinode" to ""
-- Check for working C compiler: /usr/bin/cc - skipped
-- Detecting C compile features
-- Detecting C compile features - done
-- Configuring done
-- Found ament_cmake: 1.3.12 (/opt/ros/humble/share/ament_cmake/cmake)
[36mInstall the project...[0m
[ 84%] Built target configured_subscriber
-- Generating done
-- Build files have been written to: /root/ros_ws/src/Rescue_Car_ws/build/micro_ros_demos_rclc/fibonacci_action_client/src/fibonacci_action_client-build
[ 84%] Built target int32_publisher
[ 84%] [34m[1mCompleted 'int32_multinode'[0m
-- Install configuration: ""
-- Installing: /root/ros_ws/src/Rescue_Car_ws/build/micro_ros_demos_rclc/temp_install/ping_uros_agent/ping_uros_agent
-- Set runtime path of "/root/ros_ws/src/Rescue_Car_ws/build/micro_ros_demos_rclc/temp_install/ping_uros_agent/ping_uros_agent" to ""
-- Found Python3: /usr/bin/python3 (found version "3.10.12") found components: Interpreter 
[ 84%] [34m[1mPerforming build step for 'fibonacci_action_client'[0m
[ 84%] [34m[1mCompleted 'ping_uros_agent'[0m
-- Looking for pthread.h - found
-- Performing Test CMAKE_HAVE_LIBC_PTHREAD
[ 84%] Built target int32_multinode
-- Detecting C compiler ABI info - done
-- Using RMW implementation 'rmw_fastrtps_cpp' as default
-- Detecting C compiler ABI info - done
-- Check for working C compiler: /usr/bin/cc - skipped
-- Check for working C compiler: /usr/bin/cc - skipped
-- Detecting C compile features
-- Detecting C compile features
-- Detecting C compile features - done
-- Detecting C compile features - done
-- Found ament_cmake: 1.3.12 (/opt/ros/humble/share/ament_cmake/cmake)
-- Found ament_cmake: 1.3.12 (/opt/ros/humble/share/ament_cmake/cmake)
-- Looking for pthread.h
[ 84%] Built target ping_uros_agent
-- Found Python3: /usr/bin/python3 (found version "3.10.12") found components: Interpreter 
[ 50%] [32mBuilding C object CMakeFiles/fibonacci_action_client.dir/main.c.o[0m
-- Found rcl: 5.3.10 (/opt/ros/humble/share/rcl/cmake)
[100%] [32m[1mLinking C executable fibonacci_action_client[0m
-- Found Python3: /usr/bin/python3 (found version "3.10.12") found components: Interpreter 
-- Found Python3: /usr/bin/python3 (found version "3.10.12") found components: Interpreter 
-- Detecting C compiler ABI info - done
-- Check for working C compiler: /usr/bin/cc - skipped
-- Detecting C compile features
-- Detecting C compile features - done
-- Found ament_cmake: 1.3.12 (/opt/ros/humble/share/ament_cmake/cmake)
-- Found rcl: 5.3.10 (/opt/ros/humble/share/rcl/cmake)
-- Found Python3: /usr/bin/python3 (found version "3.10.12") found components: Interpreter 
-- Performing Test CMAKE_HAVE_LIBC_PTHREAD - Success
-- Found Threads: TRUE  
-- Found rclc: 4.0.2 (/root/ros_ws/src/Rescue_Car_ws/install/rclc/share/rclc/cmake)
-- Found Python3: /usr/bin/python3 (found version "3.10.12") found components: Interpreter 
-- Looking for pthread.h - found
-- Performing Test CMAKE_HAVE_LIBC_PTHREAD
-- Found example_interfaces: 0.9.3 (/root/ros_ws/src/Rescue_Car_ws/install/example_interfaces/share/example_interfaces/cmake)
-- Found rcl: 5.3.10 (/opt/ros/humble/share/rcl/cmake)
-- Found rcl: 5.3.10 (/opt/ros/humble/share/rcl/cmake)
-- Configuring done
-- Generating done
-- Build files have been written to: /root/ros_ws/src/Rescue_Car_ws/build/micro_ros_demos_rclc/addtwoints_server/src/addtwoints_server-build
[ 84%] [34m[1mPerforming build step for 'addtwoints_server'[0m
-- Found rcl: 5.3.10 (/opt/ros/humble/share/rcl/cmake)
-- Using RMW implementation 'rmw_fastrtps_cpp' as default
[100%] Built target fibonacci_action_client
-- Found Python3: /usr/bin/python3 (found version "3.10.12") found components: Interpreter 
-- Looking for pthread.h
[ 84%] [34m[1mPerforming install step for 'fibonacci_action_client'[0m
-- Found rcl: 5.3.10 (/opt/ros/humble/share/rcl/cmake)
-- Found rosidl_generator_c: 3.1.7 (/opt/ros/humble/share/rosidl_generator_c/cmake)
[ 50%] [32mBuilding C object CMakeFiles/addtwoints_server.dir/main.c.o[0m
-- Found rosidl_adapter: 3.1.7 (/opt/ros/humble/share/rosidl_adapter/cmake)
-- Found rosidl_generator_cpp: 3.1.7 (/opt/ros/humble/share/rosidl_generator_cpp/cmake)
[35m[1mConsolidate compiler generated dependencies of target fibonacci_action_client[0m
-- Using all available rosidl_typesupport_c: rosidl_typesupport_microxrcedds_c;rosidl_typesupport_fastrtps_c;rosidl_typesupport_introspection_c
[100%] Built target fibonacci_action_client
-- Performing Test CMAKE_HAVE_LIBC_PTHREAD - Success
-- Found Threads: TRUE  
-- Found rosidl_generator_c: 3.1.7 (/opt/ros/humble/share/rosidl_generator_c/cmake)
-- Found rclc: 4.0.2 (/root/ros_ws/src/Rescue_Car_ws/install/rclc/share/rclc/cmake)
-- Using all available rosidl_typesupport_cpp: rosidl_typesupport_microxrcedds_cpp;rosidl_typesupport_fastrtps_cpp;rosidl_typesupport_introspection_cpp
-- Found rosidl_adapter: 3.1.7 (/opt/ros/humble/share/rosidl_adapter/cmake)
[36mInstall the project...[0m
-- Install configuration: ""
-- Installing: /root/ros_ws/src/Rescue_Car_ws/build/micro_ros_demos_rclc/temp_install/fibonacci_action_client/fibonacci_action_client
-- Found rosidl_generator_cpp: 3.1.7 (/opt/ros/humble/share/rosidl_generator_cpp/cmake)
-- Set runtime path of "/root/ros_ws/src/Rescue_Car_ws/build/micro_ros_demos_rclc/temp_install/fibonacci_action_client/fibonacci_action_client" to ""
[100%] [32m[1mLinking C executable addtwoints_server[0m
-- Using all available rosidl_typesupport_c: rosidl_typesupport_microxrcedds_c;rosidl_typesupport_fastrtps_c;rosidl_typesupport_introspection_c
[ 85%] [34m[1mCompleted 'fibonacci_action_client'[0m
-- Found rosidl_generator_c: 3.1.7 (/opt/ros/humble/share/rosidl_generator_c/cmake)
-- Found example_interfaces: 0.9.3 (/root/ros_ws/src/Rescue_Car_ws/install/example_interfaces/share/example_interfaces/cmake)
-- Found rosidl_generator_c: 3.1.7 (/opt/ros/humble/share/rosidl_generator_c/cmake)
-- Found rosidl_adapter: 3.1.7 (/opt/ros/humble/share/rosidl_adapter/cmake)
-- Found rcl: 5.3.10 (/opt/ros/humble/share/rcl/cmake)
-- Found rosidl_adapter: 3.1.7 (/opt/ros/humble/share/rosidl_adapter/cmake)
-- Found rosidl_generator_cpp: 3.1.7 (/opt/ros/humble/share/rosidl_generator_cpp/cmake)
-- Found rmw_implementation_cmake: 6.1.2 (/opt/ros/humble/share/rmw_implementation_cmake/cmake)
-- Found rosidl_generator_cpp: 3.1.7 (/opt/ros/humble/share/rosidl_generator_cpp/cmake)
-- Configuring done
-- Using all available rosidl_typesupport_cpp: rosidl_typesupport_microxrcedds_cpp;rosidl_typesupport_fastrtps_cpp;rosidl_typesupport_introspection_cpp
-- Found rmw_fastrtps_cpp: 6.2.8 (/opt/ros/humble/share/rmw_fastrtps_cpp/cmake)
-- Using all available rosidl_typesupport_c: rosidl_typesupport_microxrcedds_c;rosidl_typesupport_fastrtps_c;rosidl_typesupport_introspection_c
-- Generating done
-- Build files have been written to: /root/ros_ws/src/Rescue_Car_ws/build/micro_ros_demos_rclc/fibonacci_action_server/src/fibonacci_action_server-build
[ 85%] Built target fibonacci_action_client
-- Using all available rosidl_typesupport_c: rosidl_typesupport_microxrcedds_c;rosidl_typesupport_fastrtps_c;rosidl_typesupport_introspection_c
-- Using all available rosidl_typesupport_cpp: rosidl_typesupport_microxrcedds_cpp;rosidl_typesupport_fastrtps_cpp;rosidl_typesupport_introspection_cpp
[ 86%] [34m[1mPerforming build step for 'fibonacci_action_server'[0m
-- Using all available rosidl_typesupport_cpp: rosidl_typesupport_microxrcedds_cpp;rosidl_typesupport_fastrtps_cpp;rosidl_typesupport_introspection_cpp
-- Looking for pthread.h - found
-- Performing Test CMAKE_HAVE_LIBC_PTHREAD
-- Found rmw_implementation_cmake: 6.1.2 (/opt/ros/humble/share/rmw_implementation_cmake/cmake)
-- Found rmw_fastrtps_cpp: 6.2.8 (/opt/ros/humble/share/rmw_fastrtps_cpp/cmake)
-- Found rosidl_generator_c: 3.1.7 (/opt/ros/humble/share/rosidl_generator_c/cmake)
-- Found rmw_implementation_cmake: 6.1.2 (/opt/ros/humble/share/rmw_implementation_cmake/cmake)
-- Found rosidl_adapter: 3.1.7 (/opt/ros/humble/share/rosidl_adapter/cmake)
-- Found rmw_fastrtps_cpp: 6.2.8 (/opt/ros/humble/share/rmw_fastrtps_cpp/cmake)
[ 50%] [32mBuilding C object CMakeFiles/fibonacci_action_server.dir/main.c.o[0m
-- Found rosidl_generator_cpp: 3.1.7 (/opt/ros/humble/share/rosidl_generator_cpp/cmake)
-- Found rmw_implementation_cmake: 6.1.2 (/opt/ros/humble/share/rmw_implementation_cmake/cmake)
-- Found rmw_fastrtps_cpp: 6.2.8 (/opt/ros/humble/share/rmw_fastrtps_cpp/cmake)
-- Using all available rosidl_typesupport_c: rosidl_typesupport_microxrcedds_c;rosidl_typesupport_fastrtps_c;rosidl_typesupport_introspection_c
-- Found rosidl_generator_c: 3.1.7 (/opt/ros/humble/share/rosidl_generator_c/cmake)
-- Found rosidl_adapter: 3.1.7 (/opt/ros/humble/share/rosidl_adapter/cmake)
-- Using all available rosidl_typesupport_cpp: rosidl_typesupport_microxrcedds_cpp;rosidl_typesupport_fastrtps_cpp;rosidl_typesupport_introspection_cpp
-- Found rosidl_generator_cpp: 3.1.7 (/opt/ros/humble/share/rosidl_generator_cpp/cmake)
[100%] Built target addtwoints_server
-- Using all available rosidl_typesupport_c: rosidl_typesupport_microxrcedds_c;rosidl_typesupport_fastrtps_c;rosidl_typesupport_introspection_c
[100%] [32m[1mLinking C executable fibonacci_action_server[0m
[ 87%] [34m[1mPerforming install step for 'addtwoints_server'[0m
-- Using all available rosidl_typesupport_cpp: rosidl_typesupport_microxrcedds_cpp;rosidl_typesupport_fastrtps_cpp;rosidl_typesupport_introspection_cpp
-- Found rmw_implementation_cmake: 6.1.2 (/opt/ros/humble/share/rmw_implementation_cmake/cmake)
-- Found rmw_fastrtps_cpp: 6.2.8 (/opt/ros/humble/share/rmw_fastrtps_cpp/cmake)
-- Using RMW implementation 'rmw_fastrtps_cpp' as default
[35m[1mConsolidate compiler generated dependencies of target addtwoints_server[0m
-- Looking for pthread.h
[100%] Built target addtwoints_server
-- Performing Test CMAKE_HAVE_LIBC_PTHREAD - Success
-- Found Threads: TRUE  
-- Found rmw_implementation_cmake: 6.1.2 (/opt/ros/humble/share/rmw_implementation_cmake/cmake)
-- Found rosidl_generator_c: 3.1.7 (/opt/ros/humble/share/rosidl_generator_c/cmake)
-- Found rclc: 4.0.2 (/root/ros_ws/src/Rescue_Car_ws/install/rclc/share/rclc/cmake)
-- Found rmw_fastrtps_cpp: 6.2.8 (/opt/ros/humble/share/rmw_fastrtps_cpp/cmake)
[36mInstall the project...[0m
-- Found rosidl_adapter: 3.1.7 (/opt/ros/humble/share/rosidl_adapter/cmake)
-- Found rosidl_generator_cpp: 3.1.7 (/opt/ros/humble/share/rosidl_generator_cpp/cmake)
-- Install configuration: ""
-- Installing: /root/ros_ws/src/Rescue_Car_ws/build/micro_ros_demos_rclc/temp_install/addtwoints_server/addtwoints_server
-- Set runtime path of "/root/ros_ws/src/Rescue_Car_ws/build/micro_ros_demos_rclc/temp_install/addtwoints_server/addtwoints_server" to ""
-- Using all available rosidl_typesupport_c: rosidl_typesupport_microxrcedds_c;rosidl_typesupport_fastrtps_c;rosidl_typesupport_introspection_c
-- Found std_msgs: 4.9.0 (/root/ros_ws/src/Rescue_Car_ws/install/std_msgs/share/std_msgs/cmake)
[ 88%] [34m[1mCompleted 'addtwoints_server'[0m
-- Found rmw_microxrcedds: 3.0.3 (/root/ros_ws/src/Rescue_Car_ws/install/rmw_microxrcedds/share/rmw_microxrcedds/cmake)
-- Configuring done
-- Using all available rosidl_typesupport_cpp: rosidl_typesupport_microxrcedds_cpp;rosidl_typesupport_fastrtps_cpp;rosidl_typesupport_introspection_cpp
-- Generating done
-- Build files have been written to: /root/ros_ws/src/Rescue_Car_ws/build/micro_ros_demos_rclc/configuration_example/configured_publisher/src/configured_publisher-build
[ 88%] Built target addtwoints_server
[ 89%] [34m[1mPerforming build step for 'configured_publisher'[0m
[100%] Built target fibonacci_action_server
-- Found rmw_implementation_cmake: 6.1.2 (/opt/ros/humble/share/rmw_implementation_cmake/cmake)
-- Found rmw_fastrtps_cpp: 6.2.8 (/opt/ros/humble/share/rmw_fastrtps_cpp/cmake)
[ 89%] [34m[1mPerforming install step for 'fibonacci_action_server'[0m
[ 50%] [32mBuilding C object CMakeFiles/configured_publisher.dir/main.c.o[0m
[35m[1mConsolidate compiler generated dependencies of target fibonacci_action_server[0m
-- Looking for pthread.h - found
-- Performing Test CMAKE_HAVE_LIBC_PTHREAD
[100%] Built target fibonacci_action_server
[36mInstall the project...[0m
[100%] [32m[1mLinking C executable configured_publisher[0m
-- Install configuration: ""
-- Installing: /root/ros_ws/src/Rescue_Car_ws/build/micro_ros_demos_rclc/temp_install/fibonacci_action_server/fibonacci_action_server
-- Set runtime path of "/root/ros_ws/src/Rescue_Car_ws/build/micro_ros_demos_rclc/temp_install/fibonacci_action_server/fibonacci_action_server" to ""
[ 89%] [34m[1mCompleted 'fibonacci_action_server'[0m
[ 89%] Built target fibonacci_action_server
-- Performing Test CMAKE_HAVE_LIBC_PTHREAD - Success
-- Found Threads: TRUE  
-- Found rclc: 4.0.2 (/root/ros_ws/src/Rescue_Car_ws/install/rclc/share/rclc/cmake)
-- Found std_msgs: 4.9.0 (/root/ros_ws/src/Rescue_Car_ws/install/std_msgs/share/std_msgs/cmake)
-- Found rmw_microxrcedds: 3.0.3 (/root/ros_ws/src/Rescue_Car_ws/install/rmw_microxrcedds/share/rmw_microxrcedds/cmake)
[100%] Built target configured_publisher
-- Configuring done
-- Generating done
-- Build files have been written to: /root/ros_ws/src/Rescue_Car_ws/build/micro_ros_demos_rclc/timer/src/timer-build
[ 89%] [34m[1mPerforming install step for 'configured_publisher'[0m
[ 90%] [34m[1mPerforming build step for 'timer'[0m
[35m[1mConsolidate compiler generated dependencies of target configured_publisher[0m
[100%] Built target configured_publisher
[36mInstall the project...[0m
[ 50%] [32mBuilding C object CMakeFiles/timer.dir/main.c.o[0m
-- Install configuration: ""
-- Installing: /root/ros_ws/src/Rescue_Car_ws/build/micro_ros_demos_rclc/temp_install/configured_publisher/configured_publisher
-- Set runtime path of "/root/ros_ws/src/Rescue_Car_ws/build/micro_ros_demos_rclc/temp_install/configured_publisher/configured_publisher" to ""
[ 90%] [34m[1mCompleted 'configured_publisher'[0m
[100%] [32m[1mLinking C executable timer[0m
[ 90%] Built target configured_publisher
[100%] Built target timer
-- Found OpenSSL: /usr/lib/x86_64-linux-gnu/libcrypto.so (found version "3.0.2")  
-- Found OpenSSL: /usr/lib/x86_64-linux-gnu/libcrypto.so (found version "3.0.2")  
[ 90%] [34m[1mPerforming install step for 'timer'[0m
[35m[1mConsolidate compiler generated dependencies of target timer[0m
[100%] Built target timer
[36mInstall the project...[0m
-- Install configuration: ""
-- Installing: /root/ros_ws/src/Rescue_Car_ws/build/micro_ros_demos_rclc/temp_install/timer/timer
-- Set runtime path of "/root/ros_ws/src/Rescue_Car_ws/build/micro_ros_demos_rclc/temp_install/timer/timer" to ""
[ 90%] [34m[1mCompleted 'timer'[0m
[ 90%] Built target timer
-- Found OpenSSL: /usr/lib/x86_64-linux-gnu/libcrypto.so (found version "3.0.2")  
-- Found OpenSSL: /usr/lib/x86_64-linux-gnu/libcrypto.so (found version "3.0.2")  
-- Found OpenSSL: /usr/lib/x86_64-linux-gnu/libcrypto.so (found version "3.0.2")  
-- Found OpenSSL: /usr/lib/x86_64-linux-gnu/libcrypto.so (found version "3.0.2")  
-- Found OpenSSL: /usr/lib/x86_64-linux-gnu/libcrypto.so (found version "3.0.2")  
-- Found FastRTPS: /opt/ros/humble/include  
-- Found FastRTPS: /opt/ros/humble/include  
-- Found FastRTPS: /opt/ros/humble/include  
-- Found FastRTPS: /opt/ros/humble/include  
-- Found FastRTPS: /opt/ros/humble/include  
-- Found FastRTPS: /opt/ros/humble/include  
-- Found FastRTPS: /opt/ros/humble/include  
-- Using RMW implementation 'rmw_fastrtps_cpp' as default
-- Using RMW implementation 'rmw_fastrtps_cpp' as default
-- Looking for pthread.h
-- Looking for pthread.h
-- Looking for pthread.h - found
-- Performing Test CMAKE_HAVE_LIBC_PTHREAD
-- Looking for pthread.h - found
-- Performing Test CMAKE_HAVE_LIBC_PTHREAD
-- Performing Test CMAKE_HAVE_LIBC_PTHREAD - Success
-- Found Threads: TRUE  
-- Performing Test CMAKE_HAVE_LIBC_PTHREAD - Success
-- Found Threads: TRUE  
-- Found rclc: 4.0.2 (/root/ros_ws/src/Rescue_Car_ws/install/rclc/share/rclc/cmake)
-- Found rclc: 4.0.2 (/root/ros_ws/src/Rescue_Car_ws/install/rclc/share/rclc/cmake)
-- Using RMW implementation 'rmw_fastrtps_cpp' as default
-- Using RMW implementation 'rmw_fastrtps_cpp' as default
-- Found std_msgs: 4.9.0 (/root/ros_ws/src/Rescue_Car_ws/install/std_msgs/share/std_msgs/cmake)
-- Looking for pthread.h
-- Found std_msgs: 4.9.0 (/root/ros_ws/src/Rescue_Car_ws/install/std_msgs/share/std_msgs/cmake)
-- Found rmw_microxrcedds: 3.0.3 (/root/ros_ws/src/Rescue_Car_ws/install/rmw_microxrcedds/share/rmw_microxrcedds/cmake)
-- Looking for pthread.h
-- Configuring done
-- Found rmw_microxrcedds: 3.0.3 (/root/ros_ws/src/Rescue_Car_ws/install/rmw_microxrcedds/share/rmw_microxrcedds/cmake)
-- Generating done
-- Build files have been written to: /root/ros_ws/src/Rescue_Car_ws/build/micro_ros_demos_rclc/string_publisher/src/string_publisher-build
-- Configuring done
-- Generating done
-- Build files have been written to: /root/ros_ws/src/Rescue_Car_ws/build/micro_ros_demos_rclc/string_subscriber/src/string_subscriber-build
[ 91%] [34m[1mPerforming build step for 'string_publisher'[0m
[ 91%] [34m[1mPerforming build step for 'string_subscriber'[0m
[ 50%] [32mBuilding C object CMakeFiles/string_publisher.dir/main.c.o[0m
[ 50%] [32mBuilding C object CMakeFiles/string_subscriber.dir/main.c.o[0m
[100%] [32m[1mLinking C executable string_publisher[0m
[100%] [32m[1mLinking C executable string_subscriber[0m
-- Looking for pthread.h - found
-- Performing Test CMAKE_HAVE_LIBC_PTHREAD
-- Looking for pthread.h - found
-- Performing Test CMAKE_HAVE_LIBC_PTHREAD
[100%] Built target string_subscriber
-- Performing Test CMAKE_HAVE_LIBC_PTHREAD - Success
-- Performing Test CMAKE_HAVE_LIBC_PTHREAD - Success
-- Found Threads: TRUE  
-- Found Threads: TRUE  
[100%] Built target string_publisher
-- Found rclc: 4.0.2 (/root/ros_ws/src/Rescue_Car_ws/install/rclc/share/rclc/cmake)
-- Found rclc: 4.0.2 (/root/ros_ws/src/Rescue_Car_ws/install/rclc/share/rclc/cmake)
[ 92%] [34m[1mPerforming install step for 'string_subscriber'[0m
[ 92%] [34m[1mPerforming install step for 'string_publisher'[0m
-- Found std_msgs: 4.9.0 (/root/ros_ws/src/Rescue_Car_ws/install/std_msgs/share/std_msgs/cmake)
-- Found std_msgs: 4.9.0 (/root/ros_ws/src/Rescue_Car_ws/install/std_msgs/share/std_msgs/cmake)
-- Found rclc_parameter: 4.0.2 (/root/ros_ws/src/Rescue_Car_ws/install/rclc_parameter/share/rclc_parameter/cmake)
[35m[1mConsolidate compiler generated dependencies of target string_subscriber[0m
-- Found rmw_microxrcedds: 3.0.3 (/root/ros_ws/src/Rescue_Car_ws/install/rmw_microxrcedds/share/rmw_microxrcedds/cmake)
-- Found rmw_microxrcedds: 3.0.3 (/root/ros_ws/src/Rescue_Car_ws/install/rmw_microxrcedds/share/rmw_microxrcedds/cmake)
-- Configuring done
-- Using RMW implementation 'rmw_fastrtps_cpp' as default
[35m[1mConsolidate compiler generated dependencies of target string_publisher[0m
-- Configuring done
[100%] Built target string_subscriber
-- Generating done
-- Build files have been written to: /root/ros_ws/src/Rescue_Car_ws/build/micro_ros_demos_rclc/autodiscover_agent/src/autodiscover_agent-build
-- Looking for pthread.h
-- Generating done
-- Build files have been written to: /root/ros_ws/src/Rescue_Car_ws/build/micro_ros_demos_rclc/parameter_server/src/parameter_server-build
[100%] Built target string_publisher
[36mInstall the project...[0m
[36mInstall the project...[0m
-- Install configuration: ""
-- Installing: /root/ros_ws/src/Rescue_Car_ws/build/micro_ros_demos_rclc/temp_install/string_subscriber/string_subscriber
-- Set runtime path of "/root/ros_ws/src/Rescue_Car_ws/build/micro_ros_demos_rclc/temp_install/string_subscriber/string_subscriber" to ""
[ 93%] [34m[1mPerforming build step for 'autodiscover_agent'[0m
[ 93%] [34m[1mPerforming build step for 'parameter_server'[0m
-- Install configuration: ""
-- Installing: /root/ros_ws/src/Rescue_Car_ws/build/micro_ros_demos_rclc/temp_install/string_publisher/string_publisher
-- Set runtime path of "/root/ros_ws/src/Rescue_Car_ws/build/micro_ros_demos_rclc/temp_install/string_publisher/string_publisher" to ""
[ 94%] [34m[1mCompleted 'string_subscriber'[0m
[ 94%] [34m[1mCompleted 'string_publisher'[0m
[ 50%] [32mBuilding C object CMakeFiles/autodiscover_agent.dir/main.c.o[0m
[ 94%] Built target string_subscriber
[ 50%] [32mBuilding C object CMakeFiles/parameter_server.dir/main.c.o[0m
[ 94%] Built target string_publisher
[100%] [32m[1mLinking C executable autodiscover_agent[0m
[100%] [32m[1mLinking C executable parameter_server[0m
-- Looking for pthread.h - found
-- Performing Test CMAKE_HAVE_LIBC_PTHREAD
[100%] Built target autodiscover_agent
[100%] Built target parameter_server
[ 94%] [34m[1mPerforming install step for 'autodiscover_agent'[0m
[ 94%] [34m[1mPerforming install step for 'parameter_server'[0m
-- Performing Test CMAKE_HAVE_LIBC_PTHREAD - Success
-- Found Threads: TRUE  
-- Found rclc: 4.0.2 (/root/ros_ws/src/Rescue_Car_ws/install/rclc/share/rclc/cmake)
[35m[1mConsolidate compiler generated dependencies of target autodiscover_agent[0m
[35m[1mConsolidate compiler generated dependencies of target parameter_server[0m
[100%] Built target autodiscover_agent
-- Found std_msgs: 4.9.0 (/root/ros_ws/src/Rescue_Car_ws/install/std_msgs/share/std_msgs/cmake)
[100%] Built target parameter_server
-- Found rmw_microxrcedds: 3.0.3 (/root/ros_ws/src/Rescue_Car_ws/install/rmw_microxrcedds/share/rmw_microxrcedds/cmake)
[36mInstall the project...[0m
-- Configuring done
[36mInstall the project...[0m
-- Install configuration: ""
-- Installing: /root/ros_ws/src/Rescue_Car_ws/build/micro_ros_demos_rclc/temp_install/autodiscover_agent/autodiscover_agent
-- Set runtime path of "/root/ros_ws/src/Rescue_Car_ws/build/micro_ros_demos_rclc/temp_install/autodiscover_agent/autodiscover_agent" to ""
-- Generating done
-- Build files have been written to: /root/ros_ws/src/Rescue_Car_ws/build/micro_ros_demos_rclc/epoch_synchronization/src/epoch_synchronization-build
-- Install configuration: ""
-- Installing: /root/ros_ws/src/Rescue_Car_ws/build/micro_ros_demos_rclc/temp_install/parameter_server/parameter_server
-- Set runtime path of "/root/ros_ws/src/Rescue_Car_ws/build/micro_ros_demos_rclc/temp_install/parameter_server/parameter_server" to ""
[ 94%] [34m[1mCompleted 'autodiscover_agent'[0m
[ 95%] [34m[1mCompleted 'parameter_server'[0m
[ 95%] [34m[1mPerforming build step for 'epoch_synchronization'[0m
[ 95%] Built target autodiscover_agent
[ 95%] Built target parameter_server
[ 50%] [32mBuilding C object CMakeFiles/epoch_synchronization.dir/main.c.o[0m
-- Using RMW implementation 'rmw_fastrtps_cpp' as default
-- Looking for pthread.h
[100%] [32m[1mLinking C executable epoch_synchronization[0m
-- Looking for pthread.h - found
-- Performing Test CMAKE_HAVE_LIBC_PTHREAD
[100%] Built target epoch_synchronization
[ 96%] [34m[1mPerforming install step for 'epoch_synchronization'[0m
[35m[1mConsolidate compiler generated dependencies of target epoch_synchronization[0m
[100%] Built target epoch_synchronization
[36mInstall the project...[0m
-- Install configuration: ""
-- Installing: /root/ros_ws/src/Rescue_Car_ws/build/micro_ros_demos_rclc/temp_install/epoch_synchronization/epoch_synchronization
-- Set runtime path of "/root/ros_ws/src/Rescue_Car_ws/build/micro_ros_demos_rclc/temp_install/epoch_synchronization/epoch_synchronization" to ""
[ 97%] [34m[1mCompleted 'epoch_synchronization'[0m
-- Performing Test CMAKE_HAVE_LIBC_PTHREAD - Success
-- Found Threads: TRUE  
[ 97%] Built target epoch_synchronization
-- Found rclc: 4.0.2 (/root/ros_ws/src/Rescue_Car_ws/install/rclc/share/rclc/cmake)
-- Found visualization_msgs: 4.9.0 (/root/ros_ws/src/Rescue_Car_ws/install/visualization_msgs/share/visualization_msgs/cmake)
-- Found rmw_microxrcedds: 3.0.3 (/root/ros_ws/src/Rescue_Car_ws/install/rmw_microxrcedds/share/rmw_microxrcedds/cmake)
-- Found micro_ros_utilities: 3.0.2 (/root/ros_ws/src/Rescue_Car_ws/install/micro_ros_utilities/share/micro_ros_utilities/cmake)
-- Configuring done
-- Generating done
-- Build files have been written to: /root/ros_ws/src/Rescue_Car_ws/build/micro_ros_demos_rclc/static_type_handling/src/static_type_handling-build
-- Using RMW implementation 'rmw_fastrtps_cpp' as default
-- Looking for pthread.h
[ 98%] [34m[1mPerforming build step for 'static_type_handling'[0m
[ 50%] [32mBuilding C object CMakeFiles/static_type_handling.dir/main.c.o[0m
[100%] [32m[1mLinking C executable static_type_handling[0m
-- Looking for pthread.h - found
-- Performing Test CMAKE_HAVE_LIBC_PTHREAD
[100%] Built target static_type_handling
[ 98%] [34m[1mPerforming install step for 'static_type_handling'[0m
-- Performing Test CMAKE_HAVE_LIBC_PTHREAD - Success
-- Found Threads: TRUE  
-- Found rclc: 4.0.2 (/root/ros_ws/src/Rescue_Car_ws/install/rclc/share/rclc/cmake)
[35m[1mConsolidate compiler generated dependencies of target static_type_handling[0m
[100%] Built target static_type_handling
-- Found std_msgs: 4.9.0 (/root/ros_ws/src/Rescue_Car_ws/install/std_msgs/share/std_msgs/cmake)
-- Found rmw_microxrcedds: 3.0.3 (/root/ros_ws/src/Rescue_Car_ws/install/rmw_microxrcedds/share/rmw_microxrcedds/cmake)
-- Found micro_ros_utilities: 3.0.2 (/root/ros_ws/src/Rescue_Car_ws/install/micro_ros_utilities/share/micro_ros_utilities/cmake)
[36mInstall the project...[0m
-- Configuring done
-- Install configuration: ""
-- Installing: /root/ros_ws/src/Rescue_Car_ws/build/micro_ros_demos_rclc/temp_install/static_type_handling/static_type_handling
-- Set runtime path of "/root/ros_ws/src/Rescue_Car_ws/build/micro_ros_demos_rclc/temp_install/static_type_handling/static_type_handling" to ""
-- Generating done
-- Build files have been written to: /root/ros_ws/src/Rescue_Car_ws/build/micro_ros_demos_rclc/multithread_publisher_subscriber/src/multithread_publisher_subscriber-build
[ 98%] [34m[1mCompleted 'static_type_handling'[0m
[ 98%] [34m[1mPerforming build step for 'multithread_publisher_subscriber'[0m
[ 98%] Built target static_type_handling
[ 50%] [32mBuilding C object CMakeFiles/multithread_publisher_subscriber.dir/main.c.o[0m
[100%] [32m[1mLinking C executable multithread_publisher_subscriber[0m
[100%] Built target multithread_publisher_subscriber
[ 99%] [34m[1mPerforming install step for 'multithread_publisher_subscriber'[0m
[35m[1mConsolidate compiler generated dependencies of target multithread_publisher_subscriber[0m
[100%] Built target multithread_publisher_subscriber
[36mInstall the project...[0m
-- Install configuration: ""
-- Installing: /root/ros_ws/src/Rescue_Car_ws/build/micro_ros_demos_rclc/temp_install/multithread_publisher_subscriber/multithread_publisher_subscriber
-- Set runtime path of "/root/ros_ws/src/Rescue_Car_ws/build/micro_ros_demos_rclc/temp_install/multithread_publisher_subscriber/multithread_publisher_subscriber" to ""
[100%] [34m[1mCompleted 'multithread_publisher_subscriber'[0m
[100%] Built target multithread_publisher_subscriber
-- Install configuration: ""
-- Installing: /root/ros_ws/src/Rescue_Car_ws/install/micro_ros_demos_rclc/lib/micro_ros_demos_rclc
-- Installing: /root/ros_ws/src/Rescue_Car_ws/install/micro_ros_demos_rclc/lib/micro_ros_demos_rclc/ping_uros_agent
-- Installing: /root/ros_ws/src/Rescue_Car_ws/install/micro_ros_demos_rclc/lib/micro_ros_demos_rclc/ping_uros_agent/ping_uros_agent
-- Installing: /root/ros_ws/src/Rescue_Car_ws/install/micro_ros_demos_rclc/lib/micro_ros_demos_rclc/configured_subscriber
-- Installing: /root/ros_ws/src/Rescue_Car_ws/install/micro_ros_demos_rclc/lib/micro_ros_demos_rclc/configured_subscriber/configured_subscriber
-- Installing: /root/ros_ws/src/Rescue_Car_ws/install/micro_ros_demos_rclc/lib/micro_ros_demos_rclc/subscription_count
-- Installing: /root/ros_ws/src/Rescue_Car_ws/install/micro_ros_demos_rclc/lib/micro_ros_demos_rclc/subscription_count/subscription_count
-- Installing: /root/ros_ws/src/Rescue_Car_ws/install/micro_ros_demos_rclc/lib/micro_ros_demos_rclc/epoch_synchronization
-- Installing: /root/ros_ws/src/Rescue_Car_ws/install/micro_ros_demos_rclc/lib/micro_ros_demos_rclc/epoch_synchronization/epoch_synchronization
-- Installing: /root/ros_ws/src/Rescue_Car_ws/install/micro_ros_demos_rclc/lib/micro_ros_demos_rclc/complex_msg_subscriber
-- Installing: /root/ros_ws/src/Rescue_Car_ws/install/micro_ros_demos_rclc/lib/micro_ros_demos_rclc/complex_msg_subscriber/complex_msg_subscriber
-- Installing: /root/ros_ws/src/Rescue_Car_ws/install/micro_ros_demos_rclc/lib/micro_ros_demos_rclc/fibonacci_action_server
-- Installing: /root/ros_ws/src/Rescue_Car_ws/install/micro_ros_demos_rclc/lib/micro_ros_demos_rclc/fibonacci_action_server/fibonacci_action_server
-- Installing: /root/ros_ws/src/Rescue_Car_ws/install/micro_ros_demos_rclc/lib/micro_ros_demos_rclc/ping_pong
-- Installing: /root/ros_ws/src/Rescue_Car_ws/install/micro_ros_demos_rclc/lib/micro_ros_demos_rclc/ping_pong/ping_pong
-- Installing: /root/ros_ws/src/Rescue_Car_ws/install/micro_ros_demos_rclc/lib/micro_ros_demos_rclc/static_type_handling
-- Installing: /root/ros_ws/src/Rescue_Car_ws/install/micro_ros_demos_rclc/lib/micro_ros_demos_rclc/static_type_handling/static_type_handling
-- Installing: /root/ros_ws/src/Rescue_Car_ws/install/micro_ros_demos_rclc/lib/micro_ros_demos_rclc/autodiscover_agent
-- Installing: /root/ros_ws/src/Rescue_Car_ws/install/micro_ros_demos_rclc/lib/micro_ros_demos_rclc/autodiscover_agent/autodiscover_agent
-- Installing: /root/ros_ws/src/Rescue_Car_ws/install/micro_ros_demos_rclc/lib/micro_ros_demos_rclc/int32_subscriber
-- Installing: /root/ros_ws/src/Rescue_Car_ws/install/micro_ros_demos_rclc/lib/micro_ros_demos_rclc/int32_subscriber/int32_subscriber
-- Installing: /root/ros_ws/src/Rescue_Car_ws/install/micro_ros_demos_rclc/lib/micro_ros_demos_rclc/publisher_count
-- Installing: /root/ros_ws/src/Rescue_Car_ws/install/micro_ros_demos_rclc/lib/micro_ros_demos_rclc/publisher_count/publisher_count
-- Installing: /root/ros_ws/src/Rescue_Car_ws/install/micro_ros_demos_rclc/lib/micro_ros_demos_rclc/fragmented_publication
-- Installing: /root/ros_ws/src/Rescue_Car_ws/install/micro_ros_demos_rclc/lib/micro_ros_demos_rclc/fragmented_publication/fragmented_publication
-- Installing: /root/ros_ws/src/Rescue_Car_ws/install/micro_ros_demos_rclc/lib/micro_ros_demos_rclc/int32_multinode
-- Installing: /root/ros_ws/src/Rescue_Car_ws/install/micro_ros_demos_rclc/lib/micro_ros_demos_rclc/int32_multinode/int32_multinode
-- Installing: /root/ros_ws/src/Rescue_Car_ws/install/micro_ros_demos_rclc/lib/micro_ros_demos_rclc/fibonacci_action_client
-- Installing: /root/ros_ws/src/Rescue_Car_ws/install/micro_ros_demos_rclc/lib/micro_ros_demos_rclc/fibonacci_action_client/fibonacci_action_client
-- Installing: /root/ros_ws/src/Rescue_Car_ws/install/micro_ros_demos_rclc/lib/micro_ros_demos_rclc/parameter_server
-- Installing: /root/ros_ws/src/Rescue_Car_ws/install/micro_ros_demos_rclc/lib/micro_ros_demos_rclc/parameter_server/parameter_server
-- Installing: /root/ros_ws/src/Rescue_Car_ws/install/micro_ros_demos_rclc/lib/micro_ros_demos_rclc/addtwoints_server
-- Installing: /root/ros_ws/src/Rescue_Car_ws/install/micro_ros_demos_rclc/lib/micro_ros_demos_rclc/addtwoints_server/addtwoints_server
-- Installing: /root/ros_ws/src/Rescue_Car_ws/install/micro_ros_demos_rclc/lib/micro_ros_demos_rclc/string_subscriber
-- Installing: /root/ros_ws/src/Rescue_Car_ws/install/micro_ros_demos_rclc/lib/micro_ros_demos_rclc/string_subscriber/string_subscriber
-- Installing: /root/ros_ws/src/Rescue_Car_ws/install/micro_ros_demos_rclc/lib/micro_ros_demos_rclc/timer
-- Installing: /root/ros_ws/src/Rescue_Car_ws/install/micro_ros_demos_rclc/lib/micro_ros_demos_rclc/timer/timer
-- Installing: /root/ros_ws/src/Rescue_Car_ws/install/micro_ros_demos_rclc/lib/micro_ros_demos_rclc/addtwoints_client
-- Installing: /root/ros_ws/src/Rescue_Car_ws/install/micro_ros_demos_rclc/lib/micro_ros_demos_rclc/addtwoints_client/addtwoints_client
-- Installing: /root/ros_ws/src/Rescue_Car_ws/install/micro_ros_demos_rclc/lib/micro_ros_demos_rclc/graph_visualizer
-- Installing: /root/ros_ws/src/Rescue_Car_ws/install/micro_ros_demos_rclc/lib/micro_ros_demos_rclc/graph_visualizer/graph_visualizer
-- Installing: /root/ros_ws/src/Rescue_Car_ws/install/micro_ros_demos_rclc/lib/micro_ros_demos_rclc/configured_publisher
-- Installing: /root/ros_ws/src/Rescue_Car_ws/install/micro_ros_demos_rclc/lib/micro_ros_demos_rclc/configured_publisher/configured_publisher
-- Installing: /root/ros_ws/src/Rescue_Car_ws/install/micro_ros_demos_rclc/lib/micro_ros_demos_rclc/complex_msg_publisher
-- Installing: /root/ros_ws/src/Rescue_Car_ws/install/micro_ros_demos_rclc/lib/micro_ros_demos_rclc/complex_msg_publisher/complex_msg_publisher
-- Installing: /root/ros_ws/src/Rescue_Car_ws/install/micro_ros_demos_rclc/lib/micro_ros_demos_rclc/multithread_publisher_subscriber
-- Installing: /root/ros_ws/src/Rescue_Car_ws/install/micro_ros_demos_rclc/lib/micro_ros_demos_rclc/multithread_publisher_subscriber/multithread_publisher_subscriber
-- Installing: /root/ros_ws/src/Rescue_Car_ws/install/micro_ros_demos_rclc/lib/micro_ros_demos_rclc/int32_publisher
-- Installing: /root/ros_ws/src/Rescue_Car_ws/install/micro_ros_demos_rclc/lib/micro_ros_demos_rclc/int32_publisher/int32_publisher
-- Installing: /root/ros_ws/src/Rescue_Car_ws/install/micro_ros_demos_rclc/lib/micro_ros_demos_rclc/string_publisher
-- Installing: /root/ros_ws/src/Rescue_Car_ws/install/micro_ros_demos_rclc/lib/micro_ros_demos_rclc/string_publisher/string_publisher
-- Installing: /root/ros_ws/src/Rescue_Car_ws/install/micro_ros_demos_rclc/lib/micro_ros_demos_rclc/int32_publisher_subscriber
-- Installing: /root/ros_ws/src/Rescue_Car_ws/install/micro_ros_demos_rclc/lib/micro_ros_demos_rclc/int32_publisher_subscriber/int32_publisher_subscriber
-- Installing: /root/ros_ws/src/Rescue_Car_ws/install/micro_ros_demos_rclc/lib/micro_ros_demos_rclc/fragmented_subscription
-- Installing: /root/ros_ws/src/Rescue_Car_ws/install/micro_ros_demos_rclc/lib/micro_ros_demos_rclc/fragmented_subscription/fragmented_subscription
-- Installing: /root/ros_ws/src/Rescue_Car_ws/install/micro_ros_demos_rclc/share/ament_index/resource_index/package_run_dependencies/micro_ros_demos_rclc
-- Installing: /root/ros_ws/src/Rescue_Car_ws/install/micro_ros_demos_rclc/share/ament_index/resource_index/parent_prefix_path/micro_ros_demos_rclc
-- Installing: /root/ros_ws/src/Rescue_Car_ws/install/micro_ros_demos_rclc/share/micro_ros_demos_rclc/environment/ament_prefix_path.sh
-- Installing: /root/ros_ws/src/Rescue_Car_ws/install/micro_ros_demos_rclc/share/micro_ros_demos_rclc/environment/ament_prefix_path.dsv
-- Installing: /root/ros_ws/src/Rescue_Car_ws/install/micro_ros_demos_rclc/share/micro_ros_demos_rclc/environment/path.sh
-- Installing: /root/ros_ws/src/Rescue_Car_ws/install/micro_ros_demos_rclc/share/micro_ros_demos_rclc/environment/path.dsv
-- Installing: /root/ros_ws/src/Rescue_Car_ws/install/micro_ros_demos_rclc/share/micro_ros_demos_rclc/local_setup.bash
-- Installing: /root/ros_ws/src/Rescue_Car_ws/install/micro_ros_demos_rclc/share/micro_ros_demos_rclc/local_setup.sh
-- Installing: /root/ros_ws/src/Rescue_Car_ws/install/micro_ros_demos_rclc/share/micro_ros_demos_rclc/local_setup.zsh
-- Installing: /root/ros_ws/src/Rescue_Car_ws/install/micro_ros_demos_rclc/share/micro_ros_demos_rclc/local_setup.dsv
-- Installing: /root/ros_ws/src/Rescue_Car_ws/install/micro_ros_demos_rclc/share/micro_ros_demos_rclc/package.dsv
-- Installing: /root/ros_ws/src/Rescue_Car_ws/install/micro_ros_demos_rclc/share/ament_index/resource_index/packages/micro_ros_demos_rclc
-- Installing: /root/ros_ws/src/Rescue_Car_ws/install/micro_ros_demos_rclc/share/micro_ros_demos_rclc/cmake/micro_ros_demos_rclcConfig.cmake
-- Installing: /root/ros_ws/src/Rescue_Car_ws/install/micro_ros_demos_rclc/share/micro_ros_demos_rclc/cmake/micro_ros_demos_rclcConfig-version.cmake
-- Installing: /root/ros_ws/src/Rescue_Car_ws/install/micro_ros_demos_rclc/share/micro_ros_demos_rclc/package.xml
