[0.147s] DEBUG:colcon:Command line arguments: ['/usr/bin/colcon', 'build']
[0.147s] DEBUG:colcon:Parsed command line arguments: Namespace(log_base=None, log_level=None, verb_name='build', build_base='build', install_base='install', merge_install=False, symlink_install=False, test_result_base=None, continue_on_error=False, executor='parallel', parallel_workers=20, event_handlers=None, ignore_user_meta=False, metas=['./colcon.meta'], base_paths=['.'], packages_ignore=None, packages_ignore_regex=None, paths=None, packages_up_to=None, packages_up_to_regex=None, packages_above=None, packages_above_and_dependencies=None, packages_above_depth=None, packages_select_by_dep=None, packages_skip_by_dep=None, packages_skip_up_to=None, packages_select_build_failed=False, packages_skip_build_finished=False, packages_select_test_failures=False, packages_skip_test_passed=False, packages_select=None, packages_skip=None, packages_select_regex=None, packages_skip_regex=None, packages_start=None, packages_end=None, allow_overriding=[], cmake_args=None, cmake_target=None, cmake_target_skip_unavailable=False, cmake_clean_cache=False, cmake_clean_first=False, cmake_force_configure=False, ament_cmake_args=None, catkin_cmake_args=None, catkin_skip_building_tests=False, verb_parser=<colcon_defaults.argument_parser.defaults.DefaultArgumentsDecorator object at 0x772e67674190>, verb_extension=<colcon_core.verb.build.BuildVerb object at 0x772e6763f0a0>, main=<bound method BuildVerb.main of <colcon_core.verb.build.BuildVerb object at 0x772e6763f0a0>>)
[0.247s] Level 1:colcon.colcon_core.package_discovery:discover_packages(colcon_meta) check parameters
[0.247s] Level 1:colcon.colcon_core.package_discovery:discover_packages(recursive) check parameters
[0.247s] Level 1:colcon.colcon_core.package_discovery:discover_packages(ignore) check parameters
[0.247s] Level 1:colcon.colcon_core.package_discovery:discover_packages(path) check parameters
[0.247s] Level 1:colcon.colcon_core.package_discovery:discover_packages(colcon_meta) discover
[0.247s] Level 1:colcon.colcon_core.package_discovery:discover_packages(recursive) discover
[0.247s] INFO:colcon.colcon_core.package_discovery:Crawling recursively for packages in '/root/ros_ws/src/Rescue_Car_ws'
[0.247s] Level 1:colcon.colcon_core.package_identification:_identify(.) by extensions ['ignore', 'ignore_ament_install']
[0.247s] Level 1:colcon.colcon_core.package_identification:_identify(.) by extension 'ignore'
[0.247s] Level 1:colcon.colcon_core.package_identification:_identify(.) by extension 'ignore_ament_install'
[0.247s] Level 1:colcon.colcon_core.package_identification:_identify(.) by extensions ['colcon_pkg']
[0.247s] Level 1:colcon.colcon_core.package_identification:_identify(.) by extension 'colcon_pkg'
[0.247s] Level 1:colcon.colcon_core.package_identification:_identify(.) by extensions ['colcon_meta']
[0.247s] Level 1:colcon.colcon_core.package_identification:_identify(.) by extension 'colcon_meta'
[0.247s] Level 1:colcon.colcon_core.package_identification:_identify(.) by extensions ['ros']
[0.247s] Level 1:colcon.colcon_core.package_identification:_identify(.) by extension 'ros'
[0.254s] Level 1:colcon.colcon_core.package_identification:_identify(.) by extensions ['cmake', 'python']
[0.255s] Level 1:colcon.colcon_core.package_identification:_identify(.) by extension 'cmake'
[0.255s] Level 1:colcon.colcon_core.package_identification:_identify(.) by extension 'python'
[0.255s] Level 1:colcon.colcon_core.package_identification:_identify(.) by extensions ['python_setup_py']
[0.255s] Level 1:colcon.colcon_core.package_identification:_identify(.) by extension 'python_setup_py'
[0.255s] Level 1:colcon.colcon_core.package_identification:_identify(build) by extensions ['ignore', 'ignore_ament_install']
[0.255s] Level 1:colcon.colcon_core.package_identification:_identify(build) by extension 'ignore'
[0.255s] Level 1:colcon.colcon_core.package_identification:_identify(build) ignored
[0.255s] Level 1:colcon.colcon_core.package_identification:_identify(install) by extensions ['ignore', 'ignore_ament_install']
[0.255s] Level 1:colcon.colcon_core.package_identification:_identify(install) by extension 'ignore'
[0.255s] Level 1:colcon.colcon_core.package_identification:_identify(install) ignored
[0.255s] Level 1:colcon.colcon_core.package_identification:_identify(log) by extensions ['ignore', 'ignore_ament_install']
[0.255s] Level 1:colcon.colcon_core.package_identification:_identify(log) by extension 'ignore'
[0.255s] Level 1:colcon.colcon_core.package_identification:_identify(log) ignored
[0.255s] Level 1:colcon.colcon_core.package_identification:_identify(src) by extensions ['ignore', 'ignore_ament_install']
[0.255s] Level 1:colcon.colcon_core.package_identification:_identify(src) by extension 'ignore'
[0.255s] Level 1:colcon.colcon_core.package_identification:_identify(src) by extension 'ignore_ament_install'
[0.255s] Level 1:colcon.colcon_core.package_identification:_identify(src) by extensions ['colcon_pkg']
[0.255s] Level 1:colcon.colcon_core.package_identification:_identify(src) by extension 'colcon_pkg'
[0.255s] Level 1:colcon.colcon_core.package_identification:_identify(src) by extensions ['colcon_meta']
[0.255s] Level 1:colcon.colcon_core.package_identification:_identify(src) by extension 'colcon_meta'
[0.255s] Level 1:colcon.colcon_core.package_identification:_identify(src) by extensions ['ros']
[0.256s] Level 1:colcon.colcon_core.package_identification:_identify(src) by extension 'ros'
[0.256s] Level 1:colcon.colcon_core.package_identification:_identify(src) by extensions ['cmake', 'python']
[0.256s] Level 1:colcon.colcon_core.package_identification:_identify(src) by extension 'cmake'
[0.256s] Level 1:colcon.colcon_core.package_identification:_identify(src) by extension 'python'
[0.256s] Level 1:colcon.colcon_core.package_identification:_identify(src) by extensions ['python_setup_py']
[0.256s] Level 1:colcon.colcon_core.package_identification:_identify(src) by extension 'python_setup_py'
[0.256s] Level 1:colcon.colcon_core.package_identification:_identify(src/car) by extensions ['ignore', 'ignore_ament_install']
[0.256s] Level 1:colcon.colcon_core.package_identification:_identify(src/car) by extension 'ignore'
[0.256s] Level 1:colcon.colcon_core.package_identification:_identify(src/car) by extension 'ignore_ament_install'
[0.256s] Level 1:colcon.colcon_core.package_identification:_identify(src/car) by extensions ['colcon_pkg']
[0.256s] Level 1:colcon.colcon_core.package_identification:_identify(src/car) by extension 'colcon_pkg'
[0.256s] Level 1:colcon.colcon_core.package_identification:_identify(src/car) by extensions ['colcon_meta']
[0.256s] Level 1:colcon.colcon_core.package_identification:_identify(src/car) by extension 'colcon_meta'
[0.256s] Level 1:colcon.colcon_core.package_identification:_identify(src/car) by extensions ['ros']
[0.256s] Level 1:colcon.colcon_core.package_identification:_identify(src/car) by extension 'ros'
[0.257s] DEBUG:colcon.colcon_core.package_identification:Package 'src/car' with type 'ros.ament_cmake' and name 'car'
[0.258s] Level 1:colcon.colcon_core.package_identification:_identify(src/microros) by extensions ['ignore', 'ignore_ament_install']
[0.258s] Level 1:colcon.colcon_core.package_identification:_identify(src/microros) by extension 'ignore'
[0.258s] Level 1:colcon.colcon_core.package_identification:_identify(src/microros) by extension 'ignore_ament_install'
[0.258s] Level 1:colcon.colcon_core.package_identification:_identify(src/microros) by extensions ['colcon_pkg']
[0.258s] Level 1:colcon.colcon_core.package_identification:_identify(src/microros) by extension 'colcon_pkg'
[0.258s] Level 1:colcon.colcon_core.package_identification:_identify(src/microros) by extensions ['colcon_meta']
[0.258s] Level 1:colcon.colcon_core.package_identification:_identify(src/microros) by extension 'colcon_meta'
[0.258s] Level 1:colcon.colcon_core.package_identification:_identify(src/microros) by extensions ['ros']
[0.258s] Level 1:colcon.colcon_core.package_identification:_identify(src/microros) by extension 'ros'
[0.258s] Level 1:colcon.colcon_core.package_identification:_identify(src/microros) by extensions ['cmake', 'python']
[0.258s] Level 1:colcon.colcon_core.package_identification:_identify(src/microros) by extension 'cmake'
[0.258s] Level 1:colcon.colcon_core.package_identification:_identify(src/microros) by extension 'python'
[0.258s] Level 1:colcon.colcon_core.package_identification:_identify(src/microros) by extensions ['python_setup_py']
[0.258s] Level 1:colcon.colcon_core.package_identification:_identify(src/microros) by extension 'python_setup_py'
[0.258s] Level 1:colcon.colcon_core.package_identification:_identify(src/microros/firmware) by extensions ['ignore', 'ignore_ament_install']
[0.258s] Level 1:colcon.colcon_core.package_identification:_identify(src/microros/firmware) by extension 'ignore'
[0.258s] Level 1:colcon.colcon_core.package_identification:_identify(src/microros/firmware) ignored
[0.258s] Level 1:colcon.colcon_core.package_identification:_identify(src/microros/src) by extensions ['ignore', 'ignore_ament_install']
[0.258s] Level 1:colcon.colcon_core.package_identification:_identify(src/microros/src) by extension 'ignore'
[0.258s] Level 1:colcon.colcon_core.package_identification:_identify(src/microros/src) by extension 'ignore_ament_install'
[0.258s] Level 1:colcon.colcon_core.package_identification:_identify(src/microros/src) by extensions ['colcon_pkg']
[0.258s] Level 1:colcon.colcon_core.package_identification:_identify(src/microros/src) by extension 'colcon_pkg'
[0.258s] Level 1:colcon.colcon_core.package_identification:_identify(src/microros/src) by extensions ['colcon_meta']
[0.258s] Level 1:colcon.colcon_core.package_identification:_identify(src/microros/src) by extension 'colcon_meta'
[0.258s] Level 1:colcon.colcon_core.package_identification:_identify(src/microros/src) by extensions ['ros']
[0.258s] Level 1:colcon.colcon_core.package_identification:_identify(src/microros/src) by extension 'ros'
[0.258s] Level 1:colcon.colcon_core.package_identification:_identify(src/microros/src) by extensions ['cmake', 'python']
[0.258s] Level 1:colcon.colcon_core.package_identification:_identify(src/microros/src) by extension 'cmake'
[0.259s] Level 1:colcon.colcon_core.package_identification:_identify(src/microros/src) by extension 'python'
[0.259s] Level 1:colcon.colcon_core.package_identification:_identify(src/microros/src) by extensions ['python_setup_py']
[0.259s] Level 1:colcon.colcon_core.package_identification:_identify(src/microros/src) by extension 'python_setup_py'
[0.259s] Level 1:colcon.colcon_core.package_identification:_identify(src/microros/src/eProsima) by extensions ['ignore', 'ignore_ament_install']
[0.259s] Level 1:colcon.colcon_core.package_identification:_identify(src/microros/src/eProsima) by extension 'ignore'
[0.259s] Level 1:colcon.colcon_core.package_identification:_identify(src/microros/src/eProsima) by extension 'ignore_ament_install'
[0.259s] Level 1:colcon.colcon_core.package_identification:_identify(src/microros/src/eProsima) by extensions ['colcon_pkg']
[0.259s] Level 1:colcon.colcon_core.package_identification:_identify(src/microros/src/eProsima) by extension 'colcon_pkg'
[0.259s] Level 1:colcon.colcon_core.package_identification:_identify(src/microros/src/eProsima) by extensions ['colcon_meta']
[0.259s] Level 1:colcon.colcon_core.package_identification:_identify(src/microros/src/eProsima) by extension 'colcon_meta'
[0.259s] Level 1:colcon.colcon_core.package_identification:_identify(src/microros/src/eProsima) by extensions ['ros']
[0.259s] Level 1:colcon.colcon_core.package_identification:_identify(src/microros/src/eProsima) by extension 'ros'
[0.259s] Level 1:colcon.colcon_core.package_identification:_identify(src/microros/src/eProsima) by extensions ['cmake', 'python']
[0.259s] Level 1:colcon.colcon_core.package_identification:_identify(src/microros/src/eProsima) by extension 'cmake'
[0.259s] Level 1:colcon.colcon_core.package_identification:_identify(src/microros/src/eProsima) by extension 'python'
[0.259s] Level 1:colcon.colcon_core.package_identification:_identify(src/microros/src/eProsima) by extensions ['python_setup_py']
[0.259s] Level 1:colcon.colcon_core.package_identification:_identify(src/microros/src/eProsima) by extension 'python_setup_py'
[0.259s] Level 1:colcon.colcon_core.package_identification:_identify(src/microros/src/eProsima/Micro-CDR) by extensions ['ignore', 'ignore_ament_install']
[0.259s] Level 1:colcon.colcon_core.package_identification:_identify(src/microros/src/eProsima/Micro-CDR) by extension 'ignore'
[0.259s] Level 1:colcon.colcon_core.package_identification:_identify(src/microros/src/eProsima/Micro-CDR) by extension 'ignore_ament_install'
[0.259s] Level 1:colcon.colcon_core.package_identification:_identify(src/microros/src/eProsima/Micro-CDR) by extensions ['colcon_pkg']
[0.259s] Level 1:colcon.colcon_core.package_identification:_identify(src/microros/src/eProsima/Micro-CDR) by extension 'colcon_pkg'
[0.259s] INFO:colcon.colcon_metadata.metadata.colcon_pkg:Setting type 'cmake' of package 'src/microros/src/eProsima/Micro-CDR' from colcon.pkg
[0.260s] INFO:colcon.colcon_metadata.metadata.colcon_pkg:Setting name 'microcdr' of package 'src/microros/src/eProsima/Micro-CDR' from colcon.pkg
[0.260s] DEBUG:colcon.colcon_core.package_identification:Package 'src/microros/src/eProsima/Micro-CDR' with type 'cmake' and name 'microcdr'
[0.260s] Level 1:colcon.colcon_core.package_identification:_identify(src/microros/src/eProsima/Micro-XRCE-DDS-Client) by extensions ['ignore', 'ignore_ament_install']
[0.260s] Level 1:colcon.colcon_core.package_identification:_identify(src/microros/src/eProsima/Micro-XRCE-DDS-Client) by extension 'ignore'
[0.260s] Level 1:colcon.colcon_core.package_identification:_identify(src/microros/src/eProsima/Micro-XRCE-DDS-Client) by extension 'ignore_ament_install'
[0.260s] Level 1:colcon.colcon_core.package_identification:_identify(src/microros/src/eProsima/Micro-XRCE-DDS-Client) by extensions ['colcon_pkg']
[0.260s] Level 1:colcon.colcon_core.package_identification:_identify(src/microros/src/eProsima/Micro-XRCE-DDS-Client) by extension 'colcon_pkg'
[0.260s] INFO:colcon.colcon_metadata.metadata.colcon_pkg:Setting type 'cmake' of package 'src/microros/src/eProsima/Micro-XRCE-DDS-Client' from colcon.pkg
[0.260s] INFO:colcon.colcon_metadata.metadata.colcon_pkg:Setting name 'microxrcedds_client' of package 'src/microros/src/eProsima/Micro-XRCE-DDS-Client' from colcon.pkg
[0.260s] DEBUG:colcon.colcon_core.package_identification:Package 'src/microros/src/eProsima/Micro-XRCE-DDS-Client' with type 'cmake' and name 'microxrcedds_client'
[0.260s] Level 1:colcon.colcon_core.package_identification:_identify(src/microros/src/micro_ros_setup) by extensions ['ignore', 'ignore_ament_install']
[0.261s] Level 1:colcon.colcon_core.package_identification:_identify(src/microros/src/micro_ros_setup) by extension 'ignore'
[0.261s] Level 1:colcon.colcon_core.package_identification:_identify(src/microros/src/micro_ros_setup) by extension 'ignore_ament_install'
[0.261s] Level 1:colcon.colcon_core.package_identification:_identify(src/microros/src/micro_ros_setup) by extensions ['colcon_pkg']
[0.261s] Level 1:colcon.colcon_core.package_identification:_identify(src/microros/src/micro_ros_setup) by extension 'colcon_pkg'
[0.261s] Level 1:colcon.colcon_core.package_identification:_identify(src/microros/src/micro_ros_setup) by extensions ['colcon_meta']
[0.261s] Level 1:colcon.colcon_core.package_identification:_identify(src/microros/src/micro_ros_setup) by extension 'colcon_meta'
[0.261s] Level 1:colcon.colcon_core.package_identification:_identify(src/microros/src/micro_ros_setup) by extensions ['ros']
[0.261s] Level 1:colcon.colcon_core.package_identification:_identify(src/microros/src/micro_ros_setup) by extension 'ros'
[0.261s] DEBUG:colcon.colcon_core.package_identification:Package 'src/microros/src/micro_ros_setup' with type 'ros.ament_cmake' and name 'micro_ros_setup'
[0.261s] Level 1:colcon.colcon_core.package_identification:_identify(src/microros/src/ros2) by extensions ['ignore', 'ignore_ament_install']
[0.261s] Level 1:colcon.colcon_core.package_identification:_identify(src/microros/src/ros2) by extension 'ignore'
[0.261s] Level 1:colcon.colcon_core.package_identification:_identify(src/microros/src/ros2) by extension 'ignore_ament_install'
[0.262s] Level 1:colcon.colcon_core.package_identification:_identify(src/microros/src/ros2) by extensions ['colcon_pkg']
[0.262s] Level 1:colcon.colcon_core.package_identification:_identify(src/microros/src/ros2) by extension 'colcon_pkg'
[0.262s] Level 1:colcon.colcon_core.package_identification:_identify(src/microros/src/ros2) by extensions ['colcon_meta']
[0.262s] Level 1:colcon.colcon_core.package_identification:_identify(src/microros/src/ros2) by extension 'colcon_meta'
[0.262s] Level 1:colcon.colcon_core.package_identification:_identify(src/microros/src/ros2) by extensions ['ros']
[0.262s] Level 1:colcon.colcon_core.package_identification:_identify(src/microros/src/ros2) by extension 'ros'
[0.262s] Level 1:colcon.colcon_core.package_identification:_identify(src/microros/src/ros2) by extensions ['cmake', 'python']
[0.262s] Level 1:colcon.colcon_core.package_identification:_identify(src/microros/src/ros2) by extension 'cmake'
[0.262s] Level 1:colcon.colcon_core.package_identification:_identify(src/microros/src/ros2) by extension 'python'
[0.262s] Level 1:colcon.colcon_core.package_identification:_identify(src/microros/src/ros2) by extensions ['python_setup_py']
[0.262s] Level 1:colcon.colcon_core.package_identification:_identify(src/microros/src/ros2) by extension 'python_setup_py'
[0.262s] Level 1:colcon.colcon_core.package_identification:_identify(src/microros/src/ros2/common_interfaces) by extensions ['ignore', 'ignore_ament_install']
[0.262s] Level 1:colcon.colcon_core.package_identification:_identify(src/microros/src/ros2/common_interfaces) by extension 'ignore'
[0.262s] Level 1:colcon.colcon_core.package_identification:_identify(src/microros/src/ros2/common_interfaces) by extension 'ignore_ament_install'
[0.262s] Level 1:colcon.colcon_core.package_identification:_identify(src/microros/src/ros2/common_interfaces) by extensions ['colcon_pkg']
[0.262s] Level 1:colcon.colcon_core.package_identification:_identify(src/microros/src/ros2/common_interfaces) by extension 'colcon_pkg'
[0.262s] Level 1:colcon.colcon_core.package_identification:_identify(src/microros/src/ros2/common_interfaces) by extensions ['colcon_meta']
[0.262s] Level 1:colcon.colcon_core.package_identification:_identify(src/microros/src/ros2/common_interfaces) by extension 'colcon_meta'
[0.262s] Level 1:colcon.colcon_core.package_identification:_identify(src/microros/src/ros2/common_interfaces) by extensions ['ros']
[0.262s] Level 1:colcon.colcon_core.package_identification:_identify(src/microros/src/ros2/common_interfaces) by extension 'ros'
[0.262s] Level 1:colcon.colcon_core.package_identification:_identify(src/microros/src/ros2/common_interfaces) by extensions ['cmake', 'python']
[0.262s] Level 1:colcon.colcon_core.package_identification:_identify(src/microros/src/ros2/common_interfaces) by extension 'cmake'
[0.262s] Level 1:colcon.colcon_core.package_identification:_identify(src/microros/src/ros2/common_interfaces) by extension 'python'
[0.262s] Level 1:colcon.colcon_core.package_identification:_identify(src/microros/src/ros2/common_interfaces) by extensions ['python_setup_py']
[0.262s] Level 1:colcon.colcon_core.package_identification:_identify(src/microros/src/ros2/common_interfaces) by extension 'python_setup_py'
[0.262s] Level 1:colcon.colcon_core.package_identification:_identify(src/microros/src/ros2/common_interfaces/actionlib_msgs) by extensions ['ignore', 'ignore_ament_install']
[0.262s] Level 1:colcon.colcon_core.package_identification:_identify(src/microros/src/ros2/common_interfaces/actionlib_msgs) by extension 'ignore'
[0.262s] Level 1:colcon.colcon_core.package_identification:_identify(src/microros/src/ros2/common_interfaces/actionlib_msgs) by extension 'ignore_ament_install'
[0.262s] Level 1:colcon.colcon_core.package_identification:_identify(src/microros/src/ros2/common_interfaces/actionlib_msgs) by extensions ['colcon_pkg']
[0.262s] Level 1:colcon.colcon_core.package_identification:_identify(src/microros/src/ros2/common_interfaces/actionlib_msgs) by extension 'colcon_pkg'
[0.262s] Level 1:colcon.colcon_core.package_identification:_identify(src/microros/src/ros2/common_interfaces/actionlib_msgs) by extensions ['colcon_meta']
[0.262s] Level 1:colcon.colcon_core.package_identification:_identify(src/microros/src/ros2/common_interfaces/actionlib_msgs) by extension 'colcon_meta'
[0.262s] Level 1:colcon.colcon_core.package_identification:_identify(src/microros/src/ros2/common_interfaces/actionlib_msgs) by extensions ['ros']
[0.262s] Level 1:colcon.colcon_core.package_identification:_identify(src/microros/src/ros2/common_interfaces/actionlib_msgs) by extension 'ros'
[0.263s] DEBUG:colcon.colcon_core.package_identification:Package 'src/microros/src/ros2/common_interfaces/actionlib_msgs' with type 'ros.ament_cmake' and name 'actionlib_msgs'
[0.263s] Level 1:colcon.colcon_core.package_identification:_identify(src/microros/src/ros2/common_interfaces/common_interfaces) by extensions ['ignore', 'ignore_ament_install']
[0.263s] Level 1:colcon.colcon_core.package_identification:_identify(src/microros/src/ros2/common_interfaces/common_interfaces) by extension 'ignore'
[0.263s] Level 1:colcon.colcon_core.package_identification:_identify(src/microros/src/ros2/common_interfaces/common_interfaces) by extension 'ignore_ament_install'
[0.263s] Level 1:colcon.colcon_core.package_identification:_identify(src/microros/src/ros2/common_interfaces/common_interfaces) by extensions ['colcon_pkg']
[0.263s] Level 1:colcon.colcon_core.package_identification:_identify(src/microros/src/ros2/common_interfaces/common_interfaces) by extension 'colcon_pkg'
[0.263s] Level 1:colcon.colcon_core.package_identification:_identify(src/microros/src/ros2/common_interfaces/common_interfaces) by extensions ['colcon_meta']
[0.263s] Level 1:colcon.colcon_core.package_identification:_identify(src/microros/src/ros2/common_interfaces/common_interfaces) by extension 'colcon_meta'
[0.263s] Level 1:colcon.colcon_core.package_identification:_identify(src/microros/src/ros2/common_interfaces/common_interfaces) by extensions ['ros']
[0.263s] Level 1:colcon.colcon_core.package_identification:_identify(src/microros/src/ros2/common_interfaces/common_interfaces) by extension 'ros'
[0.264s] DEBUG:colcon.colcon_core.package_identification:Package 'src/microros/src/ros2/common_interfaces/common_interfaces' with type 'ros.ament_cmake' and name 'common_interfaces'
[0.264s] Level 1:colcon.colcon_core.package_identification:_identify(src/microros/src/ros2/common_interfaces/diagnostic_msgs) by extensions ['ignore', 'ignore_ament_install']
[0.264s] Level 1:colcon.colcon_core.package_identification:_identify(src/microros/src/ros2/common_interfaces/diagnostic_msgs) by extension 'ignore'
[0.264s] Level 1:colcon.colcon_core.package_identification:_identify(src/microros/src/ros2/common_interfaces/diagnostic_msgs) by extension 'ignore_ament_install'
[0.264s] Level 1:colcon.colcon_core.package_identification:_identify(src/microros/src/ros2/common_interfaces/diagnostic_msgs) by extensions ['colcon_pkg']
[0.264s] Level 1:colcon.colcon_core.package_identification:_identify(src/microros/src/ros2/common_interfaces/diagnostic_msgs) by extension 'colcon_pkg'
[0.264s] Level 1:colcon.colcon_core.package_identification:_identify(src/microros/src/ros2/common_interfaces/diagnostic_msgs) by extensions ['colcon_meta']
[0.264s] Level 1:colcon.colcon_core.package_identification:_identify(src/microros/src/ros2/common_interfaces/diagnostic_msgs) by extension 'colcon_meta'
[0.264s] Level 1:colcon.colcon_core.package_identification:_identify(src/microros/src/ros2/common_interfaces/diagnostic_msgs) by extensions ['ros']
[0.264s] Level 1:colcon.colcon_core.package_identification:_identify(src/microros/src/ros2/common_interfaces/diagnostic_msgs) by extension 'ros'
[0.264s] DEBUG:colcon.colcon_core.package_identification:Package 'src/microros/src/ros2/common_interfaces/diagnostic_msgs' with type 'ros.ament_cmake' and name 'diagnostic_msgs'
[0.264s] Level 1:colcon.colcon_core.package_identification:_identify(src/microros/src/ros2/common_interfaces/docs) by extensions ['ignore', 'ignore_ament_install']
[0.265s] Level 1:colcon.colcon_core.package_identification:_identify(src/microros/src/ros2/common_interfaces/docs) by extension 'ignore'
[0.265s] Level 1:colcon.colcon_core.package_identification:_identify(src/microros/src/ros2/common_interfaces/docs) by extension 'ignore_ament_install'
[0.265s] Level 1:colcon.colcon_core.package_identification:_identify(src/microros/src/ros2/common_interfaces/docs) by extensions ['colcon_pkg']
[0.265s] Level 1:colcon.colcon_core.package_identification:_identify(src/microros/src/ros2/common_interfaces/docs) by extension 'colcon_pkg'
[0.265s] Level 1:colcon.colcon_core.package_identification:_identify(src/microros/src/ros2/common_interfaces/docs) by extensions ['colcon_meta']
[0.265s] Level 1:colcon.colcon_core.package_identification:_identify(src/microros/src/ros2/common_interfaces/docs) by extension 'colcon_meta'
[0.265s] Level 1:colcon.colcon_core.package_identification:_identify(src/microros/src/ros2/common_interfaces/docs) by extensions ['ros']
[0.265s] Level 1:colcon.colcon_core.package_identification:_identify(src/microros/src/ros2/common_interfaces/docs) by extension 'ros'
[0.265s] Level 1:colcon.colcon_core.package_identification:_identify(src/microros/src/ros2/common_interfaces/docs) by extensions ['cmake', 'python']
[0.265s] Level 1:colcon.colcon_core.package_identification:_identify(src/microros/src/ros2/common_interfaces/docs) by extension 'cmake'
[0.265s] Level 1:colcon.colcon_core.package_identification:_identify(src/microros/src/ros2/common_interfaces/docs) by extension 'python'
[0.265s] Level 1:colcon.colcon_core.package_identification:_identify(src/microros/src/ros2/common_interfaces/docs) by extensions ['python_setup_py']
[0.265s] Level 1:colcon.colcon_core.package_identification:_identify(src/microros/src/ros2/common_interfaces/docs) by extension 'python_setup_py'
[0.265s] Level 1:colcon.colcon_core.package_identification:_identify(src/microros/src/ros2/common_interfaces/geometry_msgs) by extensions ['ignore', 'ignore_ament_install']
[0.265s] Level 1:colcon.colcon_core.package_identification:_identify(src/microros/src/ros2/common_interfaces/geometry_msgs) by extension 'ignore'
[0.265s] Level 1:colcon.colcon_core.package_identification:_identify(src/microros/src/ros2/common_interfaces/geometry_msgs) by extension 'ignore_ament_install'
[0.265s] Level 1:colcon.colcon_core.package_identification:_identify(src/microros/src/ros2/common_interfaces/geometry_msgs) by extensions ['colcon_pkg']
[0.265s] Level 1:colcon.colcon_core.package_identification:_identify(src/microros/src/ros2/common_interfaces/geometry_msgs) by extension 'colcon_pkg'
[0.265s] Level 1:colcon.colcon_core.package_identification:_identify(src/microros/src/ros2/common_interfaces/geometry_msgs) by extensions ['colcon_meta']
[0.265s] Level 1:colcon.colcon_core.package_identification:_identify(src/microros/src/ros2/common_interfaces/geometry_msgs) by extension 'colcon_meta'
[0.265s] Level 1:colcon.colcon_core.package_identification:_identify(src/microros/src/ros2/common_interfaces/geometry_msgs) by extensions ['ros']
[0.265s] Level 1:colcon.colcon_core.package_identification:_identify(src/microros/src/ros2/common_interfaces/geometry_msgs) by extension 'ros'
[0.265s] DEBUG:colcon.colcon_core.package_identification:Package 'src/microros/src/ros2/common_interfaces/geometry_msgs' with type 'ros.ament_cmake' and name 'geometry_msgs'
[0.266s] Level 1:colcon.colcon_core.package_identification:_identify(src/microros/src/ros2/common_interfaces/nav_msgs) by extensions ['ignore', 'ignore_ament_install']
[0.266s] Level 1:colcon.colcon_core.package_identification:_identify(src/microros/src/ros2/common_interfaces/nav_msgs) by extension 'ignore'
[0.266s] Level 1:colcon.colcon_core.package_identification:_identify(src/microros/src/ros2/common_interfaces/nav_msgs) by extension 'ignore_ament_install'
[0.266s] Level 1:colcon.colcon_core.package_identification:_identify(src/microros/src/ros2/common_interfaces/nav_msgs) by extensions ['colcon_pkg']
[0.266s] Level 1:colcon.colcon_core.package_identification:_identify(src/microros/src/ros2/common_interfaces/nav_msgs) by extension 'colcon_pkg'
[0.266s] Level 1:colcon.colcon_core.package_identification:_identify(src/microros/src/ros2/common_interfaces/nav_msgs) by extensions ['colcon_meta']
[0.266s] Level 1:colcon.colcon_core.package_identification:_identify(src/microros/src/ros2/common_interfaces/nav_msgs) by extension 'colcon_meta'
[0.266s] Level 1:colcon.colcon_core.package_identification:_identify(src/microros/src/ros2/common_interfaces/nav_msgs) by extensions ['ros']
[0.266s] Level 1:colcon.colcon_core.package_identification:_identify(src/microros/src/ros2/common_interfaces/nav_msgs) by extension 'ros'
[0.266s] DEBUG:colcon.colcon_core.package_identification:Package 'src/microros/src/ros2/common_interfaces/nav_msgs' with type 'ros.ament_cmake' and name 'nav_msgs'
[0.266s] Level 1:colcon.colcon_core.package_identification:_identify(src/microros/src/ros2/common_interfaces/sensor_msgs) by extensions ['ignore', 'ignore_ament_install']
[0.266s] Level 1:colcon.colcon_core.package_identification:_identify(src/microros/src/ros2/common_interfaces/sensor_msgs) by extension 'ignore'
[0.266s] Level 1:colcon.colcon_core.package_identification:_identify(src/microros/src/ros2/common_interfaces/sensor_msgs) by extension 'ignore_ament_install'
[0.266s] Level 1:colcon.colcon_core.package_identification:_identify(src/microros/src/ros2/common_interfaces/sensor_msgs) by extensions ['colcon_pkg']
[0.266s] Level 1:colcon.colcon_core.package_identification:_identify(src/microros/src/ros2/common_interfaces/sensor_msgs) by extension 'colcon_pkg'
[0.267s] Level 1:colcon.colcon_core.package_identification:_identify(src/microros/src/ros2/common_interfaces/sensor_msgs) by extensions ['colcon_meta']
[0.267s] Level 1:colcon.colcon_core.package_identification:_identify(src/microros/src/ros2/common_interfaces/sensor_msgs) by extension 'colcon_meta'
[0.267s] Level 1:colcon.colcon_core.package_identification:_identify(src/microros/src/ros2/common_interfaces/sensor_msgs) by extensions ['ros']
[0.267s] Level 1:colcon.colcon_core.package_identification:_identify(src/microros/src/ros2/common_interfaces/sensor_msgs) by extension 'ros'
[0.267s] DEBUG:colcon.colcon_core.package_identification:Package 'src/microros/src/ros2/common_interfaces/sensor_msgs' with type 'ros.ament_cmake' and name 'sensor_msgs'
[0.267s] Level 1:colcon.colcon_core.package_identification:_identify(src/microros/src/ros2/common_interfaces/sensor_msgs_py) by extensions ['ignore', 'ignore_ament_install']
[0.267s] Level 1:colcon.colcon_core.package_identification:_identify(src/microros/src/ros2/common_interfaces/sensor_msgs_py) by extension 'ignore'
[0.267s] Level 1:colcon.colcon_core.package_identification:_identify(src/microros/src/ros2/common_interfaces/sensor_msgs_py) by extension 'ignore_ament_install'
[0.267s] Level 1:colcon.colcon_core.package_identification:_identify(src/microros/src/ros2/common_interfaces/sensor_msgs_py) by extensions ['colcon_pkg']
[0.267s] Level 1:colcon.colcon_core.package_identification:_identify(src/microros/src/ros2/common_interfaces/sensor_msgs_py) by extension 'colcon_pkg'
[0.267s] Level 1:colcon.colcon_core.package_identification:_identify(src/microros/src/ros2/common_interfaces/sensor_msgs_py) by extensions ['colcon_meta']
[0.267s] Level 1:colcon.colcon_core.package_identification:_identify(src/microros/src/ros2/common_interfaces/sensor_msgs_py) by extension 'colcon_meta'
[0.267s] Level 1:colcon.colcon_core.package_identification:_identify(src/microros/src/ros2/common_interfaces/sensor_msgs_py) by extensions ['ros']
[0.267s] Level 1:colcon.colcon_core.package_identification:_identify(src/microros/src/ros2/common_interfaces/sensor_msgs_py) by extension 'ros'
[0.268s] DEBUG:colcon.colcon_core.package_identification:Package 'src/microros/src/ros2/common_interfaces/sensor_msgs_py' with type 'ros.ament_python' and name 'sensor_msgs_py'
[0.268s] Level 1:colcon.colcon_core.package_identification:_identify(src/microros/src/ros2/common_interfaces/shape_msgs) by extensions ['ignore', 'ignore_ament_install']
[0.268s] Level 1:colcon.colcon_core.package_identification:_identify(src/microros/src/ros2/common_interfaces/shape_msgs) by extension 'ignore'
[0.268s] Level 1:colcon.colcon_core.package_identification:_identify(src/microros/src/ros2/common_interfaces/shape_msgs) by extension 'ignore_ament_install'
[0.268s] Level 1:colcon.colcon_core.package_identification:_identify(src/microros/src/ros2/common_interfaces/shape_msgs) by extensions ['colcon_pkg']
[0.268s] Level 1:colcon.colcon_core.package_identification:_identify(src/microros/src/ros2/common_interfaces/shape_msgs) by extension 'colcon_pkg'
[0.268s] Level 1:colcon.colcon_core.package_identification:_identify(src/microros/src/ros2/common_interfaces/shape_msgs) by extensions ['colcon_meta']
[0.268s] Level 1:colcon.colcon_core.package_identification:_identify(src/microros/src/ros2/common_interfaces/shape_msgs) by extension 'colcon_meta'
[0.268s] Level 1:colcon.colcon_core.package_identification:_identify(src/microros/src/ros2/common_interfaces/shape_msgs) by extensions ['ros']
[0.268s] Level 1:colcon.colcon_core.package_identification:_identify(src/microros/src/ros2/common_interfaces/shape_msgs) by extension 'ros'
[0.269s] DEBUG:colcon.colcon_core.package_identification:Package 'src/microros/src/ros2/common_interfaces/shape_msgs' with type 'ros.ament_cmake' and name 'shape_msgs'
[0.269s] Level 1:colcon.colcon_core.package_identification:_identify(src/microros/src/ros2/common_interfaces/std_msgs) by extensions ['ignore', 'ignore_ament_install']
[0.269s] Level 1:colcon.colcon_core.package_identification:_identify(src/microros/src/ros2/common_interfaces/std_msgs) by extension 'ignore'
[0.269s] Level 1:colcon.colcon_core.package_identification:_identify(src/microros/src/ros2/common_interfaces/std_msgs) by extension 'ignore_ament_install'
[0.269s] Level 1:colcon.colcon_core.package_identification:_identify(src/microros/src/ros2/common_interfaces/std_msgs) by extensions ['colcon_pkg']
[0.269s] Level 1:colcon.colcon_core.package_identification:_identify(src/microros/src/ros2/common_interfaces/std_msgs) by extension 'colcon_pkg'
[0.269s] Level 1:colcon.colcon_core.package_identification:_identify(src/microros/src/ros2/common_interfaces/std_msgs) by extensions ['colcon_meta']
[0.269s] Level 1:colcon.colcon_core.package_identification:_identify(src/microros/src/ros2/common_interfaces/std_msgs) by extension 'colcon_meta'
[0.269s] Level 1:colcon.colcon_core.package_identification:_identify(src/microros/src/ros2/common_interfaces/std_msgs) by extensions ['ros']
[0.269s] Level 1:colcon.colcon_core.package_identification:_identify(src/microros/src/ros2/common_interfaces/std_msgs) by extension 'ros'
[0.269s] DEBUG:colcon.colcon_core.package_identification:Package 'src/microros/src/ros2/common_interfaces/std_msgs' with type 'ros.ament_cmake' and name 'std_msgs'
[0.269s] Level 1:colcon.colcon_core.package_identification:_identify(src/microros/src/ros2/common_interfaces/std_srvs) by extensions ['ignore', 'ignore_ament_install']
[0.269s] Level 1:colcon.colcon_core.package_identification:_identify(src/microros/src/ros2/common_interfaces/std_srvs) by extension 'ignore'
[0.269s] Level 1:colcon.colcon_core.package_identification:_identify(src/microros/src/ros2/common_interfaces/std_srvs) by extension 'ignore_ament_install'
[0.269s] Level 1:colcon.colcon_core.package_identification:_identify(src/microros/src/ros2/common_interfaces/std_srvs) by extensions ['colcon_pkg']
[0.270s] Level 1:colcon.colcon_core.package_identification:_identify(src/microros/src/ros2/common_interfaces/std_srvs) by extension 'colcon_pkg'
[0.270s] Level 1:colcon.colcon_core.package_identification:_identify(src/microros/src/ros2/common_interfaces/std_srvs) by extensions ['colcon_meta']
[0.270s] Level 1:colcon.colcon_core.package_identification:_identify(src/microros/src/ros2/common_interfaces/std_srvs) by extension 'colcon_meta'
[0.270s] Level 1:colcon.colcon_core.package_identification:_identify(src/microros/src/ros2/common_interfaces/std_srvs) by extensions ['ros']
[0.270s] Level 1:colcon.colcon_core.package_identification:_identify(src/microros/src/ros2/common_interfaces/std_srvs) by extension 'ros'
[0.270s] DEBUG:colcon.colcon_core.package_identification:Package 'src/microros/src/ros2/common_interfaces/std_srvs' with type 'ros.ament_cmake' and name 'std_srvs'
[0.270s] Level 1:colcon.colcon_core.package_identification:_identify(src/microros/src/ros2/common_interfaces/stereo_msgs) by extensions ['ignore', 'ignore_ament_install']
[0.270s] Level 1:colcon.colcon_core.package_identification:_identify(src/microros/src/ros2/common_interfaces/stereo_msgs) by extension 'ignore'
[0.270s] Level 1:colcon.colcon_core.package_identification:_identify(src/microros/src/ros2/common_interfaces/stereo_msgs) by extension 'ignore_ament_install'
[0.270s] Level 1:colcon.colcon_core.package_identification:_identify(src/microros/src/ros2/common_interfaces/stereo_msgs) by extensions ['colcon_pkg']
[0.270s] Level 1:colcon.colcon_core.package_identification:_identify(src/microros/src/ros2/common_interfaces/stereo_msgs) by extension 'colcon_pkg'
[0.270s] Level 1:colcon.colcon_core.package_identification:_identify(src/microros/src/ros2/common_interfaces/stereo_msgs) by extensions ['colcon_meta']
[0.270s] Level 1:colcon.colcon_core.package_identification:_identify(src/microros/src/ros2/common_interfaces/stereo_msgs) by extension 'colcon_meta'
[0.270s] Level 1:colcon.colcon_core.package_identification:_identify(src/microros/src/ros2/common_interfaces/stereo_msgs) by extensions ['ros']
[0.270s] Level 1:colcon.colcon_core.package_identification:_identify(src/microros/src/ros2/common_interfaces/stereo_msgs) by extension 'ros'
[0.271s] DEBUG:colcon.colcon_core.package_identification:Package 'src/microros/src/ros2/common_interfaces/stereo_msgs' with type 'ros.ament_cmake' and name 'stereo_msgs'
[0.271s] Level 1:colcon.colcon_core.package_identification:_identify(src/microros/src/ros2/common_interfaces/trajectory_msgs) by extensions ['ignore', 'ignore_ament_install']
[0.271s] Level 1:colcon.colcon_core.package_identification:_identify(src/microros/src/ros2/common_interfaces/trajectory_msgs) by extension 'ignore'
[0.271s] Level 1:colcon.colcon_core.package_identification:_identify(src/microros/src/ros2/common_interfaces/trajectory_msgs) by extension 'ignore_ament_install'
[0.271s] Level 1:colcon.colcon_core.package_identification:_identify(src/microros/src/ros2/common_interfaces/trajectory_msgs) by extensions ['colcon_pkg']
[0.271s] Level 1:colcon.colcon_core.package_identification:_identify(src/microros/src/ros2/common_interfaces/trajectory_msgs) by extension 'colcon_pkg'
[0.271s] Level 1:colcon.colcon_core.package_identification:_identify(src/microros/src/ros2/common_interfaces/trajectory_msgs) by extensions ['colcon_meta']
[0.271s] Level 1:colcon.colcon_core.package_identification:_identify(src/microros/src/ros2/common_interfaces/trajectory_msgs) by extension 'colcon_meta'
[0.271s] Level 1:colcon.colcon_core.package_identification:_identify(src/microros/src/ros2/common_interfaces/trajectory_msgs) by extensions ['ros']
[0.271s] Level 1:colcon.colcon_core.package_identification:_identify(src/microros/src/ros2/common_interfaces/trajectory_msgs) by extension 'ros'
[0.271s] DEBUG:colcon.colcon_core.package_identification:Package 'src/microros/src/ros2/common_interfaces/trajectory_msgs' with type 'ros.ament_cmake' and name 'trajectory_msgs'
[0.271s] Level 1:colcon.colcon_core.package_identification:_identify(src/microros/src/ros2/common_interfaces/visualization_msgs) by extensions ['ignore', 'ignore_ament_install']
[0.271s] Level 1:colcon.colcon_core.package_identification:_identify(src/microros/src/ros2/common_interfaces/visualization_msgs) by extension 'ignore'
[0.272s] Level 1:colcon.colcon_core.package_identification:_identify(src/microros/src/ros2/common_interfaces/visualization_msgs) by extension 'ignore_ament_install'
[0.272s] Level 1:colcon.colcon_core.package_identification:_identify(src/microros/src/ros2/common_interfaces/visualization_msgs) by extensions ['colcon_pkg']
[0.272s] Level 1:colcon.colcon_core.package_identification:_identify(src/microros/src/ros2/common_interfaces/visualization_msgs) by extension 'colcon_pkg'
[0.272s] Level 1:colcon.colcon_core.package_identification:_identify(src/microros/src/ros2/common_interfaces/visualization_msgs) by extensions ['colcon_meta']
[0.272s] Level 1:colcon.colcon_core.package_identification:_identify(src/microros/src/ros2/common_interfaces/visualization_msgs) by extension 'colcon_meta'
[0.272s] Level 1:colcon.colcon_core.package_identification:_identify(src/microros/src/ros2/common_interfaces/visualization_msgs) by extensions ['ros']
[0.272s] Level 1:colcon.colcon_core.package_identification:_identify(src/microros/src/ros2/common_interfaces/visualization_msgs) by extension 'ros'
[0.272s] DEBUG:colcon.colcon_core.package_identification:Package 'src/microros/src/ros2/common_interfaces/visualization_msgs' with type 'ros.ament_cmake' and name 'visualization_msgs'
[0.272s] Level 1:colcon.colcon_core.package_identification:_identify(src/microros/src/ros2/example_interfaces) by extensions ['ignore', 'ignore_ament_install']
[0.272s] Level 1:colcon.colcon_core.package_identification:_identify(src/microros/src/ros2/example_interfaces) by extension 'ignore'
[0.272s] Level 1:colcon.colcon_core.package_identification:_identify(src/microros/src/ros2/example_interfaces) by extension 'ignore_ament_install'
[0.272s] Level 1:colcon.colcon_core.package_identification:_identify(src/microros/src/ros2/example_interfaces) by extensions ['colcon_pkg']
[0.272s] Level 1:colcon.colcon_core.package_identification:_identify(src/microros/src/ros2/example_interfaces) by extension 'colcon_pkg'
[0.272s] Level 1:colcon.colcon_core.package_identification:_identify(src/microros/src/ros2/example_interfaces) by extensions ['colcon_meta']
[0.272s] Level 1:colcon.colcon_core.package_identification:_identify(src/microros/src/ros2/example_interfaces) by extension 'colcon_meta'
[0.272s] Level 1:colcon.colcon_core.package_identification:_identify(src/microros/src/ros2/example_interfaces) by extensions ['ros']
[0.272s] Level 1:colcon.colcon_core.package_identification:_identify(src/microros/src/ros2/example_interfaces) by extension 'ros'
[0.273s] DEBUG:colcon.colcon_core.package_identification:Package 'src/microros/src/ros2/example_interfaces' with type 'ros.ament_cmake' and name 'example_interfaces'
[0.273s] Level 1:colcon.colcon_core.package_identification:_identify(src/microros/src/ros2/rcl_interfaces) by extensions ['ignore', 'ignore_ament_install']
[0.273s] Level 1:colcon.colcon_core.package_identification:_identify(src/microros/src/ros2/rcl_interfaces) by extension 'ignore'
[0.273s] Level 1:colcon.colcon_core.package_identification:_identify(src/microros/src/ros2/rcl_interfaces) by extension 'ignore_ament_install'
[0.273s] Level 1:colcon.colcon_core.package_identification:_identify(src/microros/src/ros2/rcl_interfaces) by extensions ['colcon_pkg']
[0.273s] Level 1:colcon.colcon_core.package_identification:_identify(src/microros/src/ros2/rcl_interfaces) by extension 'colcon_pkg'
[0.273s] Level 1:colcon.colcon_core.package_identification:_identify(src/microros/src/ros2/rcl_interfaces) by extensions ['colcon_meta']
[0.273s] Level 1:colcon.colcon_core.package_identification:_identify(src/microros/src/ros2/rcl_interfaces) by extension 'colcon_meta'
[0.273s] Level 1:colcon.colcon_core.package_identification:_identify(src/microros/src/ros2/rcl_interfaces) by extensions ['ros']
[0.273s] Level 1:colcon.colcon_core.package_identification:_identify(src/microros/src/ros2/rcl_interfaces) by extension 'ros'
[0.273s] Level 1:colcon.colcon_core.package_identification:_identify(src/microros/src/ros2/rcl_interfaces) by extensions ['cmake', 'python']
[0.273s] Level 1:colcon.colcon_core.package_identification:_identify(src/microros/src/ros2/rcl_interfaces) by extension 'cmake'
[0.273s] Level 1:colcon.colcon_core.package_identification:_identify(src/microros/src/ros2/rcl_interfaces) by extension 'python'
[0.274s] Level 1:colcon.colcon_core.package_identification:_identify(src/microros/src/ros2/rcl_interfaces) by extensions ['python_setup_py']
[0.274s] Level 1:colcon.colcon_core.package_identification:_identify(src/microros/src/ros2/rcl_interfaces) by extension 'python_setup_py'
[0.274s] Level 1:colcon.colcon_core.package_identification:_identify(src/microros/src/ros2/rcl_interfaces/action_msgs) by extensions ['ignore', 'ignore_ament_install']
[0.274s] Level 1:colcon.colcon_core.package_identification:_identify(src/microros/src/ros2/rcl_interfaces/action_msgs) by extension 'ignore'
[0.274s] Level 1:colcon.colcon_core.package_identification:_identify(src/microros/src/ros2/rcl_interfaces/action_msgs) by extension 'ignore_ament_install'
[0.274s] Level 1:colcon.colcon_core.package_identification:_identify(src/microros/src/ros2/rcl_interfaces/action_msgs) by extensions ['colcon_pkg']
[0.274s] Level 1:colcon.colcon_core.package_identification:_identify(src/microros/src/ros2/rcl_interfaces/action_msgs) by extension 'colcon_pkg'
[0.274s] Level 1:colcon.colcon_core.package_identification:_identify(src/microros/src/ros2/rcl_interfaces/action_msgs) by extensions ['colcon_meta']
[0.274s] Level 1:colcon.colcon_core.package_identification:_identify(src/microros/src/ros2/rcl_interfaces/action_msgs) by extension 'colcon_meta'
[0.274s] Level 1:colcon.colcon_core.package_identification:_identify(src/microros/src/ros2/rcl_interfaces/action_msgs) by extensions ['ros']
[0.274s] Level 1:colcon.colcon_core.package_identification:_identify(src/microros/src/ros2/rcl_interfaces/action_msgs) by extension 'ros'
[0.274s] DEBUG:colcon.colcon_core.package_identification:Package 'src/microros/src/ros2/rcl_interfaces/action_msgs' with type 'ros.ament_cmake' and name 'action_msgs'
[0.274s] Level 1:colcon.colcon_core.package_identification:_identify(src/microros/src/ros2/rcl_interfaces/builtin_interfaces) by extensions ['ignore', 'ignore_ament_install']
[0.274s] Level 1:colcon.colcon_core.package_identification:_identify(src/microros/src/ros2/rcl_interfaces/builtin_interfaces) by extension 'ignore'
[0.274s] Level 1:colcon.colcon_core.package_identification:_identify(src/microros/src/ros2/rcl_interfaces/builtin_interfaces) by extension 'ignore_ament_install'
[0.274s] Level 1:colcon.colcon_core.package_identification:_identify(src/microros/src/ros2/rcl_interfaces/builtin_interfaces) by extensions ['colcon_pkg']
[0.274s] Level 1:colcon.colcon_core.package_identification:_identify(src/microros/src/ros2/rcl_interfaces/builtin_interfaces) by extension 'colcon_pkg'
[0.275s] Level 1:colcon.colcon_core.package_identification:_identify(src/microros/src/ros2/rcl_interfaces/builtin_interfaces) by extensions ['colcon_meta']
[0.275s] Level 1:colcon.colcon_core.package_identification:_identify(src/microros/src/ros2/rcl_interfaces/builtin_interfaces) by extension 'colcon_meta'
[0.275s] Level 1:colcon.colcon_core.package_identification:_identify(src/microros/src/ros2/rcl_interfaces/builtin_interfaces) by extensions ['ros']
[0.275s] Level 1:colcon.colcon_core.package_identification:_identify(src/microros/src/ros2/rcl_interfaces/builtin_interfaces) by extension 'ros'
[0.275s] DEBUG:colcon.colcon_core.package_identification:Package 'src/microros/src/ros2/rcl_interfaces/builtin_interfaces' with type 'ros.ament_cmake' and name 'builtin_interfaces'
[0.275s] Level 1:colcon.colcon_core.package_identification:_identify(src/microros/src/ros2/rcl_interfaces/composition_interfaces) by extensions ['ignore', 'ignore_ament_install']
[0.275s] Level 1:colcon.colcon_core.package_identification:_identify(src/microros/src/ros2/rcl_interfaces/composition_interfaces) by extension 'ignore'
[0.275s] Level 1:colcon.colcon_core.package_identification:_identify(src/microros/src/ros2/rcl_interfaces/composition_interfaces) by extension 'ignore_ament_install'
[0.275s] Level 1:colcon.colcon_core.package_identification:_identify(src/microros/src/ros2/rcl_interfaces/composition_interfaces) by extensions ['colcon_pkg']
[0.275s] Level 1:colcon.colcon_core.package_identification:_identify(src/microros/src/ros2/rcl_interfaces/composition_interfaces) by extension 'colcon_pkg'
[0.275s] Level 1:colcon.colcon_core.package_identification:_identify(src/microros/src/ros2/rcl_interfaces/composition_interfaces) by extensions ['colcon_meta']
[0.275s] Level 1:colcon.colcon_core.package_identification:_identify(src/microros/src/ros2/rcl_interfaces/composition_interfaces) by extension 'colcon_meta'
[0.275s] Level 1:colcon.colcon_core.package_identification:_identify(src/microros/src/ros2/rcl_interfaces/composition_interfaces) by extensions ['ros']
[0.275s] Level 1:colcon.colcon_core.package_identification:_identify(src/microros/src/ros2/rcl_interfaces/composition_interfaces) by extension 'ros'
[0.276s] DEBUG:colcon.colcon_core.package_identification:Package 'src/microros/src/ros2/rcl_interfaces/composition_interfaces' with type 'ros.ament_cmake' and name 'composition_interfaces'
[0.276s] Level 1:colcon.colcon_core.package_identification:_identify(src/microros/src/ros2/rcl_interfaces/lifecycle_msgs) by extensions ['ignore', 'ignore_ament_install']
[0.276s] Level 1:colcon.colcon_core.package_identification:_identify(src/microros/src/ros2/rcl_interfaces/lifecycle_msgs) by extension 'ignore'
[0.276s] Level 1:colcon.colcon_core.package_identification:_identify(src/microros/src/ros2/rcl_interfaces/lifecycle_msgs) by extension 'ignore_ament_install'
[0.276s] Level 1:colcon.colcon_core.package_identification:_identify(src/microros/src/ros2/rcl_interfaces/lifecycle_msgs) by extensions ['colcon_pkg']
[0.276s] Level 1:colcon.colcon_core.package_identification:_identify(src/microros/src/ros2/rcl_interfaces/lifecycle_msgs) by extension 'colcon_pkg'
[0.276s] Level 1:colcon.colcon_core.package_identification:_identify(src/microros/src/ros2/rcl_interfaces/lifecycle_msgs) by extensions ['colcon_meta']
[0.276s] Level 1:colcon.colcon_core.package_identification:_identify(src/microros/src/ros2/rcl_interfaces/lifecycle_msgs) by extension 'colcon_meta'
[0.276s] Level 1:colcon.colcon_core.package_identification:_identify(src/microros/src/ros2/rcl_interfaces/lifecycle_msgs) by extensions ['ros']
[0.276s] Level 1:colcon.colcon_core.package_identification:_identify(src/microros/src/ros2/rcl_interfaces/lifecycle_msgs) by extension 'ros'
[0.276s] DEBUG:colcon.colcon_core.package_identification:Package 'src/microros/src/ros2/rcl_interfaces/lifecycle_msgs' with type 'ros.ament_cmake' and name 'lifecycle_msgs'
[0.276s] Level 1:colcon.colcon_core.package_identification:_identify(src/microros/src/ros2/rcl_interfaces/rcl_interfaces) by extensions ['ignore', 'ignore_ament_install']
[0.276s] Level 1:colcon.colcon_core.package_identification:_identify(src/microros/src/ros2/rcl_interfaces/rcl_interfaces) by extension 'ignore'
[0.276s] Level 1:colcon.colcon_core.package_identification:_identify(src/microros/src/ros2/rcl_interfaces/rcl_interfaces) by extension 'ignore_ament_install'
[0.276s] Level 1:colcon.colcon_core.package_identification:_identify(src/microros/src/ros2/rcl_interfaces/rcl_interfaces) by extensions ['colcon_pkg']
[0.276s] Level 1:colcon.colcon_core.package_identification:_identify(src/microros/src/ros2/rcl_interfaces/rcl_interfaces) by extension 'colcon_pkg'
[0.276s] Level 1:colcon.colcon_core.package_identification:_identify(src/microros/src/ros2/rcl_interfaces/rcl_interfaces) by extensions ['colcon_meta']
[0.277s] Level 1:colcon.colcon_core.package_identification:_identify(src/microros/src/ros2/rcl_interfaces/rcl_interfaces) by extension 'colcon_meta'
[0.277s] Level 1:colcon.colcon_core.package_identification:_identify(src/microros/src/ros2/rcl_interfaces/rcl_interfaces) by extensions ['ros']
[0.277s] Level 1:colcon.colcon_core.package_identification:_identify(src/microros/src/ros2/rcl_interfaces/rcl_interfaces) by extension 'ros'
[0.277s] DEBUG:colcon.colcon_core.package_identification:Package 'src/microros/src/ros2/rcl_interfaces/rcl_interfaces' with type 'ros.ament_cmake' and name 'rcl_interfaces'
[0.278s] Level 1:colcon.colcon_core.package_identification:_identify(src/microros/src/ros2/rcl_interfaces/rosgraph_msgs) by extensions ['ignore', 'ignore_ament_install']
[0.278s] Level 1:colcon.colcon_core.package_identification:_identify(src/microros/src/ros2/rcl_interfaces/rosgraph_msgs) by extension 'ignore'
[0.278s] Level 1:colcon.colcon_core.package_identification:_identify(src/microros/src/ros2/rcl_interfaces/rosgraph_msgs) by extension 'ignore_ament_install'
[0.278s] Level 1:colcon.colcon_core.package_identification:_identify(src/microros/src/ros2/rcl_interfaces/rosgraph_msgs) by extensions ['colcon_pkg']
[0.278s] Level 1:colcon.colcon_core.package_identification:_identify(src/microros/src/ros2/rcl_interfaces/rosgraph_msgs) by extension 'colcon_pkg'
[0.278s] Level 1:colcon.colcon_core.package_identification:_identify(src/microros/src/ros2/rcl_interfaces/rosgraph_msgs) by extensions ['colcon_meta']
[0.278s] Level 1:colcon.colcon_core.package_identification:_identify(src/microros/src/ros2/rcl_interfaces/rosgraph_msgs) by extension 'colcon_meta'
[0.278s] Level 1:colcon.colcon_core.package_identification:_identify(src/microros/src/ros2/rcl_interfaces/rosgraph_msgs) by extensions ['ros']
[0.278s] Level 1:colcon.colcon_core.package_identification:_identify(src/microros/src/ros2/rcl_interfaces/rosgraph_msgs) by extension 'ros'
[0.278s] DEBUG:colcon.colcon_core.package_identification:Package 'src/microros/src/ros2/rcl_interfaces/rosgraph_msgs' with type 'ros.ament_cmake' and name 'rosgraph_msgs'
[0.278s] Level 1:colcon.colcon_core.package_identification:_identify(src/microros/src/ros2/rcl_interfaces/statistics_msgs) by extensions ['ignore', 'ignore_ament_install']
[0.278s] Level 1:colcon.colcon_core.package_identification:_identify(src/microros/src/ros2/rcl_interfaces/statistics_msgs) by extension 'ignore'
[0.278s] Level 1:colcon.colcon_core.package_identification:_identify(src/microros/src/ros2/rcl_interfaces/statistics_msgs) by extension 'ignore_ament_install'
[0.278s] Level 1:colcon.colcon_core.package_identification:_identify(src/microros/src/ros2/rcl_interfaces/statistics_msgs) by extensions ['colcon_pkg']
[0.278s] Level 1:colcon.colcon_core.package_identification:_identify(src/microros/src/ros2/rcl_interfaces/statistics_msgs) by extension 'colcon_pkg'
[0.278s] Level 1:colcon.colcon_core.package_identification:_identify(src/microros/src/ros2/rcl_interfaces/statistics_msgs) by extensions ['colcon_meta']
[0.278s] Level 1:colcon.colcon_core.package_identification:_identify(src/microros/src/ros2/rcl_interfaces/statistics_msgs) by extension 'colcon_meta'
[0.278s] Level 1:colcon.colcon_core.package_identification:_identify(src/microros/src/ros2/rcl_interfaces/statistics_msgs) by extensions ['ros']
[0.279s] Level 1:colcon.colcon_core.package_identification:_identify(src/microros/src/ros2/rcl_interfaces/statistics_msgs) by extension 'ros'
[0.279s] DEBUG:colcon.colcon_core.package_identification:Package 'src/microros/src/ros2/rcl_interfaces/statistics_msgs' with type 'ros.ament_cmake' and name 'statistics_msgs'
[0.279s] Level 1:colcon.colcon_core.package_identification:_identify(src/microros/src/ros2/rcl_interfaces/test_msgs) by extensions ['ignore', 'ignore_ament_install']
[0.279s] Level 1:colcon.colcon_core.package_identification:_identify(src/microros/src/ros2/rcl_interfaces/test_msgs) by extension 'ignore'
[0.279s] Level 1:colcon.colcon_core.package_identification:_identify(src/microros/src/ros2/rcl_interfaces/test_msgs) by extension 'ignore_ament_install'
[0.279s] Level 1:colcon.colcon_core.package_identification:_identify(src/microros/src/ros2/rcl_interfaces/test_msgs) by extensions ['colcon_pkg']
[0.279s] Level 1:colcon.colcon_core.package_identification:_identify(src/microros/src/ros2/rcl_interfaces/test_msgs) by extension 'colcon_pkg'
[0.279s] Level 1:colcon.colcon_core.package_identification:_identify(src/microros/src/ros2/rcl_interfaces/test_msgs) by extensions ['colcon_meta']
[0.279s] Level 1:colcon.colcon_core.package_identification:_identify(src/microros/src/ros2/rcl_interfaces/test_msgs) by extension 'colcon_meta'
[0.279s] Level 1:colcon.colcon_core.package_identification:_identify(src/microros/src/ros2/rcl_interfaces/test_msgs) by extensions ['ros']
[0.279s] Level 1:colcon.colcon_core.package_identification:_identify(src/microros/src/ros2/rcl_interfaces/test_msgs) by extension 'ros'
[0.279s] DEBUG:colcon.colcon_core.package_identification:Package 'src/microros/src/ros2/rcl_interfaces/test_msgs' with type 'ros.ament_cmake' and name 'test_msgs'
[0.280s] Level 1:colcon.colcon_core.package_identification:_identify(src/microros/src/ros2/unique_identifier_msgs) by extensions ['ignore', 'ignore_ament_install']
[0.280s] Level 1:colcon.colcon_core.package_identification:_identify(src/microros/src/ros2/unique_identifier_msgs) by extension 'ignore'
[0.280s] Level 1:colcon.colcon_core.package_identification:_identify(src/microros/src/ros2/unique_identifier_msgs) by extension 'ignore_ament_install'
[0.280s] Level 1:colcon.colcon_core.package_identification:_identify(src/microros/src/ros2/unique_identifier_msgs) by extensions ['colcon_pkg']
[0.280s] Level 1:colcon.colcon_core.package_identification:_identify(src/microros/src/ros2/unique_identifier_msgs) by extension 'colcon_pkg'
[0.280s] Level 1:colcon.colcon_core.package_identification:_identify(src/microros/src/ros2/unique_identifier_msgs) by extensions ['colcon_meta']
[0.280s] Level 1:colcon.colcon_core.package_identification:_identify(src/microros/src/ros2/unique_identifier_msgs) by extension 'colcon_meta'
[0.280s] Level 1:colcon.colcon_core.package_identification:_identify(src/microros/src/ros2/unique_identifier_msgs) by extensions ['ros']
[0.280s] Level 1:colcon.colcon_core.package_identification:_identify(src/microros/src/ros2/unique_identifier_msgs) by extension 'ros'
[0.280s] DEBUG:colcon.colcon_core.package_identification:Package 'src/microros/src/ros2/unique_identifier_msgs' with type 'ros.ament_cmake' and name 'unique_identifier_msgs'
[0.280s] Level 1:colcon.colcon_core.package_identification:_identify(src/microros/src/uros) by extensions ['ignore', 'ignore_ament_install']
[0.280s] Level 1:colcon.colcon_core.package_identification:_identify(src/microros/src/uros) by extension 'ignore'
[0.280s] Level 1:colcon.colcon_core.package_identification:_identify(src/microros/src/uros) by extension 'ignore_ament_install'
[0.280s] Level 1:colcon.colcon_core.package_identification:_identify(src/microros/src/uros) by extensions ['colcon_pkg']
[0.280s] Level 1:colcon.colcon_core.package_identification:_identify(src/microros/src/uros) by extension 'colcon_pkg'
[0.280s] Level 1:colcon.colcon_core.package_identification:_identify(src/microros/src/uros) by extensions ['colcon_meta']
[0.280s] Level 1:colcon.colcon_core.package_identification:_identify(src/microros/src/uros) by extension 'colcon_meta'
[0.280s] Level 1:colcon.colcon_core.package_identification:_identify(src/microros/src/uros) by extensions ['ros']
[0.280s] Level 1:colcon.colcon_core.package_identification:_identify(src/microros/src/uros) by extension 'ros'
[0.280s] Level 1:colcon.colcon_core.package_identification:_identify(src/microros/src/uros) by extensions ['cmake', 'python']
[0.280s] Level 1:colcon.colcon_core.package_identification:_identify(src/microros/src/uros) by extension 'cmake'
[0.281s] Level 1:colcon.colcon_core.package_identification:_identify(src/microros/src/uros) by extension 'python'
[0.281s] Level 1:colcon.colcon_core.package_identification:_identify(src/microros/src/uros) by extensions ['python_setup_py']
[0.281s] Level 1:colcon.colcon_core.package_identification:_identify(src/microros/src/uros) by extension 'python_setup_py'
[0.281s] Level 1:colcon.colcon_core.package_identification:_identify(src/microros/src/uros/micro-ROS-Agent) by extensions ['ignore', 'ignore_ament_install']
[0.281s] Level 1:colcon.colcon_core.package_identification:_identify(src/microros/src/uros/micro-ROS-Agent) by extension 'ignore'
[0.281s] Level 1:colcon.colcon_core.package_identification:_identify(src/microros/src/uros/micro-ROS-Agent) by extension 'ignore_ament_install'
[0.281s] Level 1:colcon.colcon_core.package_identification:_identify(src/microros/src/uros/micro-ROS-Agent) by extensions ['colcon_pkg']
[0.281s] Level 1:colcon.colcon_core.package_identification:_identify(src/microros/src/uros/micro-ROS-Agent) by extension 'colcon_pkg'
[0.281s] Level 1:colcon.colcon_core.package_identification:_identify(src/microros/src/uros/micro-ROS-Agent) by extensions ['colcon_meta']
[0.281s] Level 1:colcon.colcon_core.package_identification:_identify(src/microros/src/uros/micro-ROS-Agent) by extension 'colcon_meta'
[0.281s] Level 1:colcon.colcon_core.package_identification:_identify(src/microros/src/uros/micro-ROS-Agent) by extensions ['ros']
[0.281s] Level 1:colcon.colcon_core.package_identification:_identify(src/microros/src/uros/micro-ROS-Agent) by extension 'ros'
[0.281s] Level 1:colcon.colcon_core.package_identification:_identify(src/microros/src/uros/micro-ROS-Agent) by extensions ['cmake', 'python']
[0.281s] Level 1:colcon.colcon_core.package_identification:_identify(src/microros/src/uros/micro-ROS-Agent) by extension 'cmake'
[0.281s] Level 1:colcon.colcon_core.package_identification:_identify(src/microros/src/uros/micro-ROS-Agent) by extension 'python'
[0.281s] Level 1:colcon.colcon_core.package_identification:_identify(src/microros/src/uros/micro-ROS-Agent) by extensions ['python_setup_py']
[0.281s] Level 1:colcon.colcon_core.package_identification:_identify(src/microros/src/uros/micro-ROS-Agent) by extension 'python_setup_py'
[0.281s] Level 1:colcon.colcon_core.package_identification:_identify(src/microros/src/uros/micro-ROS-Agent/micro_ros_agent) by extensions ['ignore', 'ignore_ament_install']
[0.281s] Level 1:colcon.colcon_core.package_identification:_identify(src/microros/src/uros/micro-ROS-Agent/micro_ros_agent) by extension 'ignore'
[0.281s] Level 1:colcon.colcon_core.package_identification:_identify(src/microros/src/uros/micro-ROS-Agent/micro_ros_agent) by extension 'ignore_ament_install'
[0.281s] Level 1:colcon.colcon_core.package_identification:_identify(src/microros/src/uros/micro-ROS-Agent/micro_ros_agent) by extensions ['colcon_pkg']
[0.281s] Level 1:colcon.colcon_core.package_identification:_identify(src/microros/src/uros/micro-ROS-Agent/micro_ros_agent) by extension 'colcon_pkg'
[0.281s] Level 1:colcon.colcon_core.package_identification:_identify(src/microros/src/uros/micro-ROS-Agent/micro_ros_agent) by extensions ['colcon_meta']
[0.281s] Level 1:colcon.colcon_core.package_identification:_identify(src/microros/src/uros/micro-ROS-Agent/micro_ros_agent) by extension 'colcon_meta'
[0.281s] Level 1:colcon.colcon_core.package_identification:_identify(src/microros/src/uros/micro-ROS-Agent/micro_ros_agent) by extensions ['ros']
[0.281s] Level 1:colcon.colcon_core.package_identification:_identify(src/microros/src/uros/micro-ROS-Agent/micro_ros_agent) by extension 'ros'
[0.288s] DEBUG:colcon.colcon_core.package_identification:Package 'src/microros/src/uros/micro-ROS-Agent/micro_ros_agent' with type 'ros.ament_cmake' and name 'micro_ros_agent'
[0.288s] Level 1:colcon.colcon_core.package_identification:_identify(src/microros/src/uros/micro-ROS-Agent/snap) by extensions ['ignore', 'ignore_ament_install']
[0.288s] Level 1:colcon.colcon_core.package_identification:_identify(src/microros/src/uros/micro-ROS-Agent/snap) by extension 'ignore'
[0.288s] Level 1:colcon.colcon_core.package_identification:_identify(src/microros/src/uros/micro-ROS-Agent/snap) by extension 'ignore_ament_install'
[0.288s] Level 1:colcon.colcon_core.package_identification:_identify(src/microros/src/uros/micro-ROS-Agent/snap) by extensions ['colcon_pkg']
[0.288s] Level 1:colcon.colcon_core.package_identification:_identify(src/microros/src/uros/micro-ROS-Agent/snap) by extension 'colcon_pkg'
[0.288s] Level 1:colcon.colcon_core.package_identification:_identify(src/microros/src/uros/micro-ROS-Agent/snap) by extensions ['colcon_meta']
[0.288s] Level 1:colcon.colcon_core.package_identification:_identify(src/microros/src/uros/micro-ROS-Agent/snap) by extension 'colcon_meta'
[0.288s] Level 1:colcon.colcon_core.package_identification:_identify(src/microros/src/uros/micro-ROS-Agent/snap) by extensions ['ros']
[0.288s] Level 1:colcon.colcon_core.package_identification:_identify(src/microros/src/uros/micro-ROS-Agent/snap) by extension 'ros'
[0.288s] Level 1:colcon.colcon_core.package_identification:_identify(src/microros/src/uros/micro-ROS-Agent/snap) by extensions ['cmake', 'python']
[0.288s] Level 1:colcon.colcon_core.package_identification:_identify(src/microros/src/uros/micro-ROS-Agent/snap) by extension 'cmake'
[0.288s] Level 1:colcon.colcon_core.package_identification:_identify(src/microros/src/uros/micro-ROS-Agent/snap) by extension 'python'
[0.288s] Level 1:colcon.colcon_core.package_identification:_identify(src/microros/src/uros/micro-ROS-Agent/snap) by extensions ['python_setup_py']
[0.288s] Level 1:colcon.colcon_core.package_identification:_identify(src/microros/src/uros/micro-ROS-Agent/snap) by extension 'python_setup_py'
[0.288s] Level 1:colcon.colcon_core.package_identification:_identify(src/microros/src/uros/micro-ROS-Agent/snap/hooks) by extensions ['ignore', 'ignore_ament_install']
[0.288s] Level 1:colcon.colcon_core.package_identification:_identify(src/microros/src/uros/micro-ROS-Agent/snap/hooks) by extension 'ignore'
[0.288s] Level 1:colcon.colcon_core.package_identification:_identify(src/microros/src/uros/micro-ROS-Agent/snap/hooks) by extension 'ignore_ament_install'
[0.288s] Level 1:colcon.colcon_core.package_identification:_identify(src/microros/src/uros/micro-ROS-Agent/snap/hooks) by extensions ['colcon_pkg']
[0.289s] Level 1:colcon.colcon_core.package_identification:_identify(src/microros/src/uros/micro-ROS-Agent/snap/hooks) by extension 'colcon_pkg'
[0.289s] Level 1:colcon.colcon_core.package_identification:_identify(src/microros/src/uros/micro-ROS-Agent/snap/hooks) by extensions ['colcon_meta']
[0.289s] Level 1:colcon.colcon_core.package_identification:_identify(src/microros/src/uros/micro-ROS-Agent/snap/hooks) by extension 'colcon_meta'
[0.289s] Level 1:colcon.colcon_core.package_identification:_identify(src/microros/src/uros/micro-ROS-Agent/snap/hooks) by extensions ['ros']
[0.289s] Level 1:colcon.colcon_core.package_identification:_identify(src/microros/src/uros/micro-ROS-Agent/snap/hooks) by extension 'ros'
[0.289s] Level 1:colcon.colcon_core.package_identification:_identify(src/microros/src/uros/micro-ROS-Agent/snap/hooks) by extensions ['cmake', 'python']
[0.289s] Level 1:colcon.colcon_core.package_identification:_identify(src/microros/src/uros/micro-ROS-Agent/snap/hooks) by extension 'cmake'
[0.289s] Level 1:colcon.colcon_core.package_identification:_identify(src/microros/src/uros/micro-ROS-Agent/snap/hooks) by extension 'python'
[0.289s] Level 1:colcon.colcon_core.package_identification:_identify(src/microros/src/uros/micro-ROS-Agent/snap/hooks) by extensions ['python_setup_py']
[0.289s] Level 1:colcon.colcon_core.package_identification:_identify(src/microros/src/uros/micro-ROS-Agent/snap/hooks) by extension 'python_setup_py'
[0.289s] Level 1:colcon.colcon_core.package_identification:_identify(src/microros/src/uros/micro-ROS-Agent/snap/local) by extensions ['ignore', 'ignore_ament_install']
[0.289s] Level 1:colcon.colcon_core.package_identification:_identify(src/microros/src/uros/micro-ROS-Agent/snap/local) by extension 'ignore'
[0.289s] Level 1:colcon.colcon_core.package_identification:_identify(src/microros/src/uros/micro-ROS-Agent/snap/local) by extension 'ignore_ament_install'
[0.289s] Level 1:colcon.colcon_core.package_identification:_identify(src/microros/src/uros/micro-ROS-Agent/snap/local) by extensions ['colcon_pkg']
[0.289s] Level 1:colcon.colcon_core.package_identification:_identify(src/microros/src/uros/micro-ROS-Agent/snap/local) by extension 'colcon_pkg'
[0.289s] Level 1:colcon.colcon_core.package_identification:_identify(src/microros/src/uros/micro-ROS-Agent/snap/local) by extensions ['colcon_meta']
[0.289s] Level 1:colcon.colcon_core.package_identification:_identify(src/microros/src/uros/micro-ROS-Agent/snap/local) by extension 'colcon_meta'
[0.289s] Level 1:colcon.colcon_core.package_identification:_identify(src/microros/src/uros/micro-ROS-Agent/snap/local) by extensions ['ros']
[0.289s] Level 1:colcon.colcon_core.package_identification:_identify(src/microros/src/uros/micro-ROS-Agent/snap/local) by extension 'ros'
[0.289s] Level 1:colcon.colcon_core.package_identification:_identify(src/microros/src/uros/micro-ROS-Agent/snap/local) by extensions ['cmake', 'python']
[0.289s] Level 1:colcon.colcon_core.package_identification:_identify(src/microros/src/uros/micro-ROS-Agent/snap/local) by extension 'cmake'
[0.289s] Level 1:colcon.colcon_core.package_identification:_identify(src/microros/src/uros/micro-ROS-Agent/snap/local) by extension 'python'
[0.289s] Level 1:colcon.colcon_core.package_identification:_identify(src/microros/src/uros/micro-ROS-Agent/snap/local) by extensions ['python_setup_py']
[0.289s] Level 1:colcon.colcon_core.package_identification:_identify(src/microros/src/uros/micro-ROS-Agent/snap/local) by extension 'python_setup_py'
[0.289s] Level 1:colcon.colcon_core.package_identification:_identify(src/microros/src/uros/micro-ROS-demos) by extensions ['ignore', 'ignore_ament_install']
[0.289s] Level 1:colcon.colcon_core.package_identification:_identify(src/microros/src/uros/micro-ROS-demos) by extension 'ignore'
[0.289s] Level 1:colcon.colcon_core.package_identification:_identify(src/microros/src/uros/micro-ROS-demos) by extension 'ignore_ament_install'
[0.289s] Level 1:colcon.colcon_core.package_identification:_identify(src/microros/src/uros/micro-ROS-demos) by extensions ['colcon_pkg']
[0.289s] Level 1:colcon.colcon_core.package_identification:_identify(src/microros/src/uros/micro-ROS-demos) by extension 'colcon_pkg'
[0.289s] Level 1:colcon.colcon_core.package_identification:_identify(src/microros/src/uros/micro-ROS-demos) by extensions ['colcon_meta']
[0.289s] Level 1:colcon.colcon_core.package_identification:_identify(src/microros/src/uros/micro-ROS-demos) by extension 'colcon_meta'
[0.289s] Level 1:colcon.colcon_core.package_identification:_identify(src/microros/src/uros/micro-ROS-demos) by extensions ['ros']
[0.289s] Level 1:colcon.colcon_core.package_identification:_identify(src/microros/src/uros/micro-ROS-demos) by extension 'ros'
[0.289s] Level 1:colcon.colcon_core.package_identification:_identify(src/microros/src/uros/micro-ROS-demos) by extensions ['cmake', 'python']
[0.289s] Level 1:colcon.colcon_core.package_identification:_identify(src/microros/src/uros/micro-ROS-demos) by extension 'cmake'
[0.289s] Level 1:colcon.colcon_core.package_identification:_identify(src/microros/src/uros/micro-ROS-demos) by extension 'python'
[0.289s] Level 1:colcon.colcon_core.package_identification:_identify(src/microros/src/uros/micro-ROS-demos) by extensions ['python_setup_py']
[0.289s] Level 1:colcon.colcon_core.package_identification:_identify(src/microros/src/uros/micro-ROS-demos) by extension 'python_setup_py'
[0.290s] Level 1:colcon.colcon_core.package_identification:_identify(src/microros/src/uros/micro-ROS-demos/messages) by extensions ['ignore', 'ignore_ament_install']
[0.290s] Level 1:colcon.colcon_core.package_identification:_identify(src/microros/src/uros/micro-ROS-demos/messages) by extension 'ignore'
[0.290s] Level 1:colcon.colcon_core.package_identification:_identify(src/microros/src/uros/micro-ROS-demos/messages) by extension 'ignore_ament_install'
[0.290s] Level 1:colcon.colcon_core.package_identification:_identify(src/microros/src/uros/micro-ROS-demos/messages) by extensions ['colcon_pkg']
[0.290s] Level 1:colcon.colcon_core.package_identification:_identify(src/microros/src/uros/micro-ROS-demos/messages) by extension 'colcon_pkg'
[0.290s] Level 1:colcon.colcon_core.package_identification:_identify(src/microros/src/uros/micro-ROS-demos/messages) by extensions ['colcon_meta']
[0.290s] Level 1:colcon.colcon_core.package_identification:_identify(src/microros/src/uros/micro-ROS-demos/messages) by extension 'colcon_meta'
[0.290s] Level 1:colcon.colcon_core.package_identification:_identify(src/microros/src/uros/micro-ROS-demos/messages) by extensions ['ros']
[0.290s] Level 1:colcon.colcon_core.package_identification:_identify(src/microros/src/uros/micro-ROS-demos/messages) by extension 'ros'
[0.290s] Level 1:colcon.colcon_core.package_identification:_identify(src/microros/src/uros/micro-ROS-demos/messages) by extensions ['cmake', 'python']
[0.290s] Level 1:colcon.colcon_core.package_identification:_identify(src/microros/src/uros/micro-ROS-demos/messages) by extension 'cmake'
[0.290s] Level 1:colcon.colcon_core.package_identification:_identify(src/microros/src/uros/micro-ROS-demos/messages) by extension 'python'
[0.290s] Level 1:colcon.colcon_core.package_identification:_identify(src/microros/src/uros/micro-ROS-demos/messages) by extensions ['python_setup_py']
[0.290s] Level 1:colcon.colcon_core.package_identification:_identify(src/microros/src/uros/micro-ROS-demos/messages) by extension 'python_setup_py'
[0.290s] Level 1:colcon.colcon_core.package_identification:_identify(src/microros/src/uros/micro-ROS-demos/messages/complex_msg) by extensions ['ignore', 'ignore_ament_install']
[0.290s] Level 1:colcon.colcon_core.package_identification:_identify(src/microros/src/uros/micro-ROS-demos/messages/complex_msg) by extension 'ignore'
[0.290s] Level 1:colcon.colcon_core.package_identification:_identify(src/microros/src/uros/micro-ROS-demos/messages/complex_msg) by extension 'ignore_ament_install'
[0.290s] Level 1:colcon.colcon_core.package_identification:_identify(src/microros/src/uros/micro-ROS-demos/messages/complex_msg) by extensions ['colcon_pkg']
[0.290s] Level 1:colcon.colcon_core.package_identification:_identify(src/microros/src/uros/micro-ROS-demos/messages/complex_msg) by extension 'colcon_pkg'
[0.290s] Level 1:colcon.colcon_core.package_identification:_identify(src/microros/src/uros/micro-ROS-demos/messages/complex_msg) by extensions ['colcon_meta']
[0.290s] Level 1:colcon.colcon_core.package_identification:_identify(src/microros/src/uros/micro-ROS-demos/messages/complex_msg) by extension 'colcon_meta'
[0.290s] Level 1:colcon.colcon_core.package_identification:_identify(src/microros/src/uros/micro-ROS-demos/messages/complex_msg) by extensions ['ros']
[0.290s] Level 1:colcon.colcon_core.package_identification:_identify(src/microros/src/uros/micro-ROS-demos/messages/complex_msg) by extension 'ros'
[0.291s] DEBUG:colcon.colcon_core.package_identification:Package 'src/microros/src/uros/micro-ROS-demos/messages/complex_msg' with type 'ros.ament_cmake' and name 'complex_msgs'
[0.291s] Level 1:colcon.colcon_core.package_identification:_identify(src/microros/src/uros/micro-ROS-demos/rclc) by extensions ['ignore', 'ignore_ament_install']
[0.291s] Level 1:colcon.colcon_core.package_identification:_identify(src/microros/src/uros/micro-ROS-demos/rclc) by extension 'ignore'
[0.291s] Level 1:colcon.colcon_core.package_identification:_identify(src/microros/src/uros/micro-ROS-demos/rclc) by extension 'ignore_ament_install'
[0.291s] Level 1:colcon.colcon_core.package_identification:_identify(src/microros/src/uros/micro-ROS-demos/rclc) by extensions ['colcon_pkg']
[0.291s] Level 1:colcon.colcon_core.package_identification:_identify(src/microros/src/uros/micro-ROS-demos/rclc) by extension 'colcon_pkg'
[0.291s] Level 1:colcon.colcon_core.package_identification:_identify(src/microros/src/uros/micro-ROS-demos/rclc) by extensions ['colcon_meta']
[0.291s] Level 1:colcon.colcon_core.package_identification:_identify(src/microros/src/uros/micro-ROS-demos/rclc) by extension 'colcon_meta'
[0.291s] Level 1:colcon.colcon_core.package_identification:_identify(src/microros/src/uros/micro-ROS-demos/rclc) by extensions ['ros']
[0.291s] Level 1:colcon.colcon_core.package_identification:_identify(src/microros/src/uros/micro-ROS-demos/rclc) by extension 'ros'
[0.292s] DEBUG:colcon.colcon_core.package_identification:Package 'src/microros/src/uros/micro-ROS-demos/rclc' with type 'ros.ament_cmake' and name 'micro_ros_demos_rclc'
[0.292s] Level 1:colcon.colcon_core.package_identification:_identify(src/microros/src/uros/micro_ros_msgs) by extensions ['ignore', 'ignore_ament_install']
[0.292s] Level 1:colcon.colcon_core.package_identification:_identify(src/microros/src/uros/micro_ros_msgs) by extension 'ignore'
[0.292s] Level 1:colcon.colcon_core.package_identification:_identify(src/microros/src/uros/micro_ros_msgs) by extension 'ignore_ament_install'
[0.292s] Level 1:colcon.colcon_core.package_identification:_identify(src/microros/src/uros/micro_ros_msgs) by extensions ['colcon_pkg']
[0.292s] Level 1:colcon.colcon_core.package_identification:_identify(src/microros/src/uros/micro_ros_msgs) by extension 'colcon_pkg'
[0.292s] Level 1:colcon.colcon_core.package_identification:_identify(src/microros/src/uros/micro_ros_msgs) by extensions ['colcon_meta']
[0.292s] Level 1:colcon.colcon_core.package_identification:_identify(src/microros/src/uros/micro_ros_msgs) by extension 'colcon_meta'
[0.292s] Level 1:colcon.colcon_core.package_identification:_identify(src/microros/src/uros/micro_ros_msgs) by extensions ['ros']
[0.292s] Level 1:colcon.colcon_core.package_identification:_identify(src/microros/src/uros/micro_ros_msgs) by extension 'ros'
[0.292s] DEBUG:colcon.colcon_core.package_identification:Package 'src/microros/src/uros/micro_ros_msgs' with type 'ros.ament_cmake' and name 'micro_ros_msgs'
[0.292s] Level 1:colcon.colcon_core.package_identification:_identify(src/microros/src/uros/micro_ros_utilities) by extensions ['ignore', 'ignore_ament_install']
[0.292s] Level 1:colcon.colcon_core.package_identification:_identify(src/microros/src/uros/micro_ros_utilities) by extension 'ignore'
[0.293s] Level 1:colcon.colcon_core.package_identification:_identify(src/microros/src/uros/micro_ros_utilities) by extension 'ignore_ament_install'
[0.293s] Level 1:colcon.colcon_core.package_identification:_identify(src/microros/src/uros/micro_ros_utilities) by extensions ['colcon_pkg']
[0.293s] Level 1:colcon.colcon_core.package_identification:_identify(src/microros/src/uros/micro_ros_utilities) by extension 'colcon_pkg'
[0.293s] Level 1:colcon.colcon_core.package_identification:_identify(src/microros/src/uros/micro_ros_utilities) by extensions ['colcon_meta']
[0.293s] Level 1:colcon.colcon_core.package_identification:_identify(src/microros/src/uros/micro_ros_utilities) by extension 'colcon_meta'
[0.293s] Level 1:colcon.colcon_core.package_identification:_identify(src/microros/src/uros/micro_ros_utilities) by extensions ['ros']
[0.293s] Level 1:colcon.colcon_core.package_identification:_identify(src/microros/src/uros/micro_ros_utilities) by extension 'ros'
[0.293s] DEBUG:colcon.colcon_core.package_identification:Package 'src/microros/src/uros/micro_ros_utilities' with type 'ros.ament_cmake' and name 'micro_ros_utilities'
[0.293s] Level 1:colcon.colcon_core.package_identification:_identify(src/microros/src/uros/rclc) by extensions ['ignore', 'ignore_ament_install']
[0.293s] Level 1:colcon.colcon_core.package_identification:_identify(src/microros/src/uros/rclc) by extension 'ignore'
[0.293s] Level 1:colcon.colcon_core.package_identification:_identify(src/microros/src/uros/rclc) by extension 'ignore_ament_install'
[0.293s] Level 1:colcon.colcon_core.package_identification:_identify(src/microros/src/uros/rclc) by extensions ['colcon_pkg']
[0.293s] Level 1:colcon.colcon_core.package_identification:_identify(src/microros/src/uros/rclc) by extension 'colcon_pkg'
[0.293s] Level 1:colcon.colcon_core.package_identification:_identify(src/microros/src/uros/rclc) by extensions ['colcon_meta']
[0.293s] Level 1:colcon.colcon_core.package_identification:_identify(src/microros/src/uros/rclc) by extension 'colcon_meta'
[0.293s] Level 1:colcon.colcon_core.package_identification:_identify(src/microros/src/uros/rclc) by extensions ['ros']
[0.293s] Level 1:colcon.colcon_core.package_identification:_identify(src/microros/src/uros/rclc) by extension 'ros'
[0.293s] Level 1:colcon.colcon_core.package_identification:_identify(src/microros/src/uros/rclc) by extensions ['cmake', 'python']
[0.293s] Level 1:colcon.colcon_core.package_identification:_identify(src/microros/src/uros/rclc) by extension 'cmake'
[0.293s] Level 1:colcon.colcon_core.package_identification:_identify(src/microros/src/uros/rclc) by extension 'python'
[0.293s] Level 1:colcon.colcon_core.package_identification:_identify(src/microros/src/uros/rclc) by extensions ['python_setup_py']
[0.293s] Level 1:colcon.colcon_core.package_identification:_identify(src/microros/src/uros/rclc) by extension 'python_setup_py'
[0.294s] Level 1:colcon.colcon_core.package_identification:_identify(src/microros/src/uros/rclc/rclc) by extensions ['ignore', 'ignore_ament_install']
[0.294s] Level 1:colcon.colcon_core.package_identification:_identify(src/microros/src/uros/rclc/rclc) by extension 'ignore'
[0.294s] Level 1:colcon.colcon_core.package_identification:_identify(src/microros/src/uros/rclc/rclc) by extension 'ignore_ament_install'
[0.294s] Level 1:colcon.colcon_core.package_identification:_identify(src/microros/src/uros/rclc/rclc) by extensions ['colcon_pkg']
[0.294s] Level 1:colcon.colcon_core.package_identification:_identify(src/microros/src/uros/rclc/rclc) by extension 'colcon_pkg'
[0.294s] Level 1:colcon.colcon_core.package_identification:_identify(src/microros/src/uros/rclc/rclc) by extensions ['colcon_meta']
[0.294s] Level 1:colcon.colcon_core.package_identification:_identify(src/microros/src/uros/rclc/rclc) by extension 'colcon_meta'
[0.294s] Level 1:colcon.colcon_core.package_identification:_identify(src/microros/src/uros/rclc/rclc) by extensions ['ros']
[0.294s] Level 1:colcon.colcon_core.package_identification:_identify(src/microros/src/uros/rclc/rclc) by extension 'ros'
[0.294s] DEBUG:colcon.colcon_core.package_identification:Package 'src/microros/src/uros/rclc/rclc' with type 'ros.ament_cmake' and name 'rclc'
[0.294s] Level 1:colcon.colcon_core.package_identification:_identify(src/microros/src/uros/rclc/rclc_examples) by extensions ['ignore', 'ignore_ament_install']
[0.294s] Level 1:colcon.colcon_core.package_identification:_identify(src/microros/src/uros/rclc/rclc_examples) by extension 'ignore'
[0.294s] Level 1:colcon.colcon_core.package_identification:_identify(src/microros/src/uros/rclc/rclc_examples) ignored
[0.294s] Level 1:colcon.colcon_core.package_identification:_identify(src/microros/src/uros/rclc/rclc_lifecycle) by extensions ['ignore', 'ignore_ament_install']
[0.294s] Level 1:colcon.colcon_core.package_identification:_identify(src/microros/src/uros/rclc/rclc_lifecycle) by extension 'ignore'
[0.295s] Level 1:colcon.colcon_core.package_identification:_identify(src/microros/src/uros/rclc/rclc_lifecycle) ignored
[0.295s] Level 1:colcon.colcon_core.package_identification:_identify(src/microros/src/uros/rclc/rclc_parameter) by extensions ['ignore', 'ignore_ament_install']
[0.295s] Level 1:colcon.colcon_core.package_identification:_identify(src/microros/src/uros/rclc/rclc_parameter) by extension 'ignore'
[0.295s] Level 1:colcon.colcon_core.package_identification:_identify(src/microros/src/uros/rclc/rclc_parameter) by extension 'ignore_ament_install'
[0.295s] Level 1:colcon.colcon_core.package_identification:_identify(src/microros/src/uros/rclc/rclc_parameter) by extensions ['colcon_pkg']
[0.295s] Level 1:colcon.colcon_core.package_identification:_identify(src/microros/src/uros/rclc/rclc_parameter) by extension 'colcon_pkg'
[0.295s] Level 1:colcon.colcon_core.package_identification:_identify(src/microros/src/uros/rclc/rclc_parameter) by extensions ['colcon_meta']
[0.295s] Level 1:colcon.colcon_core.package_identification:_identify(src/microros/src/uros/rclc/rclc_parameter) by extension 'colcon_meta'
[0.295s] Level 1:colcon.colcon_core.package_identification:_identify(src/microros/src/uros/rclc/rclc_parameter) by extensions ['ros']
[0.295s] Level 1:colcon.colcon_core.package_identification:_identify(src/microros/src/uros/rclc/rclc_parameter) by extension 'ros'
[0.295s] DEBUG:colcon.colcon_core.package_identification:Package 'src/microros/src/uros/rclc/rclc_parameter' with type 'ros.ament_cmake' and name 'rclc_parameter'
[0.295s] Level 1:colcon.colcon_core.package_identification:_identify(src/microros/src/uros/rmw_microxrcedds) by extensions ['ignore', 'ignore_ament_install']
[0.295s] Level 1:colcon.colcon_core.package_identification:_identify(src/microros/src/uros/rmw_microxrcedds) by extension 'ignore'
[0.295s] Level 1:colcon.colcon_core.package_identification:_identify(src/microros/src/uros/rmw_microxrcedds) by extension 'ignore_ament_install'
[0.295s] Level 1:colcon.colcon_core.package_identification:_identify(src/microros/src/uros/rmw_microxrcedds) by extensions ['colcon_pkg']
[0.296s] Level 1:colcon.colcon_core.package_identification:_identify(src/microros/src/uros/rmw_microxrcedds) by extension 'colcon_pkg'
[0.296s] Level 1:colcon.colcon_core.package_identification:_identify(src/microros/src/uros/rmw_microxrcedds) by extensions ['colcon_meta']
[0.296s] Level 1:colcon.colcon_core.package_identification:_identify(src/microros/src/uros/rmw_microxrcedds) by extension 'colcon_meta'
[0.296s] Level 1:colcon.colcon_core.package_identification:_identify(src/microros/src/uros/rmw_microxrcedds) by extensions ['ros']
[0.296s] Level 1:colcon.colcon_core.package_identification:_identify(src/microros/src/uros/rmw_microxrcedds) by extension 'ros'
[0.296s] Level 1:colcon.colcon_core.package_identification:_identify(src/microros/src/uros/rmw_microxrcedds) by extensions ['cmake', 'python']
[0.296s] Level 1:colcon.colcon_core.package_identification:_identify(src/microros/src/uros/rmw_microxrcedds) by extension 'cmake'
[0.296s] Level 1:colcon.colcon_core.package_identification:_identify(src/microros/src/uros/rmw_microxrcedds) by extension 'python'
[0.296s] Level 1:colcon.colcon_core.package_identification:_identify(src/microros/src/uros/rmw_microxrcedds) by extensions ['python_setup_py']
[0.296s] Level 1:colcon.colcon_core.package_identification:_identify(src/microros/src/uros/rmw_microxrcedds) by extension 'python_setup_py'
[0.296s] Level 1:colcon.colcon_core.package_identification:_identify(src/microros/src/uros/rmw_microxrcedds/rmw_microxrcedds_c) by extensions ['ignore', 'ignore_ament_install']
[0.296s] Level 1:colcon.colcon_core.package_identification:_identify(src/microros/src/uros/rmw_microxrcedds/rmw_microxrcedds_c) by extension 'ignore'
[0.296s] Level 1:colcon.colcon_core.package_identification:_identify(src/microros/src/uros/rmw_microxrcedds/rmw_microxrcedds_c) by extension 'ignore_ament_install'
[0.296s] Level 1:colcon.colcon_core.package_identification:_identify(src/microros/src/uros/rmw_microxrcedds/rmw_microxrcedds_c) by extensions ['colcon_pkg']
[0.296s] Level 1:colcon.colcon_core.package_identification:_identify(src/microros/src/uros/rmw_microxrcedds/rmw_microxrcedds_c) by extension 'colcon_pkg'
[0.296s] Level 1:colcon.colcon_core.package_identification:_identify(src/microros/src/uros/rmw_microxrcedds/rmw_microxrcedds_c) by extensions ['colcon_meta']
[0.296s] Level 1:colcon.colcon_core.package_identification:_identify(src/microros/src/uros/rmw_microxrcedds/rmw_microxrcedds_c) by extension 'colcon_meta'
[0.296s] Level 1:colcon.colcon_core.package_identification:_identify(src/microros/src/uros/rmw_microxrcedds/rmw_microxrcedds_c) by extensions ['ros']
[0.296s] Level 1:colcon.colcon_core.package_identification:_identify(src/microros/src/uros/rmw_microxrcedds/rmw_microxrcedds_c) by extension 'ros'
[0.297s] DEBUG:colcon.colcon_core.package_identification:Package 'src/microros/src/uros/rmw_microxrcedds/rmw_microxrcedds_c' with type 'ros.ament_cmake' and name 'rmw_microxrcedds'
[0.297s] Level 1:colcon.colcon_core.package_identification:_identify(src/microros/src/uros/rosidl_typesupport_microxrcedds) by extensions ['ignore', 'ignore_ament_install']
[0.297s] Level 1:colcon.colcon_core.package_identification:_identify(src/microros/src/uros/rosidl_typesupport_microxrcedds) by extension 'ignore'
[0.297s] Level 1:colcon.colcon_core.package_identification:_identify(src/microros/src/uros/rosidl_typesupport_microxrcedds) by extension 'ignore_ament_install'
[0.297s] Level 1:colcon.colcon_core.package_identification:_identify(src/microros/src/uros/rosidl_typesupport_microxrcedds) by extensions ['colcon_pkg']
[0.297s] Level 1:colcon.colcon_core.package_identification:_identify(src/microros/src/uros/rosidl_typesupport_microxrcedds) by extension 'colcon_pkg'
[0.297s] Level 1:colcon.colcon_core.package_identification:_identify(src/microros/src/uros/rosidl_typesupport_microxrcedds) by extensions ['colcon_meta']
[0.297s] Level 1:colcon.colcon_core.package_identification:_identify(src/microros/src/uros/rosidl_typesupport_microxrcedds) by extension 'colcon_meta'
[0.297s] Level 1:colcon.colcon_core.package_identification:_identify(src/microros/src/uros/rosidl_typesupport_microxrcedds) by extensions ['ros']
[0.297s] Level 1:colcon.colcon_core.package_identification:_identify(src/microros/src/uros/rosidl_typesupport_microxrcedds) by extension 'ros'
[0.297s] Level 1:colcon.colcon_core.package_identification:_identify(src/microros/src/uros/rosidl_typesupport_microxrcedds) by extensions ['cmake', 'python']
[0.297s] Level 1:colcon.colcon_core.package_identification:_identify(src/microros/src/uros/rosidl_typesupport_microxrcedds) by extension 'cmake'
[0.297s] Level 1:colcon.colcon_core.package_identification:_identify(src/microros/src/uros/rosidl_typesupport_microxrcedds) by extension 'python'
[0.297s] Level 1:colcon.colcon_core.package_identification:_identify(src/microros/src/uros/rosidl_typesupport_microxrcedds) by extensions ['python_setup_py']
[0.297s] Level 1:colcon.colcon_core.package_identification:_identify(src/microros/src/uros/rosidl_typesupport_microxrcedds) by extension 'python_setup_py'
[0.297s] Level 1:colcon.colcon_core.package_identification:_identify(src/microros/src/uros/rosidl_typesupport_microxrcedds/rosidl_typesupport_microxrcedds_c) by extensions ['ignore', 'ignore_ament_install']
[0.297s] Level 1:colcon.colcon_core.package_identification:_identify(src/microros/src/uros/rosidl_typesupport_microxrcedds/rosidl_typesupport_microxrcedds_c) by extension 'ignore'
[0.297s] Level 1:colcon.colcon_core.package_identification:_identify(src/microros/src/uros/rosidl_typesupport_microxrcedds/rosidl_typesupport_microxrcedds_c) by extension 'ignore_ament_install'
[0.297s] Level 1:colcon.colcon_core.package_identification:_identify(src/microros/src/uros/rosidl_typesupport_microxrcedds/rosidl_typesupport_microxrcedds_c) by extensions ['colcon_pkg']
[0.297s] Level 1:colcon.colcon_core.package_identification:_identify(src/microros/src/uros/rosidl_typesupport_microxrcedds/rosidl_typesupport_microxrcedds_c) by extension 'colcon_pkg'
[0.297s] Level 1:colcon.colcon_core.package_identification:_identify(src/microros/src/uros/rosidl_typesupport_microxrcedds/rosidl_typesupport_microxrcedds_c) by extensions ['colcon_meta']
[0.297s] Level 1:colcon.colcon_core.package_identification:_identify(src/microros/src/uros/rosidl_typesupport_microxrcedds/rosidl_typesupport_microxrcedds_c) by extension 'colcon_meta'
[0.297s] Level 1:colcon.colcon_core.package_identification:_identify(src/microros/src/uros/rosidl_typesupport_microxrcedds/rosidl_typesupport_microxrcedds_c) by extensions ['ros']
[0.297s] Level 1:colcon.colcon_core.package_identification:_identify(src/microros/src/uros/rosidl_typesupport_microxrcedds/rosidl_typesupport_microxrcedds_c) by extension 'ros'
[0.298s] DEBUG:colcon.colcon_core.package_identification:Package 'src/microros/src/uros/rosidl_typesupport_microxrcedds/rosidl_typesupport_microxrcedds_c' with type 'ros.ament_cmake' and name 'rosidl_typesupport_microxrcedds_c'
[0.298s] Level 1:colcon.colcon_core.package_identification:_identify(src/microros/src/uros/rosidl_typesupport_microxrcedds/rosidl_typesupport_microxrcedds_cpp) by extensions ['ignore', 'ignore_ament_install']
[0.298s] Level 1:colcon.colcon_core.package_identification:_identify(src/microros/src/uros/rosidl_typesupport_microxrcedds/rosidl_typesupport_microxrcedds_cpp) by extension 'ignore'
[0.298s] Level 1:colcon.colcon_core.package_identification:_identify(src/microros/src/uros/rosidl_typesupport_microxrcedds/rosidl_typesupport_microxrcedds_cpp) by extension 'ignore_ament_install'
[0.298s] Level 1:colcon.colcon_core.package_identification:_identify(src/microros/src/uros/rosidl_typesupport_microxrcedds/rosidl_typesupport_microxrcedds_cpp) by extensions ['colcon_pkg']
[0.298s] Level 1:colcon.colcon_core.package_identification:_identify(src/microros/src/uros/rosidl_typesupport_microxrcedds/rosidl_typesupport_microxrcedds_cpp) by extension 'colcon_pkg'
[0.298s] Level 1:colcon.colcon_core.package_identification:_identify(src/microros/src/uros/rosidl_typesupport_microxrcedds/rosidl_typesupport_microxrcedds_cpp) by extensions ['colcon_meta']
[0.298s] Level 1:colcon.colcon_core.package_identification:_identify(src/microros/src/uros/rosidl_typesupport_microxrcedds/rosidl_typesupport_microxrcedds_cpp) by extension 'colcon_meta'
[0.298s] Level 1:colcon.colcon_core.package_identification:_identify(src/microros/src/uros/rosidl_typesupport_microxrcedds/rosidl_typesupport_microxrcedds_cpp) by extensions ['ros']
[0.298s] Level 1:colcon.colcon_core.package_identification:_identify(src/microros/src/uros/rosidl_typesupport_microxrcedds/rosidl_typesupport_microxrcedds_cpp) by extension 'ros'
[0.298s] DEBUG:colcon.colcon_core.package_identification:Package 'src/microros/src/uros/rosidl_typesupport_microxrcedds/rosidl_typesupport_microxrcedds_cpp' with type 'ros.ament_cmake' and name 'rosidl_typesupport_microxrcedds_cpp'
[0.299s] Level 1:colcon.colcon_core.package_identification:_identify(src/microros/src/uros/rosidl_typesupport_microxrcedds/test) by extensions ['ignore', 'ignore_ament_install']
[0.299s] Level 1:colcon.colcon_core.package_identification:_identify(src/microros/src/uros/rosidl_typesupport_microxrcedds/test) by extension 'ignore'
[0.299s] Level 1:colcon.colcon_core.package_identification:_identify(src/microros/src/uros/rosidl_typesupport_microxrcedds/test) by extension 'ignore_ament_install'
[0.299s] Level 1:colcon.colcon_core.package_identification:_identify(src/microros/src/uros/rosidl_typesupport_microxrcedds/test) by extensions ['colcon_pkg']
[0.299s] Level 1:colcon.colcon_core.package_identification:_identify(src/microros/src/uros/rosidl_typesupport_microxrcedds/test) by extension 'colcon_pkg'
[0.299s] Level 1:colcon.colcon_core.package_identification:_identify(src/microros/src/uros/rosidl_typesupport_microxrcedds/test) by extensions ['colcon_meta']
[0.299s] Level 1:colcon.colcon_core.package_identification:_identify(src/microros/src/uros/rosidl_typesupport_microxrcedds/test) by extension 'colcon_meta'
[0.299s] Level 1:colcon.colcon_core.package_identification:_identify(src/microros/src/uros/rosidl_typesupport_microxrcedds/test) by extensions ['ros']
[0.299s] Level 1:colcon.colcon_core.package_identification:_identify(src/microros/src/uros/rosidl_typesupport_microxrcedds/test) by extension 'ros'
[0.299s] Level 1:colcon.colcon_core.package_identification:_identify(src/microros/src/uros/rosidl_typesupport_microxrcedds/test) by extensions ['cmake', 'python']
[0.299s] Level 1:colcon.colcon_core.package_identification:_identify(src/microros/src/uros/rosidl_typesupport_microxrcedds/test) by extension 'cmake'
[0.299s] Level 1:colcon.colcon_core.package_identification:_identify(src/microros/src/uros/rosidl_typesupport_microxrcedds/test) by extension 'python'
[0.299s] Level 1:colcon.colcon_core.package_identification:_identify(src/microros/src/uros/rosidl_typesupport_microxrcedds/test) by extensions ['python_setup_py']
[0.299s] Level 1:colcon.colcon_core.package_identification:_identify(src/microros/src/uros/rosidl_typesupport_microxrcedds/test) by extension 'python_setup_py'
[0.299s] Level 1:colcon.colcon_core.package_identification:_identify(src/microros/src/uros/rosidl_typesupport_microxrcedds/test/c) by extensions ['ignore', 'ignore_ament_install']
[0.299s] Level 1:colcon.colcon_core.package_identification:_identify(src/microros/src/uros/rosidl_typesupport_microxrcedds/test/c) by extension 'ignore'
[0.299s] Level 1:colcon.colcon_core.package_identification:_identify(src/microros/src/uros/rosidl_typesupport_microxrcedds/test/c) by extension 'ignore_ament_install'
[0.299s] Level 1:colcon.colcon_core.package_identification:_identify(src/microros/src/uros/rosidl_typesupport_microxrcedds/test/c) by extensions ['colcon_pkg']
[0.299s] Level 1:colcon.colcon_core.package_identification:_identify(src/microros/src/uros/rosidl_typesupport_microxrcedds/test/c) by extension 'colcon_pkg'
[0.299s] Level 1:colcon.colcon_core.package_identification:_identify(src/microros/src/uros/rosidl_typesupport_microxrcedds/test/c) by extensions ['colcon_meta']
[0.299s] Level 1:colcon.colcon_core.package_identification:_identify(src/microros/src/uros/rosidl_typesupport_microxrcedds/test/c) by extension 'colcon_meta'
[0.299s] Level 1:colcon.colcon_core.package_identification:_identify(src/microros/src/uros/rosidl_typesupport_microxrcedds/test/c) by extensions ['ros']
[0.299s] Level 1:colcon.colcon_core.package_identification:_identify(src/microros/src/uros/rosidl_typesupport_microxrcedds/test/c) by extension 'ros'
[0.299s] DEBUG:colcon.colcon_core.package_identification:Package 'src/microros/src/uros/rosidl_typesupport_microxrcedds/test/c' with type 'ros.ament_cmake' and name 'rosidl_typesupport_microxrcedds_c_tests'
[0.300s] Level 1:colcon.colcon_core.package_identification:_identify(src/microros/src/uros/rosidl_typesupport_microxrcedds/test/cpp) by extensions ['ignore', 'ignore_ament_install']
[0.300s] Level 1:colcon.colcon_core.package_identification:_identify(src/microros/src/uros/rosidl_typesupport_microxrcedds/test/cpp) by extension 'ignore'
[0.300s] Level 1:colcon.colcon_core.package_identification:_identify(src/microros/src/uros/rosidl_typesupport_microxrcedds/test/cpp) by extension 'ignore_ament_install'
[0.300s] Level 1:colcon.colcon_core.package_identification:_identify(src/microros/src/uros/rosidl_typesupport_microxrcedds/test/cpp) by extensions ['colcon_pkg']
[0.300s] Level 1:colcon.colcon_core.package_identification:_identify(src/microros/src/uros/rosidl_typesupport_microxrcedds/test/cpp) by extension 'colcon_pkg'
[0.300s] Level 1:colcon.colcon_core.package_identification:_identify(src/microros/src/uros/rosidl_typesupport_microxrcedds/test/cpp) by extensions ['colcon_meta']
[0.300s] Level 1:colcon.colcon_core.package_identification:_identify(src/microros/src/uros/rosidl_typesupport_microxrcedds/test/cpp) by extension 'colcon_meta'
[0.300s] Level 1:colcon.colcon_core.package_identification:_identify(src/microros/src/uros/rosidl_typesupport_microxrcedds/test/cpp) by extensions ['ros']
[0.300s] Level 1:colcon.colcon_core.package_identification:_identify(src/microros/src/uros/rosidl_typesupport_microxrcedds/test/cpp) by extension 'ros'
[0.300s] DEBUG:colcon.colcon_core.package_identification:Package 'src/microros/src/uros/rosidl_typesupport_microxrcedds/test/cpp' with type 'ros.ament_cmake' and name 'rosidl_typesupport_microxrcedds_cpp_tests'
[0.300s] Level 1:colcon.colcon_core.package_identification:_identify(src/microros/src/uros/rosidl_typesupport_microxrcedds/test/msg) by extensions ['ignore', 'ignore_ament_install']
[0.300s] Level 1:colcon.colcon_core.package_identification:_identify(src/microros/src/uros/rosidl_typesupport_microxrcedds/test/msg) by extension 'ignore'
[0.300s] Level 1:colcon.colcon_core.package_identification:_identify(src/microros/src/uros/rosidl_typesupport_microxrcedds/test/msg) by extension 'ignore_ament_install'
[0.300s] Level 1:colcon.colcon_core.package_identification:_identify(src/microros/src/uros/rosidl_typesupport_microxrcedds/test/msg) by extensions ['colcon_pkg']
[0.300s] Level 1:colcon.colcon_core.package_identification:_identify(src/microros/src/uros/rosidl_typesupport_microxrcedds/test/msg) by extension 'colcon_pkg'
[0.300s] Level 1:colcon.colcon_core.package_identification:_identify(src/microros/src/uros/rosidl_typesupport_microxrcedds/test/msg) by extensions ['colcon_meta']
[0.300s] Level 1:colcon.colcon_core.package_identification:_identify(src/microros/src/uros/rosidl_typesupport_microxrcedds/test/msg) by extension 'colcon_meta'
[0.300s] Level 1:colcon.colcon_core.package_identification:_identify(src/microros/src/uros/rosidl_typesupport_microxrcedds/test/msg) by extensions ['ros']
[0.300s] Level 1:colcon.colcon_core.package_identification:_identify(src/microros/src/uros/rosidl_typesupport_microxrcedds/test/msg) by extension 'ros'
[0.301s] DEBUG:colcon.colcon_core.package_identification:Package 'src/microros/src/uros/rosidl_typesupport_microxrcedds/test/msg' with type 'ros.ament_cmake' and name 'rosidl_typesupport_microxrcedds_test_msg'
[0.301s] Level 1:colcon.colcon_core.package_discovery:discover_packages(recursive) using defaults
[0.301s] Level 1:colcon.colcon_core.package_discovery:discover_packages(ignore) discover
[0.301s] Level 1:colcon.colcon_core.package_discovery:discover_packages(ignore) using defaults
[0.301s] Level 1:colcon.colcon_core.package_discovery:discover_packages(path) discover
[0.301s] Level 1:colcon.colcon_core.package_discovery:discover_packages(path) using defaults
[0.315s] INFO:colcon.colcon_metadata.metadata.colcon_pkg:Updating descriptor of package 'src/microros/src/eProsima/Micro-CDR' from colcon.pkg: {'name': 'microcdr', 'type': 'cmake', 'cmake-args': ['-DUCDR_ISOLATED_INSTALL=OFF']}
[0.315s] INFO:colcon.colcon_metadata.metadata.colcon_pkg:Updating descriptor of package 'src/microros/src/eProsima/Micro-XRCE-DDS-Client' from colcon.pkg: {'name': 'microxrcedds_client', 'type': 'cmake', 'dependencies': ['microcdr'], 'cmake-args': ['-DUCLIENT_ISOLATED_INSTALL=OFF', '-DUCLIENT_SUPERBUILD=OFF']}
[0.322s] Level 1:colcon.colcon_core.package_discovery:discover_packages(prefix_path) check parameters
[0.322s] Level 1:colcon.colcon_core.package_discovery:discover_packages(prefix_path) discover
[0.324s] DEBUG:colcon.colcon_installed_package_information.package_discovery:Found 40 installed packages in /root/ros_ws/src/Rescue_Car_ws/install
[0.325s] DEBUG:colcon.colcon_installed_package_information.package_discovery:Found 339 installed packages in /opt/ros/humble
[0.326s] Level 1:colcon.colcon_core.package_discovery:discover_packages(prefix_path) using defaults
[0.349s] WARNING:colcon.colcon_core.package_selection:Some selected packages are already built in one or more underlay workspaces:
	'geometry_msgs' is in: /root/ros_ws/src/Rescue_Car_ws/install/geometry_msgs, /opt/ros/humble
	'sensor_msgs_py' is in: /root/ros_ws/src/Rescue_Car_ws/install/sensor_msgs_py, /opt/ros/humble
	'nav_msgs' is in: /root/ros_ws/src/Rescue_Car_ws/install/nav_msgs, /opt/ros/humble
	'rcl_interfaces' is in: /root/ros_ws/src/Rescue_Car_ws/install/rcl_interfaces, /opt/ros/humble
	'visualization_msgs' is in: /root/ros_ws/src/Rescue_Car_ws/install/visualization_msgs, /opt/ros/humble
	'example_interfaces' is in: /root/ros_ws/src/Rescue_Car_ws/install/example_interfaces, /opt/ros/humble
	'sensor_msgs' is in: /root/ros_ws/src/Rescue_Car_ws/install/sensor_msgs, /opt/ros/humble
	'unique_identifier_msgs' is in: /opt/ros/humble, /root/ros_ws/src/Rescue_Car_ws/install/unique_identifier_msgs
	'builtin_interfaces' is in: /root/ros_ws/src/Rescue_Car_ws/install/builtin_interfaces, /opt/ros/humble
	'test_msgs' is in: /root/ros_ws/src/Rescue_Car_ws/install/test_msgs
	'composition_interfaces' is in: /root/ros_ws/src/Rescue_Car_ws/install/composition_interfaces, /opt/ros/humble
	'rosgraph_msgs' is in: /root/ros_ws/src/Rescue_Car_ws/install/rosgraph_msgs, /opt/ros/humble
	'common_interfaces' is in: /root/ros_ws/src/Rescue_Car_ws/install/common_interfaces, /opt/ros/humble
	'std_srvs' is in: /root/ros_ws/src/Rescue_Car_ws/install/std_srvs, /opt/ros/humble
	'diagnostic_msgs' is in: /root/ros_ws/src/Rescue_Car_ws/install/diagnostic_msgs, /opt/ros/humble
	'std_msgs' is in: /root/ros_ws/src/Rescue_Car_ws/install/std_msgs, /opt/ros/humble
	'lifecycle_msgs' is in: /root/ros_ws/src/Rescue_Car_ws/install/lifecycle_msgs, /opt/ros/humble
	'statistics_msgs' is in: /root/ros_ws/src/Rescue_Car_ws/install/statistics_msgs, /opt/ros/humble
	'trajectory_msgs' is in: /root/ros_ws/src/Rescue_Car_ws/install/trajectory_msgs, /opt/ros/humble
	'action_msgs' is in: /root/ros_ws/src/Rescue_Car_ws/install/action_msgs, /opt/ros/humble
If a package in a merged underlay workspace is overridden and it installs headers, then all packages in the overlay must sort their include directories by workspace order. Failure to do so may result in build failures or undefined behavior at run time.
If the overridden package is used by another package in any underlay, then the overriding package in the overlay must be API and ABI compatible or undefined behavior at run time may occur.

If you understand the risks and want to override a package anyways, add the following to the command line:
	--allow-overriding action_msgs builtin_interfaces common_interfaces composition_interfaces diagnostic_msgs example_interfaces geometry_msgs lifecycle_msgs nav_msgs rcl_interfaces rosgraph_msgs sensor_msgs sensor_msgs_py statistics_msgs std_msgs std_srvs test_msgs trajectory_msgs unique_identifier_msgs visualization_msgs

This may be promoted to an error in a future release of colcon-override-check.
[0.350s] Level 5:colcon.colcon_core.verb:set package 'builtin_interfaces' build argument 'cmake_args' from command line to 'None'
[0.350s] Level 5:colcon.colcon_core.verb:set package 'builtin_interfaces' build argument 'cmake_target' from command line to 'None'
[0.350s] Level 5:colcon.colcon_core.verb:set package 'builtin_interfaces' build argument 'cmake_target_skip_unavailable' from command line to 'False'
[0.350s] Level 5:colcon.colcon_core.verb:set package 'builtin_interfaces' build argument 'cmake_clean_cache' from command line to 'False'
[0.350s] Level 5:colcon.colcon_core.verb:set package 'builtin_interfaces' build argument 'cmake_clean_first' from command line to 'False'
[0.350s] Level 5:colcon.colcon_core.verb:set package 'builtin_interfaces' build argument 'cmake_force_configure' from command line to 'False'
[0.350s] Level 5:colcon.colcon_core.verb:set package 'builtin_interfaces' build argument 'ament_cmake_args' from command line to 'None'
[0.350s] Level 5:colcon.colcon_core.verb:set package 'builtin_interfaces' build argument 'catkin_cmake_args' from command line to 'None'
[0.350s] Level 5:colcon.colcon_core.verb:set package 'builtin_interfaces' build argument 'catkin_skip_building_tests' from command line to 'False'
[0.350s] DEBUG:colcon.colcon_core.verb:Building package 'builtin_interfaces' with the following arguments: {'ament_cmake_args': None, 'build_base': '/root/ros_ws/src/Rescue_Car_ws/build/builtin_interfaces', 'catkin_cmake_args': None, 'catkin_skip_building_tests': False, 'cmake_args': None, 'cmake_clean_cache': False, 'cmake_clean_first': False, 'cmake_force_configure': False, 'cmake_target': None, 'cmake_target_skip_unavailable': False, 'install_base': '/root/ros_ws/src/Rescue_Car_ws/install/builtin_interfaces', 'merge_install': False, 'path': '/root/ros_ws/src/Rescue_Car_ws/src/microros/src/ros2/rcl_interfaces/builtin_interfaces', 'symlink_install': False, 'test_result_base': None}
[0.350s] Level 5:colcon.colcon_core.verb:set package 'car' build argument 'cmake_args' from command line to 'None'
[0.350s] Level 5:colcon.colcon_core.verb:set package 'car' build argument 'cmake_target' from command line to 'None'
[0.350s] Level 5:colcon.colcon_core.verb:set package 'car' build argument 'cmake_target_skip_unavailable' from command line to 'False'
[0.350s] Level 5:colcon.colcon_core.verb:set package 'car' build argument 'cmake_clean_cache' from command line to 'False'
[0.351s] Level 5:colcon.colcon_core.verb:set package 'car' build argument 'cmake_clean_first' from command line to 'False'
[0.351s] Level 5:colcon.colcon_core.verb:set package 'car' build argument 'cmake_force_configure' from command line to 'False'
[0.351s] Level 5:colcon.colcon_core.verb:set package 'car' build argument 'ament_cmake_args' from command line to 'None'
[0.351s] Level 5:colcon.colcon_core.verb:set package 'car' build argument 'catkin_cmake_args' from command line to 'None'
[0.351s] Level 5:colcon.colcon_core.verb:set package 'car' build argument 'catkin_skip_building_tests' from command line to 'False'
[0.351s] DEBUG:colcon.colcon_core.verb:Building package 'car' with the following arguments: {'ament_cmake_args': None, 'build_base': '/root/ros_ws/src/Rescue_Car_ws/build/car', 'catkin_cmake_args': None, 'catkin_skip_building_tests': False, 'cmake_args': None, 'cmake_clean_cache': False, 'cmake_clean_first': False, 'cmake_force_configure': False, 'cmake_target': None, 'cmake_target_skip_unavailable': False, 'install_base': '/root/ros_ws/src/Rescue_Car_ws/install/car', 'merge_install': False, 'path': '/root/ros_ws/src/Rescue_Car_ws/src/car', 'symlink_install': False, 'test_result_base': None}
[0.351s] Level 5:colcon.colcon_core.verb:set package 'lifecycle_msgs' build argument 'cmake_args' from command line to 'None'
[0.351s] Level 5:colcon.colcon_core.verb:set package 'lifecycle_msgs' build argument 'cmake_target' from command line to 'None'
[0.351s] Level 5:colcon.colcon_core.verb:set package 'lifecycle_msgs' build argument 'cmake_target_skip_unavailable' from command line to 'False'
[0.351s] Level 5:colcon.colcon_core.verb:set package 'lifecycle_msgs' build argument 'cmake_clean_cache' from command line to 'False'
[0.351s] Level 5:colcon.colcon_core.verb:set package 'lifecycle_msgs' build argument 'cmake_clean_first' from command line to 'False'
[0.351s] Level 5:colcon.colcon_core.verb:set package 'lifecycle_msgs' build argument 'cmake_force_configure' from command line to 'False'
[0.351s] Level 5:colcon.colcon_core.verb:set package 'lifecycle_msgs' build argument 'ament_cmake_args' from command line to 'None'
[0.351s] Level 5:colcon.colcon_core.verb:set package 'lifecycle_msgs' build argument 'catkin_cmake_args' from command line to 'None'
[0.351s] Level 5:colcon.colcon_core.verb:set package 'lifecycle_msgs' build argument 'catkin_skip_building_tests' from command line to 'False'
[0.351s] DEBUG:colcon.colcon_core.verb:Building package 'lifecycle_msgs' with the following arguments: {'ament_cmake_args': None, 'build_base': '/root/ros_ws/src/Rescue_Car_ws/build/lifecycle_msgs', 'catkin_cmake_args': None, 'catkin_skip_building_tests': False, 'cmake_args': None, 'cmake_clean_cache': False, 'cmake_clean_first': False, 'cmake_force_configure': False, 'cmake_target': None, 'cmake_target_skip_unavailable': False, 'install_base': '/root/ros_ws/src/Rescue_Car_ws/install/lifecycle_msgs', 'merge_install': False, 'path': '/root/ros_ws/src/Rescue_Car_ws/src/microros/src/ros2/rcl_interfaces/lifecycle_msgs', 'symlink_install': False, 'test_result_base': None}
[0.351s] Level 5:colcon.colcon_core.verb:set package 'micro_ros_msgs' build argument 'cmake_args' from command line to 'None'
[0.351s] Level 5:colcon.colcon_core.verb:set package 'micro_ros_msgs' build argument 'cmake_target' from command line to 'None'
[0.351s] Level 5:colcon.colcon_core.verb:set package 'micro_ros_msgs' build argument 'cmake_target_skip_unavailable' from command line to 'False'
[0.351s] Level 5:colcon.colcon_core.verb:set package 'micro_ros_msgs' build argument 'cmake_clean_cache' from command line to 'False'
[0.351s] Level 5:colcon.colcon_core.verb:set package 'micro_ros_msgs' build argument 'cmake_clean_first' from command line to 'False'
[0.351s] Level 5:colcon.colcon_core.verb:set package 'micro_ros_msgs' build argument 'cmake_force_configure' from command line to 'False'
[0.351s] Level 5:colcon.colcon_core.verb:set package 'micro_ros_msgs' build argument 'ament_cmake_args' from command line to 'None'
[0.351s] Level 5:colcon.colcon_core.verb:set package 'micro_ros_msgs' build argument 'catkin_cmake_args' from command line to 'None'
[0.351s] Level 5:colcon.colcon_core.verb:set package 'micro_ros_msgs' build argument 'catkin_skip_building_tests' from command line to 'False'
[0.351s] DEBUG:colcon.colcon_core.verb:Building package 'micro_ros_msgs' with the following arguments: {'ament_cmake_args': None, 'build_base': '/root/ros_ws/src/Rescue_Car_ws/build/micro_ros_msgs', 'catkin_cmake_args': None, 'catkin_skip_building_tests': False, 'cmake_args': None, 'cmake_clean_cache': False, 'cmake_clean_first': False, 'cmake_force_configure': False, 'cmake_target': None, 'cmake_target_skip_unavailable': False, 'install_base': '/root/ros_ws/src/Rescue_Car_ws/install/micro_ros_msgs', 'merge_install': False, 'path': '/root/ros_ws/src/Rescue_Car_ws/src/microros/src/uros/micro_ros_msgs', 'symlink_install': False, 'test_result_base': None}
[0.351s] Level 5:colcon.colcon_core.verb:set package 'micro_ros_setup' build argument 'cmake_args' from command line to 'None'
[0.351s] Level 5:colcon.colcon_core.verb:set package 'micro_ros_setup' build argument 'cmake_target' from command line to 'None'
[0.351s] Level 5:colcon.colcon_core.verb:set package 'micro_ros_setup' build argument 'cmake_target_skip_unavailable' from command line to 'False'
[0.351s] Level 5:colcon.colcon_core.verb:set package 'micro_ros_setup' build argument 'cmake_clean_cache' from command line to 'False'
[0.351s] Level 5:colcon.colcon_core.verb:set package 'micro_ros_setup' build argument 'cmake_clean_first' from command line to 'False'
[0.351s] Level 5:colcon.colcon_core.verb:set package 'micro_ros_setup' build argument 'cmake_force_configure' from command line to 'False'
[0.351s] Level 5:colcon.colcon_core.verb:set package 'micro_ros_setup' build argument 'ament_cmake_args' from command line to 'None'
[0.351s] Level 5:colcon.colcon_core.verb:set package 'micro_ros_setup' build argument 'catkin_cmake_args' from command line to 'None'
[0.351s] Level 5:colcon.colcon_core.verb:set package 'micro_ros_setup' build argument 'catkin_skip_building_tests' from command line to 'False'
[0.352s] DEBUG:colcon.colcon_core.verb:Building package 'micro_ros_setup' with the following arguments: {'ament_cmake_args': None, 'build_base': '/root/ros_ws/src/Rescue_Car_ws/build/micro_ros_setup', 'catkin_cmake_args': None, 'catkin_skip_building_tests': False, 'cmake_args': None, 'cmake_clean_cache': False, 'cmake_clean_first': False, 'cmake_force_configure': False, 'cmake_target': None, 'cmake_target_skip_unavailable': False, 'install_base': '/root/ros_ws/src/Rescue_Car_ws/install/micro_ros_setup', 'merge_install': False, 'path': '/root/ros_ws/src/Rescue_Car_ws/src/microros/src/micro_ros_setup', 'symlink_install': False, 'test_result_base': None}
[0.352s] Level 5:colcon.colcon_core.verb:set package 'micro_ros_utilities' build argument 'cmake_args' from command line to 'None'
[0.352s] Level 5:colcon.colcon_core.verb:set package 'micro_ros_utilities' build argument 'cmake_target' from command line to 'None'
[0.352s] Level 5:colcon.colcon_core.verb:set package 'micro_ros_utilities' build argument 'cmake_target_skip_unavailable' from command line to 'False'
[0.352s] Level 5:colcon.colcon_core.verb:set package 'micro_ros_utilities' build argument 'cmake_clean_cache' from command line to 'False'
[0.352s] Level 5:colcon.colcon_core.verb:set package 'micro_ros_utilities' build argument 'cmake_clean_first' from command line to 'False'
[0.352s] Level 5:colcon.colcon_core.verb:set package 'micro_ros_utilities' build argument 'cmake_force_configure' from command line to 'False'
[0.352s] Level 5:colcon.colcon_core.verb:set package 'micro_ros_utilities' build argument 'ament_cmake_args' from command line to 'None'
[0.352s] Level 5:colcon.colcon_core.verb:set package 'micro_ros_utilities' build argument 'catkin_cmake_args' from command line to 'None'
[0.352s] Level 5:colcon.colcon_core.verb:set package 'micro_ros_utilities' build argument 'catkin_skip_building_tests' from command line to 'False'
[0.352s] DEBUG:colcon.colcon_core.verb:Building package 'micro_ros_utilities' with the following arguments: {'ament_cmake_args': None, 'build_base': '/root/ros_ws/src/Rescue_Car_ws/build/micro_ros_utilities', 'catkin_cmake_args': None, 'catkin_skip_building_tests': False, 'cmake_args': None, 'cmake_clean_cache': False, 'cmake_clean_first': False, 'cmake_force_configure': False, 'cmake_target': None, 'cmake_target_skip_unavailable': False, 'install_base': '/root/ros_ws/src/Rescue_Car_ws/install/micro_ros_utilities', 'merge_install': False, 'path': '/root/ros_ws/src/Rescue_Car_ws/src/microros/src/uros/micro_ros_utilities', 'symlink_install': False, 'test_result_base': None}
[0.352s] Level 5:colcon.colcon_core.verb:set package 'microcdr' build argument 'cmake_args' from command line to 'None'
[0.352s] Level 5:colcon.colcon_core.verb:overwrite package 'microcdr' build argument 'cmake_args' from package metadata with '['-DUCDR_ISOLATED_INSTALL=OFF']' (before: 'None')
[0.352s] Level 5:colcon.colcon_core.verb:set package 'microcdr' build argument 'cmake_target' from command line to 'None'
[0.352s] Level 5:colcon.colcon_core.verb:set package 'microcdr' build argument 'cmake_target_skip_unavailable' from command line to 'False'
[0.352s] Level 5:colcon.colcon_core.verb:set package 'microcdr' build argument 'cmake_clean_cache' from command line to 'False'
[0.352s] Level 5:colcon.colcon_core.verb:set package 'microcdr' build argument 'cmake_clean_first' from command line to 'False'
[0.352s] Level 5:colcon.colcon_core.verb:set package 'microcdr' build argument 'cmake_force_configure' from command line to 'False'
[0.352s] Level 5:colcon.colcon_core.verb:set package 'microcdr' build argument 'ament_cmake_args' from command line to 'None'
[0.352s] Level 5:colcon.colcon_core.verb:set package 'microcdr' build argument 'catkin_cmake_args' from command line to 'None'
[0.352s] Level 5:colcon.colcon_core.verb:set package 'microcdr' build argument 'catkin_skip_building_tests' from command line to 'False'
[0.352s] DEBUG:colcon.colcon_core.verb:Building package 'microcdr' with the following arguments: {'ament_cmake_args': None, 'build_base': '/root/ros_ws/src/Rescue_Car_ws/build/microcdr', 'catkin_cmake_args': None, 'catkin_skip_building_tests': False, 'cmake_args': ['-DUCDR_ISOLATED_INSTALL=OFF'], 'cmake_clean_cache': False, 'cmake_clean_first': False, 'cmake_force_configure': False, 'cmake_target': None, 'cmake_target_skip_unavailable': False, 'install_base': '/root/ros_ws/src/Rescue_Car_ws/install/microcdr', 'merge_install': False, 'path': '/root/ros_ws/src/Rescue_Car_ws/src/microros/src/eProsima/Micro-CDR', 'symlink_install': False, 'test_result_base': None}
[0.352s] Level 5:colcon.colcon_core.verb:set package 'std_srvs' build argument 'cmake_args' from command line to 'None'
[0.352s] Level 5:colcon.colcon_core.verb:set package 'std_srvs' build argument 'cmake_target' from command line to 'None'
[0.352s] Level 5:colcon.colcon_core.verb:set package 'std_srvs' build argument 'cmake_target_skip_unavailable' from command line to 'False'
[0.352s] Level 5:colcon.colcon_core.verb:set package 'std_srvs' build argument 'cmake_clean_cache' from command line to 'False'
[0.352s] Level 5:colcon.colcon_core.verb:set package 'std_srvs' build argument 'cmake_clean_first' from command line to 'False'
[0.352s] Level 5:colcon.colcon_core.verb:set package 'std_srvs' build argument 'cmake_force_configure' from command line to 'False'
[0.352s] Level 5:colcon.colcon_core.verb:set package 'std_srvs' build argument 'ament_cmake_args' from command line to 'None'
[0.352s] Level 5:colcon.colcon_core.verb:set package 'std_srvs' build argument 'catkin_cmake_args' from command line to 'None'
[0.353s] Level 5:colcon.colcon_core.verb:set package 'std_srvs' build argument 'catkin_skip_building_tests' from command line to 'False'
[0.353s] DEBUG:colcon.colcon_core.verb:Building package 'std_srvs' with the following arguments: {'ament_cmake_args': None, 'build_base': '/root/ros_ws/src/Rescue_Car_ws/build/std_srvs', 'catkin_cmake_args': None, 'catkin_skip_building_tests': False, 'cmake_args': None, 'cmake_clean_cache': False, 'cmake_clean_first': False, 'cmake_force_configure': False, 'cmake_target': None, 'cmake_target_skip_unavailable': False, 'install_base': '/root/ros_ws/src/Rescue_Car_ws/install/std_srvs', 'merge_install': False, 'path': '/root/ros_ws/src/Rescue_Car_ws/src/microros/src/ros2/common_interfaces/std_srvs', 'symlink_install': False, 'test_result_base': None}
[0.353s] Level 5:colcon.colcon_core.verb:set package 'unique_identifier_msgs' build argument 'cmake_args' from command line to 'None'
[0.353s] Level 5:colcon.colcon_core.verb:set package 'unique_identifier_msgs' build argument 'cmake_target' from command line to 'None'
[0.353s] Level 5:colcon.colcon_core.verb:set package 'unique_identifier_msgs' build argument 'cmake_target_skip_unavailable' from command line to 'False'
[0.353s] Level 5:colcon.colcon_core.verb:set package 'unique_identifier_msgs' build argument 'cmake_clean_cache' from command line to 'False'
[0.353s] Level 5:colcon.colcon_core.verb:set package 'unique_identifier_msgs' build argument 'cmake_clean_first' from command line to 'False'
[0.353s] Level 5:colcon.colcon_core.verb:set package 'unique_identifier_msgs' build argument 'cmake_force_configure' from command line to 'False'
[0.353s] Level 5:colcon.colcon_core.verb:set package 'unique_identifier_msgs' build argument 'ament_cmake_args' from command line to 'None'
[0.353s] Level 5:colcon.colcon_core.verb:set package 'unique_identifier_msgs' build argument 'catkin_cmake_args' from command line to 'None'
[0.353s] Level 5:colcon.colcon_core.verb:set package 'unique_identifier_msgs' build argument 'catkin_skip_building_tests' from command line to 'False'
[0.353s] DEBUG:colcon.colcon_core.verb:Building package 'unique_identifier_msgs' with the following arguments: {'ament_cmake_args': None, 'build_base': '/root/ros_ws/src/Rescue_Car_ws/build/unique_identifier_msgs', 'catkin_cmake_args': None, 'catkin_skip_building_tests': False, 'cmake_args': None, 'cmake_clean_cache': False, 'cmake_clean_first': False, 'cmake_force_configure': False, 'cmake_target': None, 'cmake_target_skip_unavailable': False, 'install_base': '/root/ros_ws/src/Rescue_Car_ws/install/unique_identifier_msgs', 'merge_install': False, 'path': '/root/ros_ws/src/Rescue_Car_ws/src/microros/src/ros2/unique_identifier_msgs', 'symlink_install': False, 'test_result_base': None}
[0.353s] Level 5:colcon.colcon_core.verb:set package 'action_msgs' build argument 'cmake_args' from command line to 'None'
[0.353s] Level 5:colcon.colcon_core.verb:set package 'action_msgs' build argument 'cmake_target' from command line to 'None'
[0.353s] Level 5:colcon.colcon_core.verb:set package 'action_msgs' build argument 'cmake_target_skip_unavailable' from command line to 'False'
[0.353s] Level 5:colcon.colcon_core.verb:set package 'action_msgs' build argument 'cmake_clean_cache' from command line to 'False'
[0.353s] Level 5:colcon.colcon_core.verb:set package 'action_msgs' build argument 'cmake_clean_first' from command line to 'False'
[0.353s] Level 5:colcon.colcon_core.verb:set package 'action_msgs' build argument 'cmake_force_configure' from command line to 'False'
[0.353s] Level 5:colcon.colcon_core.verb:set package 'action_msgs' build argument 'ament_cmake_args' from command line to 'None'
[0.353s] Level 5:colcon.colcon_core.verb:set package 'action_msgs' build argument 'catkin_cmake_args' from command line to 'None'
[0.353s] Level 5:colcon.colcon_core.verb:set package 'action_msgs' build argument 'catkin_skip_building_tests' from command line to 'False'
[0.353s] DEBUG:colcon.colcon_core.verb:Building package 'action_msgs' with the following arguments: {'ament_cmake_args': None, 'build_base': '/root/ros_ws/src/Rescue_Car_ws/build/action_msgs', 'catkin_cmake_args': None, 'catkin_skip_building_tests': False, 'cmake_args': None, 'cmake_clean_cache': False, 'cmake_clean_first': False, 'cmake_force_configure': False, 'cmake_target': None, 'cmake_target_skip_unavailable': False, 'install_base': '/root/ros_ws/src/Rescue_Car_ws/install/action_msgs', 'merge_install': False, 'path': '/root/ros_ws/src/Rescue_Car_ws/src/microros/src/ros2/rcl_interfaces/action_msgs', 'symlink_install': False, 'test_result_base': None}
[0.353s] Level 5:colcon.colcon_core.verb:set package 'complex_msgs' build argument 'cmake_args' from command line to 'None'
[0.353s] Level 5:colcon.colcon_core.verb:set package 'complex_msgs' build argument 'cmake_target' from command line to 'None'
[0.354s] Level 5:colcon.colcon_core.verb:set package 'complex_msgs' build argument 'cmake_target_skip_unavailable' from command line to 'False'
[0.354s] Level 5:colcon.colcon_core.verb:set package 'complex_msgs' build argument 'cmake_clean_cache' from command line to 'False'
[0.354s] Level 5:colcon.colcon_core.verb:set package 'complex_msgs' build argument 'cmake_clean_first' from command line to 'False'
[0.354s] Level 5:colcon.colcon_core.verb:set package 'complex_msgs' build argument 'cmake_force_configure' from command line to 'False'
[0.354s] Level 5:colcon.colcon_core.verb:set package 'complex_msgs' build argument 'ament_cmake_args' from command line to 'None'
[0.354s] Level 5:colcon.colcon_core.verb:set package 'complex_msgs' build argument 'catkin_cmake_args' from command line to 'None'
[0.354s] Level 5:colcon.colcon_core.verb:set package 'complex_msgs' build argument 'catkin_skip_building_tests' from command line to 'False'
[0.354s] DEBUG:colcon.colcon_core.verb:Building package 'complex_msgs' with the following arguments: {'ament_cmake_args': None, 'build_base': '/root/ros_ws/src/Rescue_Car_ws/build/complex_msgs', 'catkin_cmake_args': None, 'catkin_skip_building_tests': False, 'cmake_args': None, 'cmake_clean_cache': False, 'cmake_clean_first': False, 'cmake_force_configure': False, 'cmake_target': None, 'cmake_target_skip_unavailable': False, 'install_base': '/root/ros_ws/src/Rescue_Car_ws/install/complex_msgs', 'merge_install': False, 'path': '/root/ros_ws/src/Rescue_Car_ws/src/microros/src/uros/micro-ROS-demos/messages/complex_msg', 'symlink_install': False, 'test_result_base': None}
[0.354s] Level 5:colcon.colcon_core.verb:set package 'micro_ros_agent' build argument 'cmake_args' from command line to 'None'
[0.354s] Level 5:colcon.colcon_core.verb:set package 'micro_ros_agent' build argument 'cmake_target' from command line to 'None'
[0.354s] Level 5:colcon.colcon_core.verb:set package 'micro_ros_agent' build argument 'cmake_target_skip_unavailable' from command line to 'False'
[0.354s] Level 5:colcon.colcon_core.verb:set package 'micro_ros_agent' build argument 'cmake_clean_cache' from command line to 'False'
[0.354s] Level 5:colcon.colcon_core.verb:set package 'micro_ros_agent' build argument 'cmake_clean_first' from command line to 'False'
[0.354s] Level 5:colcon.colcon_core.verb:set package 'micro_ros_agent' build argument 'cmake_force_configure' from command line to 'False'
[0.354s] Level 5:colcon.colcon_core.verb:set package 'micro_ros_agent' build argument 'ament_cmake_args' from command line to 'None'
[0.354s] Level 5:colcon.colcon_core.verb:set package 'micro_ros_agent' build argument 'catkin_cmake_args' from command line to 'None'
[0.354s] Level 5:colcon.colcon_core.verb:set package 'micro_ros_agent' build argument 'catkin_skip_building_tests' from command line to 'False'
[0.354s] DEBUG:colcon.colcon_core.verb:Building package 'micro_ros_agent' with the following arguments: {'ament_cmake_args': None, 'build_base': '/root/ros_ws/src/Rescue_Car_ws/build/micro_ros_agent', 'catkin_cmake_args': None, 'catkin_skip_building_tests': False, 'cmake_args': None, 'cmake_clean_cache': False, 'cmake_clean_first': False, 'cmake_force_configure': False, 'cmake_target': None, 'cmake_target_skip_unavailable': False, 'install_base': '/root/ros_ws/src/Rescue_Car_ws/install/micro_ros_agent', 'merge_install': False, 'path': '/root/ros_ws/src/Rescue_Car_ws/src/microros/src/uros/micro-ROS-Agent/micro_ros_agent', 'symlink_install': False, 'test_result_base': None}
[0.354s] Level 5:colcon.colcon_core.verb:set package 'microxrcedds_client' build argument 'cmake_args' from command line to 'None'
[0.354s] Level 5:colcon.colcon_core.verb:overwrite package 'microxrcedds_client' build argument 'cmake_args' from package metadata with '['-DUCLIENT_ISOLATED_INSTALL=OFF', '-DUCLIENT_SUPERBUILD=OFF']' (before: 'None')
[0.354s] Level 5:colcon.colcon_core.verb:set package 'microxrcedds_client' build argument 'cmake_target' from command line to 'None'
[0.354s] Level 5:colcon.colcon_core.verb:set package 'microxrcedds_client' build argument 'cmake_target_skip_unavailable' from command line to 'False'
[0.354s] Level 5:colcon.colcon_core.verb:set package 'microxrcedds_client' build argument 'cmake_clean_cache' from command line to 'False'
[0.354s] Level 5:colcon.colcon_core.verb:set package 'microxrcedds_client' build argument 'cmake_clean_first' from command line to 'False'
[0.354s] Level 5:colcon.colcon_core.verb:set package 'microxrcedds_client' build argument 'cmake_force_configure' from command line to 'False'
[0.354s] Level 5:colcon.colcon_core.verb:set package 'microxrcedds_client' build argument 'ament_cmake_args' from command line to 'None'
[0.354s] Level 5:colcon.colcon_core.verb:set package 'microxrcedds_client' build argument 'catkin_cmake_args' from command line to 'None'
[0.354s] Level 5:colcon.colcon_core.verb:set package 'microxrcedds_client' build argument 'catkin_skip_building_tests' from command line to 'False'
[0.354s] DEBUG:colcon.colcon_core.verb:Building package 'microxrcedds_client' with the following arguments: {'ament_cmake_args': None, 'build_base': '/root/ros_ws/src/Rescue_Car_ws/build/microxrcedds_client', 'catkin_cmake_args': None, 'catkin_skip_building_tests': False, 'cmake_args': ['-DUCLIENT_ISOLATED_INSTALL=OFF', '-DUCLIENT_SUPERBUILD=OFF'], 'cmake_clean_cache': False, 'cmake_clean_first': False, 'cmake_force_configure': False, 'cmake_target': None, 'cmake_target_skip_unavailable': False, 'install_base': '/root/ros_ws/src/Rescue_Car_ws/install/microxrcedds_client', 'merge_install': False, 'path': '/root/ros_ws/src/Rescue_Car_ws/src/microros/src/eProsima/Micro-XRCE-DDS-Client', 'symlink_install': False, 'test_result_base': None}
[0.355s] Level 5:colcon.colcon_core.verb:set package 'rcl_interfaces' build argument 'cmake_args' from command line to 'None'
[0.355s] Level 5:colcon.colcon_core.verb:set package 'rcl_interfaces' build argument 'cmake_target' from command line to 'None'
[0.355s] Level 5:colcon.colcon_core.verb:set package 'rcl_interfaces' build argument 'cmake_target_skip_unavailable' from command line to 'False'
[0.355s] Level 5:colcon.colcon_core.verb:set package 'rcl_interfaces' build argument 'cmake_clean_cache' from command line to 'False'
[0.355s] Level 5:colcon.colcon_core.verb:set package 'rcl_interfaces' build argument 'cmake_clean_first' from command line to 'False'
[0.355s] Level 5:colcon.colcon_core.verb:set package 'rcl_interfaces' build argument 'cmake_force_configure' from command line to 'False'
[0.355s] Level 5:colcon.colcon_core.verb:set package 'rcl_interfaces' build argument 'ament_cmake_args' from command line to 'None'
[0.355s] Level 5:colcon.colcon_core.verb:set package 'rcl_interfaces' build argument 'catkin_cmake_args' from command line to 'None'
[0.355s] Level 5:colcon.colcon_core.verb:set package 'rcl_interfaces' build argument 'catkin_skip_building_tests' from command line to 'False'
[0.355s] DEBUG:colcon.colcon_core.verb:Building package 'rcl_interfaces' with the following arguments: {'ament_cmake_args': None, 'build_base': '/root/ros_ws/src/Rescue_Car_ws/build/rcl_interfaces', 'catkin_cmake_args': None, 'catkin_skip_building_tests': False, 'cmake_args': None, 'cmake_clean_cache': False, 'cmake_clean_first': False, 'cmake_force_configure': False, 'cmake_target': None, 'cmake_target_skip_unavailable': False, 'install_base': '/root/ros_ws/src/Rescue_Car_ws/install/rcl_interfaces', 'merge_install': False, 'path': '/root/ros_ws/src/Rescue_Car_ws/src/microros/src/ros2/rcl_interfaces/rcl_interfaces', 'symlink_install': False, 'test_result_base': None}
[0.355s] Level 5:colcon.colcon_core.verb:set package 'rosgraph_msgs' build argument 'cmake_args' from command line to 'None'
[0.355s] Level 5:colcon.colcon_core.verb:set package 'rosgraph_msgs' build argument 'cmake_target' from command line to 'None'
[0.355s] Level 5:colcon.colcon_core.verb:set package 'rosgraph_msgs' build argument 'cmake_target_skip_unavailable' from command line to 'False'
[0.355s] Level 5:colcon.colcon_core.verb:set package 'rosgraph_msgs' build argument 'cmake_clean_cache' from command line to 'False'
[0.355s] Level 5:colcon.colcon_core.verb:set package 'rosgraph_msgs' build argument 'cmake_clean_first' from command line to 'False'
[0.355s] Level 5:colcon.colcon_core.verb:set package 'rosgraph_msgs' build argument 'cmake_force_configure' from command line to 'False'
[0.355s] Level 5:colcon.colcon_core.verb:set package 'rosgraph_msgs' build argument 'ament_cmake_args' from command line to 'None'
[0.355s] Level 5:colcon.colcon_core.verb:set package 'rosgraph_msgs' build argument 'catkin_cmake_args' from command line to 'None'
[0.355s] Level 5:colcon.colcon_core.verb:set package 'rosgraph_msgs' build argument 'catkin_skip_building_tests' from command line to 'False'
[0.355s] DEBUG:colcon.colcon_core.verb:Building package 'rosgraph_msgs' with the following arguments: {'ament_cmake_args': None, 'build_base': '/root/ros_ws/src/Rescue_Car_ws/build/rosgraph_msgs', 'catkin_cmake_args': None, 'catkin_skip_building_tests': False, 'cmake_args': None, 'cmake_clean_cache': False, 'cmake_clean_first': False, 'cmake_force_configure': False, 'cmake_target': None, 'cmake_target_skip_unavailable': False, 'install_base': '/root/ros_ws/src/Rescue_Car_ws/install/rosgraph_msgs', 'merge_install': False, 'path': '/root/ros_ws/src/Rescue_Car_ws/src/microros/src/ros2/rcl_interfaces/rosgraph_msgs', 'symlink_install': False, 'test_result_base': None}
[0.355s] Level 5:colcon.colcon_core.verb:set package 'rosidl_typesupport_microxrcedds_c' build argument 'cmake_args' from command line to 'None'
[0.355s] Level 5:colcon.colcon_core.verb:set package 'rosidl_typesupport_microxrcedds_c' build argument 'cmake_target' from command line to 'None'
[0.355s] Level 5:colcon.colcon_core.verb:set package 'rosidl_typesupport_microxrcedds_c' build argument 'cmake_target_skip_unavailable' from command line to 'False'
[0.355s] Level 5:colcon.colcon_core.verb:set package 'rosidl_typesupport_microxrcedds_c' build argument 'cmake_clean_cache' from command line to 'False'
[0.355s] Level 5:colcon.colcon_core.verb:set package 'rosidl_typesupport_microxrcedds_c' build argument 'cmake_clean_first' from command line to 'False'
[0.355s] Level 5:colcon.colcon_core.verb:set package 'rosidl_typesupport_microxrcedds_c' build argument 'cmake_force_configure' from command line to 'False'
[0.355s] Level 5:colcon.colcon_core.verb:set package 'rosidl_typesupport_microxrcedds_c' build argument 'ament_cmake_args' from command line to 'None'
[0.355s] Level 5:colcon.colcon_core.verb:set package 'rosidl_typesupport_microxrcedds_c' build argument 'catkin_cmake_args' from command line to 'None'
[0.355s] Level 5:colcon.colcon_core.verb:set package 'rosidl_typesupport_microxrcedds_c' build argument 'catkin_skip_building_tests' from command line to 'False'
[0.355s] DEBUG:colcon.colcon_core.verb:Building package 'rosidl_typesupport_microxrcedds_c' with the following arguments: {'ament_cmake_args': None, 'build_base': '/root/ros_ws/src/Rescue_Car_ws/build/rosidl_typesupport_microxrcedds_c', 'catkin_cmake_args': None, 'catkin_skip_building_tests': False, 'cmake_args': None, 'cmake_clean_cache': False, 'cmake_clean_first': False, 'cmake_force_configure': False, 'cmake_target': None, 'cmake_target_skip_unavailable': False, 'install_base': '/root/ros_ws/src/Rescue_Car_ws/install/rosidl_typesupport_microxrcedds_c', 'merge_install': False, 'path': '/root/ros_ws/src/Rescue_Car_ws/src/microros/src/uros/rosidl_typesupport_microxrcedds/rosidl_typesupport_microxrcedds_c', 'symlink_install': False, 'test_result_base': None}
[0.356s] Level 5:colcon.colcon_core.verb:set package 'statistics_msgs' build argument 'cmake_args' from command line to 'None'
[0.356s] Level 5:colcon.colcon_core.verb:set package 'statistics_msgs' build argument 'cmake_target' from command line to 'None'
[0.356s] Level 5:colcon.colcon_core.verb:set package 'statistics_msgs' build argument 'cmake_target_skip_unavailable' from command line to 'False'
[0.356s] Level 5:colcon.colcon_core.verb:set package 'statistics_msgs' build argument 'cmake_clean_cache' from command line to 'False'
[0.356s] Level 5:colcon.colcon_core.verb:set package 'statistics_msgs' build argument 'cmake_clean_first' from command line to 'False'
[0.356s] Level 5:colcon.colcon_core.verb:set package 'statistics_msgs' build argument 'cmake_force_configure' from command line to 'False'
[0.356s] Level 5:colcon.colcon_core.verb:set package 'statistics_msgs' build argument 'ament_cmake_args' from command line to 'None'
[0.356s] Level 5:colcon.colcon_core.verb:set package 'statistics_msgs' build argument 'catkin_cmake_args' from command line to 'None'
[0.356s] Level 5:colcon.colcon_core.verb:set package 'statistics_msgs' build argument 'catkin_skip_building_tests' from command line to 'False'
[0.356s] DEBUG:colcon.colcon_core.verb:Building package 'statistics_msgs' with the following arguments: {'ament_cmake_args': None, 'build_base': '/root/ros_ws/src/Rescue_Car_ws/build/statistics_msgs', 'catkin_cmake_args': None, 'catkin_skip_building_tests': False, 'cmake_args': None, 'cmake_clean_cache': False, 'cmake_clean_first': False, 'cmake_force_configure': False, 'cmake_target': None, 'cmake_target_skip_unavailable': False, 'install_base': '/root/ros_ws/src/Rescue_Car_ws/install/statistics_msgs', 'merge_install': False, 'path': '/root/ros_ws/src/Rescue_Car_ws/src/microros/src/ros2/rcl_interfaces/statistics_msgs', 'symlink_install': False, 'test_result_base': None}
[0.356s] Level 5:colcon.colcon_core.verb:set package 'std_msgs' build argument 'cmake_args' from command line to 'None'
[0.356s] Level 5:colcon.colcon_core.verb:set package 'std_msgs' build argument 'cmake_target' from command line to 'None'
[0.356s] Level 5:colcon.colcon_core.verb:set package 'std_msgs' build argument 'cmake_target_skip_unavailable' from command line to 'False'
[0.356s] Level 5:colcon.colcon_core.verb:set package 'std_msgs' build argument 'cmake_clean_cache' from command line to 'False'
[0.356s] Level 5:colcon.colcon_core.verb:set package 'std_msgs' build argument 'cmake_clean_first' from command line to 'False'
[0.356s] Level 5:colcon.colcon_core.verb:set package 'std_msgs' build argument 'cmake_force_configure' from command line to 'False'
[0.356s] Level 5:colcon.colcon_core.verb:set package 'std_msgs' build argument 'ament_cmake_args' from command line to 'None'
[0.356s] Level 5:colcon.colcon_core.verb:set package 'std_msgs' build argument 'catkin_cmake_args' from command line to 'None'
[0.356s] Level 5:colcon.colcon_core.verb:set package 'std_msgs' build argument 'catkin_skip_building_tests' from command line to 'False'
[0.356s] DEBUG:colcon.colcon_core.verb:Building package 'std_msgs' with the following arguments: {'ament_cmake_args': None, 'build_base': '/root/ros_ws/src/Rescue_Car_ws/build/std_msgs', 'catkin_cmake_args': None, 'catkin_skip_building_tests': False, 'cmake_args': None, 'cmake_clean_cache': False, 'cmake_clean_first': False, 'cmake_force_configure': False, 'cmake_target': None, 'cmake_target_skip_unavailable': False, 'install_base': '/root/ros_ws/src/Rescue_Car_ws/install/std_msgs', 'merge_install': False, 'path': '/root/ros_ws/src/Rescue_Car_ws/src/microros/src/ros2/common_interfaces/std_msgs', 'symlink_install': False, 'test_result_base': None}
[0.356s] Level 5:colcon.colcon_core.verb:set package 'actionlib_msgs' build argument 'cmake_args' from command line to 'None'
[0.356s] Level 5:colcon.colcon_core.verb:set package 'actionlib_msgs' build argument 'cmake_target' from command line to 'None'
[0.356s] Level 5:colcon.colcon_core.verb:set package 'actionlib_msgs' build argument 'cmake_target_skip_unavailable' from command line to 'False'
[0.356s] Level 5:colcon.colcon_core.verb:set package 'actionlib_msgs' build argument 'cmake_clean_cache' from command line to 'False'
[0.356s] Level 5:colcon.colcon_core.verb:set package 'actionlib_msgs' build argument 'cmake_clean_first' from command line to 'False'
[0.356s] Level 5:colcon.colcon_core.verb:set package 'actionlib_msgs' build argument 'cmake_force_configure' from command line to 'False'
[0.356s] Level 5:colcon.colcon_core.verb:set package 'actionlib_msgs' build argument 'ament_cmake_args' from command line to 'None'
[0.356s] Level 5:colcon.colcon_core.verb:set package 'actionlib_msgs' build argument 'catkin_cmake_args' from command line to 'None'
[0.356s] Level 5:colcon.colcon_core.verb:set package 'actionlib_msgs' build argument 'catkin_skip_building_tests' from command line to 'False'
[0.356s] DEBUG:colcon.colcon_core.verb:Building package 'actionlib_msgs' with the following arguments: {'ament_cmake_args': None, 'build_base': '/root/ros_ws/src/Rescue_Car_ws/build/actionlib_msgs', 'catkin_cmake_args': None, 'catkin_skip_building_tests': False, 'cmake_args': None, 'cmake_clean_cache': False, 'cmake_clean_first': False, 'cmake_force_configure': False, 'cmake_target': None, 'cmake_target_skip_unavailable': False, 'install_base': '/root/ros_ws/src/Rescue_Car_ws/install/actionlib_msgs', 'merge_install': False, 'path': '/root/ros_ws/src/Rescue_Car_ws/src/microros/src/ros2/common_interfaces/actionlib_msgs', 'symlink_install': False, 'test_result_base': None}
[0.356s] Level 5:colcon.colcon_core.verb:set package 'composition_interfaces' build argument 'cmake_args' from command line to 'None'
[0.356s] Level 5:colcon.colcon_core.verb:set package 'composition_interfaces' build argument 'cmake_target' from command line to 'None'
[0.357s] Level 5:colcon.colcon_core.verb:set package 'composition_interfaces' build argument 'cmake_target_skip_unavailable' from command line to 'False'
[0.357s] Level 5:colcon.colcon_core.verb:set package 'composition_interfaces' build argument 'cmake_clean_cache' from command line to 'False'
[0.357s] Level 5:colcon.colcon_core.verb:set package 'composition_interfaces' build argument 'cmake_clean_first' from command line to 'False'
[0.357s] Level 5:colcon.colcon_core.verb:set package 'composition_interfaces' build argument 'cmake_force_configure' from command line to 'False'
[0.357s] Level 5:colcon.colcon_core.verb:set package 'composition_interfaces' build argument 'ament_cmake_args' from command line to 'None'
[0.357s] Level 5:colcon.colcon_core.verb:set package 'composition_interfaces' build argument 'catkin_cmake_args' from command line to 'None'
[0.357s] Level 5:colcon.colcon_core.verb:set package 'composition_interfaces' build argument 'catkin_skip_building_tests' from command line to 'False'
[0.357s] DEBUG:colcon.colcon_core.verb:Building package 'composition_interfaces' with the following arguments: {'ament_cmake_args': None, 'build_base': '/root/ros_ws/src/Rescue_Car_ws/build/composition_interfaces', 'catkin_cmake_args': None, 'catkin_skip_building_tests': False, 'cmake_args': None, 'cmake_clean_cache': False, 'cmake_clean_first': False, 'cmake_force_configure': False, 'cmake_target': None, 'cmake_target_skip_unavailable': False, 'install_base': '/root/ros_ws/src/Rescue_Car_ws/install/composition_interfaces', 'merge_install': False, 'path': '/root/ros_ws/src/Rescue_Car_ws/src/microros/src/ros2/rcl_interfaces/composition_interfaces', 'symlink_install': False, 'test_result_base': None}
[0.357s] Level 5:colcon.colcon_core.verb:set package 'example_interfaces' build argument 'cmake_args' from command line to 'None'
[0.357s] Level 5:colcon.colcon_core.verb:set package 'example_interfaces' build argument 'cmake_target' from command line to 'None'
[0.357s] Level 5:colcon.colcon_core.verb:set package 'example_interfaces' build argument 'cmake_target_skip_unavailable' from command line to 'False'
[0.357s] Level 5:colcon.colcon_core.verb:set package 'example_interfaces' build argument 'cmake_clean_cache' from command line to 'False'
[0.357s] Level 5:colcon.colcon_core.verb:set package 'example_interfaces' build argument 'cmake_clean_first' from command line to 'False'
[0.357s] Level 5:colcon.colcon_core.verb:set package 'example_interfaces' build argument 'cmake_force_configure' from command line to 'False'
[0.357s] Level 5:colcon.colcon_core.verb:set package 'example_interfaces' build argument 'ament_cmake_args' from command line to 'None'
[0.357s] Level 5:colcon.colcon_core.verb:set package 'example_interfaces' build argument 'catkin_cmake_args' from command line to 'None'
[0.357s] Level 5:colcon.colcon_core.verb:set package 'example_interfaces' build argument 'catkin_skip_building_tests' from command line to 'False'
[0.357s] DEBUG:colcon.colcon_core.verb:Building package 'example_interfaces' with the following arguments: {'ament_cmake_args': None, 'build_base': '/root/ros_ws/src/Rescue_Car_ws/build/example_interfaces', 'catkin_cmake_args': None, 'catkin_skip_building_tests': False, 'cmake_args': None, 'cmake_clean_cache': False, 'cmake_clean_first': False, 'cmake_force_configure': False, 'cmake_target': None, 'cmake_target_skip_unavailable': False, 'install_base': '/root/ros_ws/src/Rescue_Car_ws/install/example_interfaces', 'merge_install': False, 'path': '/root/ros_ws/src/Rescue_Car_ws/src/microros/src/ros2/example_interfaces', 'symlink_install': False, 'test_result_base': None}
[0.357s] Level 5:colcon.colcon_core.verb:set package 'geometry_msgs' build argument 'cmake_args' from command line to 'None'
[0.357s] Level 5:colcon.colcon_core.verb:set package 'geometry_msgs' build argument 'cmake_target' from command line to 'None'
[0.357s] Level 5:colcon.colcon_core.verb:set package 'geometry_msgs' build argument 'cmake_target_skip_unavailable' from command line to 'False'
[0.357s] Level 5:colcon.colcon_core.verb:set package 'geometry_msgs' build argument 'cmake_clean_cache' from command line to 'False'
[0.357s] Level 5:colcon.colcon_core.verb:set package 'geometry_msgs' build argument 'cmake_clean_first' from command line to 'False'
[0.357s] Level 5:colcon.colcon_core.verb:set package 'geometry_msgs' build argument 'cmake_force_configure' from command line to 'False'
[0.357s] Level 5:colcon.colcon_core.verb:set package 'geometry_msgs' build argument 'ament_cmake_args' from command line to 'None'
[0.357s] Level 5:colcon.colcon_core.verb:set package 'geometry_msgs' build argument 'catkin_cmake_args' from command line to 'None'
[0.357s] Level 5:colcon.colcon_core.verb:set package 'geometry_msgs' build argument 'catkin_skip_building_tests' from command line to 'False'
[0.357s] DEBUG:colcon.colcon_core.verb:Building package 'geometry_msgs' with the following arguments: {'ament_cmake_args': None, 'build_base': '/root/ros_ws/src/Rescue_Car_ws/build/geometry_msgs', 'catkin_cmake_args': None, 'catkin_skip_building_tests': False, 'cmake_args': None, 'cmake_clean_cache': False, 'cmake_clean_first': False, 'cmake_force_configure': False, 'cmake_target': None, 'cmake_target_skip_unavailable': False, 'install_base': '/root/ros_ws/src/Rescue_Car_ws/install/geometry_msgs', 'merge_install': False, 'path': '/root/ros_ws/src/Rescue_Car_ws/src/microros/src/ros2/common_interfaces/geometry_msgs', 'symlink_install': False, 'test_result_base': None}
[0.357s] Level 5:colcon.colcon_core.verb:set package 'rosidl_typesupport_microxrcedds_cpp' build argument 'cmake_args' from command line to 'None'
[0.357s] Level 5:colcon.colcon_core.verb:set package 'rosidl_typesupport_microxrcedds_cpp' build argument 'cmake_target' from command line to 'None'
[0.357s] Level 5:colcon.colcon_core.verb:set package 'rosidl_typesupport_microxrcedds_cpp' build argument 'cmake_target_skip_unavailable' from command line to 'False'
[0.357s] Level 5:colcon.colcon_core.verb:set package 'rosidl_typesupport_microxrcedds_cpp' build argument 'cmake_clean_cache' from command line to 'False'
[0.357s] Level 5:colcon.colcon_core.verb:set package 'rosidl_typesupport_microxrcedds_cpp' build argument 'cmake_clean_first' from command line to 'False'
[0.357s] Level 5:colcon.colcon_core.verb:set package 'rosidl_typesupport_microxrcedds_cpp' build argument 'cmake_force_configure' from command line to 'False'
[0.358s] Level 5:colcon.colcon_core.verb:set package 'rosidl_typesupport_microxrcedds_cpp' build argument 'ament_cmake_args' from command line to 'None'
[0.358s] Level 5:colcon.colcon_core.verb:set package 'rosidl_typesupport_microxrcedds_cpp' build argument 'catkin_cmake_args' from command line to 'None'
[0.358s] Level 5:colcon.colcon_core.verb:set package 'rosidl_typesupport_microxrcedds_cpp' build argument 'catkin_skip_building_tests' from command line to 'False'
[0.358s] DEBUG:colcon.colcon_core.verb:Building package 'rosidl_typesupport_microxrcedds_cpp' with the following arguments: {'ament_cmake_args': None, 'build_base': '/root/ros_ws/src/Rescue_Car_ws/build/rosidl_typesupport_microxrcedds_cpp', 'catkin_cmake_args': None, 'catkin_skip_building_tests': False, 'cmake_args': None, 'cmake_clean_cache': False, 'cmake_clean_first': False, 'cmake_force_configure': False, 'cmake_target': None, 'cmake_target_skip_unavailable': False, 'install_base': '/root/ros_ws/src/Rescue_Car_ws/install/rosidl_typesupport_microxrcedds_cpp', 'merge_install': False, 'path': '/root/ros_ws/src/Rescue_Car_ws/src/microros/src/uros/rosidl_typesupport_microxrcedds/rosidl_typesupport_microxrcedds_cpp', 'symlink_install': False, 'test_result_base': None}
[0.358s] Level 5:colcon.colcon_core.verb:set package 'test_msgs' build argument 'cmake_args' from command line to 'None'
[0.358s] Level 5:colcon.colcon_core.verb:set package 'test_msgs' build argument 'cmake_target' from command line to 'None'
[0.358s] Level 5:colcon.colcon_core.verb:set package 'test_msgs' build argument 'cmake_target_skip_unavailable' from command line to 'False'
[0.358s] Level 5:colcon.colcon_core.verb:set package 'test_msgs' build argument 'cmake_clean_cache' from command line to 'False'
[0.358s] Level 5:colcon.colcon_core.verb:set package 'test_msgs' build argument 'cmake_clean_first' from command line to 'False'
[0.358s] Level 5:colcon.colcon_core.verb:set package 'test_msgs' build argument 'cmake_force_configure' from command line to 'False'
[0.358s] Level 5:colcon.colcon_core.verb:set package 'test_msgs' build argument 'ament_cmake_args' from command line to 'None'
[0.358s] Level 5:colcon.colcon_core.verb:set package 'test_msgs' build argument 'catkin_cmake_args' from command line to 'None'
[0.358s] Level 5:colcon.colcon_core.verb:set package 'test_msgs' build argument 'catkin_skip_building_tests' from command line to 'False'
[0.358s] DEBUG:colcon.colcon_core.verb:Building package 'test_msgs' with the following arguments: {'ament_cmake_args': None, 'build_base': '/root/ros_ws/src/Rescue_Car_ws/build/test_msgs', 'catkin_cmake_args': None, 'catkin_skip_building_tests': False, 'cmake_args': None, 'cmake_clean_cache': False, 'cmake_clean_first': False, 'cmake_force_configure': False, 'cmake_target': None, 'cmake_target_skip_unavailable': False, 'install_base': '/root/ros_ws/src/Rescue_Car_ws/install/test_msgs', 'merge_install': False, 'path': '/root/ros_ws/src/Rescue_Car_ws/src/microros/src/ros2/rcl_interfaces/test_msgs', 'symlink_install': False, 'test_result_base': None}
[0.358s] Level 5:colcon.colcon_core.verb:set package 'diagnostic_msgs' build argument 'cmake_args' from command line to 'None'
[0.358s] Level 5:colcon.colcon_core.verb:set package 'diagnostic_msgs' build argument 'cmake_target' from command line to 'None'
[0.358s] Level 5:colcon.colcon_core.verb:set package 'diagnostic_msgs' build argument 'cmake_target_skip_unavailable' from command line to 'False'
[0.358s] Level 5:colcon.colcon_core.verb:set package 'diagnostic_msgs' build argument 'cmake_clean_cache' from command line to 'False'
[0.358s] Level 5:colcon.colcon_core.verb:set package 'diagnostic_msgs' build argument 'cmake_clean_first' from command line to 'False'
[0.358s] Level 5:colcon.colcon_core.verb:set package 'diagnostic_msgs' build argument 'cmake_force_configure' from command line to 'False'
[0.358s] Level 5:colcon.colcon_core.verb:set package 'diagnostic_msgs' build argument 'ament_cmake_args' from command line to 'None'
[0.358s] Level 5:colcon.colcon_core.verb:set package 'diagnostic_msgs' build argument 'catkin_cmake_args' from command line to 'None'
[0.358s] Level 5:colcon.colcon_core.verb:set package 'diagnostic_msgs' build argument 'catkin_skip_building_tests' from command line to 'False'
[0.358s] DEBUG:colcon.colcon_core.verb:Building package 'diagnostic_msgs' with the following arguments: {'ament_cmake_args': None, 'build_base': '/root/ros_ws/src/Rescue_Car_ws/build/diagnostic_msgs', 'catkin_cmake_args': None, 'catkin_skip_building_tests': False, 'cmake_args': None, 'cmake_clean_cache': False, 'cmake_clean_first': False, 'cmake_force_configure': False, 'cmake_target': None, 'cmake_target_skip_unavailable': False, 'install_base': '/root/ros_ws/src/Rescue_Car_ws/install/diagnostic_msgs', 'merge_install': False, 'path': '/root/ros_ws/src/Rescue_Car_ws/src/microros/src/ros2/common_interfaces/diagnostic_msgs', 'symlink_install': False, 'test_result_base': None}
[0.358s] Level 5:colcon.colcon_core.verb:set package 'nav_msgs' build argument 'cmake_args' from command line to 'None'
[0.358s] Level 5:colcon.colcon_core.verb:set package 'nav_msgs' build argument 'cmake_target' from command line to 'None'
[0.358s] Level 5:colcon.colcon_core.verb:set package 'nav_msgs' build argument 'cmake_target_skip_unavailable' from command line to 'False'
[0.358s] Level 5:colcon.colcon_core.verb:set package 'nav_msgs' build argument 'cmake_clean_cache' from command line to 'False'
[0.358s] Level 5:colcon.colcon_core.verb:set package 'nav_msgs' build argument 'cmake_clean_first' from command line to 'False'
[0.358s] Level 5:colcon.colcon_core.verb:set package 'nav_msgs' build argument 'cmake_force_configure' from command line to 'False'
[0.358s] Level 5:colcon.colcon_core.verb:set package 'nav_msgs' build argument 'ament_cmake_args' from command line to 'None'
[0.359s] Level 5:colcon.colcon_core.verb:set package 'nav_msgs' build argument 'catkin_cmake_args' from command line to 'None'
[0.359s] Level 5:colcon.colcon_core.verb:set package 'nav_msgs' build argument 'catkin_skip_building_tests' from command line to 'False'
[0.359s] DEBUG:colcon.colcon_core.verb:Building package 'nav_msgs' with the following arguments: {'ament_cmake_args': None, 'build_base': '/root/ros_ws/src/Rescue_Car_ws/build/nav_msgs', 'catkin_cmake_args': None, 'catkin_skip_building_tests': False, 'cmake_args': None, 'cmake_clean_cache': False, 'cmake_clean_first': False, 'cmake_force_configure': False, 'cmake_target': None, 'cmake_target_skip_unavailable': False, 'install_base': '/root/ros_ws/src/Rescue_Car_ws/install/nav_msgs', 'merge_install': False, 'path': '/root/ros_ws/src/Rescue_Car_ws/src/microros/src/ros2/common_interfaces/nav_msgs', 'symlink_install': False, 'test_result_base': None}
[0.359s] Level 5:colcon.colcon_core.verb:set package 'rclc' build argument 'cmake_args' from command line to 'None'
[0.359s] Level 5:colcon.colcon_core.verb:set package 'rclc' build argument 'cmake_target' from command line to 'None'
[0.359s] Level 5:colcon.colcon_core.verb:set package 'rclc' build argument 'cmake_target_skip_unavailable' from command line to 'False'
[0.359s] Level 5:colcon.colcon_core.verb:set package 'rclc' build argument 'cmake_clean_cache' from command line to 'False'
[0.359s] Level 5:colcon.colcon_core.verb:set package 'rclc' build argument 'cmake_clean_first' from command line to 'False'
[0.359s] Level 5:colcon.colcon_core.verb:set package 'rclc' build argument 'cmake_force_configure' from command line to 'False'
[0.359s] Level 5:colcon.colcon_core.verb:set package 'rclc' build argument 'ament_cmake_args' from command line to 'None'
[0.359s] Level 5:colcon.colcon_core.verb:set package 'rclc' build argument 'catkin_cmake_args' from command line to 'None'
[0.359s] Level 5:colcon.colcon_core.verb:set package 'rclc' build argument 'catkin_skip_building_tests' from command line to 'False'
[0.359s] DEBUG:colcon.colcon_core.verb:Building package 'rclc' with the following arguments: {'ament_cmake_args': None, 'build_base': '/root/ros_ws/src/Rescue_Car_ws/build/rclc', 'catkin_cmake_args': None, 'catkin_skip_building_tests': False, 'cmake_args': None, 'cmake_clean_cache': False, 'cmake_clean_first': False, 'cmake_force_configure': False, 'cmake_target': None, 'cmake_target_skip_unavailable': False, 'install_base': '/root/ros_ws/src/Rescue_Car_ws/install/rclc', 'merge_install': False, 'path': '/root/ros_ws/src/Rescue_Car_ws/src/microros/src/uros/rclc/rclc', 'symlink_install': False, 'test_result_base': None}
[0.359s] Level 5:colcon.colcon_core.verb:set package 'rmw_microxrcedds' build argument 'cmake_args' from command line to 'None'
[0.359s] Level 5:colcon.colcon_core.verb:set package 'rmw_microxrcedds' build argument 'cmake_target' from command line to 'None'
[0.359s] Level 5:colcon.colcon_core.verb:set package 'rmw_microxrcedds' build argument 'cmake_target_skip_unavailable' from command line to 'False'
[0.359s] Level 5:colcon.colcon_core.verb:set package 'rmw_microxrcedds' build argument 'cmake_clean_cache' from command line to 'False'
[0.359s] Level 5:colcon.colcon_core.verb:set package 'rmw_microxrcedds' build argument 'cmake_clean_first' from command line to 'False'
[0.359s] Level 5:colcon.colcon_core.verb:set package 'rmw_microxrcedds' build argument 'cmake_force_configure' from command line to 'False'
[0.359s] Level 5:colcon.colcon_core.verb:set package 'rmw_microxrcedds' build argument 'ament_cmake_args' from command line to 'None'
[0.359s] Level 5:colcon.colcon_core.verb:set package 'rmw_microxrcedds' build argument 'catkin_cmake_args' from command line to 'None'
[0.359s] Level 5:colcon.colcon_core.verb:set package 'rmw_microxrcedds' build argument 'catkin_skip_building_tests' from command line to 'False'
[0.359s] DEBUG:colcon.colcon_core.verb:Building package 'rmw_microxrcedds' with the following arguments: {'ament_cmake_args': None, 'build_base': '/root/ros_ws/src/Rescue_Car_ws/build/rmw_microxrcedds', 'catkin_cmake_args': None, 'catkin_skip_building_tests': False, 'cmake_args': None, 'cmake_clean_cache': False, 'cmake_clean_first': False, 'cmake_force_configure': False, 'cmake_target': None, 'cmake_target_skip_unavailable': False, 'install_base': '/root/ros_ws/src/Rescue_Car_ws/install/rmw_microxrcedds', 'merge_install': False, 'path': '/root/ros_ws/src/Rescue_Car_ws/src/microros/src/uros/rmw_microxrcedds/rmw_microxrcedds_c', 'symlink_install': False, 'test_result_base': None}
[0.359s] Level 5:colcon.colcon_core.verb:set package 'sensor_msgs' build argument 'cmake_args' from command line to 'None'
[0.359s] Level 5:colcon.colcon_core.verb:set package 'sensor_msgs' build argument 'cmake_target' from command line to 'None'
[0.359s] Level 5:colcon.colcon_core.verb:set package 'sensor_msgs' build argument 'cmake_target_skip_unavailable' from command line to 'False'
[0.359s] Level 5:colcon.colcon_core.verb:set package 'sensor_msgs' build argument 'cmake_clean_cache' from command line to 'False'
[0.359s] Level 5:colcon.colcon_core.verb:set package 'sensor_msgs' build argument 'cmake_clean_first' from command line to 'False'
[0.359s] Level 5:colcon.colcon_core.verb:set package 'sensor_msgs' build argument 'cmake_force_configure' from command line to 'False'
[0.359s] Level 5:colcon.colcon_core.verb:set package 'sensor_msgs' build argument 'ament_cmake_args' from command line to 'None'
[0.359s] Level 5:colcon.colcon_core.verb:set package 'sensor_msgs' build argument 'catkin_cmake_args' from command line to 'None'
[0.359s] Level 5:colcon.colcon_core.verb:set package 'sensor_msgs' build argument 'catkin_skip_building_tests' from command line to 'False'
[0.360s] DEBUG:colcon.colcon_core.verb:Building package 'sensor_msgs' with the following arguments: {'ament_cmake_args': None, 'build_base': '/root/ros_ws/src/Rescue_Car_ws/build/sensor_msgs', 'catkin_cmake_args': None, 'catkin_skip_building_tests': False, 'cmake_args': None, 'cmake_clean_cache': False, 'cmake_clean_first': False, 'cmake_force_configure': False, 'cmake_target': None, 'cmake_target_skip_unavailable': False, 'install_base': '/root/ros_ws/src/Rescue_Car_ws/install/sensor_msgs', 'merge_install': False, 'path': '/root/ros_ws/src/Rescue_Car_ws/src/microros/src/ros2/common_interfaces/sensor_msgs', 'symlink_install': False, 'test_result_base': None}
[0.360s] Level 5:colcon.colcon_core.verb:set package 'shape_msgs' build argument 'cmake_args' from command line to 'None'
[0.360s] Level 5:colcon.colcon_core.verb:set package 'shape_msgs' build argument 'cmake_target' from command line to 'None'
[0.360s] Level 5:colcon.colcon_core.verb:set package 'shape_msgs' build argument 'cmake_target_skip_unavailable' from command line to 'False'
[0.360s] Level 5:colcon.colcon_core.verb:set package 'shape_msgs' build argument 'cmake_clean_cache' from command line to 'False'
[0.360s] Level 5:colcon.colcon_core.verb:set package 'shape_msgs' build argument 'cmake_clean_first' from command line to 'False'
[0.360s] Level 5:colcon.colcon_core.verb:set package 'shape_msgs' build argument 'cmake_force_configure' from command line to 'False'
[0.360s] Level 5:colcon.colcon_core.verb:set package 'shape_msgs' build argument 'ament_cmake_args' from command line to 'None'
[0.360s] Level 5:colcon.colcon_core.verb:set package 'shape_msgs' build argument 'catkin_cmake_args' from command line to 'None'
[0.360s] Level 5:colcon.colcon_core.verb:set package 'shape_msgs' build argument 'catkin_skip_building_tests' from command line to 'False'
[0.360s] DEBUG:colcon.colcon_core.verb:Building package 'shape_msgs' with the following arguments: {'ament_cmake_args': None, 'build_base': '/root/ros_ws/src/Rescue_Car_ws/build/shape_msgs', 'catkin_cmake_args': None, 'catkin_skip_building_tests': False, 'cmake_args': None, 'cmake_clean_cache': False, 'cmake_clean_first': False, 'cmake_force_configure': False, 'cmake_target': None, 'cmake_target_skip_unavailable': False, 'install_base': '/root/ros_ws/src/Rescue_Car_ws/install/shape_msgs', 'merge_install': False, 'path': '/root/ros_ws/src/Rescue_Car_ws/src/microros/src/ros2/common_interfaces/shape_msgs', 'symlink_install': False, 'test_result_base': None}
[0.360s] Level 5:colcon.colcon_core.verb:set package 'trajectory_msgs' build argument 'cmake_args' from command line to 'None'
[0.360s] Level 5:colcon.colcon_core.verb:set package 'trajectory_msgs' build argument 'cmake_target' from command line to 'None'
[0.360s] Level 5:colcon.colcon_core.verb:set package 'trajectory_msgs' build argument 'cmake_target_skip_unavailable' from command line to 'False'
[0.360s] Level 5:colcon.colcon_core.verb:set package 'trajectory_msgs' build argument 'cmake_clean_cache' from command line to 'False'
[0.360s] Level 5:colcon.colcon_core.verb:set package 'trajectory_msgs' build argument 'cmake_clean_first' from command line to 'False'
[0.360s] Level 5:colcon.colcon_core.verb:set package 'trajectory_msgs' build argument 'cmake_force_configure' from command line to 'False'
[0.360s] Level 5:colcon.colcon_core.verb:set package 'trajectory_msgs' build argument 'ament_cmake_args' from command line to 'None'
[0.360s] Level 5:colcon.colcon_core.verb:set package 'trajectory_msgs' build argument 'catkin_cmake_args' from command line to 'None'
[0.360s] Level 5:colcon.colcon_core.verb:set package 'trajectory_msgs' build argument 'catkin_skip_building_tests' from command line to 'False'
[0.360s] DEBUG:colcon.colcon_core.verb:Building package 'trajectory_msgs' with the following arguments: {'ament_cmake_args': None, 'build_base': '/root/ros_ws/src/Rescue_Car_ws/build/trajectory_msgs', 'catkin_cmake_args': None, 'catkin_skip_building_tests': False, 'cmake_args': None, 'cmake_clean_cache': False, 'cmake_clean_first': False, 'cmake_force_configure': False, 'cmake_target': None, 'cmake_target_skip_unavailable': False, 'install_base': '/root/ros_ws/src/Rescue_Car_ws/install/trajectory_msgs', 'merge_install': False, 'path': '/root/ros_ws/src/Rescue_Car_ws/src/microros/src/ros2/common_interfaces/trajectory_msgs', 'symlink_install': False, 'test_result_base': None}
[0.360s] Level 5:colcon.colcon_core.verb:set package 'rclc_parameter' build argument 'cmake_args' from command line to 'None'
[0.360s] Level 5:colcon.colcon_core.verb:set package 'rclc_parameter' build argument 'cmake_target' from command line to 'None'
[0.360s] Level 5:colcon.colcon_core.verb:set package 'rclc_parameter' build argument 'cmake_target_skip_unavailable' from command line to 'False'
[0.360s] Level 5:colcon.colcon_core.verb:set package 'rclc_parameter' build argument 'cmake_clean_cache' from command line to 'False'
[0.360s] Level 5:colcon.colcon_core.verb:set package 'rclc_parameter' build argument 'cmake_clean_first' from command line to 'False'
[0.360s] Level 5:colcon.colcon_core.verb:set package 'rclc_parameter' build argument 'cmake_force_configure' from command line to 'False'
[0.360s] Level 5:colcon.colcon_core.verb:set package 'rclc_parameter' build argument 'ament_cmake_args' from command line to 'None'
[0.360s] Level 5:colcon.colcon_core.verb:set package 'rclc_parameter' build argument 'catkin_cmake_args' from command line to 'None'
[0.360s] Level 5:colcon.colcon_core.verb:set package 'rclc_parameter' build argument 'catkin_skip_building_tests' from command line to 'False'
[0.360s] DEBUG:colcon.colcon_core.verb:Building package 'rclc_parameter' with the following arguments: {'ament_cmake_args': None, 'build_base': '/root/ros_ws/src/Rescue_Car_ws/build/rclc_parameter', 'catkin_cmake_args': None, 'catkin_skip_building_tests': False, 'cmake_args': None, 'cmake_clean_cache': False, 'cmake_clean_first': False, 'cmake_force_configure': False, 'cmake_target': None, 'cmake_target_skip_unavailable': False, 'install_base': '/root/ros_ws/src/Rescue_Car_ws/install/rclc_parameter', 'merge_install': False, 'path': '/root/ros_ws/src/Rescue_Car_ws/src/microros/src/uros/rclc/rclc_parameter', 'symlink_install': False, 'test_result_base': None}
[0.361s] Level 5:colcon.colcon_core.verb:set package 'rosidl_typesupport_microxrcedds_test_msg' build argument 'cmake_args' from command line to 'None'
[0.361s] Level 5:colcon.colcon_core.verb:set package 'rosidl_typesupport_microxrcedds_test_msg' build argument 'cmake_target' from command line to 'None'
[0.361s] Level 5:colcon.colcon_core.verb:set package 'rosidl_typesupport_microxrcedds_test_msg' build argument 'cmake_target_skip_unavailable' from command line to 'False'
[0.361s] Level 5:colcon.colcon_core.verb:set package 'rosidl_typesupport_microxrcedds_test_msg' build argument 'cmake_clean_cache' from command line to 'False'
[0.361s] Level 5:colcon.colcon_core.verb:set package 'rosidl_typesupport_microxrcedds_test_msg' build argument 'cmake_clean_first' from command line to 'False'
[0.361s] Level 5:colcon.colcon_core.verb:set package 'rosidl_typesupport_microxrcedds_test_msg' build argument 'cmake_force_configure' from command line to 'False'
[0.361s] Level 5:colcon.colcon_core.verb:set package 'rosidl_typesupport_microxrcedds_test_msg' build argument 'ament_cmake_args' from command line to 'None'
[0.361s] Level 5:colcon.colcon_core.verb:set package 'rosidl_typesupport_microxrcedds_test_msg' build argument 'catkin_cmake_args' from command line to 'None'
[0.361s] Level 5:colcon.colcon_core.verb:set package 'rosidl_typesupport_microxrcedds_test_msg' build argument 'catkin_skip_building_tests' from command line to 'False'
[0.361s] DEBUG:colcon.colcon_core.verb:Building package 'rosidl_typesupport_microxrcedds_test_msg' with the following arguments: {'ament_cmake_args': None, 'build_base': '/root/ros_ws/src/Rescue_Car_ws/build/rosidl_typesupport_microxrcedds_test_msg', 'catkin_cmake_args': None, 'catkin_skip_building_tests': False, 'cmake_args': None, 'cmake_clean_cache': False, 'cmake_clean_first': False, 'cmake_force_configure': False, 'cmake_target': None, 'cmake_target_skip_unavailable': False, 'install_base': '/root/ros_ws/src/Rescue_Car_ws/install/rosidl_typesupport_microxrcedds_test_msg', 'merge_install': False, 'path': '/root/ros_ws/src/Rescue_Car_ws/src/microros/src/uros/rosidl_typesupport_microxrcedds/test/msg', 'symlink_install': False, 'test_result_base': None}
[0.361s] Level 5:colcon.colcon_core.verb:set package 'sensor_msgs_py' build argument 'cmake_args' from command line to 'None'
[0.361s] Level 5:colcon.colcon_core.verb:set package 'sensor_msgs_py' build argument 'cmake_target' from command line to 'None'
[0.361s] Level 5:colcon.colcon_core.verb:set package 'sensor_msgs_py' build argument 'cmake_target_skip_unavailable' from command line to 'False'
[0.361s] Level 5:colcon.colcon_core.verb:set package 'sensor_msgs_py' build argument 'cmake_clean_cache' from command line to 'False'
[0.361s] Level 5:colcon.colcon_core.verb:set package 'sensor_msgs_py' build argument 'cmake_clean_first' from command line to 'False'
[0.361s] Level 5:colcon.colcon_core.verb:set package 'sensor_msgs_py' build argument 'cmake_force_configure' from command line to 'False'
[0.361s] Level 5:colcon.colcon_core.verb:set package 'sensor_msgs_py' build argument 'ament_cmake_args' from command line to 'None'
[0.361s] Level 5:colcon.colcon_core.verb:set package 'sensor_msgs_py' build argument 'catkin_cmake_args' from command line to 'None'
[0.361s] Level 5:colcon.colcon_core.verb:set package 'sensor_msgs_py' build argument 'catkin_skip_building_tests' from command line to 'False'
[0.361s] DEBUG:colcon.colcon_core.verb:Building package 'sensor_msgs_py' with the following arguments: {'ament_cmake_args': None, 'build_base': '/root/ros_ws/src/Rescue_Car_ws/build/sensor_msgs_py', 'catkin_cmake_args': None, 'catkin_skip_building_tests': False, 'cmake_args': None, 'cmake_clean_cache': False, 'cmake_clean_first': False, 'cmake_force_configure': False, 'cmake_target': None, 'cmake_target_skip_unavailable': False, 'install_base': '/root/ros_ws/src/Rescue_Car_ws/install/sensor_msgs_py', 'merge_install': False, 'path': '/root/ros_ws/src/Rescue_Car_ws/src/microros/src/ros2/common_interfaces/sensor_msgs_py', 'symlink_install': False, 'test_result_base': None}
[0.361s] Level 5:colcon.colcon_core.verb:set package 'stereo_msgs' build argument 'cmake_args' from command line to 'None'
[0.361s] Level 5:colcon.colcon_core.verb:set package 'stereo_msgs' build argument 'cmake_target' from command line to 'None'
[0.361s] Level 5:colcon.colcon_core.verb:set package 'stereo_msgs' build argument 'cmake_target_skip_unavailable' from command line to 'False'
[0.361s] Level 5:colcon.colcon_core.verb:set package 'stereo_msgs' build argument 'cmake_clean_cache' from command line to 'False'
[0.361s] Level 5:colcon.colcon_core.verb:set package 'stereo_msgs' build argument 'cmake_clean_first' from command line to 'False'
[0.361s] Level 5:colcon.colcon_core.verb:set package 'stereo_msgs' build argument 'cmake_force_configure' from command line to 'False'
[0.361s] Level 5:colcon.colcon_core.verb:set package 'stereo_msgs' build argument 'ament_cmake_args' from command line to 'None'
[0.361s] Level 5:colcon.colcon_core.verb:set package 'stereo_msgs' build argument 'catkin_cmake_args' from command line to 'None'
[0.361s] Level 5:colcon.colcon_core.verb:set package 'stereo_msgs' build argument 'catkin_skip_building_tests' from command line to 'False'
[0.361s] DEBUG:colcon.colcon_core.verb:Building package 'stereo_msgs' with the following arguments: {'ament_cmake_args': None, 'build_base': '/root/ros_ws/src/Rescue_Car_ws/build/stereo_msgs', 'catkin_cmake_args': None, 'catkin_skip_building_tests': False, 'cmake_args': None, 'cmake_clean_cache': False, 'cmake_clean_first': False, 'cmake_force_configure': False, 'cmake_target': None, 'cmake_target_skip_unavailable': False, 'install_base': '/root/ros_ws/src/Rescue_Car_ws/install/stereo_msgs', 'merge_install': False, 'path': '/root/ros_ws/src/Rescue_Car_ws/src/microros/src/ros2/common_interfaces/stereo_msgs', 'symlink_install': False, 'test_result_base': None}
[0.362s] Level 5:colcon.colcon_core.verb:set package 'visualization_msgs' build argument 'cmake_args' from command line to 'None'
[0.362s] Level 5:colcon.colcon_core.verb:set package 'visualization_msgs' build argument 'cmake_target' from command line to 'None'
[0.362s] Level 5:colcon.colcon_core.verb:set package 'visualization_msgs' build argument 'cmake_target_skip_unavailable' from command line to 'False'
[0.362s] Level 5:colcon.colcon_core.verb:set package 'visualization_msgs' build argument 'cmake_clean_cache' from command line to 'False'
[0.362s] Level 5:colcon.colcon_core.verb:set package 'visualization_msgs' build argument 'cmake_clean_first' from command line to 'False'
[0.362s] Level 5:colcon.colcon_core.verb:set package 'visualization_msgs' build argument 'cmake_force_configure' from command line to 'False'
[0.362s] Level 5:colcon.colcon_core.verb:set package 'visualization_msgs' build argument 'ament_cmake_args' from command line to 'None'
[0.362s] Level 5:colcon.colcon_core.verb:set package 'visualization_msgs' build argument 'catkin_cmake_args' from command line to 'None'
[0.362s] Level 5:colcon.colcon_core.verb:set package 'visualization_msgs' build argument 'catkin_skip_building_tests' from command line to 'False'
[0.362s] DEBUG:colcon.colcon_core.verb:Building package 'visualization_msgs' with the following arguments: {'ament_cmake_args': None, 'build_base': '/root/ros_ws/src/Rescue_Car_ws/build/visualization_msgs', 'catkin_cmake_args': None, 'catkin_skip_building_tests': False, 'cmake_args': None, 'cmake_clean_cache': False, 'cmake_clean_first': False, 'cmake_force_configure': False, 'cmake_target': None, 'cmake_target_skip_unavailable': False, 'install_base': '/root/ros_ws/src/Rescue_Car_ws/install/visualization_msgs', 'merge_install': False, 'path': '/root/ros_ws/src/Rescue_Car_ws/src/microros/src/ros2/common_interfaces/visualization_msgs', 'symlink_install': False, 'test_result_base': None}
[0.362s] Level 5:colcon.colcon_core.verb:set package 'common_interfaces' build argument 'cmake_args' from command line to 'None'
[0.362s] Level 5:colcon.colcon_core.verb:set package 'common_interfaces' build argument 'cmake_target' from command line to 'None'
[0.362s] Level 5:colcon.colcon_core.verb:set package 'common_interfaces' build argument 'cmake_target_skip_unavailable' from command line to 'False'
[0.362s] Level 5:colcon.colcon_core.verb:set package 'common_interfaces' build argument 'cmake_clean_cache' from command line to 'False'
[0.362s] Level 5:colcon.colcon_core.verb:set package 'common_interfaces' build argument 'cmake_clean_first' from command line to 'False'
[0.362s] Level 5:colcon.colcon_core.verb:set package 'common_interfaces' build argument 'cmake_force_configure' from command line to 'False'
[0.362s] Level 5:colcon.colcon_core.verb:set package 'common_interfaces' build argument 'ament_cmake_args' from command line to 'None'
[0.362s] Level 5:colcon.colcon_core.verb:set package 'common_interfaces' build argument 'catkin_cmake_args' from command line to 'None'
[0.362s] Level 5:colcon.colcon_core.verb:set package 'common_interfaces' build argument 'catkin_skip_building_tests' from command line to 'False'
[0.362s] DEBUG:colcon.colcon_core.verb:Building package 'common_interfaces' with the following arguments: {'ament_cmake_args': None, 'build_base': '/root/ros_ws/src/Rescue_Car_ws/build/common_interfaces', 'catkin_cmake_args': None, 'catkin_skip_building_tests': False, 'cmake_args': None, 'cmake_clean_cache': False, 'cmake_clean_first': False, 'cmake_force_configure': False, 'cmake_target': None, 'cmake_target_skip_unavailable': False, 'install_base': '/root/ros_ws/src/Rescue_Car_ws/install/common_interfaces', 'merge_install': False, 'path': '/root/ros_ws/src/Rescue_Car_ws/src/microros/src/ros2/common_interfaces/common_interfaces', 'symlink_install': False, 'test_result_base': None}
[0.362s] Level 5:colcon.colcon_core.verb:set package 'micro_ros_demos_rclc' build argument 'cmake_args' from command line to 'None'
[0.362s] Level 5:colcon.colcon_core.verb:set package 'micro_ros_demos_rclc' build argument 'cmake_target' from command line to 'None'
[0.362s] Level 5:colcon.colcon_core.verb:set package 'micro_ros_demos_rclc' build argument 'cmake_target_skip_unavailable' from command line to 'False'
[0.362s] Level 5:colcon.colcon_core.verb:set package 'micro_ros_demos_rclc' build argument 'cmake_clean_cache' from command line to 'False'
[0.362s] Level 5:colcon.colcon_core.verb:set package 'micro_ros_demos_rclc' build argument 'cmake_clean_first' from command line to 'False'
[0.362s] Level 5:colcon.colcon_core.verb:set package 'micro_ros_demos_rclc' build argument 'cmake_force_configure' from command line to 'False'
[0.362s] Level 5:colcon.colcon_core.verb:set package 'micro_ros_demos_rclc' build argument 'ament_cmake_args' from command line to 'None'
[0.362s] Level 5:colcon.colcon_core.verb:set package 'micro_ros_demos_rclc' build argument 'catkin_cmake_args' from command line to 'None'
[0.362s] Level 5:colcon.colcon_core.verb:set package 'micro_ros_demos_rclc' build argument 'catkin_skip_building_tests' from command line to 'False'
[0.362s] DEBUG:colcon.colcon_core.verb:Building package 'micro_ros_demos_rclc' with the following arguments: {'ament_cmake_args': None, 'build_base': '/root/ros_ws/src/Rescue_Car_ws/build/micro_ros_demos_rclc', 'catkin_cmake_args': None, 'catkin_skip_building_tests': False, 'cmake_args': None, 'cmake_clean_cache': False, 'cmake_clean_first': False, 'cmake_force_configure': False, 'cmake_target': None, 'cmake_target_skip_unavailable': False, 'install_base': '/root/ros_ws/src/Rescue_Car_ws/install/micro_ros_demos_rclc', 'merge_install': False, 'path': '/root/ros_ws/src/Rescue_Car_ws/src/microros/src/uros/micro-ROS-demos/rclc', 'symlink_install': False, 'test_result_base': None}
[0.363s] Level 5:colcon.colcon_core.verb:set package 'rosidl_typesupport_microxrcedds_c_tests' build argument 'cmake_args' from command line to 'None'
[0.363s] Level 5:colcon.colcon_core.verb:set package 'rosidl_typesupport_microxrcedds_c_tests' build argument 'cmake_target' from command line to 'None'
[0.363s] Level 5:colcon.colcon_core.verb:set package 'rosidl_typesupport_microxrcedds_c_tests' build argument 'cmake_target_skip_unavailable' from command line to 'False'
[0.363s] Level 5:colcon.colcon_core.verb:set package 'rosidl_typesupport_microxrcedds_c_tests' build argument 'cmake_clean_cache' from command line to 'False'
[0.363s] Level 5:colcon.colcon_core.verb:set package 'rosidl_typesupport_microxrcedds_c_tests' build argument 'cmake_clean_first' from command line to 'False'
[0.363s] Level 5:colcon.colcon_core.verb:set package 'rosidl_typesupport_microxrcedds_c_tests' build argument 'cmake_force_configure' from command line to 'False'
[0.363s] Level 5:colcon.colcon_core.verb:set package 'rosidl_typesupport_microxrcedds_c_tests' build argument 'ament_cmake_args' from command line to 'None'
[0.363s] Level 5:colcon.colcon_core.verb:set package 'rosidl_typesupport_microxrcedds_c_tests' build argument 'catkin_cmake_args' from command line to 'None'
[0.363s] Level 5:colcon.colcon_core.verb:set package 'rosidl_typesupport_microxrcedds_c_tests' build argument 'catkin_skip_building_tests' from command line to 'False'
[0.363s] DEBUG:colcon.colcon_core.verb:Building package 'rosidl_typesupport_microxrcedds_c_tests' with the following arguments: {'ament_cmake_args': None, 'build_base': '/root/ros_ws/src/Rescue_Car_ws/build/rosidl_typesupport_microxrcedds_c_tests', 'catkin_cmake_args': None, 'catkin_skip_building_tests': False, 'cmake_args': None, 'cmake_clean_cache': False, 'cmake_clean_first': False, 'cmake_force_configure': False, 'cmake_target': None, 'cmake_target_skip_unavailable': False, 'install_base': '/root/ros_ws/src/Rescue_Car_ws/install/rosidl_typesupport_microxrcedds_c_tests', 'merge_install': False, 'path': '/root/ros_ws/src/Rescue_Car_ws/src/microros/src/uros/rosidl_typesupport_microxrcedds/test/c', 'symlink_install': False, 'test_result_base': None}
[0.363s] Level 5:colcon.colcon_core.verb:set package 'rosidl_typesupport_microxrcedds_cpp_tests' build argument 'cmake_args' from command line to 'None'
[0.363s] Level 5:colcon.colcon_core.verb:set package 'rosidl_typesupport_microxrcedds_cpp_tests' build argument 'cmake_target' from command line to 'None'
[0.363s] Level 5:colcon.colcon_core.verb:set package 'rosidl_typesupport_microxrcedds_cpp_tests' build argument 'cmake_target_skip_unavailable' from command line to 'False'
[0.363s] Level 5:colcon.colcon_core.verb:set package 'rosidl_typesupport_microxrcedds_cpp_tests' build argument 'cmake_clean_cache' from command line to 'False'
[0.363s] Level 5:colcon.colcon_core.verb:set package 'rosidl_typesupport_microxrcedds_cpp_tests' build argument 'cmake_clean_first' from command line to 'False'
[0.363s] Level 5:colcon.colcon_core.verb:set package 'rosidl_typesupport_microxrcedds_cpp_tests' build argument 'cmake_force_configure' from command line to 'False'
[0.363s] Level 5:colcon.colcon_core.verb:set package 'rosidl_typesupport_microxrcedds_cpp_tests' build argument 'ament_cmake_args' from command line to 'None'
[0.363s] Level 5:colcon.colcon_core.verb:set package 'rosidl_typesupport_microxrcedds_cpp_tests' build argument 'catkin_cmake_args' from command line to 'None'
[0.363s] Level 5:colcon.colcon_core.verb:set package 'rosidl_typesupport_microxrcedds_cpp_tests' build argument 'catkin_skip_building_tests' from command line to 'False'
[0.363s] DEBUG:colcon.colcon_core.verb:Building package 'rosidl_typesupport_microxrcedds_cpp_tests' with the following arguments: {'ament_cmake_args': None, 'build_base': '/root/ros_ws/src/Rescue_Car_ws/build/rosidl_typesupport_microxrcedds_cpp_tests', 'catkin_cmake_args': None, 'catkin_skip_building_tests': False, 'cmake_args': None, 'cmake_clean_cache': False, 'cmake_clean_first': False, 'cmake_force_configure': False, 'cmake_target': None, 'cmake_target_skip_unavailable': False, 'install_base': '/root/ros_ws/src/Rescue_Car_ws/install/rosidl_typesupport_microxrcedds_cpp_tests', 'merge_install': False, 'path': '/root/ros_ws/src/Rescue_Car_ws/src/microros/src/uros/rosidl_typesupport_microxrcedds/test/cpp', 'symlink_install': False, 'test_result_base': None}
[0.363s] INFO:colcon.colcon_core.executor:Executing jobs using 'parallel' executor
[0.364s] DEBUG:colcon.colcon_parallel_executor.executor.parallel:run_until_complete
[0.365s] INFO:colcon.colcon_ros.task.ament_cmake.build:Building ROS package in '/root/ros_ws/src/Rescue_Car_ws/src/microros/src/ros2/rcl_interfaces/builtin_interfaces' with build type 'ament_cmake'
[0.365s] INFO:colcon.colcon_cmake.task.cmake.build:Building CMake package in '/root/ros_ws/src/Rescue_Car_ws/src/microros/src/ros2/rcl_interfaces/builtin_interfaces'
[0.369s] INFO:colcon.colcon_core.plugin_system:Skipping extension 'colcon_core.shell.bat': Not used on non-Windows systems
[0.369s] INFO:colcon.colcon_core.shell:Skip shell extension 'powershell' for command environment: Not usable outside of PowerShell
[0.369s] DEBUG:colcon.colcon_core.shell:Skip shell extension 'dsv' for command environment
[0.373s] INFO:colcon.colcon_cmake.task.cmake.build:Building CMake package in '/root/ros_ws/src/Rescue_Car_ws/src/microros/src/eProsima/Micro-CDR'
[0.373s] INFO:colcon.colcon_core.shell:Skip shell extension 'powershell' for command environment: Not usable outside of PowerShell
[0.373s] DEBUG:colcon.colcon_core.shell:Skip shell extension 'dsv' for command environment
[0.377s] INFO:colcon.colcon_ros.task.ament_cmake.build:Building ROS package in '/root/ros_ws/src/Rescue_Car_ws/src/microros/src/uros/micro_ros_msgs' with build type 'ament_cmake'
[0.377s] INFO:colcon.colcon_cmake.task.cmake.build:Building CMake package in '/root/ros_ws/src/Rescue_Car_ws/src/microros/src/uros/micro_ros_msgs'
[0.377s] INFO:colcon.colcon_core.shell:Skip shell extension 'powershell' for command environment: Not usable outside of PowerShell
[0.377s] DEBUG:colcon.colcon_core.shell:Skip shell extension 'dsv' for command environment
[0.381s] INFO:colcon.colcon_ros.task.ament_cmake.build:Building ROS package in '/root/ros_ws/src/Rescue_Car_ws/src/microros/src/ros2/unique_identifier_msgs' with build type 'ament_cmake'
[0.381s] INFO:colcon.colcon_cmake.task.cmake.build:Building CMake package in '/root/ros_ws/src/Rescue_Car_ws/src/microros/src/ros2/unique_identifier_msgs'
[0.381s] INFO:colcon.colcon_core.shell:Skip shell extension 'powershell' for command environment: Not usable outside of PowerShell
[0.382s] DEBUG:colcon.colcon_core.shell:Skip shell extension 'dsv' for command environment
[0.385s] INFO:colcon.colcon_ros.task.ament_cmake.build:Building ROS package in '/root/ros_ws/src/Rescue_Car_ws/src/microros/src/uros/micro_ros_utilities' with build type 'ament_cmake'
[0.385s] INFO:colcon.colcon_cmake.task.cmake.build:Building CMake package in '/root/ros_ws/src/Rescue_Car_ws/src/microros/src/uros/micro_ros_utilities'
[0.386s] INFO:colcon.colcon_core.shell:Skip shell extension 'powershell' for command environment: Not usable outside of PowerShell
[0.386s] DEBUG:colcon.colcon_core.shell:Skip shell extension 'dsv' for command environment
[0.389s] INFO:colcon.colcon_ros.task.ament_cmake.build:Building ROS package in '/root/ros_ws/src/Rescue_Car_ws/src/microros/src/ros2/common_interfaces/std_srvs' with build type 'ament_cmake'
[0.390s] INFO:colcon.colcon_cmake.task.cmake.build:Building CMake package in '/root/ros_ws/src/Rescue_Car_ws/src/microros/src/ros2/common_interfaces/std_srvs'
[0.390s] INFO:colcon.colcon_core.shell:Skip shell extension 'powershell' for command environment: Not usable outside of PowerShell
[0.390s] DEBUG:colcon.colcon_core.shell:Skip shell extension 'dsv' for command environment
[0.393s] INFO:colcon.colcon_ros.task.ament_cmake.build:Building ROS package in '/root/ros_ws/src/Rescue_Car_ws/src/car' with build type 'ament_cmake'
[0.394s] INFO:colcon.colcon_cmake.task.cmake.build:Building CMake package in '/root/ros_ws/src/Rescue_Car_ws/src/car'
[0.394s] INFO:colcon.colcon_core.shell:Skip shell extension 'powershell' for command environment: Not usable outside of PowerShell
[0.394s] DEBUG:colcon.colcon_core.shell:Skip shell extension 'dsv' for command environment
[0.398s] INFO:colcon.colcon_ros.task.ament_cmake.build:Building ROS package in '/root/ros_ws/src/Rescue_Car_ws/src/microros/src/ros2/rcl_interfaces/lifecycle_msgs' with build type 'ament_cmake'
[0.398s] INFO:colcon.colcon_cmake.task.cmake.build:Building CMake package in '/root/ros_ws/src/Rescue_Car_ws/src/microros/src/ros2/rcl_interfaces/lifecycle_msgs'
[0.398s] INFO:colcon.colcon_core.shell:Skip shell extension 'powershell' for command environment: Not usable outside of PowerShell
[0.398s] DEBUG:colcon.colcon_core.shell:Skip shell extension 'dsv' for command environment
[0.402s] INFO:colcon.colcon_ros.task.ament_cmake.build:Building ROS package in '/root/ros_ws/src/Rescue_Car_ws/src/microros/src/micro_ros_setup' with build type 'ament_cmake'
[0.402s] INFO:colcon.colcon_cmake.task.cmake.build:Building CMake package in '/root/ros_ws/src/Rescue_Car_ws/src/microros/src/micro_ros_setup'
[0.402s] INFO:colcon.colcon_core.shell:Skip shell extension 'powershell' for command environment: Not usable outside of PowerShell
[0.402s] DEBUG:colcon.colcon_core.shell:Skip shell extension 'dsv' for command environment
[0.413s] DEBUG:colcon.colcon_core.event_handler.log_command:Invoking command in '/root/ros_ws/src/Rescue_Car_ws/build/builtin_interfaces': CMAKE_PREFIX_PATH=${CMAKE_PREFIX_PATH}:/root/ros_ws/src/Rescue_Car_ws/install/sensor_msgs_py:/opt/ros/humble /usr/bin/cmake --build /root/ros_ws/src/Rescue_Car_ws/build/builtin_interfaces -- -j20 -l20
[0.415s] DEBUG:colcon.colcon_core.event_handler.log_command:Invoking command in '/root/ros_ws/src/Rescue_Car_ws/build/microcdr': /usr/bin/cmake --build /root/ros_ws/src/Rescue_Car_ws/build/microcdr -- -j20 -l20
[0.418s] DEBUG:colcon.colcon_core.event_handler.log_command:Invoking command in '/root/ros_ws/src/Rescue_Car_ws/build/micro_ros_msgs': CMAKE_PREFIX_PATH=${CMAKE_PREFIX_PATH}:/root/ros_ws/src/Rescue_Car_ws/install/sensor_msgs_py:/opt/ros/humble /usr/bin/cmake --build /root/ros_ws/src/Rescue_Car_ws/build/micro_ros_msgs -- -j20 -l20
[0.422s] DEBUG:colcon.colcon_core.event_handler.log_command:Invoking command in '/root/ros_ws/src/Rescue_Car_ws/build/unique_identifier_msgs': CMAKE_PREFIX_PATH=${CMAKE_PREFIX_PATH}:/root/ros_ws/src/Rescue_Car_ws/install/sensor_msgs_py:/opt/ros/humble /usr/bin/cmake --build /root/ros_ws/src/Rescue_Car_ws/build/unique_identifier_msgs -- -j20 -l20
[0.425s] DEBUG:colcon.colcon_core.event_handler.log_command:Invoking command in '/root/ros_ws/src/Rescue_Car_ws/build/micro_ros_utilities': CMAKE_PREFIX_PATH=${CMAKE_PREFIX_PATH}:/root/ros_ws/src/Rescue_Car_ws/install/sensor_msgs_py:/opt/ros/humble /usr/bin/cmake --build /root/ros_ws/src/Rescue_Car_ws/build/micro_ros_utilities -- -j20 -l20
[0.428s] DEBUG:colcon.colcon_core.event_handler.log_command:Invoking command in '/root/ros_ws/src/Rescue_Car_ws/build/std_srvs': CMAKE_PREFIX_PATH=${CMAKE_PREFIX_PATH}:/root/ros_ws/src/Rescue_Car_ws/install/sensor_msgs_py:/opt/ros/humble /usr/bin/cmake --build /root/ros_ws/src/Rescue_Car_ws/build/std_srvs -- -j20 -l20
[0.431s] DEBUG:colcon.colcon_core.event_handler.log_command:Invoking command in '/root/ros_ws/src/Rescue_Car_ws/build/car': CMAKE_PREFIX_PATH=${CMAKE_PREFIX_PATH}:/root/ros_ws/src/Rescue_Car_ws/install/sensor_msgs_py:/opt/ros/humble /usr/bin/cmake --build /root/ros_ws/src/Rescue_Car_ws/build/car -- -j20 -l20
[0.435s] DEBUG:colcon.colcon_core.event_handler.log_command:Invoking command in '/root/ros_ws/src/Rescue_Car_ws/build/lifecycle_msgs': CMAKE_PREFIX_PATH=${CMAKE_PREFIX_PATH}:/root/ros_ws/src/Rescue_Car_ws/install/sensor_msgs_py:/opt/ros/humble /usr/bin/cmake --build /root/ros_ws/src/Rescue_Car_ws/build/lifecycle_msgs -- -j20 -l20
[0.448s] DEBUG:colcon.colcon_core.event_handler.log_command:Invoking command in '/root/ros_ws/src/Rescue_Car_ws/build/micro_ros_setup': CMAKE_PREFIX_PATH=${CMAKE_PREFIX_PATH}:/root/ros_ws/src/Rescue_Car_ws/install/sensor_msgs_py:/opt/ros/humble /usr/bin/cmake --build /root/ros_ws/src/Rescue_Car_ws/build/micro_ros_setup -- -j20 -l20
[0.493s] DEBUG:colcon.colcon_core.event_handler.log_command:Invoked command in '/root/ros_ws/src/Rescue_Car_ws/build/microcdr' returned '0': /usr/bin/cmake --build /root/ros_ws/src/Rescue_Car_ws/build/microcdr -- -j20 -l20
[0.514s] DEBUG:colcon.colcon_core.event_handler.log_command:Invoking command in '/root/ros_ws/src/Rescue_Car_ws/build/microcdr': /usr/bin/cmake --install /root/ros_ws/src/Rescue_Car_ws/build/microcdr
[0.523s] DEBUG:colcon.colcon_core.event_handler.log_command:Invoked command in '/root/ros_ws/src/Rescue_Car_ws/build/micro_ros_setup' returned '0': CMAKE_PREFIX_PATH=${CMAKE_PREFIX_PATH}:/root/ros_ws/src/Rescue_Car_ws/install/sensor_msgs_py:/opt/ros/humble /usr/bin/cmake --build /root/ros_ws/src/Rescue_Car_ws/build/micro_ros_setup -- -j20 -l20
[0.532s] DEBUG:colcon.colcon_core.event_handler.log_command:Invoking command in '/root/ros_ws/src/Rescue_Car_ws/build/micro_ros_setup': CMAKE_PREFIX_PATH=${CMAKE_PREFIX_PATH}:/root/ros_ws/src/Rescue_Car_ws/install/sensor_msgs_py:/opt/ros/humble /usr/bin/cmake --install /root/ros_ws/src/Rescue_Car_ws/build/micro_ros_setup
[0.541s] Level 1:colcon.colcon_core.environment:create_environment_scripts_only(microcdr)
[0.544s] Level 1:colcon.colcon_core.environment:checking '/root/ros_ws/src/Rescue_Car_ws/install/microcdr' for CMake module files
[0.549s] DEBUG:colcon.colcon_core.event_handler.log_command:Invoked command in '/root/ros_ws/src/Rescue_Car_ws/build/microcdr' returned '0': /usr/bin/cmake --install /root/ros_ws/src/Rescue_Car_ws/build/microcdr
[0.552s] Level 1:colcon.colcon_core.environment:checking '/root/ros_ws/src/Rescue_Car_ws/install/microcdr' for CMake config files
[0.553s] Level 1:colcon.colcon_core.shell:create_environment_hook('microcdr', 'cmake_prefix_path')
[0.553s] INFO:colcon.colcon_core.shell:Creating environment hook '/root/ros_ws/src/Rescue_Car_ws/install/microcdr/share/microcdr/hook/cmake_prefix_path.ps1'
[0.554s] INFO:colcon.colcon_core.shell:Creating environment descriptor '/root/ros_ws/src/Rescue_Car_ws/install/microcdr/share/microcdr/hook/cmake_prefix_path.dsv'
[0.560s] INFO:colcon.colcon_core.shell:Creating environment hook '/root/ros_ws/src/Rescue_Car_ws/install/microcdr/share/microcdr/hook/cmake_prefix_path.sh'
[0.562s] Level 1:colcon.colcon_core.environment:checking '/root/ros_ws/src/Rescue_Car_ws/install/microcdr/lib'
[0.563s] Level 1:colcon.colcon_core.environment:checking '/root/ros_ws/src/Rescue_Car_ws/install/microcdr/bin'
[0.563s] Level 1:colcon.colcon_core.environment:checking '/root/ros_ws/src/Rescue_Car_ws/install/microcdr/lib/pkgconfig/microcdr.pc'
[0.563s] Level 1:colcon.colcon_core.environment:checking '/root/ros_ws/src/Rescue_Car_ws/install/microcdr/lib/python3.10/site-packages'
[0.563s] Level 1:colcon.colcon_core.environment:checking '/root/ros_ws/src/Rescue_Car_ws/install/microcdr/bin'
[0.564s] INFO:colcon.colcon_core.shell:Creating package script '/root/ros_ws/src/Rescue_Car_ws/install/microcdr/share/microcdr/package.ps1'
[0.566s] INFO:colcon.colcon_core.shell:Creating package descriptor '/root/ros_ws/src/Rescue_Car_ws/install/microcdr/share/microcdr/package.dsv'
[0.567s] INFO:colcon.colcon_core.shell:Creating package script '/root/ros_ws/src/Rescue_Car_ws/install/microcdr/share/microcdr/package.sh'
[0.571s] INFO:colcon.colcon_core.shell:Creating package script '/root/ros_ws/src/Rescue_Car_ws/install/microcdr/share/microcdr/package.bash'
[0.574s] INFO:colcon.colcon_core.shell:Creating package script '/root/ros_ws/src/Rescue_Car_ws/install/microcdr/share/microcdr/package.zsh'
[0.580s] Level 1:colcon.colcon_core.environment:create_file_with_runtime_dependencies(/root/ros_ws/src/Rescue_Car_ws/install/microcdr/share/colcon-core/packages/microcdr)
[0.585s] INFO:colcon.colcon_ros.task.ament_cmake.build:Building ROS package in '/root/ros_ws/src/Rescue_Car_ws/src/microros/src/uros/rosidl_typesupport_microxrcedds/rosidl_typesupport_microxrcedds_c' with build type 'ament_cmake'
[0.585s] INFO:colcon.colcon_cmake.task.cmake.build:Building CMake package in '/root/ros_ws/src/Rescue_Car_ws/src/microros/src/uros/rosidl_typesupport_microxrcedds/rosidl_typesupport_microxrcedds_c'
[0.586s] INFO:colcon.colcon_core.shell:Skip shell extension 'powershell' for command environment: Not usable outside of PowerShell
[0.586s] DEBUG:colcon.colcon_core.shell:Skip shell extension 'dsv' for command environment
[0.596s] INFO:colcon.colcon_cmake.task.cmake.build:Building CMake package in '/root/ros_ws/src/Rescue_Car_ws/src/microros/src/eProsima/Micro-XRCE-DDS-Client'
[0.596s] INFO:colcon.colcon_core.shell:Skip shell extension 'powershell' for command environment: Not usable outside of PowerShell
[0.597s] DEBUG:colcon.colcon_core.shell:Skip shell extension 'dsv' for command environment
[0.604s] Level 1:colcon.colcon_core.environment:create_environment_scripts_only(micro_ros_setup)
[0.605s] Level 1:colcon.colcon_core.environment:checking '/root/ros_ws/src/Rescue_Car_ws/install/micro_ros_setup' for CMake module files
[0.606s] DEBUG:colcon.colcon_core.event_handler.log_command:Invoked command in '/root/ros_ws/src/Rescue_Car_ws/build/micro_ros_setup' returned '0': CMAKE_PREFIX_PATH=${CMAKE_PREFIX_PATH}:/root/ros_ws/src/Rescue_Car_ws/install/sensor_msgs_py:/opt/ros/humble /usr/bin/cmake --install /root/ros_ws/src/Rescue_Car_ws/build/micro_ros_setup
[0.607s] Level 1:colcon.colcon_core.environment:checking '/root/ros_ws/src/Rescue_Car_ws/install/micro_ros_setup' for CMake config files
[0.608s] Level 1:colcon.colcon_core.shell:create_environment_hook('micro_ros_setup', 'cmake_prefix_path')
[0.609s] INFO:colcon.colcon_core.shell:Creating environment hook '/root/ros_ws/src/Rescue_Car_ws/install/micro_ros_setup/share/micro_ros_setup/hook/cmake_prefix_path.ps1'
[0.609s] INFO:colcon.colcon_core.shell:Creating environment descriptor '/root/ros_ws/src/Rescue_Car_ws/install/micro_ros_setup/share/micro_ros_setup/hook/cmake_prefix_path.dsv'
[0.610s] INFO:colcon.colcon_core.shell:Creating environment hook '/root/ros_ws/src/Rescue_Car_ws/install/micro_ros_setup/share/micro_ros_setup/hook/cmake_prefix_path.sh'
[0.611s] Level 1:colcon.colcon_core.environment:checking '/root/ros_ws/src/Rescue_Car_ws/install/micro_ros_setup/lib'
[0.611s] Level 1:colcon.colcon_core.environment:checking '/root/ros_ws/src/Rescue_Car_ws/install/micro_ros_setup/bin'
[0.611s] Level 1:colcon.colcon_core.environment:checking '/root/ros_ws/src/Rescue_Car_ws/install/micro_ros_setup/lib/pkgconfig/micro_ros_setup.pc'
[0.611s] Level 1:colcon.colcon_core.environment:checking '/root/ros_ws/src/Rescue_Car_ws/install/micro_ros_setup/lib/python3.10/site-packages'
[0.612s] Level 1:colcon.colcon_core.environment:checking '/root/ros_ws/src/Rescue_Car_ws/install/micro_ros_setup/bin'
[0.612s] INFO:colcon.colcon_core.shell:Creating package script '/root/ros_ws/src/Rescue_Car_ws/install/micro_ros_setup/share/micro_ros_setup/package.ps1'
[0.614s] INFO:colcon.colcon_core.shell:Creating package descriptor '/root/ros_ws/src/Rescue_Car_ws/install/micro_ros_setup/share/micro_ros_setup/package.dsv'
[0.616s] INFO:colcon.colcon_core.shell:Creating package script '/root/ros_ws/src/Rescue_Car_ws/install/micro_ros_setup/share/micro_ros_setup/package.sh'
[0.616s] INFO:colcon.colcon_core.shell:Creating package script '/root/ros_ws/src/Rescue_Car_ws/install/micro_ros_setup/share/micro_ros_setup/package.bash'
[0.617s] INFO:colcon.colcon_core.shell:Creating package script '/root/ros_ws/src/Rescue_Car_ws/install/micro_ros_setup/share/micro_ros_setup/package.zsh'
[0.617s] Level 1:colcon.colcon_core.environment:create_file_with_runtime_dependencies(/root/ros_ws/src/Rescue_Car_ws/install/micro_ros_setup/share/colcon-core/packages/micro_ros_setup)
[0.618s] Level 1:colcon.colcon_core.environment:create_environment_scripts_only(micro_ros_setup)
[0.618s] Level 1:colcon.colcon_core.environment:checking '/root/ros_ws/src/Rescue_Car_ws/install/micro_ros_setup' for CMake module files
[0.619s] Level 1:colcon.colcon_core.environment:checking '/root/ros_ws/src/Rescue_Car_ws/install/micro_ros_setup' for CMake config files
[0.620s] Level 1:colcon.colcon_core.shell:create_environment_hook('micro_ros_setup', 'cmake_prefix_path')
[0.620s] INFO:colcon.colcon_core.shell:Creating environment hook '/root/ros_ws/src/Rescue_Car_ws/install/micro_ros_setup/share/micro_ros_setup/hook/cmake_prefix_path.ps1'
[0.621s] INFO:colcon.colcon_core.shell:Creating environment descriptor '/root/ros_ws/src/Rescue_Car_ws/install/micro_ros_setup/share/micro_ros_setup/hook/cmake_prefix_path.dsv'
[0.621s] INFO:colcon.colcon_core.shell:Creating environment hook '/root/ros_ws/src/Rescue_Car_ws/install/micro_ros_setup/share/micro_ros_setup/hook/cmake_prefix_path.sh'
[0.622s] Level 1:colcon.colcon_core.environment:checking '/root/ros_ws/src/Rescue_Car_ws/install/micro_ros_setup/lib'
[0.622s] Level 1:colcon.colcon_core.environment:checking '/root/ros_ws/src/Rescue_Car_ws/install/micro_ros_setup/bin'
[0.622s] Level 1:colcon.colcon_core.environment:checking '/root/ros_ws/src/Rescue_Car_ws/install/micro_ros_setup/lib/pkgconfig/micro_ros_setup.pc'
[0.623s] Level 1:colcon.colcon_core.environment:checking '/root/ros_ws/src/Rescue_Car_ws/install/micro_ros_setup/lib/python3.10/site-packages'
[0.623s] Level 1:colcon.colcon_core.environment:checking '/root/ros_ws/src/Rescue_Car_ws/install/micro_ros_setup/bin'
[0.623s] INFO:colcon.colcon_core.shell:Creating package script '/root/ros_ws/src/Rescue_Car_ws/install/micro_ros_setup/share/micro_ros_setup/package.ps1'
[0.625s] INFO:colcon.colcon_core.shell:Creating package descriptor '/root/ros_ws/src/Rescue_Car_ws/install/micro_ros_setup/share/micro_ros_setup/package.dsv'
[0.625s] INFO:colcon.colcon_core.shell:Creating package script '/root/ros_ws/src/Rescue_Car_ws/install/micro_ros_setup/share/micro_ros_setup/package.sh'
[0.626s] INFO:colcon.colcon_core.shell:Creating package script '/root/ros_ws/src/Rescue_Car_ws/install/micro_ros_setup/share/micro_ros_setup/package.bash'
[0.626s] INFO:colcon.colcon_core.shell:Creating package script '/root/ros_ws/src/Rescue_Car_ws/install/micro_ros_setup/share/micro_ros_setup/package.zsh'
[0.626s] Level 1:colcon.colcon_core.environment:create_file_with_runtime_dependencies(/root/ros_ws/src/Rescue_Car_ws/install/micro_ros_setup/share/colcon-core/packages/micro_ros_setup)
[0.631s] DEBUG:colcon.colcon_core.event_handler.log_command:Invoked command in '/root/ros_ws/src/Rescue_Car_ws/build/micro_ros_utilities' returned '0': CMAKE_PREFIX_PATH=${CMAKE_PREFIX_PATH}:/root/ros_ws/src/Rescue_Car_ws/install/sensor_msgs_py:/opt/ros/humble /usr/bin/cmake --build /root/ros_ws/src/Rescue_Car_ws/build/micro_ros_utilities -- -j20 -l20
[0.631s] DEBUG:colcon.colcon_core.event_handler.log_command:Invoking command in '/root/ros_ws/src/Rescue_Car_ws/build/micro_ros_utilities': CMAKE_PREFIX_PATH=${CMAKE_PREFIX_PATH}:/root/ros_ws/src/Rescue_Car_ws/install/sensor_msgs_py:/opt/ros/humble /usr/bin/cmake --install /root/ros_ws/src/Rescue_Car_ws/build/micro_ros_utilities
[0.644s] Level 1:colcon.colcon_core.environment:create_environment_scripts_only(micro_ros_utilities)
[0.645s] Level 1:colcon.colcon_core.environment:checking '/root/ros_ws/src/Rescue_Car_ws/install/micro_ros_utilities' for CMake module files
[0.648s] DEBUG:colcon.colcon_core.event_handler.log_command:Invoked command in '/root/ros_ws/src/Rescue_Car_ws/build/micro_ros_utilities' returned '0': CMAKE_PREFIX_PATH=${CMAKE_PREFIX_PATH}:/root/ros_ws/src/Rescue_Car_ws/install/sensor_msgs_py:/opt/ros/humble /usr/bin/cmake --install /root/ros_ws/src/Rescue_Car_ws/build/micro_ros_utilities
[0.648s] Level 1:colcon.colcon_core.environment:checking '/root/ros_ws/src/Rescue_Car_ws/install/micro_ros_utilities' for CMake config files
[0.648s] Level 1:colcon.colcon_core.shell:create_environment_hook('micro_ros_utilities', 'cmake_prefix_path')
[0.649s] INFO:colcon.colcon_core.shell:Creating environment hook '/root/ros_ws/src/Rescue_Car_ws/install/micro_ros_utilities/share/micro_ros_utilities/hook/cmake_prefix_path.ps1'
[0.649s] INFO:colcon.colcon_core.shell:Creating environment descriptor '/root/ros_ws/src/Rescue_Car_ws/install/micro_ros_utilities/share/micro_ros_utilities/hook/cmake_prefix_path.dsv'
[0.650s] INFO:colcon.colcon_core.shell:Creating environment hook '/root/ros_ws/src/Rescue_Car_ws/install/micro_ros_utilities/share/micro_ros_utilities/hook/cmake_prefix_path.sh'
[0.651s] Level 1:colcon.colcon_core.environment:checking '/root/ros_ws/src/Rescue_Car_ws/install/micro_ros_utilities/lib'
[0.651s] Level 1:colcon.colcon_core.environment:checking '/root/ros_ws/src/Rescue_Car_ws/install/micro_ros_utilities/bin'
[0.651s] Level 1:colcon.colcon_core.environment:checking '/root/ros_ws/src/Rescue_Car_ws/install/micro_ros_utilities/lib/pkgconfig/micro_ros_utilities.pc'
[0.651s] Level 1:colcon.colcon_core.environment:checking '/root/ros_ws/src/Rescue_Car_ws/install/micro_ros_utilities/lib/python3.10/site-packages'
[0.651s] Level 1:colcon.colcon_core.environment:checking '/root/ros_ws/src/Rescue_Car_ws/install/micro_ros_utilities/bin'
[0.652s] INFO:colcon.colcon_core.shell:Creating package script '/root/ros_ws/src/Rescue_Car_ws/install/micro_ros_utilities/share/micro_ros_utilities/package.ps1'
[0.653s] INFO:colcon.colcon_core.shell:Creating package descriptor '/root/ros_ws/src/Rescue_Car_ws/install/micro_ros_utilities/share/micro_ros_utilities/package.dsv'
[0.653s] INFO:colcon.colcon_core.shell:Creating package script '/root/ros_ws/src/Rescue_Car_ws/install/micro_ros_utilities/share/micro_ros_utilities/package.sh'
[0.654s] INFO:colcon.colcon_core.shell:Creating package script '/root/ros_ws/src/Rescue_Car_ws/install/micro_ros_utilities/share/micro_ros_utilities/package.bash'
[0.654s] INFO:colcon.colcon_core.shell:Creating package script '/root/ros_ws/src/Rescue_Car_ws/install/micro_ros_utilities/share/micro_ros_utilities/package.zsh'
[0.655s] Level 1:colcon.colcon_core.environment:create_file_with_runtime_dependencies(/root/ros_ws/src/Rescue_Car_ws/install/micro_ros_utilities/share/colcon-core/packages/micro_ros_utilities)
[0.656s] Level 1:colcon.colcon_core.environment:create_environment_scripts_only(micro_ros_utilities)
[0.656s] Level 1:colcon.colcon_core.environment:checking '/root/ros_ws/src/Rescue_Car_ws/install/micro_ros_utilities' for CMake module files
[0.657s] Level 1:colcon.colcon_core.environment:checking '/root/ros_ws/src/Rescue_Car_ws/install/micro_ros_utilities' for CMake config files
[0.657s] Level 1:colcon.colcon_core.shell:create_environment_hook('micro_ros_utilities', 'cmake_prefix_path')
[0.657s] INFO:colcon.colcon_core.shell:Creating environment hook '/root/ros_ws/src/Rescue_Car_ws/install/micro_ros_utilities/share/micro_ros_utilities/hook/cmake_prefix_path.ps1'
[0.659s] INFO:colcon.colcon_core.shell:Creating environment descriptor '/root/ros_ws/src/Rescue_Car_ws/install/micro_ros_utilities/share/micro_ros_utilities/hook/cmake_prefix_path.dsv'
[0.660s] INFO:colcon.colcon_core.shell:Creating environment hook '/root/ros_ws/src/Rescue_Car_ws/install/micro_ros_utilities/share/micro_ros_utilities/hook/cmake_prefix_path.sh'
[0.661s] Level 1:colcon.colcon_core.environment:checking '/root/ros_ws/src/Rescue_Car_ws/install/micro_ros_utilities/lib'
[0.661s] Level 1:colcon.colcon_core.environment:checking '/root/ros_ws/src/Rescue_Car_ws/install/micro_ros_utilities/bin'
[0.661s] Level 1:colcon.colcon_core.environment:checking '/root/ros_ws/src/Rescue_Car_ws/install/micro_ros_utilities/lib/pkgconfig/micro_ros_utilities.pc'
[0.661s] Level 1:colcon.colcon_core.environment:checking '/root/ros_ws/src/Rescue_Car_ws/install/micro_ros_utilities/lib/python3.10/site-packages'
[0.662s] Level 1:colcon.colcon_core.environment:checking '/root/ros_ws/src/Rescue_Car_ws/install/micro_ros_utilities/bin'
[0.662s] INFO:colcon.colcon_core.shell:Creating package script '/root/ros_ws/src/Rescue_Car_ws/install/micro_ros_utilities/share/micro_ros_utilities/package.ps1'
[0.663s] INFO:colcon.colcon_core.shell:Creating package descriptor '/root/ros_ws/src/Rescue_Car_ws/install/micro_ros_utilities/share/micro_ros_utilities/package.dsv'
[0.663s] INFO:colcon.colcon_core.shell:Creating package script '/root/ros_ws/src/Rescue_Car_ws/install/micro_ros_utilities/share/micro_ros_utilities/package.sh'
[0.664s] INFO:colcon.colcon_core.shell:Creating package script '/root/ros_ws/src/Rescue_Car_ws/install/micro_ros_utilities/share/micro_ros_utilities/package.bash'
[0.664s] INFO:colcon.colcon_core.shell:Creating package script '/root/ros_ws/src/Rescue_Car_ws/install/micro_ros_utilities/share/micro_ros_utilities/package.zsh'
[0.665s] Level 1:colcon.colcon_core.environment:create_file_with_runtime_dependencies(/root/ros_ws/src/Rescue_Car_ws/install/micro_ros_utilities/share/colcon-core/packages/micro_ros_utilities)
[0.670s] DEBUG:colcon.colcon_core.event_handler.log_command:Invoking command in '/root/ros_ws/src/Rescue_Car_ws/build/rosidl_typesupport_microxrcedds_c': CMAKE_PREFIX_PATH=/root/ros_ws/src/Rescue_Car_ws/install/microcdr:/root/ros_ws/src/Rescue_Car_ws/install/micro_ros_demos_rclc:/root/ros_ws/src/Rescue_Car_ws/install/common_interfaces:/root/ros_ws/src/Rescue_Car_ws/install/visualization_msgs:/root/ros_ws/src/Rescue_Car_ws/install/test_msgs:/root/ros_ws/src/Rescue_Car_ws/install/example_interfaces:/root/ros_ws/src/Rescue_Car_ws/install/action_msgs:/root/ros_ws/src/Rescue_Car_ws/install/unique_identifier_msgs:/root/ros_ws/src/Rescue_Car_ws/install/trajectory_msgs:/root/ros_ws/src/Rescue_Car_ws/install/stereo_msgs:/root/ros_ws/src/Rescue_Car_ws/install/std_srvs:/root/ros_ws/src/Rescue_Car_ws/install/shape_msgs:/root/ros_ws/src/Rescue_Car_ws/install/sensor_msgs:/root/ros_ws/src/Rescue_Car_ws/install/nav_msgs:/root/ros_ws/src/Rescue_Car_ws/install/diagnostic_msgs:/root/ros_ws/src/Rescue_Car_ws/install/geometry_msgs:/root/ros_ws/src/Rescue_Car_ws/install/actionlib_msgs:/root/ros_ws/src/Rescue_Car_ws/install/std_msgs:/root/ros_ws/src/Rescue_Car_ws/install/statistics_msgs:/root/ros_ws/src/Rescue_Car_ws/install/rosidl_typesupport_microxrcedds_test_msg:/root/ros_ws/src/Rescue_Car_ws/install/rosidl_typesupport_microxrcedds_cpp_tests:/root/ros_ws/src/Rescue_Car_ws/install/rmw_microxrcedds:/root/ros_ws/src/Rescue_Car_ws/install/rosidl_typesupport_microxrcedds_cpp:/root/ros_ws/src/Rescue_Car_ws/install/rosidl_typesupport_microxrcedds_c_tests:/root/ros_ws/src/Rescue_Car_ws/install/rosidl_typesupport_microxrcedds_c:/root/ros_ws/src/Rescue_Car_ws/install/rosgraph_msgs:/root/ros_ws/src/Rescue_Car_ws/install/rclc_parameter:/root/ros_ws/src/Rescue_Car_ws/install/rclc:/root/ros_ws/src/Rescue_Car_ws/install/composition_interfaces:/root/ros_ws/src/Rescue_Car_ws/install/rcl_interfaces:/root/ros_ws/src/Rescue_Car_ws/install/microxrcedds_client:/root/ros_ws/src/Rescue_Car_ws/install/micro_ros_utilities:/root/ros_ws/src/Rescue_Car_ws/install/micro_ros_setup:/root/ros_ws/src/Rescue_Car_ws/install/micro_ros_agent:/root/ros_ws/src/Rescue_Car_ws/install/micro_ros_msgs:/root/ros_ws/src/Rescue_Car_ws/install/lifecycle_msgs:/root/ros_ws/src/Rescue_Car_ws/install/complex_msgs:/root/ros_ws/src/Rescue_Car_ws/install/car:/root/ros_ws/src/Rescue_Car_ws/install/builtin_interfaces:/root/ros_ws/src/Rescue_Car_ws/install/sensor_msgs_py:/opt/ros/humble /usr/bin/cmake --build /root/ros_ws/src/Rescue_Car_ws/build/rosidl_typesupport_microxrcedds_c -- -j20 -l20
[0.682s] DEBUG:colcon.colcon_core.event_handler.log_command:Invoking command in '/root/ros_ws/src/Rescue_Car_ws/build/microxrcedds_client': CMAKE_PREFIX_PATH=/root/ros_ws/src/Rescue_Car_ws/install/microcdr:/root/ros_ws/src/Rescue_Car_ws/install/micro_ros_demos_rclc:/root/ros_ws/src/Rescue_Car_ws/install/common_interfaces:/root/ros_ws/src/Rescue_Car_ws/install/visualization_msgs:/root/ros_ws/src/Rescue_Car_ws/install/test_msgs:/root/ros_ws/src/Rescue_Car_ws/install/example_interfaces:/root/ros_ws/src/Rescue_Car_ws/install/action_msgs:/root/ros_ws/src/Rescue_Car_ws/install/unique_identifier_msgs:/root/ros_ws/src/Rescue_Car_ws/install/trajectory_msgs:/root/ros_ws/src/Rescue_Car_ws/install/stereo_msgs:/root/ros_ws/src/Rescue_Car_ws/install/std_srvs:/root/ros_ws/src/Rescue_Car_ws/install/shape_msgs:/root/ros_ws/src/Rescue_Car_ws/install/sensor_msgs:/root/ros_ws/src/Rescue_Car_ws/install/nav_msgs:/root/ros_ws/src/Rescue_Car_ws/install/diagnostic_msgs:/root/ros_ws/src/Rescue_Car_ws/install/geometry_msgs:/root/ros_ws/src/Rescue_Car_ws/install/actionlib_msgs:/root/ros_ws/src/Rescue_Car_ws/install/std_msgs:/root/ros_ws/src/Rescue_Car_ws/install/statistics_msgs:/root/ros_ws/src/Rescue_Car_ws/install/rosidl_typesupport_microxrcedds_test_msg:/root/ros_ws/src/Rescue_Car_ws/install/rosidl_typesupport_microxrcedds_cpp_tests:/root/ros_ws/src/Rescue_Car_ws/install/rmw_microxrcedds:/root/ros_ws/src/Rescue_Car_ws/install/rosidl_typesupport_microxrcedds_cpp:/root/ros_ws/src/Rescue_Car_ws/install/rosidl_typesupport_microxrcedds_c_tests:/root/ros_ws/src/Rescue_Car_ws/install/rosidl_typesupport_microxrcedds_c:/root/ros_ws/src/Rescue_Car_ws/install/rosgraph_msgs:/root/ros_ws/src/Rescue_Car_ws/install/rclc_parameter:/root/ros_ws/src/Rescue_Car_ws/install/rclc:/root/ros_ws/src/Rescue_Car_ws/install/composition_interfaces:/root/ros_ws/src/Rescue_Car_ws/install/rcl_interfaces:/root/ros_ws/src/Rescue_Car_ws/install/microxrcedds_client:/root/ros_ws/src/Rescue_Car_ws/install/micro_ros_utilities:/root/ros_ws/src/Rescue_Car_ws/install/micro_ros_setup:/root/ros_ws/src/Rescue_Car_ws/install/micro_ros_agent:/root/ros_ws/src/Rescue_Car_ws/install/micro_ros_msgs:/root/ros_ws/src/Rescue_Car_ws/install/lifecycle_msgs:/root/ros_ws/src/Rescue_Car_ws/install/complex_msgs:/root/ros_ws/src/Rescue_Car_ws/install/car:/root/ros_ws/src/Rescue_Car_ws/install/builtin_interfaces /usr/bin/cmake --build /root/ros_ws/src/Rescue_Car_ws/build/microxrcedds_client -- -j20 -l20
[0.769s] DEBUG:colcon.colcon_core.event_handler.log_command:Invoked command in '/root/ros_ws/src/Rescue_Car_ws/build/microxrcedds_client' returned '0': CMAKE_PREFIX_PATH=/root/ros_ws/src/Rescue_Car_ws/install/microcdr:/root/ros_ws/src/Rescue_Car_ws/install/micro_ros_demos_rclc:/root/ros_ws/src/Rescue_Car_ws/install/common_interfaces:/root/ros_ws/src/Rescue_Car_ws/install/visualization_msgs:/root/ros_ws/src/Rescue_Car_ws/install/test_msgs:/root/ros_ws/src/Rescue_Car_ws/install/example_interfaces:/root/ros_ws/src/Rescue_Car_ws/install/action_msgs:/root/ros_ws/src/Rescue_Car_ws/install/unique_identifier_msgs:/root/ros_ws/src/Rescue_Car_ws/install/trajectory_msgs:/root/ros_ws/src/Rescue_Car_ws/install/stereo_msgs:/root/ros_ws/src/Rescue_Car_ws/install/std_srvs:/root/ros_ws/src/Rescue_Car_ws/install/shape_msgs:/root/ros_ws/src/Rescue_Car_ws/install/sensor_msgs:/root/ros_ws/src/Rescue_Car_ws/install/nav_msgs:/root/ros_ws/src/Rescue_Car_ws/install/diagnostic_msgs:/root/ros_ws/src/Rescue_Car_ws/install/geometry_msgs:/root/ros_ws/src/Rescue_Car_ws/install/actionlib_msgs:/root/ros_ws/src/Rescue_Car_ws/install/std_msgs:/root/ros_ws/src/Rescue_Car_ws/install/statistics_msgs:/root/ros_ws/src/Rescue_Car_ws/install/rosidl_typesupport_microxrcedds_test_msg:/root/ros_ws/src/Rescue_Car_ws/install/rosidl_typesupport_microxrcedds_cpp_tests:/root/ros_ws/src/Rescue_Car_ws/install/rmw_microxrcedds:/root/ros_ws/src/Rescue_Car_ws/install/rosidl_typesupport_microxrcedds_cpp:/root/ros_ws/src/Rescue_Car_ws/install/rosidl_typesupport_microxrcedds_c_tests:/root/ros_ws/src/Rescue_Car_ws/install/rosidl_typesupport_microxrcedds_c:/root/ros_ws/src/Rescue_Car_ws/install/rosgraph_msgs:/root/ros_ws/src/Rescue_Car_ws/install/rclc_parameter:/root/ros_ws/src/Rescue_Car_ws/install/rclc:/root/ros_ws/src/Rescue_Car_ws/install/composition_interfaces:/root/ros_ws/src/Rescue_Car_ws/install/rcl_interfaces:/root/ros_ws/src/Rescue_Car_ws/install/microxrcedds_client:/root/ros_ws/src/Rescue_Car_ws/install/micro_ros_utilities:/root/ros_ws/src/Rescue_Car_ws/install/micro_ros_setup:/root/ros_ws/src/Rescue_Car_ws/install/micro_ros_agent:/root/ros_ws/src/Rescue_Car_ws/install/micro_ros_msgs:/root/ros_ws/src/Rescue_Car_ws/install/lifecycle_msgs:/root/ros_ws/src/Rescue_Car_ws/install/complex_msgs:/root/ros_ws/src/Rescue_Car_ws/install/car:/root/ros_ws/src/Rescue_Car_ws/install/builtin_interfaces /usr/bin/cmake --build /root/ros_ws/src/Rescue_Car_ws/build/microxrcedds_client -- -j20 -l20
[0.771s] DEBUG:colcon.colcon_core.event_handler.log_command:Invoking command in '/root/ros_ws/src/Rescue_Car_ws/build/microxrcedds_client': CMAKE_PREFIX_PATH=/root/ros_ws/src/Rescue_Car_ws/install/microcdr:/root/ros_ws/src/Rescue_Car_ws/install/micro_ros_demos_rclc:/root/ros_ws/src/Rescue_Car_ws/install/common_interfaces:/root/ros_ws/src/Rescue_Car_ws/install/visualization_msgs:/root/ros_ws/src/Rescue_Car_ws/install/test_msgs:/root/ros_ws/src/Rescue_Car_ws/install/example_interfaces:/root/ros_ws/src/Rescue_Car_ws/install/action_msgs:/root/ros_ws/src/Rescue_Car_ws/install/unique_identifier_msgs:/root/ros_ws/src/Rescue_Car_ws/install/trajectory_msgs:/root/ros_ws/src/Rescue_Car_ws/install/stereo_msgs:/root/ros_ws/src/Rescue_Car_ws/install/std_srvs:/root/ros_ws/src/Rescue_Car_ws/install/shape_msgs:/root/ros_ws/src/Rescue_Car_ws/install/sensor_msgs:/root/ros_ws/src/Rescue_Car_ws/install/nav_msgs:/root/ros_ws/src/Rescue_Car_ws/install/diagnostic_msgs:/root/ros_ws/src/Rescue_Car_ws/install/geometry_msgs:/root/ros_ws/src/Rescue_Car_ws/install/actionlib_msgs:/root/ros_ws/src/Rescue_Car_ws/install/std_msgs:/root/ros_ws/src/Rescue_Car_ws/install/statistics_msgs:/root/ros_ws/src/Rescue_Car_ws/install/rosidl_typesupport_microxrcedds_test_msg:/root/ros_ws/src/Rescue_Car_ws/install/rosidl_typesupport_microxrcedds_cpp_tests:/root/ros_ws/src/Rescue_Car_ws/install/rmw_microxrcedds:/root/ros_ws/src/Rescue_Car_ws/install/rosidl_typesupport_microxrcedds_cpp:/root/ros_ws/src/Rescue_Car_ws/install/rosidl_typesupport_microxrcedds_c_tests:/root/ros_ws/src/Rescue_Car_ws/install/rosidl_typesupport_microxrcedds_c:/root/ros_ws/src/Rescue_Car_ws/install/rosgraph_msgs:/root/ros_ws/src/Rescue_Car_ws/install/rclc_parameter:/root/ros_ws/src/Rescue_Car_ws/install/rclc:/root/ros_ws/src/Rescue_Car_ws/install/composition_interfaces:/root/ros_ws/src/Rescue_Car_ws/install/rcl_interfaces:/root/ros_ws/src/Rescue_Car_ws/install/microxrcedds_client:/root/ros_ws/src/Rescue_Car_ws/install/micro_ros_utilities:/root/ros_ws/src/Rescue_Car_ws/install/micro_ros_setup:/root/ros_ws/src/Rescue_Car_ws/install/micro_ros_agent:/root/ros_ws/src/Rescue_Car_ws/install/micro_ros_msgs:/root/ros_ws/src/Rescue_Car_ws/install/lifecycle_msgs:/root/ros_ws/src/Rescue_Car_ws/install/complex_msgs:/root/ros_ws/src/Rescue_Car_ws/install/car:/root/ros_ws/src/Rescue_Car_ws/install/builtin_interfaces /usr/bin/cmake --install /root/ros_ws/src/Rescue_Car_ws/build/microxrcedds_client
[0.787s] Level 1:colcon.colcon_core.environment:create_environment_scripts_only(microxrcedds_client)
[0.787s] Level 1:colcon.colcon_core.environment:checking '/root/ros_ws/src/Rescue_Car_ws/install/microxrcedds_client' for CMake module files
[0.790s] Level 1:colcon.colcon_core.environment:checking '/root/ros_ws/src/Rescue_Car_ws/install/microxrcedds_client' for CMake config files
[0.798s] DEBUG:colcon.colcon_core.event_handler.log_command:Invoked command in '/root/ros_ws/src/Rescue_Car_ws/build/microxrcedds_client' returned '0': CMAKE_PREFIX_PATH=/root/ros_ws/src/Rescue_Car_ws/install/microcdr:/root/ros_ws/src/Rescue_Car_ws/install/micro_ros_demos_rclc:/root/ros_ws/src/Rescue_Car_ws/install/common_interfaces:/root/ros_ws/src/Rescue_Car_ws/install/visualization_msgs:/root/ros_ws/src/Rescue_Car_ws/install/test_msgs:/root/ros_ws/src/Rescue_Car_ws/install/example_interfaces:/root/ros_ws/src/Rescue_Car_ws/install/action_msgs:/root/ros_ws/src/Rescue_Car_ws/install/unique_identifier_msgs:/root/ros_ws/src/Rescue_Car_ws/install/trajectory_msgs:/root/ros_ws/src/Rescue_Car_ws/install/stereo_msgs:/root/ros_ws/src/Rescue_Car_ws/install/std_srvs:/root/ros_ws/src/Rescue_Car_ws/install/shape_msgs:/root/ros_ws/src/Rescue_Car_ws/install/sensor_msgs:/root/ros_ws/src/Rescue_Car_ws/install/nav_msgs:/root/ros_ws/src/Rescue_Car_ws/install/diagnostic_msgs:/root/ros_ws/src/Rescue_Car_ws/install/geometry_msgs:/root/ros_ws/src/Rescue_Car_ws/install/actionlib_msgs:/root/ros_ws/src/Rescue_Car_ws/install/std_msgs:/root/ros_ws/src/Rescue_Car_ws/install/statistics_msgs:/root/ros_ws/src/Rescue_Car_ws/install/rosidl_typesupport_microxrcedds_test_msg:/root/ros_ws/src/Rescue_Car_ws/install/rosidl_typesupport_microxrcedds_cpp_tests:/root/ros_ws/src/Rescue_Car_ws/install/rmw_microxrcedds:/root/ros_ws/src/Rescue_Car_ws/install/rosidl_typesupport_microxrcedds_cpp:/root/ros_ws/src/Rescue_Car_ws/install/rosidl_typesupport_microxrcedds_c_tests:/root/ros_ws/src/Rescue_Car_ws/install/rosidl_typesupport_microxrcedds_c:/root/ros_ws/src/Rescue_Car_ws/install/rosgraph_msgs:/root/ros_ws/src/Rescue_Car_ws/install/rclc_parameter:/root/ros_ws/src/Rescue_Car_ws/install/rclc:/root/ros_ws/src/Rescue_Car_ws/install/composition_interfaces:/root/ros_ws/src/Rescue_Car_ws/install/rcl_interfaces:/root/ros_ws/src/Rescue_Car_ws/install/microxrcedds_client:/root/ros_ws/src/Rescue_Car_ws/install/micro_ros_utilities:/root/ros_ws/src/Rescue_Car_ws/install/micro_ros_setup:/root/ros_ws/src/Rescue_Car_ws/install/micro_ros_agent:/root/ros_ws/src/Rescue_Car_ws/install/micro_ros_msgs:/root/ros_ws/src/Rescue_Car_ws/install/lifecycle_msgs:/root/ros_ws/src/Rescue_Car_ws/install/complex_msgs:/root/ros_ws/src/Rescue_Car_ws/install/car:/root/ros_ws/src/Rescue_Car_ws/install/builtin_interfaces /usr/bin/cmake --install /root/ros_ws/src/Rescue_Car_ws/build/microxrcedds_client
[0.801s] Level 1:colcon.colcon_core.shell:create_environment_hook('microxrcedds_client', 'cmake_prefix_path')
[0.801s] INFO:colcon.colcon_core.shell:Creating environment hook '/root/ros_ws/src/Rescue_Car_ws/install/microxrcedds_client/share/microxrcedds_client/hook/cmake_prefix_path.ps1'
[0.801s] INFO:colcon.colcon_core.shell:Creating environment descriptor '/root/ros_ws/src/Rescue_Car_ws/install/microxrcedds_client/share/microxrcedds_client/hook/cmake_prefix_path.dsv'
[0.802s] INFO:colcon.colcon_core.shell:Creating environment hook '/root/ros_ws/src/Rescue_Car_ws/install/microxrcedds_client/share/microxrcedds_client/hook/cmake_prefix_path.sh'
[0.802s] Level 1:colcon.colcon_core.environment:checking '/root/ros_ws/src/Rescue_Car_ws/install/microxrcedds_client/lib'
[0.802s] Level 1:colcon.colcon_core.environment:checking '/root/ros_ws/src/Rescue_Car_ws/install/microxrcedds_client/bin'
[0.802s] Level 1:colcon.colcon_core.environment:checking '/root/ros_ws/src/Rescue_Car_ws/install/microxrcedds_client/lib/pkgconfig/microxrcedds_client.pc'
[0.802s] Level 1:colcon.colcon_core.environment:checking '/root/ros_ws/src/Rescue_Car_ws/install/microxrcedds_client/lib/python3.10/site-packages'
[0.802s] Level 1:colcon.colcon_core.environment:checking '/root/ros_ws/src/Rescue_Car_ws/install/microxrcedds_client/bin'
[0.803s] INFO:colcon.colcon_core.shell:Creating package script '/root/ros_ws/src/Rescue_Car_ws/install/microxrcedds_client/share/microxrcedds_client/package.ps1'
[0.803s] INFO:colcon.colcon_core.shell:Creating package descriptor '/root/ros_ws/src/Rescue_Car_ws/install/microxrcedds_client/share/microxrcedds_client/package.dsv'
[0.803s] INFO:colcon.colcon_core.shell:Creating package script '/root/ros_ws/src/Rescue_Car_ws/install/microxrcedds_client/share/microxrcedds_client/package.sh'
[0.804s] INFO:colcon.colcon_core.shell:Creating package script '/root/ros_ws/src/Rescue_Car_ws/install/microxrcedds_client/share/microxrcedds_client/package.bash'
[0.804s] INFO:colcon.colcon_core.shell:Creating package script '/root/ros_ws/src/Rescue_Car_ws/install/microxrcedds_client/share/microxrcedds_client/package.zsh'
[0.804s] Level 1:colcon.colcon_core.environment:create_file_with_runtime_dependencies(/root/ros_ws/src/Rescue_Car_ws/install/microxrcedds_client/share/colcon-core/packages/microxrcedds_client)
[0.836s] DEBUG:colcon.colcon_core.event_handler.log_command:Invoked command in '/root/ros_ws/src/Rescue_Car_ws/build/std_srvs' returned '0': CMAKE_PREFIX_PATH=${CMAKE_PREFIX_PATH}:/root/ros_ws/src/Rescue_Car_ws/install/sensor_msgs_py:/opt/ros/humble /usr/bin/cmake --build /root/ros_ws/src/Rescue_Car_ws/build/std_srvs -- -j20 -l20
[0.839s] DEBUG:colcon.colcon_core.event_handler.log_command:Invoking command in '/root/ros_ws/src/Rescue_Car_ws/build/std_srvs': CMAKE_PREFIX_PATH=${CMAKE_PREFIX_PATH}:/root/ros_ws/src/Rescue_Car_ws/install/sensor_msgs_py:/opt/ros/humble /usr/bin/cmake --install /root/ros_ws/src/Rescue_Car_ws/build/std_srvs
[0.841s] DEBUG:colcon.colcon_core.event_handler.log_command:Invoked command in '/root/ros_ws/src/Rescue_Car_ws/build/unique_identifier_msgs' returned '0': CMAKE_PREFIX_PATH=${CMAKE_PREFIX_PATH}:/root/ros_ws/src/Rescue_Car_ws/install/sensor_msgs_py:/opt/ros/humble /usr/bin/cmake --build /root/ros_ws/src/Rescue_Car_ws/build/unique_identifier_msgs -- -j20 -l20
[0.842s] DEBUG:colcon.colcon_core.event_handler.log_command:Invoking command in '/root/ros_ws/src/Rescue_Car_ws/build/unique_identifier_msgs': CMAKE_PREFIX_PATH=${CMAKE_PREFIX_PATH}:/root/ros_ws/src/Rescue_Car_ws/install/sensor_msgs_py:/opt/ros/humble /usr/bin/cmake --install /root/ros_ws/src/Rescue_Car_ws/build/unique_identifier_msgs
[0.850s] DEBUG:colcon.colcon_core.event_handler.log_command:Invoked command in '/root/ros_ws/src/Rescue_Car_ws/build/builtin_interfaces' returned '0': CMAKE_PREFIX_PATH=${CMAKE_PREFIX_PATH}:/root/ros_ws/src/Rescue_Car_ws/install/sensor_msgs_py:/opt/ros/humble /usr/bin/cmake --build /root/ros_ws/src/Rescue_Car_ws/build/builtin_interfaces -- -j20 -l20
[0.860s] DEBUG:colcon.colcon_core.event_handler.log_command:Invoking command in '/root/ros_ws/src/Rescue_Car_ws/build/builtin_interfaces': CMAKE_PREFIX_PATH=${CMAKE_PREFIX_PATH}:/root/ros_ws/src/Rescue_Car_ws/install/sensor_msgs_py:/opt/ros/humble /usr/bin/cmake --install /root/ros_ws/src/Rescue_Car_ws/build/builtin_interfaces
[0.879s] DEBUG:colcon.colcon_core.event_handler.log_command:Invoked command in '/root/ros_ws/src/Rescue_Car_ws/build/lifecycle_msgs' returned '0': CMAKE_PREFIX_PATH=${CMAKE_PREFIX_PATH}:/root/ros_ws/src/Rescue_Car_ws/install/sensor_msgs_py:/opt/ros/humble /usr/bin/cmake --build /root/ros_ws/src/Rescue_Car_ws/build/lifecycle_msgs -- -j20 -l20
[0.881s] DEBUG:colcon.colcon_core.event_handler.log_command:Invoking command in '/root/ros_ws/src/Rescue_Car_ws/build/lifecycle_msgs': CMAKE_PREFIX_PATH=${CMAKE_PREFIX_PATH}:/root/ros_ws/src/Rescue_Car_ws/install/sensor_msgs_py:/opt/ros/humble /usr/bin/cmake --install /root/ros_ws/src/Rescue_Car_ws/build/lifecycle_msgs
[0.890s] DEBUG:colcon.colcon_core.event_handler.log_command:Invoked command in '/root/ros_ws/src/Rescue_Car_ws/build/micro_ros_msgs' returned '0': CMAKE_PREFIX_PATH=${CMAKE_PREFIX_PATH}:/root/ros_ws/src/Rescue_Car_ws/install/sensor_msgs_py:/opt/ros/humble /usr/bin/cmake --build /root/ros_ws/src/Rescue_Car_ws/build/micro_ros_msgs -- -j20 -l20
[0.897s] DEBUG:colcon.colcon_core.event_handler.log_command:Invoking command in '/root/ros_ws/src/Rescue_Car_ws/build/micro_ros_msgs': CMAKE_PREFIX_PATH=${CMAKE_PREFIX_PATH}:/root/ros_ws/src/Rescue_Car_ws/install/sensor_msgs_py:/opt/ros/humble /usr/bin/cmake --install /root/ros_ws/src/Rescue_Car_ws/build/micro_ros_msgs
[0.905s] Level 1:colcon.colcon_core.environment:create_environment_scripts_only(unique_identifier_msgs)
[0.907s] Level 1:colcon.colcon_core.environment:checking '/root/ros_ws/src/Rescue_Car_ws/install/unique_identifier_msgs' for CMake module files
[0.912s] Level 1:colcon.colcon_core.environment:checking '/root/ros_ws/src/Rescue_Car_ws/install/unique_identifier_msgs' for CMake config files
[0.919s] Level 1:colcon.colcon_core.shell:create_environment_hook('unique_identifier_msgs', 'cmake_prefix_path')
[0.919s] INFO:colcon.colcon_core.shell:Creating environment hook '/root/ros_ws/src/Rescue_Car_ws/install/unique_identifier_msgs/share/unique_identifier_msgs/hook/cmake_prefix_path.ps1'
[0.921s] INFO:colcon.colcon_core.shell:Creating environment descriptor '/root/ros_ws/src/Rescue_Car_ws/install/unique_identifier_msgs/share/unique_identifier_msgs/hook/cmake_prefix_path.dsv'
[0.921s] INFO:colcon.colcon_core.shell:Creating environment hook '/root/ros_ws/src/Rescue_Car_ws/install/unique_identifier_msgs/share/unique_identifier_msgs/hook/cmake_prefix_path.sh'
[0.924s] Level 1:colcon.colcon_core.environment:checking '/root/ros_ws/src/Rescue_Car_ws/install/unique_identifier_msgs/lib'
[0.925s] Level 1:colcon.colcon_core.shell:create_environment_hook('unique_identifier_msgs', 'ld_library_path_lib')
[0.925s] INFO:colcon.colcon_core.shell:Creating environment hook '/root/ros_ws/src/Rescue_Car_ws/install/unique_identifier_msgs/share/unique_identifier_msgs/hook/ld_library_path_lib.ps1'
[0.927s] DEBUG:colcon.colcon_core.event_handler.log_command:Invoked command in '/root/ros_ws/src/Rescue_Car_ws/build/unique_identifier_msgs' returned '0': CMAKE_PREFIX_PATH=${CMAKE_PREFIX_PATH}:/root/ros_ws/src/Rescue_Car_ws/install/sensor_msgs_py:/opt/ros/humble /usr/bin/cmake --install /root/ros_ws/src/Rescue_Car_ws/build/unique_identifier_msgs
[0.930s] INFO:colcon.colcon_core.shell:Creating environment descriptor '/root/ros_ws/src/Rescue_Car_ws/install/unique_identifier_msgs/share/unique_identifier_msgs/hook/ld_library_path_lib.dsv'
[0.933s] INFO:colcon.colcon_core.shell:Creating environment hook '/root/ros_ws/src/Rescue_Car_ws/install/unique_identifier_msgs/share/unique_identifier_msgs/hook/ld_library_path_lib.sh'
[0.935s] Level 1:colcon.colcon_core.environment:checking '/root/ros_ws/src/Rescue_Car_ws/install/unique_identifier_msgs/bin'
[0.936s] Level 1:colcon.colcon_core.environment:checking '/root/ros_ws/src/Rescue_Car_ws/install/unique_identifier_msgs/lib/pkgconfig/unique_identifier_msgs.pc'
[0.937s] Level 1:colcon.colcon_core.environment:checking '/root/ros_ws/src/Rescue_Car_ws/install/unique_identifier_msgs/lib/python3.10/site-packages'
[0.937s] Level 1:colcon.colcon_core.environment:checking '/root/ros_ws/src/Rescue_Car_ws/install/unique_identifier_msgs/bin'
[0.937s] INFO:colcon.colcon_core.shell:Creating package script '/root/ros_ws/src/Rescue_Car_ws/install/unique_identifier_msgs/share/unique_identifier_msgs/package.ps1'
[0.941s] INFO:colcon.colcon_core.shell:Creating package descriptor '/root/ros_ws/src/Rescue_Car_ws/install/unique_identifier_msgs/share/unique_identifier_msgs/package.dsv'
[0.944s] INFO:colcon.colcon_core.shell:Creating package script '/root/ros_ws/src/Rescue_Car_ws/install/unique_identifier_msgs/share/unique_identifier_msgs/package.sh'
[0.947s] INFO:colcon.colcon_core.shell:Creating package script '/root/ros_ws/src/Rescue_Car_ws/install/unique_identifier_msgs/share/unique_identifier_msgs/package.bash'
[0.951s] INFO:colcon.colcon_core.shell:Creating package script '/root/ros_ws/src/Rescue_Car_ws/install/unique_identifier_msgs/share/unique_identifier_msgs/package.zsh'
[0.953s] Level 1:colcon.colcon_core.environment:create_file_with_runtime_dependencies(/root/ros_ws/src/Rescue_Car_ws/install/unique_identifier_msgs/share/colcon-core/packages/unique_identifier_msgs)
[0.955s] Level 1:colcon.colcon_core.environment:create_environment_scripts_only(unique_identifier_msgs)
[0.955s] Level 1:colcon.colcon_core.environment:checking '/root/ros_ws/src/Rescue_Car_ws/install/unique_identifier_msgs' for CMake module files
[0.959s] Level 1:colcon.colcon_core.environment:checking '/root/ros_ws/src/Rescue_Car_ws/install/unique_identifier_msgs' for CMake config files
[0.964s] Level 1:colcon.colcon_core.shell:create_environment_hook('unique_identifier_msgs', 'cmake_prefix_path')
[0.964s] INFO:colcon.colcon_core.shell:Creating environment hook '/root/ros_ws/src/Rescue_Car_ws/install/unique_identifier_msgs/share/unique_identifier_msgs/hook/cmake_prefix_path.ps1'
[0.966s] INFO:colcon.colcon_core.shell:Creating environment descriptor '/root/ros_ws/src/Rescue_Car_ws/install/unique_identifier_msgs/share/unique_identifier_msgs/hook/cmake_prefix_path.dsv'
[0.967s] INFO:colcon.colcon_core.shell:Creating environment hook '/root/ros_ws/src/Rescue_Car_ws/install/unique_identifier_msgs/share/unique_identifier_msgs/hook/cmake_prefix_path.sh'
[0.968s] Level 1:colcon.colcon_core.environment:checking '/root/ros_ws/src/Rescue_Car_ws/install/unique_identifier_msgs/lib'
[0.968s] Level 1:colcon.colcon_core.shell:create_environment_hook('unique_identifier_msgs', 'ld_library_path_lib')
[0.969s] INFO:colcon.colcon_core.shell:Creating environment hook '/root/ros_ws/src/Rescue_Car_ws/install/unique_identifier_msgs/share/unique_identifier_msgs/hook/ld_library_path_lib.ps1'
[0.972s] INFO:colcon.colcon_core.shell:Creating environment descriptor '/root/ros_ws/src/Rescue_Car_ws/install/unique_identifier_msgs/share/unique_identifier_msgs/hook/ld_library_path_lib.dsv'
[0.976s] INFO:colcon.colcon_core.shell:Creating environment hook '/root/ros_ws/src/Rescue_Car_ws/install/unique_identifier_msgs/share/unique_identifier_msgs/hook/ld_library_path_lib.sh'
[0.976s] Level 1:colcon.colcon_core.environment:checking '/root/ros_ws/src/Rescue_Car_ws/install/unique_identifier_msgs/bin'
[0.977s] Level 1:colcon.colcon_core.environment:checking '/root/ros_ws/src/Rescue_Car_ws/install/unique_identifier_msgs/lib/pkgconfig/unique_identifier_msgs.pc'
[0.977s] Level 1:colcon.colcon_core.environment:checking '/root/ros_ws/src/Rescue_Car_ws/install/unique_identifier_msgs/lib/python3.10/site-packages'
[0.977s] Level 1:colcon.colcon_core.environment:checking '/root/ros_ws/src/Rescue_Car_ws/install/unique_identifier_msgs/bin'
[0.977s] INFO:colcon.colcon_core.shell:Creating package script '/root/ros_ws/src/Rescue_Car_ws/install/unique_identifier_msgs/share/unique_identifier_msgs/package.ps1'
[0.978s] INFO:colcon.colcon_core.shell:Creating package descriptor '/root/ros_ws/src/Rescue_Car_ws/install/unique_identifier_msgs/share/unique_identifier_msgs/package.dsv'
[0.978s] INFO:colcon.colcon_core.shell:Creating package script '/root/ros_ws/src/Rescue_Car_ws/install/unique_identifier_msgs/share/unique_identifier_msgs/package.sh'
[0.978s] INFO:colcon.colcon_core.shell:Creating package script '/root/ros_ws/src/Rescue_Car_ws/install/unique_identifier_msgs/share/unique_identifier_msgs/package.bash'
[0.978s] INFO:colcon.colcon_core.shell:Creating package script '/root/ros_ws/src/Rescue_Car_ws/install/unique_identifier_msgs/share/unique_identifier_msgs/package.zsh'
[0.979s] Level 1:colcon.colcon_core.environment:create_file_with_runtime_dependencies(/root/ros_ws/src/Rescue_Car_ws/install/unique_identifier_msgs/share/colcon-core/packages/unique_identifier_msgs)
[0.983s] Level 1:colcon.colcon_core.environment:create_environment_scripts_only(std_srvs)
[0.983s] Level 1:colcon.colcon_core.environment:checking '/root/ros_ws/src/Rescue_Car_ws/install/std_srvs' for CMake module files
[0.984s] DEBUG:colcon.colcon_core.event_handler.log_command:Invoked command in '/root/ros_ws/src/Rescue_Car_ws/build/std_srvs' returned '0': CMAKE_PREFIX_PATH=${CMAKE_PREFIX_PATH}:/root/ros_ws/src/Rescue_Car_ws/install/sensor_msgs_py:/opt/ros/humble /usr/bin/cmake --install /root/ros_ws/src/Rescue_Car_ws/build/std_srvs
[0.986s] Level 1:colcon.colcon_core.environment:checking '/root/ros_ws/src/Rescue_Car_ws/install/std_srvs' for CMake config files
[0.987s] Level 1:colcon.colcon_core.shell:create_environment_hook('std_srvs', 'cmake_prefix_path')
[0.987s] INFO:colcon.colcon_core.shell:Creating environment hook '/root/ros_ws/src/Rescue_Car_ws/install/std_srvs/share/std_srvs/hook/cmake_prefix_path.ps1'
[0.988s] INFO:colcon.colcon_core.shell:Creating environment descriptor '/root/ros_ws/src/Rescue_Car_ws/install/std_srvs/share/std_srvs/hook/cmake_prefix_path.dsv'
[0.988s] INFO:colcon.colcon_core.shell:Creating environment hook '/root/ros_ws/src/Rescue_Car_ws/install/std_srvs/share/std_srvs/hook/cmake_prefix_path.sh'
[0.989s] Level 1:colcon.colcon_core.environment:checking '/root/ros_ws/src/Rescue_Car_ws/install/std_srvs/lib'
[0.989s] Level 1:colcon.colcon_core.shell:create_environment_hook('std_srvs', 'ld_library_path_lib')
[0.990s] INFO:colcon.colcon_core.shell:Creating environment hook '/root/ros_ws/src/Rescue_Car_ws/install/std_srvs/share/std_srvs/hook/ld_library_path_lib.ps1'
[0.990s] INFO:colcon.colcon_core.shell:Creating environment descriptor '/root/ros_ws/src/Rescue_Car_ws/install/std_srvs/share/std_srvs/hook/ld_library_path_lib.dsv'
[0.991s] INFO:colcon.colcon_core.shell:Creating environment hook '/root/ros_ws/src/Rescue_Car_ws/install/std_srvs/share/std_srvs/hook/ld_library_path_lib.sh'
[0.991s] Level 1:colcon.colcon_core.environment:checking '/root/ros_ws/src/Rescue_Car_ws/install/std_srvs/bin'
[0.991s] Level 1:colcon.colcon_core.environment:checking '/root/ros_ws/src/Rescue_Car_ws/install/std_srvs/lib/pkgconfig/std_srvs.pc'
[0.991s] Level 1:colcon.colcon_core.environment:checking '/root/ros_ws/src/Rescue_Car_ws/install/std_srvs/lib/python3.10/site-packages'
[0.992s] Level 1:colcon.colcon_core.environment:checking '/root/ros_ws/src/Rescue_Car_ws/install/std_srvs/bin'
[0.992s] INFO:colcon.colcon_core.shell:Creating package script '/root/ros_ws/src/Rescue_Car_ws/install/std_srvs/share/std_srvs/package.ps1'
[0.994s] INFO:colcon.colcon_core.shell:Creating package descriptor '/root/ros_ws/src/Rescue_Car_ws/install/std_srvs/share/std_srvs/package.dsv'
[0.995s] INFO:colcon.colcon_core.shell:Creating package script '/root/ros_ws/src/Rescue_Car_ws/install/std_srvs/share/std_srvs/package.sh'
[0.995s] INFO:colcon.colcon_core.shell:Creating package script '/root/ros_ws/src/Rescue_Car_ws/install/std_srvs/share/std_srvs/package.bash'
[0.996s] INFO:colcon.colcon_core.shell:Creating package script '/root/ros_ws/src/Rescue_Car_ws/install/std_srvs/share/std_srvs/package.zsh'
[0.997s] Level 1:colcon.colcon_core.environment:create_file_with_runtime_dependencies(/root/ros_ws/src/Rescue_Car_ws/install/std_srvs/share/colcon-core/packages/std_srvs)
[0.998s] Level 1:colcon.colcon_core.environment:create_environment_scripts_only(std_srvs)
[0.998s] Level 1:colcon.colcon_core.environment:checking '/root/ros_ws/src/Rescue_Car_ws/install/std_srvs' for CMake module files
[0.999s] Level 1:colcon.colcon_core.environment:checking '/root/ros_ws/src/Rescue_Car_ws/install/std_srvs' for CMake config files
[0.999s] Level 1:colcon.colcon_core.shell:create_environment_hook('std_srvs', 'cmake_prefix_path')
[1.000s] INFO:colcon.colcon_core.shell:Creating environment hook '/root/ros_ws/src/Rescue_Car_ws/install/std_srvs/share/std_srvs/hook/cmake_prefix_path.ps1'
[1.000s] INFO:colcon.colcon_core.shell:Creating environment descriptor '/root/ros_ws/src/Rescue_Car_ws/install/std_srvs/share/std_srvs/hook/cmake_prefix_path.dsv'
[1.000s] INFO:colcon.colcon_core.shell:Creating environment hook '/root/ros_ws/src/Rescue_Car_ws/install/std_srvs/share/std_srvs/hook/cmake_prefix_path.sh'
[1.001s] Level 1:colcon.colcon_core.environment:checking '/root/ros_ws/src/Rescue_Car_ws/install/std_srvs/lib'
[1.001s] Level 1:colcon.colcon_core.shell:create_environment_hook('std_srvs', 'ld_library_path_lib')
[1.001s] INFO:colcon.colcon_core.shell:Creating environment hook '/root/ros_ws/src/Rescue_Car_ws/install/std_srvs/share/std_srvs/hook/ld_library_path_lib.ps1'
[1.001s] INFO:colcon.colcon_core.shell:Creating environment descriptor '/root/ros_ws/src/Rescue_Car_ws/install/std_srvs/share/std_srvs/hook/ld_library_path_lib.dsv'
[1.002s] INFO:colcon.colcon_core.shell:Creating environment hook '/root/ros_ws/src/Rescue_Car_ws/install/std_srvs/share/std_srvs/hook/ld_library_path_lib.sh'
[1.002s] Level 1:colcon.colcon_core.environment:checking '/root/ros_ws/src/Rescue_Car_ws/install/std_srvs/bin'
[1.002s] Level 1:colcon.colcon_core.environment:checking '/root/ros_ws/src/Rescue_Car_ws/install/std_srvs/lib/pkgconfig/std_srvs.pc'
[1.002s] Level 1:colcon.colcon_core.environment:checking '/root/ros_ws/src/Rescue_Car_ws/install/std_srvs/lib/python3.10/site-packages'
[1.002s] Level 1:colcon.colcon_core.environment:checking '/root/ros_ws/src/Rescue_Car_ws/install/std_srvs/bin'
[1.003s] INFO:colcon.colcon_core.shell:Creating package script '/root/ros_ws/src/Rescue_Car_ws/install/std_srvs/share/std_srvs/package.ps1'
[1.003s] INFO:colcon.colcon_core.shell:Creating package descriptor '/root/ros_ws/src/Rescue_Car_ws/install/std_srvs/share/std_srvs/package.dsv'
[1.003s] INFO:colcon.colcon_core.shell:Creating package script '/root/ros_ws/src/Rescue_Car_ws/install/std_srvs/share/std_srvs/package.sh'
[1.004s] INFO:colcon.colcon_core.shell:Creating package script '/root/ros_ws/src/Rescue_Car_ws/install/std_srvs/share/std_srvs/package.bash'
[1.004s] INFO:colcon.colcon_core.shell:Creating package script '/root/ros_ws/src/Rescue_Car_ws/install/std_srvs/share/std_srvs/package.zsh'
[1.005s] Level 1:colcon.colcon_core.environment:create_file_with_runtime_dependencies(/root/ros_ws/src/Rescue_Car_ws/install/std_srvs/share/colcon-core/packages/std_srvs)
[1.005s] Level 1:colcon.colcon_core.environment:create_environment_scripts_only(builtin_interfaces)
[1.005s] Level 1:colcon.colcon_core.environment:checking '/root/ros_ws/src/Rescue_Car_ws/install/builtin_interfaces' for CMake module files
[1.008s] Level 1:colcon.colcon_core.environment:checking '/root/ros_ws/src/Rescue_Car_ws/install/builtin_interfaces' for CMake config files
[1.008s] DEBUG:colcon.colcon_core.event_handler.log_command:Invoked command in '/root/ros_ws/src/Rescue_Car_ws/build/builtin_interfaces' returned '0': CMAKE_PREFIX_PATH=${CMAKE_PREFIX_PATH}:/root/ros_ws/src/Rescue_Car_ws/install/sensor_msgs_py:/opt/ros/humble /usr/bin/cmake --install /root/ros_ws/src/Rescue_Car_ws/build/builtin_interfaces
[1.009s] Level 1:colcon.colcon_core.shell:create_environment_hook('builtin_interfaces', 'cmake_prefix_path')
[1.010s] INFO:colcon.colcon_core.shell:Creating environment hook '/root/ros_ws/src/Rescue_Car_ws/install/builtin_interfaces/share/builtin_interfaces/hook/cmake_prefix_path.ps1'
[1.011s] INFO:colcon.colcon_core.shell:Creating environment descriptor '/root/ros_ws/src/Rescue_Car_ws/install/builtin_interfaces/share/builtin_interfaces/hook/cmake_prefix_path.dsv'
[1.011s] INFO:colcon.colcon_core.shell:Creating environment hook '/root/ros_ws/src/Rescue_Car_ws/install/builtin_interfaces/share/builtin_interfaces/hook/cmake_prefix_path.sh'
[1.012s] Level 1:colcon.colcon_core.environment:checking '/root/ros_ws/src/Rescue_Car_ws/install/builtin_interfaces/lib'
[1.012s] Level 1:colcon.colcon_core.shell:create_environment_hook('builtin_interfaces', 'ld_library_path_lib')
[1.012s] INFO:colcon.colcon_core.shell:Creating environment hook '/root/ros_ws/src/Rescue_Car_ws/install/builtin_interfaces/share/builtin_interfaces/hook/ld_library_path_lib.ps1'
[1.013s] INFO:colcon.colcon_core.shell:Creating environment descriptor '/root/ros_ws/src/Rescue_Car_ws/install/builtin_interfaces/share/builtin_interfaces/hook/ld_library_path_lib.dsv'
[1.013s] INFO:colcon.colcon_core.shell:Creating environment hook '/root/ros_ws/src/Rescue_Car_ws/install/builtin_interfaces/share/builtin_interfaces/hook/ld_library_path_lib.sh'
[1.014s] Level 1:colcon.colcon_core.environment:checking '/root/ros_ws/src/Rescue_Car_ws/install/builtin_interfaces/bin'
[1.014s] Level 1:colcon.colcon_core.environment:checking '/root/ros_ws/src/Rescue_Car_ws/install/builtin_interfaces/lib/pkgconfig/builtin_interfaces.pc'
[1.015s] Level 1:colcon.colcon_core.environment:checking '/root/ros_ws/src/Rescue_Car_ws/install/builtin_interfaces/lib/python3.10/site-packages'
[1.015s] Level 1:colcon.colcon_core.environment:checking '/root/ros_ws/src/Rescue_Car_ws/install/builtin_interfaces/bin'
[1.015s] INFO:colcon.colcon_core.shell:Creating package script '/root/ros_ws/src/Rescue_Car_ws/install/builtin_interfaces/share/builtin_interfaces/package.ps1'
[1.016s] INFO:colcon.colcon_core.shell:Creating package descriptor '/root/ros_ws/src/Rescue_Car_ws/install/builtin_interfaces/share/builtin_interfaces/package.dsv'
[1.017s] INFO:colcon.colcon_core.shell:Creating package script '/root/ros_ws/src/Rescue_Car_ws/install/builtin_interfaces/share/builtin_interfaces/package.sh'
[1.018s] INFO:colcon.colcon_core.shell:Creating package script '/root/ros_ws/src/Rescue_Car_ws/install/builtin_interfaces/share/builtin_interfaces/package.bash'
[1.018s] INFO:colcon.colcon_core.shell:Creating package script '/root/ros_ws/src/Rescue_Car_ws/install/builtin_interfaces/share/builtin_interfaces/package.zsh'
[1.019s] Level 1:colcon.colcon_core.environment:create_file_with_runtime_dependencies(/root/ros_ws/src/Rescue_Car_ws/install/builtin_interfaces/share/colcon-core/packages/builtin_interfaces)
[1.020s] Level 1:colcon.colcon_core.environment:create_environment_scripts_only(builtin_interfaces)
[1.020s] Level 1:colcon.colcon_core.environment:checking '/root/ros_ws/src/Rescue_Car_ws/install/builtin_interfaces' for CMake module files
[1.020s] Level 1:colcon.colcon_core.environment:checking '/root/ros_ws/src/Rescue_Car_ws/install/builtin_interfaces' for CMake config files
[1.021s] Level 1:colcon.colcon_core.shell:create_environment_hook('builtin_interfaces', 'cmake_prefix_path')
[1.021s] INFO:colcon.colcon_core.shell:Creating environment hook '/root/ros_ws/src/Rescue_Car_ws/install/builtin_interfaces/share/builtin_interfaces/hook/cmake_prefix_path.ps1'
[1.021s] INFO:colcon.colcon_core.shell:Creating environment descriptor '/root/ros_ws/src/Rescue_Car_ws/install/builtin_interfaces/share/builtin_interfaces/hook/cmake_prefix_path.dsv'
[1.022s] INFO:colcon.colcon_core.shell:Creating environment hook '/root/ros_ws/src/Rescue_Car_ws/install/builtin_interfaces/share/builtin_interfaces/hook/cmake_prefix_path.sh'
[1.022s] Level 1:colcon.colcon_core.environment:checking '/root/ros_ws/src/Rescue_Car_ws/install/builtin_interfaces/lib'
[1.022s] Level 1:colcon.colcon_core.shell:create_environment_hook('builtin_interfaces', 'ld_library_path_lib')
[1.022s] INFO:colcon.colcon_core.shell:Creating environment hook '/root/ros_ws/src/Rescue_Car_ws/install/builtin_interfaces/share/builtin_interfaces/hook/ld_library_path_lib.ps1'
[1.023s] INFO:colcon.colcon_core.shell:Creating environment descriptor '/root/ros_ws/src/Rescue_Car_ws/install/builtin_interfaces/share/builtin_interfaces/hook/ld_library_path_lib.dsv'
[1.023s] INFO:colcon.colcon_core.shell:Creating environment hook '/root/ros_ws/src/Rescue_Car_ws/install/builtin_interfaces/share/builtin_interfaces/hook/ld_library_path_lib.sh'
[1.024s] Level 1:colcon.colcon_core.environment:checking '/root/ros_ws/src/Rescue_Car_ws/install/builtin_interfaces/bin'
[1.024s] Level 1:colcon.colcon_core.environment:checking '/root/ros_ws/src/Rescue_Car_ws/install/builtin_interfaces/lib/pkgconfig/builtin_interfaces.pc'
[1.025s] Level 1:colcon.colcon_core.environment:checking '/root/ros_ws/src/Rescue_Car_ws/install/builtin_interfaces/lib/python3.10/site-packages'
[1.025s] Level 1:colcon.colcon_core.environment:checking '/root/ros_ws/src/Rescue_Car_ws/install/builtin_interfaces/bin'
[1.025s] INFO:colcon.colcon_core.shell:Creating package script '/root/ros_ws/src/Rescue_Car_ws/install/builtin_interfaces/share/builtin_interfaces/package.ps1'
[1.026s] INFO:colcon.colcon_core.shell:Creating package descriptor '/root/ros_ws/src/Rescue_Car_ws/install/builtin_interfaces/share/builtin_interfaces/package.dsv'
[1.026s] INFO:colcon.colcon_core.shell:Creating package script '/root/ros_ws/src/Rescue_Car_ws/install/builtin_interfaces/share/builtin_interfaces/package.sh'
[1.027s] INFO:colcon.colcon_core.shell:Creating package script '/root/ros_ws/src/Rescue_Car_ws/install/builtin_interfaces/share/builtin_interfaces/package.bash'
[1.027s] INFO:colcon.colcon_core.shell:Creating package script '/root/ros_ws/src/Rescue_Car_ws/install/builtin_interfaces/share/builtin_interfaces/package.zsh'
[1.027s] Level 1:colcon.colcon_core.environment:create_file_with_runtime_dependencies(/root/ros_ws/src/Rescue_Car_ws/install/builtin_interfaces/share/colcon-core/packages/builtin_interfaces)
[1.028s] Level 1:colcon.colcon_core.environment:create_environment_scripts_only(lifecycle_msgs)
[1.028s] Level 1:colcon.colcon_core.environment:checking '/root/ros_ws/src/Rescue_Car_ws/install/lifecycle_msgs' for CMake module files
[1.029s] DEBUG:colcon.colcon_core.event_handler.log_command:Invoked command in '/root/ros_ws/src/Rescue_Car_ws/build/lifecycle_msgs' returned '0': CMAKE_PREFIX_PATH=${CMAKE_PREFIX_PATH}:/root/ros_ws/src/Rescue_Car_ws/install/sensor_msgs_py:/opt/ros/humble /usr/bin/cmake --install /root/ros_ws/src/Rescue_Car_ws/build/lifecycle_msgs
[1.029s] Level 1:colcon.colcon_core.environment:checking '/root/ros_ws/src/Rescue_Car_ws/install/lifecycle_msgs' for CMake config files
[1.030s] Level 1:colcon.colcon_core.shell:create_environment_hook('lifecycle_msgs', 'cmake_prefix_path')
[1.030s] INFO:colcon.colcon_core.shell:Creating environment hook '/root/ros_ws/src/Rescue_Car_ws/install/lifecycle_msgs/share/lifecycle_msgs/hook/cmake_prefix_path.ps1'
[1.030s] INFO:colcon.colcon_core.shell:Creating environment descriptor '/root/ros_ws/src/Rescue_Car_ws/install/lifecycle_msgs/share/lifecycle_msgs/hook/cmake_prefix_path.dsv'
[1.031s] INFO:colcon.colcon_core.shell:Creating environment hook '/root/ros_ws/src/Rescue_Car_ws/install/lifecycle_msgs/share/lifecycle_msgs/hook/cmake_prefix_path.sh'
[1.031s] Level 1:colcon.colcon_core.environment:checking '/root/ros_ws/src/Rescue_Car_ws/install/lifecycle_msgs/lib'
[1.031s] Level 1:colcon.colcon_core.shell:create_environment_hook('lifecycle_msgs', 'ld_library_path_lib')
[1.031s] INFO:colcon.colcon_core.shell:Creating environment hook '/root/ros_ws/src/Rescue_Car_ws/install/lifecycle_msgs/share/lifecycle_msgs/hook/ld_library_path_lib.ps1'
[1.032s] INFO:colcon.colcon_core.shell:Creating environment descriptor '/root/ros_ws/src/Rescue_Car_ws/install/lifecycle_msgs/share/lifecycle_msgs/hook/ld_library_path_lib.dsv'
[1.032s] INFO:colcon.colcon_core.shell:Creating environment hook '/root/ros_ws/src/Rescue_Car_ws/install/lifecycle_msgs/share/lifecycle_msgs/hook/ld_library_path_lib.sh'
[1.032s] Level 1:colcon.colcon_core.environment:checking '/root/ros_ws/src/Rescue_Car_ws/install/lifecycle_msgs/bin'
[1.032s] Level 1:colcon.colcon_core.environment:checking '/root/ros_ws/src/Rescue_Car_ws/install/lifecycle_msgs/lib/pkgconfig/lifecycle_msgs.pc'
[1.032s] Level 1:colcon.colcon_core.environment:checking '/root/ros_ws/src/Rescue_Car_ws/install/lifecycle_msgs/lib/python3.10/site-packages'
[1.032s] Level 1:colcon.colcon_core.environment:checking '/root/ros_ws/src/Rescue_Car_ws/install/lifecycle_msgs/bin'
[1.033s] INFO:colcon.colcon_core.shell:Creating package script '/root/ros_ws/src/Rescue_Car_ws/install/lifecycle_msgs/share/lifecycle_msgs/package.ps1'
[1.033s] INFO:colcon.colcon_core.shell:Creating package descriptor '/root/ros_ws/src/Rescue_Car_ws/install/lifecycle_msgs/share/lifecycle_msgs/package.dsv'
[1.033s] INFO:colcon.colcon_core.shell:Creating package script '/root/ros_ws/src/Rescue_Car_ws/install/lifecycle_msgs/share/lifecycle_msgs/package.sh'
[1.034s] INFO:colcon.colcon_core.shell:Creating package script '/root/ros_ws/src/Rescue_Car_ws/install/lifecycle_msgs/share/lifecycle_msgs/package.bash'
[1.034s] INFO:colcon.colcon_core.shell:Creating package script '/root/ros_ws/src/Rescue_Car_ws/install/lifecycle_msgs/share/lifecycle_msgs/package.zsh'
[1.034s] Level 1:colcon.colcon_core.environment:create_file_with_runtime_dependencies(/root/ros_ws/src/Rescue_Car_ws/install/lifecycle_msgs/share/colcon-core/packages/lifecycle_msgs)
[1.035s] Level 1:colcon.colcon_core.environment:create_environment_scripts_only(lifecycle_msgs)
[1.035s] Level 1:colcon.colcon_core.environment:checking '/root/ros_ws/src/Rescue_Car_ws/install/lifecycle_msgs' for CMake module files
[1.036s] Level 1:colcon.colcon_core.environment:checking '/root/ros_ws/src/Rescue_Car_ws/install/lifecycle_msgs' for CMake config files
[1.036s] Level 1:colcon.colcon_core.shell:create_environment_hook('lifecycle_msgs', 'cmake_prefix_path')
[1.036s] INFO:colcon.colcon_core.shell:Creating environment hook '/root/ros_ws/src/Rescue_Car_ws/install/lifecycle_msgs/share/lifecycle_msgs/hook/cmake_prefix_path.ps1'
[1.037s] INFO:colcon.colcon_core.shell:Creating environment descriptor '/root/ros_ws/src/Rescue_Car_ws/install/lifecycle_msgs/share/lifecycle_msgs/hook/cmake_prefix_path.dsv'
[1.037s] INFO:colcon.colcon_core.shell:Creating environment hook '/root/ros_ws/src/Rescue_Car_ws/install/lifecycle_msgs/share/lifecycle_msgs/hook/cmake_prefix_path.sh'
[1.038s] Level 1:colcon.colcon_core.environment:checking '/root/ros_ws/src/Rescue_Car_ws/install/lifecycle_msgs/lib'
[1.038s] Level 1:colcon.colcon_core.shell:create_environment_hook('lifecycle_msgs', 'ld_library_path_lib')
[1.038s] INFO:colcon.colcon_core.shell:Creating environment hook '/root/ros_ws/src/Rescue_Car_ws/install/lifecycle_msgs/share/lifecycle_msgs/hook/ld_library_path_lib.ps1'
[1.039s] INFO:colcon.colcon_core.shell:Creating environment descriptor '/root/ros_ws/src/Rescue_Car_ws/install/lifecycle_msgs/share/lifecycle_msgs/hook/ld_library_path_lib.dsv'
[1.039s] INFO:colcon.colcon_core.shell:Creating environment hook '/root/ros_ws/src/Rescue_Car_ws/install/lifecycle_msgs/share/lifecycle_msgs/hook/ld_library_path_lib.sh'
[1.039s] Level 1:colcon.colcon_core.environment:checking '/root/ros_ws/src/Rescue_Car_ws/install/lifecycle_msgs/bin'
[1.039s] Level 1:colcon.colcon_core.environment:checking '/root/ros_ws/src/Rescue_Car_ws/install/lifecycle_msgs/lib/pkgconfig/lifecycle_msgs.pc'
[1.039s] Level 1:colcon.colcon_core.environment:checking '/root/ros_ws/src/Rescue_Car_ws/install/lifecycle_msgs/lib/python3.10/site-packages'
[1.039s] Level 1:colcon.colcon_core.environment:checking '/root/ros_ws/src/Rescue_Car_ws/install/lifecycle_msgs/bin'
[1.040s] INFO:colcon.colcon_core.shell:Creating package script '/root/ros_ws/src/Rescue_Car_ws/install/lifecycle_msgs/share/lifecycle_msgs/package.ps1'
[1.040s] INFO:colcon.colcon_core.shell:Creating package descriptor '/root/ros_ws/src/Rescue_Car_ws/install/lifecycle_msgs/share/lifecycle_msgs/package.dsv'
[1.041s] INFO:colcon.colcon_core.shell:Creating package script '/root/ros_ws/src/Rescue_Car_ws/install/lifecycle_msgs/share/lifecycle_msgs/package.sh'
[1.041s] INFO:colcon.colcon_core.shell:Creating package script '/root/ros_ws/src/Rescue_Car_ws/install/lifecycle_msgs/share/lifecycle_msgs/package.bash'
[1.041s] INFO:colcon.colcon_core.shell:Creating package script '/root/ros_ws/src/Rescue_Car_ws/install/lifecycle_msgs/share/lifecycle_msgs/package.zsh'
[1.042s] Level 1:colcon.colcon_core.environment:create_file_with_runtime_dependencies(/root/ros_ws/src/Rescue_Car_ws/install/lifecycle_msgs/share/colcon-core/packages/lifecycle_msgs)
[1.042s] Level 1:colcon.colcon_core.environment:create_environment_scripts_only(micro_ros_msgs)
[1.042s] Level 1:colcon.colcon_core.environment:checking '/root/ros_ws/src/Rescue_Car_ws/install/micro_ros_msgs' for CMake module files
[1.044s] DEBUG:colcon.colcon_core.event_handler.log_command:Invoked command in '/root/ros_ws/src/Rescue_Car_ws/build/micro_ros_msgs' returned '0': CMAKE_PREFIX_PATH=${CMAKE_PREFIX_PATH}:/root/ros_ws/src/Rescue_Car_ws/install/sensor_msgs_py:/opt/ros/humble /usr/bin/cmake --install /root/ros_ws/src/Rescue_Car_ws/build/micro_ros_msgs
[1.044s] Level 1:colcon.colcon_core.environment:checking '/root/ros_ws/src/Rescue_Car_ws/install/micro_ros_msgs' for CMake config files
[1.045s] Level 1:colcon.colcon_core.shell:create_environment_hook('micro_ros_msgs', 'cmake_prefix_path')
[1.045s] INFO:colcon.colcon_core.shell:Creating environment hook '/root/ros_ws/src/Rescue_Car_ws/install/micro_ros_msgs/share/micro_ros_msgs/hook/cmake_prefix_path.ps1'
[1.045s] INFO:colcon.colcon_core.shell:Creating environment descriptor '/root/ros_ws/src/Rescue_Car_ws/install/micro_ros_msgs/share/micro_ros_msgs/hook/cmake_prefix_path.dsv'
[1.046s] INFO:colcon.colcon_core.shell:Creating environment hook '/root/ros_ws/src/Rescue_Car_ws/install/micro_ros_msgs/share/micro_ros_msgs/hook/cmake_prefix_path.sh'
[1.046s] Level 1:colcon.colcon_core.environment:checking '/root/ros_ws/src/Rescue_Car_ws/install/micro_ros_msgs/lib'
[1.046s] Level 1:colcon.colcon_core.shell:create_environment_hook('micro_ros_msgs', 'ld_library_path_lib')
[1.046s] INFO:colcon.colcon_core.shell:Creating environment hook '/root/ros_ws/src/Rescue_Car_ws/install/micro_ros_msgs/share/micro_ros_msgs/hook/ld_library_path_lib.ps1'
[1.047s] INFO:colcon.colcon_core.shell:Creating environment descriptor '/root/ros_ws/src/Rescue_Car_ws/install/micro_ros_msgs/share/micro_ros_msgs/hook/ld_library_path_lib.dsv'
[1.047s] INFO:colcon.colcon_core.shell:Creating environment hook '/root/ros_ws/src/Rescue_Car_ws/install/micro_ros_msgs/share/micro_ros_msgs/hook/ld_library_path_lib.sh'
[1.047s] Level 1:colcon.colcon_core.environment:checking '/root/ros_ws/src/Rescue_Car_ws/install/micro_ros_msgs/bin'
[1.047s] Level 1:colcon.colcon_core.environment:checking '/root/ros_ws/src/Rescue_Car_ws/install/micro_ros_msgs/lib/pkgconfig/micro_ros_msgs.pc'
[1.047s] Level 1:colcon.colcon_core.environment:checking '/root/ros_ws/src/Rescue_Car_ws/install/micro_ros_msgs/lib/python3.10/site-packages'
[1.047s] Level 1:colcon.colcon_core.environment:checking '/root/ros_ws/src/Rescue_Car_ws/install/micro_ros_msgs/bin'
[1.048s] INFO:colcon.colcon_core.shell:Creating package script '/root/ros_ws/src/Rescue_Car_ws/install/micro_ros_msgs/share/micro_ros_msgs/package.ps1'
[1.048s] INFO:colcon.colcon_core.shell:Creating package descriptor '/root/ros_ws/src/Rescue_Car_ws/install/micro_ros_msgs/share/micro_ros_msgs/package.dsv'
[1.048s] INFO:colcon.colcon_core.shell:Creating package script '/root/ros_ws/src/Rescue_Car_ws/install/micro_ros_msgs/share/micro_ros_msgs/package.sh'
[1.049s] INFO:colcon.colcon_core.shell:Creating package script '/root/ros_ws/src/Rescue_Car_ws/install/micro_ros_msgs/share/micro_ros_msgs/package.bash'
[1.049s] INFO:colcon.colcon_core.shell:Creating package script '/root/ros_ws/src/Rescue_Car_ws/install/micro_ros_msgs/share/micro_ros_msgs/package.zsh'
[1.049s] Level 1:colcon.colcon_core.environment:create_file_with_runtime_dependencies(/root/ros_ws/src/Rescue_Car_ws/install/micro_ros_msgs/share/colcon-core/packages/micro_ros_msgs)
[1.049s] Level 1:colcon.colcon_core.environment:create_environment_scripts_only(micro_ros_msgs)
[1.050s] Level 1:colcon.colcon_core.environment:checking '/root/ros_ws/src/Rescue_Car_ws/install/micro_ros_msgs' for CMake module files
[1.050s] Level 1:colcon.colcon_core.environment:checking '/root/ros_ws/src/Rescue_Car_ws/install/micro_ros_msgs' for CMake config files
[1.050s] Level 1:colcon.colcon_core.shell:create_environment_hook('micro_ros_msgs', 'cmake_prefix_path')
[1.050s] INFO:colcon.colcon_core.shell:Creating environment hook '/root/ros_ws/src/Rescue_Car_ws/install/micro_ros_msgs/share/micro_ros_msgs/hook/cmake_prefix_path.ps1'
[1.051s] INFO:colcon.colcon_core.shell:Creating environment descriptor '/root/ros_ws/src/Rescue_Car_ws/install/micro_ros_msgs/share/micro_ros_msgs/hook/cmake_prefix_path.dsv'
[1.051s] INFO:colcon.colcon_core.shell:Creating environment hook '/root/ros_ws/src/Rescue_Car_ws/install/micro_ros_msgs/share/micro_ros_msgs/hook/cmake_prefix_path.sh'
[1.051s] Level 1:colcon.colcon_core.environment:checking '/root/ros_ws/src/Rescue_Car_ws/install/micro_ros_msgs/lib'
[1.051s] Level 1:colcon.colcon_core.shell:create_environment_hook('micro_ros_msgs', 'ld_library_path_lib')
[1.051s] INFO:colcon.colcon_core.shell:Creating environment hook '/root/ros_ws/src/Rescue_Car_ws/install/micro_ros_msgs/share/micro_ros_msgs/hook/ld_library_path_lib.ps1'
[1.052s] INFO:colcon.colcon_core.shell:Creating environment descriptor '/root/ros_ws/src/Rescue_Car_ws/install/micro_ros_msgs/share/micro_ros_msgs/hook/ld_library_path_lib.dsv'
[1.052s] INFO:colcon.colcon_core.shell:Creating environment hook '/root/ros_ws/src/Rescue_Car_ws/install/micro_ros_msgs/share/micro_ros_msgs/hook/ld_library_path_lib.sh'
[1.052s] Level 1:colcon.colcon_core.environment:checking '/root/ros_ws/src/Rescue_Car_ws/install/micro_ros_msgs/bin'
[1.052s] Level 1:colcon.colcon_core.environment:checking '/root/ros_ws/src/Rescue_Car_ws/install/micro_ros_msgs/lib/pkgconfig/micro_ros_msgs.pc'
[1.052s] Level 1:colcon.colcon_core.environment:checking '/root/ros_ws/src/Rescue_Car_ws/install/micro_ros_msgs/lib/python3.10/site-packages'
[1.053s] Level 1:colcon.colcon_core.environment:checking '/root/ros_ws/src/Rescue_Car_ws/install/micro_ros_msgs/bin'
[1.053s] INFO:colcon.colcon_core.shell:Creating package script '/root/ros_ws/src/Rescue_Car_ws/install/micro_ros_msgs/share/micro_ros_msgs/package.ps1'
[1.053s] INFO:colcon.colcon_core.shell:Creating package descriptor '/root/ros_ws/src/Rescue_Car_ws/install/micro_ros_msgs/share/micro_ros_msgs/package.dsv'
[1.054s] INFO:colcon.colcon_core.shell:Creating package script '/root/ros_ws/src/Rescue_Car_ws/install/micro_ros_msgs/share/micro_ros_msgs/package.sh'
[1.054s] INFO:colcon.colcon_core.shell:Creating package script '/root/ros_ws/src/Rescue_Car_ws/install/micro_ros_msgs/share/micro_ros_msgs/package.bash'
[1.054s] INFO:colcon.colcon_core.shell:Creating package script '/root/ros_ws/src/Rescue_Car_ws/install/micro_ros_msgs/share/micro_ros_msgs/package.zsh'
[1.055s] Level 1:colcon.colcon_core.environment:create_file_with_runtime_dependencies(/root/ros_ws/src/Rescue_Car_ws/install/micro_ros_msgs/share/colcon-core/packages/micro_ros_msgs)
[1.055s] INFO:colcon.colcon_ros.task.ament_cmake.build:Building ROS package in '/root/ros_ws/src/Rescue_Car_ws/src/microros/src/ros2/common_interfaces/std_msgs' with build type 'ament_cmake'
[1.055s] INFO:colcon.colcon_cmake.task.cmake.build:Building CMake package in '/root/ros_ws/src/Rescue_Car_ws/src/microros/src/ros2/common_interfaces/std_msgs'
[1.056s] INFO:colcon.colcon_core.shell:Skip shell extension 'powershell' for command environment: Not usable outside of PowerShell
[1.056s] DEBUG:colcon.colcon_core.shell:Skip shell extension 'dsv' for command environment
[1.060s] INFO:colcon.colcon_ros.task.ament_cmake.build:Building ROS package in '/root/ros_ws/src/Rescue_Car_ws/src/microros/src/ros2/rcl_interfaces/action_msgs' with build type 'ament_cmake'
[1.060s] INFO:colcon.colcon_cmake.task.cmake.build:Building CMake package in '/root/ros_ws/src/Rescue_Car_ws/src/microros/src/ros2/rcl_interfaces/action_msgs'
[1.060s] INFO:colcon.colcon_core.shell:Skip shell extension 'powershell' for command environment: Not usable outside of PowerShell
[1.060s] DEBUG:colcon.colcon_core.shell:Skip shell extension 'dsv' for command environment
[1.064s] INFO:colcon.colcon_ros.task.ament_cmake.build:Building ROS package in '/root/ros_ws/src/Rescue_Car_ws/src/microros/src/ros2/rcl_interfaces/rcl_interfaces' with build type 'ament_cmake'
[1.064s] INFO:colcon.colcon_cmake.task.cmake.build:Building CMake package in '/root/ros_ws/src/Rescue_Car_ws/src/microros/src/ros2/rcl_interfaces/rcl_interfaces'
[1.064s] INFO:colcon.colcon_core.shell:Skip shell extension 'powershell' for command environment: Not usable outside of PowerShell
[1.064s] DEBUG:colcon.colcon_core.shell:Skip shell extension 'dsv' for command environment
[1.068s] INFO:colcon.colcon_ros.task.ament_cmake.build:Building ROS package in '/root/ros_ws/src/Rescue_Car_ws/src/microros/src/uros/micro-ROS-demos/messages/complex_msg' with build type 'ament_cmake'
[1.069s] INFO:colcon.colcon_cmake.task.cmake.build:Building CMake package in '/root/ros_ws/src/Rescue_Car_ws/src/microros/src/uros/micro-ROS-demos/messages/complex_msg'
[1.069s] INFO:colcon.colcon_core.shell:Skip shell extension 'powershell' for command environment: Not usable outside of PowerShell
[1.069s] DEBUG:colcon.colcon_core.shell:Skip shell extension 'dsv' for command environment
[1.073s] INFO:colcon.colcon_ros.task.ament_cmake.build:Building ROS package in '/root/ros_ws/src/Rescue_Car_ws/src/microros/src/uros/micro-ROS-Agent/micro_ros_agent' with build type 'ament_cmake'
[1.073s] INFO:colcon.colcon_cmake.task.cmake.build:Building CMake package in '/root/ros_ws/src/Rescue_Car_ws/src/microros/src/uros/micro-ROS-Agent/micro_ros_agent'
[1.073s] INFO:colcon.colcon_core.shell:Skip shell extension 'powershell' for command environment: Not usable outside of PowerShell
[1.073s] DEBUG:colcon.colcon_core.shell:Skip shell extension 'dsv' for command environment
[1.077s] INFO:colcon.colcon_ros.task.ament_cmake.build:Building ROS package in '/root/ros_ws/src/Rescue_Car_ws/src/microros/src/ros2/rcl_interfaces/rosgraph_msgs' with build type 'ament_cmake'
[1.077s] INFO:colcon.colcon_cmake.task.cmake.build:Building CMake package in '/root/ros_ws/src/Rescue_Car_ws/src/microros/src/ros2/rcl_interfaces/rosgraph_msgs'
[1.078s] INFO:colcon.colcon_core.shell:Skip shell extension 'powershell' for command environment: Not usable outside of PowerShell
[1.078s] DEBUG:colcon.colcon_core.shell:Skip shell extension 'dsv' for command environment
[1.082s] INFO:colcon.colcon_ros.task.ament_cmake.build:Building ROS package in '/root/ros_ws/src/Rescue_Car_ws/src/microros/src/ros2/rcl_interfaces/statistics_msgs' with build type 'ament_cmake'
[1.082s] INFO:colcon.colcon_cmake.task.cmake.build:Building CMake package in '/root/ros_ws/src/Rescue_Car_ws/src/microros/src/ros2/rcl_interfaces/statistics_msgs'
[1.082s] INFO:colcon.colcon_core.shell:Skip shell extension 'powershell' for command environment: Not usable outside of PowerShell
[1.082s] DEBUG:colcon.colcon_core.shell:Skip shell extension 'dsv' for command environment
[1.088s] DEBUG:colcon.colcon_core.event_handler.log_command:Invoked command in '/root/ros_ws/src/Rescue_Car_ws/build/rosidl_typesupport_microxrcedds_c' returned '0': CMAKE_PREFIX_PATH=/root/ros_ws/src/Rescue_Car_ws/install/microcdr:/root/ros_ws/src/Rescue_Car_ws/install/micro_ros_demos_rclc:/root/ros_ws/src/Rescue_Car_ws/install/common_interfaces:/root/ros_ws/src/Rescue_Car_ws/install/visualization_msgs:/root/ros_ws/src/Rescue_Car_ws/install/test_msgs:/root/ros_ws/src/Rescue_Car_ws/install/example_interfaces:/root/ros_ws/src/Rescue_Car_ws/install/action_msgs:/root/ros_ws/src/Rescue_Car_ws/install/unique_identifier_msgs:/root/ros_ws/src/Rescue_Car_ws/install/trajectory_msgs:/root/ros_ws/src/Rescue_Car_ws/install/stereo_msgs:/root/ros_ws/src/Rescue_Car_ws/install/std_srvs:/root/ros_ws/src/Rescue_Car_ws/install/shape_msgs:/root/ros_ws/src/Rescue_Car_ws/install/sensor_msgs:/root/ros_ws/src/Rescue_Car_ws/install/nav_msgs:/root/ros_ws/src/Rescue_Car_ws/install/diagnostic_msgs:/root/ros_ws/src/Rescue_Car_ws/install/geometry_msgs:/root/ros_ws/src/Rescue_Car_ws/install/actionlib_msgs:/root/ros_ws/src/Rescue_Car_ws/install/std_msgs:/root/ros_ws/src/Rescue_Car_ws/install/statistics_msgs:/root/ros_ws/src/Rescue_Car_ws/install/rosidl_typesupport_microxrcedds_test_msg:/root/ros_ws/src/Rescue_Car_ws/install/rosidl_typesupport_microxrcedds_cpp_tests:/root/ros_ws/src/Rescue_Car_ws/install/rmw_microxrcedds:/root/ros_ws/src/Rescue_Car_ws/install/rosidl_typesupport_microxrcedds_cpp:/root/ros_ws/src/Rescue_Car_ws/install/rosidl_typesupport_microxrcedds_c_tests:/root/ros_ws/src/Rescue_Car_ws/install/rosidl_typesupport_microxrcedds_c:/root/ros_ws/src/Rescue_Car_ws/install/rosgraph_msgs:/root/ros_ws/src/Rescue_Car_ws/install/rclc_parameter:/root/ros_ws/src/Rescue_Car_ws/install/rclc:/root/ros_ws/src/Rescue_Car_ws/install/composition_interfaces:/root/ros_ws/src/Rescue_Car_ws/install/rcl_interfaces:/root/ros_ws/src/Rescue_Car_ws/install/microxrcedds_client:/root/ros_ws/src/Rescue_Car_ws/install/micro_ros_utilities:/root/ros_ws/src/Rescue_Car_ws/install/micro_ros_setup:/root/ros_ws/src/Rescue_Car_ws/install/micro_ros_agent:/root/ros_ws/src/Rescue_Car_ws/install/micro_ros_msgs:/root/ros_ws/src/Rescue_Car_ws/install/lifecycle_msgs:/root/ros_ws/src/Rescue_Car_ws/install/complex_msgs:/root/ros_ws/src/Rescue_Car_ws/install/car:/root/ros_ws/src/Rescue_Car_ws/install/builtin_interfaces:/root/ros_ws/src/Rescue_Car_ws/install/sensor_msgs_py:/opt/ros/humble /usr/bin/cmake --build /root/ros_ws/src/Rescue_Car_ws/build/rosidl_typesupport_microxrcedds_c -- -j20 -l20
[1.091s] DEBUG:colcon.colcon_core.event_handler.log_command:Invoking command in '/root/ros_ws/src/Rescue_Car_ws/build/rosidl_typesupport_microxrcedds_c': CMAKE_PREFIX_PATH=/root/ros_ws/src/Rescue_Car_ws/install/microcdr:/root/ros_ws/src/Rescue_Car_ws/install/micro_ros_demos_rclc:/root/ros_ws/src/Rescue_Car_ws/install/common_interfaces:/root/ros_ws/src/Rescue_Car_ws/install/visualization_msgs:/root/ros_ws/src/Rescue_Car_ws/install/test_msgs:/root/ros_ws/src/Rescue_Car_ws/install/example_interfaces:/root/ros_ws/src/Rescue_Car_ws/install/action_msgs:/root/ros_ws/src/Rescue_Car_ws/install/unique_identifier_msgs:/root/ros_ws/src/Rescue_Car_ws/install/trajectory_msgs:/root/ros_ws/src/Rescue_Car_ws/install/stereo_msgs:/root/ros_ws/src/Rescue_Car_ws/install/std_srvs:/root/ros_ws/src/Rescue_Car_ws/install/shape_msgs:/root/ros_ws/src/Rescue_Car_ws/install/sensor_msgs:/root/ros_ws/src/Rescue_Car_ws/install/nav_msgs:/root/ros_ws/src/Rescue_Car_ws/install/diagnostic_msgs:/root/ros_ws/src/Rescue_Car_ws/install/geometry_msgs:/root/ros_ws/src/Rescue_Car_ws/install/actionlib_msgs:/root/ros_ws/src/Rescue_Car_ws/install/std_msgs:/root/ros_ws/src/Rescue_Car_ws/install/statistics_msgs:/root/ros_ws/src/Rescue_Car_ws/install/rosidl_typesupport_microxrcedds_test_msg:/root/ros_ws/src/Rescue_Car_ws/install/rosidl_typesupport_microxrcedds_cpp_tests:/root/ros_ws/src/Rescue_Car_ws/install/rmw_microxrcedds:/root/ros_ws/src/Rescue_Car_ws/install/rosidl_typesupport_microxrcedds_cpp:/root/ros_ws/src/Rescue_Car_ws/install/rosidl_typesupport_microxrcedds_c_tests:/root/ros_ws/src/Rescue_Car_ws/install/rosidl_typesupport_microxrcedds_c:/root/ros_ws/src/Rescue_Car_ws/install/rosgraph_msgs:/root/ros_ws/src/Rescue_Car_ws/install/rclc_parameter:/root/ros_ws/src/Rescue_Car_ws/install/rclc:/root/ros_ws/src/Rescue_Car_ws/install/composition_interfaces:/root/ros_ws/src/Rescue_Car_ws/install/rcl_interfaces:/root/ros_ws/src/Rescue_Car_ws/install/microxrcedds_client:/root/ros_ws/src/Rescue_Car_ws/install/micro_ros_utilities:/root/ros_ws/src/Rescue_Car_ws/install/micro_ros_setup:/root/ros_ws/src/Rescue_Car_ws/install/micro_ros_agent:/root/ros_ws/src/Rescue_Car_ws/install/micro_ros_msgs:/root/ros_ws/src/Rescue_Car_ws/install/lifecycle_msgs:/root/ros_ws/src/Rescue_Car_ws/install/complex_msgs:/root/ros_ws/src/Rescue_Car_ws/install/car:/root/ros_ws/src/Rescue_Car_ws/install/builtin_interfaces:/root/ros_ws/src/Rescue_Car_ws/install/sensor_msgs_py:/opt/ros/humble /usr/bin/cmake --install /root/ros_ws/src/Rescue_Car_ws/build/rosidl_typesupport_microxrcedds_c
[1.137s] Level 1:colcon.colcon_core.environment:create_environment_scripts_only(rosidl_typesupport_microxrcedds_c)
[1.137s] Level 1:colcon.colcon_core.environment:checking '/root/ros_ws/src/Rescue_Car_ws/install/rosidl_typesupport_microxrcedds_c' for CMake module files
[1.138s] DEBUG:colcon.colcon_core.event_handler.log_command:Invoked command in '/root/ros_ws/src/Rescue_Car_ws/build/rosidl_typesupport_microxrcedds_c' returned '0': CMAKE_PREFIX_PATH=/root/ros_ws/src/Rescue_Car_ws/install/microcdr:/root/ros_ws/src/Rescue_Car_ws/install/micro_ros_demos_rclc:/root/ros_ws/src/Rescue_Car_ws/install/common_interfaces:/root/ros_ws/src/Rescue_Car_ws/install/visualization_msgs:/root/ros_ws/src/Rescue_Car_ws/install/test_msgs:/root/ros_ws/src/Rescue_Car_ws/install/example_interfaces:/root/ros_ws/src/Rescue_Car_ws/install/action_msgs:/root/ros_ws/src/Rescue_Car_ws/install/unique_identifier_msgs:/root/ros_ws/src/Rescue_Car_ws/install/trajectory_msgs:/root/ros_ws/src/Rescue_Car_ws/install/stereo_msgs:/root/ros_ws/src/Rescue_Car_ws/install/std_srvs:/root/ros_ws/src/Rescue_Car_ws/install/shape_msgs:/root/ros_ws/src/Rescue_Car_ws/install/sensor_msgs:/root/ros_ws/src/Rescue_Car_ws/install/nav_msgs:/root/ros_ws/src/Rescue_Car_ws/install/diagnostic_msgs:/root/ros_ws/src/Rescue_Car_ws/install/geometry_msgs:/root/ros_ws/src/Rescue_Car_ws/install/actionlib_msgs:/root/ros_ws/src/Rescue_Car_ws/install/std_msgs:/root/ros_ws/src/Rescue_Car_ws/install/statistics_msgs:/root/ros_ws/src/Rescue_Car_ws/install/rosidl_typesupport_microxrcedds_test_msg:/root/ros_ws/src/Rescue_Car_ws/install/rosidl_typesupport_microxrcedds_cpp_tests:/root/ros_ws/src/Rescue_Car_ws/install/rmw_microxrcedds:/root/ros_ws/src/Rescue_Car_ws/install/rosidl_typesupport_microxrcedds_cpp:/root/ros_ws/src/Rescue_Car_ws/install/rosidl_typesupport_microxrcedds_c_tests:/root/ros_ws/src/Rescue_Car_ws/install/rosidl_typesupport_microxrcedds_c:/root/ros_ws/src/Rescue_Car_ws/install/rosgraph_msgs:/root/ros_ws/src/Rescue_Car_ws/install/rclc_parameter:/root/ros_ws/src/Rescue_Car_ws/install/rclc:/root/ros_ws/src/Rescue_Car_ws/install/composition_interfaces:/root/ros_ws/src/Rescue_Car_ws/install/rcl_interfaces:/root/ros_ws/src/Rescue_Car_ws/install/microxrcedds_client:/root/ros_ws/src/Rescue_Car_ws/install/micro_ros_utilities:/root/ros_ws/src/Rescue_Car_ws/install/micro_ros_setup:/root/ros_ws/src/Rescue_Car_ws/install/micro_ros_agent:/root/ros_ws/src/Rescue_Car_ws/install/micro_ros_msgs:/root/ros_ws/src/Rescue_Car_ws/install/lifecycle_msgs:/root/ros_ws/src/Rescue_Car_ws/install/complex_msgs:/root/ros_ws/src/Rescue_Car_ws/install/car:/root/ros_ws/src/Rescue_Car_ws/install/builtin_interfaces:/root/ros_ws/src/Rescue_Car_ws/install/sensor_msgs_py:/opt/ros/humble /usr/bin/cmake --install /root/ros_ws/src/Rescue_Car_ws/build/rosidl_typesupport_microxrcedds_c
[1.138s] Level 1:colcon.colcon_core.environment:checking '/root/ros_ws/src/Rescue_Car_ws/install/rosidl_typesupport_microxrcedds_c' for CMake config files
[1.138s] Level 1:colcon.colcon_core.shell:create_environment_hook('rosidl_typesupport_microxrcedds_c', 'cmake_prefix_path')
[1.138s] INFO:colcon.colcon_core.shell:Creating environment hook '/root/ros_ws/src/Rescue_Car_ws/install/rosidl_typesupport_microxrcedds_c/share/rosidl_typesupport_microxrcedds_c/hook/cmake_prefix_path.ps1'
[1.139s] INFO:colcon.colcon_core.shell:Creating environment descriptor '/root/ros_ws/src/Rescue_Car_ws/install/rosidl_typesupport_microxrcedds_c/share/rosidl_typesupport_microxrcedds_c/hook/cmake_prefix_path.dsv'
[1.139s] INFO:colcon.colcon_core.shell:Creating environment hook '/root/ros_ws/src/Rescue_Car_ws/install/rosidl_typesupport_microxrcedds_c/share/rosidl_typesupport_microxrcedds_c/hook/cmake_prefix_path.sh'
[1.139s] Level 1:colcon.colcon_core.environment:checking '/root/ros_ws/src/Rescue_Car_ws/install/rosidl_typesupport_microxrcedds_c/lib'
[1.139s] Level 1:colcon.colcon_core.environment:checking '/root/ros_ws/src/Rescue_Car_ws/install/rosidl_typesupport_microxrcedds_c/bin'
[1.139s] Level 1:colcon.colcon_core.environment:checking '/root/ros_ws/src/Rescue_Car_ws/install/rosidl_typesupport_microxrcedds_c/lib/pkgconfig/rosidl_typesupport_microxrcedds_c.pc'
[1.140s] Level 1:colcon.colcon_core.environment:checking '/root/ros_ws/src/Rescue_Car_ws/install/rosidl_typesupport_microxrcedds_c/lib/python3.10/site-packages'
[1.140s] Level 1:colcon.colcon_core.environment:checking '/root/ros_ws/src/Rescue_Car_ws/install/rosidl_typesupport_microxrcedds_c/bin'
[1.140s] INFO:colcon.colcon_core.shell:Creating package script '/root/ros_ws/src/Rescue_Car_ws/install/rosidl_typesupport_microxrcedds_c/share/rosidl_typesupport_microxrcedds_c/package.ps1'
[1.140s] INFO:colcon.colcon_core.shell:Creating package descriptor '/root/ros_ws/src/Rescue_Car_ws/install/rosidl_typesupport_microxrcedds_c/share/rosidl_typesupport_microxrcedds_c/package.dsv'
[1.141s] INFO:colcon.colcon_core.shell:Creating package script '/root/ros_ws/src/Rescue_Car_ws/install/rosidl_typesupport_microxrcedds_c/share/rosidl_typesupport_microxrcedds_c/package.sh'
[1.141s] INFO:colcon.colcon_core.shell:Creating package script '/root/ros_ws/src/Rescue_Car_ws/install/rosidl_typesupport_microxrcedds_c/share/rosidl_typesupport_microxrcedds_c/package.bash'
[1.141s] INFO:colcon.colcon_core.shell:Creating package script '/root/ros_ws/src/Rescue_Car_ws/install/rosidl_typesupport_microxrcedds_c/share/rosidl_typesupport_microxrcedds_c/package.zsh'
[1.141s] Level 1:colcon.colcon_core.environment:create_file_with_runtime_dependencies(/root/ros_ws/src/Rescue_Car_ws/install/rosidl_typesupport_microxrcedds_c/share/colcon-core/packages/rosidl_typesupport_microxrcedds_c)
[1.142s] Level 1:colcon.colcon_core.environment:create_environment_scripts_only(rosidl_typesupport_microxrcedds_c)
[1.142s] Level 1:colcon.colcon_core.environment:checking '/root/ros_ws/src/Rescue_Car_ws/install/rosidl_typesupport_microxrcedds_c' for CMake module files
[1.142s] Level 1:colcon.colcon_core.environment:checking '/root/ros_ws/src/Rescue_Car_ws/install/rosidl_typesupport_microxrcedds_c' for CMake config files
[1.142s] Level 1:colcon.colcon_core.shell:create_environment_hook('rosidl_typesupport_microxrcedds_c', 'cmake_prefix_path')
[1.142s] INFO:colcon.colcon_core.shell:Creating environment hook '/root/ros_ws/src/Rescue_Car_ws/install/rosidl_typesupport_microxrcedds_c/share/rosidl_typesupport_microxrcedds_c/hook/cmake_prefix_path.ps1'
[1.143s] INFO:colcon.colcon_core.shell:Creating environment descriptor '/root/ros_ws/src/Rescue_Car_ws/install/rosidl_typesupport_microxrcedds_c/share/rosidl_typesupport_microxrcedds_c/hook/cmake_prefix_path.dsv'
[1.143s] INFO:colcon.colcon_core.shell:Creating environment hook '/root/ros_ws/src/Rescue_Car_ws/install/rosidl_typesupport_microxrcedds_c/share/rosidl_typesupport_microxrcedds_c/hook/cmake_prefix_path.sh'
[1.143s] Level 1:colcon.colcon_core.environment:checking '/root/ros_ws/src/Rescue_Car_ws/install/rosidl_typesupport_microxrcedds_c/lib'
[1.143s] Level 1:colcon.colcon_core.environment:checking '/root/ros_ws/src/Rescue_Car_ws/install/rosidl_typesupport_microxrcedds_c/bin'
[1.143s] Level 1:colcon.colcon_core.environment:checking '/root/ros_ws/src/Rescue_Car_ws/install/rosidl_typesupport_microxrcedds_c/lib/pkgconfig/rosidl_typesupport_microxrcedds_c.pc'
[1.143s] Level 1:colcon.colcon_core.environment:checking '/root/ros_ws/src/Rescue_Car_ws/install/rosidl_typesupport_microxrcedds_c/lib/python3.10/site-packages'
[1.144s] Level 1:colcon.colcon_core.environment:checking '/root/ros_ws/src/Rescue_Car_ws/install/rosidl_typesupport_microxrcedds_c/bin'
[1.144s] INFO:colcon.colcon_core.shell:Creating package script '/root/ros_ws/src/Rescue_Car_ws/install/rosidl_typesupport_microxrcedds_c/share/rosidl_typesupport_microxrcedds_c/package.ps1'
[1.144s] INFO:colcon.colcon_core.shell:Creating package descriptor '/root/ros_ws/src/Rescue_Car_ws/install/rosidl_typesupport_microxrcedds_c/share/rosidl_typesupport_microxrcedds_c/package.dsv'
[1.145s] INFO:colcon.colcon_core.shell:Creating package script '/root/ros_ws/src/Rescue_Car_ws/install/rosidl_typesupport_microxrcedds_c/share/rosidl_typesupport_microxrcedds_c/package.sh'
[1.145s] INFO:colcon.colcon_core.shell:Creating package script '/root/ros_ws/src/Rescue_Car_ws/install/rosidl_typesupport_microxrcedds_c/share/rosidl_typesupport_microxrcedds_c/package.bash'
[1.146s] INFO:colcon.colcon_core.shell:Creating package script '/root/ros_ws/src/Rescue_Car_ws/install/rosidl_typesupport_microxrcedds_c/share/rosidl_typesupport_microxrcedds_c/package.zsh'
[1.146s] Level 1:colcon.colcon_core.environment:create_file_with_runtime_dependencies(/root/ros_ws/src/Rescue_Car_ws/install/rosidl_typesupport_microxrcedds_c/share/colcon-core/packages/rosidl_typesupport_microxrcedds_c)
[1.147s] INFO:colcon.colcon_ros.task.ament_cmake.build:Building ROS package in '/root/ros_ws/src/Rescue_Car_ws/src/microros/src/uros/rosidl_typesupport_microxrcedds/rosidl_typesupport_microxrcedds_cpp' with build type 'ament_cmake'
[1.147s] INFO:colcon.colcon_cmake.task.cmake.build:Building CMake package in '/root/ros_ws/src/Rescue_Car_ws/src/microros/src/uros/rosidl_typesupport_microxrcedds/rosidl_typesupport_microxrcedds_cpp'
[1.147s] INFO:colcon.colcon_core.shell:Skip shell extension 'powershell' for command environment: Not usable outside of PowerShell
[1.147s] DEBUG:colcon.colcon_core.shell:Skip shell extension 'dsv' for command environment
[1.157s] DEBUG:colcon.colcon_core.event_handler.log_command:Invoking command in '/root/ros_ws/src/Rescue_Car_ws/build/std_msgs': CMAKE_PREFIX_PATH=/root/ros_ws/src/Rescue_Car_ws/install/builtin_interfaces:/root/ros_ws/src/Rescue_Car_ws/install/micro_ros_demos_rclc:/root/ros_ws/src/Rescue_Car_ws/install/common_interfaces:/root/ros_ws/src/Rescue_Car_ws/install/visualization_msgs:/root/ros_ws/src/Rescue_Car_ws/install/test_msgs:/root/ros_ws/src/Rescue_Car_ws/install/example_interfaces:/root/ros_ws/src/Rescue_Car_ws/install/action_msgs:/root/ros_ws/src/Rescue_Car_ws/install/unique_identifier_msgs:/root/ros_ws/src/Rescue_Car_ws/install/trajectory_msgs:/root/ros_ws/src/Rescue_Car_ws/install/stereo_msgs:/root/ros_ws/src/Rescue_Car_ws/install/std_srvs:/root/ros_ws/src/Rescue_Car_ws/install/shape_msgs:/root/ros_ws/src/Rescue_Car_ws/install/sensor_msgs:/root/ros_ws/src/Rescue_Car_ws/install/nav_msgs:/root/ros_ws/src/Rescue_Car_ws/install/diagnostic_msgs:/root/ros_ws/src/Rescue_Car_ws/install/geometry_msgs:/root/ros_ws/src/Rescue_Car_ws/install/actionlib_msgs:/root/ros_ws/src/Rescue_Car_ws/install/std_msgs:/root/ros_ws/src/Rescue_Car_ws/install/statistics_msgs:/root/ros_ws/src/Rescue_Car_ws/install/rosidl_typesupport_microxrcedds_test_msg:/root/ros_ws/src/Rescue_Car_ws/install/rosidl_typesupport_microxrcedds_cpp_tests:/root/ros_ws/src/Rescue_Car_ws/install/rmw_microxrcedds:/root/ros_ws/src/Rescue_Car_ws/install/rosidl_typesupport_microxrcedds_cpp:/root/ros_ws/src/Rescue_Car_ws/install/rosidl_typesupport_microxrcedds_c_tests:/root/ros_ws/src/Rescue_Car_ws/install/rosidl_typesupport_microxrcedds_c:/root/ros_ws/src/Rescue_Car_ws/install/rosgraph_msgs:/root/ros_ws/src/Rescue_Car_ws/install/rclc_parameter:/root/ros_ws/src/Rescue_Car_ws/install/rclc:/root/ros_ws/src/Rescue_Car_ws/install/composition_interfaces:/root/ros_ws/src/Rescue_Car_ws/install/rcl_interfaces:/root/ros_ws/src/Rescue_Car_ws/install/microxrcedds_client:/root/ros_ws/src/Rescue_Car_ws/install/microcdr:/root/ros_ws/src/Rescue_Car_ws/install/micro_ros_utilities:/root/ros_ws/src/Rescue_Car_ws/install/micro_ros_setup:/root/ros_ws/src/Rescue_Car_ws/install/micro_ros_agent:/root/ros_ws/src/Rescue_Car_ws/install/micro_ros_msgs:/root/ros_ws/src/Rescue_Car_ws/install/lifecycle_msgs:/root/ros_ws/src/Rescue_Car_ws/install/complex_msgs:/root/ros_ws/src/Rescue_Car_ws/install/car:/root/ros_ws/src/Rescue_Car_ws/install/sensor_msgs_py:/opt/ros/humble LD_LIBRARY_PATH=/root/ros_ws/src/Rescue_Car_ws/install/builtin_interfaces/lib:/root/ros_ws/src/Rescue_Car_ws/install/visualization_msgs/lib:/root/ros_ws/src/Rescue_Car_ws/install/test_msgs/lib:/root/ros_ws/src/Rescue_Car_ws/install/example_interfaces/lib:/root/ros_ws/src/Rescue_Car_ws/install/action_msgs/lib:/root/ros_ws/src/Rescue_Car_ws/install/unique_identifier_msgs/lib:/root/ros_ws/src/Rescue_Car_ws/install/trajectory_msgs/lib:/root/ros_ws/src/Rescue_Car_ws/install/stereo_msgs/lib:/root/ros_ws/src/Rescue_Car_ws/install/std_srvs/lib:/root/ros_ws/src/Rescue_Car_ws/install/shape_msgs/lib:/root/ros_ws/src/Rescue_Car_ws/install/sensor_msgs/lib:/root/ros_ws/src/Rescue_Car_ws/install/nav_msgs/lib:/root/ros_ws/src/Rescue_Car_ws/install/diagnostic_msgs/lib:/root/ros_ws/src/Rescue_Car_ws/install/geometry_msgs/lib:/root/ros_ws/src/Rescue_Car_ws/install/actionlib_msgs/lib:/root/ros_ws/src/Rescue_Car_ws/install/std_msgs/lib:/root/ros_ws/src/Rescue_Car_ws/install/statistics_msgs/lib:/root/ros_ws/src/Rescue_Car_ws/install/rosidl_typesupport_microxrcedds_test_msg/lib:/root/ros_ws/src/Rescue_Car_ws/install/rmw_microxrcedds/lib:/root/ros_ws/src/Rescue_Car_ws/install/rosidl_typesupport_microxrcedds_cpp/lib:/root/ros_ws/src/Rescue_Car_ws/install/rosidl_typesupport_microxrcedds_c/lib:/root/ros_ws/src/Rescue_Car_ws/install/rosgraph_msgs/lib:/root/ros_ws/src/Rescue_Car_ws/install/rclc_parameter/lib:/root/ros_ws/src/Rescue_Car_ws/install/rclc/lib:/root/ros_ws/src/Rescue_Car_ws/install/composition_interfaces/lib:/root/ros_ws/src/Rescue_Car_ws/install/rcl_interfaces/lib:/root/ros_ws/src/Rescue_Car_ws/install/micro_ros_utilities/lib:/root/ros_ws/src/Rescue_Car_ws/install/micro_ros_agent/lib:/root/ros_ws/src/Rescue_Car_ws/install/micro_ros_msgs/lib:/root/ros_ws/src/Rescue_Car_ws/install/lifecycle_msgs/lib:/root/ros_ws/src/Rescue_Car_ws/install/complex_msgs/lib:/usr/lib/x86_64-linux-gnu/gazebo-11/plugins:/opt/ros/humble/opt/rviz_ogre_vendor/lib:/opt/ros/humble/lib/x86_64-linux-gnu:/opt/ros/humble/lib /usr/bin/cmake --build /root/ros_ws/src/Rescue_Car_ws/build/std_msgs -- -j20 -l20
[1.162s] DEBUG:colcon.colcon_core.event_handler.log_command:Invoking command in '/root/ros_ws/src/Rescue_Car_ws/build/complex_msgs': CMAKE_PREFIX_PATH=/root/ros_ws/src/Rescue_Car_ws/install/builtin_interfaces:/root/ros_ws/src/Rescue_Car_ws/install/micro_ros_demos_rclc:/root/ros_ws/src/Rescue_Car_ws/install/common_interfaces:/root/ros_ws/src/Rescue_Car_ws/install/visualization_msgs:/root/ros_ws/src/Rescue_Car_ws/install/test_msgs:/root/ros_ws/src/Rescue_Car_ws/install/example_interfaces:/root/ros_ws/src/Rescue_Car_ws/install/action_msgs:/root/ros_ws/src/Rescue_Car_ws/install/unique_identifier_msgs:/root/ros_ws/src/Rescue_Car_ws/install/trajectory_msgs:/root/ros_ws/src/Rescue_Car_ws/install/stereo_msgs:/root/ros_ws/src/Rescue_Car_ws/install/std_srvs:/root/ros_ws/src/Rescue_Car_ws/install/shape_msgs:/root/ros_ws/src/Rescue_Car_ws/install/sensor_msgs:/root/ros_ws/src/Rescue_Car_ws/install/nav_msgs:/root/ros_ws/src/Rescue_Car_ws/install/diagnostic_msgs:/root/ros_ws/src/Rescue_Car_ws/install/geometry_msgs:/root/ros_ws/src/Rescue_Car_ws/install/actionlib_msgs:/root/ros_ws/src/Rescue_Car_ws/install/std_msgs:/root/ros_ws/src/Rescue_Car_ws/install/statistics_msgs:/root/ros_ws/src/Rescue_Car_ws/install/rosidl_typesupport_microxrcedds_test_msg:/root/ros_ws/src/Rescue_Car_ws/install/rosidl_typesupport_microxrcedds_cpp_tests:/root/ros_ws/src/Rescue_Car_ws/install/rmw_microxrcedds:/root/ros_ws/src/Rescue_Car_ws/install/rosidl_typesupport_microxrcedds_cpp:/root/ros_ws/src/Rescue_Car_ws/install/rosidl_typesupport_microxrcedds_c_tests:/root/ros_ws/src/Rescue_Car_ws/install/rosidl_typesupport_microxrcedds_c:/root/ros_ws/src/Rescue_Car_ws/install/rosgraph_msgs:/root/ros_ws/src/Rescue_Car_ws/install/rclc_parameter:/root/ros_ws/src/Rescue_Car_ws/install/rclc:/root/ros_ws/src/Rescue_Car_ws/install/composition_interfaces:/root/ros_ws/src/Rescue_Car_ws/install/rcl_interfaces:/root/ros_ws/src/Rescue_Car_ws/install/microxrcedds_client:/root/ros_ws/src/Rescue_Car_ws/install/microcdr:/root/ros_ws/src/Rescue_Car_ws/install/micro_ros_utilities:/root/ros_ws/src/Rescue_Car_ws/install/micro_ros_setup:/root/ros_ws/src/Rescue_Car_ws/install/micro_ros_agent:/root/ros_ws/src/Rescue_Car_ws/install/micro_ros_msgs:/root/ros_ws/src/Rescue_Car_ws/install/lifecycle_msgs:/root/ros_ws/src/Rescue_Car_ws/install/complex_msgs:/root/ros_ws/src/Rescue_Car_ws/install/car:/root/ros_ws/src/Rescue_Car_ws/install/sensor_msgs_py:/opt/ros/humble LD_LIBRARY_PATH=/root/ros_ws/src/Rescue_Car_ws/install/builtin_interfaces/lib:/root/ros_ws/src/Rescue_Car_ws/install/visualization_msgs/lib:/root/ros_ws/src/Rescue_Car_ws/install/test_msgs/lib:/root/ros_ws/src/Rescue_Car_ws/install/example_interfaces/lib:/root/ros_ws/src/Rescue_Car_ws/install/action_msgs/lib:/root/ros_ws/src/Rescue_Car_ws/install/unique_identifier_msgs/lib:/root/ros_ws/src/Rescue_Car_ws/install/trajectory_msgs/lib:/root/ros_ws/src/Rescue_Car_ws/install/stereo_msgs/lib:/root/ros_ws/src/Rescue_Car_ws/install/std_srvs/lib:/root/ros_ws/src/Rescue_Car_ws/install/shape_msgs/lib:/root/ros_ws/src/Rescue_Car_ws/install/sensor_msgs/lib:/root/ros_ws/src/Rescue_Car_ws/install/nav_msgs/lib:/root/ros_ws/src/Rescue_Car_ws/install/diagnostic_msgs/lib:/root/ros_ws/src/Rescue_Car_ws/install/geometry_msgs/lib:/root/ros_ws/src/Rescue_Car_ws/install/actionlib_msgs/lib:/root/ros_ws/src/Rescue_Car_ws/install/std_msgs/lib:/root/ros_ws/src/Rescue_Car_ws/install/statistics_msgs/lib:/root/ros_ws/src/Rescue_Car_ws/install/rosidl_typesupport_microxrcedds_test_msg/lib:/root/ros_ws/src/Rescue_Car_ws/install/rmw_microxrcedds/lib:/root/ros_ws/src/Rescue_Car_ws/install/rosidl_typesupport_microxrcedds_cpp/lib:/root/ros_ws/src/Rescue_Car_ws/install/rosidl_typesupport_microxrcedds_c/lib:/root/ros_ws/src/Rescue_Car_ws/install/rosgraph_msgs/lib:/root/ros_ws/src/Rescue_Car_ws/install/rclc_parameter/lib:/root/ros_ws/src/Rescue_Car_ws/install/rclc/lib:/root/ros_ws/src/Rescue_Car_ws/install/composition_interfaces/lib:/root/ros_ws/src/Rescue_Car_ws/install/rcl_interfaces/lib:/root/ros_ws/src/Rescue_Car_ws/install/micro_ros_utilities/lib:/root/ros_ws/src/Rescue_Car_ws/install/micro_ros_agent/lib:/root/ros_ws/src/Rescue_Car_ws/install/micro_ros_msgs/lib:/root/ros_ws/src/Rescue_Car_ws/install/lifecycle_msgs/lib:/root/ros_ws/src/Rescue_Car_ws/install/complex_msgs/lib:/usr/lib/x86_64-linux-gnu/gazebo-11/plugins:/opt/ros/humble/opt/rviz_ogre_vendor/lib:/opt/ros/humble/lib/x86_64-linux-gnu:/opt/ros/humble/lib /usr/bin/cmake --build /root/ros_ws/src/Rescue_Car_ws/build/complex_msgs -- -j20 -l20
[1.165s] DEBUG:colcon.colcon_core.event_handler.log_command:Invoking command in '/root/ros_ws/src/Rescue_Car_ws/build/rcl_interfaces': CMAKE_PREFIX_PATH=/root/ros_ws/src/Rescue_Car_ws/install/builtin_interfaces:/root/ros_ws/src/Rescue_Car_ws/install/micro_ros_demos_rclc:/root/ros_ws/src/Rescue_Car_ws/install/common_interfaces:/root/ros_ws/src/Rescue_Car_ws/install/visualization_msgs:/root/ros_ws/src/Rescue_Car_ws/install/test_msgs:/root/ros_ws/src/Rescue_Car_ws/install/example_interfaces:/root/ros_ws/src/Rescue_Car_ws/install/action_msgs:/root/ros_ws/src/Rescue_Car_ws/install/unique_identifier_msgs:/root/ros_ws/src/Rescue_Car_ws/install/trajectory_msgs:/root/ros_ws/src/Rescue_Car_ws/install/stereo_msgs:/root/ros_ws/src/Rescue_Car_ws/install/std_srvs:/root/ros_ws/src/Rescue_Car_ws/install/shape_msgs:/root/ros_ws/src/Rescue_Car_ws/install/sensor_msgs:/root/ros_ws/src/Rescue_Car_ws/install/nav_msgs:/root/ros_ws/src/Rescue_Car_ws/install/diagnostic_msgs:/root/ros_ws/src/Rescue_Car_ws/install/geometry_msgs:/root/ros_ws/src/Rescue_Car_ws/install/actionlib_msgs:/root/ros_ws/src/Rescue_Car_ws/install/std_msgs:/root/ros_ws/src/Rescue_Car_ws/install/statistics_msgs:/root/ros_ws/src/Rescue_Car_ws/install/rosidl_typesupport_microxrcedds_test_msg:/root/ros_ws/src/Rescue_Car_ws/install/rosidl_typesupport_microxrcedds_cpp_tests:/root/ros_ws/src/Rescue_Car_ws/install/rmw_microxrcedds:/root/ros_ws/src/Rescue_Car_ws/install/rosidl_typesupport_microxrcedds_cpp:/root/ros_ws/src/Rescue_Car_ws/install/rosidl_typesupport_microxrcedds_c_tests:/root/ros_ws/src/Rescue_Car_ws/install/rosidl_typesupport_microxrcedds_c:/root/ros_ws/src/Rescue_Car_ws/install/rosgraph_msgs:/root/ros_ws/src/Rescue_Car_ws/install/rclc_parameter:/root/ros_ws/src/Rescue_Car_ws/install/rclc:/root/ros_ws/src/Rescue_Car_ws/install/composition_interfaces:/root/ros_ws/src/Rescue_Car_ws/install/rcl_interfaces:/root/ros_ws/src/Rescue_Car_ws/install/microxrcedds_client:/root/ros_ws/src/Rescue_Car_ws/install/microcdr:/root/ros_ws/src/Rescue_Car_ws/install/micro_ros_utilities:/root/ros_ws/src/Rescue_Car_ws/install/micro_ros_setup:/root/ros_ws/src/Rescue_Car_ws/install/micro_ros_agent:/root/ros_ws/src/Rescue_Car_ws/install/micro_ros_msgs:/root/ros_ws/src/Rescue_Car_ws/install/lifecycle_msgs:/root/ros_ws/src/Rescue_Car_ws/install/complex_msgs:/root/ros_ws/src/Rescue_Car_ws/install/car:/root/ros_ws/src/Rescue_Car_ws/install/sensor_msgs_py:/opt/ros/humble LD_LIBRARY_PATH=/root/ros_ws/src/Rescue_Car_ws/install/builtin_interfaces/lib:/root/ros_ws/src/Rescue_Car_ws/install/visualization_msgs/lib:/root/ros_ws/src/Rescue_Car_ws/install/test_msgs/lib:/root/ros_ws/src/Rescue_Car_ws/install/example_interfaces/lib:/root/ros_ws/src/Rescue_Car_ws/install/action_msgs/lib:/root/ros_ws/src/Rescue_Car_ws/install/unique_identifier_msgs/lib:/root/ros_ws/src/Rescue_Car_ws/install/trajectory_msgs/lib:/root/ros_ws/src/Rescue_Car_ws/install/stereo_msgs/lib:/root/ros_ws/src/Rescue_Car_ws/install/std_srvs/lib:/root/ros_ws/src/Rescue_Car_ws/install/shape_msgs/lib:/root/ros_ws/src/Rescue_Car_ws/install/sensor_msgs/lib:/root/ros_ws/src/Rescue_Car_ws/install/nav_msgs/lib:/root/ros_ws/src/Rescue_Car_ws/install/diagnostic_msgs/lib:/root/ros_ws/src/Rescue_Car_ws/install/geometry_msgs/lib:/root/ros_ws/src/Rescue_Car_ws/install/actionlib_msgs/lib:/root/ros_ws/src/Rescue_Car_ws/install/std_msgs/lib:/root/ros_ws/src/Rescue_Car_ws/install/statistics_msgs/lib:/root/ros_ws/src/Rescue_Car_ws/install/rosidl_typesupport_microxrcedds_test_msg/lib:/root/ros_ws/src/Rescue_Car_ws/install/rmw_microxrcedds/lib:/root/ros_ws/src/Rescue_Car_ws/install/rosidl_typesupport_microxrcedds_cpp/lib:/root/ros_ws/src/Rescue_Car_ws/install/rosidl_typesupport_microxrcedds_c/lib:/root/ros_ws/src/Rescue_Car_ws/install/rosgraph_msgs/lib:/root/ros_ws/src/Rescue_Car_ws/install/rclc_parameter/lib:/root/ros_ws/src/Rescue_Car_ws/install/rclc/lib:/root/ros_ws/src/Rescue_Car_ws/install/composition_interfaces/lib:/root/ros_ws/src/Rescue_Car_ws/install/rcl_interfaces/lib:/root/ros_ws/src/Rescue_Car_ws/install/micro_ros_utilities/lib:/root/ros_ws/src/Rescue_Car_ws/install/micro_ros_agent/lib:/root/ros_ws/src/Rescue_Car_ws/install/micro_ros_msgs/lib:/root/ros_ws/src/Rescue_Car_ws/install/lifecycle_msgs/lib:/root/ros_ws/src/Rescue_Car_ws/install/complex_msgs/lib:/usr/lib/x86_64-linux-gnu/gazebo-11/plugins:/opt/ros/humble/opt/rviz_ogre_vendor/lib:/opt/ros/humble/lib/x86_64-linux-gnu:/opt/ros/humble/lib /usr/bin/cmake --build /root/ros_ws/src/Rescue_Car_ws/build/rcl_interfaces -- -j20 -l20
[1.181s] DEBUG:colcon.colcon_core.event_handler.log_command:Invoking command in '/root/ros_ws/src/Rescue_Car_ws/build/rosgraph_msgs': CMAKE_PREFIX_PATH=/root/ros_ws/src/Rescue_Car_ws/install/builtin_interfaces:/root/ros_ws/src/Rescue_Car_ws/install/micro_ros_demos_rclc:/root/ros_ws/src/Rescue_Car_ws/install/common_interfaces:/root/ros_ws/src/Rescue_Car_ws/install/visualization_msgs:/root/ros_ws/src/Rescue_Car_ws/install/test_msgs:/root/ros_ws/src/Rescue_Car_ws/install/example_interfaces:/root/ros_ws/src/Rescue_Car_ws/install/action_msgs:/root/ros_ws/src/Rescue_Car_ws/install/unique_identifier_msgs:/root/ros_ws/src/Rescue_Car_ws/install/trajectory_msgs:/root/ros_ws/src/Rescue_Car_ws/install/stereo_msgs:/root/ros_ws/src/Rescue_Car_ws/install/std_srvs:/root/ros_ws/src/Rescue_Car_ws/install/shape_msgs:/root/ros_ws/src/Rescue_Car_ws/install/sensor_msgs:/root/ros_ws/src/Rescue_Car_ws/install/nav_msgs:/root/ros_ws/src/Rescue_Car_ws/install/diagnostic_msgs:/root/ros_ws/src/Rescue_Car_ws/install/geometry_msgs:/root/ros_ws/src/Rescue_Car_ws/install/actionlib_msgs:/root/ros_ws/src/Rescue_Car_ws/install/std_msgs:/root/ros_ws/src/Rescue_Car_ws/install/statistics_msgs:/root/ros_ws/src/Rescue_Car_ws/install/rosidl_typesupport_microxrcedds_test_msg:/root/ros_ws/src/Rescue_Car_ws/install/rosidl_typesupport_microxrcedds_cpp_tests:/root/ros_ws/src/Rescue_Car_ws/install/rmw_microxrcedds:/root/ros_ws/src/Rescue_Car_ws/install/rosidl_typesupport_microxrcedds_cpp:/root/ros_ws/src/Rescue_Car_ws/install/rosidl_typesupport_microxrcedds_c_tests:/root/ros_ws/src/Rescue_Car_ws/install/rosidl_typesupport_microxrcedds_c:/root/ros_ws/src/Rescue_Car_ws/install/rosgraph_msgs:/root/ros_ws/src/Rescue_Car_ws/install/rclc_parameter:/root/ros_ws/src/Rescue_Car_ws/install/rclc:/root/ros_ws/src/Rescue_Car_ws/install/composition_interfaces:/root/ros_ws/src/Rescue_Car_ws/install/rcl_interfaces:/root/ros_ws/src/Rescue_Car_ws/install/microxrcedds_client:/root/ros_ws/src/Rescue_Car_ws/install/microcdr:/root/ros_ws/src/Rescue_Car_ws/install/micro_ros_utilities:/root/ros_ws/src/Rescue_Car_ws/install/micro_ros_setup:/root/ros_ws/src/Rescue_Car_ws/install/micro_ros_agent:/root/ros_ws/src/Rescue_Car_ws/install/micro_ros_msgs:/root/ros_ws/src/Rescue_Car_ws/install/lifecycle_msgs:/root/ros_ws/src/Rescue_Car_ws/install/complex_msgs:/root/ros_ws/src/Rescue_Car_ws/install/car:/root/ros_ws/src/Rescue_Car_ws/install/sensor_msgs_py:/opt/ros/humble LD_LIBRARY_PATH=/root/ros_ws/src/Rescue_Car_ws/install/builtin_interfaces/lib:/root/ros_ws/src/Rescue_Car_ws/install/visualization_msgs/lib:/root/ros_ws/src/Rescue_Car_ws/install/test_msgs/lib:/root/ros_ws/src/Rescue_Car_ws/install/example_interfaces/lib:/root/ros_ws/src/Rescue_Car_ws/install/action_msgs/lib:/root/ros_ws/src/Rescue_Car_ws/install/unique_identifier_msgs/lib:/root/ros_ws/src/Rescue_Car_ws/install/trajectory_msgs/lib:/root/ros_ws/src/Rescue_Car_ws/install/stereo_msgs/lib:/root/ros_ws/src/Rescue_Car_ws/install/std_srvs/lib:/root/ros_ws/src/Rescue_Car_ws/install/shape_msgs/lib:/root/ros_ws/src/Rescue_Car_ws/install/sensor_msgs/lib:/root/ros_ws/src/Rescue_Car_ws/install/nav_msgs/lib:/root/ros_ws/src/Rescue_Car_ws/install/diagnostic_msgs/lib:/root/ros_ws/src/Rescue_Car_ws/install/geometry_msgs/lib:/root/ros_ws/src/Rescue_Car_ws/install/actionlib_msgs/lib:/root/ros_ws/src/Rescue_Car_ws/install/std_msgs/lib:/root/ros_ws/src/Rescue_Car_ws/install/statistics_msgs/lib:/root/ros_ws/src/Rescue_Car_ws/install/rosidl_typesupport_microxrcedds_test_msg/lib:/root/ros_ws/src/Rescue_Car_ws/install/rmw_microxrcedds/lib:/root/ros_ws/src/Rescue_Car_ws/install/rosidl_typesupport_microxrcedds_cpp/lib:/root/ros_ws/src/Rescue_Car_ws/install/rosidl_typesupport_microxrcedds_c/lib:/root/ros_ws/src/Rescue_Car_ws/install/rosgraph_msgs/lib:/root/ros_ws/src/Rescue_Car_ws/install/rclc_parameter/lib:/root/ros_ws/src/Rescue_Car_ws/install/rclc/lib:/root/ros_ws/src/Rescue_Car_ws/install/composition_interfaces/lib:/root/ros_ws/src/Rescue_Car_ws/install/rcl_interfaces/lib:/root/ros_ws/src/Rescue_Car_ws/install/micro_ros_utilities/lib:/root/ros_ws/src/Rescue_Car_ws/install/micro_ros_agent/lib:/root/ros_ws/src/Rescue_Car_ws/install/micro_ros_msgs/lib:/root/ros_ws/src/Rescue_Car_ws/install/lifecycle_msgs/lib:/root/ros_ws/src/Rescue_Car_ws/install/complex_msgs/lib:/usr/lib/x86_64-linux-gnu/gazebo-11/plugins:/opt/ros/humble/opt/rviz_ogre_vendor/lib:/opt/ros/humble/lib/x86_64-linux-gnu:/opt/ros/humble/lib /usr/bin/cmake --build /root/ros_ws/src/Rescue_Car_ws/build/rosgraph_msgs -- -j20 -l20
[1.185s] DEBUG:colcon.colcon_core.event_handler.log_command:Invoking command in '/root/ros_ws/src/Rescue_Car_ws/build/statistics_msgs': CMAKE_PREFIX_PATH=/root/ros_ws/src/Rescue_Car_ws/install/builtin_interfaces:/root/ros_ws/src/Rescue_Car_ws/install/micro_ros_demos_rclc:/root/ros_ws/src/Rescue_Car_ws/install/common_interfaces:/root/ros_ws/src/Rescue_Car_ws/install/visualization_msgs:/root/ros_ws/src/Rescue_Car_ws/install/test_msgs:/root/ros_ws/src/Rescue_Car_ws/install/example_interfaces:/root/ros_ws/src/Rescue_Car_ws/install/action_msgs:/root/ros_ws/src/Rescue_Car_ws/install/unique_identifier_msgs:/root/ros_ws/src/Rescue_Car_ws/install/trajectory_msgs:/root/ros_ws/src/Rescue_Car_ws/install/stereo_msgs:/root/ros_ws/src/Rescue_Car_ws/install/std_srvs:/root/ros_ws/src/Rescue_Car_ws/install/shape_msgs:/root/ros_ws/src/Rescue_Car_ws/install/sensor_msgs:/root/ros_ws/src/Rescue_Car_ws/install/nav_msgs:/root/ros_ws/src/Rescue_Car_ws/install/diagnostic_msgs:/root/ros_ws/src/Rescue_Car_ws/install/geometry_msgs:/root/ros_ws/src/Rescue_Car_ws/install/actionlib_msgs:/root/ros_ws/src/Rescue_Car_ws/install/std_msgs:/root/ros_ws/src/Rescue_Car_ws/install/statistics_msgs:/root/ros_ws/src/Rescue_Car_ws/install/rosidl_typesupport_microxrcedds_test_msg:/root/ros_ws/src/Rescue_Car_ws/install/rosidl_typesupport_microxrcedds_cpp_tests:/root/ros_ws/src/Rescue_Car_ws/install/rmw_microxrcedds:/root/ros_ws/src/Rescue_Car_ws/install/rosidl_typesupport_microxrcedds_cpp:/root/ros_ws/src/Rescue_Car_ws/install/rosidl_typesupport_microxrcedds_c_tests:/root/ros_ws/src/Rescue_Car_ws/install/rosidl_typesupport_microxrcedds_c:/root/ros_ws/src/Rescue_Car_ws/install/rosgraph_msgs:/root/ros_ws/src/Rescue_Car_ws/install/rclc_parameter:/root/ros_ws/src/Rescue_Car_ws/install/rclc:/root/ros_ws/src/Rescue_Car_ws/install/composition_interfaces:/root/ros_ws/src/Rescue_Car_ws/install/rcl_interfaces:/root/ros_ws/src/Rescue_Car_ws/install/microxrcedds_client:/root/ros_ws/src/Rescue_Car_ws/install/microcdr:/root/ros_ws/src/Rescue_Car_ws/install/micro_ros_utilities:/root/ros_ws/src/Rescue_Car_ws/install/micro_ros_setup:/root/ros_ws/src/Rescue_Car_ws/install/micro_ros_agent:/root/ros_ws/src/Rescue_Car_ws/install/micro_ros_msgs:/root/ros_ws/src/Rescue_Car_ws/install/lifecycle_msgs:/root/ros_ws/src/Rescue_Car_ws/install/complex_msgs:/root/ros_ws/src/Rescue_Car_ws/install/car:/root/ros_ws/src/Rescue_Car_ws/install/sensor_msgs_py:/opt/ros/humble LD_LIBRARY_PATH=/root/ros_ws/src/Rescue_Car_ws/install/builtin_interfaces/lib:/root/ros_ws/src/Rescue_Car_ws/install/visualization_msgs/lib:/root/ros_ws/src/Rescue_Car_ws/install/test_msgs/lib:/root/ros_ws/src/Rescue_Car_ws/install/example_interfaces/lib:/root/ros_ws/src/Rescue_Car_ws/install/action_msgs/lib:/root/ros_ws/src/Rescue_Car_ws/install/unique_identifier_msgs/lib:/root/ros_ws/src/Rescue_Car_ws/install/trajectory_msgs/lib:/root/ros_ws/src/Rescue_Car_ws/install/stereo_msgs/lib:/root/ros_ws/src/Rescue_Car_ws/install/std_srvs/lib:/root/ros_ws/src/Rescue_Car_ws/install/shape_msgs/lib:/root/ros_ws/src/Rescue_Car_ws/install/sensor_msgs/lib:/root/ros_ws/src/Rescue_Car_ws/install/nav_msgs/lib:/root/ros_ws/src/Rescue_Car_ws/install/diagnostic_msgs/lib:/root/ros_ws/src/Rescue_Car_ws/install/geometry_msgs/lib:/root/ros_ws/src/Rescue_Car_ws/install/actionlib_msgs/lib:/root/ros_ws/src/Rescue_Car_ws/install/std_msgs/lib:/root/ros_ws/src/Rescue_Car_ws/install/statistics_msgs/lib:/root/ros_ws/src/Rescue_Car_ws/install/rosidl_typesupport_microxrcedds_test_msg/lib:/root/ros_ws/src/Rescue_Car_ws/install/rmw_microxrcedds/lib:/root/ros_ws/src/Rescue_Car_ws/install/rosidl_typesupport_microxrcedds_cpp/lib:/root/ros_ws/src/Rescue_Car_ws/install/rosidl_typesupport_microxrcedds_c/lib:/root/ros_ws/src/Rescue_Car_ws/install/rosgraph_msgs/lib:/root/ros_ws/src/Rescue_Car_ws/install/rclc_parameter/lib:/root/ros_ws/src/Rescue_Car_ws/install/rclc/lib:/root/ros_ws/src/Rescue_Car_ws/install/composition_interfaces/lib:/root/ros_ws/src/Rescue_Car_ws/install/rcl_interfaces/lib:/root/ros_ws/src/Rescue_Car_ws/install/micro_ros_utilities/lib:/root/ros_ws/src/Rescue_Car_ws/install/micro_ros_agent/lib:/root/ros_ws/src/Rescue_Car_ws/install/micro_ros_msgs/lib:/root/ros_ws/src/Rescue_Car_ws/install/lifecycle_msgs/lib:/root/ros_ws/src/Rescue_Car_ws/install/complex_msgs/lib:/usr/lib/x86_64-linux-gnu/gazebo-11/plugins:/opt/ros/humble/opt/rviz_ogre_vendor/lib:/opt/ros/humble/lib/x86_64-linux-gnu:/opt/ros/humble/lib /usr/bin/cmake --build /root/ros_ws/src/Rescue_Car_ws/build/statistics_msgs -- -j20 -l20
[1.298s] DEBUG:colcon.colcon_core.event_handler.log_command:Invoking command in '/root/ros_ws/src/Rescue_Car_ws/build/rosidl_typesupport_microxrcedds_cpp': CMAKE_PREFIX_PATH=/root/ros_ws/src/Rescue_Car_ws/install/rosidl_typesupport_microxrcedds_c:/root/ros_ws/src/Rescue_Car_ws/install/microcdr:/root/ros_ws/src/Rescue_Car_ws/install/micro_ros_demos_rclc:/root/ros_ws/src/Rescue_Car_ws/install/common_interfaces:/root/ros_ws/src/Rescue_Car_ws/install/visualization_msgs:/root/ros_ws/src/Rescue_Car_ws/install/test_msgs:/root/ros_ws/src/Rescue_Car_ws/install/example_interfaces:/root/ros_ws/src/Rescue_Car_ws/install/action_msgs:/root/ros_ws/src/Rescue_Car_ws/install/unique_identifier_msgs:/root/ros_ws/src/Rescue_Car_ws/install/trajectory_msgs:/root/ros_ws/src/Rescue_Car_ws/install/stereo_msgs:/root/ros_ws/src/Rescue_Car_ws/install/std_srvs:/root/ros_ws/src/Rescue_Car_ws/install/shape_msgs:/root/ros_ws/src/Rescue_Car_ws/install/sensor_msgs:/root/ros_ws/src/Rescue_Car_ws/install/nav_msgs:/root/ros_ws/src/Rescue_Car_ws/install/diagnostic_msgs:/root/ros_ws/src/Rescue_Car_ws/install/geometry_msgs:/root/ros_ws/src/Rescue_Car_ws/install/actionlib_msgs:/root/ros_ws/src/Rescue_Car_ws/install/std_msgs:/root/ros_ws/src/Rescue_Car_ws/install/statistics_msgs:/root/ros_ws/src/Rescue_Car_ws/install/rosidl_typesupport_microxrcedds_test_msg:/root/ros_ws/src/Rescue_Car_ws/install/rosidl_typesupport_microxrcedds_cpp_tests:/root/ros_ws/src/Rescue_Car_ws/install/rmw_microxrcedds:/root/ros_ws/src/Rescue_Car_ws/install/rosidl_typesupport_microxrcedds_cpp:/root/ros_ws/src/Rescue_Car_ws/install/rosidl_typesupport_microxrcedds_c_tests:/root/ros_ws/src/Rescue_Car_ws/install/rosgraph_msgs:/root/ros_ws/src/Rescue_Car_ws/install/rclc_parameter:/root/ros_ws/src/Rescue_Car_ws/install/rclc:/root/ros_ws/src/Rescue_Car_ws/install/composition_interfaces:/root/ros_ws/src/Rescue_Car_ws/install/rcl_interfaces:/root/ros_ws/src/Rescue_Car_ws/install/microxrcedds_client:/root/ros_ws/src/Rescue_Car_ws/install/micro_ros_utilities:/root/ros_ws/src/Rescue_Car_ws/install/micro_ros_setup:/root/ros_ws/src/Rescue_Car_ws/install/micro_ros_agent:/root/ros_ws/src/Rescue_Car_ws/install/micro_ros_msgs:/root/ros_ws/src/Rescue_Car_ws/install/lifecycle_msgs:/root/ros_ws/src/Rescue_Car_ws/install/complex_msgs:/root/ros_ws/src/Rescue_Car_ws/install/car:/root/ros_ws/src/Rescue_Car_ws/install/builtin_interfaces:/root/ros_ws/src/Rescue_Car_ws/install/sensor_msgs_py:/opt/ros/humble /usr/bin/cmake --build /root/ros_ws/src/Rescue_Car_ws/build/rosidl_typesupport_microxrcedds_cpp -- -j20 -l20
[1.310s] DEBUG:colcon.colcon_core.event_handler.log_command:Invoking command in '/root/ros_ws/src/Rescue_Car_ws/build/action_msgs': CMAKE_PREFIX_PATH=/root/ros_ws/src/Rescue_Car_ws/install/unique_identifier_msgs:/root/ros_ws/src/Rescue_Car_ws/install/builtin_interfaces:/root/ros_ws/src/Rescue_Car_ws/install/micro_ros_demos_rclc:/root/ros_ws/src/Rescue_Car_ws/install/common_interfaces:/root/ros_ws/src/Rescue_Car_ws/install/visualization_msgs:/root/ros_ws/src/Rescue_Car_ws/install/test_msgs:/root/ros_ws/src/Rescue_Car_ws/install/example_interfaces:/root/ros_ws/src/Rescue_Car_ws/install/action_msgs:/root/ros_ws/src/Rescue_Car_ws/install/trajectory_msgs:/root/ros_ws/src/Rescue_Car_ws/install/stereo_msgs:/root/ros_ws/src/Rescue_Car_ws/install/std_srvs:/root/ros_ws/src/Rescue_Car_ws/install/shape_msgs:/root/ros_ws/src/Rescue_Car_ws/install/sensor_msgs:/root/ros_ws/src/Rescue_Car_ws/install/nav_msgs:/root/ros_ws/src/Rescue_Car_ws/install/diagnostic_msgs:/root/ros_ws/src/Rescue_Car_ws/install/geometry_msgs:/root/ros_ws/src/Rescue_Car_ws/install/actionlib_msgs:/root/ros_ws/src/Rescue_Car_ws/install/std_msgs:/root/ros_ws/src/Rescue_Car_ws/install/statistics_msgs:/root/ros_ws/src/Rescue_Car_ws/install/rosidl_typesupport_microxrcedds_test_msg:/root/ros_ws/src/Rescue_Car_ws/install/rosidl_typesupport_microxrcedds_cpp_tests:/root/ros_ws/src/Rescue_Car_ws/install/rmw_microxrcedds:/root/ros_ws/src/Rescue_Car_ws/install/rosidl_typesupport_microxrcedds_cpp:/root/ros_ws/src/Rescue_Car_ws/install/rosidl_typesupport_microxrcedds_c_tests:/root/ros_ws/src/Rescue_Car_ws/install/rosidl_typesupport_microxrcedds_c:/root/ros_ws/src/Rescue_Car_ws/install/rosgraph_msgs:/root/ros_ws/src/Rescue_Car_ws/install/rclc_parameter:/root/ros_ws/src/Rescue_Car_ws/install/rclc:/root/ros_ws/src/Rescue_Car_ws/install/composition_interfaces:/root/ros_ws/src/Rescue_Car_ws/install/rcl_interfaces:/root/ros_ws/src/Rescue_Car_ws/install/microxrcedds_client:/root/ros_ws/src/Rescue_Car_ws/install/microcdr:/root/ros_ws/src/Rescue_Car_ws/install/micro_ros_utilities:/root/ros_ws/src/Rescue_Car_ws/install/micro_ros_setup:/root/ros_ws/src/Rescue_Car_ws/install/micro_ros_agent:/root/ros_ws/src/Rescue_Car_ws/install/micro_ros_msgs:/root/ros_ws/src/Rescue_Car_ws/install/lifecycle_msgs:/root/ros_ws/src/Rescue_Car_ws/install/complex_msgs:/root/ros_ws/src/Rescue_Car_ws/install/car:/root/ros_ws/src/Rescue_Car_ws/install/sensor_msgs_py:/opt/ros/humble LD_LIBRARY_PATH=/root/ros_ws/src/Rescue_Car_ws/install/unique_identifier_msgs/lib:/root/ros_ws/src/Rescue_Car_ws/install/builtin_interfaces/lib:/root/ros_ws/src/Rescue_Car_ws/install/visualization_msgs/lib:/root/ros_ws/src/Rescue_Car_ws/install/test_msgs/lib:/root/ros_ws/src/Rescue_Car_ws/install/example_interfaces/lib:/root/ros_ws/src/Rescue_Car_ws/install/action_msgs/lib:/root/ros_ws/src/Rescue_Car_ws/install/trajectory_msgs/lib:/root/ros_ws/src/Rescue_Car_ws/install/stereo_msgs/lib:/root/ros_ws/src/Rescue_Car_ws/install/std_srvs/lib:/root/ros_ws/src/Rescue_Car_ws/install/shape_msgs/lib:/root/ros_ws/src/Rescue_Car_ws/install/sensor_msgs/lib:/root/ros_ws/src/Rescue_Car_ws/install/nav_msgs/lib:/root/ros_ws/src/Rescue_Car_ws/install/diagnostic_msgs/lib:/root/ros_ws/src/Rescue_Car_ws/install/geometry_msgs/lib:/root/ros_ws/src/Rescue_Car_ws/install/actionlib_msgs/lib:/root/ros_ws/src/Rescue_Car_ws/install/std_msgs/lib:/root/ros_ws/src/Rescue_Car_ws/install/statistics_msgs/lib:/root/ros_ws/src/Rescue_Car_ws/install/rosidl_typesupport_microxrcedds_test_msg/lib:/root/ros_ws/src/Rescue_Car_ws/install/rmw_microxrcedds/lib:/root/ros_ws/src/Rescue_Car_ws/install/rosidl_typesupport_microxrcedds_cpp/lib:/root/ros_ws/src/Rescue_Car_ws/install/rosidl_typesupport_microxrcedds_c/lib:/root/ros_ws/src/Rescue_Car_ws/install/rosgraph_msgs/lib:/root/ros_ws/src/Rescue_Car_ws/install/rclc_parameter/lib:/root/ros_ws/src/Rescue_Car_ws/install/rclc/lib:/root/ros_ws/src/Rescue_Car_ws/install/composition_interfaces/lib:/root/ros_ws/src/Rescue_Car_ws/install/rcl_interfaces/lib:/root/ros_ws/src/Rescue_Car_ws/install/micro_ros_utilities/lib:/root/ros_ws/src/Rescue_Car_ws/install/micro_ros_agent/lib:/root/ros_ws/src/Rescue_Car_ws/install/micro_ros_msgs/lib:/root/ros_ws/src/Rescue_Car_ws/install/lifecycle_msgs/lib:/root/ros_ws/src/Rescue_Car_ws/install/complex_msgs/lib:/usr/lib/x86_64-linux-gnu/gazebo-11/plugins:/opt/ros/humble/opt/rviz_ogre_vendor/lib:/opt/ros/humble/lib/x86_64-linux-gnu:/opt/ros/humble/lib /usr/bin/cmake --build /root/ros_ws/src/Rescue_Car_ws/build/action_msgs -- -j20 -l20
[1.372s] DEBUG:colcon.colcon_core.event_handler.log_command:Invoking command in '/root/ros_ws/src/Rescue_Car_ws/build/micro_ros_agent': CMAKE_PREFIX_PATH=/root/ros_ws/src/Rescue_Car_ws/install/micro_ros_msgs:/root/ros_ws/src/Rescue_Car_ws/install/builtin_interfaces:/root/ros_ws/src/Rescue_Car_ws/install/micro_ros_demos_rclc:/root/ros_ws/src/Rescue_Car_ws/install/common_interfaces:/root/ros_ws/src/Rescue_Car_ws/install/visualization_msgs:/root/ros_ws/src/Rescue_Car_ws/install/test_msgs:/root/ros_ws/src/Rescue_Car_ws/install/example_interfaces:/root/ros_ws/src/Rescue_Car_ws/install/action_msgs:/root/ros_ws/src/Rescue_Car_ws/install/unique_identifier_msgs:/root/ros_ws/src/Rescue_Car_ws/install/trajectory_msgs:/root/ros_ws/src/Rescue_Car_ws/install/stereo_msgs:/root/ros_ws/src/Rescue_Car_ws/install/std_srvs:/root/ros_ws/src/Rescue_Car_ws/install/shape_msgs:/root/ros_ws/src/Rescue_Car_ws/install/sensor_msgs:/root/ros_ws/src/Rescue_Car_ws/install/nav_msgs:/root/ros_ws/src/Rescue_Car_ws/install/diagnostic_msgs:/root/ros_ws/src/Rescue_Car_ws/install/geometry_msgs:/root/ros_ws/src/Rescue_Car_ws/install/actionlib_msgs:/root/ros_ws/src/Rescue_Car_ws/install/std_msgs:/root/ros_ws/src/Rescue_Car_ws/install/statistics_msgs:/root/ros_ws/src/Rescue_Car_ws/install/rosidl_typesupport_microxrcedds_test_msg:/root/ros_ws/src/Rescue_Car_ws/install/rosidl_typesupport_microxrcedds_cpp_tests:/root/ros_ws/src/Rescue_Car_ws/install/rmw_microxrcedds:/root/ros_ws/src/Rescue_Car_ws/install/rosidl_typesupport_microxrcedds_cpp:/root/ros_ws/src/Rescue_Car_ws/install/rosidl_typesupport_microxrcedds_c_tests:/root/ros_ws/src/Rescue_Car_ws/install/rosidl_typesupport_microxrcedds_c:/root/ros_ws/src/Rescue_Car_ws/install/rosgraph_msgs:/root/ros_ws/src/Rescue_Car_ws/install/rclc_parameter:/root/ros_ws/src/Rescue_Car_ws/install/rclc:/root/ros_ws/src/Rescue_Car_ws/install/composition_interfaces:/root/ros_ws/src/Rescue_Car_ws/install/rcl_interfaces:/root/ros_ws/src/Rescue_Car_ws/install/microxrcedds_client:/root/ros_ws/src/Rescue_Car_ws/install/microcdr:/root/ros_ws/src/Rescue_Car_ws/install/micro_ros_utilities:/root/ros_ws/src/Rescue_Car_ws/install/micro_ros_setup:/root/ros_ws/src/Rescue_Car_ws/install/micro_ros_agent:/root/ros_ws/src/Rescue_Car_ws/install/lifecycle_msgs:/root/ros_ws/src/Rescue_Car_ws/install/complex_msgs:/root/ros_ws/src/Rescue_Car_ws/install/car:/root/ros_ws/src/Rescue_Car_ws/install/sensor_msgs_py:/opt/ros/humble LD_LIBRARY_PATH=/root/ros_ws/src/Rescue_Car_ws/install/micro_ros_msgs/lib:/root/ros_ws/src/Rescue_Car_ws/install/builtin_interfaces/lib:/root/ros_ws/src/Rescue_Car_ws/install/visualization_msgs/lib:/root/ros_ws/src/Rescue_Car_ws/install/test_msgs/lib:/root/ros_ws/src/Rescue_Car_ws/install/example_interfaces/lib:/root/ros_ws/src/Rescue_Car_ws/install/action_msgs/lib:/root/ros_ws/src/Rescue_Car_ws/install/unique_identifier_msgs/lib:/root/ros_ws/src/Rescue_Car_ws/install/trajectory_msgs/lib:/root/ros_ws/src/Rescue_Car_ws/install/stereo_msgs/lib:/root/ros_ws/src/Rescue_Car_ws/install/std_srvs/lib:/root/ros_ws/src/Rescue_Car_ws/install/shape_msgs/lib:/root/ros_ws/src/Rescue_Car_ws/install/sensor_msgs/lib:/root/ros_ws/src/Rescue_Car_ws/install/nav_msgs/lib:/root/ros_ws/src/Rescue_Car_ws/install/diagnostic_msgs/lib:/root/ros_ws/src/Rescue_Car_ws/install/geometry_msgs/lib:/root/ros_ws/src/Rescue_Car_ws/install/actionlib_msgs/lib:/root/ros_ws/src/Rescue_Car_ws/install/std_msgs/lib:/root/ros_ws/src/Rescue_Car_ws/install/statistics_msgs/lib:/root/ros_ws/src/Rescue_Car_ws/install/rosidl_typesupport_microxrcedds_test_msg/lib:/root/ros_ws/src/Rescue_Car_ws/install/rmw_microxrcedds/lib:/root/ros_ws/src/Rescue_Car_ws/install/rosidl_typesupport_microxrcedds_cpp/lib:/root/ros_ws/src/Rescue_Car_ws/install/rosidl_typesupport_microxrcedds_c/lib:/root/ros_ws/src/Rescue_Car_ws/install/rosgraph_msgs/lib:/root/ros_ws/src/Rescue_Car_ws/install/rclc_parameter/lib:/root/ros_ws/src/Rescue_Car_ws/install/rclc/lib:/root/ros_ws/src/Rescue_Car_ws/install/composition_interfaces/lib:/root/ros_ws/src/Rescue_Car_ws/install/rcl_interfaces/lib:/root/ros_ws/src/Rescue_Car_ws/install/micro_ros_utilities/lib:/root/ros_ws/src/Rescue_Car_ws/install/micro_ros_agent/lib:/root/ros_ws/src/Rescue_Car_ws/install/lifecycle_msgs/lib:/root/ros_ws/src/Rescue_Car_ws/install/complex_msgs/lib:/usr/lib/x86_64-linux-gnu/gazebo-11/plugins:/opt/ros/humble/opt/rviz_ogre_vendor/lib:/opt/ros/humble/lib/x86_64-linux-gnu:/opt/ros/humble/lib /usr/bin/cmake --build /root/ros_ws/src/Rescue_Car_ws/build/micro_ros_agent -- -j20 -l20
[1.481s] DEBUG:colcon.colcon_core.event_handler.log_command:Invoked command in '/root/ros_ws/src/Rescue_Car_ws/build/micro_ros_agent' returned '0': CMAKE_PREFIX_PATH=/root/ros_ws/src/Rescue_Car_ws/install/micro_ros_msgs:/root/ros_ws/src/Rescue_Car_ws/install/builtin_interfaces:/root/ros_ws/src/Rescue_Car_ws/install/micro_ros_demos_rclc:/root/ros_ws/src/Rescue_Car_ws/install/common_interfaces:/root/ros_ws/src/Rescue_Car_ws/install/visualization_msgs:/root/ros_ws/src/Rescue_Car_ws/install/test_msgs:/root/ros_ws/src/Rescue_Car_ws/install/example_interfaces:/root/ros_ws/src/Rescue_Car_ws/install/action_msgs:/root/ros_ws/src/Rescue_Car_ws/install/unique_identifier_msgs:/root/ros_ws/src/Rescue_Car_ws/install/trajectory_msgs:/root/ros_ws/src/Rescue_Car_ws/install/stereo_msgs:/root/ros_ws/src/Rescue_Car_ws/install/std_srvs:/root/ros_ws/src/Rescue_Car_ws/install/shape_msgs:/root/ros_ws/src/Rescue_Car_ws/install/sensor_msgs:/root/ros_ws/src/Rescue_Car_ws/install/nav_msgs:/root/ros_ws/src/Rescue_Car_ws/install/diagnostic_msgs:/root/ros_ws/src/Rescue_Car_ws/install/geometry_msgs:/root/ros_ws/src/Rescue_Car_ws/install/actionlib_msgs:/root/ros_ws/src/Rescue_Car_ws/install/std_msgs:/root/ros_ws/src/Rescue_Car_ws/install/statistics_msgs:/root/ros_ws/src/Rescue_Car_ws/install/rosidl_typesupport_microxrcedds_test_msg:/root/ros_ws/src/Rescue_Car_ws/install/rosidl_typesupport_microxrcedds_cpp_tests:/root/ros_ws/src/Rescue_Car_ws/install/rmw_microxrcedds:/root/ros_ws/src/Rescue_Car_ws/install/rosidl_typesupport_microxrcedds_cpp:/root/ros_ws/src/Rescue_Car_ws/install/rosidl_typesupport_microxrcedds_c_tests:/root/ros_ws/src/Rescue_Car_ws/install/rosidl_typesupport_microxrcedds_c:/root/ros_ws/src/Rescue_Car_ws/install/rosgraph_msgs:/root/ros_ws/src/Rescue_Car_ws/install/rclc_parameter:/root/ros_ws/src/Rescue_Car_ws/install/rclc:/root/ros_ws/src/Rescue_Car_ws/install/composition_interfaces:/root/ros_ws/src/Rescue_Car_ws/install/rcl_interfaces:/root/ros_ws/src/Rescue_Car_ws/install/microxrcedds_client:/root/ros_ws/src/Rescue_Car_ws/install/microcdr:/root/ros_ws/src/Rescue_Car_ws/install/micro_ros_utilities:/root/ros_ws/src/Rescue_Car_ws/install/micro_ros_setup:/root/ros_ws/src/Rescue_Car_ws/install/micro_ros_agent:/root/ros_ws/src/Rescue_Car_ws/install/lifecycle_msgs:/root/ros_ws/src/Rescue_Car_ws/install/complex_msgs:/root/ros_ws/src/Rescue_Car_ws/install/car:/root/ros_ws/src/Rescue_Car_ws/install/sensor_msgs_py:/opt/ros/humble LD_LIBRARY_PATH=/root/ros_ws/src/Rescue_Car_ws/install/micro_ros_msgs/lib:/root/ros_ws/src/Rescue_Car_ws/install/builtin_interfaces/lib:/root/ros_ws/src/Rescue_Car_ws/install/visualization_msgs/lib:/root/ros_ws/src/Rescue_Car_ws/install/test_msgs/lib:/root/ros_ws/src/Rescue_Car_ws/install/example_interfaces/lib:/root/ros_ws/src/Rescue_Car_ws/install/action_msgs/lib:/root/ros_ws/src/Rescue_Car_ws/install/unique_identifier_msgs/lib:/root/ros_ws/src/Rescue_Car_ws/install/trajectory_msgs/lib:/root/ros_ws/src/Rescue_Car_ws/install/stereo_msgs/lib:/root/ros_ws/src/Rescue_Car_ws/install/std_srvs/lib:/root/ros_ws/src/Rescue_Car_ws/install/shape_msgs/lib:/root/ros_ws/src/Rescue_Car_ws/install/sensor_msgs/lib:/root/ros_ws/src/Rescue_Car_ws/install/nav_msgs/lib:/root/ros_ws/src/Rescue_Car_ws/install/diagnostic_msgs/lib:/root/ros_ws/src/Rescue_Car_ws/install/geometry_msgs/lib:/root/ros_ws/src/Rescue_Car_ws/install/actionlib_msgs/lib:/root/ros_ws/src/Rescue_Car_ws/install/std_msgs/lib:/root/ros_ws/src/Rescue_Car_ws/install/statistics_msgs/lib:/root/ros_ws/src/Rescue_Car_ws/install/rosidl_typesupport_microxrcedds_test_msg/lib:/root/ros_ws/src/Rescue_Car_ws/install/rmw_microxrcedds/lib:/root/ros_ws/src/Rescue_Car_ws/install/rosidl_typesupport_microxrcedds_cpp/lib:/root/ros_ws/src/Rescue_Car_ws/install/rosidl_typesupport_microxrcedds_c/lib:/root/ros_ws/src/Rescue_Car_ws/install/rosgraph_msgs/lib:/root/ros_ws/src/Rescue_Car_ws/install/rclc_parameter/lib:/root/ros_ws/src/Rescue_Car_ws/install/rclc/lib:/root/ros_ws/src/Rescue_Car_ws/install/composition_interfaces/lib:/root/ros_ws/src/Rescue_Car_ws/install/rcl_interfaces/lib:/root/ros_ws/src/Rescue_Car_ws/install/micro_ros_utilities/lib:/root/ros_ws/src/Rescue_Car_ws/install/micro_ros_agent/lib:/root/ros_ws/src/Rescue_Car_ws/install/lifecycle_msgs/lib:/root/ros_ws/src/Rescue_Car_ws/install/complex_msgs/lib:/usr/lib/x86_64-linux-gnu/gazebo-11/plugins:/opt/ros/humble/opt/rviz_ogre_vendor/lib:/opt/ros/humble/lib/x86_64-linux-gnu:/opt/ros/humble/lib /usr/bin/cmake --build /root/ros_ws/src/Rescue_Car_ws/build/micro_ros_agent -- -j20 -l20
[1.483s] DEBUG:colcon.colcon_core.event_handler.log_command:Invoking command in '/root/ros_ws/src/Rescue_Car_ws/build/micro_ros_agent': CMAKE_PREFIX_PATH=/root/ros_ws/src/Rescue_Car_ws/install/micro_ros_msgs:/root/ros_ws/src/Rescue_Car_ws/install/builtin_interfaces:/root/ros_ws/src/Rescue_Car_ws/install/micro_ros_demos_rclc:/root/ros_ws/src/Rescue_Car_ws/install/common_interfaces:/root/ros_ws/src/Rescue_Car_ws/install/visualization_msgs:/root/ros_ws/src/Rescue_Car_ws/install/test_msgs:/root/ros_ws/src/Rescue_Car_ws/install/example_interfaces:/root/ros_ws/src/Rescue_Car_ws/install/action_msgs:/root/ros_ws/src/Rescue_Car_ws/install/unique_identifier_msgs:/root/ros_ws/src/Rescue_Car_ws/install/trajectory_msgs:/root/ros_ws/src/Rescue_Car_ws/install/stereo_msgs:/root/ros_ws/src/Rescue_Car_ws/install/std_srvs:/root/ros_ws/src/Rescue_Car_ws/install/shape_msgs:/root/ros_ws/src/Rescue_Car_ws/install/sensor_msgs:/root/ros_ws/src/Rescue_Car_ws/install/nav_msgs:/root/ros_ws/src/Rescue_Car_ws/install/diagnostic_msgs:/root/ros_ws/src/Rescue_Car_ws/install/geometry_msgs:/root/ros_ws/src/Rescue_Car_ws/install/actionlib_msgs:/root/ros_ws/src/Rescue_Car_ws/install/std_msgs:/root/ros_ws/src/Rescue_Car_ws/install/statistics_msgs:/root/ros_ws/src/Rescue_Car_ws/install/rosidl_typesupport_microxrcedds_test_msg:/root/ros_ws/src/Rescue_Car_ws/install/rosidl_typesupport_microxrcedds_cpp_tests:/root/ros_ws/src/Rescue_Car_ws/install/rmw_microxrcedds:/root/ros_ws/src/Rescue_Car_ws/install/rosidl_typesupport_microxrcedds_cpp:/root/ros_ws/src/Rescue_Car_ws/install/rosidl_typesupport_microxrcedds_c_tests:/root/ros_ws/src/Rescue_Car_ws/install/rosidl_typesupport_microxrcedds_c:/root/ros_ws/src/Rescue_Car_ws/install/rosgraph_msgs:/root/ros_ws/src/Rescue_Car_ws/install/rclc_parameter:/root/ros_ws/src/Rescue_Car_ws/install/rclc:/root/ros_ws/src/Rescue_Car_ws/install/composition_interfaces:/root/ros_ws/src/Rescue_Car_ws/install/rcl_interfaces:/root/ros_ws/src/Rescue_Car_ws/install/microxrcedds_client:/root/ros_ws/src/Rescue_Car_ws/install/microcdr:/root/ros_ws/src/Rescue_Car_ws/install/micro_ros_utilities:/root/ros_ws/src/Rescue_Car_ws/install/micro_ros_setup:/root/ros_ws/src/Rescue_Car_ws/install/micro_ros_agent:/root/ros_ws/src/Rescue_Car_ws/install/lifecycle_msgs:/root/ros_ws/src/Rescue_Car_ws/install/complex_msgs:/root/ros_ws/src/Rescue_Car_ws/install/car:/root/ros_ws/src/Rescue_Car_ws/install/sensor_msgs_py:/opt/ros/humble LD_LIBRARY_PATH=/root/ros_ws/src/Rescue_Car_ws/install/micro_ros_msgs/lib:/root/ros_ws/src/Rescue_Car_ws/install/builtin_interfaces/lib:/root/ros_ws/src/Rescue_Car_ws/install/visualization_msgs/lib:/root/ros_ws/src/Rescue_Car_ws/install/test_msgs/lib:/root/ros_ws/src/Rescue_Car_ws/install/example_interfaces/lib:/root/ros_ws/src/Rescue_Car_ws/install/action_msgs/lib:/root/ros_ws/src/Rescue_Car_ws/install/unique_identifier_msgs/lib:/root/ros_ws/src/Rescue_Car_ws/install/trajectory_msgs/lib:/root/ros_ws/src/Rescue_Car_ws/install/stereo_msgs/lib:/root/ros_ws/src/Rescue_Car_ws/install/std_srvs/lib:/root/ros_ws/src/Rescue_Car_ws/install/shape_msgs/lib:/root/ros_ws/src/Rescue_Car_ws/install/sensor_msgs/lib:/root/ros_ws/src/Rescue_Car_ws/install/nav_msgs/lib:/root/ros_ws/src/Rescue_Car_ws/install/diagnostic_msgs/lib:/root/ros_ws/src/Rescue_Car_ws/install/geometry_msgs/lib:/root/ros_ws/src/Rescue_Car_ws/install/actionlib_msgs/lib:/root/ros_ws/src/Rescue_Car_ws/install/std_msgs/lib:/root/ros_ws/src/Rescue_Car_ws/install/statistics_msgs/lib:/root/ros_ws/src/Rescue_Car_ws/install/rosidl_typesupport_microxrcedds_test_msg/lib:/root/ros_ws/src/Rescue_Car_ws/install/rmw_microxrcedds/lib:/root/ros_ws/src/Rescue_Car_ws/install/rosidl_typesupport_microxrcedds_cpp/lib:/root/ros_ws/src/Rescue_Car_ws/install/rosidl_typesupport_microxrcedds_c/lib:/root/ros_ws/src/Rescue_Car_ws/install/rosgraph_msgs/lib:/root/ros_ws/src/Rescue_Car_ws/install/rclc_parameter/lib:/root/ros_ws/src/Rescue_Car_ws/install/rclc/lib:/root/ros_ws/src/Rescue_Car_ws/install/composition_interfaces/lib:/root/ros_ws/src/Rescue_Car_ws/install/rcl_interfaces/lib:/root/ros_ws/src/Rescue_Car_ws/install/micro_ros_utilities/lib:/root/ros_ws/src/Rescue_Car_ws/install/micro_ros_agent/lib:/root/ros_ws/src/Rescue_Car_ws/install/lifecycle_msgs/lib:/root/ros_ws/src/Rescue_Car_ws/install/complex_msgs/lib:/usr/lib/x86_64-linux-gnu/gazebo-11/plugins:/opt/ros/humble/opt/rviz_ogre_vendor/lib:/opt/ros/humble/lib/x86_64-linux-gnu:/opt/ros/humble/lib /usr/bin/cmake --install /root/ros_ws/src/Rescue_Car_ws/build/micro_ros_agent
[1.495s] Level 1:colcon.colcon_core.environment:create_environment_scripts_only(micro_ros_agent)
[1.496s] Level 1:colcon.colcon_core.environment:checking '/root/ros_ws/src/Rescue_Car_ws/install/micro_ros_agent' for CMake module files
[1.497s] DEBUG:colcon.colcon_core.event_handler.log_command:Invoked command in '/root/ros_ws/src/Rescue_Car_ws/build/micro_ros_agent' returned '0': CMAKE_PREFIX_PATH=/root/ros_ws/src/Rescue_Car_ws/install/micro_ros_msgs:/root/ros_ws/src/Rescue_Car_ws/install/builtin_interfaces:/root/ros_ws/src/Rescue_Car_ws/install/micro_ros_demos_rclc:/root/ros_ws/src/Rescue_Car_ws/install/common_interfaces:/root/ros_ws/src/Rescue_Car_ws/install/visualization_msgs:/root/ros_ws/src/Rescue_Car_ws/install/test_msgs:/root/ros_ws/src/Rescue_Car_ws/install/example_interfaces:/root/ros_ws/src/Rescue_Car_ws/install/action_msgs:/root/ros_ws/src/Rescue_Car_ws/install/unique_identifier_msgs:/root/ros_ws/src/Rescue_Car_ws/install/trajectory_msgs:/root/ros_ws/src/Rescue_Car_ws/install/stereo_msgs:/root/ros_ws/src/Rescue_Car_ws/install/std_srvs:/root/ros_ws/src/Rescue_Car_ws/install/shape_msgs:/root/ros_ws/src/Rescue_Car_ws/install/sensor_msgs:/root/ros_ws/src/Rescue_Car_ws/install/nav_msgs:/root/ros_ws/src/Rescue_Car_ws/install/diagnostic_msgs:/root/ros_ws/src/Rescue_Car_ws/install/geometry_msgs:/root/ros_ws/src/Rescue_Car_ws/install/actionlib_msgs:/root/ros_ws/src/Rescue_Car_ws/install/std_msgs:/root/ros_ws/src/Rescue_Car_ws/install/statistics_msgs:/root/ros_ws/src/Rescue_Car_ws/install/rosidl_typesupport_microxrcedds_test_msg:/root/ros_ws/src/Rescue_Car_ws/install/rosidl_typesupport_microxrcedds_cpp_tests:/root/ros_ws/src/Rescue_Car_ws/install/rmw_microxrcedds:/root/ros_ws/src/Rescue_Car_ws/install/rosidl_typesupport_microxrcedds_cpp:/root/ros_ws/src/Rescue_Car_ws/install/rosidl_typesupport_microxrcedds_c_tests:/root/ros_ws/src/Rescue_Car_ws/install/rosidl_typesupport_microxrcedds_c:/root/ros_ws/src/Rescue_Car_ws/install/rosgraph_msgs:/root/ros_ws/src/Rescue_Car_ws/install/rclc_parameter:/root/ros_ws/src/Rescue_Car_ws/install/rclc:/root/ros_ws/src/Rescue_Car_ws/install/composition_interfaces:/root/ros_ws/src/Rescue_Car_ws/install/rcl_interfaces:/root/ros_ws/src/Rescue_Car_ws/install/microxrcedds_client:/root/ros_ws/src/Rescue_Car_ws/install/microcdr:/root/ros_ws/src/Rescue_Car_ws/install/micro_ros_utilities:/root/ros_ws/src/Rescue_Car_ws/install/micro_ros_setup:/root/ros_ws/src/Rescue_Car_ws/install/micro_ros_agent:/root/ros_ws/src/Rescue_Car_ws/install/lifecycle_msgs:/root/ros_ws/src/Rescue_Car_ws/install/complex_msgs:/root/ros_ws/src/Rescue_Car_ws/install/car:/root/ros_ws/src/Rescue_Car_ws/install/sensor_msgs_py:/opt/ros/humble LD_LIBRARY_PATH=/root/ros_ws/src/Rescue_Car_ws/install/micro_ros_msgs/lib:/root/ros_ws/src/Rescue_Car_ws/install/builtin_interfaces/lib:/root/ros_ws/src/Rescue_Car_ws/install/visualization_msgs/lib:/root/ros_ws/src/Rescue_Car_ws/install/test_msgs/lib:/root/ros_ws/src/Rescue_Car_ws/install/example_interfaces/lib:/root/ros_ws/src/Rescue_Car_ws/install/action_msgs/lib:/root/ros_ws/src/Rescue_Car_ws/install/unique_identifier_msgs/lib:/root/ros_ws/src/Rescue_Car_ws/install/trajectory_msgs/lib:/root/ros_ws/src/Rescue_Car_ws/install/stereo_msgs/lib:/root/ros_ws/src/Rescue_Car_ws/install/std_srvs/lib:/root/ros_ws/src/Rescue_Car_ws/install/shape_msgs/lib:/root/ros_ws/src/Rescue_Car_ws/install/sensor_msgs/lib:/root/ros_ws/src/Rescue_Car_ws/install/nav_msgs/lib:/root/ros_ws/src/Rescue_Car_ws/install/diagnostic_msgs/lib:/root/ros_ws/src/Rescue_Car_ws/install/geometry_msgs/lib:/root/ros_ws/src/Rescue_Car_ws/install/actionlib_msgs/lib:/root/ros_ws/src/Rescue_Car_ws/install/std_msgs/lib:/root/ros_ws/src/Rescue_Car_ws/install/statistics_msgs/lib:/root/ros_ws/src/Rescue_Car_ws/install/rosidl_typesupport_microxrcedds_test_msg/lib:/root/ros_ws/src/Rescue_Car_ws/install/rmw_microxrcedds/lib:/root/ros_ws/src/Rescue_Car_ws/install/rosidl_typesupport_microxrcedds_cpp/lib:/root/ros_ws/src/Rescue_Car_ws/install/rosidl_typesupport_microxrcedds_c/lib:/root/ros_ws/src/Rescue_Car_ws/install/rosgraph_msgs/lib:/root/ros_ws/src/Rescue_Car_ws/install/rclc_parameter/lib:/root/ros_ws/src/Rescue_Car_ws/install/rclc/lib:/root/ros_ws/src/Rescue_Car_ws/install/composition_interfaces/lib:/root/ros_ws/src/Rescue_Car_ws/install/rcl_interfaces/lib:/root/ros_ws/src/Rescue_Car_ws/install/micro_ros_utilities/lib:/root/ros_ws/src/Rescue_Car_ws/install/micro_ros_agent/lib:/root/ros_ws/src/Rescue_Car_ws/install/lifecycle_msgs/lib:/root/ros_ws/src/Rescue_Car_ws/install/complex_msgs/lib:/usr/lib/x86_64-linux-gnu/gazebo-11/plugins:/opt/ros/humble/opt/rviz_ogre_vendor/lib:/opt/ros/humble/lib/x86_64-linux-gnu:/opt/ros/humble/lib /usr/bin/cmake --install /root/ros_ws/src/Rescue_Car_ws/build/micro_ros_agent
[1.497s] Level 1:colcon.colcon_core.environment:checking '/root/ros_ws/src/Rescue_Car_ws/install/micro_ros_agent' for CMake config files
[1.498s] Level 1:colcon.colcon_core.shell:create_environment_hook('micro_ros_agent', 'cmake_prefix_path')
[1.498s] INFO:colcon.colcon_core.shell:Creating environment hook '/root/ros_ws/src/Rescue_Car_ws/install/micro_ros_agent/share/micro_ros_agent/hook/cmake_prefix_path.ps1'
[1.499s] INFO:colcon.colcon_core.shell:Creating environment descriptor '/root/ros_ws/src/Rescue_Car_ws/install/micro_ros_agent/share/micro_ros_agent/hook/cmake_prefix_path.dsv'
[1.500s] INFO:colcon.colcon_core.shell:Creating environment hook '/root/ros_ws/src/Rescue_Car_ws/install/micro_ros_agent/share/micro_ros_agent/hook/cmake_prefix_path.sh'
[1.500s] Level 1:colcon.colcon_core.environment:checking '/root/ros_ws/src/Rescue_Car_ws/install/micro_ros_agent/lib'
[1.500s] Level 1:colcon.colcon_core.shell:create_environment_hook('micro_ros_agent', 'ld_library_path_lib')
[1.501s] INFO:colcon.colcon_core.shell:Creating environment hook '/root/ros_ws/src/Rescue_Car_ws/install/micro_ros_agent/share/micro_ros_agent/hook/ld_library_path_lib.ps1'
[1.501s] INFO:colcon.colcon_core.shell:Creating environment descriptor '/root/ros_ws/src/Rescue_Car_ws/install/micro_ros_agent/share/micro_ros_agent/hook/ld_library_path_lib.dsv'
[1.501s] INFO:colcon.colcon_core.shell:Creating environment hook '/root/ros_ws/src/Rescue_Car_ws/install/micro_ros_agent/share/micro_ros_agent/hook/ld_library_path_lib.sh'
[1.502s] Level 1:colcon.colcon_core.environment:checking '/root/ros_ws/src/Rescue_Car_ws/install/micro_ros_agent/bin'
[1.502s] Level 1:colcon.colcon_core.environment:checking '/root/ros_ws/src/Rescue_Car_ws/install/micro_ros_agent/lib/pkgconfig/micro_ros_agent.pc'
[1.502s] Level 1:colcon.colcon_core.environment:checking '/root/ros_ws/src/Rescue_Car_ws/install/micro_ros_agent/lib/python3.10/site-packages'
[1.502s] Level 1:colcon.colcon_core.environment:checking '/root/ros_ws/src/Rescue_Car_ws/install/micro_ros_agent/bin'
[1.503s] INFO:colcon.colcon_core.shell:Creating package script '/root/ros_ws/src/Rescue_Car_ws/install/micro_ros_agent/share/micro_ros_agent/package.ps1'
[1.503s] INFO:colcon.colcon_core.shell:Creating package descriptor '/root/ros_ws/src/Rescue_Car_ws/install/micro_ros_agent/share/micro_ros_agent/package.dsv'
[1.504s] INFO:colcon.colcon_core.shell:Creating package script '/root/ros_ws/src/Rescue_Car_ws/install/micro_ros_agent/share/micro_ros_agent/package.sh'
[1.505s] INFO:colcon.colcon_core.shell:Creating package script '/root/ros_ws/src/Rescue_Car_ws/install/micro_ros_agent/share/micro_ros_agent/package.bash'
[1.505s] INFO:colcon.colcon_core.shell:Creating package script '/root/ros_ws/src/Rescue_Car_ws/install/micro_ros_agent/share/micro_ros_agent/package.zsh'
[1.505s] Level 1:colcon.colcon_core.environment:create_file_with_runtime_dependencies(/root/ros_ws/src/Rescue_Car_ws/install/micro_ros_agent/share/colcon-core/packages/micro_ros_agent)
[1.505s] Level 1:colcon.colcon_core.environment:create_environment_scripts_only(micro_ros_agent)
[1.506s] Level 1:colcon.colcon_core.environment:checking '/root/ros_ws/src/Rescue_Car_ws/install/micro_ros_agent' for CMake module files
[1.506s] Level 1:colcon.colcon_core.environment:checking '/root/ros_ws/src/Rescue_Car_ws/install/micro_ros_agent' for CMake config files
[1.506s] Level 1:colcon.colcon_core.shell:create_environment_hook('micro_ros_agent', 'cmake_prefix_path')
[1.507s] INFO:colcon.colcon_core.shell:Creating environment hook '/root/ros_ws/src/Rescue_Car_ws/install/micro_ros_agent/share/micro_ros_agent/hook/cmake_prefix_path.ps1'
[1.507s] INFO:colcon.colcon_core.shell:Creating environment descriptor '/root/ros_ws/src/Rescue_Car_ws/install/micro_ros_agent/share/micro_ros_agent/hook/cmake_prefix_path.dsv'
[1.507s] INFO:colcon.colcon_core.shell:Creating environment hook '/root/ros_ws/src/Rescue_Car_ws/install/micro_ros_agent/share/micro_ros_agent/hook/cmake_prefix_path.sh'
[1.508s] Level 1:colcon.colcon_core.environment:checking '/root/ros_ws/src/Rescue_Car_ws/install/micro_ros_agent/lib'
[1.508s] Level 1:colcon.colcon_core.shell:create_environment_hook('micro_ros_agent', 'ld_library_path_lib')
[1.508s] INFO:colcon.colcon_core.shell:Creating environment hook '/root/ros_ws/src/Rescue_Car_ws/install/micro_ros_agent/share/micro_ros_agent/hook/ld_library_path_lib.ps1'
[1.509s] INFO:colcon.colcon_core.shell:Creating environment descriptor '/root/ros_ws/src/Rescue_Car_ws/install/micro_ros_agent/share/micro_ros_agent/hook/ld_library_path_lib.dsv'
[1.509s] INFO:colcon.colcon_core.shell:Creating environment hook '/root/ros_ws/src/Rescue_Car_ws/install/micro_ros_agent/share/micro_ros_agent/hook/ld_library_path_lib.sh'
[1.510s] Level 1:colcon.colcon_core.environment:checking '/root/ros_ws/src/Rescue_Car_ws/install/micro_ros_agent/bin'
[1.510s] Level 1:colcon.colcon_core.environment:checking '/root/ros_ws/src/Rescue_Car_ws/install/micro_ros_agent/lib/pkgconfig/micro_ros_agent.pc'
[1.510s] Level 1:colcon.colcon_core.environment:checking '/root/ros_ws/src/Rescue_Car_ws/install/micro_ros_agent/lib/python3.10/site-packages'
[1.510s] Level 1:colcon.colcon_core.environment:checking '/root/ros_ws/src/Rescue_Car_ws/install/micro_ros_agent/bin'
[1.511s] INFO:colcon.colcon_core.shell:Creating package script '/root/ros_ws/src/Rescue_Car_ws/install/micro_ros_agent/share/micro_ros_agent/package.ps1'
[1.511s] INFO:colcon.colcon_core.shell:Creating package descriptor '/root/ros_ws/src/Rescue_Car_ws/install/micro_ros_agent/share/micro_ros_agent/package.dsv'
[1.512s] INFO:colcon.colcon_core.shell:Creating package script '/root/ros_ws/src/Rescue_Car_ws/install/micro_ros_agent/share/micro_ros_agent/package.sh'
[1.512s] INFO:colcon.colcon_core.shell:Creating package script '/root/ros_ws/src/Rescue_Car_ws/install/micro_ros_agent/share/micro_ros_agent/package.bash'
[1.513s] INFO:colcon.colcon_core.shell:Creating package script '/root/ros_ws/src/Rescue_Car_ws/install/micro_ros_agent/share/micro_ros_agent/package.zsh'
[1.513s] Level 1:colcon.colcon_core.environment:create_file_with_runtime_dependencies(/root/ros_ws/src/Rescue_Car_ws/install/micro_ros_agent/share/colcon-core/packages/micro_ros_agent)
[1.588s] DEBUG:colcon.colcon_core.event_handler.log_command:Invoked command in '/root/ros_ws/src/Rescue_Car_ws/build/complex_msgs' returned '0': CMAKE_PREFIX_PATH=/root/ros_ws/src/Rescue_Car_ws/install/builtin_interfaces:/root/ros_ws/src/Rescue_Car_ws/install/micro_ros_demos_rclc:/root/ros_ws/src/Rescue_Car_ws/install/common_interfaces:/root/ros_ws/src/Rescue_Car_ws/install/visualization_msgs:/root/ros_ws/src/Rescue_Car_ws/install/test_msgs:/root/ros_ws/src/Rescue_Car_ws/install/example_interfaces:/root/ros_ws/src/Rescue_Car_ws/install/action_msgs:/root/ros_ws/src/Rescue_Car_ws/install/unique_identifier_msgs:/root/ros_ws/src/Rescue_Car_ws/install/trajectory_msgs:/root/ros_ws/src/Rescue_Car_ws/install/stereo_msgs:/root/ros_ws/src/Rescue_Car_ws/install/std_srvs:/root/ros_ws/src/Rescue_Car_ws/install/shape_msgs:/root/ros_ws/src/Rescue_Car_ws/install/sensor_msgs:/root/ros_ws/src/Rescue_Car_ws/install/nav_msgs:/root/ros_ws/src/Rescue_Car_ws/install/diagnostic_msgs:/root/ros_ws/src/Rescue_Car_ws/install/geometry_msgs:/root/ros_ws/src/Rescue_Car_ws/install/actionlib_msgs:/root/ros_ws/src/Rescue_Car_ws/install/std_msgs:/root/ros_ws/src/Rescue_Car_ws/install/statistics_msgs:/root/ros_ws/src/Rescue_Car_ws/install/rosidl_typesupport_microxrcedds_test_msg:/root/ros_ws/src/Rescue_Car_ws/install/rosidl_typesupport_microxrcedds_cpp_tests:/root/ros_ws/src/Rescue_Car_ws/install/rmw_microxrcedds:/root/ros_ws/src/Rescue_Car_ws/install/rosidl_typesupport_microxrcedds_cpp:/root/ros_ws/src/Rescue_Car_ws/install/rosidl_typesupport_microxrcedds_c_tests:/root/ros_ws/src/Rescue_Car_ws/install/rosidl_typesupport_microxrcedds_c:/root/ros_ws/src/Rescue_Car_ws/install/rosgraph_msgs:/root/ros_ws/src/Rescue_Car_ws/install/rclc_parameter:/root/ros_ws/src/Rescue_Car_ws/install/rclc:/root/ros_ws/src/Rescue_Car_ws/install/composition_interfaces:/root/ros_ws/src/Rescue_Car_ws/install/rcl_interfaces:/root/ros_ws/src/Rescue_Car_ws/install/microxrcedds_client:/root/ros_ws/src/Rescue_Car_ws/install/microcdr:/root/ros_ws/src/Rescue_Car_ws/install/micro_ros_utilities:/root/ros_ws/src/Rescue_Car_ws/install/micro_ros_setup:/root/ros_ws/src/Rescue_Car_ws/install/micro_ros_agent:/root/ros_ws/src/Rescue_Car_ws/install/micro_ros_msgs:/root/ros_ws/src/Rescue_Car_ws/install/lifecycle_msgs:/root/ros_ws/src/Rescue_Car_ws/install/complex_msgs:/root/ros_ws/src/Rescue_Car_ws/install/car:/root/ros_ws/src/Rescue_Car_ws/install/sensor_msgs_py:/opt/ros/humble LD_LIBRARY_PATH=/root/ros_ws/src/Rescue_Car_ws/install/builtin_interfaces/lib:/root/ros_ws/src/Rescue_Car_ws/install/visualization_msgs/lib:/root/ros_ws/src/Rescue_Car_ws/install/test_msgs/lib:/root/ros_ws/src/Rescue_Car_ws/install/example_interfaces/lib:/root/ros_ws/src/Rescue_Car_ws/install/action_msgs/lib:/root/ros_ws/src/Rescue_Car_ws/install/unique_identifier_msgs/lib:/root/ros_ws/src/Rescue_Car_ws/install/trajectory_msgs/lib:/root/ros_ws/src/Rescue_Car_ws/install/stereo_msgs/lib:/root/ros_ws/src/Rescue_Car_ws/install/std_srvs/lib:/root/ros_ws/src/Rescue_Car_ws/install/shape_msgs/lib:/root/ros_ws/src/Rescue_Car_ws/install/sensor_msgs/lib:/root/ros_ws/src/Rescue_Car_ws/install/nav_msgs/lib:/root/ros_ws/src/Rescue_Car_ws/install/diagnostic_msgs/lib:/root/ros_ws/src/Rescue_Car_ws/install/geometry_msgs/lib:/root/ros_ws/src/Rescue_Car_ws/install/actionlib_msgs/lib:/root/ros_ws/src/Rescue_Car_ws/install/std_msgs/lib:/root/ros_ws/src/Rescue_Car_ws/install/statistics_msgs/lib:/root/ros_ws/src/Rescue_Car_ws/install/rosidl_typesupport_microxrcedds_test_msg/lib:/root/ros_ws/src/Rescue_Car_ws/install/rmw_microxrcedds/lib:/root/ros_ws/src/Rescue_Car_ws/install/rosidl_typesupport_microxrcedds_cpp/lib:/root/ros_ws/src/Rescue_Car_ws/install/rosidl_typesupport_microxrcedds_c/lib:/root/ros_ws/src/Rescue_Car_ws/install/rosgraph_msgs/lib:/root/ros_ws/src/Rescue_Car_ws/install/rclc_parameter/lib:/root/ros_ws/src/Rescue_Car_ws/install/rclc/lib:/root/ros_ws/src/Rescue_Car_ws/install/composition_interfaces/lib:/root/ros_ws/src/Rescue_Car_ws/install/rcl_interfaces/lib:/root/ros_ws/src/Rescue_Car_ws/install/micro_ros_utilities/lib:/root/ros_ws/src/Rescue_Car_ws/install/micro_ros_agent/lib:/root/ros_ws/src/Rescue_Car_ws/install/micro_ros_msgs/lib:/root/ros_ws/src/Rescue_Car_ws/install/lifecycle_msgs/lib:/root/ros_ws/src/Rescue_Car_ws/install/complex_msgs/lib:/usr/lib/x86_64-linux-gnu/gazebo-11/plugins:/opt/ros/humble/opt/rviz_ogre_vendor/lib:/opt/ros/humble/lib/x86_64-linux-gnu:/opt/ros/humble/lib /usr/bin/cmake --build /root/ros_ws/src/Rescue_Car_ws/build/complex_msgs -- -j20 -l20
[1.590s] DEBUG:colcon.colcon_core.event_handler.log_command:Invoking command in '/root/ros_ws/src/Rescue_Car_ws/build/complex_msgs': CMAKE_PREFIX_PATH=/root/ros_ws/src/Rescue_Car_ws/install/builtin_interfaces:/root/ros_ws/src/Rescue_Car_ws/install/micro_ros_demos_rclc:/root/ros_ws/src/Rescue_Car_ws/install/common_interfaces:/root/ros_ws/src/Rescue_Car_ws/install/visualization_msgs:/root/ros_ws/src/Rescue_Car_ws/install/test_msgs:/root/ros_ws/src/Rescue_Car_ws/install/example_interfaces:/root/ros_ws/src/Rescue_Car_ws/install/action_msgs:/root/ros_ws/src/Rescue_Car_ws/install/unique_identifier_msgs:/root/ros_ws/src/Rescue_Car_ws/install/trajectory_msgs:/root/ros_ws/src/Rescue_Car_ws/install/stereo_msgs:/root/ros_ws/src/Rescue_Car_ws/install/std_srvs:/root/ros_ws/src/Rescue_Car_ws/install/shape_msgs:/root/ros_ws/src/Rescue_Car_ws/install/sensor_msgs:/root/ros_ws/src/Rescue_Car_ws/install/nav_msgs:/root/ros_ws/src/Rescue_Car_ws/install/diagnostic_msgs:/root/ros_ws/src/Rescue_Car_ws/install/geometry_msgs:/root/ros_ws/src/Rescue_Car_ws/install/actionlib_msgs:/root/ros_ws/src/Rescue_Car_ws/install/std_msgs:/root/ros_ws/src/Rescue_Car_ws/install/statistics_msgs:/root/ros_ws/src/Rescue_Car_ws/install/rosidl_typesupport_microxrcedds_test_msg:/root/ros_ws/src/Rescue_Car_ws/install/rosidl_typesupport_microxrcedds_cpp_tests:/root/ros_ws/src/Rescue_Car_ws/install/rmw_microxrcedds:/root/ros_ws/src/Rescue_Car_ws/install/rosidl_typesupport_microxrcedds_cpp:/root/ros_ws/src/Rescue_Car_ws/install/rosidl_typesupport_microxrcedds_c_tests:/root/ros_ws/src/Rescue_Car_ws/install/rosidl_typesupport_microxrcedds_c:/root/ros_ws/src/Rescue_Car_ws/install/rosgraph_msgs:/root/ros_ws/src/Rescue_Car_ws/install/rclc_parameter:/root/ros_ws/src/Rescue_Car_ws/install/rclc:/root/ros_ws/src/Rescue_Car_ws/install/composition_interfaces:/root/ros_ws/src/Rescue_Car_ws/install/rcl_interfaces:/root/ros_ws/src/Rescue_Car_ws/install/microxrcedds_client:/root/ros_ws/src/Rescue_Car_ws/install/microcdr:/root/ros_ws/src/Rescue_Car_ws/install/micro_ros_utilities:/root/ros_ws/src/Rescue_Car_ws/install/micro_ros_setup:/root/ros_ws/src/Rescue_Car_ws/install/micro_ros_agent:/root/ros_ws/src/Rescue_Car_ws/install/micro_ros_msgs:/root/ros_ws/src/Rescue_Car_ws/install/lifecycle_msgs:/root/ros_ws/src/Rescue_Car_ws/install/complex_msgs:/root/ros_ws/src/Rescue_Car_ws/install/car:/root/ros_ws/src/Rescue_Car_ws/install/sensor_msgs_py:/opt/ros/humble LD_LIBRARY_PATH=/root/ros_ws/src/Rescue_Car_ws/install/builtin_interfaces/lib:/root/ros_ws/src/Rescue_Car_ws/install/visualization_msgs/lib:/root/ros_ws/src/Rescue_Car_ws/install/test_msgs/lib:/root/ros_ws/src/Rescue_Car_ws/install/example_interfaces/lib:/root/ros_ws/src/Rescue_Car_ws/install/action_msgs/lib:/root/ros_ws/src/Rescue_Car_ws/install/unique_identifier_msgs/lib:/root/ros_ws/src/Rescue_Car_ws/install/trajectory_msgs/lib:/root/ros_ws/src/Rescue_Car_ws/install/stereo_msgs/lib:/root/ros_ws/src/Rescue_Car_ws/install/std_srvs/lib:/root/ros_ws/src/Rescue_Car_ws/install/shape_msgs/lib:/root/ros_ws/src/Rescue_Car_ws/install/sensor_msgs/lib:/root/ros_ws/src/Rescue_Car_ws/install/nav_msgs/lib:/root/ros_ws/src/Rescue_Car_ws/install/diagnostic_msgs/lib:/root/ros_ws/src/Rescue_Car_ws/install/geometry_msgs/lib:/root/ros_ws/src/Rescue_Car_ws/install/actionlib_msgs/lib:/root/ros_ws/src/Rescue_Car_ws/install/std_msgs/lib:/root/ros_ws/src/Rescue_Car_ws/install/statistics_msgs/lib:/root/ros_ws/src/Rescue_Car_ws/install/rosidl_typesupport_microxrcedds_test_msg/lib:/root/ros_ws/src/Rescue_Car_ws/install/rmw_microxrcedds/lib:/root/ros_ws/src/Rescue_Car_ws/install/rosidl_typesupport_microxrcedds_cpp/lib:/root/ros_ws/src/Rescue_Car_ws/install/rosidl_typesupport_microxrcedds_c/lib:/root/ros_ws/src/Rescue_Car_ws/install/rosgraph_msgs/lib:/root/ros_ws/src/Rescue_Car_ws/install/rclc_parameter/lib:/root/ros_ws/src/Rescue_Car_ws/install/rclc/lib:/root/ros_ws/src/Rescue_Car_ws/install/composition_interfaces/lib:/root/ros_ws/src/Rescue_Car_ws/install/rcl_interfaces/lib:/root/ros_ws/src/Rescue_Car_ws/install/micro_ros_utilities/lib:/root/ros_ws/src/Rescue_Car_ws/install/micro_ros_agent/lib:/root/ros_ws/src/Rescue_Car_ws/install/micro_ros_msgs/lib:/root/ros_ws/src/Rescue_Car_ws/install/lifecycle_msgs/lib:/root/ros_ws/src/Rescue_Car_ws/install/complex_msgs/lib:/usr/lib/x86_64-linux-gnu/gazebo-11/plugins:/opt/ros/humble/opt/rviz_ogre_vendor/lib:/opt/ros/humble/lib/x86_64-linux-gnu:/opt/ros/humble/lib /usr/bin/cmake --install /root/ros_ws/src/Rescue_Car_ws/build/complex_msgs
[1.620s] DEBUG:colcon.colcon_core.event_handler.log_command:Invoked command in '/root/ros_ws/src/Rescue_Car_ws/build/rosgraph_msgs' returned '0': CMAKE_PREFIX_PATH=/root/ros_ws/src/Rescue_Car_ws/install/builtin_interfaces:/root/ros_ws/src/Rescue_Car_ws/install/micro_ros_demos_rclc:/root/ros_ws/src/Rescue_Car_ws/install/common_interfaces:/root/ros_ws/src/Rescue_Car_ws/install/visualization_msgs:/root/ros_ws/src/Rescue_Car_ws/install/test_msgs:/root/ros_ws/src/Rescue_Car_ws/install/example_interfaces:/root/ros_ws/src/Rescue_Car_ws/install/action_msgs:/root/ros_ws/src/Rescue_Car_ws/install/unique_identifier_msgs:/root/ros_ws/src/Rescue_Car_ws/install/trajectory_msgs:/root/ros_ws/src/Rescue_Car_ws/install/stereo_msgs:/root/ros_ws/src/Rescue_Car_ws/install/std_srvs:/root/ros_ws/src/Rescue_Car_ws/install/shape_msgs:/root/ros_ws/src/Rescue_Car_ws/install/sensor_msgs:/root/ros_ws/src/Rescue_Car_ws/install/nav_msgs:/root/ros_ws/src/Rescue_Car_ws/install/diagnostic_msgs:/root/ros_ws/src/Rescue_Car_ws/install/geometry_msgs:/root/ros_ws/src/Rescue_Car_ws/install/actionlib_msgs:/root/ros_ws/src/Rescue_Car_ws/install/std_msgs:/root/ros_ws/src/Rescue_Car_ws/install/statistics_msgs:/root/ros_ws/src/Rescue_Car_ws/install/rosidl_typesupport_microxrcedds_test_msg:/root/ros_ws/src/Rescue_Car_ws/install/rosidl_typesupport_microxrcedds_cpp_tests:/root/ros_ws/src/Rescue_Car_ws/install/rmw_microxrcedds:/root/ros_ws/src/Rescue_Car_ws/install/rosidl_typesupport_microxrcedds_cpp:/root/ros_ws/src/Rescue_Car_ws/install/rosidl_typesupport_microxrcedds_c_tests:/root/ros_ws/src/Rescue_Car_ws/install/rosidl_typesupport_microxrcedds_c:/root/ros_ws/src/Rescue_Car_ws/install/rosgraph_msgs:/root/ros_ws/src/Rescue_Car_ws/install/rclc_parameter:/root/ros_ws/src/Rescue_Car_ws/install/rclc:/root/ros_ws/src/Rescue_Car_ws/install/composition_interfaces:/root/ros_ws/src/Rescue_Car_ws/install/rcl_interfaces:/root/ros_ws/src/Rescue_Car_ws/install/microxrcedds_client:/root/ros_ws/src/Rescue_Car_ws/install/microcdr:/root/ros_ws/src/Rescue_Car_ws/install/micro_ros_utilities:/root/ros_ws/src/Rescue_Car_ws/install/micro_ros_setup:/root/ros_ws/src/Rescue_Car_ws/install/micro_ros_agent:/root/ros_ws/src/Rescue_Car_ws/install/micro_ros_msgs:/root/ros_ws/src/Rescue_Car_ws/install/lifecycle_msgs:/root/ros_ws/src/Rescue_Car_ws/install/complex_msgs:/root/ros_ws/src/Rescue_Car_ws/install/car:/root/ros_ws/src/Rescue_Car_ws/install/sensor_msgs_py:/opt/ros/humble LD_LIBRARY_PATH=/root/ros_ws/src/Rescue_Car_ws/install/builtin_interfaces/lib:/root/ros_ws/src/Rescue_Car_ws/install/visualization_msgs/lib:/root/ros_ws/src/Rescue_Car_ws/install/test_msgs/lib:/root/ros_ws/src/Rescue_Car_ws/install/example_interfaces/lib:/root/ros_ws/src/Rescue_Car_ws/install/action_msgs/lib:/root/ros_ws/src/Rescue_Car_ws/install/unique_identifier_msgs/lib:/root/ros_ws/src/Rescue_Car_ws/install/trajectory_msgs/lib:/root/ros_ws/src/Rescue_Car_ws/install/stereo_msgs/lib:/root/ros_ws/src/Rescue_Car_ws/install/std_srvs/lib:/root/ros_ws/src/Rescue_Car_ws/install/shape_msgs/lib:/root/ros_ws/src/Rescue_Car_ws/install/sensor_msgs/lib:/root/ros_ws/src/Rescue_Car_ws/install/nav_msgs/lib:/root/ros_ws/src/Rescue_Car_ws/install/diagnostic_msgs/lib:/root/ros_ws/src/Rescue_Car_ws/install/geometry_msgs/lib:/root/ros_ws/src/Rescue_Car_ws/install/actionlib_msgs/lib:/root/ros_ws/src/Rescue_Car_ws/install/std_msgs/lib:/root/ros_ws/src/Rescue_Car_ws/install/statistics_msgs/lib:/root/ros_ws/src/Rescue_Car_ws/install/rosidl_typesupport_microxrcedds_test_msg/lib:/root/ros_ws/src/Rescue_Car_ws/install/rmw_microxrcedds/lib:/root/ros_ws/src/Rescue_Car_ws/install/rosidl_typesupport_microxrcedds_cpp/lib:/root/ros_ws/src/Rescue_Car_ws/install/rosidl_typesupport_microxrcedds_c/lib:/root/ros_ws/src/Rescue_Car_ws/install/rosgraph_msgs/lib:/root/ros_ws/src/Rescue_Car_ws/install/rclc_parameter/lib:/root/ros_ws/src/Rescue_Car_ws/install/rclc/lib:/root/ros_ws/src/Rescue_Car_ws/install/composition_interfaces/lib:/root/ros_ws/src/Rescue_Car_ws/install/rcl_interfaces/lib:/root/ros_ws/src/Rescue_Car_ws/install/micro_ros_utilities/lib:/root/ros_ws/src/Rescue_Car_ws/install/micro_ros_agent/lib:/root/ros_ws/src/Rescue_Car_ws/install/micro_ros_msgs/lib:/root/ros_ws/src/Rescue_Car_ws/install/lifecycle_msgs/lib:/root/ros_ws/src/Rescue_Car_ws/install/complex_msgs/lib:/usr/lib/x86_64-linux-gnu/gazebo-11/plugins:/opt/ros/humble/opt/rviz_ogre_vendor/lib:/opt/ros/humble/lib/x86_64-linux-gnu:/opt/ros/humble/lib /usr/bin/cmake --build /root/ros_ws/src/Rescue_Car_ws/build/rosgraph_msgs -- -j20 -l20
[1.624s] DEBUG:colcon.colcon_core.event_handler.log_command:Invoking command in '/root/ros_ws/src/Rescue_Car_ws/build/rosgraph_msgs': CMAKE_PREFIX_PATH=/root/ros_ws/src/Rescue_Car_ws/install/builtin_interfaces:/root/ros_ws/src/Rescue_Car_ws/install/micro_ros_demos_rclc:/root/ros_ws/src/Rescue_Car_ws/install/common_interfaces:/root/ros_ws/src/Rescue_Car_ws/install/visualization_msgs:/root/ros_ws/src/Rescue_Car_ws/install/test_msgs:/root/ros_ws/src/Rescue_Car_ws/install/example_interfaces:/root/ros_ws/src/Rescue_Car_ws/install/action_msgs:/root/ros_ws/src/Rescue_Car_ws/install/unique_identifier_msgs:/root/ros_ws/src/Rescue_Car_ws/install/trajectory_msgs:/root/ros_ws/src/Rescue_Car_ws/install/stereo_msgs:/root/ros_ws/src/Rescue_Car_ws/install/std_srvs:/root/ros_ws/src/Rescue_Car_ws/install/shape_msgs:/root/ros_ws/src/Rescue_Car_ws/install/sensor_msgs:/root/ros_ws/src/Rescue_Car_ws/install/nav_msgs:/root/ros_ws/src/Rescue_Car_ws/install/diagnostic_msgs:/root/ros_ws/src/Rescue_Car_ws/install/geometry_msgs:/root/ros_ws/src/Rescue_Car_ws/install/actionlib_msgs:/root/ros_ws/src/Rescue_Car_ws/install/std_msgs:/root/ros_ws/src/Rescue_Car_ws/install/statistics_msgs:/root/ros_ws/src/Rescue_Car_ws/install/rosidl_typesupport_microxrcedds_test_msg:/root/ros_ws/src/Rescue_Car_ws/install/rosidl_typesupport_microxrcedds_cpp_tests:/root/ros_ws/src/Rescue_Car_ws/install/rmw_microxrcedds:/root/ros_ws/src/Rescue_Car_ws/install/rosidl_typesupport_microxrcedds_cpp:/root/ros_ws/src/Rescue_Car_ws/install/rosidl_typesupport_microxrcedds_c_tests:/root/ros_ws/src/Rescue_Car_ws/install/rosidl_typesupport_microxrcedds_c:/root/ros_ws/src/Rescue_Car_ws/install/rosgraph_msgs:/root/ros_ws/src/Rescue_Car_ws/install/rclc_parameter:/root/ros_ws/src/Rescue_Car_ws/install/rclc:/root/ros_ws/src/Rescue_Car_ws/install/composition_interfaces:/root/ros_ws/src/Rescue_Car_ws/install/rcl_interfaces:/root/ros_ws/src/Rescue_Car_ws/install/microxrcedds_client:/root/ros_ws/src/Rescue_Car_ws/install/microcdr:/root/ros_ws/src/Rescue_Car_ws/install/micro_ros_utilities:/root/ros_ws/src/Rescue_Car_ws/install/micro_ros_setup:/root/ros_ws/src/Rescue_Car_ws/install/micro_ros_agent:/root/ros_ws/src/Rescue_Car_ws/install/micro_ros_msgs:/root/ros_ws/src/Rescue_Car_ws/install/lifecycle_msgs:/root/ros_ws/src/Rescue_Car_ws/install/complex_msgs:/root/ros_ws/src/Rescue_Car_ws/install/car:/root/ros_ws/src/Rescue_Car_ws/install/sensor_msgs_py:/opt/ros/humble LD_LIBRARY_PATH=/root/ros_ws/src/Rescue_Car_ws/install/builtin_interfaces/lib:/root/ros_ws/src/Rescue_Car_ws/install/visualization_msgs/lib:/root/ros_ws/src/Rescue_Car_ws/install/test_msgs/lib:/root/ros_ws/src/Rescue_Car_ws/install/example_interfaces/lib:/root/ros_ws/src/Rescue_Car_ws/install/action_msgs/lib:/root/ros_ws/src/Rescue_Car_ws/install/unique_identifier_msgs/lib:/root/ros_ws/src/Rescue_Car_ws/install/trajectory_msgs/lib:/root/ros_ws/src/Rescue_Car_ws/install/stereo_msgs/lib:/root/ros_ws/src/Rescue_Car_ws/install/std_srvs/lib:/root/ros_ws/src/Rescue_Car_ws/install/shape_msgs/lib:/root/ros_ws/src/Rescue_Car_ws/install/sensor_msgs/lib:/root/ros_ws/src/Rescue_Car_ws/install/nav_msgs/lib:/root/ros_ws/src/Rescue_Car_ws/install/diagnostic_msgs/lib:/root/ros_ws/src/Rescue_Car_ws/install/geometry_msgs/lib:/root/ros_ws/src/Rescue_Car_ws/install/actionlib_msgs/lib:/root/ros_ws/src/Rescue_Car_ws/install/std_msgs/lib:/root/ros_ws/src/Rescue_Car_ws/install/statistics_msgs/lib:/root/ros_ws/src/Rescue_Car_ws/install/rosidl_typesupport_microxrcedds_test_msg/lib:/root/ros_ws/src/Rescue_Car_ws/install/rmw_microxrcedds/lib:/root/ros_ws/src/Rescue_Car_ws/install/rosidl_typesupport_microxrcedds_cpp/lib:/root/ros_ws/src/Rescue_Car_ws/install/rosidl_typesupport_microxrcedds_c/lib:/root/ros_ws/src/Rescue_Car_ws/install/rosgraph_msgs/lib:/root/ros_ws/src/Rescue_Car_ws/install/rclc_parameter/lib:/root/ros_ws/src/Rescue_Car_ws/install/rclc/lib:/root/ros_ws/src/Rescue_Car_ws/install/composition_interfaces/lib:/root/ros_ws/src/Rescue_Car_ws/install/rcl_interfaces/lib:/root/ros_ws/src/Rescue_Car_ws/install/micro_ros_utilities/lib:/root/ros_ws/src/Rescue_Car_ws/install/micro_ros_agent/lib:/root/ros_ws/src/Rescue_Car_ws/install/micro_ros_msgs/lib:/root/ros_ws/src/Rescue_Car_ws/install/lifecycle_msgs/lib:/root/ros_ws/src/Rescue_Car_ws/install/complex_msgs/lib:/usr/lib/x86_64-linux-gnu/gazebo-11/plugins:/opt/ros/humble/opt/rviz_ogre_vendor/lib:/opt/ros/humble/lib/x86_64-linux-gnu:/opt/ros/humble/lib /usr/bin/cmake --install /root/ros_ws/src/Rescue_Car_ws/build/rosgraph_msgs
[1.624s] DEBUG:colcon.colcon_core.event_handler.log_command:Invoked command in '/root/ros_ws/src/Rescue_Car_ws/build/std_msgs' returned '0': CMAKE_PREFIX_PATH=/root/ros_ws/src/Rescue_Car_ws/install/builtin_interfaces:/root/ros_ws/src/Rescue_Car_ws/install/micro_ros_demos_rclc:/root/ros_ws/src/Rescue_Car_ws/install/common_interfaces:/root/ros_ws/src/Rescue_Car_ws/install/visualization_msgs:/root/ros_ws/src/Rescue_Car_ws/install/test_msgs:/root/ros_ws/src/Rescue_Car_ws/install/example_interfaces:/root/ros_ws/src/Rescue_Car_ws/install/action_msgs:/root/ros_ws/src/Rescue_Car_ws/install/unique_identifier_msgs:/root/ros_ws/src/Rescue_Car_ws/install/trajectory_msgs:/root/ros_ws/src/Rescue_Car_ws/install/stereo_msgs:/root/ros_ws/src/Rescue_Car_ws/install/std_srvs:/root/ros_ws/src/Rescue_Car_ws/install/shape_msgs:/root/ros_ws/src/Rescue_Car_ws/install/sensor_msgs:/root/ros_ws/src/Rescue_Car_ws/install/nav_msgs:/root/ros_ws/src/Rescue_Car_ws/install/diagnostic_msgs:/root/ros_ws/src/Rescue_Car_ws/install/geometry_msgs:/root/ros_ws/src/Rescue_Car_ws/install/actionlib_msgs:/root/ros_ws/src/Rescue_Car_ws/install/std_msgs:/root/ros_ws/src/Rescue_Car_ws/install/statistics_msgs:/root/ros_ws/src/Rescue_Car_ws/install/rosidl_typesupport_microxrcedds_test_msg:/root/ros_ws/src/Rescue_Car_ws/install/rosidl_typesupport_microxrcedds_cpp_tests:/root/ros_ws/src/Rescue_Car_ws/install/rmw_microxrcedds:/root/ros_ws/src/Rescue_Car_ws/install/rosidl_typesupport_microxrcedds_cpp:/root/ros_ws/src/Rescue_Car_ws/install/rosidl_typesupport_microxrcedds_c_tests:/root/ros_ws/src/Rescue_Car_ws/install/rosidl_typesupport_microxrcedds_c:/root/ros_ws/src/Rescue_Car_ws/install/rosgraph_msgs:/root/ros_ws/src/Rescue_Car_ws/install/rclc_parameter:/root/ros_ws/src/Rescue_Car_ws/install/rclc:/root/ros_ws/src/Rescue_Car_ws/install/composition_interfaces:/root/ros_ws/src/Rescue_Car_ws/install/rcl_interfaces:/root/ros_ws/src/Rescue_Car_ws/install/microxrcedds_client:/root/ros_ws/src/Rescue_Car_ws/install/microcdr:/root/ros_ws/src/Rescue_Car_ws/install/micro_ros_utilities:/root/ros_ws/src/Rescue_Car_ws/install/micro_ros_setup:/root/ros_ws/src/Rescue_Car_ws/install/micro_ros_agent:/root/ros_ws/src/Rescue_Car_ws/install/micro_ros_msgs:/root/ros_ws/src/Rescue_Car_ws/install/lifecycle_msgs:/root/ros_ws/src/Rescue_Car_ws/install/complex_msgs:/root/ros_ws/src/Rescue_Car_ws/install/car:/root/ros_ws/src/Rescue_Car_ws/install/sensor_msgs_py:/opt/ros/humble LD_LIBRARY_PATH=/root/ros_ws/src/Rescue_Car_ws/install/builtin_interfaces/lib:/root/ros_ws/src/Rescue_Car_ws/install/visualization_msgs/lib:/root/ros_ws/src/Rescue_Car_ws/install/test_msgs/lib:/root/ros_ws/src/Rescue_Car_ws/install/example_interfaces/lib:/root/ros_ws/src/Rescue_Car_ws/install/action_msgs/lib:/root/ros_ws/src/Rescue_Car_ws/install/unique_identifier_msgs/lib:/root/ros_ws/src/Rescue_Car_ws/install/trajectory_msgs/lib:/root/ros_ws/src/Rescue_Car_ws/install/stereo_msgs/lib:/root/ros_ws/src/Rescue_Car_ws/install/std_srvs/lib:/root/ros_ws/src/Rescue_Car_ws/install/shape_msgs/lib:/root/ros_ws/src/Rescue_Car_ws/install/sensor_msgs/lib:/root/ros_ws/src/Rescue_Car_ws/install/nav_msgs/lib:/root/ros_ws/src/Rescue_Car_ws/install/diagnostic_msgs/lib:/root/ros_ws/src/Rescue_Car_ws/install/geometry_msgs/lib:/root/ros_ws/src/Rescue_Car_ws/install/actionlib_msgs/lib:/root/ros_ws/src/Rescue_Car_ws/install/std_msgs/lib:/root/ros_ws/src/Rescue_Car_ws/install/statistics_msgs/lib:/root/ros_ws/src/Rescue_Car_ws/install/rosidl_typesupport_microxrcedds_test_msg/lib:/root/ros_ws/src/Rescue_Car_ws/install/rmw_microxrcedds/lib:/root/ros_ws/src/Rescue_Car_ws/install/rosidl_typesupport_microxrcedds_cpp/lib:/root/ros_ws/src/Rescue_Car_ws/install/rosidl_typesupport_microxrcedds_c/lib:/root/ros_ws/src/Rescue_Car_ws/install/rosgraph_msgs/lib:/root/ros_ws/src/Rescue_Car_ws/install/rclc_parameter/lib:/root/ros_ws/src/Rescue_Car_ws/install/rclc/lib:/root/ros_ws/src/Rescue_Car_ws/install/composition_interfaces/lib:/root/ros_ws/src/Rescue_Car_ws/install/rcl_interfaces/lib:/root/ros_ws/src/Rescue_Car_ws/install/micro_ros_utilities/lib:/root/ros_ws/src/Rescue_Car_ws/install/micro_ros_agent/lib:/root/ros_ws/src/Rescue_Car_ws/install/micro_ros_msgs/lib:/root/ros_ws/src/Rescue_Car_ws/install/lifecycle_msgs/lib:/root/ros_ws/src/Rescue_Car_ws/install/complex_msgs/lib:/usr/lib/x86_64-linux-gnu/gazebo-11/plugins:/opt/ros/humble/opt/rviz_ogre_vendor/lib:/opt/ros/humble/lib/x86_64-linux-gnu:/opt/ros/humble/lib /usr/bin/cmake --build /root/ros_ws/src/Rescue_Car_ws/build/std_msgs -- -j20 -l20
[1.626s] DEBUG:colcon.colcon_core.event_handler.log_command:Invoking command in '/root/ros_ws/src/Rescue_Car_ws/build/std_msgs': CMAKE_PREFIX_PATH=/root/ros_ws/src/Rescue_Car_ws/install/builtin_interfaces:/root/ros_ws/src/Rescue_Car_ws/install/micro_ros_demos_rclc:/root/ros_ws/src/Rescue_Car_ws/install/common_interfaces:/root/ros_ws/src/Rescue_Car_ws/install/visualization_msgs:/root/ros_ws/src/Rescue_Car_ws/install/test_msgs:/root/ros_ws/src/Rescue_Car_ws/install/example_interfaces:/root/ros_ws/src/Rescue_Car_ws/install/action_msgs:/root/ros_ws/src/Rescue_Car_ws/install/unique_identifier_msgs:/root/ros_ws/src/Rescue_Car_ws/install/trajectory_msgs:/root/ros_ws/src/Rescue_Car_ws/install/stereo_msgs:/root/ros_ws/src/Rescue_Car_ws/install/std_srvs:/root/ros_ws/src/Rescue_Car_ws/install/shape_msgs:/root/ros_ws/src/Rescue_Car_ws/install/sensor_msgs:/root/ros_ws/src/Rescue_Car_ws/install/nav_msgs:/root/ros_ws/src/Rescue_Car_ws/install/diagnostic_msgs:/root/ros_ws/src/Rescue_Car_ws/install/geometry_msgs:/root/ros_ws/src/Rescue_Car_ws/install/actionlib_msgs:/root/ros_ws/src/Rescue_Car_ws/install/std_msgs:/root/ros_ws/src/Rescue_Car_ws/install/statistics_msgs:/root/ros_ws/src/Rescue_Car_ws/install/rosidl_typesupport_microxrcedds_test_msg:/root/ros_ws/src/Rescue_Car_ws/install/rosidl_typesupport_microxrcedds_cpp_tests:/root/ros_ws/src/Rescue_Car_ws/install/rmw_microxrcedds:/root/ros_ws/src/Rescue_Car_ws/install/rosidl_typesupport_microxrcedds_cpp:/root/ros_ws/src/Rescue_Car_ws/install/rosidl_typesupport_microxrcedds_c_tests:/root/ros_ws/src/Rescue_Car_ws/install/rosidl_typesupport_microxrcedds_c:/root/ros_ws/src/Rescue_Car_ws/install/rosgraph_msgs:/root/ros_ws/src/Rescue_Car_ws/install/rclc_parameter:/root/ros_ws/src/Rescue_Car_ws/install/rclc:/root/ros_ws/src/Rescue_Car_ws/install/composition_interfaces:/root/ros_ws/src/Rescue_Car_ws/install/rcl_interfaces:/root/ros_ws/src/Rescue_Car_ws/install/microxrcedds_client:/root/ros_ws/src/Rescue_Car_ws/install/microcdr:/root/ros_ws/src/Rescue_Car_ws/install/micro_ros_utilities:/root/ros_ws/src/Rescue_Car_ws/install/micro_ros_setup:/root/ros_ws/src/Rescue_Car_ws/install/micro_ros_agent:/root/ros_ws/src/Rescue_Car_ws/install/micro_ros_msgs:/root/ros_ws/src/Rescue_Car_ws/install/lifecycle_msgs:/root/ros_ws/src/Rescue_Car_ws/install/complex_msgs:/root/ros_ws/src/Rescue_Car_ws/install/car:/root/ros_ws/src/Rescue_Car_ws/install/sensor_msgs_py:/opt/ros/humble LD_LIBRARY_PATH=/root/ros_ws/src/Rescue_Car_ws/install/builtin_interfaces/lib:/root/ros_ws/src/Rescue_Car_ws/install/visualization_msgs/lib:/root/ros_ws/src/Rescue_Car_ws/install/test_msgs/lib:/root/ros_ws/src/Rescue_Car_ws/install/example_interfaces/lib:/root/ros_ws/src/Rescue_Car_ws/install/action_msgs/lib:/root/ros_ws/src/Rescue_Car_ws/install/unique_identifier_msgs/lib:/root/ros_ws/src/Rescue_Car_ws/install/trajectory_msgs/lib:/root/ros_ws/src/Rescue_Car_ws/install/stereo_msgs/lib:/root/ros_ws/src/Rescue_Car_ws/install/std_srvs/lib:/root/ros_ws/src/Rescue_Car_ws/install/shape_msgs/lib:/root/ros_ws/src/Rescue_Car_ws/install/sensor_msgs/lib:/root/ros_ws/src/Rescue_Car_ws/install/nav_msgs/lib:/root/ros_ws/src/Rescue_Car_ws/install/diagnostic_msgs/lib:/root/ros_ws/src/Rescue_Car_ws/install/geometry_msgs/lib:/root/ros_ws/src/Rescue_Car_ws/install/actionlib_msgs/lib:/root/ros_ws/src/Rescue_Car_ws/install/std_msgs/lib:/root/ros_ws/src/Rescue_Car_ws/install/statistics_msgs/lib:/root/ros_ws/src/Rescue_Car_ws/install/rosidl_typesupport_microxrcedds_test_msg/lib:/root/ros_ws/src/Rescue_Car_ws/install/rmw_microxrcedds/lib:/root/ros_ws/src/Rescue_Car_ws/install/rosidl_typesupport_microxrcedds_cpp/lib:/root/ros_ws/src/Rescue_Car_ws/install/rosidl_typesupport_microxrcedds_c/lib:/root/ros_ws/src/Rescue_Car_ws/install/rosgraph_msgs/lib:/root/ros_ws/src/Rescue_Car_ws/install/rclc_parameter/lib:/root/ros_ws/src/Rescue_Car_ws/install/rclc/lib:/root/ros_ws/src/Rescue_Car_ws/install/composition_interfaces/lib:/root/ros_ws/src/Rescue_Car_ws/install/rcl_interfaces/lib:/root/ros_ws/src/Rescue_Car_ws/install/micro_ros_utilities/lib:/root/ros_ws/src/Rescue_Car_ws/install/micro_ros_agent/lib:/root/ros_ws/src/Rescue_Car_ws/install/micro_ros_msgs/lib:/root/ros_ws/src/Rescue_Car_ws/install/lifecycle_msgs/lib:/root/ros_ws/src/Rescue_Car_ws/install/complex_msgs/lib:/usr/lib/x86_64-linux-gnu/gazebo-11/plugins:/opt/ros/humble/opt/rviz_ogre_vendor/lib:/opt/ros/humble/lib/x86_64-linux-gnu:/opt/ros/humble/lib /usr/bin/cmake --install /root/ros_ws/src/Rescue_Car_ws/build/std_msgs
[1.628s] DEBUG:colcon.colcon_core.event_handler.log_command:Invoked command in '/root/ros_ws/src/Rescue_Car_ws/build/rcl_interfaces' returned '0': CMAKE_PREFIX_PATH=/root/ros_ws/src/Rescue_Car_ws/install/builtin_interfaces:/root/ros_ws/src/Rescue_Car_ws/install/micro_ros_demos_rclc:/root/ros_ws/src/Rescue_Car_ws/install/common_interfaces:/root/ros_ws/src/Rescue_Car_ws/install/visualization_msgs:/root/ros_ws/src/Rescue_Car_ws/install/test_msgs:/root/ros_ws/src/Rescue_Car_ws/install/example_interfaces:/root/ros_ws/src/Rescue_Car_ws/install/action_msgs:/root/ros_ws/src/Rescue_Car_ws/install/unique_identifier_msgs:/root/ros_ws/src/Rescue_Car_ws/install/trajectory_msgs:/root/ros_ws/src/Rescue_Car_ws/install/stereo_msgs:/root/ros_ws/src/Rescue_Car_ws/install/std_srvs:/root/ros_ws/src/Rescue_Car_ws/install/shape_msgs:/root/ros_ws/src/Rescue_Car_ws/install/sensor_msgs:/root/ros_ws/src/Rescue_Car_ws/install/nav_msgs:/root/ros_ws/src/Rescue_Car_ws/install/diagnostic_msgs:/root/ros_ws/src/Rescue_Car_ws/install/geometry_msgs:/root/ros_ws/src/Rescue_Car_ws/install/actionlib_msgs:/root/ros_ws/src/Rescue_Car_ws/install/std_msgs:/root/ros_ws/src/Rescue_Car_ws/install/statistics_msgs:/root/ros_ws/src/Rescue_Car_ws/install/rosidl_typesupport_microxrcedds_test_msg:/root/ros_ws/src/Rescue_Car_ws/install/rosidl_typesupport_microxrcedds_cpp_tests:/root/ros_ws/src/Rescue_Car_ws/install/rmw_microxrcedds:/root/ros_ws/src/Rescue_Car_ws/install/rosidl_typesupport_microxrcedds_cpp:/root/ros_ws/src/Rescue_Car_ws/install/rosidl_typesupport_microxrcedds_c_tests:/root/ros_ws/src/Rescue_Car_ws/install/rosidl_typesupport_microxrcedds_c:/root/ros_ws/src/Rescue_Car_ws/install/rosgraph_msgs:/root/ros_ws/src/Rescue_Car_ws/install/rclc_parameter:/root/ros_ws/src/Rescue_Car_ws/install/rclc:/root/ros_ws/src/Rescue_Car_ws/install/composition_interfaces:/root/ros_ws/src/Rescue_Car_ws/install/rcl_interfaces:/root/ros_ws/src/Rescue_Car_ws/install/microxrcedds_client:/root/ros_ws/src/Rescue_Car_ws/install/microcdr:/root/ros_ws/src/Rescue_Car_ws/install/micro_ros_utilities:/root/ros_ws/src/Rescue_Car_ws/install/micro_ros_setup:/root/ros_ws/src/Rescue_Car_ws/install/micro_ros_agent:/root/ros_ws/src/Rescue_Car_ws/install/micro_ros_msgs:/root/ros_ws/src/Rescue_Car_ws/install/lifecycle_msgs:/root/ros_ws/src/Rescue_Car_ws/install/complex_msgs:/root/ros_ws/src/Rescue_Car_ws/install/car:/root/ros_ws/src/Rescue_Car_ws/install/sensor_msgs_py:/opt/ros/humble LD_LIBRARY_PATH=/root/ros_ws/src/Rescue_Car_ws/install/builtin_interfaces/lib:/root/ros_ws/src/Rescue_Car_ws/install/visualization_msgs/lib:/root/ros_ws/src/Rescue_Car_ws/install/test_msgs/lib:/root/ros_ws/src/Rescue_Car_ws/install/example_interfaces/lib:/root/ros_ws/src/Rescue_Car_ws/install/action_msgs/lib:/root/ros_ws/src/Rescue_Car_ws/install/unique_identifier_msgs/lib:/root/ros_ws/src/Rescue_Car_ws/install/trajectory_msgs/lib:/root/ros_ws/src/Rescue_Car_ws/install/stereo_msgs/lib:/root/ros_ws/src/Rescue_Car_ws/install/std_srvs/lib:/root/ros_ws/src/Rescue_Car_ws/install/shape_msgs/lib:/root/ros_ws/src/Rescue_Car_ws/install/sensor_msgs/lib:/root/ros_ws/src/Rescue_Car_ws/install/nav_msgs/lib:/root/ros_ws/src/Rescue_Car_ws/install/diagnostic_msgs/lib:/root/ros_ws/src/Rescue_Car_ws/install/geometry_msgs/lib:/root/ros_ws/src/Rescue_Car_ws/install/actionlib_msgs/lib:/root/ros_ws/src/Rescue_Car_ws/install/std_msgs/lib:/root/ros_ws/src/Rescue_Car_ws/install/statistics_msgs/lib:/root/ros_ws/src/Rescue_Car_ws/install/rosidl_typesupport_microxrcedds_test_msg/lib:/root/ros_ws/src/Rescue_Car_ws/install/rmw_microxrcedds/lib:/root/ros_ws/src/Rescue_Car_ws/install/rosidl_typesupport_microxrcedds_cpp/lib:/root/ros_ws/src/Rescue_Car_ws/install/rosidl_typesupport_microxrcedds_c/lib:/root/ros_ws/src/Rescue_Car_ws/install/rosgraph_msgs/lib:/root/ros_ws/src/Rescue_Car_ws/install/rclc_parameter/lib:/root/ros_ws/src/Rescue_Car_ws/install/rclc/lib:/root/ros_ws/src/Rescue_Car_ws/install/composition_interfaces/lib:/root/ros_ws/src/Rescue_Car_ws/install/rcl_interfaces/lib:/root/ros_ws/src/Rescue_Car_ws/install/micro_ros_utilities/lib:/root/ros_ws/src/Rescue_Car_ws/install/micro_ros_agent/lib:/root/ros_ws/src/Rescue_Car_ws/install/micro_ros_msgs/lib:/root/ros_ws/src/Rescue_Car_ws/install/lifecycle_msgs/lib:/root/ros_ws/src/Rescue_Car_ws/install/complex_msgs/lib:/usr/lib/x86_64-linux-gnu/gazebo-11/plugins:/opt/ros/humble/opt/rviz_ogre_vendor/lib:/opt/ros/humble/lib/x86_64-linux-gnu:/opt/ros/humble/lib /usr/bin/cmake --build /root/ros_ws/src/Rescue_Car_ws/build/rcl_interfaces -- -j20 -l20
[1.632s] DEBUG:colcon.colcon_core.event_handler.log_command:Invoking command in '/root/ros_ws/src/Rescue_Car_ws/build/rcl_interfaces': CMAKE_PREFIX_PATH=/root/ros_ws/src/Rescue_Car_ws/install/builtin_interfaces:/root/ros_ws/src/Rescue_Car_ws/install/micro_ros_demos_rclc:/root/ros_ws/src/Rescue_Car_ws/install/common_interfaces:/root/ros_ws/src/Rescue_Car_ws/install/visualization_msgs:/root/ros_ws/src/Rescue_Car_ws/install/test_msgs:/root/ros_ws/src/Rescue_Car_ws/install/example_interfaces:/root/ros_ws/src/Rescue_Car_ws/install/action_msgs:/root/ros_ws/src/Rescue_Car_ws/install/unique_identifier_msgs:/root/ros_ws/src/Rescue_Car_ws/install/trajectory_msgs:/root/ros_ws/src/Rescue_Car_ws/install/stereo_msgs:/root/ros_ws/src/Rescue_Car_ws/install/std_srvs:/root/ros_ws/src/Rescue_Car_ws/install/shape_msgs:/root/ros_ws/src/Rescue_Car_ws/install/sensor_msgs:/root/ros_ws/src/Rescue_Car_ws/install/nav_msgs:/root/ros_ws/src/Rescue_Car_ws/install/diagnostic_msgs:/root/ros_ws/src/Rescue_Car_ws/install/geometry_msgs:/root/ros_ws/src/Rescue_Car_ws/install/actionlib_msgs:/root/ros_ws/src/Rescue_Car_ws/install/std_msgs:/root/ros_ws/src/Rescue_Car_ws/install/statistics_msgs:/root/ros_ws/src/Rescue_Car_ws/install/rosidl_typesupport_microxrcedds_test_msg:/root/ros_ws/src/Rescue_Car_ws/install/rosidl_typesupport_microxrcedds_cpp_tests:/root/ros_ws/src/Rescue_Car_ws/install/rmw_microxrcedds:/root/ros_ws/src/Rescue_Car_ws/install/rosidl_typesupport_microxrcedds_cpp:/root/ros_ws/src/Rescue_Car_ws/install/rosidl_typesupport_microxrcedds_c_tests:/root/ros_ws/src/Rescue_Car_ws/install/rosidl_typesupport_microxrcedds_c:/root/ros_ws/src/Rescue_Car_ws/install/rosgraph_msgs:/root/ros_ws/src/Rescue_Car_ws/install/rclc_parameter:/root/ros_ws/src/Rescue_Car_ws/install/rclc:/root/ros_ws/src/Rescue_Car_ws/install/composition_interfaces:/root/ros_ws/src/Rescue_Car_ws/install/rcl_interfaces:/root/ros_ws/src/Rescue_Car_ws/install/microxrcedds_client:/root/ros_ws/src/Rescue_Car_ws/install/microcdr:/root/ros_ws/src/Rescue_Car_ws/install/micro_ros_utilities:/root/ros_ws/src/Rescue_Car_ws/install/micro_ros_setup:/root/ros_ws/src/Rescue_Car_ws/install/micro_ros_agent:/root/ros_ws/src/Rescue_Car_ws/install/micro_ros_msgs:/root/ros_ws/src/Rescue_Car_ws/install/lifecycle_msgs:/root/ros_ws/src/Rescue_Car_ws/install/complex_msgs:/root/ros_ws/src/Rescue_Car_ws/install/car:/root/ros_ws/src/Rescue_Car_ws/install/sensor_msgs_py:/opt/ros/humble LD_LIBRARY_PATH=/root/ros_ws/src/Rescue_Car_ws/install/builtin_interfaces/lib:/root/ros_ws/src/Rescue_Car_ws/install/visualization_msgs/lib:/root/ros_ws/src/Rescue_Car_ws/install/test_msgs/lib:/root/ros_ws/src/Rescue_Car_ws/install/example_interfaces/lib:/root/ros_ws/src/Rescue_Car_ws/install/action_msgs/lib:/root/ros_ws/src/Rescue_Car_ws/install/unique_identifier_msgs/lib:/root/ros_ws/src/Rescue_Car_ws/install/trajectory_msgs/lib:/root/ros_ws/src/Rescue_Car_ws/install/stereo_msgs/lib:/root/ros_ws/src/Rescue_Car_ws/install/std_srvs/lib:/root/ros_ws/src/Rescue_Car_ws/install/shape_msgs/lib:/root/ros_ws/src/Rescue_Car_ws/install/sensor_msgs/lib:/root/ros_ws/src/Rescue_Car_ws/install/nav_msgs/lib:/root/ros_ws/src/Rescue_Car_ws/install/diagnostic_msgs/lib:/root/ros_ws/src/Rescue_Car_ws/install/geometry_msgs/lib:/root/ros_ws/src/Rescue_Car_ws/install/actionlib_msgs/lib:/root/ros_ws/src/Rescue_Car_ws/install/std_msgs/lib:/root/ros_ws/src/Rescue_Car_ws/install/statistics_msgs/lib:/root/ros_ws/src/Rescue_Car_ws/install/rosidl_typesupport_microxrcedds_test_msg/lib:/root/ros_ws/src/Rescue_Car_ws/install/rmw_microxrcedds/lib:/root/ros_ws/src/Rescue_Car_ws/install/rosidl_typesupport_microxrcedds_cpp/lib:/root/ros_ws/src/Rescue_Car_ws/install/rosidl_typesupport_microxrcedds_c/lib:/root/ros_ws/src/Rescue_Car_ws/install/rosgraph_msgs/lib:/root/ros_ws/src/Rescue_Car_ws/install/rclc_parameter/lib:/root/ros_ws/src/Rescue_Car_ws/install/rclc/lib:/root/ros_ws/src/Rescue_Car_ws/install/composition_interfaces/lib:/root/ros_ws/src/Rescue_Car_ws/install/rcl_interfaces/lib:/root/ros_ws/src/Rescue_Car_ws/install/micro_ros_utilities/lib:/root/ros_ws/src/Rescue_Car_ws/install/micro_ros_agent/lib:/root/ros_ws/src/Rescue_Car_ws/install/micro_ros_msgs/lib:/root/ros_ws/src/Rescue_Car_ws/install/lifecycle_msgs/lib:/root/ros_ws/src/Rescue_Car_ws/install/complex_msgs/lib:/usr/lib/x86_64-linux-gnu/gazebo-11/plugins:/opt/ros/humble/opt/rviz_ogre_vendor/lib:/opt/ros/humble/lib/x86_64-linux-gnu:/opt/ros/humble/lib /usr/bin/cmake --install /root/ros_ws/src/Rescue_Car_ws/build/rcl_interfaces
[1.663s] Level 1:colcon.colcon_core.environment:create_environment_scripts_only(complex_msgs)
[1.663s] Level 1:colcon.colcon_core.environment:checking '/root/ros_ws/src/Rescue_Car_ws/install/complex_msgs' for CMake module files
[1.675s] Level 1:colcon.colcon_core.environment:checking '/root/ros_ws/src/Rescue_Car_ws/install/complex_msgs' for CMake config files
[1.687s] Level 1:colcon.colcon_core.shell:create_environment_hook('complex_msgs', 'cmake_prefix_path')
[1.687s] INFO:colcon.colcon_core.shell:Creating environment hook '/root/ros_ws/src/Rescue_Car_ws/install/complex_msgs/share/complex_msgs/hook/cmake_prefix_path.ps1'
[1.689s] INFO:colcon.colcon_core.shell:Creating environment descriptor '/root/ros_ws/src/Rescue_Car_ws/install/complex_msgs/share/complex_msgs/hook/cmake_prefix_path.dsv'
[1.690s] DEBUG:colcon.colcon_core.event_handler.log_command:Invoked command in '/root/ros_ws/src/Rescue_Car_ws/build/statistics_msgs' returned '0': CMAKE_PREFIX_PATH=/root/ros_ws/src/Rescue_Car_ws/install/builtin_interfaces:/root/ros_ws/src/Rescue_Car_ws/install/micro_ros_demos_rclc:/root/ros_ws/src/Rescue_Car_ws/install/common_interfaces:/root/ros_ws/src/Rescue_Car_ws/install/visualization_msgs:/root/ros_ws/src/Rescue_Car_ws/install/test_msgs:/root/ros_ws/src/Rescue_Car_ws/install/example_interfaces:/root/ros_ws/src/Rescue_Car_ws/install/action_msgs:/root/ros_ws/src/Rescue_Car_ws/install/unique_identifier_msgs:/root/ros_ws/src/Rescue_Car_ws/install/trajectory_msgs:/root/ros_ws/src/Rescue_Car_ws/install/stereo_msgs:/root/ros_ws/src/Rescue_Car_ws/install/std_srvs:/root/ros_ws/src/Rescue_Car_ws/install/shape_msgs:/root/ros_ws/src/Rescue_Car_ws/install/sensor_msgs:/root/ros_ws/src/Rescue_Car_ws/install/nav_msgs:/root/ros_ws/src/Rescue_Car_ws/install/diagnostic_msgs:/root/ros_ws/src/Rescue_Car_ws/install/geometry_msgs:/root/ros_ws/src/Rescue_Car_ws/install/actionlib_msgs:/root/ros_ws/src/Rescue_Car_ws/install/std_msgs:/root/ros_ws/src/Rescue_Car_ws/install/statistics_msgs:/root/ros_ws/src/Rescue_Car_ws/install/rosidl_typesupport_microxrcedds_test_msg:/root/ros_ws/src/Rescue_Car_ws/install/rosidl_typesupport_microxrcedds_cpp_tests:/root/ros_ws/src/Rescue_Car_ws/install/rmw_microxrcedds:/root/ros_ws/src/Rescue_Car_ws/install/rosidl_typesupport_microxrcedds_cpp:/root/ros_ws/src/Rescue_Car_ws/install/rosidl_typesupport_microxrcedds_c_tests:/root/ros_ws/src/Rescue_Car_ws/install/rosidl_typesupport_microxrcedds_c:/root/ros_ws/src/Rescue_Car_ws/install/rosgraph_msgs:/root/ros_ws/src/Rescue_Car_ws/install/rclc_parameter:/root/ros_ws/src/Rescue_Car_ws/install/rclc:/root/ros_ws/src/Rescue_Car_ws/install/composition_interfaces:/root/ros_ws/src/Rescue_Car_ws/install/rcl_interfaces:/root/ros_ws/src/Rescue_Car_ws/install/microxrcedds_client:/root/ros_ws/src/Rescue_Car_ws/install/microcdr:/root/ros_ws/src/Rescue_Car_ws/install/micro_ros_utilities:/root/ros_ws/src/Rescue_Car_ws/install/micro_ros_setup:/root/ros_ws/src/Rescue_Car_ws/install/micro_ros_agent:/root/ros_ws/src/Rescue_Car_ws/install/micro_ros_msgs:/root/ros_ws/src/Rescue_Car_ws/install/lifecycle_msgs:/root/ros_ws/src/Rescue_Car_ws/install/complex_msgs:/root/ros_ws/src/Rescue_Car_ws/install/car:/root/ros_ws/src/Rescue_Car_ws/install/sensor_msgs_py:/opt/ros/humble LD_LIBRARY_PATH=/root/ros_ws/src/Rescue_Car_ws/install/builtin_interfaces/lib:/root/ros_ws/src/Rescue_Car_ws/install/visualization_msgs/lib:/root/ros_ws/src/Rescue_Car_ws/install/test_msgs/lib:/root/ros_ws/src/Rescue_Car_ws/install/example_interfaces/lib:/root/ros_ws/src/Rescue_Car_ws/install/action_msgs/lib:/root/ros_ws/src/Rescue_Car_ws/install/unique_identifier_msgs/lib:/root/ros_ws/src/Rescue_Car_ws/install/trajectory_msgs/lib:/root/ros_ws/src/Rescue_Car_ws/install/stereo_msgs/lib:/root/ros_ws/src/Rescue_Car_ws/install/std_srvs/lib:/root/ros_ws/src/Rescue_Car_ws/install/shape_msgs/lib:/root/ros_ws/src/Rescue_Car_ws/install/sensor_msgs/lib:/root/ros_ws/src/Rescue_Car_ws/install/nav_msgs/lib:/root/ros_ws/src/Rescue_Car_ws/install/diagnostic_msgs/lib:/root/ros_ws/src/Rescue_Car_ws/install/geometry_msgs/lib:/root/ros_ws/src/Rescue_Car_ws/install/actionlib_msgs/lib:/root/ros_ws/src/Rescue_Car_ws/install/std_msgs/lib:/root/ros_ws/src/Rescue_Car_ws/install/statistics_msgs/lib:/root/ros_ws/src/Rescue_Car_ws/install/rosidl_typesupport_microxrcedds_test_msg/lib:/root/ros_ws/src/Rescue_Car_ws/install/rmw_microxrcedds/lib:/root/ros_ws/src/Rescue_Car_ws/install/rosidl_typesupport_microxrcedds_cpp/lib:/root/ros_ws/src/Rescue_Car_ws/install/rosidl_typesupport_microxrcedds_c/lib:/root/ros_ws/src/Rescue_Car_ws/install/rosgraph_msgs/lib:/root/ros_ws/src/Rescue_Car_ws/install/rclc_parameter/lib:/root/ros_ws/src/Rescue_Car_ws/install/rclc/lib:/root/ros_ws/src/Rescue_Car_ws/install/composition_interfaces/lib:/root/ros_ws/src/Rescue_Car_ws/install/rcl_interfaces/lib:/root/ros_ws/src/Rescue_Car_ws/install/micro_ros_utilities/lib:/root/ros_ws/src/Rescue_Car_ws/install/micro_ros_agent/lib:/root/ros_ws/src/Rescue_Car_ws/install/micro_ros_msgs/lib:/root/ros_ws/src/Rescue_Car_ws/install/lifecycle_msgs/lib:/root/ros_ws/src/Rescue_Car_ws/install/complex_msgs/lib:/usr/lib/x86_64-linux-gnu/gazebo-11/plugins:/opt/ros/humble/opt/rviz_ogre_vendor/lib:/opt/ros/humble/lib/x86_64-linux-gnu:/opt/ros/humble/lib /usr/bin/cmake --build /root/ros_ws/src/Rescue_Car_ws/build/statistics_msgs -- -j20 -l20
[1.690s] INFO:colcon.colcon_core.shell:Creating environment hook '/root/ros_ws/src/Rescue_Car_ws/install/complex_msgs/share/complex_msgs/hook/cmake_prefix_path.sh'
[1.691s] DEBUG:colcon.colcon_core.event_handler.log_command:Invoking command in '/root/ros_ws/src/Rescue_Car_ws/build/statistics_msgs': CMAKE_PREFIX_PATH=/root/ros_ws/src/Rescue_Car_ws/install/builtin_interfaces:/root/ros_ws/src/Rescue_Car_ws/install/micro_ros_demos_rclc:/root/ros_ws/src/Rescue_Car_ws/install/common_interfaces:/root/ros_ws/src/Rescue_Car_ws/install/visualization_msgs:/root/ros_ws/src/Rescue_Car_ws/install/test_msgs:/root/ros_ws/src/Rescue_Car_ws/install/example_interfaces:/root/ros_ws/src/Rescue_Car_ws/install/action_msgs:/root/ros_ws/src/Rescue_Car_ws/install/unique_identifier_msgs:/root/ros_ws/src/Rescue_Car_ws/install/trajectory_msgs:/root/ros_ws/src/Rescue_Car_ws/install/stereo_msgs:/root/ros_ws/src/Rescue_Car_ws/install/std_srvs:/root/ros_ws/src/Rescue_Car_ws/install/shape_msgs:/root/ros_ws/src/Rescue_Car_ws/install/sensor_msgs:/root/ros_ws/src/Rescue_Car_ws/install/nav_msgs:/root/ros_ws/src/Rescue_Car_ws/install/diagnostic_msgs:/root/ros_ws/src/Rescue_Car_ws/install/geometry_msgs:/root/ros_ws/src/Rescue_Car_ws/install/actionlib_msgs:/root/ros_ws/src/Rescue_Car_ws/install/std_msgs:/root/ros_ws/src/Rescue_Car_ws/install/statistics_msgs:/root/ros_ws/src/Rescue_Car_ws/install/rosidl_typesupport_microxrcedds_test_msg:/root/ros_ws/src/Rescue_Car_ws/install/rosidl_typesupport_microxrcedds_cpp_tests:/root/ros_ws/src/Rescue_Car_ws/install/rmw_microxrcedds:/root/ros_ws/src/Rescue_Car_ws/install/rosidl_typesupport_microxrcedds_cpp:/root/ros_ws/src/Rescue_Car_ws/install/rosidl_typesupport_microxrcedds_c_tests:/root/ros_ws/src/Rescue_Car_ws/install/rosidl_typesupport_microxrcedds_c:/root/ros_ws/src/Rescue_Car_ws/install/rosgraph_msgs:/root/ros_ws/src/Rescue_Car_ws/install/rclc_parameter:/root/ros_ws/src/Rescue_Car_ws/install/rclc:/root/ros_ws/src/Rescue_Car_ws/install/composition_interfaces:/root/ros_ws/src/Rescue_Car_ws/install/rcl_interfaces:/root/ros_ws/src/Rescue_Car_ws/install/microxrcedds_client:/root/ros_ws/src/Rescue_Car_ws/install/microcdr:/root/ros_ws/src/Rescue_Car_ws/install/micro_ros_utilities:/root/ros_ws/src/Rescue_Car_ws/install/micro_ros_setup:/root/ros_ws/src/Rescue_Car_ws/install/micro_ros_agent:/root/ros_ws/src/Rescue_Car_ws/install/micro_ros_msgs:/root/ros_ws/src/Rescue_Car_ws/install/lifecycle_msgs:/root/ros_ws/src/Rescue_Car_ws/install/complex_msgs:/root/ros_ws/src/Rescue_Car_ws/install/car:/root/ros_ws/src/Rescue_Car_ws/install/sensor_msgs_py:/opt/ros/humble LD_LIBRARY_PATH=/root/ros_ws/src/Rescue_Car_ws/install/builtin_interfaces/lib:/root/ros_ws/src/Rescue_Car_ws/install/visualization_msgs/lib:/root/ros_ws/src/Rescue_Car_ws/install/test_msgs/lib:/root/ros_ws/src/Rescue_Car_ws/install/example_interfaces/lib:/root/ros_ws/src/Rescue_Car_ws/install/action_msgs/lib:/root/ros_ws/src/Rescue_Car_ws/install/unique_identifier_msgs/lib:/root/ros_ws/src/Rescue_Car_ws/install/trajectory_msgs/lib:/root/ros_ws/src/Rescue_Car_ws/install/stereo_msgs/lib:/root/ros_ws/src/Rescue_Car_ws/install/std_srvs/lib:/root/ros_ws/src/Rescue_Car_ws/install/shape_msgs/lib:/root/ros_ws/src/Rescue_Car_ws/install/sensor_msgs/lib:/root/ros_ws/src/Rescue_Car_ws/install/nav_msgs/lib:/root/ros_ws/src/Rescue_Car_ws/install/diagnostic_msgs/lib:/root/ros_ws/src/Rescue_Car_ws/install/geometry_msgs/lib:/root/ros_ws/src/Rescue_Car_ws/install/actionlib_msgs/lib:/root/ros_ws/src/Rescue_Car_ws/install/std_msgs/lib:/root/ros_ws/src/Rescue_Car_ws/install/statistics_msgs/lib:/root/ros_ws/src/Rescue_Car_ws/install/rosidl_typesupport_microxrcedds_test_msg/lib:/root/ros_ws/src/Rescue_Car_ws/install/rmw_microxrcedds/lib:/root/ros_ws/src/Rescue_Car_ws/install/rosidl_typesupport_microxrcedds_cpp/lib:/root/ros_ws/src/Rescue_Car_ws/install/rosidl_typesupport_microxrcedds_c/lib:/root/ros_ws/src/Rescue_Car_ws/install/rosgraph_msgs/lib:/root/ros_ws/src/Rescue_Car_ws/install/rclc_parameter/lib:/root/ros_ws/src/Rescue_Car_ws/install/rclc/lib:/root/ros_ws/src/Rescue_Car_ws/install/composition_interfaces/lib:/root/ros_ws/src/Rescue_Car_ws/install/rcl_interfaces/lib:/root/ros_ws/src/Rescue_Car_ws/install/micro_ros_utilities/lib:/root/ros_ws/src/Rescue_Car_ws/install/micro_ros_agent/lib:/root/ros_ws/src/Rescue_Car_ws/install/micro_ros_msgs/lib:/root/ros_ws/src/Rescue_Car_ws/install/lifecycle_msgs/lib:/root/ros_ws/src/Rescue_Car_ws/install/complex_msgs/lib:/usr/lib/x86_64-linux-gnu/gazebo-11/plugins:/opt/ros/humble/opt/rviz_ogre_vendor/lib:/opt/ros/humble/lib/x86_64-linux-gnu:/opt/ros/humble/lib /usr/bin/cmake --install /root/ros_ws/src/Rescue_Car_ws/build/statistics_msgs
[1.692s] Level 1:colcon.colcon_core.environment:checking '/root/ros_ws/src/Rescue_Car_ws/install/complex_msgs/lib'
[1.693s] Level 1:colcon.colcon_core.shell:create_environment_hook('complex_msgs', 'ld_library_path_lib')
[1.693s] INFO:colcon.colcon_core.shell:Creating environment hook '/root/ros_ws/src/Rescue_Car_ws/install/complex_msgs/share/complex_msgs/hook/ld_library_path_lib.ps1'
[1.696s] INFO:colcon.colcon_core.shell:Creating environment descriptor '/root/ros_ws/src/Rescue_Car_ws/install/complex_msgs/share/complex_msgs/hook/ld_library_path_lib.dsv'
[1.699s] INFO:colcon.colcon_core.shell:Creating environment hook '/root/ros_ws/src/Rescue_Car_ws/install/complex_msgs/share/complex_msgs/hook/ld_library_path_lib.sh'
[1.702s] Level 1:colcon.colcon_core.environment:checking '/root/ros_ws/src/Rescue_Car_ws/install/complex_msgs/bin'
[1.702s] Level 1:colcon.colcon_core.environment:checking '/root/ros_ws/src/Rescue_Car_ws/install/complex_msgs/lib/pkgconfig/complex_msgs.pc'
[1.702s] Level 1:colcon.colcon_core.environment:checking '/root/ros_ws/src/Rescue_Car_ws/install/complex_msgs/lib/python3.10/site-packages'
[1.703s] Level 1:colcon.colcon_core.environment:checking '/root/ros_ws/src/Rescue_Car_ws/install/complex_msgs/bin'
[1.703s] INFO:colcon.colcon_core.shell:Creating package script '/root/ros_ws/src/Rescue_Car_ws/install/complex_msgs/share/complex_msgs/package.ps1'
[1.706s] INFO:colcon.colcon_core.shell:Creating package descriptor '/root/ros_ws/src/Rescue_Car_ws/install/complex_msgs/share/complex_msgs/package.dsv'
[1.709s] INFO:colcon.colcon_core.shell:Creating package script '/root/ros_ws/src/Rescue_Car_ws/install/complex_msgs/share/complex_msgs/package.sh'
[1.715s] INFO:colcon.colcon_core.shell:Creating package script '/root/ros_ws/src/Rescue_Car_ws/install/complex_msgs/share/complex_msgs/package.bash'
[1.718s] INFO:colcon.colcon_core.shell:Creating package script '/root/ros_ws/src/Rescue_Car_ws/install/complex_msgs/share/complex_msgs/package.zsh'
[1.728s] Level 1:colcon.colcon_core.environment:create_file_with_runtime_dependencies(/root/ros_ws/src/Rescue_Car_ws/install/complex_msgs/share/colcon-core/packages/complex_msgs)
[1.745s] Level 1:colcon.colcon_core.environment:create_environment_scripts_only(complex_msgs)
[1.747s] Level 1:colcon.colcon_core.environment:checking '/root/ros_ws/src/Rescue_Car_ws/install/complex_msgs' for CMake module files
[1.777s] Level 1:colcon.colcon_core.environment:checking '/root/ros_ws/src/Rescue_Car_ws/install/complex_msgs' for CMake config files
[1.794s] DEBUG:colcon.colcon_core.event_handler.log_command:Invoked command in '/root/ros_ws/src/Rescue_Car_ws/build/complex_msgs' returned '0': CMAKE_PREFIX_PATH=/root/ros_ws/src/Rescue_Car_ws/install/builtin_interfaces:/root/ros_ws/src/Rescue_Car_ws/install/micro_ros_demos_rclc:/root/ros_ws/src/Rescue_Car_ws/install/common_interfaces:/root/ros_ws/src/Rescue_Car_ws/install/visualization_msgs:/root/ros_ws/src/Rescue_Car_ws/install/test_msgs:/root/ros_ws/src/Rescue_Car_ws/install/example_interfaces:/root/ros_ws/src/Rescue_Car_ws/install/action_msgs:/root/ros_ws/src/Rescue_Car_ws/install/unique_identifier_msgs:/root/ros_ws/src/Rescue_Car_ws/install/trajectory_msgs:/root/ros_ws/src/Rescue_Car_ws/install/stereo_msgs:/root/ros_ws/src/Rescue_Car_ws/install/std_srvs:/root/ros_ws/src/Rescue_Car_ws/install/shape_msgs:/root/ros_ws/src/Rescue_Car_ws/install/sensor_msgs:/root/ros_ws/src/Rescue_Car_ws/install/nav_msgs:/root/ros_ws/src/Rescue_Car_ws/install/diagnostic_msgs:/root/ros_ws/src/Rescue_Car_ws/install/geometry_msgs:/root/ros_ws/src/Rescue_Car_ws/install/actionlib_msgs:/root/ros_ws/src/Rescue_Car_ws/install/std_msgs:/root/ros_ws/src/Rescue_Car_ws/install/statistics_msgs:/root/ros_ws/src/Rescue_Car_ws/install/rosidl_typesupport_microxrcedds_test_msg:/root/ros_ws/src/Rescue_Car_ws/install/rosidl_typesupport_microxrcedds_cpp_tests:/root/ros_ws/src/Rescue_Car_ws/install/rmw_microxrcedds:/root/ros_ws/src/Rescue_Car_ws/install/rosidl_typesupport_microxrcedds_cpp:/root/ros_ws/src/Rescue_Car_ws/install/rosidl_typesupport_microxrcedds_c_tests:/root/ros_ws/src/Rescue_Car_ws/install/rosidl_typesupport_microxrcedds_c:/root/ros_ws/src/Rescue_Car_ws/install/rosgraph_msgs:/root/ros_ws/src/Rescue_Car_ws/install/rclc_parameter:/root/ros_ws/src/Rescue_Car_ws/install/rclc:/root/ros_ws/src/Rescue_Car_ws/install/composition_interfaces:/root/ros_ws/src/Rescue_Car_ws/install/rcl_interfaces:/root/ros_ws/src/Rescue_Car_ws/install/microxrcedds_client:/root/ros_ws/src/Rescue_Car_ws/install/microcdr:/root/ros_ws/src/Rescue_Car_ws/install/micro_ros_utilities:/root/ros_ws/src/Rescue_Car_ws/install/micro_ros_setup:/root/ros_ws/src/Rescue_Car_ws/install/micro_ros_agent:/root/ros_ws/src/Rescue_Car_ws/install/micro_ros_msgs:/root/ros_ws/src/Rescue_Car_ws/install/lifecycle_msgs:/root/ros_ws/src/Rescue_Car_ws/install/complex_msgs:/root/ros_ws/src/Rescue_Car_ws/install/car:/root/ros_ws/src/Rescue_Car_ws/install/sensor_msgs_py:/opt/ros/humble LD_LIBRARY_PATH=/root/ros_ws/src/Rescue_Car_ws/install/builtin_interfaces/lib:/root/ros_ws/src/Rescue_Car_ws/install/visualization_msgs/lib:/root/ros_ws/src/Rescue_Car_ws/install/test_msgs/lib:/root/ros_ws/src/Rescue_Car_ws/install/example_interfaces/lib:/root/ros_ws/src/Rescue_Car_ws/install/action_msgs/lib:/root/ros_ws/src/Rescue_Car_ws/install/unique_identifier_msgs/lib:/root/ros_ws/src/Rescue_Car_ws/install/trajectory_msgs/lib:/root/ros_ws/src/Rescue_Car_ws/install/stereo_msgs/lib:/root/ros_ws/src/Rescue_Car_ws/install/std_srvs/lib:/root/ros_ws/src/Rescue_Car_ws/install/shape_msgs/lib:/root/ros_ws/src/Rescue_Car_ws/install/sensor_msgs/lib:/root/ros_ws/src/Rescue_Car_ws/install/nav_msgs/lib:/root/ros_ws/src/Rescue_Car_ws/install/diagnostic_msgs/lib:/root/ros_ws/src/Rescue_Car_ws/install/geometry_msgs/lib:/root/ros_ws/src/Rescue_Car_ws/install/actionlib_msgs/lib:/root/ros_ws/src/Rescue_Car_ws/install/std_msgs/lib:/root/ros_ws/src/Rescue_Car_ws/install/statistics_msgs/lib:/root/ros_ws/src/Rescue_Car_ws/install/rosidl_typesupport_microxrcedds_test_msg/lib:/root/ros_ws/src/Rescue_Car_ws/install/rmw_microxrcedds/lib:/root/ros_ws/src/Rescue_Car_ws/install/rosidl_typesupport_microxrcedds_cpp/lib:/root/ros_ws/src/Rescue_Car_ws/install/rosidl_typesupport_microxrcedds_c/lib:/root/ros_ws/src/Rescue_Car_ws/install/rosgraph_msgs/lib:/root/ros_ws/src/Rescue_Car_ws/install/rclc_parameter/lib:/root/ros_ws/src/Rescue_Car_ws/install/rclc/lib:/root/ros_ws/src/Rescue_Car_ws/install/composition_interfaces/lib:/root/ros_ws/src/Rescue_Car_ws/install/rcl_interfaces/lib:/root/ros_ws/src/Rescue_Car_ws/install/micro_ros_utilities/lib:/root/ros_ws/src/Rescue_Car_ws/install/micro_ros_agent/lib:/root/ros_ws/src/Rescue_Car_ws/install/micro_ros_msgs/lib:/root/ros_ws/src/Rescue_Car_ws/install/lifecycle_msgs/lib:/root/ros_ws/src/Rescue_Car_ws/install/complex_msgs/lib:/usr/lib/x86_64-linux-gnu/gazebo-11/plugins:/opt/ros/humble/opt/rviz_ogre_vendor/lib:/opt/ros/humble/lib/x86_64-linux-gnu:/opt/ros/humble/lib /usr/bin/cmake --install /root/ros_ws/src/Rescue_Car_ws/build/complex_msgs
[1.811s] Level 1:colcon.colcon_core.shell:create_environment_hook('complex_msgs', 'cmake_prefix_path')
[1.811s] INFO:colcon.colcon_core.shell:Creating environment hook '/root/ros_ws/src/Rescue_Car_ws/install/complex_msgs/share/complex_msgs/hook/cmake_prefix_path.ps1'
[1.813s] INFO:colcon.colcon_core.shell:Creating environment descriptor '/root/ros_ws/src/Rescue_Car_ws/install/complex_msgs/share/complex_msgs/hook/cmake_prefix_path.dsv'
[1.814s] INFO:colcon.colcon_core.shell:Creating environment hook '/root/ros_ws/src/Rescue_Car_ws/install/complex_msgs/share/complex_msgs/hook/cmake_prefix_path.sh'
[1.819s] Level 1:colcon.colcon_core.environment:checking '/root/ros_ws/src/Rescue_Car_ws/install/complex_msgs/lib'
[1.824s] Level 1:colcon.colcon_core.shell:create_environment_hook('complex_msgs', 'ld_library_path_lib')
[1.824s] INFO:colcon.colcon_core.shell:Creating environment hook '/root/ros_ws/src/Rescue_Car_ws/install/complex_msgs/share/complex_msgs/hook/ld_library_path_lib.ps1'
[1.827s] INFO:colcon.colcon_core.shell:Creating environment descriptor '/root/ros_ws/src/Rescue_Car_ws/install/complex_msgs/share/complex_msgs/hook/ld_library_path_lib.dsv'
[1.827s] INFO:colcon.colcon_core.shell:Creating environment hook '/root/ros_ws/src/Rescue_Car_ws/install/complex_msgs/share/complex_msgs/hook/ld_library_path_lib.sh'
[1.827s] Level 1:colcon.colcon_core.environment:checking '/root/ros_ws/src/Rescue_Car_ws/install/complex_msgs/bin'
[1.827s] Level 1:colcon.colcon_core.environment:checking '/root/ros_ws/src/Rescue_Car_ws/install/complex_msgs/lib/pkgconfig/complex_msgs.pc'
[1.827s] Level 1:colcon.colcon_core.environment:checking '/root/ros_ws/src/Rescue_Car_ws/install/complex_msgs/lib/python3.10/site-packages'
[1.828s] Level 1:colcon.colcon_core.environment:checking '/root/ros_ws/src/Rescue_Car_ws/install/complex_msgs/bin'
[1.828s] INFO:colcon.colcon_core.shell:Creating package script '/root/ros_ws/src/Rescue_Car_ws/install/complex_msgs/share/complex_msgs/package.ps1'
[1.828s] INFO:colcon.colcon_core.shell:Creating package descriptor '/root/ros_ws/src/Rescue_Car_ws/install/complex_msgs/share/complex_msgs/package.dsv'
[1.828s] INFO:colcon.colcon_core.shell:Creating package script '/root/ros_ws/src/Rescue_Car_ws/install/complex_msgs/share/complex_msgs/package.sh'
[1.829s] INFO:colcon.colcon_core.shell:Creating package script '/root/ros_ws/src/Rescue_Car_ws/install/complex_msgs/share/complex_msgs/package.bash'
[1.829s] INFO:colcon.colcon_core.shell:Creating package script '/root/ros_ws/src/Rescue_Car_ws/install/complex_msgs/share/complex_msgs/package.zsh'
[1.829s] Level 1:colcon.colcon_core.environment:create_file_with_runtime_dependencies(/root/ros_ws/src/Rescue_Car_ws/install/complex_msgs/share/colcon-core/packages/complex_msgs)
[1.832s] Level 1:colcon.colcon_core.environment:create_environment_scripts_only(rosgraph_msgs)
[1.832s] Level 1:colcon.colcon_core.environment:checking '/root/ros_ws/src/Rescue_Car_ws/install/rosgraph_msgs' for CMake module files
[1.832s] DEBUG:colcon.colcon_core.event_handler.log_command:Invoked command in '/root/ros_ws/src/Rescue_Car_ws/build/rosgraph_msgs' returned '0': CMAKE_PREFIX_PATH=/root/ros_ws/src/Rescue_Car_ws/install/builtin_interfaces:/root/ros_ws/src/Rescue_Car_ws/install/micro_ros_demos_rclc:/root/ros_ws/src/Rescue_Car_ws/install/common_interfaces:/root/ros_ws/src/Rescue_Car_ws/install/visualization_msgs:/root/ros_ws/src/Rescue_Car_ws/install/test_msgs:/root/ros_ws/src/Rescue_Car_ws/install/example_interfaces:/root/ros_ws/src/Rescue_Car_ws/install/action_msgs:/root/ros_ws/src/Rescue_Car_ws/install/unique_identifier_msgs:/root/ros_ws/src/Rescue_Car_ws/install/trajectory_msgs:/root/ros_ws/src/Rescue_Car_ws/install/stereo_msgs:/root/ros_ws/src/Rescue_Car_ws/install/std_srvs:/root/ros_ws/src/Rescue_Car_ws/install/shape_msgs:/root/ros_ws/src/Rescue_Car_ws/install/sensor_msgs:/root/ros_ws/src/Rescue_Car_ws/install/nav_msgs:/root/ros_ws/src/Rescue_Car_ws/install/diagnostic_msgs:/root/ros_ws/src/Rescue_Car_ws/install/geometry_msgs:/root/ros_ws/src/Rescue_Car_ws/install/actionlib_msgs:/root/ros_ws/src/Rescue_Car_ws/install/std_msgs:/root/ros_ws/src/Rescue_Car_ws/install/statistics_msgs:/root/ros_ws/src/Rescue_Car_ws/install/rosidl_typesupport_microxrcedds_test_msg:/root/ros_ws/src/Rescue_Car_ws/install/rosidl_typesupport_microxrcedds_cpp_tests:/root/ros_ws/src/Rescue_Car_ws/install/rmw_microxrcedds:/root/ros_ws/src/Rescue_Car_ws/install/rosidl_typesupport_microxrcedds_cpp:/root/ros_ws/src/Rescue_Car_ws/install/rosidl_typesupport_microxrcedds_c_tests:/root/ros_ws/src/Rescue_Car_ws/install/rosidl_typesupport_microxrcedds_c:/root/ros_ws/src/Rescue_Car_ws/install/rosgraph_msgs:/root/ros_ws/src/Rescue_Car_ws/install/rclc_parameter:/root/ros_ws/src/Rescue_Car_ws/install/rclc:/root/ros_ws/src/Rescue_Car_ws/install/composition_interfaces:/root/ros_ws/src/Rescue_Car_ws/install/rcl_interfaces:/root/ros_ws/src/Rescue_Car_ws/install/microxrcedds_client:/root/ros_ws/src/Rescue_Car_ws/install/microcdr:/root/ros_ws/src/Rescue_Car_ws/install/micro_ros_utilities:/root/ros_ws/src/Rescue_Car_ws/install/micro_ros_setup:/root/ros_ws/src/Rescue_Car_ws/install/micro_ros_agent:/root/ros_ws/src/Rescue_Car_ws/install/micro_ros_msgs:/root/ros_ws/src/Rescue_Car_ws/install/lifecycle_msgs:/root/ros_ws/src/Rescue_Car_ws/install/complex_msgs:/root/ros_ws/src/Rescue_Car_ws/install/car:/root/ros_ws/src/Rescue_Car_ws/install/sensor_msgs_py:/opt/ros/humble LD_LIBRARY_PATH=/root/ros_ws/src/Rescue_Car_ws/install/builtin_interfaces/lib:/root/ros_ws/src/Rescue_Car_ws/install/visualization_msgs/lib:/root/ros_ws/src/Rescue_Car_ws/install/test_msgs/lib:/root/ros_ws/src/Rescue_Car_ws/install/example_interfaces/lib:/root/ros_ws/src/Rescue_Car_ws/install/action_msgs/lib:/root/ros_ws/src/Rescue_Car_ws/install/unique_identifier_msgs/lib:/root/ros_ws/src/Rescue_Car_ws/install/trajectory_msgs/lib:/root/ros_ws/src/Rescue_Car_ws/install/stereo_msgs/lib:/root/ros_ws/src/Rescue_Car_ws/install/std_srvs/lib:/root/ros_ws/src/Rescue_Car_ws/install/shape_msgs/lib:/root/ros_ws/src/Rescue_Car_ws/install/sensor_msgs/lib:/root/ros_ws/src/Rescue_Car_ws/install/nav_msgs/lib:/root/ros_ws/src/Rescue_Car_ws/install/diagnostic_msgs/lib:/root/ros_ws/src/Rescue_Car_ws/install/geometry_msgs/lib:/root/ros_ws/src/Rescue_Car_ws/install/actionlib_msgs/lib:/root/ros_ws/src/Rescue_Car_ws/install/std_msgs/lib:/root/ros_ws/src/Rescue_Car_ws/install/statistics_msgs/lib:/root/ros_ws/src/Rescue_Car_ws/install/rosidl_typesupport_microxrcedds_test_msg/lib:/root/ros_ws/src/Rescue_Car_ws/install/rmw_microxrcedds/lib:/root/ros_ws/src/Rescue_Car_ws/install/rosidl_typesupport_microxrcedds_cpp/lib:/root/ros_ws/src/Rescue_Car_ws/install/rosidl_typesupport_microxrcedds_c/lib:/root/ros_ws/src/Rescue_Car_ws/install/rosgraph_msgs/lib:/root/ros_ws/src/Rescue_Car_ws/install/rclc_parameter/lib:/root/ros_ws/src/Rescue_Car_ws/install/rclc/lib:/root/ros_ws/src/Rescue_Car_ws/install/composition_interfaces/lib:/root/ros_ws/src/Rescue_Car_ws/install/rcl_interfaces/lib:/root/ros_ws/src/Rescue_Car_ws/install/micro_ros_utilities/lib:/root/ros_ws/src/Rescue_Car_ws/install/micro_ros_agent/lib:/root/ros_ws/src/Rescue_Car_ws/install/micro_ros_msgs/lib:/root/ros_ws/src/Rescue_Car_ws/install/lifecycle_msgs/lib:/root/ros_ws/src/Rescue_Car_ws/install/complex_msgs/lib:/usr/lib/x86_64-linux-gnu/gazebo-11/plugins:/opt/ros/humble/opt/rviz_ogre_vendor/lib:/opt/ros/humble/lib/x86_64-linux-gnu:/opt/ros/humble/lib /usr/bin/cmake --install /root/ros_ws/src/Rescue_Car_ws/build/rosgraph_msgs
[1.833s] Level 1:colcon.colcon_core.environment:checking '/root/ros_ws/src/Rescue_Car_ws/install/rosgraph_msgs' for CMake config files
[1.833s] Level 1:colcon.colcon_core.shell:create_environment_hook('rosgraph_msgs', 'cmake_prefix_path')
[1.833s] INFO:colcon.colcon_core.shell:Creating environment hook '/root/ros_ws/src/Rescue_Car_ws/install/rosgraph_msgs/share/rosgraph_msgs/hook/cmake_prefix_path.ps1'
[1.833s] INFO:colcon.colcon_core.shell:Creating environment descriptor '/root/ros_ws/src/Rescue_Car_ws/install/rosgraph_msgs/share/rosgraph_msgs/hook/cmake_prefix_path.dsv'
[1.834s] INFO:colcon.colcon_core.shell:Creating environment hook '/root/ros_ws/src/Rescue_Car_ws/install/rosgraph_msgs/share/rosgraph_msgs/hook/cmake_prefix_path.sh'
[1.834s] Level 1:colcon.colcon_core.environment:checking '/root/ros_ws/src/Rescue_Car_ws/install/rosgraph_msgs/lib'
[1.834s] Level 1:colcon.colcon_core.shell:create_environment_hook('rosgraph_msgs', 'ld_library_path_lib')
[1.834s] INFO:colcon.colcon_core.shell:Creating environment hook '/root/ros_ws/src/Rescue_Car_ws/install/rosgraph_msgs/share/rosgraph_msgs/hook/ld_library_path_lib.ps1'
[1.834s] INFO:colcon.colcon_core.shell:Creating environment descriptor '/root/ros_ws/src/Rescue_Car_ws/install/rosgraph_msgs/share/rosgraph_msgs/hook/ld_library_path_lib.dsv'
[1.835s] INFO:colcon.colcon_core.shell:Creating environment hook '/root/ros_ws/src/Rescue_Car_ws/install/rosgraph_msgs/share/rosgraph_msgs/hook/ld_library_path_lib.sh'
[1.835s] Level 1:colcon.colcon_core.environment:checking '/root/ros_ws/src/Rescue_Car_ws/install/rosgraph_msgs/bin'
[1.835s] Level 1:colcon.colcon_core.environment:checking '/root/ros_ws/src/Rescue_Car_ws/install/rosgraph_msgs/lib/pkgconfig/rosgraph_msgs.pc'
[1.835s] Level 1:colcon.colcon_core.environment:checking '/root/ros_ws/src/Rescue_Car_ws/install/rosgraph_msgs/lib/python3.10/site-packages'
[1.835s] Level 1:colcon.colcon_core.environment:checking '/root/ros_ws/src/Rescue_Car_ws/install/rosgraph_msgs/bin'
[1.835s] INFO:colcon.colcon_core.shell:Creating package script '/root/ros_ws/src/Rescue_Car_ws/install/rosgraph_msgs/share/rosgraph_msgs/package.ps1'
[1.836s] INFO:colcon.colcon_core.shell:Creating package descriptor '/root/ros_ws/src/Rescue_Car_ws/install/rosgraph_msgs/share/rosgraph_msgs/package.dsv'
[1.836s] INFO:colcon.colcon_core.shell:Creating package script '/root/ros_ws/src/Rescue_Car_ws/install/rosgraph_msgs/share/rosgraph_msgs/package.sh'
[1.836s] INFO:colcon.colcon_core.shell:Creating package script '/root/ros_ws/src/Rescue_Car_ws/install/rosgraph_msgs/share/rosgraph_msgs/package.bash'
[1.836s] INFO:colcon.colcon_core.shell:Creating package script '/root/ros_ws/src/Rescue_Car_ws/install/rosgraph_msgs/share/rosgraph_msgs/package.zsh'
[1.837s] Level 1:colcon.colcon_core.environment:create_file_with_runtime_dependencies(/root/ros_ws/src/Rescue_Car_ws/install/rosgraph_msgs/share/colcon-core/packages/rosgraph_msgs)
[1.837s] Level 1:colcon.colcon_core.environment:create_environment_scripts_only(rosgraph_msgs)
[1.837s] Level 1:colcon.colcon_core.environment:checking '/root/ros_ws/src/Rescue_Car_ws/install/rosgraph_msgs' for CMake module files
[1.838s] Level 1:colcon.colcon_core.environment:checking '/root/ros_ws/src/Rescue_Car_ws/install/rosgraph_msgs' for CMake config files
[1.838s] Level 1:colcon.colcon_core.shell:create_environment_hook('rosgraph_msgs', 'cmake_prefix_path')
[1.838s] INFO:colcon.colcon_core.shell:Creating environment hook '/root/ros_ws/src/Rescue_Car_ws/install/rosgraph_msgs/share/rosgraph_msgs/hook/cmake_prefix_path.ps1'
[1.838s] INFO:colcon.colcon_core.shell:Creating environment descriptor '/root/ros_ws/src/Rescue_Car_ws/install/rosgraph_msgs/share/rosgraph_msgs/hook/cmake_prefix_path.dsv'
[1.839s] INFO:colcon.colcon_core.shell:Creating environment hook '/root/ros_ws/src/Rescue_Car_ws/install/rosgraph_msgs/share/rosgraph_msgs/hook/cmake_prefix_path.sh'
[1.839s] Level 1:colcon.colcon_core.environment:checking '/root/ros_ws/src/Rescue_Car_ws/install/rosgraph_msgs/lib'
[1.839s] Level 1:colcon.colcon_core.shell:create_environment_hook('rosgraph_msgs', 'ld_library_path_lib')
[1.839s] INFO:colcon.colcon_core.shell:Creating environment hook '/root/ros_ws/src/Rescue_Car_ws/install/rosgraph_msgs/share/rosgraph_msgs/hook/ld_library_path_lib.ps1'
[1.839s] INFO:colcon.colcon_core.shell:Creating environment descriptor '/root/ros_ws/src/Rescue_Car_ws/install/rosgraph_msgs/share/rosgraph_msgs/hook/ld_library_path_lib.dsv'
[1.840s] INFO:colcon.colcon_core.shell:Creating environment hook '/root/ros_ws/src/Rescue_Car_ws/install/rosgraph_msgs/share/rosgraph_msgs/hook/ld_library_path_lib.sh'
[1.840s] Level 1:colcon.colcon_core.environment:checking '/root/ros_ws/src/Rescue_Car_ws/install/rosgraph_msgs/bin'
[1.840s] Level 1:colcon.colcon_core.environment:checking '/root/ros_ws/src/Rescue_Car_ws/install/rosgraph_msgs/lib/pkgconfig/rosgraph_msgs.pc'
[1.840s] Level 1:colcon.colcon_core.environment:checking '/root/ros_ws/src/Rescue_Car_ws/install/rosgraph_msgs/lib/python3.10/site-packages'
[1.840s] Level 1:colcon.colcon_core.environment:checking '/root/ros_ws/src/Rescue_Car_ws/install/rosgraph_msgs/bin'
[1.841s] INFO:colcon.colcon_core.shell:Creating package script '/root/ros_ws/src/Rescue_Car_ws/install/rosgraph_msgs/share/rosgraph_msgs/package.ps1'
[1.841s] INFO:colcon.colcon_core.shell:Creating package descriptor '/root/ros_ws/src/Rescue_Car_ws/install/rosgraph_msgs/share/rosgraph_msgs/package.dsv'
[1.842s] INFO:colcon.colcon_core.shell:Creating package script '/root/ros_ws/src/Rescue_Car_ws/install/rosgraph_msgs/share/rosgraph_msgs/package.sh'
[1.842s] INFO:colcon.colcon_core.shell:Creating package script '/root/ros_ws/src/Rescue_Car_ws/install/rosgraph_msgs/share/rosgraph_msgs/package.bash'
[1.842s] INFO:colcon.colcon_core.shell:Creating package script '/root/ros_ws/src/Rescue_Car_ws/install/rosgraph_msgs/share/rosgraph_msgs/package.zsh'
[1.842s] Level 1:colcon.colcon_core.environment:create_file_with_runtime_dependencies(/root/ros_ws/src/Rescue_Car_ws/install/rosgraph_msgs/share/colcon-core/packages/rosgraph_msgs)
[1.843s] Level 1:colcon.colcon_core.environment:create_environment_scripts_only(std_msgs)
[1.843s] Level 1:colcon.colcon_core.environment:checking '/root/ros_ws/src/Rescue_Car_ws/install/std_msgs' for CMake module files
[1.844s] DEBUG:colcon.colcon_core.event_handler.log_command:Invoked command in '/root/ros_ws/src/Rescue_Car_ws/build/std_msgs' returned '0': CMAKE_PREFIX_PATH=/root/ros_ws/src/Rescue_Car_ws/install/builtin_interfaces:/root/ros_ws/src/Rescue_Car_ws/install/micro_ros_demos_rclc:/root/ros_ws/src/Rescue_Car_ws/install/common_interfaces:/root/ros_ws/src/Rescue_Car_ws/install/visualization_msgs:/root/ros_ws/src/Rescue_Car_ws/install/test_msgs:/root/ros_ws/src/Rescue_Car_ws/install/example_interfaces:/root/ros_ws/src/Rescue_Car_ws/install/action_msgs:/root/ros_ws/src/Rescue_Car_ws/install/unique_identifier_msgs:/root/ros_ws/src/Rescue_Car_ws/install/trajectory_msgs:/root/ros_ws/src/Rescue_Car_ws/install/stereo_msgs:/root/ros_ws/src/Rescue_Car_ws/install/std_srvs:/root/ros_ws/src/Rescue_Car_ws/install/shape_msgs:/root/ros_ws/src/Rescue_Car_ws/install/sensor_msgs:/root/ros_ws/src/Rescue_Car_ws/install/nav_msgs:/root/ros_ws/src/Rescue_Car_ws/install/diagnostic_msgs:/root/ros_ws/src/Rescue_Car_ws/install/geometry_msgs:/root/ros_ws/src/Rescue_Car_ws/install/actionlib_msgs:/root/ros_ws/src/Rescue_Car_ws/install/std_msgs:/root/ros_ws/src/Rescue_Car_ws/install/statistics_msgs:/root/ros_ws/src/Rescue_Car_ws/install/rosidl_typesupport_microxrcedds_test_msg:/root/ros_ws/src/Rescue_Car_ws/install/rosidl_typesupport_microxrcedds_cpp_tests:/root/ros_ws/src/Rescue_Car_ws/install/rmw_microxrcedds:/root/ros_ws/src/Rescue_Car_ws/install/rosidl_typesupport_microxrcedds_cpp:/root/ros_ws/src/Rescue_Car_ws/install/rosidl_typesupport_microxrcedds_c_tests:/root/ros_ws/src/Rescue_Car_ws/install/rosidl_typesupport_microxrcedds_c:/root/ros_ws/src/Rescue_Car_ws/install/rosgraph_msgs:/root/ros_ws/src/Rescue_Car_ws/install/rclc_parameter:/root/ros_ws/src/Rescue_Car_ws/install/rclc:/root/ros_ws/src/Rescue_Car_ws/install/composition_interfaces:/root/ros_ws/src/Rescue_Car_ws/install/rcl_interfaces:/root/ros_ws/src/Rescue_Car_ws/install/microxrcedds_client:/root/ros_ws/src/Rescue_Car_ws/install/microcdr:/root/ros_ws/src/Rescue_Car_ws/install/micro_ros_utilities:/root/ros_ws/src/Rescue_Car_ws/install/micro_ros_setup:/root/ros_ws/src/Rescue_Car_ws/install/micro_ros_agent:/root/ros_ws/src/Rescue_Car_ws/install/micro_ros_msgs:/root/ros_ws/src/Rescue_Car_ws/install/lifecycle_msgs:/root/ros_ws/src/Rescue_Car_ws/install/complex_msgs:/root/ros_ws/src/Rescue_Car_ws/install/car:/root/ros_ws/src/Rescue_Car_ws/install/sensor_msgs_py:/opt/ros/humble LD_LIBRARY_PATH=/root/ros_ws/src/Rescue_Car_ws/install/builtin_interfaces/lib:/root/ros_ws/src/Rescue_Car_ws/install/visualization_msgs/lib:/root/ros_ws/src/Rescue_Car_ws/install/test_msgs/lib:/root/ros_ws/src/Rescue_Car_ws/install/example_interfaces/lib:/root/ros_ws/src/Rescue_Car_ws/install/action_msgs/lib:/root/ros_ws/src/Rescue_Car_ws/install/unique_identifier_msgs/lib:/root/ros_ws/src/Rescue_Car_ws/install/trajectory_msgs/lib:/root/ros_ws/src/Rescue_Car_ws/install/stereo_msgs/lib:/root/ros_ws/src/Rescue_Car_ws/install/std_srvs/lib:/root/ros_ws/src/Rescue_Car_ws/install/shape_msgs/lib:/root/ros_ws/src/Rescue_Car_ws/install/sensor_msgs/lib:/root/ros_ws/src/Rescue_Car_ws/install/nav_msgs/lib:/root/ros_ws/src/Rescue_Car_ws/install/diagnostic_msgs/lib:/root/ros_ws/src/Rescue_Car_ws/install/geometry_msgs/lib:/root/ros_ws/src/Rescue_Car_ws/install/actionlib_msgs/lib:/root/ros_ws/src/Rescue_Car_ws/install/std_msgs/lib:/root/ros_ws/src/Rescue_Car_ws/install/statistics_msgs/lib:/root/ros_ws/src/Rescue_Car_ws/install/rosidl_typesupport_microxrcedds_test_msg/lib:/root/ros_ws/src/Rescue_Car_ws/install/rmw_microxrcedds/lib:/root/ros_ws/src/Rescue_Car_ws/install/rosidl_typesupport_microxrcedds_cpp/lib:/root/ros_ws/src/Rescue_Car_ws/install/rosidl_typesupport_microxrcedds_c/lib:/root/ros_ws/src/Rescue_Car_ws/install/rosgraph_msgs/lib:/root/ros_ws/src/Rescue_Car_ws/install/rclc_parameter/lib:/root/ros_ws/src/Rescue_Car_ws/install/rclc/lib:/root/ros_ws/src/Rescue_Car_ws/install/composition_interfaces/lib:/root/ros_ws/src/Rescue_Car_ws/install/rcl_interfaces/lib:/root/ros_ws/src/Rescue_Car_ws/install/micro_ros_utilities/lib:/root/ros_ws/src/Rescue_Car_ws/install/micro_ros_agent/lib:/root/ros_ws/src/Rescue_Car_ws/install/micro_ros_msgs/lib:/root/ros_ws/src/Rescue_Car_ws/install/lifecycle_msgs/lib:/root/ros_ws/src/Rescue_Car_ws/install/complex_msgs/lib:/usr/lib/x86_64-linux-gnu/gazebo-11/plugins:/opt/ros/humble/opt/rviz_ogre_vendor/lib:/opt/ros/humble/lib/x86_64-linux-gnu:/opt/ros/humble/lib /usr/bin/cmake --install /root/ros_ws/src/Rescue_Car_ws/build/std_msgs
[1.844s] Level 1:colcon.colcon_core.environment:checking '/root/ros_ws/src/Rescue_Car_ws/install/std_msgs' for CMake config files
[1.845s] Level 1:colcon.colcon_core.shell:create_environment_hook('std_msgs', 'cmake_prefix_path')
[1.845s] INFO:colcon.colcon_core.shell:Creating environment hook '/root/ros_ws/src/Rescue_Car_ws/install/std_msgs/share/std_msgs/hook/cmake_prefix_path.ps1'
[1.845s] INFO:colcon.colcon_core.shell:Creating environment descriptor '/root/ros_ws/src/Rescue_Car_ws/install/std_msgs/share/std_msgs/hook/cmake_prefix_path.dsv'
[1.845s] INFO:colcon.colcon_core.shell:Creating environment hook '/root/ros_ws/src/Rescue_Car_ws/install/std_msgs/share/std_msgs/hook/cmake_prefix_path.sh'
[1.846s] Level 1:colcon.colcon_core.environment:checking '/root/ros_ws/src/Rescue_Car_ws/install/std_msgs/lib'
[1.846s] Level 1:colcon.colcon_core.shell:create_environment_hook('std_msgs', 'ld_library_path_lib')
[1.846s] INFO:colcon.colcon_core.shell:Creating environment hook '/root/ros_ws/src/Rescue_Car_ws/install/std_msgs/share/std_msgs/hook/ld_library_path_lib.ps1'
[1.846s] INFO:colcon.colcon_core.shell:Creating environment descriptor '/root/ros_ws/src/Rescue_Car_ws/install/std_msgs/share/std_msgs/hook/ld_library_path_lib.dsv'
[1.846s] INFO:colcon.colcon_core.shell:Creating environment hook '/root/ros_ws/src/Rescue_Car_ws/install/std_msgs/share/std_msgs/hook/ld_library_path_lib.sh'
[1.847s] Level 1:colcon.colcon_core.environment:checking '/root/ros_ws/src/Rescue_Car_ws/install/std_msgs/bin'
[1.847s] Level 1:colcon.colcon_core.environment:checking '/root/ros_ws/src/Rescue_Car_ws/install/std_msgs/lib/pkgconfig/std_msgs.pc'
[1.847s] Level 1:colcon.colcon_core.environment:checking '/root/ros_ws/src/Rescue_Car_ws/install/std_msgs/lib/python3.10/site-packages'
[1.847s] Level 1:colcon.colcon_core.environment:checking '/root/ros_ws/src/Rescue_Car_ws/install/std_msgs/bin'
[1.847s] INFO:colcon.colcon_core.shell:Creating package script '/root/ros_ws/src/Rescue_Car_ws/install/std_msgs/share/std_msgs/package.ps1'
[1.847s] INFO:colcon.colcon_core.shell:Creating package descriptor '/root/ros_ws/src/Rescue_Car_ws/install/std_msgs/share/std_msgs/package.dsv'
[1.848s] INFO:colcon.colcon_core.shell:Creating package script '/root/ros_ws/src/Rescue_Car_ws/install/std_msgs/share/std_msgs/package.sh'
[1.848s] INFO:colcon.colcon_core.shell:Creating package script '/root/ros_ws/src/Rescue_Car_ws/install/std_msgs/share/std_msgs/package.bash'
[1.848s] INFO:colcon.colcon_core.shell:Creating package script '/root/ros_ws/src/Rescue_Car_ws/install/std_msgs/share/std_msgs/package.zsh'
[1.848s] Level 1:colcon.colcon_core.environment:create_file_with_runtime_dependencies(/root/ros_ws/src/Rescue_Car_ws/install/std_msgs/share/colcon-core/packages/std_msgs)
[1.849s] Level 1:colcon.colcon_core.environment:create_environment_scripts_only(std_msgs)
[1.849s] Level 1:colcon.colcon_core.environment:checking '/root/ros_ws/src/Rescue_Car_ws/install/std_msgs' for CMake module files
[1.849s] Level 1:colcon.colcon_core.environment:checking '/root/ros_ws/src/Rescue_Car_ws/install/std_msgs' for CMake config files
[1.850s] Level 1:colcon.colcon_core.shell:create_environment_hook('std_msgs', 'cmake_prefix_path')
[1.850s] INFO:colcon.colcon_core.shell:Creating environment hook '/root/ros_ws/src/Rescue_Car_ws/install/std_msgs/share/std_msgs/hook/cmake_prefix_path.ps1'
[1.850s] INFO:colcon.colcon_core.shell:Creating environment descriptor '/root/ros_ws/src/Rescue_Car_ws/install/std_msgs/share/std_msgs/hook/cmake_prefix_path.dsv'
[1.850s] INFO:colcon.colcon_core.shell:Creating environment hook '/root/ros_ws/src/Rescue_Car_ws/install/std_msgs/share/std_msgs/hook/cmake_prefix_path.sh'
[1.851s] Level 1:colcon.colcon_core.environment:checking '/root/ros_ws/src/Rescue_Car_ws/install/std_msgs/lib'
[1.851s] Level 1:colcon.colcon_core.shell:create_environment_hook('std_msgs', 'ld_library_path_lib')
[1.851s] INFO:colcon.colcon_core.shell:Creating environment hook '/root/ros_ws/src/Rescue_Car_ws/install/std_msgs/share/std_msgs/hook/ld_library_path_lib.ps1'
[1.851s] INFO:colcon.colcon_core.shell:Creating environment descriptor '/root/ros_ws/src/Rescue_Car_ws/install/std_msgs/share/std_msgs/hook/ld_library_path_lib.dsv'
[1.851s] INFO:colcon.colcon_core.shell:Creating environment hook '/root/ros_ws/src/Rescue_Car_ws/install/std_msgs/share/std_msgs/hook/ld_library_path_lib.sh'
[1.851s] Level 1:colcon.colcon_core.environment:checking '/root/ros_ws/src/Rescue_Car_ws/install/std_msgs/bin'
[1.852s] Level 1:colcon.colcon_core.environment:checking '/root/ros_ws/src/Rescue_Car_ws/install/std_msgs/lib/pkgconfig/std_msgs.pc'
[1.852s] Level 1:colcon.colcon_core.environment:checking '/root/ros_ws/src/Rescue_Car_ws/install/std_msgs/lib/python3.10/site-packages'
[1.852s] Level 1:colcon.colcon_core.environment:checking '/root/ros_ws/src/Rescue_Car_ws/install/std_msgs/bin'
[1.852s] INFO:colcon.colcon_core.shell:Creating package script '/root/ros_ws/src/Rescue_Car_ws/install/std_msgs/share/std_msgs/package.ps1'
[1.852s] INFO:colcon.colcon_core.shell:Creating package descriptor '/root/ros_ws/src/Rescue_Car_ws/install/std_msgs/share/std_msgs/package.dsv'
[1.853s] INFO:colcon.colcon_core.shell:Creating package script '/root/ros_ws/src/Rescue_Car_ws/install/std_msgs/share/std_msgs/package.sh'
[1.853s] INFO:colcon.colcon_core.shell:Creating package script '/root/ros_ws/src/Rescue_Car_ws/install/std_msgs/share/std_msgs/package.bash'
[1.853s] INFO:colcon.colcon_core.shell:Creating package script '/root/ros_ws/src/Rescue_Car_ws/install/std_msgs/share/std_msgs/package.zsh'
[1.853s] Level 1:colcon.colcon_core.environment:create_file_with_runtime_dependencies(/root/ros_ws/src/Rescue_Car_ws/install/std_msgs/share/colcon-core/packages/std_msgs)
[1.856s] Level 1:colcon.colcon_core.environment:create_environment_scripts_only(statistics_msgs)
[1.856s] Level 1:colcon.colcon_core.environment:checking '/root/ros_ws/src/Rescue_Car_ws/install/statistics_msgs' for CMake module files
[1.856s] DEBUG:colcon.colcon_core.event_handler.log_command:Invoked command in '/root/ros_ws/src/Rescue_Car_ws/build/action_msgs' returned '0': CMAKE_PREFIX_PATH=/root/ros_ws/src/Rescue_Car_ws/install/unique_identifier_msgs:/root/ros_ws/src/Rescue_Car_ws/install/builtin_interfaces:/root/ros_ws/src/Rescue_Car_ws/install/micro_ros_demos_rclc:/root/ros_ws/src/Rescue_Car_ws/install/common_interfaces:/root/ros_ws/src/Rescue_Car_ws/install/visualization_msgs:/root/ros_ws/src/Rescue_Car_ws/install/test_msgs:/root/ros_ws/src/Rescue_Car_ws/install/example_interfaces:/root/ros_ws/src/Rescue_Car_ws/install/action_msgs:/root/ros_ws/src/Rescue_Car_ws/install/trajectory_msgs:/root/ros_ws/src/Rescue_Car_ws/install/stereo_msgs:/root/ros_ws/src/Rescue_Car_ws/install/std_srvs:/root/ros_ws/src/Rescue_Car_ws/install/shape_msgs:/root/ros_ws/src/Rescue_Car_ws/install/sensor_msgs:/root/ros_ws/src/Rescue_Car_ws/install/nav_msgs:/root/ros_ws/src/Rescue_Car_ws/install/diagnostic_msgs:/root/ros_ws/src/Rescue_Car_ws/install/geometry_msgs:/root/ros_ws/src/Rescue_Car_ws/install/actionlib_msgs:/root/ros_ws/src/Rescue_Car_ws/install/std_msgs:/root/ros_ws/src/Rescue_Car_ws/install/statistics_msgs:/root/ros_ws/src/Rescue_Car_ws/install/rosidl_typesupport_microxrcedds_test_msg:/root/ros_ws/src/Rescue_Car_ws/install/rosidl_typesupport_microxrcedds_cpp_tests:/root/ros_ws/src/Rescue_Car_ws/install/rmw_microxrcedds:/root/ros_ws/src/Rescue_Car_ws/install/rosidl_typesupport_microxrcedds_cpp:/root/ros_ws/src/Rescue_Car_ws/install/rosidl_typesupport_microxrcedds_c_tests:/root/ros_ws/src/Rescue_Car_ws/install/rosidl_typesupport_microxrcedds_c:/root/ros_ws/src/Rescue_Car_ws/install/rosgraph_msgs:/root/ros_ws/src/Rescue_Car_ws/install/rclc_parameter:/root/ros_ws/src/Rescue_Car_ws/install/rclc:/root/ros_ws/src/Rescue_Car_ws/install/composition_interfaces:/root/ros_ws/src/Rescue_Car_ws/install/rcl_interfaces:/root/ros_ws/src/Rescue_Car_ws/install/microxrcedds_client:/root/ros_ws/src/Rescue_Car_ws/install/microcdr:/root/ros_ws/src/Rescue_Car_ws/install/micro_ros_utilities:/root/ros_ws/src/Rescue_Car_ws/install/micro_ros_setup:/root/ros_ws/src/Rescue_Car_ws/install/micro_ros_agent:/root/ros_ws/src/Rescue_Car_ws/install/micro_ros_msgs:/root/ros_ws/src/Rescue_Car_ws/install/lifecycle_msgs:/root/ros_ws/src/Rescue_Car_ws/install/complex_msgs:/root/ros_ws/src/Rescue_Car_ws/install/car:/root/ros_ws/src/Rescue_Car_ws/install/sensor_msgs_py:/opt/ros/humble LD_LIBRARY_PATH=/root/ros_ws/src/Rescue_Car_ws/install/unique_identifier_msgs/lib:/root/ros_ws/src/Rescue_Car_ws/install/builtin_interfaces/lib:/root/ros_ws/src/Rescue_Car_ws/install/visualization_msgs/lib:/root/ros_ws/src/Rescue_Car_ws/install/test_msgs/lib:/root/ros_ws/src/Rescue_Car_ws/install/example_interfaces/lib:/root/ros_ws/src/Rescue_Car_ws/install/action_msgs/lib:/root/ros_ws/src/Rescue_Car_ws/install/trajectory_msgs/lib:/root/ros_ws/src/Rescue_Car_ws/install/stereo_msgs/lib:/root/ros_ws/src/Rescue_Car_ws/install/std_srvs/lib:/root/ros_ws/src/Rescue_Car_ws/install/shape_msgs/lib:/root/ros_ws/src/Rescue_Car_ws/install/sensor_msgs/lib:/root/ros_ws/src/Rescue_Car_ws/install/nav_msgs/lib:/root/ros_ws/src/Rescue_Car_ws/install/diagnostic_msgs/lib:/root/ros_ws/src/Rescue_Car_ws/install/geometry_msgs/lib:/root/ros_ws/src/Rescue_Car_ws/install/actionlib_msgs/lib:/root/ros_ws/src/Rescue_Car_ws/install/std_msgs/lib:/root/ros_ws/src/Rescue_Car_ws/install/statistics_msgs/lib:/root/ros_ws/src/Rescue_Car_ws/install/rosidl_typesupport_microxrcedds_test_msg/lib:/root/ros_ws/src/Rescue_Car_ws/install/rmw_microxrcedds/lib:/root/ros_ws/src/Rescue_Car_ws/install/rosidl_typesupport_microxrcedds_cpp/lib:/root/ros_ws/src/Rescue_Car_ws/install/rosidl_typesupport_microxrcedds_c/lib:/root/ros_ws/src/Rescue_Car_ws/install/rosgraph_msgs/lib:/root/ros_ws/src/Rescue_Car_ws/install/rclc_parameter/lib:/root/ros_ws/src/Rescue_Car_ws/install/rclc/lib:/root/ros_ws/src/Rescue_Car_ws/install/composition_interfaces/lib:/root/ros_ws/src/Rescue_Car_ws/install/rcl_interfaces/lib:/root/ros_ws/src/Rescue_Car_ws/install/micro_ros_utilities/lib:/root/ros_ws/src/Rescue_Car_ws/install/micro_ros_agent/lib:/root/ros_ws/src/Rescue_Car_ws/install/micro_ros_msgs/lib:/root/ros_ws/src/Rescue_Car_ws/install/lifecycle_msgs/lib:/root/ros_ws/src/Rescue_Car_ws/install/complex_msgs/lib:/usr/lib/x86_64-linux-gnu/gazebo-11/plugins:/opt/ros/humble/opt/rviz_ogre_vendor/lib:/opt/ros/humble/lib/x86_64-linux-gnu:/opt/ros/humble/lib /usr/bin/cmake --build /root/ros_ws/src/Rescue_Car_ws/build/action_msgs -- -j20 -l20
[1.857s] DEBUG:colcon.colcon_core.event_handler.log_command:Invoking command in '/root/ros_ws/src/Rescue_Car_ws/build/action_msgs': CMAKE_PREFIX_PATH=/root/ros_ws/src/Rescue_Car_ws/install/unique_identifier_msgs:/root/ros_ws/src/Rescue_Car_ws/install/builtin_interfaces:/root/ros_ws/src/Rescue_Car_ws/install/micro_ros_demos_rclc:/root/ros_ws/src/Rescue_Car_ws/install/common_interfaces:/root/ros_ws/src/Rescue_Car_ws/install/visualization_msgs:/root/ros_ws/src/Rescue_Car_ws/install/test_msgs:/root/ros_ws/src/Rescue_Car_ws/install/example_interfaces:/root/ros_ws/src/Rescue_Car_ws/install/action_msgs:/root/ros_ws/src/Rescue_Car_ws/install/trajectory_msgs:/root/ros_ws/src/Rescue_Car_ws/install/stereo_msgs:/root/ros_ws/src/Rescue_Car_ws/install/std_srvs:/root/ros_ws/src/Rescue_Car_ws/install/shape_msgs:/root/ros_ws/src/Rescue_Car_ws/install/sensor_msgs:/root/ros_ws/src/Rescue_Car_ws/install/nav_msgs:/root/ros_ws/src/Rescue_Car_ws/install/diagnostic_msgs:/root/ros_ws/src/Rescue_Car_ws/install/geometry_msgs:/root/ros_ws/src/Rescue_Car_ws/install/actionlib_msgs:/root/ros_ws/src/Rescue_Car_ws/install/std_msgs:/root/ros_ws/src/Rescue_Car_ws/install/statistics_msgs:/root/ros_ws/src/Rescue_Car_ws/install/rosidl_typesupport_microxrcedds_test_msg:/root/ros_ws/src/Rescue_Car_ws/install/rosidl_typesupport_microxrcedds_cpp_tests:/root/ros_ws/src/Rescue_Car_ws/install/rmw_microxrcedds:/root/ros_ws/src/Rescue_Car_ws/install/rosidl_typesupport_microxrcedds_cpp:/root/ros_ws/src/Rescue_Car_ws/install/rosidl_typesupport_microxrcedds_c_tests:/root/ros_ws/src/Rescue_Car_ws/install/rosidl_typesupport_microxrcedds_c:/root/ros_ws/src/Rescue_Car_ws/install/rosgraph_msgs:/root/ros_ws/src/Rescue_Car_ws/install/rclc_parameter:/root/ros_ws/src/Rescue_Car_ws/install/rclc:/root/ros_ws/src/Rescue_Car_ws/install/composition_interfaces:/root/ros_ws/src/Rescue_Car_ws/install/rcl_interfaces:/root/ros_ws/src/Rescue_Car_ws/install/microxrcedds_client:/root/ros_ws/src/Rescue_Car_ws/install/microcdr:/root/ros_ws/src/Rescue_Car_ws/install/micro_ros_utilities:/root/ros_ws/src/Rescue_Car_ws/install/micro_ros_setup:/root/ros_ws/src/Rescue_Car_ws/install/micro_ros_agent:/root/ros_ws/src/Rescue_Car_ws/install/micro_ros_msgs:/root/ros_ws/src/Rescue_Car_ws/install/lifecycle_msgs:/root/ros_ws/src/Rescue_Car_ws/install/complex_msgs:/root/ros_ws/src/Rescue_Car_ws/install/car:/root/ros_ws/src/Rescue_Car_ws/install/sensor_msgs_py:/opt/ros/humble LD_LIBRARY_PATH=/root/ros_ws/src/Rescue_Car_ws/install/unique_identifier_msgs/lib:/root/ros_ws/src/Rescue_Car_ws/install/builtin_interfaces/lib:/root/ros_ws/src/Rescue_Car_ws/install/visualization_msgs/lib:/root/ros_ws/src/Rescue_Car_ws/install/test_msgs/lib:/root/ros_ws/src/Rescue_Car_ws/install/example_interfaces/lib:/root/ros_ws/src/Rescue_Car_ws/install/action_msgs/lib:/root/ros_ws/src/Rescue_Car_ws/install/trajectory_msgs/lib:/root/ros_ws/src/Rescue_Car_ws/install/stereo_msgs/lib:/root/ros_ws/src/Rescue_Car_ws/install/std_srvs/lib:/root/ros_ws/src/Rescue_Car_ws/install/shape_msgs/lib:/root/ros_ws/src/Rescue_Car_ws/install/sensor_msgs/lib:/root/ros_ws/src/Rescue_Car_ws/install/nav_msgs/lib:/root/ros_ws/src/Rescue_Car_ws/install/diagnostic_msgs/lib:/root/ros_ws/src/Rescue_Car_ws/install/geometry_msgs/lib:/root/ros_ws/src/Rescue_Car_ws/install/actionlib_msgs/lib:/root/ros_ws/src/Rescue_Car_ws/install/std_msgs/lib:/root/ros_ws/src/Rescue_Car_ws/install/statistics_msgs/lib:/root/ros_ws/src/Rescue_Car_ws/install/rosidl_typesupport_microxrcedds_test_msg/lib:/root/ros_ws/src/Rescue_Car_ws/install/rmw_microxrcedds/lib:/root/ros_ws/src/Rescue_Car_ws/install/rosidl_typesupport_microxrcedds_cpp/lib:/root/ros_ws/src/Rescue_Car_ws/install/rosidl_typesupport_microxrcedds_c/lib:/root/ros_ws/src/Rescue_Car_ws/install/rosgraph_msgs/lib:/root/ros_ws/src/Rescue_Car_ws/install/rclc_parameter/lib:/root/ros_ws/src/Rescue_Car_ws/install/rclc/lib:/root/ros_ws/src/Rescue_Car_ws/install/composition_interfaces/lib:/root/ros_ws/src/Rescue_Car_ws/install/rcl_interfaces/lib:/root/ros_ws/src/Rescue_Car_ws/install/micro_ros_utilities/lib:/root/ros_ws/src/Rescue_Car_ws/install/micro_ros_agent/lib:/root/ros_ws/src/Rescue_Car_ws/install/micro_ros_msgs/lib:/root/ros_ws/src/Rescue_Car_ws/install/lifecycle_msgs/lib:/root/ros_ws/src/Rescue_Car_ws/install/complex_msgs/lib:/usr/lib/x86_64-linux-gnu/gazebo-11/plugins:/opt/ros/humble/opt/rviz_ogre_vendor/lib:/opt/ros/humble/lib/x86_64-linux-gnu:/opt/ros/humble/lib /usr/bin/cmake --install /root/ros_ws/src/Rescue_Car_ws/build/action_msgs
[1.858s] DEBUG:colcon.colcon_core.event_handler.log_command:Invoked command in '/root/ros_ws/src/Rescue_Car_ws/build/statistics_msgs' returned '0': CMAKE_PREFIX_PATH=/root/ros_ws/src/Rescue_Car_ws/install/builtin_interfaces:/root/ros_ws/src/Rescue_Car_ws/install/micro_ros_demos_rclc:/root/ros_ws/src/Rescue_Car_ws/install/common_interfaces:/root/ros_ws/src/Rescue_Car_ws/install/visualization_msgs:/root/ros_ws/src/Rescue_Car_ws/install/test_msgs:/root/ros_ws/src/Rescue_Car_ws/install/example_interfaces:/root/ros_ws/src/Rescue_Car_ws/install/action_msgs:/root/ros_ws/src/Rescue_Car_ws/install/unique_identifier_msgs:/root/ros_ws/src/Rescue_Car_ws/install/trajectory_msgs:/root/ros_ws/src/Rescue_Car_ws/install/stereo_msgs:/root/ros_ws/src/Rescue_Car_ws/install/std_srvs:/root/ros_ws/src/Rescue_Car_ws/install/shape_msgs:/root/ros_ws/src/Rescue_Car_ws/install/sensor_msgs:/root/ros_ws/src/Rescue_Car_ws/install/nav_msgs:/root/ros_ws/src/Rescue_Car_ws/install/diagnostic_msgs:/root/ros_ws/src/Rescue_Car_ws/install/geometry_msgs:/root/ros_ws/src/Rescue_Car_ws/install/actionlib_msgs:/root/ros_ws/src/Rescue_Car_ws/install/std_msgs:/root/ros_ws/src/Rescue_Car_ws/install/statistics_msgs:/root/ros_ws/src/Rescue_Car_ws/install/rosidl_typesupport_microxrcedds_test_msg:/root/ros_ws/src/Rescue_Car_ws/install/rosidl_typesupport_microxrcedds_cpp_tests:/root/ros_ws/src/Rescue_Car_ws/install/rmw_microxrcedds:/root/ros_ws/src/Rescue_Car_ws/install/rosidl_typesupport_microxrcedds_cpp:/root/ros_ws/src/Rescue_Car_ws/install/rosidl_typesupport_microxrcedds_c_tests:/root/ros_ws/src/Rescue_Car_ws/install/rosidl_typesupport_microxrcedds_c:/root/ros_ws/src/Rescue_Car_ws/install/rosgraph_msgs:/root/ros_ws/src/Rescue_Car_ws/install/rclc_parameter:/root/ros_ws/src/Rescue_Car_ws/install/rclc:/root/ros_ws/src/Rescue_Car_ws/install/composition_interfaces:/root/ros_ws/src/Rescue_Car_ws/install/rcl_interfaces:/root/ros_ws/src/Rescue_Car_ws/install/microxrcedds_client:/root/ros_ws/src/Rescue_Car_ws/install/microcdr:/root/ros_ws/src/Rescue_Car_ws/install/micro_ros_utilities:/root/ros_ws/src/Rescue_Car_ws/install/micro_ros_setup:/root/ros_ws/src/Rescue_Car_ws/install/micro_ros_agent:/root/ros_ws/src/Rescue_Car_ws/install/micro_ros_msgs:/root/ros_ws/src/Rescue_Car_ws/install/lifecycle_msgs:/root/ros_ws/src/Rescue_Car_ws/install/complex_msgs:/root/ros_ws/src/Rescue_Car_ws/install/car:/root/ros_ws/src/Rescue_Car_ws/install/sensor_msgs_py:/opt/ros/humble LD_LIBRARY_PATH=/root/ros_ws/src/Rescue_Car_ws/install/builtin_interfaces/lib:/root/ros_ws/src/Rescue_Car_ws/install/visualization_msgs/lib:/root/ros_ws/src/Rescue_Car_ws/install/test_msgs/lib:/root/ros_ws/src/Rescue_Car_ws/install/example_interfaces/lib:/root/ros_ws/src/Rescue_Car_ws/install/action_msgs/lib:/root/ros_ws/src/Rescue_Car_ws/install/unique_identifier_msgs/lib:/root/ros_ws/src/Rescue_Car_ws/install/trajectory_msgs/lib:/root/ros_ws/src/Rescue_Car_ws/install/stereo_msgs/lib:/root/ros_ws/src/Rescue_Car_ws/install/std_srvs/lib:/root/ros_ws/src/Rescue_Car_ws/install/shape_msgs/lib:/root/ros_ws/src/Rescue_Car_ws/install/sensor_msgs/lib:/root/ros_ws/src/Rescue_Car_ws/install/nav_msgs/lib:/root/ros_ws/src/Rescue_Car_ws/install/diagnostic_msgs/lib:/root/ros_ws/src/Rescue_Car_ws/install/geometry_msgs/lib:/root/ros_ws/src/Rescue_Car_ws/install/actionlib_msgs/lib:/root/ros_ws/src/Rescue_Car_ws/install/std_msgs/lib:/root/ros_ws/src/Rescue_Car_ws/install/statistics_msgs/lib:/root/ros_ws/src/Rescue_Car_ws/install/rosidl_typesupport_microxrcedds_test_msg/lib:/root/ros_ws/src/Rescue_Car_ws/install/rmw_microxrcedds/lib:/root/ros_ws/src/Rescue_Car_ws/install/rosidl_typesupport_microxrcedds_cpp/lib:/root/ros_ws/src/Rescue_Car_ws/install/rosidl_typesupport_microxrcedds_c/lib:/root/ros_ws/src/Rescue_Car_ws/install/rosgraph_msgs/lib:/root/ros_ws/src/Rescue_Car_ws/install/rclc_parameter/lib:/root/ros_ws/src/Rescue_Car_ws/install/rclc/lib:/root/ros_ws/src/Rescue_Car_ws/install/composition_interfaces/lib:/root/ros_ws/src/Rescue_Car_ws/install/rcl_interfaces/lib:/root/ros_ws/src/Rescue_Car_ws/install/micro_ros_utilities/lib:/root/ros_ws/src/Rescue_Car_ws/install/micro_ros_agent/lib:/root/ros_ws/src/Rescue_Car_ws/install/micro_ros_msgs/lib:/root/ros_ws/src/Rescue_Car_ws/install/lifecycle_msgs/lib:/root/ros_ws/src/Rescue_Car_ws/install/complex_msgs/lib:/usr/lib/x86_64-linux-gnu/gazebo-11/plugins:/opt/ros/humble/opt/rviz_ogre_vendor/lib:/opt/ros/humble/lib/x86_64-linux-gnu:/opt/ros/humble/lib /usr/bin/cmake --install /root/ros_ws/src/Rescue_Car_ws/build/statistics_msgs
[1.858s] Level 1:colcon.colcon_core.environment:checking '/root/ros_ws/src/Rescue_Car_ws/install/statistics_msgs' for CMake config files
[1.858s] Level 1:colcon.colcon_core.shell:create_environment_hook('statistics_msgs', 'cmake_prefix_path')
[1.859s] INFO:colcon.colcon_core.shell:Creating environment hook '/root/ros_ws/src/Rescue_Car_ws/install/statistics_msgs/share/statistics_msgs/hook/cmake_prefix_path.ps1'
[1.859s] INFO:colcon.colcon_core.shell:Creating environment descriptor '/root/ros_ws/src/Rescue_Car_ws/install/statistics_msgs/share/statistics_msgs/hook/cmake_prefix_path.dsv'
[1.859s] INFO:colcon.colcon_core.shell:Creating environment hook '/root/ros_ws/src/Rescue_Car_ws/install/statistics_msgs/share/statistics_msgs/hook/cmake_prefix_path.sh'
[1.860s] Level 1:colcon.colcon_core.environment:checking '/root/ros_ws/src/Rescue_Car_ws/install/statistics_msgs/lib'
[1.860s] Level 1:colcon.colcon_core.shell:create_environment_hook('statistics_msgs', 'ld_library_path_lib')
[1.860s] INFO:colcon.colcon_core.shell:Creating environment hook '/root/ros_ws/src/Rescue_Car_ws/install/statistics_msgs/share/statistics_msgs/hook/ld_library_path_lib.ps1'
[1.860s] INFO:colcon.colcon_core.shell:Creating environment descriptor '/root/ros_ws/src/Rescue_Car_ws/install/statistics_msgs/share/statistics_msgs/hook/ld_library_path_lib.dsv'
[1.861s] INFO:colcon.colcon_core.shell:Creating environment hook '/root/ros_ws/src/Rescue_Car_ws/install/statistics_msgs/share/statistics_msgs/hook/ld_library_path_lib.sh'
[1.861s] Level 1:colcon.colcon_core.environment:checking '/root/ros_ws/src/Rescue_Car_ws/install/statistics_msgs/bin'
[1.861s] Level 1:colcon.colcon_core.environment:checking '/root/ros_ws/src/Rescue_Car_ws/install/statistics_msgs/lib/pkgconfig/statistics_msgs.pc'
[1.861s] Level 1:colcon.colcon_core.environment:checking '/root/ros_ws/src/Rescue_Car_ws/install/statistics_msgs/lib/python3.10/site-packages'
[1.861s] Level 1:colcon.colcon_core.environment:checking '/root/ros_ws/src/Rescue_Car_ws/install/statistics_msgs/bin'
[1.862s] INFO:colcon.colcon_core.shell:Creating package script '/root/ros_ws/src/Rescue_Car_ws/install/statistics_msgs/share/statistics_msgs/package.ps1'
[1.862s] INFO:colcon.colcon_core.shell:Creating package descriptor '/root/ros_ws/src/Rescue_Car_ws/install/statistics_msgs/share/statistics_msgs/package.dsv'
[1.863s] INFO:colcon.colcon_core.shell:Creating package script '/root/ros_ws/src/Rescue_Car_ws/install/statistics_msgs/share/statistics_msgs/package.sh'
[1.863s] INFO:colcon.colcon_core.shell:Creating package script '/root/ros_ws/src/Rescue_Car_ws/install/statistics_msgs/share/statistics_msgs/package.bash'
[1.863s] INFO:colcon.colcon_core.shell:Creating package script '/root/ros_ws/src/Rescue_Car_ws/install/statistics_msgs/share/statistics_msgs/package.zsh'
[1.863s] Level 1:colcon.colcon_core.environment:create_file_with_runtime_dependencies(/root/ros_ws/src/Rescue_Car_ws/install/statistics_msgs/share/colcon-core/packages/statistics_msgs)
[1.864s] Level 1:colcon.colcon_core.environment:create_environment_scripts_only(statistics_msgs)
[1.864s] Level 1:colcon.colcon_core.environment:checking '/root/ros_ws/src/Rescue_Car_ws/install/statistics_msgs' for CMake module files
[1.865s] Level 1:colcon.colcon_core.environment:checking '/root/ros_ws/src/Rescue_Car_ws/install/statistics_msgs' for CMake config files
[1.865s] Level 1:colcon.colcon_core.shell:create_environment_hook('statistics_msgs', 'cmake_prefix_path')
[1.865s] INFO:colcon.colcon_core.shell:Creating environment hook '/root/ros_ws/src/Rescue_Car_ws/install/statistics_msgs/share/statistics_msgs/hook/cmake_prefix_path.ps1'
[1.865s] INFO:colcon.colcon_core.shell:Creating environment descriptor '/root/ros_ws/src/Rescue_Car_ws/install/statistics_msgs/share/statistics_msgs/hook/cmake_prefix_path.dsv'
[1.866s] INFO:colcon.colcon_core.shell:Creating environment hook '/root/ros_ws/src/Rescue_Car_ws/install/statistics_msgs/share/statistics_msgs/hook/cmake_prefix_path.sh'
[1.866s] Level 1:colcon.colcon_core.environment:checking '/root/ros_ws/src/Rescue_Car_ws/install/statistics_msgs/lib'
[1.866s] Level 1:colcon.colcon_core.shell:create_environment_hook('statistics_msgs', 'ld_library_path_lib')
[1.867s] INFO:colcon.colcon_core.shell:Creating environment hook '/root/ros_ws/src/Rescue_Car_ws/install/statistics_msgs/share/statistics_msgs/hook/ld_library_path_lib.ps1'
[1.867s] INFO:colcon.colcon_core.shell:Creating environment descriptor '/root/ros_ws/src/Rescue_Car_ws/install/statistics_msgs/share/statistics_msgs/hook/ld_library_path_lib.dsv'
[1.867s] INFO:colcon.colcon_core.shell:Creating environment hook '/root/ros_ws/src/Rescue_Car_ws/install/statistics_msgs/share/statistics_msgs/hook/ld_library_path_lib.sh'
[1.867s] Level 1:colcon.colcon_core.environment:checking '/root/ros_ws/src/Rescue_Car_ws/install/statistics_msgs/bin'
[1.867s] Level 1:colcon.colcon_core.environment:checking '/root/ros_ws/src/Rescue_Car_ws/install/statistics_msgs/lib/pkgconfig/statistics_msgs.pc'
[1.868s] Level 1:colcon.colcon_core.environment:checking '/root/ros_ws/src/Rescue_Car_ws/install/statistics_msgs/lib/python3.10/site-packages'
[1.868s] Level 1:colcon.colcon_core.environment:checking '/root/ros_ws/src/Rescue_Car_ws/install/statistics_msgs/bin'
[1.868s] INFO:colcon.colcon_core.shell:Creating package script '/root/ros_ws/src/Rescue_Car_ws/install/statistics_msgs/share/statistics_msgs/package.ps1'
[1.868s] INFO:colcon.colcon_core.shell:Creating package descriptor '/root/ros_ws/src/Rescue_Car_ws/install/statistics_msgs/share/statistics_msgs/package.dsv'
[1.869s] INFO:colcon.colcon_core.shell:Creating package script '/root/ros_ws/src/Rescue_Car_ws/install/statistics_msgs/share/statistics_msgs/package.sh'
[1.869s] INFO:colcon.colcon_core.shell:Creating package script '/root/ros_ws/src/Rescue_Car_ws/install/statistics_msgs/share/statistics_msgs/package.bash'
[1.869s] INFO:colcon.colcon_core.shell:Creating package script '/root/ros_ws/src/Rescue_Car_ws/install/statistics_msgs/share/statistics_msgs/package.zsh'
[1.870s] Level 1:colcon.colcon_core.environment:create_file_with_runtime_dependencies(/root/ros_ws/src/Rescue_Car_ws/install/statistics_msgs/share/colcon-core/packages/statistics_msgs)
[1.870s] Level 1:colcon.colcon_core.environment:create_environment_scripts_only(rcl_interfaces)
[1.870s] Level 1:colcon.colcon_core.environment:checking '/root/ros_ws/src/Rescue_Car_ws/install/rcl_interfaces' for CMake module files
[1.871s] Level 1:colcon.colcon_core.environment:checking '/root/ros_ws/src/Rescue_Car_ws/install/rcl_interfaces' for CMake config files
[1.872s] DEBUG:colcon.colcon_core.event_handler.log_command:Invoked command in '/root/ros_ws/src/Rescue_Car_ws/build/rcl_interfaces' returned '0': CMAKE_PREFIX_PATH=/root/ros_ws/src/Rescue_Car_ws/install/builtin_interfaces:/root/ros_ws/src/Rescue_Car_ws/install/micro_ros_demos_rclc:/root/ros_ws/src/Rescue_Car_ws/install/common_interfaces:/root/ros_ws/src/Rescue_Car_ws/install/visualization_msgs:/root/ros_ws/src/Rescue_Car_ws/install/test_msgs:/root/ros_ws/src/Rescue_Car_ws/install/example_interfaces:/root/ros_ws/src/Rescue_Car_ws/install/action_msgs:/root/ros_ws/src/Rescue_Car_ws/install/unique_identifier_msgs:/root/ros_ws/src/Rescue_Car_ws/install/trajectory_msgs:/root/ros_ws/src/Rescue_Car_ws/install/stereo_msgs:/root/ros_ws/src/Rescue_Car_ws/install/std_srvs:/root/ros_ws/src/Rescue_Car_ws/install/shape_msgs:/root/ros_ws/src/Rescue_Car_ws/install/sensor_msgs:/root/ros_ws/src/Rescue_Car_ws/install/nav_msgs:/root/ros_ws/src/Rescue_Car_ws/install/diagnostic_msgs:/root/ros_ws/src/Rescue_Car_ws/install/geometry_msgs:/root/ros_ws/src/Rescue_Car_ws/install/actionlib_msgs:/root/ros_ws/src/Rescue_Car_ws/install/std_msgs:/root/ros_ws/src/Rescue_Car_ws/install/statistics_msgs:/root/ros_ws/src/Rescue_Car_ws/install/rosidl_typesupport_microxrcedds_test_msg:/root/ros_ws/src/Rescue_Car_ws/install/rosidl_typesupport_microxrcedds_cpp_tests:/root/ros_ws/src/Rescue_Car_ws/install/rmw_microxrcedds:/root/ros_ws/src/Rescue_Car_ws/install/rosidl_typesupport_microxrcedds_cpp:/root/ros_ws/src/Rescue_Car_ws/install/rosidl_typesupport_microxrcedds_c_tests:/root/ros_ws/src/Rescue_Car_ws/install/rosidl_typesupport_microxrcedds_c:/root/ros_ws/src/Rescue_Car_ws/install/rosgraph_msgs:/root/ros_ws/src/Rescue_Car_ws/install/rclc_parameter:/root/ros_ws/src/Rescue_Car_ws/install/rclc:/root/ros_ws/src/Rescue_Car_ws/install/composition_interfaces:/root/ros_ws/src/Rescue_Car_ws/install/rcl_interfaces:/root/ros_ws/src/Rescue_Car_ws/install/microxrcedds_client:/root/ros_ws/src/Rescue_Car_ws/install/microcdr:/root/ros_ws/src/Rescue_Car_ws/install/micro_ros_utilities:/root/ros_ws/src/Rescue_Car_ws/install/micro_ros_setup:/root/ros_ws/src/Rescue_Car_ws/install/micro_ros_agent:/root/ros_ws/src/Rescue_Car_ws/install/micro_ros_msgs:/root/ros_ws/src/Rescue_Car_ws/install/lifecycle_msgs:/root/ros_ws/src/Rescue_Car_ws/install/complex_msgs:/root/ros_ws/src/Rescue_Car_ws/install/car:/root/ros_ws/src/Rescue_Car_ws/install/sensor_msgs_py:/opt/ros/humble LD_LIBRARY_PATH=/root/ros_ws/src/Rescue_Car_ws/install/builtin_interfaces/lib:/root/ros_ws/src/Rescue_Car_ws/install/visualization_msgs/lib:/root/ros_ws/src/Rescue_Car_ws/install/test_msgs/lib:/root/ros_ws/src/Rescue_Car_ws/install/example_interfaces/lib:/root/ros_ws/src/Rescue_Car_ws/install/action_msgs/lib:/root/ros_ws/src/Rescue_Car_ws/install/unique_identifier_msgs/lib:/root/ros_ws/src/Rescue_Car_ws/install/trajectory_msgs/lib:/root/ros_ws/src/Rescue_Car_ws/install/stereo_msgs/lib:/root/ros_ws/src/Rescue_Car_ws/install/std_srvs/lib:/root/ros_ws/src/Rescue_Car_ws/install/shape_msgs/lib:/root/ros_ws/src/Rescue_Car_ws/install/sensor_msgs/lib:/root/ros_ws/src/Rescue_Car_ws/install/nav_msgs/lib:/root/ros_ws/src/Rescue_Car_ws/install/diagnostic_msgs/lib:/root/ros_ws/src/Rescue_Car_ws/install/geometry_msgs/lib:/root/ros_ws/src/Rescue_Car_ws/install/actionlib_msgs/lib:/root/ros_ws/src/Rescue_Car_ws/install/std_msgs/lib:/root/ros_ws/src/Rescue_Car_ws/install/statistics_msgs/lib:/root/ros_ws/src/Rescue_Car_ws/install/rosidl_typesupport_microxrcedds_test_msg/lib:/root/ros_ws/src/Rescue_Car_ws/install/rmw_microxrcedds/lib:/root/ros_ws/src/Rescue_Car_ws/install/rosidl_typesupport_microxrcedds_cpp/lib:/root/ros_ws/src/Rescue_Car_ws/install/rosidl_typesupport_microxrcedds_c/lib:/root/ros_ws/src/Rescue_Car_ws/install/rosgraph_msgs/lib:/root/ros_ws/src/Rescue_Car_ws/install/rclc_parameter/lib:/root/ros_ws/src/Rescue_Car_ws/install/rclc/lib:/root/ros_ws/src/Rescue_Car_ws/install/composition_interfaces/lib:/root/ros_ws/src/Rescue_Car_ws/install/rcl_interfaces/lib:/root/ros_ws/src/Rescue_Car_ws/install/micro_ros_utilities/lib:/root/ros_ws/src/Rescue_Car_ws/install/micro_ros_agent/lib:/root/ros_ws/src/Rescue_Car_ws/install/micro_ros_msgs/lib:/root/ros_ws/src/Rescue_Car_ws/install/lifecycle_msgs/lib:/root/ros_ws/src/Rescue_Car_ws/install/complex_msgs/lib:/usr/lib/x86_64-linux-gnu/gazebo-11/plugins:/opt/ros/humble/opt/rviz_ogre_vendor/lib:/opt/ros/humble/lib/x86_64-linux-gnu:/opt/ros/humble/lib /usr/bin/cmake --install /root/ros_ws/src/Rescue_Car_ws/build/rcl_interfaces
[1.872s] Level 1:colcon.colcon_core.shell:create_environment_hook('rcl_interfaces', 'cmake_prefix_path')
[1.872s] INFO:colcon.colcon_core.shell:Creating environment hook '/root/ros_ws/src/Rescue_Car_ws/install/rcl_interfaces/share/rcl_interfaces/hook/cmake_prefix_path.ps1'
[1.873s] INFO:colcon.colcon_core.shell:Creating environment descriptor '/root/ros_ws/src/Rescue_Car_ws/install/rcl_interfaces/share/rcl_interfaces/hook/cmake_prefix_path.dsv'
[1.873s] INFO:colcon.colcon_core.shell:Creating environment hook '/root/ros_ws/src/Rescue_Car_ws/install/rcl_interfaces/share/rcl_interfaces/hook/cmake_prefix_path.sh'
[1.873s] Level 1:colcon.colcon_core.environment:checking '/root/ros_ws/src/Rescue_Car_ws/install/rcl_interfaces/lib'
[1.873s] Level 1:colcon.colcon_core.shell:create_environment_hook('rcl_interfaces', 'ld_library_path_lib')
[1.874s] INFO:colcon.colcon_core.shell:Creating environment hook '/root/ros_ws/src/Rescue_Car_ws/install/rcl_interfaces/share/rcl_interfaces/hook/ld_library_path_lib.ps1'
[1.874s] INFO:colcon.colcon_core.shell:Creating environment descriptor '/root/ros_ws/src/Rescue_Car_ws/install/rcl_interfaces/share/rcl_interfaces/hook/ld_library_path_lib.dsv'
[1.874s] INFO:colcon.colcon_core.shell:Creating environment hook '/root/ros_ws/src/Rescue_Car_ws/install/rcl_interfaces/share/rcl_interfaces/hook/ld_library_path_lib.sh'
[1.874s] Level 1:colcon.colcon_core.environment:checking '/root/ros_ws/src/Rescue_Car_ws/install/rcl_interfaces/bin'
[1.874s] Level 1:colcon.colcon_core.environment:checking '/root/ros_ws/src/Rescue_Car_ws/install/rcl_interfaces/lib/pkgconfig/rcl_interfaces.pc'
[1.875s] Level 1:colcon.colcon_core.environment:checking '/root/ros_ws/src/Rescue_Car_ws/install/rcl_interfaces/lib/python3.10/site-packages'
[1.875s] Level 1:colcon.colcon_core.environment:checking '/root/ros_ws/src/Rescue_Car_ws/install/rcl_interfaces/bin'
[1.875s] INFO:colcon.colcon_core.shell:Creating package script '/root/ros_ws/src/Rescue_Car_ws/install/rcl_interfaces/share/rcl_interfaces/package.ps1'
[1.875s] INFO:colcon.colcon_core.shell:Creating package descriptor '/root/ros_ws/src/Rescue_Car_ws/install/rcl_interfaces/share/rcl_interfaces/package.dsv'
[1.876s] INFO:colcon.colcon_core.shell:Creating package script '/root/ros_ws/src/Rescue_Car_ws/install/rcl_interfaces/share/rcl_interfaces/package.sh'
[1.876s] INFO:colcon.colcon_core.shell:Creating package script '/root/ros_ws/src/Rescue_Car_ws/install/rcl_interfaces/share/rcl_interfaces/package.bash'
[1.876s] INFO:colcon.colcon_core.shell:Creating package script '/root/ros_ws/src/Rescue_Car_ws/install/rcl_interfaces/share/rcl_interfaces/package.zsh'
[1.876s] Level 1:colcon.colcon_core.environment:create_file_with_runtime_dependencies(/root/ros_ws/src/Rescue_Car_ws/install/rcl_interfaces/share/colcon-core/packages/rcl_interfaces)
[1.877s] Level 1:colcon.colcon_core.environment:create_environment_scripts_only(rcl_interfaces)
[1.877s] Level 1:colcon.colcon_core.environment:checking '/root/ros_ws/src/Rescue_Car_ws/install/rcl_interfaces' for CMake module files
[1.877s] Level 1:colcon.colcon_core.environment:checking '/root/ros_ws/src/Rescue_Car_ws/install/rcl_interfaces' for CMake config files
[1.878s] Level 1:colcon.colcon_core.shell:create_environment_hook('rcl_interfaces', 'cmake_prefix_path')
[1.878s] INFO:colcon.colcon_core.shell:Creating environment hook '/root/ros_ws/src/Rescue_Car_ws/install/rcl_interfaces/share/rcl_interfaces/hook/cmake_prefix_path.ps1'
[1.879s] INFO:colcon.colcon_core.shell:Creating environment descriptor '/root/ros_ws/src/Rescue_Car_ws/install/rcl_interfaces/share/rcl_interfaces/hook/cmake_prefix_path.dsv'
[1.879s] INFO:colcon.colcon_core.shell:Creating environment hook '/root/ros_ws/src/Rescue_Car_ws/install/rcl_interfaces/share/rcl_interfaces/hook/cmake_prefix_path.sh'
[1.879s] Level 1:colcon.colcon_core.environment:checking '/root/ros_ws/src/Rescue_Car_ws/install/rcl_interfaces/lib'
[1.880s] Level 1:colcon.colcon_core.shell:create_environment_hook('rcl_interfaces', 'ld_library_path_lib')
[1.880s] INFO:colcon.colcon_core.shell:Creating environment hook '/root/ros_ws/src/Rescue_Car_ws/install/rcl_interfaces/share/rcl_interfaces/hook/ld_library_path_lib.ps1'
[1.880s] INFO:colcon.colcon_core.shell:Creating environment descriptor '/root/ros_ws/src/Rescue_Car_ws/install/rcl_interfaces/share/rcl_interfaces/hook/ld_library_path_lib.dsv'
[1.880s] INFO:colcon.colcon_core.shell:Creating environment hook '/root/ros_ws/src/Rescue_Car_ws/install/rcl_interfaces/share/rcl_interfaces/hook/ld_library_path_lib.sh'
[1.881s] Level 1:colcon.colcon_core.environment:checking '/root/ros_ws/src/Rescue_Car_ws/install/rcl_interfaces/bin'
[1.881s] Level 1:colcon.colcon_core.environment:checking '/root/ros_ws/src/Rescue_Car_ws/install/rcl_interfaces/lib/pkgconfig/rcl_interfaces.pc'
[1.881s] Level 1:colcon.colcon_core.environment:checking '/root/ros_ws/src/Rescue_Car_ws/install/rcl_interfaces/lib/python3.10/site-packages'
[1.881s] Level 1:colcon.colcon_core.environment:checking '/root/ros_ws/src/Rescue_Car_ws/install/rcl_interfaces/bin'
[1.881s] INFO:colcon.colcon_core.shell:Creating package script '/root/ros_ws/src/Rescue_Car_ws/install/rcl_interfaces/share/rcl_interfaces/package.ps1'
[1.882s] INFO:colcon.colcon_core.shell:Creating package descriptor '/root/ros_ws/src/Rescue_Car_ws/install/rcl_interfaces/share/rcl_interfaces/package.dsv'
[1.882s] INFO:colcon.colcon_core.shell:Creating package script '/root/ros_ws/src/Rescue_Car_ws/install/rcl_interfaces/share/rcl_interfaces/package.sh'
[1.882s] INFO:colcon.colcon_core.shell:Creating package script '/root/ros_ws/src/Rescue_Car_ws/install/rcl_interfaces/share/rcl_interfaces/package.bash'
[1.882s] INFO:colcon.colcon_core.shell:Creating package script '/root/ros_ws/src/Rescue_Car_ws/install/rcl_interfaces/share/rcl_interfaces/package.zsh'
[1.883s] Level 1:colcon.colcon_core.environment:create_file_with_runtime_dependencies(/root/ros_ws/src/Rescue_Car_ws/install/rcl_interfaces/share/colcon-core/packages/rcl_interfaces)
[1.885s] DEBUG:colcon.colcon_core.event_handler.log_command:Invoked command in '/root/ros_ws/src/Rescue_Car_ws/build/rosidl_typesupport_microxrcedds_cpp' returned '0': CMAKE_PREFIX_PATH=/root/ros_ws/src/Rescue_Car_ws/install/rosidl_typesupport_microxrcedds_c:/root/ros_ws/src/Rescue_Car_ws/install/microcdr:/root/ros_ws/src/Rescue_Car_ws/install/micro_ros_demos_rclc:/root/ros_ws/src/Rescue_Car_ws/install/common_interfaces:/root/ros_ws/src/Rescue_Car_ws/install/visualization_msgs:/root/ros_ws/src/Rescue_Car_ws/install/test_msgs:/root/ros_ws/src/Rescue_Car_ws/install/example_interfaces:/root/ros_ws/src/Rescue_Car_ws/install/action_msgs:/root/ros_ws/src/Rescue_Car_ws/install/unique_identifier_msgs:/root/ros_ws/src/Rescue_Car_ws/install/trajectory_msgs:/root/ros_ws/src/Rescue_Car_ws/install/stereo_msgs:/root/ros_ws/src/Rescue_Car_ws/install/std_srvs:/root/ros_ws/src/Rescue_Car_ws/install/shape_msgs:/root/ros_ws/src/Rescue_Car_ws/install/sensor_msgs:/root/ros_ws/src/Rescue_Car_ws/install/nav_msgs:/root/ros_ws/src/Rescue_Car_ws/install/diagnostic_msgs:/root/ros_ws/src/Rescue_Car_ws/install/geometry_msgs:/root/ros_ws/src/Rescue_Car_ws/install/actionlib_msgs:/root/ros_ws/src/Rescue_Car_ws/install/std_msgs:/root/ros_ws/src/Rescue_Car_ws/install/statistics_msgs:/root/ros_ws/src/Rescue_Car_ws/install/rosidl_typesupport_microxrcedds_test_msg:/root/ros_ws/src/Rescue_Car_ws/install/rosidl_typesupport_microxrcedds_cpp_tests:/root/ros_ws/src/Rescue_Car_ws/install/rmw_microxrcedds:/root/ros_ws/src/Rescue_Car_ws/install/rosidl_typesupport_microxrcedds_cpp:/root/ros_ws/src/Rescue_Car_ws/install/rosidl_typesupport_microxrcedds_c_tests:/root/ros_ws/src/Rescue_Car_ws/install/rosgraph_msgs:/root/ros_ws/src/Rescue_Car_ws/install/rclc_parameter:/root/ros_ws/src/Rescue_Car_ws/install/rclc:/root/ros_ws/src/Rescue_Car_ws/install/composition_interfaces:/root/ros_ws/src/Rescue_Car_ws/install/rcl_interfaces:/root/ros_ws/src/Rescue_Car_ws/install/microxrcedds_client:/root/ros_ws/src/Rescue_Car_ws/install/micro_ros_utilities:/root/ros_ws/src/Rescue_Car_ws/install/micro_ros_setup:/root/ros_ws/src/Rescue_Car_ws/install/micro_ros_agent:/root/ros_ws/src/Rescue_Car_ws/install/micro_ros_msgs:/root/ros_ws/src/Rescue_Car_ws/install/lifecycle_msgs:/root/ros_ws/src/Rescue_Car_ws/install/complex_msgs:/root/ros_ws/src/Rescue_Car_ws/install/car:/root/ros_ws/src/Rescue_Car_ws/install/builtin_interfaces:/root/ros_ws/src/Rescue_Car_ws/install/sensor_msgs_py:/opt/ros/humble /usr/bin/cmake --build /root/ros_ws/src/Rescue_Car_ws/build/rosidl_typesupport_microxrcedds_cpp -- -j20 -l20
[1.886s] DEBUG:colcon.colcon_core.event_handler.log_command:Invoking command in '/root/ros_ws/src/Rescue_Car_ws/build/rosidl_typesupport_microxrcedds_cpp': CMAKE_PREFIX_PATH=/root/ros_ws/src/Rescue_Car_ws/install/rosidl_typesupport_microxrcedds_c:/root/ros_ws/src/Rescue_Car_ws/install/microcdr:/root/ros_ws/src/Rescue_Car_ws/install/micro_ros_demos_rclc:/root/ros_ws/src/Rescue_Car_ws/install/common_interfaces:/root/ros_ws/src/Rescue_Car_ws/install/visualization_msgs:/root/ros_ws/src/Rescue_Car_ws/install/test_msgs:/root/ros_ws/src/Rescue_Car_ws/install/example_interfaces:/root/ros_ws/src/Rescue_Car_ws/install/action_msgs:/root/ros_ws/src/Rescue_Car_ws/install/unique_identifier_msgs:/root/ros_ws/src/Rescue_Car_ws/install/trajectory_msgs:/root/ros_ws/src/Rescue_Car_ws/install/stereo_msgs:/root/ros_ws/src/Rescue_Car_ws/install/std_srvs:/root/ros_ws/src/Rescue_Car_ws/install/shape_msgs:/root/ros_ws/src/Rescue_Car_ws/install/sensor_msgs:/root/ros_ws/src/Rescue_Car_ws/install/nav_msgs:/root/ros_ws/src/Rescue_Car_ws/install/diagnostic_msgs:/root/ros_ws/src/Rescue_Car_ws/install/geometry_msgs:/root/ros_ws/src/Rescue_Car_ws/install/actionlib_msgs:/root/ros_ws/src/Rescue_Car_ws/install/std_msgs:/root/ros_ws/src/Rescue_Car_ws/install/statistics_msgs:/root/ros_ws/src/Rescue_Car_ws/install/rosidl_typesupport_microxrcedds_test_msg:/root/ros_ws/src/Rescue_Car_ws/install/rosidl_typesupport_microxrcedds_cpp_tests:/root/ros_ws/src/Rescue_Car_ws/install/rmw_microxrcedds:/root/ros_ws/src/Rescue_Car_ws/install/rosidl_typesupport_microxrcedds_cpp:/root/ros_ws/src/Rescue_Car_ws/install/rosidl_typesupport_microxrcedds_c_tests:/root/ros_ws/src/Rescue_Car_ws/install/rosgraph_msgs:/root/ros_ws/src/Rescue_Car_ws/install/rclc_parameter:/root/ros_ws/src/Rescue_Car_ws/install/rclc:/root/ros_ws/src/Rescue_Car_ws/install/composition_interfaces:/root/ros_ws/src/Rescue_Car_ws/install/rcl_interfaces:/root/ros_ws/src/Rescue_Car_ws/install/microxrcedds_client:/root/ros_ws/src/Rescue_Car_ws/install/micro_ros_utilities:/root/ros_ws/src/Rescue_Car_ws/install/micro_ros_setup:/root/ros_ws/src/Rescue_Car_ws/install/micro_ros_agent:/root/ros_ws/src/Rescue_Car_ws/install/micro_ros_msgs:/root/ros_ws/src/Rescue_Car_ws/install/lifecycle_msgs:/root/ros_ws/src/Rescue_Car_ws/install/complex_msgs:/root/ros_ws/src/Rescue_Car_ws/install/car:/root/ros_ws/src/Rescue_Car_ws/install/builtin_interfaces:/root/ros_ws/src/Rescue_Car_ws/install/sensor_msgs_py:/opt/ros/humble /usr/bin/cmake --install /root/ros_ws/src/Rescue_Car_ws/build/rosidl_typesupport_microxrcedds_cpp
[1.886s] INFO:colcon.colcon_ros.task.ament_cmake.build:Building ROS package in '/root/ros_ws/src/Rescue_Car_ws/src/microros/src/ros2/common_interfaces/geometry_msgs' with build type 'ament_cmake'
[1.886s] INFO:colcon.colcon_cmake.task.cmake.build:Building CMake package in '/root/ros_ws/src/Rescue_Car_ws/src/microros/src/ros2/common_interfaces/geometry_msgs'
[1.886s] INFO:colcon.colcon_core.shell:Skip shell extension 'powershell' for command environment: Not usable outside of PowerShell
[1.886s] DEBUG:colcon.colcon_core.shell:Skip shell extension 'dsv' for command environment
[1.890s] INFO:colcon.colcon_ros.task.ament_cmake.build:Building ROS package in '/root/ros_ws/src/Rescue_Car_ws/src/microros/src/ros2/common_interfaces/actionlib_msgs' with build type 'ament_cmake'
[1.890s] INFO:colcon.colcon_cmake.task.cmake.build:Building CMake package in '/root/ros_ws/src/Rescue_Car_ws/src/microros/src/ros2/common_interfaces/actionlib_msgs'
[1.891s] INFO:colcon.colcon_core.shell:Skip shell extension 'powershell' for command environment: Not usable outside of PowerShell
[1.891s] DEBUG:colcon.colcon_core.shell:Skip shell extension 'dsv' for command environment
[1.896s] INFO:colcon.colcon_ros.task.ament_cmake.build:Building ROS package in '/root/ros_ws/src/Rescue_Car_ws/src/microros/src/ros2/rcl_interfaces/composition_interfaces' with build type 'ament_cmake'
[1.896s] INFO:colcon.colcon_cmake.task.cmake.build:Building CMake package in '/root/ros_ws/src/Rescue_Car_ws/src/microros/src/ros2/rcl_interfaces/composition_interfaces'
[1.896s] INFO:colcon.colcon_core.shell:Skip shell extension 'powershell' for command environment: Not usable outside of PowerShell
[1.897s] DEBUG:colcon.colcon_core.shell:Skip shell extension 'dsv' for command environment
[1.937s] Level 1:colcon.colcon_core.environment:create_environment_scripts_only(rosidl_typesupport_microxrcedds_cpp)
[1.937s] Level 1:colcon.colcon_core.environment:checking '/root/ros_ws/src/Rescue_Car_ws/install/rosidl_typesupport_microxrcedds_cpp' for CMake module files
[1.942s] DEBUG:colcon.colcon_core.event_handler.log_command:Invoked command in '/root/ros_ws/src/Rescue_Car_ws/build/rosidl_typesupport_microxrcedds_cpp' returned '0': CMAKE_PREFIX_PATH=/root/ros_ws/src/Rescue_Car_ws/install/rosidl_typesupport_microxrcedds_c:/root/ros_ws/src/Rescue_Car_ws/install/microcdr:/root/ros_ws/src/Rescue_Car_ws/install/micro_ros_demos_rclc:/root/ros_ws/src/Rescue_Car_ws/install/common_interfaces:/root/ros_ws/src/Rescue_Car_ws/install/visualization_msgs:/root/ros_ws/src/Rescue_Car_ws/install/test_msgs:/root/ros_ws/src/Rescue_Car_ws/install/example_interfaces:/root/ros_ws/src/Rescue_Car_ws/install/action_msgs:/root/ros_ws/src/Rescue_Car_ws/install/unique_identifier_msgs:/root/ros_ws/src/Rescue_Car_ws/install/trajectory_msgs:/root/ros_ws/src/Rescue_Car_ws/install/stereo_msgs:/root/ros_ws/src/Rescue_Car_ws/install/std_srvs:/root/ros_ws/src/Rescue_Car_ws/install/shape_msgs:/root/ros_ws/src/Rescue_Car_ws/install/sensor_msgs:/root/ros_ws/src/Rescue_Car_ws/install/nav_msgs:/root/ros_ws/src/Rescue_Car_ws/install/diagnostic_msgs:/root/ros_ws/src/Rescue_Car_ws/install/geometry_msgs:/root/ros_ws/src/Rescue_Car_ws/install/actionlib_msgs:/root/ros_ws/src/Rescue_Car_ws/install/std_msgs:/root/ros_ws/src/Rescue_Car_ws/install/statistics_msgs:/root/ros_ws/src/Rescue_Car_ws/install/rosidl_typesupport_microxrcedds_test_msg:/root/ros_ws/src/Rescue_Car_ws/install/rosidl_typesupport_microxrcedds_cpp_tests:/root/ros_ws/src/Rescue_Car_ws/install/rmw_microxrcedds:/root/ros_ws/src/Rescue_Car_ws/install/rosidl_typesupport_microxrcedds_cpp:/root/ros_ws/src/Rescue_Car_ws/install/rosidl_typesupport_microxrcedds_c_tests:/root/ros_ws/src/Rescue_Car_ws/install/rosgraph_msgs:/root/ros_ws/src/Rescue_Car_ws/install/rclc_parameter:/root/ros_ws/src/Rescue_Car_ws/install/rclc:/root/ros_ws/src/Rescue_Car_ws/install/composition_interfaces:/root/ros_ws/src/Rescue_Car_ws/install/rcl_interfaces:/root/ros_ws/src/Rescue_Car_ws/install/microxrcedds_client:/root/ros_ws/src/Rescue_Car_ws/install/micro_ros_utilities:/root/ros_ws/src/Rescue_Car_ws/install/micro_ros_setup:/root/ros_ws/src/Rescue_Car_ws/install/micro_ros_agent:/root/ros_ws/src/Rescue_Car_ws/install/micro_ros_msgs:/root/ros_ws/src/Rescue_Car_ws/install/lifecycle_msgs:/root/ros_ws/src/Rescue_Car_ws/install/complex_msgs:/root/ros_ws/src/Rescue_Car_ws/install/car:/root/ros_ws/src/Rescue_Car_ws/install/builtin_interfaces:/root/ros_ws/src/Rescue_Car_ws/install/sensor_msgs_py:/opt/ros/humble /usr/bin/cmake --install /root/ros_ws/src/Rescue_Car_ws/build/rosidl_typesupport_microxrcedds_cpp
[1.942s] Level 1:colcon.colcon_core.environment:checking '/root/ros_ws/src/Rescue_Car_ws/install/rosidl_typesupport_microxrcedds_cpp' for CMake config files
[1.947s] Level 1:colcon.colcon_core.shell:create_environment_hook('rosidl_typesupport_microxrcedds_cpp', 'cmake_prefix_path')
[1.948s] INFO:colcon.colcon_core.shell:Creating environment hook '/root/ros_ws/src/Rescue_Car_ws/install/rosidl_typesupport_microxrcedds_cpp/share/rosidl_typesupport_microxrcedds_cpp/hook/cmake_prefix_path.ps1'
[1.948s] INFO:colcon.colcon_core.shell:Creating environment descriptor '/root/ros_ws/src/Rescue_Car_ws/install/rosidl_typesupport_microxrcedds_cpp/share/rosidl_typesupport_microxrcedds_cpp/hook/cmake_prefix_path.dsv'
[1.948s] INFO:colcon.colcon_core.shell:Creating environment hook '/root/ros_ws/src/Rescue_Car_ws/install/rosidl_typesupport_microxrcedds_cpp/share/rosidl_typesupport_microxrcedds_cpp/hook/cmake_prefix_path.sh'
[1.949s] Level 1:colcon.colcon_core.environment:checking '/root/ros_ws/src/Rescue_Car_ws/install/rosidl_typesupport_microxrcedds_cpp/lib'
[1.949s] Level 1:colcon.colcon_core.environment:checking '/root/ros_ws/src/Rescue_Car_ws/install/rosidl_typesupport_microxrcedds_cpp/bin'
[1.949s] Level 1:colcon.colcon_core.environment:checking '/root/ros_ws/src/Rescue_Car_ws/install/rosidl_typesupport_microxrcedds_cpp/lib/pkgconfig/rosidl_typesupport_microxrcedds_cpp.pc'
[1.949s] Level 1:colcon.colcon_core.environment:checking '/root/ros_ws/src/Rescue_Car_ws/install/rosidl_typesupport_microxrcedds_cpp/lib/python3.10/site-packages'
[1.949s] Level 1:colcon.colcon_core.environment:checking '/root/ros_ws/src/Rescue_Car_ws/install/rosidl_typesupport_microxrcedds_cpp/bin'
[1.949s] INFO:colcon.colcon_core.shell:Creating package script '/root/ros_ws/src/Rescue_Car_ws/install/rosidl_typesupport_microxrcedds_cpp/share/rosidl_typesupport_microxrcedds_cpp/package.ps1'
[1.950s] INFO:colcon.colcon_core.shell:Creating package descriptor '/root/ros_ws/src/Rescue_Car_ws/install/rosidl_typesupport_microxrcedds_cpp/share/rosidl_typesupport_microxrcedds_cpp/package.dsv'
[1.950s] INFO:colcon.colcon_core.shell:Creating package script '/root/ros_ws/src/Rescue_Car_ws/install/rosidl_typesupport_microxrcedds_cpp/share/rosidl_typesupport_microxrcedds_cpp/package.sh'
[1.950s] INFO:colcon.colcon_core.shell:Creating package script '/root/ros_ws/src/Rescue_Car_ws/install/rosidl_typesupport_microxrcedds_cpp/share/rosidl_typesupport_microxrcedds_cpp/package.bash'
[1.950s] INFO:colcon.colcon_core.shell:Creating package script '/root/ros_ws/src/Rescue_Car_ws/install/rosidl_typesupport_microxrcedds_cpp/share/rosidl_typesupport_microxrcedds_cpp/package.zsh'
[1.951s] Level 1:colcon.colcon_core.environment:create_file_with_runtime_dependencies(/root/ros_ws/src/Rescue_Car_ws/install/rosidl_typesupport_microxrcedds_cpp/share/colcon-core/packages/rosidl_typesupport_microxrcedds_cpp)
[1.951s] Level 1:colcon.colcon_core.environment:create_environment_scripts_only(rosidl_typesupport_microxrcedds_cpp)
[1.951s] Level 1:colcon.colcon_core.environment:checking '/root/ros_ws/src/Rescue_Car_ws/install/rosidl_typesupport_microxrcedds_cpp' for CMake module files
[1.951s] Level 1:colcon.colcon_core.environment:checking '/root/ros_ws/src/Rescue_Car_ws/install/rosidl_typesupport_microxrcedds_cpp' for CMake config files
[1.952s] Level 1:colcon.colcon_core.shell:create_environment_hook('rosidl_typesupport_microxrcedds_cpp', 'cmake_prefix_path')
[1.952s] INFO:colcon.colcon_core.shell:Creating environment hook '/root/ros_ws/src/Rescue_Car_ws/install/rosidl_typesupport_microxrcedds_cpp/share/rosidl_typesupport_microxrcedds_cpp/hook/cmake_prefix_path.ps1'
[1.952s] INFO:colcon.colcon_core.shell:Creating environment descriptor '/root/ros_ws/src/Rescue_Car_ws/install/rosidl_typesupport_microxrcedds_cpp/share/rosidl_typesupport_microxrcedds_cpp/hook/cmake_prefix_path.dsv'
[1.952s] INFO:colcon.colcon_core.shell:Creating environment hook '/root/ros_ws/src/Rescue_Car_ws/install/rosidl_typesupport_microxrcedds_cpp/share/rosidl_typesupport_microxrcedds_cpp/hook/cmake_prefix_path.sh'
[1.953s] Level 1:colcon.colcon_core.environment:checking '/root/ros_ws/src/Rescue_Car_ws/install/rosidl_typesupport_microxrcedds_cpp/lib'
[1.953s] Level 1:colcon.colcon_core.environment:checking '/root/ros_ws/src/Rescue_Car_ws/install/rosidl_typesupport_microxrcedds_cpp/bin'
[1.953s] Level 1:colcon.colcon_core.environment:checking '/root/ros_ws/src/Rescue_Car_ws/install/rosidl_typesupport_microxrcedds_cpp/lib/pkgconfig/rosidl_typesupport_microxrcedds_cpp.pc'
[1.953s] Level 1:colcon.colcon_core.environment:checking '/root/ros_ws/src/Rescue_Car_ws/install/rosidl_typesupport_microxrcedds_cpp/lib/python3.10/site-packages'
[1.953s] Level 1:colcon.colcon_core.environment:checking '/root/ros_ws/src/Rescue_Car_ws/install/rosidl_typesupport_microxrcedds_cpp/bin'
[1.953s] INFO:colcon.colcon_core.shell:Creating package script '/root/ros_ws/src/Rescue_Car_ws/install/rosidl_typesupport_microxrcedds_cpp/share/rosidl_typesupport_microxrcedds_cpp/package.ps1'
[1.954s] INFO:colcon.colcon_core.shell:Creating package descriptor '/root/ros_ws/src/Rescue_Car_ws/install/rosidl_typesupport_microxrcedds_cpp/share/rosidl_typesupport_microxrcedds_cpp/package.dsv'
[1.954s] INFO:colcon.colcon_core.shell:Creating package script '/root/ros_ws/src/Rescue_Car_ws/install/rosidl_typesupport_microxrcedds_cpp/share/rosidl_typesupport_microxrcedds_cpp/package.sh'
[1.954s] INFO:colcon.colcon_core.shell:Creating package script '/root/ros_ws/src/Rescue_Car_ws/install/rosidl_typesupport_microxrcedds_cpp/share/rosidl_typesupport_microxrcedds_cpp/package.bash'
[1.954s] INFO:colcon.colcon_core.shell:Creating package script '/root/ros_ws/src/Rescue_Car_ws/install/rosidl_typesupport_microxrcedds_cpp/share/rosidl_typesupport_microxrcedds_cpp/package.zsh'
[1.955s] Level 1:colcon.colcon_core.environment:create_file_with_runtime_dependencies(/root/ros_ws/src/Rescue_Car_ws/install/rosidl_typesupport_microxrcedds_cpp/share/colcon-core/packages/rosidl_typesupport_microxrcedds_cpp)
[1.955s] INFO:colcon.colcon_ros.task.ament_cmake.build:Building ROS package in '/root/ros_ws/src/Rescue_Car_ws/src/microros/src/uros/rmw_microxrcedds/rmw_microxrcedds_c' with build type 'ament_cmake'
[1.956s] INFO:colcon.colcon_cmake.task.cmake.build:Building CMake package in '/root/ros_ws/src/Rescue_Car_ws/src/microros/src/uros/rmw_microxrcedds/rmw_microxrcedds_c'
[1.956s] INFO:colcon.colcon_core.shell:Skip shell extension 'powershell' for command environment: Not usable outside of PowerShell
[1.956s] DEBUG:colcon.colcon_core.shell:Skip shell extension 'dsv' for command environment
[1.961s] Level 1:colcon.colcon_core.environment:create_environment_scripts_only(action_msgs)
[1.961s] Level 1:colcon.colcon_core.environment:checking '/root/ros_ws/src/Rescue_Car_ws/install/action_msgs' for CMake module files
[1.962s] DEBUG:colcon.colcon_core.event_handler.log_command:Invoked command in '/root/ros_ws/src/Rescue_Car_ws/build/action_msgs' returned '0': CMAKE_PREFIX_PATH=/root/ros_ws/src/Rescue_Car_ws/install/unique_identifier_msgs:/root/ros_ws/src/Rescue_Car_ws/install/builtin_interfaces:/root/ros_ws/src/Rescue_Car_ws/install/micro_ros_demos_rclc:/root/ros_ws/src/Rescue_Car_ws/install/common_interfaces:/root/ros_ws/src/Rescue_Car_ws/install/visualization_msgs:/root/ros_ws/src/Rescue_Car_ws/install/test_msgs:/root/ros_ws/src/Rescue_Car_ws/install/example_interfaces:/root/ros_ws/src/Rescue_Car_ws/install/action_msgs:/root/ros_ws/src/Rescue_Car_ws/install/trajectory_msgs:/root/ros_ws/src/Rescue_Car_ws/install/stereo_msgs:/root/ros_ws/src/Rescue_Car_ws/install/std_srvs:/root/ros_ws/src/Rescue_Car_ws/install/shape_msgs:/root/ros_ws/src/Rescue_Car_ws/install/sensor_msgs:/root/ros_ws/src/Rescue_Car_ws/install/nav_msgs:/root/ros_ws/src/Rescue_Car_ws/install/diagnostic_msgs:/root/ros_ws/src/Rescue_Car_ws/install/geometry_msgs:/root/ros_ws/src/Rescue_Car_ws/install/actionlib_msgs:/root/ros_ws/src/Rescue_Car_ws/install/std_msgs:/root/ros_ws/src/Rescue_Car_ws/install/statistics_msgs:/root/ros_ws/src/Rescue_Car_ws/install/rosidl_typesupport_microxrcedds_test_msg:/root/ros_ws/src/Rescue_Car_ws/install/rosidl_typesupport_microxrcedds_cpp_tests:/root/ros_ws/src/Rescue_Car_ws/install/rmw_microxrcedds:/root/ros_ws/src/Rescue_Car_ws/install/rosidl_typesupport_microxrcedds_cpp:/root/ros_ws/src/Rescue_Car_ws/install/rosidl_typesupport_microxrcedds_c_tests:/root/ros_ws/src/Rescue_Car_ws/install/rosidl_typesupport_microxrcedds_c:/root/ros_ws/src/Rescue_Car_ws/install/rosgraph_msgs:/root/ros_ws/src/Rescue_Car_ws/install/rclc_parameter:/root/ros_ws/src/Rescue_Car_ws/install/rclc:/root/ros_ws/src/Rescue_Car_ws/install/composition_interfaces:/root/ros_ws/src/Rescue_Car_ws/install/rcl_interfaces:/root/ros_ws/src/Rescue_Car_ws/install/microxrcedds_client:/root/ros_ws/src/Rescue_Car_ws/install/microcdr:/root/ros_ws/src/Rescue_Car_ws/install/micro_ros_utilities:/root/ros_ws/src/Rescue_Car_ws/install/micro_ros_setup:/root/ros_ws/src/Rescue_Car_ws/install/micro_ros_agent:/root/ros_ws/src/Rescue_Car_ws/install/micro_ros_msgs:/root/ros_ws/src/Rescue_Car_ws/install/lifecycle_msgs:/root/ros_ws/src/Rescue_Car_ws/install/complex_msgs:/root/ros_ws/src/Rescue_Car_ws/install/car:/root/ros_ws/src/Rescue_Car_ws/install/sensor_msgs_py:/opt/ros/humble LD_LIBRARY_PATH=/root/ros_ws/src/Rescue_Car_ws/install/unique_identifier_msgs/lib:/root/ros_ws/src/Rescue_Car_ws/install/builtin_interfaces/lib:/root/ros_ws/src/Rescue_Car_ws/install/visualization_msgs/lib:/root/ros_ws/src/Rescue_Car_ws/install/test_msgs/lib:/root/ros_ws/src/Rescue_Car_ws/install/example_interfaces/lib:/root/ros_ws/src/Rescue_Car_ws/install/action_msgs/lib:/root/ros_ws/src/Rescue_Car_ws/install/trajectory_msgs/lib:/root/ros_ws/src/Rescue_Car_ws/install/stereo_msgs/lib:/root/ros_ws/src/Rescue_Car_ws/install/std_srvs/lib:/root/ros_ws/src/Rescue_Car_ws/install/shape_msgs/lib:/root/ros_ws/src/Rescue_Car_ws/install/sensor_msgs/lib:/root/ros_ws/src/Rescue_Car_ws/install/nav_msgs/lib:/root/ros_ws/src/Rescue_Car_ws/install/diagnostic_msgs/lib:/root/ros_ws/src/Rescue_Car_ws/install/geometry_msgs/lib:/root/ros_ws/src/Rescue_Car_ws/install/actionlib_msgs/lib:/root/ros_ws/src/Rescue_Car_ws/install/std_msgs/lib:/root/ros_ws/src/Rescue_Car_ws/install/statistics_msgs/lib:/root/ros_ws/src/Rescue_Car_ws/install/rosidl_typesupport_microxrcedds_test_msg/lib:/root/ros_ws/src/Rescue_Car_ws/install/rmw_microxrcedds/lib:/root/ros_ws/src/Rescue_Car_ws/install/rosidl_typesupport_microxrcedds_cpp/lib:/root/ros_ws/src/Rescue_Car_ws/install/rosidl_typesupport_microxrcedds_c/lib:/root/ros_ws/src/Rescue_Car_ws/install/rosgraph_msgs/lib:/root/ros_ws/src/Rescue_Car_ws/install/rclc_parameter/lib:/root/ros_ws/src/Rescue_Car_ws/install/rclc/lib:/root/ros_ws/src/Rescue_Car_ws/install/composition_interfaces/lib:/root/ros_ws/src/Rescue_Car_ws/install/rcl_interfaces/lib:/root/ros_ws/src/Rescue_Car_ws/install/micro_ros_utilities/lib:/root/ros_ws/src/Rescue_Car_ws/install/micro_ros_agent/lib:/root/ros_ws/src/Rescue_Car_ws/install/micro_ros_msgs/lib:/root/ros_ws/src/Rescue_Car_ws/install/lifecycle_msgs/lib:/root/ros_ws/src/Rescue_Car_ws/install/complex_msgs/lib:/usr/lib/x86_64-linux-gnu/gazebo-11/plugins:/opt/ros/humble/opt/rviz_ogre_vendor/lib:/opt/ros/humble/lib/x86_64-linux-gnu:/opt/ros/humble/lib /usr/bin/cmake --install /root/ros_ws/src/Rescue_Car_ws/build/action_msgs
[1.962s] Level 1:colcon.colcon_core.environment:checking '/root/ros_ws/src/Rescue_Car_ws/install/action_msgs' for CMake config files
[1.962s] Level 1:colcon.colcon_core.shell:create_environment_hook('action_msgs', 'cmake_prefix_path')
[1.963s] INFO:colcon.colcon_core.shell:Creating environment hook '/root/ros_ws/src/Rescue_Car_ws/install/action_msgs/share/action_msgs/hook/cmake_prefix_path.ps1'
[1.963s] INFO:colcon.colcon_core.shell:Creating environment descriptor '/root/ros_ws/src/Rescue_Car_ws/install/action_msgs/share/action_msgs/hook/cmake_prefix_path.dsv'
[1.963s] INFO:colcon.colcon_core.shell:Creating environment hook '/root/ros_ws/src/Rescue_Car_ws/install/action_msgs/share/action_msgs/hook/cmake_prefix_path.sh'
[1.964s] Level 1:colcon.colcon_core.environment:checking '/root/ros_ws/src/Rescue_Car_ws/install/action_msgs/lib'
[1.964s] Level 1:colcon.colcon_core.shell:create_environment_hook('action_msgs', 'ld_library_path_lib')
[1.964s] INFO:colcon.colcon_core.shell:Creating environment hook '/root/ros_ws/src/Rescue_Car_ws/install/action_msgs/share/action_msgs/hook/ld_library_path_lib.ps1'
[1.964s] INFO:colcon.colcon_core.shell:Creating environment descriptor '/root/ros_ws/src/Rescue_Car_ws/install/action_msgs/share/action_msgs/hook/ld_library_path_lib.dsv'
[1.964s] INFO:colcon.colcon_core.shell:Creating environment hook '/root/ros_ws/src/Rescue_Car_ws/install/action_msgs/share/action_msgs/hook/ld_library_path_lib.sh'
[1.965s] Level 1:colcon.colcon_core.environment:checking '/root/ros_ws/src/Rescue_Car_ws/install/action_msgs/bin'
[1.965s] Level 1:colcon.colcon_core.environment:checking '/root/ros_ws/src/Rescue_Car_ws/install/action_msgs/lib/pkgconfig/action_msgs.pc'
[1.965s] Level 1:colcon.colcon_core.environment:checking '/root/ros_ws/src/Rescue_Car_ws/install/action_msgs/lib/python3.10/site-packages'
[1.965s] Level 1:colcon.colcon_core.environment:checking '/root/ros_ws/src/Rescue_Car_ws/install/action_msgs/bin'
[1.965s] INFO:colcon.colcon_core.shell:Creating package script '/root/ros_ws/src/Rescue_Car_ws/install/action_msgs/share/action_msgs/package.ps1'
[1.966s] INFO:colcon.colcon_core.shell:Creating package descriptor '/root/ros_ws/src/Rescue_Car_ws/install/action_msgs/share/action_msgs/package.dsv'
[1.966s] INFO:colcon.colcon_core.shell:Creating package script '/root/ros_ws/src/Rescue_Car_ws/install/action_msgs/share/action_msgs/package.sh'
[1.966s] INFO:colcon.colcon_core.shell:Creating package script '/root/ros_ws/src/Rescue_Car_ws/install/action_msgs/share/action_msgs/package.bash'
[1.966s] INFO:colcon.colcon_core.shell:Creating package script '/root/ros_ws/src/Rescue_Car_ws/install/action_msgs/share/action_msgs/package.zsh'
[1.967s] Level 1:colcon.colcon_core.environment:create_file_with_runtime_dependencies(/root/ros_ws/src/Rescue_Car_ws/install/action_msgs/share/colcon-core/packages/action_msgs)
[1.967s] Level 1:colcon.colcon_core.environment:create_environment_scripts_only(action_msgs)
[1.967s] Level 1:colcon.colcon_core.environment:checking '/root/ros_ws/src/Rescue_Car_ws/install/action_msgs' for CMake module files
[1.968s] Level 1:colcon.colcon_core.environment:checking '/root/ros_ws/src/Rescue_Car_ws/install/action_msgs' for CMake config files
[1.968s] Level 1:colcon.colcon_core.shell:create_environment_hook('action_msgs', 'cmake_prefix_path')
[1.968s] INFO:colcon.colcon_core.shell:Creating environment hook '/root/ros_ws/src/Rescue_Car_ws/install/action_msgs/share/action_msgs/hook/cmake_prefix_path.ps1'
[1.969s] INFO:colcon.colcon_core.shell:Creating environment descriptor '/root/ros_ws/src/Rescue_Car_ws/install/action_msgs/share/action_msgs/hook/cmake_prefix_path.dsv'
[1.969s] INFO:colcon.colcon_core.shell:Creating environment hook '/root/ros_ws/src/Rescue_Car_ws/install/action_msgs/share/action_msgs/hook/cmake_prefix_path.sh'
[1.969s] Level 1:colcon.colcon_core.environment:checking '/root/ros_ws/src/Rescue_Car_ws/install/action_msgs/lib'
[1.969s] Level 1:colcon.colcon_core.shell:create_environment_hook('action_msgs', 'ld_library_path_lib')
[1.970s] INFO:colcon.colcon_core.shell:Creating environment hook '/root/ros_ws/src/Rescue_Car_ws/install/action_msgs/share/action_msgs/hook/ld_library_path_lib.ps1'
[1.970s] INFO:colcon.colcon_core.shell:Creating environment descriptor '/root/ros_ws/src/Rescue_Car_ws/install/action_msgs/share/action_msgs/hook/ld_library_path_lib.dsv'
[1.970s] INFO:colcon.colcon_core.shell:Creating environment hook '/root/ros_ws/src/Rescue_Car_ws/install/action_msgs/share/action_msgs/hook/ld_library_path_lib.sh'
[1.970s] Level 1:colcon.colcon_core.environment:checking '/root/ros_ws/src/Rescue_Car_ws/install/action_msgs/bin'
[1.971s] Level 1:colcon.colcon_core.environment:checking '/root/ros_ws/src/Rescue_Car_ws/install/action_msgs/lib/pkgconfig/action_msgs.pc'
[1.971s] Level 1:colcon.colcon_core.environment:checking '/root/ros_ws/src/Rescue_Car_ws/install/action_msgs/lib/python3.10/site-packages'
[1.971s] Level 1:colcon.colcon_core.environment:checking '/root/ros_ws/src/Rescue_Car_ws/install/action_msgs/bin'
[1.972s] INFO:colcon.colcon_core.shell:Creating package script '/root/ros_ws/src/Rescue_Car_ws/install/action_msgs/share/action_msgs/package.ps1'
[1.973s] INFO:colcon.colcon_core.shell:Creating package descriptor '/root/ros_ws/src/Rescue_Car_ws/install/action_msgs/share/action_msgs/package.dsv'
[1.973s] INFO:colcon.colcon_core.shell:Creating package script '/root/ros_ws/src/Rescue_Car_ws/install/action_msgs/share/action_msgs/package.sh'
[1.973s] INFO:colcon.colcon_core.shell:Creating package script '/root/ros_ws/src/Rescue_Car_ws/install/action_msgs/share/action_msgs/package.bash'
[1.974s] INFO:colcon.colcon_core.shell:Creating package script '/root/ros_ws/src/Rescue_Car_ws/install/action_msgs/share/action_msgs/package.zsh'
[1.974s] Level 1:colcon.colcon_core.environment:create_file_with_runtime_dependencies(/root/ros_ws/src/Rescue_Car_ws/install/action_msgs/share/colcon-core/packages/action_msgs)
[1.974s] INFO:colcon.colcon_ros.task.ament_cmake.build:Building ROS package in '/root/ros_ws/src/Rescue_Car_ws/src/microros/src/ros2/example_interfaces' with build type 'ament_cmake'
[1.975s] INFO:colcon.colcon_cmake.task.cmake.build:Building CMake package in '/root/ros_ws/src/Rescue_Car_ws/src/microros/src/ros2/example_interfaces'
[1.975s] INFO:colcon.colcon_core.shell:Skip shell extension 'powershell' for command environment: Not usable outside of PowerShell
[1.975s] DEBUG:colcon.colcon_core.shell:Skip shell extension 'dsv' for command environment
[1.981s] INFO:colcon.colcon_ros.task.ament_cmake.build:Building ROS package in '/root/ros_ws/src/Rescue_Car_ws/src/microros/src/ros2/rcl_interfaces/test_msgs' with build type 'ament_cmake'
[1.981s] INFO:colcon.colcon_cmake.task.cmake.build:Building CMake package in '/root/ros_ws/src/Rescue_Car_ws/src/microros/src/ros2/rcl_interfaces/test_msgs'
[1.981s] INFO:colcon.colcon_core.shell:Skip shell extension 'powershell' for command environment: Not usable outside of PowerShell
[1.981s] DEBUG:colcon.colcon_core.shell:Skip shell extension 'dsv' for command environment
[2.020s] DEBUG:colcon.colcon_core.event_handler.log_command:Invoking command in '/root/ros_ws/src/Rescue_Car_ws/build/geometry_msgs': CMAKE_PREFIX_PATH=/root/ros_ws/src/Rescue_Car_ws/install/std_msgs:/root/ros_ws/src/Rescue_Car_ws/install/builtin_interfaces:/root/ros_ws/src/Rescue_Car_ws/install/micro_ros_demos_rclc:/root/ros_ws/src/Rescue_Car_ws/install/common_interfaces:/root/ros_ws/src/Rescue_Car_ws/install/visualization_msgs:/root/ros_ws/src/Rescue_Car_ws/install/test_msgs:/root/ros_ws/src/Rescue_Car_ws/install/example_interfaces:/root/ros_ws/src/Rescue_Car_ws/install/action_msgs:/root/ros_ws/src/Rescue_Car_ws/install/unique_identifier_msgs:/root/ros_ws/src/Rescue_Car_ws/install/trajectory_msgs:/root/ros_ws/src/Rescue_Car_ws/install/stereo_msgs:/root/ros_ws/src/Rescue_Car_ws/install/std_srvs:/root/ros_ws/src/Rescue_Car_ws/install/shape_msgs:/root/ros_ws/src/Rescue_Car_ws/install/sensor_msgs:/root/ros_ws/src/Rescue_Car_ws/install/nav_msgs:/root/ros_ws/src/Rescue_Car_ws/install/diagnostic_msgs:/root/ros_ws/src/Rescue_Car_ws/install/geometry_msgs:/root/ros_ws/src/Rescue_Car_ws/install/actionlib_msgs:/root/ros_ws/src/Rescue_Car_ws/install/statistics_msgs:/root/ros_ws/src/Rescue_Car_ws/install/rosidl_typesupport_microxrcedds_test_msg:/root/ros_ws/src/Rescue_Car_ws/install/rosidl_typesupport_microxrcedds_cpp_tests:/root/ros_ws/src/Rescue_Car_ws/install/rmw_microxrcedds:/root/ros_ws/src/Rescue_Car_ws/install/rosidl_typesupport_microxrcedds_cpp:/root/ros_ws/src/Rescue_Car_ws/install/rosidl_typesupport_microxrcedds_c_tests:/root/ros_ws/src/Rescue_Car_ws/install/rosidl_typesupport_microxrcedds_c:/root/ros_ws/src/Rescue_Car_ws/install/rosgraph_msgs:/root/ros_ws/src/Rescue_Car_ws/install/rclc_parameter:/root/ros_ws/src/Rescue_Car_ws/install/rclc:/root/ros_ws/src/Rescue_Car_ws/install/composition_interfaces:/root/ros_ws/src/Rescue_Car_ws/install/rcl_interfaces:/root/ros_ws/src/Rescue_Car_ws/install/microxrcedds_client:/root/ros_ws/src/Rescue_Car_ws/install/microcdr:/root/ros_ws/src/Rescue_Car_ws/install/micro_ros_utilities:/root/ros_ws/src/Rescue_Car_ws/install/micro_ros_setup:/root/ros_ws/src/Rescue_Car_ws/install/micro_ros_agent:/root/ros_ws/src/Rescue_Car_ws/install/micro_ros_msgs:/root/ros_ws/src/Rescue_Car_ws/install/lifecycle_msgs:/root/ros_ws/src/Rescue_Car_ws/install/complex_msgs:/root/ros_ws/src/Rescue_Car_ws/install/car:/root/ros_ws/src/Rescue_Car_ws/install/sensor_msgs_py:/opt/ros/humble LD_LIBRARY_PATH=/root/ros_ws/src/Rescue_Car_ws/install/std_msgs/lib:/root/ros_ws/src/Rescue_Car_ws/install/builtin_interfaces/lib:/root/ros_ws/src/Rescue_Car_ws/install/visualization_msgs/lib:/root/ros_ws/src/Rescue_Car_ws/install/test_msgs/lib:/root/ros_ws/src/Rescue_Car_ws/install/example_interfaces/lib:/root/ros_ws/src/Rescue_Car_ws/install/action_msgs/lib:/root/ros_ws/src/Rescue_Car_ws/install/unique_identifier_msgs/lib:/root/ros_ws/src/Rescue_Car_ws/install/trajectory_msgs/lib:/root/ros_ws/src/Rescue_Car_ws/install/stereo_msgs/lib:/root/ros_ws/src/Rescue_Car_ws/install/std_srvs/lib:/root/ros_ws/src/Rescue_Car_ws/install/shape_msgs/lib:/root/ros_ws/src/Rescue_Car_ws/install/sensor_msgs/lib:/root/ros_ws/src/Rescue_Car_ws/install/nav_msgs/lib:/root/ros_ws/src/Rescue_Car_ws/install/diagnostic_msgs/lib:/root/ros_ws/src/Rescue_Car_ws/install/geometry_msgs/lib:/root/ros_ws/src/Rescue_Car_ws/install/actionlib_msgs/lib:/root/ros_ws/src/Rescue_Car_ws/install/statistics_msgs/lib:/root/ros_ws/src/Rescue_Car_ws/install/rosidl_typesupport_microxrcedds_test_msg/lib:/root/ros_ws/src/Rescue_Car_ws/install/rmw_microxrcedds/lib:/root/ros_ws/src/Rescue_Car_ws/install/rosidl_typesupport_microxrcedds_cpp/lib:/root/ros_ws/src/Rescue_Car_ws/install/rosidl_typesupport_microxrcedds_c/lib:/root/ros_ws/src/Rescue_Car_ws/install/rosgraph_msgs/lib:/root/ros_ws/src/Rescue_Car_ws/install/rclc_parameter/lib:/root/ros_ws/src/Rescue_Car_ws/install/rclc/lib:/root/ros_ws/src/Rescue_Car_ws/install/composition_interfaces/lib:/root/ros_ws/src/Rescue_Car_ws/install/rcl_interfaces/lib:/root/ros_ws/src/Rescue_Car_ws/install/micro_ros_utilities/lib:/root/ros_ws/src/Rescue_Car_ws/install/micro_ros_agent/lib:/root/ros_ws/src/Rescue_Car_ws/install/micro_ros_msgs/lib:/root/ros_ws/src/Rescue_Car_ws/install/lifecycle_msgs/lib:/root/ros_ws/src/Rescue_Car_ws/install/complex_msgs/lib:/usr/lib/x86_64-linux-gnu/gazebo-11/plugins:/opt/ros/humble/opt/rviz_ogre_vendor/lib:/opt/ros/humble/lib/x86_64-linux-gnu:/opt/ros/humble/lib /usr/bin/cmake --build /root/ros_ws/src/Rescue_Car_ws/build/geometry_msgs -- -j20 -l20
[2.024s] DEBUG:colcon.colcon_core.event_handler.log_command:Invoking command in '/root/ros_ws/src/Rescue_Car_ws/build/actionlib_msgs': CMAKE_PREFIX_PATH=/root/ros_ws/src/Rescue_Car_ws/install/std_msgs:/root/ros_ws/src/Rescue_Car_ws/install/builtin_interfaces:/root/ros_ws/src/Rescue_Car_ws/install/micro_ros_demos_rclc:/root/ros_ws/src/Rescue_Car_ws/install/common_interfaces:/root/ros_ws/src/Rescue_Car_ws/install/visualization_msgs:/root/ros_ws/src/Rescue_Car_ws/install/test_msgs:/root/ros_ws/src/Rescue_Car_ws/install/example_interfaces:/root/ros_ws/src/Rescue_Car_ws/install/action_msgs:/root/ros_ws/src/Rescue_Car_ws/install/unique_identifier_msgs:/root/ros_ws/src/Rescue_Car_ws/install/trajectory_msgs:/root/ros_ws/src/Rescue_Car_ws/install/stereo_msgs:/root/ros_ws/src/Rescue_Car_ws/install/std_srvs:/root/ros_ws/src/Rescue_Car_ws/install/shape_msgs:/root/ros_ws/src/Rescue_Car_ws/install/sensor_msgs:/root/ros_ws/src/Rescue_Car_ws/install/nav_msgs:/root/ros_ws/src/Rescue_Car_ws/install/diagnostic_msgs:/root/ros_ws/src/Rescue_Car_ws/install/geometry_msgs:/root/ros_ws/src/Rescue_Car_ws/install/actionlib_msgs:/root/ros_ws/src/Rescue_Car_ws/install/statistics_msgs:/root/ros_ws/src/Rescue_Car_ws/install/rosidl_typesupport_microxrcedds_test_msg:/root/ros_ws/src/Rescue_Car_ws/install/rosidl_typesupport_microxrcedds_cpp_tests:/root/ros_ws/src/Rescue_Car_ws/install/rmw_microxrcedds:/root/ros_ws/src/Rescue_Car_ws/install/rosidl_typesupport_microxrcedds_cpp:/root/ros_ws/src/Rescue_Car_ws/install/rosidl_typesupport_microxrcedds_c_tests:/root/ros_ws/src/Rescue_Car_ws/install/rosidl_typesupport_microxrcedds_c:/root/ros_ws/src/Rescue_Car_ws/install/rosgraph_msgs:/root/ros_ws/src/Rescue_Car_ws/install/rclc_parameter:/root/ros_ws/src/Rescue_Car_ws/install/rclc:/root/ros_ws/src/Rescue_Car_ws/install/composition_interfaces:/root/ros_ws/src/Rescue_Car_ws/install/rcl_interfaces:/root/ros_ws/src/Rescue_Car_ws/install/microxrcedds_client:/root/ros_ws/src/Rescue_Car_ws/install/microcdr:/root/ros_ws/src/Rescue_Car_ws/install/micro_ros_utilities:/root/ros_ws/src/Rescue_Car_ws/install/micro_ros_setup:/root/ros_ws/src/Rescue_Car_ws/install/micro_ros_agent:/root/ros_ws/src/Rescue_Car_ws/install/micro_ros_msgs:/root/ros_ws/src/Rescue_Car_ws/install/lifecycle_msgs:/root/ros_ws/src/Rescue_Car_ws/install/complex_msgs:/root/ros_ws/src/Rescue_Car_ws/install/car:/root/ros_ws/src/Rescue_Car_ws/install/sensor_msgs_py:/opt/ros/humble LD_LIBRARY_PATH=/root/ros_ws/src/Rescue_Car_ws/install/std_msgs/lib:/root/ros_ws/src/Rescue_Car_ws/install/builtin_interfaces/lib:/root/ros_ws/src/Rescue_Car_ws/install/visualization_msgs/lib:/root/ros_ws/src/Rescue_Car_ws/install/test_msgs/lib:/root/ros_ws/src/Rescue_Car_ws/install/example_interfaces/lib:/root/ros_ws/src/Rescue_Car_ws/install/action_msgs/lib:/root/ros_ws/src/Rescue_Car_ws/install/unique_identifier_msgs/lib:/root/ros_ws/src/Rescue_Car_ws/install/trajectory_msgs/lib:/root/ros_ws/src/Rescue_Car_ws/install/stereo_msgs/lib:/root/ros_ws/src/Rescue_Car_ws/install/std_srvs/lib:/root/ros_ws/src/Rescue_Car_ws/install/shape_msgs/lib:/root/ros_ws/src/Rescue_Car_ws/install/sensor_msgs/lib:/root/ros_ws/src/Rescue_Car_ws/install/nav_msgs/lib:/root/ros_ws/src/Rescue_Car_ws/install/diagnostic_msgs/lib:/root/ros_ws/src/Rescue_Car_ws/install/geometry_msgs/lib:/root/ros_ws/src/Rescue_Car_ws/install/actionlib_msgs/lib:/root/ros_ws/src/Rescue_Car_ws/install/statistics_msgs/lib:/root/ros_ws/src/Rescue_Car_ws/install/rosidl_typesupport_microxrcedds_test_msg/lib:/root/ros_ws/src/Rescue_Car_ws/install/rmw_microxrcedds/lib:/root/ros_ws/src/Rescue_Car_ws/install/rosidl_typesupport_microxrcedds_cpp/lib:/root/ros_ws/src/Rescue_Car_ws/install/rosidl_typesupport_microxrcedds_c/lib:/root/ros_ws/src/Rescue_Car_ws/install/rosgraph_msgs/lib:/root/ros_ws/src/Rescue_Car_ws/install/rclc_parameter/lib:/root/ros_ws/src/Rescue_Car_ws/install/rclc/lib:/root/ros_ws/src/Rescue_Car_ws/install/composition_interfaces/lib:/root/ros_ws/src/Rescue_Car_ws/install/rcl_interfaces/lib:/root/ros_ws/src/Rescue_Car_ws/install/micro_ros_utilities/lib:/root/ros_ws/src/Rescue_Car_ws/install/micro_ros_agent/lib:/root/ros_ws/src/Rescue_Car_ws/install/micro_ros_msgs/lib:/root/ros_ws/src/Rescue_Car_ws/install/lifecycle_msgs/lib:/root/ros_ws/src/Rescue_Car_ws/install/complex_msgs/lib:/usr/lib/x86_64-linux-gnu/gazebo-11/plugins:/opt/ros/humble/opt/rviz_ogre_vendor/lib:/opt/ros/humble/lib/x86_64-linux-gnu:/opt/ros/humble/lib /usr/bin/cmake --build /root/ros_ws/src/Rescue_Car_ws/build/actionlib_msgs -- -j20 -l20
[2.046s] DEBUG:colcon.colcon_core.event_handler.log_command:Invoking command in '/root/ros_ws/src/Rescue_Car_ws/build/composition_interfaces': CMAKE_PREFIX_PATH=/root/ros_ws/src/Rescue_Car_ws/install/rcl_interfaces:/root/ros_ws/src/Rescue_Car_ws/install/builtin_interfaces:/root/ros_ws/src/Rescue_Car_ws/install/micro_ros_demos_rclc:/root/ros_ws/src/Rescue_Car_ws/install/common_interfaces:/root/ros_ws/src/Rescue_Car_ws/install/visualization_msgs:/root/ros_ws/src/Rescue_Car_ws/install/test_msgs:/root/ros_ws/src/Rescue_Car_ws/install/example_interfaces:/root/ros_ws/src/Rescue_Car_ws/install/action_msgs:/root/ros_ws/src/Rescue_Car_ws/install/unique_identifier_msgs:/root/ros_ws/src/Rescue_Car_ws/install/trajectory_msgs:/root/ros_ws/src/Rescue_Car_ws/install/stereo_msgs:/root/ros_ws/src/Rescue_Car_ws/install/std_srvs:/root/ros_ws/src/Rescue_Car_ws/install/shape_msgs:/root/ros_ws/src/Rescue_Car_ws/install/sensor_msgs:/root/ros_ws/src/Rescue_Car_ws/install/nav_msgs:/root/ros_ws/src/Rescue_Car_ws/install/diagnostic_msgs:/root/ros_ws/src/Rescue_Car_ws/install/geometry_msgs:/root/ros_ws/src/Rescue_Car_ws/install/actionlib_msgs:/root/ros_ws/src/Rescue_Car_ws/install/std_msgs:/root/ros_ws/src/Rescue_Car_ws/install/statistics_msgs:/root/ros_ws/src/Rescue_Car_ws/install/rosidl_typesupport_microxrcedds_test_msg:/root/ros_ws/src/Rescue_Car_ws/install/rosidl_typesupport_microxrcedds_cpp_tests:/root/ros_ws/src/Rescue_Car_ws/install/rmw_microxrcedds:/root/ros_ws/src/Rescue_Car_ws/install/rosidl_typesupport_microxrcedds_cpp:/root/ros_ws/src/Rescue_Car_ws/install/rosidl_typesupport_microxrcedds_c_tests:/root/ros_ws/src/Rescue_Car_ws/install/rosidl_typesupport_microxrcedds_c:/root/ros_ws/src/Rescue_Car_ws/install/rosgraph_msgs:/root/ros_ws/src/Rescue_Car_ws/install/rclc_parameter:/root/ros_ws/src/Rescue_Car_ws/install/rclc:/root/ros_ws/src/Rescue_Car_ws/install/composition_interfaces:/root/ros_ws/src/Rescue_Car_ws/install/microxrcedds_client:/root/ros_ws/src/Rescue_Car_ws/install/microcdr:/root/ros_ws/src/Rescue_Car_ws/install/micro_ros_utilities:/root/ros_ws/src/Rescue_Car_ws/install/micro_ros_setup:/root/ros_ws/src/Rescue_Car_ws/install/micro_ros_agent:/root/ros_ws/src/Rescue_Car_ws/install/micro_ros_msgs:/root/ros_ws/src/Rescue_Car_ws/install/lifecycle_msgs:/root/ros_ws/src/Rescue_Car_ws/install/complex_msgs:/root/ros_ws/src/Rescue_Car_ws/install/car:/root/ros_ws/src/Rescue_Car_ws/install/sensor_msgs_py:/opt/ros/humble LD_LIBRARY_PATH=/root/ros_ws/src/Rescue_Car_ws/install/rcl_interfaces/lib:/root/ros_ws/src/Rescue_Car_ws/install/builtin_interfaces/lib:/root/ros_ws/src/Rescue_Car_ws/install/visualization_msgs/lib:/root/ros_ws/src/Rescue_Car_ws/install/test_msgs/lib:/root/ros_ws/src/Rescue_Car_ws/install/example_interfaces/lib:/root/ros_ws/src/Rescue_Car_ws/install/action_msgs/lib:/root/ros_ws/src/Rescue_Car_ws/install/unique_identifier_msgs/lib:/root/ros_ws/src/Rescue_Car_ws/install/trajectory_msgs/lib:/root/ros_ws/src/Rescue_Car_ws/install/stereo_msgs/lib:/root/ros_ws/src/Rescue_Car_ws/install/std_srvs/lib:/root/ros_ws/src/Rescue_Car_ws/install/shape_msgs/lib:/root/ros_ws/src/Rescue_Car_ws/install/sensor_msgs/lib:/root/ros_ws/src/Rescue_Car_ws/install/nav_msgs/lib:/root/ros_ws/src/Rescue_Car_ws/install/diagnostic_msgs/lib:/root/ros_ws/src/Rescue_Car_ws/install/geometry_msgs/lib:/root/ros_ws/src/Rescue_Car_ws/install/actionlib_msgs/lib:/root/ros_ws/src/Rescue_Car_ws/install/std_msgs/lib:/root/ros_ws/src/Rescue_Car_ws/install/statistics_msgs/lib:/root/ros_ws/src/Rescue_Car_ws/install/rosidl_typesupport_microxrcedds_test_msg/lib:/root/ros_ws/src/Rescue_Car_ws/install/rmw_microxrcedds/lib:/root/ros_ws/src/Rescue_Car_ws/install/rosidl_typesupport_microxrcedds_cpp/lib:/root/ros_ws/src/Rescue_Car_ws/install/rosidl_typesupport_microxrcedds_c/lib:/root/ros_ws/src/Rescue_Car_ws/install/rosgraph_msgs/lib:/root/ros_ws/src/Rescue_Car_ws/install/rclc_parameter/lib:/root/ros_ws/src/Rescue_Car_ws/install/rclc/lib:/root/ros_ws/src/Rescue_Car_ws/install/composition_interfaces/lib:/root/ros_ws/src/Rescue_Car_ws/install/micro_ros_utilities/lib:/root/ros_ws/src/Rescue_Car_ws/install/micro_ros_agent/lib:/root/ros_ws/src/Rescue_Car_ws/install/micro_ros_msgs/lib:/root/ros_ws/src/Rescue_Car_ws/install/lifecycle_msgs/lib:/root/ros_ws/src/Rescue_Car_ws/install/complex_msgs/lib:/usr/lib/x86_64-linux-gnu/gazebo-11/plugins:/opt/ros/humble/opt/rviz_ogre_vendor/lib:/opt/ros/humble/lib/x86_64-linux-gnu:/opt/ros/humble/lib /usr/bin/cmake --build /root/ros_ws/src/Rescue_Car_ws/build/composition_interfaces -- -j20 -l20
[2.239s] DEBUG:colcon.colcon_core.event_handler.log_command:Invoking command in '/root/ros_ws/src/Rescue_Car_ws/build/rmw_microxrcedds': CMAKE_PREFIX_PATH=/root/ros_ws/src/Rescue_Car_ws/install/rosidl_typesupport_microxrcedds_cpp:/root/ros_ws/src/Rescue_Car_ws/install/rosidl_typesupport_microxrcedds_c:/root/ros_ws/src/Rescue_Car_ws/install/microxrcedds_client:/root/ros_ws/src/Rescue_Car_ws/install/microcdr:/root/ros_ws/src/Rescue_Car_ws/install/micro_ros_msgs:/root/ros_ws/src/Rescue_Car_ws/install/micro_ros_demos_rclc:/root/ros_ws/src/Rescue_Car_ws/install/common_interfaces:/root/ros_ws/src/Rescue_Car_ws/install/visualization_msgs:/root/ros_ws/src/Rescue_Car_ws/install/test_msgs:/root/ros_ws/src/Rescue_Car_ws/install/example_interfaces:/root/ros_ws/src/Rescue_Car_ws/install/action_msgs:/root/ros_ws/src/Rescue_Car_ws/install/unique_identifier_msgs:/root/ros_ws/src/Rescue_Car_ws/install/trajectory_msgs:/root/ros_ws/src/Rescue_Car_ws/install/stereo_msgs:/root/ros_ws/src/Rescue_Car_ws/install/std_srvs:/root/ros_ws/src/Rescue_Car_ws/install/shape_msgs:/root/ros_ws/src/Rescue_Car_ws/install/sensor_msgs:/root/ros_ws/src/Rescue_Car_ws/install/nav_msgs:/root/ros_ws/src/Rescue_Car_ws/install/diagnostic_msgs:/root/ros_ws/src/Rescue_Car_ws/install/geometry_msgs:/root/ros_ws/src/Rescue_Car_ws/install/actionlib_msgs:/root/ros_ws/src/Rescue_Car_ws/install/std_msgs:/root/ros_ws/src/Rescue_Car_ws/install/statistics_msgs:/root/ros_ws/src/Rescue_Car_ws/install/rosidl_typesupport_microxrcedds_test_msg:/root/ros_ws/src/Rescue_Car_ws/install/rosidl_typesupport_microxrcedds_cpp_tests:/root/ros_ws/src/Rescue_Car_ws/install/rmw_microxrcedds:/root/ros_ws/src/Rescue_Car_ws/install/rosidl_typesupport_microxrcedds_c_tests:/root/ros_ws/src/Rescue_Car_ws/install/rosgraph_msgs:/root/ros_ws/src/Rescue_Car_ws/install/rclc_parameter:/root/ros_ws/src/Rescue_Car_ws/install/rclc:/root/ros_ws/src/Rescue_Car_ws/install/composition_interfaces:/root/ros_ws/src/Rescue_Car_ws/install/rcl_interfaces:/root/ros_ws/src/Rescue_Car_ws/install/micro_ros_utilities:/root/ros_ws/src/Rescue_Car_ws/install/micro_ros_setup:/root/ros_ws/src/Rescue_Car_ws/install/micro_ros_agent:/root/ros_ws/src/Rescue_Car_ws/install/lifecycle_msgs:/root/ros_ws/src/Rescue_Car_ws/install/complex_msgs:/root/ros_ws/src/Rescue_Car_ws/install/car:/root/ros_ws/src/Rescue_Car_ws/install/builtin_interfaces:/root/ros_ws/src/Rescue_Car_ws/install/sensor_msgs_py:/opt/ros/humble LD_LIBRARY_PATH=/root/ros_ws/src/Rescue_Car_ws/install/micro_ros_msgs/lib:/root/ros_ws/src/Rescue_Car_ws/install/visualization_msgs/lib:/root/ros_ws/src/Rescue_Car_ws/install/test_msgs/lib:/root/ros_ws/src/Rescue_Car_ws/install/example_interfaces/lib:/root/ros_ws/src/Rescue_Car_ws/install/action_msgs/lib:/root/ros_ws/src/Rescue_Car_ws/install/unique_identifier_msgs/lib:/root/ros_ws/src/Rescue_Car_ws/install/trajectory_msgs/lib:/root/ros_ws/src/Rescue_Car_ws/install/stereo_msgs/lib:/root/ros_ws/src/Rescue_Car_ws/install/std_srvs/lib:/root/ros_ws/src/Rescue_Car_ws/install/shape_msgs/lib:/root/ros_ws/src/Rescue_Car_ws/install/sensor_msgs/lib:/root/ros_ws/src/Rescue_Car_ws/install/nav_msgs/lib:/root/ros_ws/src/Rescue_Car_ws/install/diagnostic_msgs/lib:/root/ros_ws/src/Rescue_Car_ws/install/geometry_msgs/lib:/root/ros_ws/src/Rescue_Car_ws/install/actionlib_msgs/lib:/root/ros_ws/src/Rescue_Car_ws/install/std_msgs/lib:/root/ros_ws/src/Rescue_Car_ws/install/statistics_msgs/lib:/root/ros_ws/src/Rescue_Car_ws/install/rosidl_typesupport_microxrcedds_test_msg/lib:/root/ros_ws/src/Rescue_Car_ws/install/rmw_microxrcedds/lib:/root/ros_ws/src/Rescue_Car_ws/install/rosidl_typesupport_microxrcedds_cpp/lib:/root/ros_ws/src/Rescue_Car_ws/install/rosidl_typesupport_microxrcedds_c/lib:/root/ros_ws/src/Rescue_Car_ws/install/rosgraph_msgs/lib:/root/ros_ws/src/Rescue_Car_ws/install/rclc_parameter/lib:/root/ros_ws/src/Rescue_Car_ws/install/rclc/lib:/root/ros_ws/src/Rescue_Car_ws/install/composition_interfaces/lib:/root/ros_ws/src/Rescue_Car_ws/install/rcl_interfaces/lib:/root/ros_ws/src/Rescue_Car_ws/install/micro_ros_utilities/lib:/root/ros_ws/src/Rescue_Car_ws/install/micro_ros_agent/lib:/root/ros_ws/src/Rescue_Car_ws/install/lifecycle_msgs/lib:/root/ros_ws/src/Rescue_Car_ws/install/complex_msgs/lib:/root/ros_ws/src/Rescue_Car_ws/install/builtin_interfaces/lib:/usr/lib/x86_64-linux-gnu/gazebo-11/plugins:/opt/ros/humble/opt/rviz_ogre_vendor/lib:/opt/ros/humble/lib/x86_64-linux-gnu:/opt/ros/humble/lib /usr/bin/cmake --build /root/ros_ws/src/Rescue_Car_ws/build/rmw_microxrcedds -- -j20 -l20
[2.245s] DEBUG:colcon.colcon_core.event_handler.log_command:Invoking command in '/root/ros_ws/src/Rescue_Car_ws/build/example_interfaces': CMAKE_PREFIX_PATH=/root/ros_ws/src/Rescue_Car_ws/install/action_msgs:/root/ros_ws/src/Rescue_Car_ws/install/unique_identifier_msgs:/root/ros_ws/src/Rescue_Car_ws/install/builtin_interfaces:/root/ros_ws/src/Rescue_Car_ws/install/micro_ros_demos_rclc:/root/ros_ws/src/Rescue_Car_ws/install/common_interfaces:/root/ros_ws/src/Rescue_Car_ws/install/visualization_msgs:/root/ros_ws/src/Rescue_Car_ws/install/test_msgs:/root/ros_ws/src/Rescue_Car_ws/install/example_interfaces:/root/ros_ws/src/Rescue_Car_ws/install/trajectory_msgs:/root/ros_ws/src/Rescue_Car_ws/install/stereo_msgs:/root/ros_ws/src/Rescue_Car_ws/install/std_srvs:/root/ros_ws/src/Rescue_Car_ws/install/shape_msgs:/root/ros_ws/src/Rescue_Car_ws/install/sensor_msgs:/root/ros_ws/src/Rescue_Car_ws/install/nav_msgs:/root/ros_ws/src/Rescue_Car_ws/install/diagnostic_msgs:/root/ros_ws/src/Rescue_Car_ws/install/geometry_msgs:/root/ros_ws/src/Rescue_Car_ws/install/actionlib_msgs:/root/ros_ws/src/Rescue_Car_ws/install/std_msgs:/root/ros_ws/src/Rescue_Car_ws/install/statistics_msgs:/root/ros_ws/src/Rescue_Car_ws/install/rosidl_typesupport_microxrcedds_test_msg:/root/ros_ws/src/Rescue_Car_ws/install/rosidl_typesupport_microxrcedds_cpp_tests:/root/ros_ws/src/Rescue_Car_ws/install/rmw_microxrcedds:/root/ros_ws/src/Rescue_Car_ws/install/rosidl_typesupport_microxrcedds_cpp:/root/ros_ws/src/Rescue_Car_ws/install/rosidl_typesupport_microxrcedds_c_tests:/root/ros_ws/src/Rescue_Car_ws/install/rosidl_typesupport_microxrcedds_c:/root/ros_ws/src/Rescue_Car_ws/install/rosgraph_msgs:/root/ros_ws/src/Rescue_Car_ws/install/rclc_parameter:/root/ros_ws/src/Rescue_Car_ws/install/rclc:/root/ros_ws/src/Rescue_Car_ws/install/composition_interfaces:/root/ros_ws/src/Rescue_Car_ws/install/rcl_interfaces:/root/ros_ws/src/Rescue_Car_ws/install/microxrcedds_client:/root/ros_ws/src/Rescue_Car_ws/install/microcdr:/root/ros_ws/src/Rescue_Car_ws/install/micro_ros_utilities:/root/ros_ws/src/Rescue_Car_ws/install/micro_ros_setup:/root/ros_ws/src/Rescue_Car_ws/install/micro_ros_agent:/root/ros_ws/src/Rescue_Car_ws/install/micro_ros_msgs:/root/ros_ws/src/Rescue_Car_ws/install/lifecycle_msgs:/root/ros_ws/src/Rescue_Car_ws/install/complex_msgs:/root/ros_ws/src/Rescue_Car_ws/install/car:/root/ros_ws/src/Rescue_Car_ws/install/sensor_msgs_py:/opt/ros/humble LD_LIBRARY_PATH=/root/ros_ws/src/Rescue_Car_ws/install/action_msgs/lib:/root/ros_ws/src/Rescue_Car_ws/install/unique_identifier_msgs/lib:/root/ros_ws/src/Rescue_Car_ws/install/builtin_interfaces/lib:/root/ros_ws/src/Rescue_Car_ws/install/visualization_msgs/lib:/root/ros_ws/src/Rescue_Car_ws/install/test_msgs/lib:/root/ros_ws/src/Rescue_Car_ws/install/example_interfaces/lib:/root/ros_ws/src/Rescue_Car_ws/install/trajectory_msgs/lib:/root/ros_ws/src/Rescue_Car_ws/install/stereo_msgs/lib:/root/ros_ws/src/Rescue_Car_ws/install/std_srvs/lib:/root/ros_ws/src/Rescue_Car_ws/install/shape_msgs/lib:/root/ros_ws/src/Rescue_Car_ws/install/sensor_msgs/lib:/root/ros_ws/src/Rescue_Car_ws/install/nav_msgs/lib:/root/ros_ws/src/Rescue_Car_ws/install/diagnostic_msgs/lib:/root/ros_ws/src/Rescue_Car_ws/install/geometry_msgs/lib:/root/ros_ws/src/Rescue_Car_ws/install/actionlib_msgs/lib:/root/ros_ws/src/Rescue_Car_ws/install/std_msgs/lib:/root/ros_ws/src/Rescue_Car_ws/install/statistics_msgs/lib:/root/ros_ws/src/Rescue_Car_ws/install/rosidl_typesupport_microxrcedds_test_msg/lib:/root/ros_ws/src/Rescue_Car_ws/install/rmw_microxrcedds/lib:/root/ros_ws/src/Rescue_Car_ws/install/rosidl_typesupport_microxrcedds_cpp/lib:/root/ros_ws/src/Rescue_Car_ws/install/rosidl_typesupport_microxrcedds_c/lib:/root/ros_ws/src/Rescue_Car_ws/install/rosgraph_msgs/lib:/root/ros_ws/src/Rescue_Car_ws/install/rclc_parameter/lib:/root/ros_ws/src/Rescue_Car_ws/install/rclc/lib:/root/ros_ws/src/Rescue_Car_ws/install/composition_interfaces/lib:/root/ros_ws/src/Rescue_Car_ws/install/rcl_interfaces/lib:/root/ros_ws/src/Rescue_Car_ws/install/micro_ros_utilities/lib:/root/ros_ws/src/Rescue_Car_ws/install/micro_ros_agent/lib:/root/ros_ws/src/Rescue_Car_ws/install/micro_ros_msgs/lib:/root/ros_ws/src/Rescue_Car_ws/install/lifecycle_msgs/lib:/root/ros_ws/src/Rescue_Car_ws/install/complex_msgs/lib:/usr/lib/x86_64-linux-gnu/gazebo-11/plugins:/opt/ros/humble/opt/rviz_ogre_vendor/lib:/opt/ros/humble/lib/x86_64-linux-gnu:/opt/ros/humble/lib /usr/bin/cmake --build /root/ros_ws/src/Rescue_Car_ws/build/example_interfaces -- -j20 -l20
[2.279s] DEBUG:colcon.colcon_core.event_handler.log_command:Invoking command in '/root/ros_ws/src/Rescue_Car_ws/build/test_msgs': CMAKE_PREFIX_PATH=/root/ros_ws/src/Rescue_Car_ws/install/action_msgs:/root/ros_ws/src/Rescue_Car_ws/install/unique_identifier_msgs:/root/ros_ws/src/Rescue_Car_ws/install/builtin_interfaces:/root/ros_ws/src/Rescue_Car_ws/install/micro_ros_demos_rclc:/root/ros_ws/src/Rescue_Car_ws/install/common_interfaces:/root/ros_ws/src/Rescue_Car_ws/install/visualization_msgs:/root/ros_ws/src/Rescue_Car_ws/install/test_msgs:/root/ros_ws/src/Rescue_Car_ws/install/example_interfaces:/root/ros_ws/src/Rescue_Car_ws/install/trajectory_msgs:/root/ros_ws/src/Rescue_Car_ws/install/stereo_msgs:/root/ros_ws/src/Rescue_Car_ws/install/std_srvs:/root/ros_ws/src/Rescue_Car_ws/install/shape_msgs:/root/ros_ws/src/Rescue_Car_ws/install/sensor_msgs:/root/ros_ws/src/Rescue_Car_ws/install/nav_msgs:/root/ros_ws/src/Rescue_Car_ws/install/diagnostic_msgs:/root/ros_ws/src/Rescue_Car_ws/install/geometry_msgs:/root/ros_ws/src/Rescue_Car_ws/install/actionlib_msgs:/root/ros_ws/src/Rescue_Car_ws/install/std_msgs:/root/ros_ws/src/Rescue_Car_ws/install/statistics_msgs:/root/ros_ws/src/Rescue_Car_ws/install/rosidl_typesupport_microxrcedds_test_msg:/root/ros_ws/src/Rescue_Car_ws/install/rosidl_typesupport_microxrcedds_cpp_tests:/root/ros_ws/src/Rescue_Car_ws/install/rmw_microxrcedds:/root/ros_ws/src/Rescue_Car_ws/install/rosidl_typesupport_microxrcedds_cpp:/root/ros_ws/src/Rescue_Car_ws/install/rosidl_typesupport_microxrcedds_c_tests:/root/ros_ws/src/Rescue_Car_ws/install/rosidl_typesupport_microxrcedds_c:/root/ros_ws/src/Rescue_Car_ws/install/rosgraph_msgs:/root/ros_ws/src/Rescue_Car_ws/install/rclc_parameter:/root/ros_ws/src/Rescue_Car_ws/install/rclc:/root/ros_ws/src/Rescue_Car_ws/install/composition_interfaces:/root/ros_ws/src/Rescue_Car_ws/install/rcl_interfaces:/root/ros_ws/src/Rescue_Car_ws/install/microxrcedds_client:/root/ros_ws/src/Rescue_Car_ws/install/microcdr:/root/ros_ws/src/Rescue_Car_ws/install/micro_ros_utilities:/root/ros_ws/src/Rescue_Car_ws/install/micro_ros_setup:/root/ros_ws/src/Rescue_Car_ws/install/micro_ros_agent:/root/ros_ws/src/Rescue_Car_ws/install/micro_ros_msgs:/root/ros_ws/src/Rescue_Car_ws/install/lifecycle_msgs:/root/ros_ws/src/Rescue_Car_ws/install/complex_msgs:/root/ros_ws/src/Rescue_Car_ws/install/car:/root/ros_ws/src/Rescue_Car_ws/install/sensor_msgs_py:/opt/ros/humble LD_LIBRARY_PATH=/root/ros_ws/src/Rescue_Car_ws/install/action_msgs/lib:/root/ros_ws/src/Rescue_Car_ws/install/unique_identifier_msgs/lib:/root/ros_ws/src/Rescue_Car_ws/install/builtin_interfaces/lib:/root/ros_ws/src/Rescue_Car_ws/install/visualization_msgs/lib:/root/ros_ws/src/Rescue_Car_ws/install/test_msgs/lib:/root/ros_ws/src/Rescue_Car_ws/install/example_interfaces/lib:/root/ros_ws/src/Rescue_Car_ws/install/trajectory_msgs/lib:/root/ros_ws/src/Rescue_Car_ws/install/stereo_msgs/lib:/root/ros_ws/src/Rescue_Car_ws/install/std_srvs/lib:/root/ros_ws/src/Rescue_Car_ws/install/shape_msgs/lib:/root/ros_ws/src/Rescue_Car_ws/install/sensor_msgs/lib:/root/ros_ws/src/Rescue_Car_ws/install/nav_msgs/lib:/root/ros_ws/src/Rescue_Car_ws/install/diagnostic_msgs/lib:/root/ros_ws/src/Rescue_Car_ws/install/geometry_msgs/lib:/root/ros_ws/src/Rescue_Car_ws/install/actionlib_msgs/lib:/root/ros_ws/src/Rescue_Car_ws/install/std_msgs/lib:/root/ros_ws/src/Rescue_Car_ws/install/statistics_msgs/lib:/root/ros_ws/src/Rescue_Car_ws/install/rosidl_typesupport_microxrcedds_test_msg/lib:/root/ros_ws/src/Rescue_Car_ws/install/rmw_microxrcedds/lib:/root/ros_ws/src/Rescue_Car_ws/install/rosidl_typesupport_microxrcedds_cpp/lib:/root/ros_ws/src/Rescue_Car_ws/install/rosidl_typesupport_microxrcedds_c/lib:/root/ros_ws/src/Rescue_Car_ws/install/rosgraph_msgs/lib:/root/ros_ws/src/Rescue_Car_ws/install/rclc_parameter/lib:/root/ros_ws/src/Rescue_Car_ws/install/rclc/lib:/root/ros_ws/src/Rescue_Car_ws/install/composition_interfaces/lib:/root/ros_ws/src/Rescue_Car_ws/install/rcl_interfaces/lib:/root/ros_ws/src/Rescue_Car_ws/install/micro_ros_utilities/lib:/root/ros_ws/src/Rescue_Car_ws/install/micro_ros_agent/lib:/root/ros_ws/src/Rescue_Car_ws/install/micro_ros_msgs/lib:/root/ros_ws/src/Rescue_Car_ws/install/lifecycle_msgs/lib:/root/ros_ws/src/Rescue_Car_ws/install/complex_msgs/lib:/usr/lib/x86_64-linux-gnu/gazebo-11/plugins:/opt/ros/humble/opt/rviz_ogre_vendor/lib:/opt/ros/humble/lib/x86_64-linux-gnu:/opt/ros/humble/lib /usr/bin/cmake --build /root/ros_ws/src/Rescue_Car_ws/build/test_msgs -- -j20 -l20
[2.423s] DEBUG:colcon.colcon_core.event_handler.log_command:Invoked command in '/root/ros_ws/src/Rescue_Car_ws/build/composition_interfaces' returned '0': CMAKE_PREFIX_PATH=/root/ros_ws/src/Rescue_Car_ws/install/rcl_interfaces:/root/ros_ws/src/Rescue_Car_ws/install/builtin_interfaces:/root/ros_ws/src/Rescue_Car_ws/install/micro_ros_demos_rclc:/root/ros_ws/src/Rescue_Car_ws/install/common_interfaces:/root/ros_ws/src/Rescue_Car_ws/install/visualization_msgs:/root/ros_ws/src/Rescue_Car_ws/install/test_msgs:/root/ros_ws/src/Rescue_Car_ws/install/example_interfaces:/root/ros_ws/src/Rescue_Car_ws/install/action_msgs:/root/ros_ws/src/Rescue_Car_ws/install/unique_identifier_msgs:/root/ros_ws/src/Rescue_Car_ws/install/trajectory_msgs:/root/ros_ws/src/Rescue_Car_ws/install/stereo_msgs:/root/ros_ws/src/Rescue_Car_ws/install/std_srvs:/root/ros_ws/src/Rescue_Car_ws/install/shape_msgs:/root/ros_ws/src/Rescue_Car_ws/install/sensor_msgs:/root/ros_ws/src/Rescue_Car_ws/install/nav_msgs:/root/ros_ws/src/Rescue_Car_ws/install/diagnostic_msgs:/root/ros_ws/src/Rescue_Car_ws/install/geometry_msgs:/root/ros_ws/src/Rescue_Car_ws/install/actionlib_msgs:/root/ros_ws/src/Rescue_Car_ws/install/std_msgs:/root/ros_ws/src/Rescue_Car_ws/install/statistics_msgs:/root/ros_ws/src/Rescue_Car_ws/install/rosidl_typesupport_microxrcedds_test_msg:/root/ros_ws/src/Rescue_Car_ws/install/rosidl_typesupport_microxrcedds_cpp_tests:/root/ros_ws/src/Rescue_Car_ws/install/rmw_microxrcedds:/root/ros_ws/src/Rescue_Car_ws/install/rosidl_typesupport_microxrcedds_cpp:/root/ros_ws/src/Rescue_Car_ws/install/rosidl_typesupport_microxrcedds_c_tests:/root/ros_ws/src/Rescue_Car_ws/install/rosidl_typesupport_microxrcedds_c:/root/ros_ws/src/Rescue_Car_ws/install/rosgraph_msgs:/root/ros_ws/src/Rescue_Car_ws/install/rclc_parameter:/root/ros_ws/src/Rescue_Car_ws/install/rclc:/root/ros_ws/src/Rescue_Car_ws/install/composition_interfaces:/root/ros_ws/src/Rescue_Car_ws/install/microxrcedds_client:/root/ros_ws/src/Rescue_Car_ws/install/microcdr:/root/ros_ws/src/Rescue_Car_ws/install/micro_ros_utilities:/root/ros_ws/src/Rescue_Car_ws/install/micro_ros_setup:/root/ros_ws/src/Rescue_Car_ws/install/micro_ros_agent:/root/ros_ws/src/Rescue_Car_ws/install/micro_ros_msgs:/root/ros_ws/src/Rescue_Car_ws/install/lifecycle_msgs:/root/ros_ws/src/Rescue_Car_ws/install/complex_msgs:/root/ros_ws/src/Rescue_Car_ws/install/car:/root/ros_ws/src/Rescue_Car_ws/install/sensor_msgs_py:/opt/ros/humble LD_LIBRARY_PATH=/root/ros_ws/src/Rescue_Car_ws/install/rcl_interfaces/lib:/root/ros_ws/src/Rescue_Car_ws/install/builtin_interfaces/lib:/root/ros_ws/src/Rescue_Car_ws/install/visualization_msgs/lib:/root/ros_ws/src/Rescue_Car_ws/install/test_msgs/lib:/root/ros_ws/src/Rescue_Car_ws/install/example_interfaces/lib:/root/ros_ws/src/Rescue_Car_ws/install/action_msgs/lib:/root/ros_ws/src/Rescue_Car_ws/install/unique_identifier_msgs/lib:/root/ros_ws/src/Rescue_Car_ws/install/trajectory_msgs/lib:/root/ros_ws/src/Rescue_Car_ws/install/stereo_msgs/lib:/root/ros_ws/src/Rescue_Car_ws/install/std_srvs/lib:/root/ros_ws/src/Rescue_Car_ws/install/shape_msgs/lib:/root/ros_ws/src/Rescue_Car_ws/install/sensor_msgs/lib:/root/ros_ws/src/Rescue_Car_ws/install/nav_msgs/lib:/root/ros_ws/src/Rescue_Car_ws/install/diagnostic_msgs/lib:/root/ros_ws/src/Rescue_Car_ws/install/geometry_msgs/lib:/root/ros_ws/src/Rescue_Car_ws/install/actionlib_msgs/lib:/root/ros_ws/src/Rescue_Car_ws/install/std_msgs/lib:/root/ros_ws/src/Rescue_Car_ws/install/statistics_msgs/lib:/root/ros_ws/src/Rescue_Car_ws/install/rosidl_typesupport_microxrcedds_test_msg/lib:/root/ros_ws/src/Rescue_Car_ws/install/rmw_microxrcedds/lib:/root/ros_ws/src/Rescue_Car_ws/install/rosidl_typesupport_microxrcedds_cpp/lib:/root/ros_ws/src/Rescue_Car_ws/install/rosidl_typesupport_microxrcedds_c/lib:/root/ros_ws/src/Rescue_Car_ws/install/rosgraph_msgs/lib:/root/ros_ws/src/Rescue_Car_ws/install/rclc_parameter/lib:/root/ros_ws/src/Rescue_Car_ws/install/rclc/lib:/root/ros_ws/src/Rescue_Car_ws/install/composition_interfaces/lib:/root/ros_ws/src/Rescue_Car_ws/install/micro_ros_utilities/lib:/root/ros_ws/src/Rescue_Car_ws/install/micro_ros_agent/lib:/root/ros_ws/src/Rescue_Car_ws/install/micro_ros_msgs/lib:/root/ros_ws/src/Rescue_Car_ws/install/lifecycle_msgs/lib:/root/ros_ws/src/Rescue_Car_ws/install/complex_msgs/lib:/usr/lib/x86_64-linux-gnu/gazebo-11/plugins:/opt/ros/humble/opt/rviz_ogre_vendor/lib:/opt/ros/humble/lib/x86_64-linux-gnu:/opt/ros/humble/lib /usr/bin/cmake --build /root/ros_ws/src/Rescue_Car_ws/build/composition_interfaces -- -j20 -l20
[2.425s] DEBUG:colcon.colcon_core.event_handler.log_command:Invoking command in '/root/ros_ws/src/Rescue_Car_ws/build/composition_interfaces': CMAKE_PREFIX_PATH=/root/ros_ws/src/Rescue_Car_ws/install/rcl_interfaces:/root/ros_ws/src/Rescue_Car_ws/install/builtin_interfaces:/root/ros_ws/src/Rescue_Car_ws/install/micro_ros_demos_rclc:/root/ros_ws/src/Rescue_Car_ws/install/common_interfaces:/root/ros_ws/src/Rescue_Car_ws/install/visualization_msgs:/root/ros_ws/src/Rescue_Car_ws/install/test_msgs:/root/ros_ws/src/Rescue_Car_ws/install/example_interfaces:/root/ros_ws/src/Rescue_Car_ws/install/action_msgs:/root/ros_ws/src/Rescue_Car_ws/install/unique_identifier_msgs:/root/ros_ws/src/Rescue_Car_ws/install/trajectory_msgs:/root/ros_ws/src/Rescue_Car_ws/install/stereo_msgs:/root/ros_ws/src/Rescue_Car_ws/install/std_srvs:/root/ros_ws/src/Rescue_Car_ws/install/shape_msgs:/root/ros_ws/src/Rescue_Car_ws/install/sensor_msgs:/root/ros_ws/src/Rescue_Car_ws/install/nav_msgs:/root/ros_ws/src/Rescue_Car_ws/install/diagnostic_msgs:/root/ros_ws/src/Rescue_Car_ws/install/geometry_msgs:/root/ros_ws/src/Rescue_Car_ws/install/actionlib_msgs:/root/ros_ws/src/Rescue_Car_ws/install/std_msgs:/root/ros_ws/src/Rescue_Car_ws/install/statistics_msgs:/root/ros_ws/src/Rescue_Car_ws/install/rosidl_typesupport_microxrcedds_test_msg:/root/ros_ws/src/Rescue_Car_ws/install/rosidl_typesupport_microxrcedds_cpp_tests:/root/ros_ws/src/Rescue_Car_ws/install/rmw_microxrcedds:/root/ros_ws/src/Rescue_Car_ws/install/rosidl_typesupport_microxrcedds_cpp:/root/ros_ws/src/Rescue_Car_ws/install/rosidl_typesupport_microxrcedds_c_tests:/root/ros_ws/src/Rescue_Car_ws/install/rosidl_typesupport_microxrcedds_c:/root/ros_ws/src/Rescue_Car_ws/install/rosgraph_msgs:/root/ros_ws/src/Rescue_Car_ws/install/rclc_parameter:/root/ros_ws/src/Rescue_Car_ws/install/rclc:/root/ros_ws/src/Rescue_Car_ws/install/composition_interfaces:/root/ros_ws/src/Rescue_Car_ws/install/microxrcedds_client:/root/ros_ws/src/Rescue_Car_ws/install/microcdr:/root/ros_ws/src/Rescue_Car_ws/install/micro_ros_utilities:/root/ros_ws/src/Rescue_Car_ws/install/micro_ros_setup:/root/ros_ws/src/Rescue_Car_ws/install/micro_ros_agent:/root/ros_ws/src/Rescue_Car_ws/install/micro_ros_msgs:/root/ros_ws/src/Rescue_Car_ws/install/lifecycle_msgs:/root/ros_ws/src/Rescue_Car_ws/install/complex_msgs:/root/ros_ws/src/Rescue_Car_ws/install/car:/root/ros_ws/src/Rescue_Car_ws/install/sensor_msgs_py:/opt/ros/humble LD_LIBRARY_PATH=/root/ros_ws/src/Rescue_Car_ws/install/rcl_interfaces/lib:/root/ros_ws/src/Rescue_Car_ws/install/builtin_interfaces/lib:/root/ros_ws/src/Rescue_Car_ws/install/visualization_msgs/lib:/root/ros_ws/src/Rescue_Car_ws/install/test_msgs/lib:/root/ros_ws/src/Rescue_Car_ws/install/example_interfaces/lib:/root/ros_ws/src/Rescue_Car_ws/install/action_msgs/lib:/root/ros_ws/src/Rescue_Car_ws/install/unique_identifier_msgs/lib:/root/ros_ws/src/Rescue_Car_ws/install/trajectory_msgs/lib:/root/ros_ws/src/Rescue_Car_ws/install/stereo_msgs/lib:/root/ros_ws/src/Rescue_Car_ws/install/std_srvs/lib:/root/ros_ws/src/Rescue_Car_ws/install/shape_msgs/lib:/root/ros_ws/src/Rescue_Car_ws/install/sensor_msgs/lib:/root/ros_ws/src/Rescue_Car_ws/install/nav_msgs/lib:/root/ros_ws/src/Rescue_Car_ws/install/diagnostic_msgs/lib:/root/ros_ws/src/Rescue_Car_ws/install/geometry_msgs/lib:/root/ros_ws/src/Rescue_Car_ws/install/actionlib_msgs/lib:/root/ros_ws/src/Rescue_Car_ws/install/std_msgs/lib:/root/ros_ws/src/Rescue_Car_ws/install/statistics_msgs/lib:/root/ros_ws/src/Rescue_Car_ws/install/rosidl_typesupport_microxrcedds_test_msg/lib:/root/ros_ws/src/Rescue_Car_ws/install/rmw_microxrcedds/lib:/root/ros_ws/src/Rescue_Car_ws/install/rosidl_typesupport_microxrcedds_cpp/lib:/root/ros_ws/src/Rescue_Car_ws/install/rosidl_typesupport_microxrcedds_c/lib:/root/ros_ws/src/Rescue_Car_ws/install/rosgraph_msgs/lib:/root/ros_ws/src/Rescue_Car_ws/install/rclc_parameter/lib:/root/ros_ws/src/Rescue_Car_ws/install/rclc/lib:/root/ros_ws/src/Rescue_Car_ws/install/composition_interfaces/lib:/root/ros_ws/src/Rescue_Car_ws/install/micro_ros_utilities/lib:/root/ros_ws/src/Rescue_Car_ws/install/micro_ros_agent/lib:/root/ros_ws/src/Rescue_Car_ws/install/micro_ros_msgs/lib:/root/ros_ws/src/Rescue_Car_ws/install/lifecycle_msgs/lib:/root/ros_ws/src/Rescue_Car_ws/install/complex_msgs/lib:/usr/lib/x86_64-linux-gnu/gazebo-11/plugins:/opt/ros/humble/opt/rviz_ogre_vendor/lib:/opt/ros/humble/lib/x86_64-linux-gnu:/opt/ros/humble/lib /usr/bin/cmake --install /root/ros_ws/src/Rescue_Car_ws/build/composition_interfaces
[2.433s] DEBUG:colcon.colcon_core.event_handler.log_command:Invoked command in '/root/ros_ws/src/Rescue_Car_ws/build/rmw_microxrcedds' returned '0': CMAKE_PREFIX_PATH=/root/ros_ws/src/Rescue_Car_ws/install/rosidl_typesupport_microxrcedds_cpp:/root/ros_ws/src/Rescue_Car_ws/install/rosidl_typesupport_microxrcedds_c:/root/ros_ws/src/Rescue_Car_ws/install/microxrcedds_client:/root/ros_ws/src/Rescue_Car_ws/install/microcdr:/root/ros_ws/src/Rescue_Car_ws/install/micro_ros_msgs:/root/ros_ws/src/Rescue_Car_ws/install/micro_ros_demos_rclc:/root/ros_ws/src/Rescue_Car_ws/install/common_interfaces:/root/ros_ws/src/Rescue_Car_ws/install/visualization_msgs:/root/ros_ws/src/Rescue_Car_ws/install/test_msgs:/root/ros_ws/src/Rescue_Car_ws/install/example_interfaces:/root/ros_ws/src/Rescue_Car_ws/install/action_msgs:/root/ros_ws/src/Rescue_Car_ws/install/unique_identifier_msgs:/root/ros_ws/src/Rescue_Car_ws/install/trajectory_msgs:/root/ros_ws/src/Rescue_Car_ws/install/stereo_msgs:/root/ros_ws/src/Rescue_Car_ws/install/std_srvs:/root/ros_ws/src/Rescue_Car_ws/install/shape_msgs:/root/ros_ws/src/Rescue_Car_ws/install/sensor_msgs:/root/ros_ws/src/Rescue_Car_ws/install/nav_msgs:/root/ros_ws/src/Rescue_Car_ws/install/diagnostic_msgs:/root/ros_ws/src/Rescue_Car_ws/install/geometry_msgs:/root/ros_ws/src/Rescue_Car_ws/install/actionlib_msgs:/root/ros_ws/src/Rescue_Car_ws/install/std_msgs:/root/ros_ws/src/Rescue_Car_ws/install/statistics_msgs:/root/ros_ws/src/Rescue_Car_ws/install/rosidl_typesupport_microxrcedds_test_msg:/root/ros_ws/src/Rescue_Car_ws/install/rosidl_typesupport_microxrcedds_cpp_tests:/root/ros_ws/src/Rescue_Car_ws/install/rmw_microxrcedds:/root/ros_ws/src/Rescue_Car_ws/install/rosidl_typesupport_microxrcedds_c_tests:/root/ros_ws/src/Rescue_Car_ws/install/rosgraph_msgs:/root/ros_ws/src/Rescue_Car_ws/install/rclc_parameter:/root/ros_ws/src/Rescue_Car_ws/install/rclc:/root/ros_ws/src/Rescue_Car_ws/install/composition_interfaces:/root/ros_ws/src/Rescue_Car_ws/install/rcl_interfaces:/root/ros_ws/src/Rescue_Car_ws/install/micro_ros_utilities:/root/ros_ws/src/Rescue_Car_ws/install/micro_ros_setup:/root/ros_ws/src/Rescue_Car_ws/install/micro_ros_agent:/root/ros_ws/src/Rescue_Car_ws/install/lifecycle_msgs:/root/ros_ws/src/Rescue_Car_ws/install/complex_msgs:/root/ros_ws/src/Rescue_Car_ws/install/car:/root/ros_ws/src/Rescue_Car_ws/install/builtin_interfaces:/root/ros_ws/src/Rescue_Car_ws/install/sensor_msgs_py:/opt/ros/humble LD_LIBRARY_PATH=/root/ros_ws/src/Rescue_Car_ws/install/micro_ros_msgs/lib:/root/ros_ws/src/Rescue_Car_ws/install/visualization_msgs/lib:/root/ros_ws/src/Rescue_Car_ws/install/test_msgs/lib:/root/ros_ws/src/Rescue_Car_ws/install/example_interfaces/lib:/root/ros_ws/src/Rescue_Car_ws/install/action_msgs/lib:/root/ros_ws/src/Rescue_Car_ws/install/unique_identifier_msgs/lib:/root/ros_ws/src/Rescue_Car_ws/install/trajectory_msgs/lib:/root/ros_ws/src/Rescue_Car_ws/install/stereo_msgs/lib:/root/ros_ws/src/Rescue_Car_ws/install/std_srvs/lib:/root/ros_ws/src/Rescue_Car_ws/install/shape_msgs/lib:/root/ros_ws/src/Rescue_Car_ws/install/sensor_msgs/lib:/root/ros_ws/src/Rescue_Car_ws/install/nav_msgs/lib:/root/ros_ws/src/Rescue_Car_ws/install/diagnostic_msgs/lib:/root/ros_ws/src/Rescue_Car_ws/install/geometry_msgs/lib:/root/ros_ws/src/Rescue_Car_ws/install/actionlib_msgs/lib:/root/ros_ws/src/Rescue_Car_ws/install/std_msgs/lib:/root/ros_ws/src/Rescue_Car_ws/install/statistics_msgs/lib:/root/ros_ws/src/Rescue_Car_ws/install/rosidl_typesupport_microxrcedds_test_msg/lib:/root/ros_ws/src/Rescue_Car_ws/install/rmw_microxrcedds/lib:/root/ros_ws/src/Rescue_Car_ws/install/rosidl_typesupport_microxrcedds_cpp/lib:/root/ros_ws/src/Rescue_Car_ws/install/rosidl_typesupport_microxrcedds_c/lib:/root/ros_ws/src/Rescue_Car_ws/install/rosgraph_msgs/lib:/root/ros_ws/src/Rescue_Car_ws/install/rclc_parameter/lib:/root/ros_ws/src/Rescue_Car_ws/install/rclc/lib:/root/ros_ws/src/Rescue_Car_ws/install/composition_interfaces/lib:/root/ros_ws/src/Rescue_Car_ws/install/rcl_interfaces/lib:/root/ros_ws/src/Rescue_Car_ws/install/micro_ros_utilities/lib:/root/ros_ws/src/Rescue_Car_ws/install/micro_ros_agent/lib:/root/ros_ws/src/Rescue_Car_ws/install/lifecycle_msgs/lib:/root/ros_ws/src/Rescue_Car_ws/install/complex_msgs/lib:/root/ros_ws/src/Rescue_Car_ws/install/builtin_interfaces/lib:/usr/lib/x86_64-linux-gnu/gazebo-11/plugins:/opt/ros/humble/opt/rviz_ogre_vendor/lib:/opt/ros/humble/lib/x86_64-linux-gnu:/opt/ros/humble/lib /usr/bin/cmake --build /root/ros_ws/src/Rescue_Car_ws/build/rmw_microxrcedds -- -j20 -l20
[2.434s] DEBUG:colcon.colcon_core.event_handler.log_command:Invoking command in '/root/ros_ws/src/Rescue_Car_ws/build/rmw_microxrcedds': CMAKE_PREFIX_PATH=/root/ros_ws/src/Rescue_Car_ws/install/rosidl_typesupport_microxrcedds_cpp:/root/ros_ws/src/Rescue_Car_ws/install/rosidl_typesupport_microxrcedds_c:/root/ros_ws/src/Rescue_Car_ws/install/microxrcedds_client:/root/ros_ws/src/Rescue_Car_ws/install/microcdr:/root/ros_ws/src/Rescue_Car_ws/install/micro_ros_msgs:/root/ros_ws/src/Rescue_Car_ws/install/micro_ros_demos_rclc:/root/ros_ws/src/Rescue_Car_ws/install/common_interfaces:/root/ros_ws/src/Rescue_Car_ws/install/visualization_msgs:/root/ros_ws/src/Rescue_Car_ws/install/test_msgs:/root/ros_ws/src/Rescue_Car_ws/install/example_interfaces:/root/ros_ws/src/Rescue_Car_ws/install/action_msgs:/root/ros_ws/src/Rescue_Car_ws/install/unique_identifier_msgs:/root/ros_ws/src/Rescue_Car_ws/install/trajectory_msgs:/root/ros_ws/src/Rescue_Car_ws/install/stereo_msgs:/root/ros_ws/src/Rescue_Car_ws/install/std_srvs:/root/ros_ws/src/Rescue_Car_ws/install/shape_msgs:/root/ros_ws/src/Rescue_Car_ws/install/sensor_msgs:/root/ros_ws/src/Rescue_Car_ws/install/nav_msgs:/root/ros_ws/src/Rescue_Car_ws/install/diagnostic_msgs:/root/ros_ws/src/Rescue_Car_ws/install/geometry_msgs:/root/ros_ws/src/Rescue_Car_ws/install/actionlib_msgs:/root/ros_ws/src/Rescue_Car_ws/install/std_msgs:/root/ros_ws/src/Rescue_Car_ws/install/statistics_msgs:/root/ros_ws/src/Rescue_Car_ws/install/rosidl_typesupport_microxrcedds_test_msg:/root/ros_ws/src/Rescue_Car_ws/install/rosidl_typesupport_microxrcedds_cpp_tests:/root/ros_ws/src/Rescue_Car_ws/install/rmw_microxrcedds:/root/ros_ws/src/Rescue_Car_ws/install/rosidl_typesupport_microxrcedds_c_tests:/root/ros_ws/src/Rescue_Car_ws/install/rosgraph_msgs:/root/ros_ws/src/Rescue_Car_ws/install/rclc_parameter:/root/ros_ws/src/Rescue_Car_ws/install/rclc:/root/ros_ws/src/Rescue_Car_ws/install/composition_interfaces:/root/ros_ws/src/Rescue_Car_ws/install/rcl_interfaces:/root/ros_ws/src/Rescue_Car_ws/install/micro_ros_utilities:/root/ros_ws/src/Rescue_Car_ws/install/micro_ros_setup:/root/ros_ws/src/Rescue_Car_ws/install/micro_ros_agent:/root/ros_ws/src/Rescue_Car_ws/install/lifecycle_msgs:/root/ros_ws/src/Rescue_Car_ws/install/complex_msgs:/root/ros_ws/src/Rescue_Car_ws/install/car:/root/ros_ws/src/Rescue_Car_ws/install/builtin_interfaces:/root/ros_ws/src/Rescue_Car_ws/install/sensor_msgs_py:/opt/ros/humble LD_LIBRARY_PATH=/root/ros_ws/src/Rescue_Car_ws/install/micro_ros_msgs/lib:/root/ros_ws/src/Rescue_Car_ws/install/visualization_msgs/lib:/root/ros_ws/src/Rescue_Car_ws/install/test_msgs/lib:/root/ros_ws/src/Rescue_Car_ws/install/example_interfaces/lib:/root/ros_ws/src/Rescue_Car_ws/install/action_msgs/lib:/root/ros_ws/src/Rescue_Car_ws/install/unique_identifier_msgs/lib:/root/ros_ws/src/Rescue_Car_ws/install/trajectory_msgs/lib:/root/ros_ws/src/Rescue_Car_ws/install/stereo_msgs/lib:/root/ros_ws/src/Rescue_Car_ws/install/std_srvs/lib:/root/ros_ws/src/Rescue_Car_ws/install/shape_msgs/lib:/root/ros_ws/src/Rescue_Car_ws/install/sensor_msgs/lib:/root/ros_ws/src/Rescue_Car_ws/install/nav_msgs/lib:/root/ros_ws/src/Rescue_Car_ws/install/diagnostic_msgs/lib:/root/ros_ws/src/Rescue_Car_ws/install/geometry_msgs/lib:/root/ros_ws/src/Rescue_Car_ws/install/actionlib_msgs/lib:/root/ros_ws/src/Rescue_Car_ws/install/std_msgs/lib:/root/ros_ws/src/Rescue_Car_ws/install/statistics_msgs/lib:/root/ros_ws/src/Rescue_Car_ws/install/rosidl_typesupport_microxrcedds_test_msg/lib:/root/ros_ws/src/Rescue_Car_ws/install/rmw_microxrcedds/lib:/root/ros_ws/src/Rescue_Car_ws/install/rosidl_typesupport_microxrcedds_cpp/lib:/root/ros_ws/src/Rescue_Car_ws/install/rosidl_typesupport_microxrcedds_c/lib:/root/ros_ws/src/Rescue_Car_ws/install/rosgraph_msgs/lib:/root/ros_ws/src/Rescue_Car_ws/install/rclc_parameter/lib:/root/ros_ws/src/Rescue_Car_ws/install/rclc/lib:/root/ros_ws/src/Rescue_Car_ws/install/composition_interfaces/lib:/root/ros_ws/src/Rescue_Car_ws/install/rcl_interfaces/lib:/root/ros_ws/src/Rescue_Car_ws/install/micro_ros_utilities/lib:/root/ros_ws/src/Rescue_Car_ws/install/micro_ros_agent/lib:/root/ros_ws/src/Rescue_Car_ws/install/lifecycle_msgs/lib:/root/ros_ws/src/Rescue_Car_ws/install/complex_msgs/lib:/root/ros_ws/src/Rescue_Car_ws/install/builtin_interfaces/lib:/usr/lib/x86_64-linux-gnu/gazebo-11/plugins:/opt/ros/humble/opt/rviz_ogre_vendor/lib:/opt/ros/humble/lib/x86_64-linux-gnu:/opt/ros/humble/lib /usr/bin/cmake --install /root/ros_ws/src/Rescue_Car_ws/build/rmw_microxrcedds
[2.451s] Level 1:colcon.colcon_core.environment:create_environment_scripts_only(rmw_microxrcedds)
[2.452s] Level 1:colcon.colcon_core.environment:checking '/root/ros_ws/src/Rescue_Car_ws/install/rmw_microxrcedds' for CMake module files
[2.452s] DEBUG:colcon.colcon_core.event_handler.log_command:Invoked command in '/root/ros_ws/src/Rescue_Car_ws/build/actionlib_msgs' returned '0': CMAKE_PREFIX_PATH=/root/ros_ws/src/Rescue_Car_ws/install/std_msgs:/root/ros_ws/src/Rescue_Car_ws/install/builtin_interfaces:/root/ros_ws/src/Rescue_Car_ws/install/micro_ros_demos_rclc:/root/ros_ws/src/Rescue_Car_ws/install/common_interfaces:/root/ros_ws/src/Rescue_Car_ws/install/visualization_msgs:/root/ros_ws/src/Rescue_Car_ws/install/test_msgs:/root/ros_ws/src/Rescue_Car_ws/install/example_interfaces:/root/ros_ws/src/Rescue_Car_ws/install/action_msgs:/root/ros_ws/src/Rescue_Car_ws/install/unique_identifier_msgs:/root/ros_ws/src/Rescue_Car_ws/install/trajectory_msgs:/root/ros_ws/src/Rescue_Car_ws/install/stereo_msgs:/root/ros_ws/src/Rescue_Car_ws/install/std_srvs:/root/ros_ws/src/Rescue_Car_ws/install/shape_msgs:/root/ros_ws/src/Rescue_Car_ws/install/sensor_msgs:/root/ros_ws/src/Rescue_Car_ws/install/nav_msgs:/root/ros_ws/src/Rescue_Car_ws/install/diagnostic_msgs:/root/ros_ws/src/Rescue_Car_ws/install/geometry_msgs:/root/ros_ws/src/Rescue_Car_ws/install/actionlib_msgs:/root/ros_ws/src/Rescue_Car_ws/install/statistics_msgs:/root/ros_ws/src/Rescue_Car_ws/install/rosidl_typesupport_microxrcedds_test_msg:/root/ros_ws/src/Rescue_Car_ws/install/rosidl_typesupport_microxrcedds_cpp_tests:/root/ros_ws/src/Rescue_Car_ws/install/rmw_microxrcedds:/root/ros_ws/src/Rescue_Car_ws/install/rosidl_typesupport_microxrcedds_cpp:/root/ros_ws/src/Rescue_Car_ws/install/rosidl_typesupport_microxrcedds_c_tests:/root/ros_ws/src/Rescue_Car_ws/install/rosidl_typesupport_microxrcedds_c:/root/ros_ws/src/Rescue_Car_ws/install/rosgraph_msgs:/root/ros_ws/src/Rescue_Car_ws/install/rclc_parameter:/root/ros_ws/src/Rescue_Car_ws/install/rclc:/root/ros_ws/src/Rescue_Car_ws/install/composition_interfaces:/root/ros_ws/src/Rescue_Car_ws/install/rcl_interfaces:/root/ros_ws/src/Rescue_Car_ws/install/microxrcedds_client:/root/ros_ws/src/Rescue_Car_ws/install/microcdr:/root/ros_ws/src/Rescue_Car_ws/install/micro_ros_utilities:/root/ros_ws/src/Rescue_Car_ws/install/micro_ros_setup:/root/ros_ws/src/Rescue_Car_ws/install/micro_ros_agent:/root/ros_ws/src/Rescue_Car_ws/install/micro_ros_msgs:/root/ros_ws/src/Rescue_Car_ws/install/lifecycle_msgs:/root/ros_ws/src/Rescue_Car_ws/install/complex_msgs:/root/ros_ws/src/Rescue_Car_ws/install/car:/root/ros_ws/src/Rescue_Car_ws/install/sensor_msgs_py:/opt/ros/humble LD_LIBRARY_PATH=/root/ros_ws/src/Rescue_Car_ws/install/std_msgs/lib:/root/ros_ws/src/Rescue_Car_ws/install/builtin_interfaces/lib:/root/ros_ws/src/Rescue_Car_ws/install/visualization_msgs/lib:/root/ros_ws/src/Rescue_Car_ws/install/test_msgs/lib:/root/ros_ws/src/Rescue_Car_ws/install/example_interfaces/lib:/root/ros_ws/src/Rescue_Car_ws/install/action_msgs/lib:/root/ros_ws/src/Rescue_Car_ws/install/unique_identifier_msgs/lib:/root/ros_ws/src/Rescue_Car_ws/install/trajectory_msgs/lib:/root/ros_ws/src/Rescue_Car_ws/install/stereo_msgs/lib:/root/ros_ws/src/Rescue_Car_ws/install/std_srvs/lib:/root/ros_ws/src/Rescue_Car_ws/install/shape_msgs/lib:/root/ros_ws/src/Rescue_Car_ws/install/sensor_msgs/lib:/root/ros_ws/src/Rescue_Car_ws/install/nav_msgs/lib:/root/ros_ws/src/Rescue_Car_ws/install/diagnostic_msgs/lib:/root/ros_ws/src/Rescue_Car_ws/install/geometry_msgs/lib:/root/ros_ws/src/Rescue_Car_ws/install/actionlib_msgs/lib:/root/ros_ws/src/Rescue_Car_ws/install/statistics_msgs/lib:/root/ros_ws/src/Rescue_Car_ws/install/rosidl_typesupport_microxrcedds_test_msg/lib:/root/ros_ws/src/Rescue_Car_ws/install/rmw_microxrcedds/lib:/root/ros_ws/src/Rescue_Car_ws/install/rosidl_typesupport_microxrcedds_cpp/lib:/root/ros_ws/src/Rescue_Car_ws/install/rosidl_typesupport_microxrcedds_c/lib:/root/ros_ws/src/Rescue_Car_ws/install/rosgraph_msgs/lib:/root/ros_ws/src/Rescue_Car_ws/install/rclc_parameter/lib:/root/ros_ws/src/Rescue_Car_ws/install/rclc/lib:/root/ros_ws/src/Rescue_Car_ws/install/composition_interfaces/lib:/root/ros_ws/src/Rescue_Car_ws/install/rcl_interfaces/lib:/root/ros_ws/src/Rescue_Car_ws/install/micro_ros_utilities/lib:/root/ros_ws/src/Rescue_Car_ws/install/micro_ros_agent/lib:/root/ros_ws/src/Rescue_Car_ws/install/micro_ros_msgs/lib:/root/ros_ws/src/Rescue_Car_ws/install/lifecycle_msgs/lib:/root/ros_ws/src/Rescue_Car_ws/install/complex_msgs/lib:/usr/lib/x86_64-linux-gnu/gazebo-11/plugins:/opt/ros/humble/opt/rviz_ogre_vendor/lib:/opt/ros/humble/lib/x86_64-linux-gnu:/opt/ros/humble/lib /usr/bin/cmake --build /root/ros_ws/src/Rescue_Car_ws/build/actionlib_msgs -- -j20 -l20
[2.454s] Level 1:colcon.colcon_core.environment:checking '/root/ros_ws/src/Rescue_Car_ws/install/rmw_microxrcedds' for CMake config files
[2.464s] Level 1:colcon.colcon_core.shell:create_environment_hook('rmw_microxrcedds', 'cmake_prefix_path')
[2.465s] INFO:colcon.colcon_core.shell:Creating environment hook '/root/ros_ws/src/Rescue_Car_ws/install/rmw_microxrcedds/share/rmw_microxrcedds/hook/cmake_prefix_path.ps1'
[2.468s] INFO:colcon.colcon_core.shell:Creating environment descriptor '/root/ros_ws/src/Rescue_Car_ws/install/rmw_microxrcedds/share/rmw_microxrcedds/hook/cmake_prefix_path.dsv'
[2.469s] DEBUG:colcon.colcon_core.event_handler.log_command:Invoking command in '/root/ros_ws/src/Rescue_Car_ws/build/actionlib_msgs': CMAKE_PREFIX_PATH=/root/ros_ws/src/Rescue_Car_ws/install/std_msgs:/root/ros_ws/src/Rescue_Car_ws/install/builtin_interfaces:/root/ros_ws/src/Rescue_Car_ws/install/micro_ros_demos_rclc:/root/ros_ws/src/Rescue_Car_ws/install/common_interfaces:/root/ros_ws/src/Rescue_Car_ws/install/visualization_msgs:/root/ros_ws/src/Rescue_Car_ws/install/test_msgs:/root/ros_ws/src/Rescue_Car_ws/install/example_interfaces:/root/ros_ws/src/Rescue_Car_ws/install/action_msgs:/root/ros_ws/src/Rescue_Car_ws/install/unique_identifier_msgs:/root/ros_ws/src/Rescue_Car_ws/install/trajectory_msgs:/root/ros_ws/src/Rescue_Car_ws/install/stereo_msgs:/root/ros_ws/src/Rescue_Car_ws/install/std_srvs:/root/ros_ws/src/Rescue_Car_ws/install/shape_msgs:/root/ros_ws/src/Rescue_Car_ws/install/sensor_msgs:/root/ros_ws/src/Rescue_Car_ws/install/nav_msgs:/root/ros_ws/src/Rescue_Car_ws/install/diagnostic_msgs:/root/ros_ws/src/Rescue_Car_ws/install/geometry_msgs:/root/ros_ws/src/Rescue_Car_ws/install/actionlib_msgs:/root/ros_ws/src/Rescue_Car_ws/install/statistics_msgs:/root/ros_ws/src/Rescue_Car_ws/install/rosidl_typesupport_microxrcedds_test_msg:/root/ros_ws/src/Rescue_Car_ws/install/rosidl_typesupport_microxrcedds_cpp_tests:/root/ros_ws/src/Rescue_Car_ws/install/rmw_microxrcedds:/root/ros_ws/src/Rescue_Car_ws/install/rosidl_typesupport_microxrcedds_cpp:/root/ros_ws/src/Rescue_Car_ws/install/rosidl_typesupport_microxrcedds_c_tests:/root/ros_ws/src/Rescue_Car_ws/install/rosidl_typesupport_microxrcedds_c:/root/ros_ws/src/Rescue_Car_ws/install/rosgraph_msgs:/root/ros_ws/src/Rescue_Car_ws/install/rclc_parameter:/root/ros_ws/src/Rescue_Car_ws/install/rclc:/root/ros_ws/src/Rescue_Car_ws/install/composition_interfaces:/root/ros_ws/src/Rescue_Car_ws/install/rcl_interfaces:/root/ros_ws/src/Rescue_Car_ws/install/microxrcedds_client:/root/ros_ws/src/Rescue_Car_ws/install/microcdr:/root/ros_ws/src/Rescue_Car_ws/install/micro_ros_utilities:/root/ros_ws/src/Rescue_Car_ws/install/micro_ros_setup:/root/ros_ws/src/Rescue_Car_ws/install/micro_ros_agent:/root/ros_ws/src/Rescue_Car_ws/install/micro_ros_msgs:/root/ros_ws/src/Rescue_Car_ws/install/lifecycle_msgs:/root/ros_ws/src/Rescue_Car_ws/install/complex_msgs:/root/ros_ws/src/Rescue_Car_ws/install/car:/root/ros_ws/src/Rescue_Car_ws/install/sensor_msgs_py:/opt/ros/humble LD_LIBRARY_PATH=/root/ros_ws/src/Rescue_Car_ws/install/std_msgs/lib:/root/ros_ws/src/Rescue_Car_ws/install/builtin_interfaces/lib:/root/ros_ws/src/Rescue_Car_ws/install/visualization_msgs/lib:/root/ros_ws/src/Rescue_Car_ws/install/test_msgs/lib:/root/ros_ws/src/Rescue_Car_ws/install/example_interfaces/lib:/root/ros_ws/src/Rescue_Car_ws/install/action_msgs/lib:/root/ros_ws/src/Rescue_Car_ws/install/unique_identifier_msgs/lib:/root/ros_ws/src/Rescue_Car_ws/install/trajectory_msgs/lib:/root/ros_ws/src/Rescue_Car_ws/install/stereo_msgs/lib:/root/ros_ws/src/Rescue_Car_ws/install/std_srvs/lib:/root/ros_ws/src/Rescue_Car_ws/install/shape_msgs/lib:/root/ros_ws/src/Rescue_Car_ws/install/sensor_msgs/lib:/root/ros_ws/src/Rescue_Car_ws/install/nav_msgs/lib:/root/ros_ws/src/Rescue_Car_ws/install/diagnostic_msgs/lib:/root/ros_ws/src/Rescue_Car_ws/install/geometry_msgs/lib:/root/ros_ws/src/Rescue_Car_ws/install/actionlib_msgs/lib:/root/ros_ws/src/Rescue_Car_ws/install/statistics_msgs/lib:/root/ros_ws/src/Rescue_Car_ws/install/rosidl_typesupport_microxrcedds_test_msg/lib:/root/ros_ws/src/Rescue_Car_ws/install/rmw_microxrcedds/lib:/root/ros_ws/src/Rescue_Car_ws/install/rosidl_typesupport_microxrcedds_cpp/lib:/root/ros_ws/src/Rescue_Car_ws/install/rosidl_typesupport_microxrcedds_c/lib:/root/ros_ws/src/Rescue_Car_ws/install/rosgraph_msgs/lib:/root/ros_ws/src/Rescue_Car_ws/install/rclc_parameter/lib:/root/ros_ws/src/Rescue_Car_ws/install/rclc/lib:/root/ros_ws/src/Rescue_Car_ws/install/composition_interfaces/lib:/root/ros_ws/src/Rescue_Car_ws/install/rcl_interfaces/lib:/root/ros_ws/src/Rescue_Car_ws/install/micro_ros_utilities/lib:/root/ros_ws/src/Rescue_Car_ws/install/micro_ros_agent/lib:/root/ros_ws/src/Rescue_Car_ws/install/micro_ros_msgs/lib:/root/ros_ws/src/Rescue_Car_ws/install/lifecycle_msgs/lib:/root/ros_ws/src/Rescue_Car_ws/install/complex_msgs/lib:/usr/lib/x86_64-linux-gnu/gazebo-11/plugins:/opt/ros/humble/opt/rviz_ogre_vendor/lib:/opt/ros/humble/lib/x86_64-linux-gnu:/opt/ros/humble/lib /usr/bin/cmake --install /root/ros_ws/src/Rescue_Car_ws/build/actionlib_msgs
[2.470s] INFO:colcon.colcon_core.shell:Creating environment hook '/root/ros_ws/src/Rescue_Car_ws/install/rmw_microxrcedds/share/rmw_microxrcedds/hook/cmake_prefix_path.sh'
[2.471s] Level 1:colcon.colcon_core.environment:checking '/root/ros_ws/src/Rescue_Car_ws/install/rmw_microxrcedds/lib'
[2.471s] Level 1:colcon.colcon_core.shell:create_environment_hook('rmw_microxrcedds', 'ld_library_path_lib')
[2.471s] INFO:colcon.colcon_core.shell:Creating environment hook '/root/ros_ws/src/Rescue_Car_ws/install/rmw_microxrcedds/share/rmw_microxrcedds/hook/ld_library_path_lib.ps1'
[2.472s] INFO:colcon.colcon_core.shell:Creating environment descriptor '/root/ros_ws/src/Rescue_Car_ws/install/rmw_microxrcedds/share/rmw_microxrcedds/hook/ld_library_path_lib.dsv'
[2.474s] INFO:colcon.colcon_core.shell:Creating environment hook '/root/ros_ws/src/Rescue_Car_ws/install/rmw_microxrcedds/share/rmw_microxrcedds/hook/ld_library_path_lib.sh'
[2.475s] Level 1:colcon.colcon_core.environment:checking '/root/ros_ws/src/Rescue_Car_ws/install/rmw_microxrcedds/bin'
[2.476s] Level 1:colcon.colcon_core.environment:checking '/root/ros_ws/src/Rescue_Car_ws/install/rmw_microxrcedds/lib/pkgconfig/rmw_microxrcedds.pc'
[2.476s] Level 1:colcon.colcon_core.environment:checking '/root/ros_ws/src/Rescue_Car_ws/install/rmw_microxrcedds/lib/python3.10/site-packages'
[2.476s] Level 1:colcon.colcon_core.environment:checking '/root/ros_ws/src/Rescue_Car_ws/install/rmw_microxrcedds/bin'
[2.477s] INFO:colcon.colcon_core.shell:Creating package script '/root/ros_ws/src/Rescue_Car_ws/install/rmw_microxrcedds/share/rmw_microxrcedds/package.ps1'
[2.479s] INFO:colcon.colcon_core.shell:Creating package descriptor '/root/ros_ws/src/Rescue_Car_ws/install/rmw_microxrcedds/share/rmw_microxrcedds/package.dsv'
[2.480s] INFO:colcon.colcon_core.shell:Creating package script '/root/ros_ws/src/Rescue_Car_ws/install/rmw_microxrcedds/share/rmw_microxrcedds/package.sh'
[2.481s] INFO:colcon.colcon_core.shell:Creating package script '/root/ros_ws/src/Rescue_Car_ws/install/rmw_microxrcedds/share/rmw_microxrcedds/package.bash'
[2.485s] INFO:colcon.colcon_core.shell:Creating package script '/root/ros_ws/src/Rescue_Car_ws/install/rmw_microxrcedds/share/rmw_microxrcedds/package.zsh'
[2.489s] DEBUG:colcon.colcon_core.event_handler.log_command:Invoked command in '/root/ros_ws/src/Rescue_Car_ws/build/geometry_msgs' returned '0': CMAKE_PREFIX_PATH=/root/ros_ws/src/Rescue_Car_ws/install/std_msgs:/root/ros_ws/src/Rescue_Car_ws/install/builtin_interfaces:/root/ros_ws/src/Rescue_Car_ws/install/micro_ros_demos_rclc:/root/ros_ws/src/Rescue_Car_ws/install/common_interfaces:/root/ros_ws/src/Rescue_Car_ws/install/visualization_msgs:/root/ros_ws/src/Rescue_Car_ws/install/test_msgs:/root/ros_ws/src/Rescue_Car_ws/install/example_interfaces:/root/ros_ws/src/Rescue_Car_ws/install/action_msgs:/root/ros_ws/src/Rescue_Car_ws/install/unique_identifier_msgs:/root/ros_ws/src/Rescue_Car_ws/install/trajectory_msgs:/root/ros_ws/src/Rescue_Car_ws/install/stereo_msgs:/root/ros_ws/src/Rescue_Car_ws/install/std_srvs:/root/ros_ws/src/Rescue_Car_ws/install/shape_msgs:/root/ros_ws/src/Rescue_Car_ws/install/sensor_msgs:/root/ros_ws/src/Rescue_Car_ws/install/nav_msgs:/root/ros_ws/src/Rescue_Car_ws/install/diagnostic_msgs:/root/ros_ws/src/Rescue_Car_ws/install/geometry_msgs:/root/ros_ws/src/Rescue_Car_ws/install/actionlib_msgs:/root/ros_ws/src/Rescue_Car_ws/install/statistics_msgs:/root/ros_ws/src/Rescue_Car_ws/install/rosidl_typesupport_microxrcedds_test_msg:/root/ros_ws/src/Rescue_Car_ws/install/rosidl_typesupport_microxrcedds_cpp_tests:/root/ros_ws/src/Rescue_Car_ws/install/rmw_microxrcedds:/root/ros_ws/src/Rescue_Car_ws/install/rosidl_typesupport_microxrcedds_cpp:/root/ros_ws/src/Rescue_Car_ws/install/rosidl_typesupport_microxrcedds_c_tests:/root/ros_ws/src/Rescue_Car_ws/install/rosidl_typesupport_microxrcedds_c:/root/ros_ws/src/Rescue_Car_ws/install/rosgraph_msgs:/root/ros_ws/src/Rescue_Car_ws/install/rclc_parameter:/root/ros_ws/src/Rescue_Car_ws/install/rclc:/root/ros_ws/src/Rescue_Car_ws/install/composition_interfaces:/root/ros_ws/src/Rescue_Car_ws/install/rcl_interfaces:/root/ros_ws/src/Rescue_Car_ws/install/microxrcedds_client:/root/ros_ws/src/Rescue_Car_ws/install/microcdr:/root/ros_ws/src/Rescue_Car_ws/install/micro_ros_utilities:/root/ros_ws/src/Rescue_Car_ws/install/micro_ros_setup:/root/ros_ws/src/Rescue_Car_ws/install/micro_ros_agent:/root/ros_ws/src/Rescue_Car_ws/install/micro_ros_msgs:/root/ros_ws/src/Rescue_Car_ws/install/lifecycle_msgs:/root/ros_ws/src/Rescue_Car_ws/install/complex_msgs:/root/ros_ws/src/Rescue_Car_ws/install/car:/root/ros_ws/src/Rescue_Car_ws/install/sensor_msgs_py:/opt/ros/humble LD_LIBRARY_PATH=/root/ros_ws/src/Rescue_Car_ws/install/std_msgs/lib:/root/ros_ws/src/Rescue_Car_ws/install/builtin_interfaces/lib:/root/ros_ws/src/Rescue_Car_ws/install/visualization_msgs/lib:/root/ros_ws/src/Rescue_Car_ws/install/test_msgs/lib:/root/ros_ws/src/Rescue_Car_ws/install/example_interfaces/lib:/root/ros_ws/src/Rescue_Car_ws/install/action_msgs/lib:/root/ros_ws/src/Rescue_Car_ws/install/unique_identifier_msgs/lib:/root/ros_ws/src/Rescue_Car_ws/install/trajectory_msgs/lib:/root/ros_ws/src/Rescue_Car_ws/install/stereo_msgs/lib:/root/ros_ws/src/Rescue_Car_ws/install/std_srvs/lib:/root/ros_ws/src/Rescue_Car_ws/install/shape_msgs/lib:/root/ros_ws/src/Rescue_Car_ws/install/sensor_msgs/lib:/root/ros_ws/src/Rescue_Car_ws/install/nav_msgs/lib:/root/ros_ws/src/Rescue_Car_ws/install/diagnostic_msgs/lib:/root/ros_ws/src/Rescue_Car_ws/install/geometry_msgs/lib:/root/ros_ws/src/Rescue_Car_ws/install/actionlib_msgs/lib:/root/ros_ws/src/Rescue_Car_ws/install/statistics_msgs/lib:/root/ros_ws/src/Rescue_Car_ws/install/rosidl_typesupport_microxrcedds_test_msg/lib:/root/ros_ws/src/Rescue_Car_ws/install/rmw_microxrcedds/lib:/root/ros_ws/src/Rescue_Car_ws/install/rosidl_typesupport_microxrcedds_cpp/lib:/root/ros_ws/src/Rescue_Car_ws/install/rosidl_typesupport_microxrcedds_c/lib:/root/ros_ws/src/Rescue_Car_ws/install/rosgraph_msgs/lib:/root/ros_ws/src/Rescue_Car_ws/install/rclc_parameter/lib:/root/ros_ws/src/Rescue_Car_ws/install/rclc/lib:/root/ros_ws/src/Rescue_Car_ws/install/composition_interfaces/lib:/root/ros_ws/src/Rescue_Car_ws/install/rcl_interfaces/lib:/root/ros_ws/src/Rescue_Car_ws/install/micro_ros_utilities/lib:/root/ros_ws/src/Rescue_Car_ws/install/micro_ros_agent/lib:/root/ros_ws/src/Rescue_Car_ws/install/micro_ros_msgs/lib:/root/ros_ws/src/Rescue_Car_ws/install/lifecycle_msgs/lib:/root/ros_ws/src/Rescue_Car_ws/install/complex_msgs/lib:/usr/lib/x86_64-linux-gnu/gazebo-11/plugins:/opt/ros/humble/opt/rviz_ogre_vendor/lib:/opt/ros/humble/lib/x86_64-linux-gnu:/opt/ros/humble/lib /usr/bin/cmake --build /root/ros_ws/src/Rescue_Car_ws/build/geometry_msgs -- -j20 -l20
[2.490s] DEBUG:colcon.colcon_core.event_handler.log_command:Invoking command in '/root/ros_ws/src/Rescue_Car_ws/build/geometry_msgs': CMAKE_PREFIX_PATH=/root/ros_ws/src/Rescue_Car_ws/install/std_msgs:/root/ros_ws/src/Rescue_Car_ws/install/builtin_interfaces:/root/ros_ws/src/Rescue_Car_ws/install/micro_ros_demos_rclc:/root/ros_ws/src/Rescue_Car_ws/install/common_interfaces:/root/ros_ws/src/Rescue_Car_ws/install/visualization_msgs:/root/ros_ws/src/Rescue_Car_ws/install/test_msgs:/root/ros_ws/src/Rescue_Car_ws/install/example_interfaces:/root/ros_ws/src/Rescue_Car_ws/install/action_msgs:/root/ros_ws/src/Rescue_Car_ws/install/unique_identifier_msgs:/root/ros_ws/src/Rescue_Car_ws/install/trajectory_msgs:/root/ros_ws/src/Rescue_Car_ws/install/stereo_msgs:/root/ros_ws/src/Rescue_Car_ws/install/std_srvs:/root/ros_ws/src/Rescue_Car_ws/install/shape_msgs:/root/ros_ws/src/Rescue_Car_ws/install/sensor_msgs:/root/ros_ws/src/Rescue_Car_ws/install/nav_msgs:/root/ros_ws/src/Rescue_Car_ws/install/diagnostic_msgs:/root/ros_ws/src/Rescue_Car_ws/install/geometry_msgs:/root/ros_ws/src/Rescue_Car_ws/install/actionlib_msgs:/root/ros_ws/src/Rescue_Car_ws/install/statistics_msgs:/root/ros_ws/src/Rescue_Car_ws/install/rosidl_typesupport_microxrcedds_test_msg:/root/ros_ws/src/Rescue_Car_ws/install/rosidl_typesupport_microxrcedds_cpp_tests:/root/ros_ws/src/Rescue_Car_ws/install/rmw_microxrcedds:/root/ros_ws/src/Rescue_Car_ws/install/rosidl_typesupport_microxrcedds_cpp:/root/ros_ws/src/Rescue_Car_ws/install/rosidl_typesupport_microxrcedds_c_tests:/root/ros_ws/src/Rescue_Car_ws/install/rosidl_typesupport_microxrcedds_c:/root/ros_ws/src/Rescue_Car_ws/install/rosgraph_msgs:/root/ros_ws/src/Rescue_Car_ws/install/rclc_parameter:/root/ros_ws/src/Rescue_Car_ws/install/rclc:/root/ros_ws/src/Rescue_Car_ws/install/composition_interfaces:/root/ros_ws/src/Rescue_Car_ws/install/rcl_interfaces:/root/ros_ws/src/Rescue_Car_ws/install/microxrcedds_client:/root/ros_ws/src/Rescue_Car_ws/install/microcdr:/root/ros_ws/src/Rescue_Car_ws/install/micro_ros_utilities:/root/ros_ws/src/Rescue_Car_ws/install/micro_ros_setup:/root/ros_ws/src/Rescue_Car_ws/install/micro_ros_agent:/root/ros_ws/src/Rescue_Car_ws/install/micro_ros_msgs:/root/ros_ws/src/Rescue_Car_ws/install/lifecycle_msgs:/root/ros_ws/src/Rescue_Car_ws/install/complex_msgs:/root/ros_ws/src/Rescue_Car_ws/install/car:/root/ros_ws/src/Rescue_Car_ws/install/sensor_msgs_py:/opt/ros/humble LD_LIBRARY_PATH=/root/ros_ws/src/Rescue_Car_ws/install/std_msgs/lib:/root/ros_ws/src/Rescue_Car_ws/install/builtin_interfaces/lib:/root/ros_ws/src/Rescue_Car_ws/install/visualization_msgs/lib:/root/ros_ws/src/Rescue_Car_ws/install/test_msgs/lib:/root/ros_ws/src/Rescue_Car_ws/install/example_interfaces/lib:/root/ros_ws/src/Rescue_Car_ws/install/action_msgs/lib:/root/ros_ws/src/Rescue_Car_ws/install/unique_identifier_msgs/lib:/root/ros_ws/src/Rescue_Car_ws/install/trajectory_msgs/lib:/root/ros_ws/src/Rescue_Car_ws/install/stereo_msgs/lib:/root/ros_ws/src/Rescue_Car_ws/install/std_srvs/lib:/root/ros_ws/src/Rescue_Car_ws/install/shape_msgs/lib:/root/ros_ws/src/Rescue_Car_ws/install/sensor_msgs/lib:/root/ros_ws/src/Rescue_Car_ws/install/nav_msgs/lib:/root/ros_ws/src/Rescue_Car_ws/install/diagnostic_msgs/lib:/root/ros_ws/src/Rescue_Car_ws/install/geometry_msgs/lib:/root/ros_ws/src/Rescue_Car_ws/install/actionlib_msgs/lib:/root/ros_ws/src/Rescue_Car_ws/install/statistics_msgs/lib:/root/ros_ws/src/Rescue_Car_ws/install/rosidl_typesupport_microxrcedds_test_msg/lib:/root/ros_ws/src/Rescue_Car_ws/install/rmw_microxrcedds/lib:/root/ros_ws/src/Rescue_Car_ws/install/rosidl_typesupport_microxrcedds_cpp/lib:/root/ros_ws/src/Rescue_Car_ws/install/rosidl_typesupport_microxrcedds_c/lib:/root/ros_ws/src/Rescue_Car_ws/install/rosgraph_msgs/lib:/root/ros_ws/src/Rescue_Car_ws/install/rclc_parameter/lib:/root/ros_ws/src/Rescue_Car_ws/install/rclc/lib:/root/ros_ws/src/Rescue_Car_ws/install/composition_interfaces/lib:/root/ros_ws/src/Rescue_Car_ws/install/rcl_interfaces/lib:/root/ros_ws/src/Rescue_Car_ws/install/micro_ros_utilities/lib:/root/ros_ws/src/Rescue_Car_ws/install/micro_ros_agent/lib:/root/ros_ws/src/Rescue_Car_ws/install/micro_ros_msgs/lib:/root/ros_ws/src/Rescue_Car_ws/install/lifecycle_msgs/lib:/root/ros_ws/src/Rescue_Car_ws/install/complex_msgs/lib:/usr/lib/x86_64-linux-gnu/gazebo-11/plugins:/opt/ros/humble/opt/rviz_ogre_vendor/lib:/opt/ros/humble/lib/x86_64-linux-gnu:/opt/ros/humble/lib /usr/bin/cmake --install /root/ros_ws/src/Rescue_Car_ws/build/geometry_msgs
[2.490s] Level 1:colcon.colcon_core.environment:create_file_with_runtime_dependencies(/root/ros_ws/src/Rescue_Car_ws/install/rmw_microxrcedds/share/colcon-core/packages/rmw_microxrcedds)
[2.493s] Level 1:colcon.colcon_core.environment:create_environment_scripts_only(rmw_microxrcedds)
[2.493s] Level 1:colcon.colcon_core.environment:checking '/root/ros_ws/src/Rescue_Car_ws/install/rmw_microxrcedds' for CMake module files
[2.494s] DEBUG:colcon.colcon_core.event_handler.log_command:Invoked command in '/root/ros_ws/src/Rescue_Car_ws/build/rmw_microxrcedds' returned '0': CMAKE_PREFIX_PATH=/root/ros_ws/src/Rescue_Car_ws/install/rosidl_typesupport_microxrcedds_cpp:/root/ros_ws/src/Rescue_Car_ws/install/rosidl_typesupport_microxrcedds_c:/root/ros_ws/src/Rescue_Car_ws/install/microxrcedds_client:/root/ros_ws/src/Rescue_Car_ws/install/microcdr:/root/ros_ws/src/Rescue_Car_ws/install/micro_ros_msgs:/root/ros_ws/src/Rescue_Car_ws/install/micro_ros_demos_rclc:/root/ros_ws/src/Rescue_Car_ws/install/common_interfaces:/root/ros_ws/src/Rescue_Car_ws/install/visualization_msgs:/root/ros_ws/src/Rescue_Car_ws/install/test_msgs:/root/ros_ws/src/Rescue_Car_ws/install/example_interfaces:/root/ros_ws/src/Rescue_Car_ws/install/action_msgs:/root/ros_ws/src/Rescue_Car_ws/install/unique_identifier_msgs:/root/ros_ws/src/Rescue_Car_ws/install/trajectory_msgs:/root/ros_ws/src/Rescue_Car_ws/install/stereo_msgs:/root/ros_ws/src/Rescue_Car_ws/install/std_srvs:/root/ros_ws/src/Rescue_Car_ws/install/shape_msgs:/root/ros_ws/src/Rescue_Car_ws/install/sensor_msgs:/root/ros_ws/src/Rescue_Car_ws/install/nav_msgs:/root/ros_ws/src/Rescue_Car_ws/install/diagnostic_msgs:/root/ros_ws/src/Rescue_Car_ws/install/geometry_msgs:/root/ros_ws/src/Rescue_Car_ws/install/actionlib_msgs:/root/ros_ws/src/Rescue_Car_ws/install/std_msgs:/root/ros_ws/src/Rescue_Car_ws/install/statistics_msgs:/root/ros_ws/src/Rescue_Car_ws/install/rosidl_typesupport_microxrcedds_test_msg:/root/ros_ws/src/Rescue_Car_ws/install/rosidl_typesupport_microxrcedds_cpp_tests:/root/ros_ws/src/Rescue_Car_ws/install/rmw_microxrcedds:/root/ros_ws/src/Rescue_Car_ws/install/rosidl_typesupport_microxrcedds_c_tests:/root/ros_ws/src/Rescue_Car_ws/install/rosgraph_msgs:/root/ros_ws/src/Rescue_Car_ws/install/rclc_parameter:/root/ros_ws/src/Rescue_Car_ws/install/rclc:/root/ros_ws/src/Rescue_Car_ws/install/composition_interfaces:/root/ros_ws/src/Rescue_Car_ws/install/rcl_interfaces:/root/ros_ws/src/Rescue_Car_ws/install/micro_ros_utilities:/root/ros_ws/src/Rescue_Car_ws/install/micro_ros_setup:/root/ros_ws/src/Rescue_Car_ws/install/micro_ros_agent:/root/ros_ws/src/Rescue_Car_ws/install/lifecycle_msgs:/root/ros_ws/src/Rescue_Car_ws/install/complex_msgs:/root/ros_ws/src/Rescue_Car_ws/install/car:/root/ros_ws/src/Rescue_Car_ws/install/builtin_interfaces:/root/ros_ws/src/Rescue_Car_ws/install/sensor_msgs_py:/opt/ros/humble LD_LIBRARY_PATH=/root/ros_ws/src/Rescue_Car_ws/install/micro_ros_msgs/lib:/root/ros_ws/src/Rescue_Car_ws/install/visualization_msgs/lib:/root/ros_ws/src/Rescue_Car_ws/install/test_msgs/lib:/root/ros_ws/src/Rescue_Car_ws/install/example_interfaces/lib:/root/ros_ws/src/Rescue_Car_ws/install/action_msgs/lib:/root/ros_ws/src/Rescue_Car_ws/install/unique_identifier_msgs/lib:/root/ros_ws/src/Rescue_Car_ws/install/trajectory_msgs/lib:/root/ros_ws/src/Rescue_Car_ws/install/stereo_msgs/lib:/root/ros_ws/src/Rescue_Car_ws/install/std_srvs/lib:/root/ros_ws/src/Rescue_Car_ws/install/shape_msgs/lib:/root/ros_ws/src/Rescue_Car_ws/install/sensor_msgs/lib:/root/ros_ws/src/Rescue_Car_ws/install/nav_msgs/lib:/root/ros_ws/src/Rescue_Car_ws/install/diagnostic_msgs/lib:/root/ros_ws/src/Rescue_Car_ws/install/geometry_msgs/lib:/root/ros_ws/src/Rescue_Car_ws/install/actionlib_msgs/lib:/root/ros_ws/src/Rescue_Car_ws/install/std_msgs/lib:/root/ros_ws/src/Rescue_Car_ws/install/statistics_msgs/lib:/root/ros_ws/src/Rescue_Car_ws/install/rosidl_typesupport_microxrcedds_test_msg/lib:/root/ros_ws/src/Rescue_Car_ws/install/rmw_microxrcedds/lib:/root/ros_ws/src/Rescue_Car_ws/install/rosidl_typesupport_microxrcedds_cpp/lib:/root/ros_ws/src/Rescue_Car_ws/install/rosidl_typesupport_microxrcedds_c/lib:/root/ros_ws/src/Rescue_Car_ws/install/rosgraph_msgs/lib:/root/ros_ws/src/Rescue_Car_ws/install/rclc_parameter/lib:/root/ros_ws/src/Rescue_Car_ws/install/rclc/lib:/root/ros_ws/src/Rescue_Car_ws/install/composition_interfaces/lib:/root/ros_ws/src/Rescue_Car_ws/install/rcl_interfaces/lib:/root/ros_ws/src/Rescue_Car_ws/install/micro_ros_utilities/lib:/root/ros_ws/src/Rescue_Car_ws/install/micro_ros_agent/lib:/root/ros_ws/src/Rescue_Car_ws/install/lifecycle_msgs/lib:/root/ros_ws/src/Rescue_Car_ws/install/complex_msgs/lib:/root/ros_ws/src/Rescue_Car_ws/install/builtin_interfaces/lib:/usr/lib/x86_64-linux-gnu/gazebo-11/plugins:/opt/ros/humble/opt/rviz_ogre_vendor/lib:/opt/ros/humble/lib/x86_64-linux-gnu:/opt/ros/humble/lib /usr/bin/cmake --install /root/ros_ws/src/Rescue_Car_ws/build/rmw_microxrcedds
[2.498s] Level 1:colcon.colcon_core.environment:checking '/root/ros_ws/src/Rescue_Car_ws/install/rmw_microxrcedds' for CMake config files
[2.509s] Level 1:colcon.colcon_core.shell:create_environment_hook('rmw_microxrcedds', 'cmake_prefix_path')
[2.510s] INFO:colcon.colcon_core.shell:Creating environment hook '/root/ros_ws/src/Rescue_Car_ws/install/rmw_microxrcedds/share/rmw_microxrcedds/hook/cmake_prefix_path.ps1'
[2.512s] INFO:colcon.colcon_core.shell:Creating environment descriptor '/root/ros_ws/src/Rescue_Car_ws/install/rmw_microxrcedds/share/rmw_microxrcedds/hook/cmake_prefix_path.dsv'
[2.515s] INFO:colcon.colcon_core.shell:Creating environment hook '/root/ros_ws/src/Rescue_Car_ws/install/rmw_microxrcedds/share/rmw_microxrcedds/hook/cmake_prefix_path.sh'
[2.517s] Level 1:colcon.colcon_core.environment:checking '/root/ros_ws/src/Rescue_Car_ws/install/rmw_microxrcedds/lib'
[2.518s] Level 1:colcon.colcon_core.shell:create_environment_hook('rmw_microxrcedds', 'ld_library_path_lib')
[2.518s] INFO:colcon.colcon_core.shell:Creating environment hook '/root/ros_ws/src/Rescue_Car_ws/install/rmw_microxrcedds/share/rmw_microxrcedds/hook/ld_library_path_lib.ps1'
[2.519s] INFO:colcon.colcon_core.shell:Creating environment descriptor '/root/ros_ws/src/Rescue_Car_ws/install/rmw_microxrcedds/share/rmw_microxrcedds/hook/ld_library_path_lib.dsv'
[2.520s] INFO:colcon.colcon_core.shell:Creating environment hook '/root/ros_ws/src/Rescue_Car_ws/install/rmw_microxrcedds/share/rmw_microxrcedds/hook/ld_library_path_lib.sh'
[2.524s] Level 1:colcon.colcon_core.environment:checking '/root/ros_ws/src/Rescue_Car_ws/install/rmw_microxrcedds/bin'
[2.524s] Level 1:colcon.colcon_core.environment:checking '/root/ros_ws/src/Rescue_Car_ws/install/rmw_microxrcedds/lib/pkgconfig/rmw_microxrcedds.pc'
[2.525s] Level 1:colcon.colcon_core.environment:checking '/root/ros_ws/src/Rescue_Car_ws/install/rmw_microxrcedds/lib/python3.10/site-packages'
[2.525s] Level 1:colcon.colcon_core.environment:checking '/root/ros_ws/src/Rescue_Car_ws/install/rmw_microxrcedds/bin'
[2.525s] INFO:colcon.colcon_core.shell:Creating package script '/root/ros_ws/src/Rescue_Car_ws/install/rmw_microxrcedds/share/rmw_microxrcedds/package.ps1'
[2.526s] INFO:colcon.colcon_core.shell:Creating package descriptor '/root/ros_ws/src/Rescue_Car_ws/install/rmw_microxrcedds/share/rmw_microxrcedds/package.dsv'
[2.528s] INFO:colcon.colcon_core.shell:Creating package script '/root/ros_ws/src/Rescue_Car_ws/install/rmw_microxrcedds/share/rmw_microxrcedds/package.sh'
[2.530s] INFO:colcon.colcon_core.shell:Creating package script '/root/ros_ws/src/Rescue_Car_ws/install/rmw_microxrcedds/share/rmw_microxrcedds/package.bash'
[2.530s] INFO:colcon.colcon_core.shell:Creating package script '/root/ros_ws/src/Rescue_Car_ws/install/rmw_microxrcedds/share/rmw_microxrcedds/package.zsh'
[2.532s] Level 1:colcon.colcon_core.environment:create_file_with_runtime_dependencies(/root/ros_ws/src/Rescue_Car_ws/install/rmw_microxrcedds/share/colcon-core/packages/rmw_microxrcedds)
[2.533s] INFO:colcon.colcon_ros.task.ament_cmake.build:Building ROS package in '/root/ros_ws/src/Rescue_Car_ws/src/microros/src/uros/rosidl_typesupport_microxrcedds/test/msg' with build type 'ament_cmake'
[2.534s] INFO:colcon.colcon_cmake.task.cmake.build:Building CMake package in '/root/ros_ws/src/Rescue_Car_ws/src/microros/src/uros/rosidl_typesupport_microxrcedds/test/msg'
[2.535s] INFO:colcon.colcon_core.shell:Skip shell extension 'powershell' for command environment: Not usable outside of PowerShell
[2.535s] DEBUG:colcon.colcon_core.shell:Skip shell extension 'dsv' for command environment
[2.626s] Level 1:colcon.colcon_core.environment:create_environment_scripts_only(composition_interfaces)
[2.627s] Level 1:colcon.colcon_core.environment:checking '/root/ros_ws/src/Rescue_Car_ws/install/composition_interfaces' for CMake module files
[2.633s] Level 1:colcon.colcon_core.environment:checking '/root/ros_ws/src/Rescue_Car_ws/install/composition_interfaces' for CMake config files
[2.650s] Level 1:colcon.colcon_core.shell:create_environment_hook('composition_interfaces', 'cmake_prefix_path')
[2.650s] INFO:colcon.colcon_core.shell:Creating environment hook '/root/ros_ws/src/Rescue_Car_ws/install/composition_interfaces/share/composition_interfaces/hook/cmake_prefix_path.ps1'
[2.651s] INFO:colcon.colcon_core.shell:Creating environment descriptor '/root/ros_ws/src/Rescue_Car_ws/install/composition_interfaces/share/composition_interfaces/hook/cmake_prefix_path.dsv'
[2.652s] INFO:colcon.colcon_core.shell:Creating environment hook '/root/ros_ws/src/Rescue_Car_ws/install/composition_interfaces/share/composition_interfaces/hook/cmake_prefix_path.sh'
[2.658s] Level 1:colcon.colcon_core.environment:checking '/root/ros_ws/src/Rescue_Car_ws/install/composition_interfaces/lib'
[2.658s] Level 1:colcon.colcon_core.shell:create_environment_hook('composition_interfaces', 'ld_library_path_lib')
[2.658s] INFO:colcon.colcon_core.shell:Creating environment hook '/root/ros_ws/src/Rescue_Car_ws/install/composition_interfaces/share/composition_interfaces/hook/ld_library_path_lib.ps1'
[2.659s] INFO:colcon.colcon_core.shell:Creating environment descriptor '/root/ros_ws/src/Rescue_Car_ws/install/composition_interfaces/share/composition_interfaces/hook/ld_library_path_lib.dsv'
[2.661s] INFO:colcon.colcon_core.shell:Creating environment hook '/root/ros_ws/src/Rescue_Car_ws/install/composition_interfaces/share/composition_interfaces/hook/ld_library_path_lib.sh'
[2.665s] Level 1:colcon.colcon_core.environment:checking '/root/ros_ws/src/Rescue_Car_ws/install/composition_interfaces/bin'
[2.665s] Level 1:colcon.colcon_core.environment:checking '/root/ros_ws/src/Rescue_Car_ws/install/composition_interfaces/lib/pkgconfig/composition_interfaces.pc'
[2.666s] Level 1:colcon.colcon_core.environment:checking '/root/ros_ws/src/Rescue_Car_ws/install/composition_interfaces/lib/python3.10/site-packages'
[2.667s] Level 1:colcon.colcon_core.environment:checking '/root/ros_ws/src/Rescue_Car_ws/install/composition_interfaces/bin'
[2.667s] INFO:colcon.colcon_core.shell:Creating package script '/root/ros_ws/src/Rescue_Car_ws/install/composition_interfaces/share/composition_interfaces/package.ps1'
[2.669s] DEBUG:colcon.colcon_core.event_handler.log_command:Invoked command in '/root/ros_ws/src/Rescue_Car_ws/build/composition_interfaces' returned '0': CMAKE_PREFIX_PATH=/root/ros_ws/src/Rescue_Car_ws/install/rcl_interfaces:/root/ros_ws/src/Rescue_Car_ws/install/builtin_interfaces:/root/ros_ws/src/Rescue_Car_ws/install/micro_ros_demos_rclc:/root/ros_ws/src/Rescue_Car_ws/install/common_interfaces:/root/ros_ws/src/Rescue_Car_ws/install/visualization_msgs:/root/ros_ws/src/Rescue_Car_ws/install/test_msgs:/root/ros_ws/src/Rescue_Car_ws/install/example_interfaces:/root/ros_ws/src/Rescue_Car_ws/install/action_msgs:/root/ros_ws/src/Rescue_Car_ws/install/unique_identifier_msgs:/root/ros_ws/src/Rescue_Car_ws/install/trajectory_msgs:/root/ros_ws/src/Rescue_Car_ws/install/stereo_msgs:/root/ros_ws/src/Rescue_Car_ws/install/std_srvs:/root/ros_ws/src/Rescue_Car_ws/install/shape_msgs:/root/ros_ws/src/Rescue_Car_ws/install/sensor_msgs:/root/ros_ws/src/Rescue_Car_ws/install/nav_msgs:/root/ros_ws/src/Rescue_Car_ws/install/diagnostic_msgs:/root/ros_ws/src/Rescue_Car_ws/install/geometry_msgs:/root/ros_ws/src/Rescue_Car_ws/install/actionlib_msgs:/root/ros_ws/src/Rescue_Car_ws/install/std_msgs:/root/ros_ws/src/Rescue_Car_ws/install/statistics_msgs:/root/ros_ws/src/Rescue_Car_ws/install/rosidl_typesupport_microxrcedds_test_msg:/root/ros_ws/src/Rescue_Car_ws/install/rosidl_typesupport_microxrcedds_cpp_tests:/root/ros_ws/src/Rescue_Car_ws/install/rmw_microxrcedds:/root/ros_ws/src/Rescue_Car_ws/install/rosidl_typesupport_microxrcedds_cpp:/root/ros_ws/src/Rescue_Car_ws/install/rosidl_typesupport_microxrcedds_c_tests:/root/ros_ws/src/Rescue_Car_ws/install/rosidl_typesupport_microxrcedds_c:/root/ros_ws/src/Rescue_Car_ws/install/rosgraph_msgs:/root/ros_ws/src/Rescue_Car_ws/install/rclc_parameter:/root/ros_ws/src/Rescue_Car_ws/install/rclc:/root/ros_ws/src/Rescue_Car_ws/install/composition_interfaces:/root/ros_ws/src/Rescue_Car_ws/install/microxrcedds_client:/root/ros_ws/src/Rescue_Car_ws/install/microcdr:/root/ros_ws/src/Rescue_Car_ws/install/micro_ros_utilities:/root/ros_ws/src/Rescue_Car_ws/install/micro_ros_setup:/root/ros_ws/src/Rescue_Car_ws/install/micro_ros_agent:/root/ros_ws/src/Rescue_Car_ws/install/micro_ros_msgs:/root/ros_ws/src/Rescue_Car_ws/install/lifecycle_msgs:/root/ros_ws/src/Rescue_Car_ws/install/complex_msgs:/root/ros_ws/src/Rescue_Car_ws/install/car:/root/ros_ws/src/Rescue_Car_ws/install/sensor_msgs_py:/opt/ros/humble LD_LIBRARY_PATH=/root/ros_ws/src/Rescue_Car_ws/install/rcl_interfaces/lib:/root/ros_ws/src/Rescue_Car_ws/install/builtin_interfaces/lib:/root/ros_ws/src/Rescue_Car_ws/install/visualization_msgs/lib:/root/ros_ws/src/Rescue_Car_ws/install/test_msgs/lib:/root/ros_ws/src/Rescue_Car_ws/install/example_interfaces/lib:/root/ros_ws/src/Rescue_Car_ws/install/action_msgs/lib:/root/ros_ws/src/Rescue_Car_ws/install/unique_identifier_msgs/lib:/root/ros_ws/src/Rescue_Car_ws/install/trajectory_msgs/lib:/root/ros_ws/src/Rescue_Car_ws/install/stereo_msgs/lib:/root/ros_ws/src/Rescue_Car_ws/install/std_srvs/lib:/root/ros_ws/src/Rescue_Car_ws/install/shape_msgs/lib:/root/ros_ws/src/Rescue_Car_ws/install/sensor_msgs/lib:/root/ros_ws/src/Rescue_Car_ws/install/nav_msgs/lib:/root/ros_ws/src/Rescue_Car_ws/install/diagnostic_msgs/lib:/root/ros_ws/src/Rescue_Car_ws/install/geometry_msgs/lib:/root/ros_ws/src/Rescue_Car_ws/install/actionlib_msgs/lib:/root/ros_ws/src/Rescue_Car_ws/install/std_msgs/lib:/root/ros_ws/src/Rescue_Car_ws/install/statistics_msgs/lib:/root/ros_ws/src/Rescue_Car_ws/install/rosidl_typesupport_microxrcedds_test_msg/lib:/root/ros_ws/src/Rescue_Car_ws/install/rmw_microxrcedds/lib:/root/ros_ws/src/Rescue_Car_ws/install/rosidl_typesupport_microxrcedds_cpp/lib:/root/ros_ws/src/Rescue_Car_ws/install/rosidl_typesupport_microxrcedds_c/lib:/root/ros_ws/src/Rescue_Car_ws/install/rosgraph_msgs/lib:/root/ros_ws/src/Rescue_Car_ws/install/rclc_parameter/lib:/root/ros_ws/src/Rescue_Car_ws/install/rclc/lib:/root/ros_ws/src/Rescue_Car_ws/install/composition_interfaces/lib:/root/ros_ws/src/Rescue_Car_ws/install/micro_ros_utilities/lib:/root/ros_ws/src/Rescue_Car_ws/install/micro_ros_agent/lib:/root/ros_ws/src/Rescue_Car_ws/install/micro_ros_msgs/lib:/root/ros_ws/src/Rescue_Car_ws/install/lifecycle_msgs/lib:/root/ros_ws/src/Rescue_Car_ws/install/complex_msgs/lib:/usr/lib/x86_64-linux-gnu/gazebo-11/plugins:/opt/ros/humble/opt/rviz_ogre_vendor/lib:/opt/ros/humble/lib/x86_64-linux-gnu:/opt/ros/humble/lib /usr/bin/cmake --install /root/ros_ws/src/Rescue_Car_ws/build/composition_interfaces
[2.669s] INFO:colcon.colcon_core.shell:Creating package descriptor '/root/ros_ws/src/Rescue_Car_ws/install/composition_interfaces/share/composition_interfaces/package.dsv'
[2.670s] INFO:colcon.colcon_core.shell:Creating package script '/root/ros_ws/src/Rescue_Car_ws/install/composition_interfaces/share/composition_interfaces/package.sh'
[2.671s] INFO:colcon.colcon_core.shell:Creating package script '/root/ros_ws/src/Rescue_Car_ws/install/composition_interfaces/share/composition_interfaces/package.bash'
[2.671s] INFO:colcon.colcon_core.shell:Creating package script '/root/ros_ws/src/Rescue_Car_ws/install/composition_interfaces/share/composition_interfaces/package.zsh'
[2.671s] Level 1:colcon.colcon_core.environment:create_file_with_runtime_dependencies(/root/ros_ws/src/Rescue_Car_ws/install/composition_interfaces/share/colcon-core/packages/composition_interfaces)
[2.672s] Level 1:colcon.colcon_core.environment:create_environment_scripts_only(composition_interfaces)
[2.672s] Level 1:colcon.colcon_core.environment:checking '/root/ros_ws/src/Rescue_Car_ws/install/composition_interfaces' for CMake module files
[2.672s] Level 1:colcon.colcon_core.environment:checking '/root/ros_ws/src/Rescue_Car_ws/install/composition_interfaces' for CMake config files
[2.672s] Level 1:colcon.colcon_core.shell:create_environment_hook('composition_interfaces', 'cmake_prefix_path')
[2.673s] INFO:colcon.colcon_core.shell:Creating environment hook '/root/ros_ws/src/Rescue_Car_ws/install/composition_interfaces/share/composition_interfaces/hook/cmake_prefix_path.ps1'
[2.673s] INFO:colcon.colcon_core.shell:Creating environment descriptor '/root/ros_ws/src/Rescue_Car_ws/install/composition_interfaces/share/composition_interfaces/hook/cmake_prefix_path.dsv'
[2.673s] INFO:colcon.colcon_core.shell:Creating environment hook '/root/ros_ws/src/Rescue_Car_ws/install/composition_interfaces/share/composition_interfaces/hook/cmake_prefix_path.sh'
[2.674s] Level 1:colcon.colcon_core.environment:checking '/root/ros_ws/src/Rescue_Car_ws/install/composition_interfaces/lib'
[2.674s] Level 1:colcon.colcon_core.shell:create_environment_hook('composition_interfaces', 'ld_library_path_lib')
[2.674s] INFO:colcon.colcon_core.shell:Creating environment hook '/root/ros_ws/src/Rescue_Car_ws/install/composition_interfaces/share/composition_interfaces/hook/ld_library_path_lib.ps1'
[2.675s] INFO:colcon.colcon_core.shell:Creating environment descriptor '/root/ros_ws/src/Rescue_Car_ws/install/composition_interfaces/share/composition_interfaces/hook/ld_library_path_lib.dsv'
[2.675s] INFO:colcon.colcon_core.shell:Creating environment hook '/root/ros_ws/src/Rescue_Car_ws/install/composition_interfaces/share/composition_interfaces/hook/ld_library_path_lib.sh'
[2.675s] Level 1:colcon.colcon_core.environment:checking '/root/ros_ws/src/Rescue_Car_ws/install/composition_interfaces/bin'
[2.675s] Level 1:colcon.colcon_core.environment:checking '/root/ros_ws/src/Rescue_Car_ws/install/composition_interfaces/lib/pkgconfig/composition_interfaces.pc'
[2.676s] Level 1:colcon.colcon_core.environment:checking '/root/ros_ws/src/Rescue_Car_ws/install/composition_interfaces/lib/python3.10/site-packages'
[2.676s] Level 1:colcon.colcon_core.environment:checking '/root/ros_ws/src/Rescue_Car_ws/install/composition_interfaces/bin'
[2.676s] INFO:colcon.colcon_core.shell:Creating package script '/root/ros_ws/src/Rescue_Car_ws/install/composition_interfaces/share/composition_interfaces/package.ps1'
[2.676s] INFO:colcon.colcon_core.shell:Creating package descriptor '/root/ros_ws/src/Rescue_Car_ws/install/composition_interfaces/share/composition_interfaces/package.dsv'
[2.677s] INFO:colcon.colcon_core.shell:Creating package script '/root/ros_ws/src/Rescue_Car_ws/install/composition_interfaces/share/composition_interfaces/package.sh'
[2.677s] INFO:colcon.colcon_core.shell:Creating package script '/root/ros_ws/src/Rescue_Car_ws/install/composition_interfaces/share/composition_interfaces/package.bash'
[2.677s] INFO:colcon.colcon_core.shell:Creating package script '/root/ros_ws/src/Rescue_Car_ws/install/composition_interfaces/share/composition_interfaces/package.zsh'
[2.677s] Level 1:colcon.colcon_core.environment:create_file_with_runtime_dependencies(/root/ros_ws/src/Rescue_Car_ws/install/composition_interfaces/share/colcon-core/packages/composition_interfaces)
[2.678s] Level 1:colcon.colcon_core.environment:create_environment_scripts_only(actionlib_msgs)
[2.678s] Level 1:colcon.colcon_core.environment:checking '/root/ros_ws/src/Rescue_Car_ws/install/actionlib_msgs' for CMake module files
[2.679s] DEBUG:colcon.colcon_core.event_handler.log_command:Invoked command in '/root/ros_ws/src/Rescue_Car_ws/build/actionlib_msgs' returned '0': CMAKE_PREFIX_PATH=/root/ros_ws/src/Rescue_Car_ws/install/std_msgs:/root/ros_ws/src/Rescue_Car_ws/install/builtin_interfaces:/root/ros_ws/src/Rescue_Car_ws/install/micro_ros_demos_rclc:/root/ros_ws/src/Rescue_Car_ws/install/common_interfaces:/root/ros_ws/src/Rescue_Car_ws/install/visualization_msgs:/root/ros_ws/src/Rescue_Car_ws/install/test_msgs:/root/ros_ws/src/Rescue_Car_ws/install/example_interfaces:/root/ros_ws/src/Rescue_Car_ws/install/action_msgs:/root/ros_ws/src/Rescue_Car_ws/install/unique_identifier_msgs:/root/ros_ws/src/Rescue_Car_ws/install/trajectory_msgs:/root/ros_ws/src/Rescue_Car_ws/install/stereo_msgs:/root/ros_ws/src/Rescue_Car_ws/install/std_srvs:/root/ros_ws/src/Rescue_Car_ws/install/shape_msgs:/root/ros_ws/src/Rescue_Car_ws/install/sensor_msgs:/root/ros_ws/src/Rescue_Car_ws/install/nav_msgs:/root/ros_ws/src/Rescue_Car_ws/install/diagnostic_msgs:/root/ros_ws/src/Rescue_Car_ws/install/geometry_msgs:/root/ros_ws/src/Rescue_Car_ws/install/actionlib_msgs:/root/ros_ws/src/Rescue_Car_ws/install/statistics_msgs:/root/ros_ws/src/Rescue_Car_ws/install/rosidl_typesupport_microxrcedds_test_msg:/root/ros_ws/src/Rescue_Car_ws/install/rosidl_typesupport_microxrcedds_cpp_tests:/root/ros_ws/src/Rescue_Car_ws/install/rmw_microxrcedds:/root/ros_ws/src/Rescue_Car_ws/install/rosidl_typesupport_microxrcedds_cpp:/root/ros_ws/src/Rescue_Car_ws/install/rosidl_typesupport_microxrcedds_c_tests:/root/ros_ws/src/Rescue_Car_ws/install/rosidl_typesupport_microxrcedds_c:/root/ros_ws/src/Rescue_Car_ws/install/rosgraph_msgs:/root/ros_ws/src/Rescue_Car_ws/install/rclc_parameter:/root/ros_ws/src/Rescue_Car_ws/install/rclc:/root/ros_ws/src/Rescue_Car_ws/install/composition_interfaces:/root/ros_ws/src/Rescue_Car_ws/install/rcl_interfaces:/root/ros_ws/src/Rescue_Car_ws/install/microxrcedds_client:/root/ros_ws/src/Rescue_Car_ws/install/microcdr:/root/ros_ws/src/Rescue_Car_ws/install/micro_ros_utilities:/root/ros_ws/src/Rescue_Car_ws/install/micro_ros_setup:/root/ros_ws/src/Rescue_Car_ws/install/micro_ros_agent:/root/ros_ws/src/Rescue_Car_ws/install/micro_ros_msgs:/root/ros_ws/src/Rescue_Car_ws/install/lifecycle_msgs:/root/ros_ws/src/Rescue_Car_ws/install/complex_msgs:/root/ros_ws/src/Rescue_Car_ws/install/car:/root/ros_ws/src/Rescue_Car_ws/install/sensor_msgs_py:/opt/ros/humble LD_LIBRARY_PATH=/root/ros_ws/src/Rescue_Car_ws/install/std_msgs/lib:/root/ros_ws/src/Rescue_Car_ws/install/builtin_interfaces/lib:/root/ros_ws/src/Rescue_Car_ws/install/visualization_msgs/lib:/root/ros_ws/src/Rescue_Car_ws/install/test_msgs/lib:/root/ros_ws/src/Rescue_Car_ws/install/example_interfaces/lib:/root/ros_ws/src/Rescue_Car_ws/install/action_msgs/lib:/root/ros_ws/src/Rescue_Car_ws/install/unique_identifier_msgs/lib:/root/ros_ws/src/Rescue_Car_ws/install/trajectory_msgs/lib:/root/ros_ws/src/Rescue_Car_ws/install/stereo_msgs/lib:/root/ros_ws/src/Rescue_Car_ws/install/std_srvs/lib:/root/ros_ws/src/Rescue_Car_ws/install/shape_msgs/lib:/root/ros_ws/src/Rescue_Car_ws/install/sensor_msgs/lib:/root/ros_ws/src/Rescue_Car_ws/install/nav_msgs/lib:/root/ros_ws/src/Rescue_Car_ws/install/diagnostic_msgs/lib:/root/ros_ws/src/Rescue_Car_ws/install/geometry_msgs/lib:/root/ros_ws/src/Rescue_Car_ws/install/actionlib_msgs/lib:/root/ros_ws/src/Rescue_Car_ws/install/statistics_msgs/lib:/root/ros_ws/src/Rescue_Car_ws/install/rosidl_typesupport_microxrcedds_test_msg/lib:/root/ros_ws/src/Rescue_Car_ws/install/rmw_microxrcedds/lib:/root/ros_ws/src/Rescue_Car_ws/install/rosidl_typesupport_microxrcedds_cpp/lib:/root/ros_ws/src/Rescue_Car_ws/install/rosidl_typesupport_microxrcedds_c/lib:/root/ros_ws/src/Rescue_Car_ws/install/rosgraph_msgs/lib:/root/ros_ws/src/Rescue_Car_ws/install/rclc_parameter/lib:/root/ros_ws/src/Rescue_Car_ws/install/rclc/lib:/root/ros_ws/src/Rescue_Car_ws/install/composition_interfaces/lib:/root/ros_ws/src/Rescue_Car_ws/install/rcl_interfaces/lib:/root/ros_ws/src/Rescue_Car_ws/install/micro_ros_utilities/lib:/root/ros_ws/src/Rescue_Car_ws/install/micro_ros_agent/lib:/root/ros_ws/src/Rescue_Car_ws/install/micro_ros_msgs/lib:/root/ros_ws/src/Rescue_Car_ws/install/lifecycle_msgs/lib:/root/ros_ws/src/Rescue_Car_ws/install/complex_msgs/lib:/usr/lib/x86_64-linux-gnu/gazebo-11/plugins:/opt/ros/humble/opt/rviz_ogre_vendor/lib:/opt/ros/humble/lib/x86_64-linux-gnu:/opt/ros/humble/lib /usr/bin/cmake --install /root/ros_ws/src/Rescue_Car_ws/build/actionlib_msgs
[2.680s] Level 1:colcon.colcon_core.environment:checking '/root/ros_ws/src/Rescue_Car_ws/install/actionlib_msgs' for CMake config files
[2.680s] Level 1:colcon.colcon_core.shell:create_environment_hook('actionlib_msgs', 'cmake_prefix_path')
[2.680s] INFO:colcon.colcon_core.shell:Creating environment hook '/root/ros_ws/src/Rescue_Car_ws/install/actionlib_msgs/share/actionlib_msgs/hook/cmake_prefix_path.ps1'
[2.681s] INFO:colcon.colcon_core.shell:Creating environment descriptor '/root/ros_ws/src/Rescue_Car_ws/install/actionlib_msgs/share/actionlib_msgs/hook/cmake_prefix_path.dsv'
[2.681s] INFO:colcon.colcon_core.shell:Creating environment hook '/root/ros_ws/src/Rescue_Car_ws/install/actionlib_msgs/share/actionlib_msgs/hook/cmake_prefix_path.sh'
[2.682s] Level 1:colcon.colcon_core.environment:checking '/root/ros_ws/src/Rescue_Car_ws/install/actionlib_msgs/lib'
[2.682s] Level 1:colcon.colcon_core.shell:create_environment_hook('actionlib_msgs', 'ld_library_path_lib')
[2.682s] INFO:colcon.colcon_core.shell:Creating environment hook '/root/ros_ws/src/Rescue_Car_ws/install/actionlib_msgs/share/actionlib_msgs/hook/ld_library_path_lib.ps1'
[2.682s] INFO:colcon.colcon_core.shell:Creating environment descriptor '/root/ros_ws/src/Rescue_Car_ws/install/actionlib_msgs/share/actionlib_msgs/hook/ld_library_path_lib.dsv'
[2.683s] INFO:colcon.colcon_core.shell:Creating environment hook '/root/ros_ws/src/Rescue_Car_ws/install/actionlib_msgs/share/actionlib_msgs/hook/ld_library_path_lib.sh'
[2.683s] Level 1:colcon.colcon_core.environment:checking '/root/ros_ws/src/Rescue_Car_ws/install/actionlib_msgs/bin'
[2.683s] Level 1:colcon.colcon_core.environment:checking '/root/ros_ws/src/Rescue_Car_ws/install/actionlib_msgs/lib/pkgconfig/actionlib_msgs.pc'
[2.683s] Level 1:colcon.colcon_core.environment:checking '/root/ros_ws/src/Rescue_Car_ws/install/actionlib_msgs/lib/python3.10/site-packages'
[2.684s] Level 1:colcon.colcon_core.environment:checking '/root/ros_ws/src/Rescue_Car_ws/install/actionlib_msgs/bin'
[2.684s] INFO:colcon.colcon_core.shell:Creating package script '/root/ros_ws/src/Rescue_Car_ws/install/actionlib_msgs/share/actionlib_msgs/package.ps1'
[2.684s] INFO:colcon.colcon_core.shell:Creating package descriptor '/root/ros_ws/src/Rescue_Car_ws/install/actionlib_msgs/share/actionlib_msgs/package.dsv'
[2.685s] INFO:colcon.colcon_core.shell:Creating package script '/root/ros_ws/src/Rescue_Car_ws/install/actionlib_msgs/share/actionlib_msgs/package.sh'
[2.685s] INFO:colcon.colcon_core.shell:Creating package script '/root/ros_ws/src/Rescue_Car_ws/install/actionlib_msgs/share/actionlib_msgs/package.bash'
[2.685s] INFO:colcon.colcon_core.shell:Creating package script '/root/ros_ws/src/Rescue_Car_ws/install/actionlib_msgs/share/actionlib_msgs/package.zsh'
[2.686s] Level 1:colcon.colcon_core.environment:create_file_with_runtime_dependencies(/root/ros_ws/src/Rescue_Car_ws/install/actionlib_msgs/share/colcon-core/packages/actionlib_msgs)
[2.686s] Level 1:colcon.colcon_core.environment:create_environment_scripts_only(actionlib_msgs)
[2.686s] Level 1:colcon.colcon_core.environment:checking '/root/ros_ws/src/Rescue_Car_ws/install/actionlib_msgs' for CMake module files
[2.687s] Level 1:colcon.colcon_core.environment:checking '/root/ros_ws/src/Rescue_Car_ws/install/actionlib_msgs' for CMake config files
[2.687s] Level 1:colcon.colcon_core.shell:create_environment_hook('actionlib_msgs', 'cmake_prefix_path')
[2.687s] INFO:colcon.colcon_core.shell:Creating environment hook '/root/ros_ws/src/Rescue_Car_ws/install/actionlib_msgs/share/actionlib_msgs/hook/cmake_prefix_path.ps1'
[2.688s] INFO:colcon.colcon_core.shell:Creating environment descriptor '/root/ros_ws/src/Rescue_Car_ws/install/actionlib_msgs/share/actionlib_msgs/hook/cmake_prefix_path.dsv'
[2.688s] INFO:colcon.colcon_core.shell:Creating environment hook '/root/ros_ws/src/Rescue_Car_ws/install/actionlib_msgs/share/actionlib_msgs/hook/cmake_prefix_path.sh'
[2.689s] Level 1:colcon.colcon_core.environment:checking '/root/ros_ws/src/Rescue_Car_ws/install/actionlib_msgs/lib'
[2.689s] Level 1:colcon.colcon_core.shell:create_environment_hook('actionlib_msgs', 'ld_library_path_lib')
[2.689s] INFO:colcon.colcon_core.shell:Creating environment hook '/root/ros_ws/src/Rescue_Car_ws/install/actionlib_msgs/share/actionlib_msgs/hook/ld_library_path_lib.ps1'
[2.690s] INFO:colcon.colcon_core.shell:Creating environment descriptor '/root/ros_ws/src/Rescue_Car_ws/install/actionlib_msgs/share/actionlib_msgs/hook/ld_library_path_lib.dsv'
[2.690s] INFO:colcon.colcon_core.shell:Creating environment hook '/root/ros_ws/src/Rescue_Car_ws/install/actionlib_msgs/share/actionlib_msgs/hook/ld_library_path_lib.sh'
[2.690s] Level 1:colcon.colcon_core.environment:checking '/root/ros_ws/src/Rescue_Car_ws/install/actionlib_msgs/bin'
[2.690s] Level 1:colcon.colcon_core.environment:checking '/root/ros_ws/src/Rescue_Car_ws/install/actionlib_msgs/lib/pkgconfig/actionlib_msgs.pc'
[2.691s] Level 1:colcon.colcon_core.environment:checking '/root/ros_ws/src/Rescue_Car_ws/install/actionlib_msgs/lib/python3.10/site-packages'
[2.691s] Level 1:colcon.colcon_core.environment:checking '/root/ros_ws/src/Rescue_Car_ws/install/actionlib_msgs/bin'
[2.691s] INFO:colcon.colcon_core.shell:Creating package script '/root/ros_ws/src/Rescue_Car_ws/install/actionlib_msgs/share/actionlib_msgs/package.ps1'
[2.691s] INFO:colcon.colcon_core.shell:Creating package descriptor '/root/ros_ws/src/Rescue_Car_ws/install/actionlib_msgs/share/actionlib_msgs/package.dsv'
[2.692s] INFO:colcon.colcon_core.shell:Creating package script '/root/ros_ws/src/Rescue_Car_ws/install/actionlib_msgs/share/actionlib_msgs/package.sh'
[2.692s] INFO:colcon.colcon_core.shell:Creating package script '/root/ros_ws/src/Rescue_Car_ws/install/actionlib_msgs/share/actionlib_msgs/package.bash'
[2.692s] INFO:colcon.colcon_core.shell:Creating package script '/root/ros_ws/src/Rescue_Car_ws/install/actionlib_msgs/share/actionlib_msgs/package.zsh'
[2.693s] Level 1:colcon.colcon_core.environment:create_file_with_runtime_dependencies(/root/ros_ws/src/Rescue_Car_ws/install/actionlib_msgs/share/colcon-core/packages/actionlib_msgs)
[2.693s] Level 1:colcon.colcon_core.environment:create_environment_scripts_only(geometry_msgs)
[2.693s] Level 1:colcon.colcon_core.environment:checking '/root/ros_ws/src/Rescue_Car_ws/install/geometry_msgs' for CMake module files
[2.694s] DEBUG:colcon.colcon_core.event_handler.log_command:Invoked command in '/root/ros_ws/src/Rescue_Car_ws/build/geometry_msgs' returned '0': CMAKE_PREFIX_PATH=/root/ros_ws/src/Rescue_Car_ws/install/std_msgs:/root/ros_ws/src/Rescue_Car_ws/install/builtin_interfaces:/root/ros_ws/src/Rescue_Car_ws/install/micro_ros_demos_rclc:/root/ros_ws/src/Rescue_Car_ws/install/common_interfaces:/root/ros_ws/src/Rescue_Car_ws/install/visualization_msgs:/root/ros_ws/src/Rescue_Car_ws/install/test_msgs:/root/ros_ws/src/Rescue_Car_ws/install/example_interfaces:/root/ros_ws/src/Rescue_Car_ws/install/action_msgs:/root/ros_ws/src/Rescue_Car_ws/install/unique_identifier_msgs:/root/ros_ws/src/Rescue_Car_ws/install/trajectory_msgs:/root/ros_ws/src/Rescue_Car_ws/install/stereo_msgs:/root/ros_ws/src/Rescue_Car_ws/install/std_srvs:/root/ros_ws/src/Rescue_Car_ws/install/shape_msgs:/root/ros_ws/src/Rescue_Car_ws/install/sensor_msgs:/root/ros_ws/src/Rescue_Car_ws/install/nav_msgs:/root/ros_ws/src/Rescue_Car_ws/install/diagnostic_msgs:/root/ros_ws/src/Rescue_Car_ws/install/geometry_msgs:/root/ros_ws/src/Rescue_Car_ws/install/actionlib_msgs:/root/ros_ws/src/Rescue_Car_ws/install/statistics_msgs:/root/ros_ws/src/Rescue_Car_ws/install/rosidl_typesupport_microxrcedds_test_msg:/root/ros_ws/src/Rescue_Car_ws/install/rosidl_typesupport_microxrcedds_cpp_tests:/root/ros_ws/src/Rescue_Car_ws/install/rmw_microxrcedds:/root/ros_ws/src/Rescue_Car_ws/install/rosidl_typesupport_microxrcedds_cpp:/root/ros_ws/src/Rescue_Car_ws/install/rosidl_typesupport_microxrcedds_c_tests:/root/ros_ws/src/Rescue_Car_ws/install/rosidl_typesupport_microxrcedds_c:/root/ros_ws/src/Rescue_Car_ws/install/rosgraph_msgs:/root/ros_ws/src/Rescue_Car_ws/install/rclc_parameter:/root/ros_ws/src/Rescue_Car_ws/install/rclc:/root/ros_ws/src/Rescue_Car_ws/install/composition_interfaces:/root/ros_ws/src/Rescue_Car_ws/install/rcl_interfaces:/root/ros_ws/src/Rescue_Car_ws/install/microxrcedds_client:/root/ros_ws/src/Rescue_Car_ws/install/microcdr:/root/ros_ws/src/Rescue_Car_ws/install/micro_ros_utilities:/root/ros_ws/src/Rescue_Car_ws/install/micro_ros_setup:/root/ros_ws/src/Rescue_Car_ws/install/micro_ros_agent:/root/ros_ws/src/Rescue_Car_ws/install/micro_ros_msgs:/root/ros_ws/src/Rescue_Car_ws/install/lifecycle_msgs:/root/ros_ws/src/Rescue_Car_ws/install/complex_msgs:/root/ros_ws/src/Rescue_Car_ws/install/car:/root/ros_ws/src/Rescue_Car_ws/install/sensor_msgs_py:/opt/ros/humble LD_LIBRARY_PATH=/root/ros_ws/src/Rescue_Car_ws/install/std_msgs/lib:/root/ros_ws/src/Rescue_Car_ws/install/builtin_interfaces/lib:/root/ros_ws/src/Rescue_Car_ws/install/visualization_msgs/lib:/root/ros_ws/src/Rescue_Car_ws/install/test_msgs/lib:/root/ros_ws/src/Rescue_Car_ws/install/example_interfaces/lib:/root/ros_ws/src/Rescue_Car_ws/install/action_msgs/lib:/root/ros_ws/src/Rescue_Car_ws/install/unique_identifier_msgs/lib:/root/ros_ws/src/Rescue_Car_ws/install/trajectory_msgs/lib:/root/ros_ws/src/Rescue_Car_ws/install/stereo_msgs/lib:/root/ros_ws/src/Rescue_Car_ws/install/std_srvs/lib:/root/ros_ws/src/Rescue_Car_ws/install/shape_msgs/lib:/root/ros_ws/src/Rescue_Car_ws/install/sensor_msgs/lib:/root/ros_ws/src/Rescue_Car_ws/install/nav_msgs/lib:/root/ros_ws/src/Rescue_Car_ws/install/diagnostic_msgs/lib:/root/ros_ws/src/Rescue_Car_ws/install/geometry_msgs/lib:/root/ros_ws/src/Rescue_Car_ws/install/actionlib_msgs/lib:/root/ros_ws/src/Rescue_Car_ws/install/statistics_msgs/lib:/root/ros_ws/src/Rescue_Car_ws/install/rosidl_typesupport_microxrcedds_test_msg/lib:/root/ros_ws/src/Rescue_Car_ws/install/rmw_microxrcedds/lib:/root/ros_ws/src/Rescue_Car_ws/install/rosidl_typesupport_microxrcedds_cpp/lib:/root/ros_ws/src/Rescue_Car_ws/install/rosidl_typesupport_microxrcedds_c/lib:/root/ros_ws/src/Rescue_Car_ws/install/rosgraph_msgs/lib:/root/ros_ws/src/Rescue_Car_ws/install/rclc_parameter/lib:/root/ros_ws/src/Rescue_Car_ws/install/rclc/lib:/root/ros_ws/src/Rescue_Car_ws/install/composition_interfaces/lib:/root/ros_ws/src/Rescue_Car_ws/install/rcl_interfaces/lib:/root/ros_ws/src/Rescue_Car_ws/install/micro_ros_utilities/lib:/root/ros_ws/src/Rescue_Car_ws/install/micro_ros_agent/lib:/root/ros_ws/src/Rescue_Car_ws/install/micro_ros_msgs/lib:/root/ros_ws/src/Rescue_Car_ws/install/lifecycle_msgs/lib:/root/ros_ws/src/Rescue_Car_ws/install/complex_msgs/lib:/usr/lib/x86_64-linux-gnu/gazebo-11/plugins:/opt/ros/humble/opt/rviz_ogre_vendor/lib:/opt/ros/humble/lib/x86_64-linux-gnu:/opt/ros/humble/lib /usr/bin/cmake --install /root/ros_ws/src/Rescue_Car_ws/build/geometry_msgs
[2.695s] Level 1:colcon.colcon_core.environment:checking '/root/ros_ws/src/Rescue_Car_ws/install/geometry_msgs' for CMake config files
[2.696s] Level 1:colcon.colcon_core.shell:create_environment_hook('geometry_msgs', 'cmake_prefix_path')
[2.696s] INFO:colcon.colcon_core.shell:Creating environment hook '/root/ros_ws/src/Rescue_Car_ws/install/geometry_msgs/share/geometry_msgs/hook/cmake_prefix_path.ps1'
[2.697s] INFO:colcon.colcon_core.shell:Creating environment descriptor '/root/ros_ws/src/Rescue_Car_ws/install/geometry_msgs/share/geometry_msgs/hook/cmake_prefix_path.dsv'
[2.697s] INFO:colcon.colcon_core.shell:Creating environment hook '/root/ros_ws/src/Rescue_Car_ws/install/geometry_msgs/share/geometry_msgs/hook/cmake_prefix_path.sh'
[2.697s] Level 1:colcon.colcon_core.environment:checking '/root/ros_ws/src/Rescue_Car_ws/install/geometry_msgs/lib'
[2.697s] Level 1:colcon.colcon_core.shell:create_environment_hook('geometry_msgs', 'ld_library_path_lib')
[2.697s] INFO:colcon.colcon_core.shell:Creating environment hook '/root/ros_ws/src/Rescue_Car_ws/install/geometry_msgs/share/geometry_msgs/hook/ld_library_path_lib.ps1'
[2.698s] INFO:colcon.colcon_core.shell:Creating environment descriptor '/root/ros_ws/src/Rescue_Car_ws/install/geometry_msgs/share/geometry_msgs/hook/ld_library_path_lib.dsv'
[2.698s] INFO:colcon.colcon_core.shell:Creating environment hook '/root/ros_ws/src/Rescue_Car_ws/install/geometry_msgs/share/geometry_msgs/hook/ld_library_path_lib.sh'
[2.698s] Level 1:colcon.colcon_core.environment:checking '/root/ros_ws/src/Rescue_Car_ws/install/geometry_msgs/bin'
[2.698s] Level 1:colcon.colcon_core.environment:checking '/root/ros_ws/src/Rescue_Car_ws/install/geometry_msgs/lib/pkgconfig/geometry_msgs.pc'
[2.698s] Level 1:colcon.colcon_core.environment:checking '/root/ros_ws/src/Rescue_Car_ws/install/geometry_msgs/lib/python3.10/site-packages'
[2.699s] Level 1:colcon.colcon_core.environment:checking '/root/ros_ws/src/Rescue_Car_ws/install/geometry_msgs/bin'
[2.699s] INFO:colcon.colcon_core.shell:Creating package script '/root/ros_ws/src/Rescue_Car_ws/install/geometry_msgs/share/geometry_msgs/package.ps1'
[2.699s] INFO:colcon.colcon_core.shell:Creating package descriptor '/root/ros_ws/src/Rescue_Car_ws/install/geometry_msgs/share/geometry_msgs/package.dsv'
[2.699s] INFO:colcon.colcon_core.shell:Creating package script '/root/ros_ws/src/Rescue_Car_ws/install/geometry_msgs/share/geometry_msgs/package.sh'
[2.700s] INFO:colcon.colcon_core.shell:Creating package script '/root/ros_ws/src/Rescue_Car_ws/install/geometry_msgs/share/geometry_msgs/package.bash'
[2.700s] INFO:colcon.colcon_core.shell:Creating package script '/root/ros_ws/src/Rescue_Car_ws/install/geometry_msgs/share/geometry_msgs/package.zsh'
[2.700s] Level 1:colcon.colcon_core.environment:create_file_with_runtime_dependencies(/root/ros_ws/src/Rescue_Car_ws/install/geometry_msgs/share/colcon-core/packages/geometry_msgs)
[2.701s] Level 1:colcon.colcon_core.environment:create_environment_scripts_only(geometry_msgs)
[2.701s] Level 1:colcon.colcon_core.environment:checking '/root/ros_ws/src/Rescue_Car_ws/install/geometry_msgs' for CMake module files
[2.701s] Level 1:colcon.colcon_core.environment:checking '/root/ros_ws/src/Rescue_Car_ws/install/geometry_msgs' for CMake config files
[2.702s] Level 1:colcon.colcon_core.shell:create_environment_hook('geometry_msgs', 'cmake_prefix_path')
[2.702s] INFO:colcon.colcon_core.shell:Creating environment hook '/root/ros_ws/src/Rescue_Car_ws/install/geometry_msgs/share/geometry_msgs/hook/cmake_prefix_path.ps1'
[2.702s] INFO:colcon.colcon_core.shell:Creating environment descriptor '/root/ros_ws/src/Rescue_Car_ws/install/geometry_msgs/share/geometry_msgs/hook/cmake_prefix_path.dsv'
[2.703s] INFO:colcon.colcon_core.shell:Creating environment hook '/root/ros_ws/src/Rescue_Car_ws/install/geometry_msgs/share/geometry_msgs/hook/cmake_prefix_path.sh'
[2.703s] Level 1:colcon.colcon_core.environment:checking '/root/ros_ws/src/Rescue_Car_ws/install/geometry_msgs/lib'
[2.703s] Level 1:colcon.colcon_core.shell:create_environment_hook('geometry_msgs', 'ld_library_path_lib')
[2.703s] INFO:colcon.colcon_core.shell:Creating environment hook '/root/ros_ws/src/Rescue_Car_ws/install/geometry_msgs/share/geometry_msgs/hook/ld_library_path_lib.ps1'
[2.703s] INFO:colcon.colcon_core.shell:Creating environment descriptor '/root/ros_ws/src/Rescue_Car_ws/install/geometry_msgs/share/geometry_msgs/hook/ld_library_path_lib.dsv'
[2.704s] INFO:colcon.colcon_core.shell:Creating environment hook '/root/ros_ws/src/Rescue_Car_ws/install/geometry_msgs/share/geometry_msgs/hook/ld_library_path_lib.sh'
[2.704s] Level 1:colcon.colcon_core.environment:checking '/root/ros_ws/src/Rescue_Car_ws/install/geometry_msgs/bin'
[2.704s] Level 1:colcon.colcon_core.environment:checking '/root/ros_ws/src/Rescue_Car_ws/install/geometry_msgs/lib/pkgconfig/geometry_msgs.pc'
[2.705s] Level 1:colcon.colcon_core.environment:checking '/root/ros_ws/src/Rescue_Car_ws/install/geometry_msgs/lib/python3.10/site-packages'
[2.705s] Level 1:colcon.colcon_core.environment:checking '/root/ros_ws/src/Rescue_Car_ws/install/geometry_msgs/bin'
[2.705s] INFO:colcon.colcon_core.shell:Creating package script '/root/ros_ws/src/Rescue_Car_ws/install/geometry_msgs/share/geometry_msgs/package.ps1'
[2.705s] INFO:colcon.colcon_core.shell:Creating package descriptor '/root/ros_ws/src/Rescue_Car_ws/install/geometry_msgs/share/geometry_msgs/package.dsv'
[2.706s] INFO:colcon.colcon_core.shell:Creating package script '/root/ros_ws/src/Rescue_Car_ws/install/geometry_msgs/share/geometry_msgs/package.sh'
[2.706s] INFO:colcon.colcon_core.shell:Creating package script '/root/ros_ws/src/Rescue_Car_ws/install/geometry_msgs/share/geometry_msgs/package.bash'
[2.706s] INFO:colcon.colcon_core.shell:Creating package script '/root/ros_ws/src/Rescue_Car_ws/install/geometry_msgs/share/geometry_msgs/package.zsh'
[2.706s] Level 1:colcon.colcon_core.environment:create_file_with_runtime_dependencies(/root/ros_ws/src/Rescue_Car_ws/install/geometry_msgs/share/colcon-core/packages/geometry_msgs)
[2.707s] INFO:colcon.colcon_ros.task.ament_cmake.build:Building ROS package in '/root/ros_ws/src/Rescue_Car_ws/src/microros/src/ros2/common_interfaces/sensor_msgs' with build type 'ament_cmake'
[2.707s] INFO:colcon.colcon_cmake.task.cmake.build:Building CMake package in '/root/ros_ws/src/Rescue_Car_ws/src/microros/src/ros2/common_interfaces/sensor_msgs'
[2.708s] INFO:colcon.colcon_core.shell:Skip shell extension 'powershell' for command environment: Not usable outside of PowerShell
[2.708s] DEBUG:colcon.colcon_core.shell:Skip shell extension 'dsv' for command environment
[2.713s] INFO:colcon.colcon_ros.task.ament_cmake.build:Building ROS package in '/root/ros_ws/src/Rescue_Car_ws/src/microros/src/ros2/common_interfaces/diagnostic_msgs' with build type 'ament_cmake'
[2.713s] INFO:colcon.colcon_cmake.task.cmake.build:Building CMake package in '/root/ros_ws/src/Rescue_Car_ws/src/microros/src/ros2/common_interfaces/diagnostic_msgs'
[2.714s] INFO:colcon.colcon_core.shell:Skip shell extension 'powershell' for command environment: Not usable outside of PowerShell
[2.714s] DEBUG:colcon.colcon_core.shell:Skip shell extension 'dsv' for command environment
[2.719s] INFO:colcon.colcon_ros.task.ament_cmake.build:Building ROS package in '/root/ros_ws/src/Rescue_Car_ws/src/microros/src/ros2/common_interfaces/nav_msgs' with build type 'ament_cmake'
[2.719s] INFO:colcon.colcon_cmake.task.cmake.build:Building CMake package in '/root/ros_ws/src/Rescue_Car_ws/src/microros/src/ros2/common_interfaces/nav_msgs'
[2.720s] INFO:colcon.colcon_core.shell:Skip shell extension 'powershell' for command environment: Not usable outside of PowerShell
[2.720s] DEBUG:colcon.colcon_core.shell:Skip shell extension 'dsv' for command environment
[2.725s] INFO:colcon.colcon_ros.task.ament_cmake.build:Building ROS package in '/root/ros_ws/src/Rescue_Car_ws/src/microros/src/ros2/common_interfaces/shape_msgs' with build type 'ament_cmake'
[2.725s] INFO:colcon.colcon_cmake.task.cmake.build:Building CMake package in '/root/ros_ws/src/Rescue_Car_ws/src/microros/src/ros2/common_interfaces/shape_msgs'
[2.726s] INFO:colcon.colcon_core.shell:Skip shell extension 'powershell' for command environment: Not usable outside of PowerShell
[2.726s] DEBUG:colcon.colcon_core.shell:Skip shell extension 'dsv' for command environment
[2.730s] INFO:colcon.colcon_ros.task.ament_cmake.build:Building ROS package in '/root/ros_ws/src/Rescue_Car_ws/src/microros/src/ros2/common_interfaces/trajectory_msgs' with build type 'ament_cmake'
[2.730s] INFO:colcon.colcon_cmake.task.cmake.build:Building CMake package in '/root/ros_ws/src/Rescue_Car_ws/src/microros/src/ros2/common_interfaces/trajectory_msgs'
[2.730s] INFO:colcon.colcon_core.shell:Skip shell extension 'powershell' for command environment: Not usable outside of PowerShell
[2.730s] DEBUG:colcon.colcon_core.shell:Skip shell extension 'dsv' for command environment
[2.736s] DEBUG:colcon.colcon_core.event_handler.log_command:Invoked command in '/root/ros_ws/src/Rescue_Car_ws/build/test_msgs' returned '0': CMAKE_PREFIX_PATH=/root/ros_ws/src/Rescue_Car_ws/install/action_msgs:/root/ros_ws/src/Rescue_Car_ws/install/unique_identifier_msgs:/root/ros_ws/src/Rescue_Car_ws/install/builtin_interfaces:/root/ros_ws/src/Rescue_Car_ws/install/micro_ros_demos_rclc:/root/ros_ws/src/Rescue_Car_ws/install/common_interfaces:/root/ros_ws/src/Rescue_Car_ws/install/visualization_msgs:/root/ros_ws/src/Rescue_Car_ws/install/test_msgs:/root/ros_ws/src/Rescue_Car_ws/install/example_interfaces:/root/ros_ws/src/Rescue_Car_ws/install/trajectory_msgs:/root/ros_ws/src/Rescue_Car_ws/install/stereo_msgs:/root/ros_ws/src/Rescue_Car_ws/install/std_srvs:/root/ros_ws/src/Rescue_Car_ws/install/shape_msgs:/root/ros_ws/src/Rescue_Car_ws/install/sensor_msgs:/root/ros_ws/src/Rescue_Car_ws/install/nav_msgs:/root/ros_ws/src/Rescue_Car_ws/install/diagnostic_msgs:/root/ros_ws/src/Rescue_Car_ws/install/geometry_msgs:/root/ros_ws/src/Rescue_Car_ws/install/actionlib_msgs:/root/ros_ws/src/Rescue_Car_ws/install/std_msgs:/root/ros_ws/src/Rescue_Car_ws/install/statistics_msgs:/root/ros_ws/src/Rescue_Car_ws/install/rosidl_typesupport_microxrcedds_test_msg:/root/ros_ws/src/Rescue_Car_ws/install/rosidl_typesupport_microxrcedds_cpp_tests:/root/ros_ws/src/Rescue_Car_ws/install/rmw_microxrcedds:/root/ros_ws/src/Rescue_Car_ws/install/rosidl_typesupport_microxrcedds_cpp:/root/ros_ws/src/Rescue_Car_ws/install/rosidl_typesupport_microxrcedds_c_tests:/root/ros_ws/src/Rescue_Car_ws/install/rosidl_typesupport_microxrcedds_c:/root/ros_ws/src/Rescue_Car_ws/install/rosgraph_msgs:/root/ros_ws/src/Rescue_Car_ws/install/rclc_parameter:/root/ros_ws/src/Rescue_Car_ws/install/rclc:/root/ros_ws/src/Rescue_Car_ws/install/composition_interfaces:/root/ros_ws/src/Rescue_Car_ws/install/rcl_interfaces:/root/ros_ws/src/Rescue_Car_ws/install/microxrcedds_client:/root/ros_ws/src/Rescue_Car_ws/install/microcdr:/root/ros_ws/src/Rescue_Car_ws/install/micro_ros_utilities:/root/ros_ws/src/Rescue_Car_ws/install/micro_ros_setup:/root/ros_ws/src/Rescue_Car_ws/install/micro_ros_agent:/root/ros_ws/src/Rescue_Car_ws/install/micro_ros_msgs:/root/ros_ws/src/Rescue_Car_ws/install/lifecycle_msgs:/root/ros_ws/src/Rescue_Car_ws/install/complex_msgs:/root/ros_ws/src/Rescue_Car_ws/install/car:/root/ros_ws/src/Rescue_Car_ws/install/sensor_msgs_py:/opt/ros/humble LD_LIBRARY_PATH=/root/ros_ws/src/Rescue_Car_ws/install/action_msgs/lib:/root/ros_ws/src/Rescue_Car_ws/install/unique_identifier_msgs/lib:/root/ros_ws/src/Rescue_Car_ws/install/builtin_interfaces/lib:/root/ros_ws/src/Rescue_Car_ws/install/visualization_msgs/lib:/root/ros_ws/src/Rescue_Car_ws/install/test_msgs/lib:/root/ros_ws/src/Rescue_Car_ws/install/example_interfaces/lib:/root/ros_ws/src/Rescue_Car_ws/install/trajectory_msgs/lib:/root/ros_ws/src/Rescue_Car_ws/install/stereo_msgs/lib:/root/ros_ws/src/Rescue_Car_ws/install/std_srvs/lib:/root/ros_ws/src/Rescue_Car_ws/install/shape_msgs/lib:/root/ros_ws/src/Rescue_Car_ws/install/sensor_msgs/lib:/root/ros_ws/src/Rescue_Car_ws/install/nav_msgs/lib:/root/ros_ws/src/Rescue_Car_ws/install/diagnostic_msgs/lib:/root/ros_ws/src/Rescue_Car_ws/install/geometry_msgs/lib:/root/ros_ws/src/Rescue_Car_ws/install/actionlib_msgs/lib:/root/ros_ws/src/Rescue_Car_ws/install/std_msgs/lib:/root/ros_ws/src/Rescue_Car_ws/install/statistics_msgs/lib:/root/ros_ws/src/Rescue_Car_ws/install/rosidl_typesupport_microxrcedds_test_msg/lib:/root/ros_ws/src/Rescue_Car_ws/install/rmw_microxrcedds/lib:/root/ros_ws/src/Rescue_Car_ws/install/rosidl_typesupport_microxrcedds_cpp/lib:/root/ros_ws/src/Rescue_Car_ws/install/rosidl_typesupport_microxrcedds_c/lib:/root/ros_ws/src/Rescue_Car_ws/install/rosgraph_msgs/lib:/root/ros_ws/src/Rescue_Car_ws/install/rclc_parameter/lib:/root/ros_ws/src/Rescue_Car_ws/install/rclc/lib:/root/ros_ws/src/Rescue_Car_ws/install/composition_interfaces/lib:/root/ros_ws/src/Rescue_Car_ws/install/rcl_interfaces/lib:/root/ros_ws/src/Rescue_Car_ws/install/micro_ros_utilities/lib:/root/ros_ws/src/Rescue_Car_ws/install/micro_ros_agent/lib:/root/ros_ws/src/Rescue_Car_ws/install/micro_ros_msgs/lib:/root/ros_ws/src/Rescue_Car_ws/install/lifecycle_msgs/lib:/root/ros_ws/src/Rescue_Car_ws/install/complex_msgs/lib:/usr/lib/x86_64-linux-gnu/gazebo-11/plugins:/opt/ros/humble/opt/rviz_ogre_vendor/lib:/opt/ros/humble/lib/x86_64-linux-gnu:/opt/ros/humble/lib /usr/bin/cmake --build /root/ros_ws/src/Rescue_Car_ws/build/test_msgs -- -j20 -l20
[2.737s] DEBUG:colcon.colcon_core.event_handler.log_command:Invoking command in '/root/ros_ws/src/Rescue_Car_ws/build/test_msgs': CMAKE_PREFIX_PATH=/root/ros_ws/src/Rescue_Car_ws/install/action_msgs:/root/ros_ws/src/Rescue_Car_ws/install/unique_identifier_msgs:/root/ros_ws/src/Rescue_Car_ws/install/builtin_interfaces:/root/ros_ws/src/Rescue_Car_ws/install/micro_ros_demos_rclc:/root/ros_ws/src/Rescue_Car_ws/install/common_interfaces:/root/ros_ws/src/Rescue_Car_ws/install/visualization_msgs:/root/ros_ws/src/Rescue_Car_ws/install/test_msgs:/root/ros_ws/src/Rescue_Car_ws/install/example_interfaces:/root/ros_ws/src/Rescue_Car_ws/install/trajectory_msgs:/root/ros_ws/src/Rescue_Car_ws/install/stereo_msgs:/root/ros_ws/src/Rescue_Car_ws/install/std_srvs:/root/ros_ws/src/Rescue_Car_ws/install/shape_msgs:/root/ros_ws/src/Rescue_Car_ws/install/sensor_msgs:/root/ros_ws/src/Rescue_Car_ws/install/nav_msgs:/root/ros_ws/src/Rescue_Car_ws/install/diagnostic_msgs:/root/ros_ws/src/Rescue_Car_ws/install/geometry_msgs:/root/ros_ws/src/Rescue_Car_ws/install/actionlib_msgs:/root/ros_ws/src/Rescue_Car_ws/install/std_msgs:/root/ros_ws/src/Rescue_Car_ws/install/statistics_msgs:/root/ros_ws/src/Rescue_Car_ws/install/rosidl_typesupport_microxrcedds_test_msg:/root/ros_ws/src/Rescue_Car_ws/install/rosidl_typesupport_microxrcedds_cpp_tests:/root/ros_ws/src/Rescue_Car_ws/install/rmw_microxrcedds:/root/ros_ws/src/Rescue_Car_ws/install/rosidl_typesupport_microxrcedds_cpp:/root/ros_ws/src/Rescue_Car_ws/install/rosidl_typesupport_microxrcedds_c_tests:/root/ros_ws/src/Rescue_Car_ws/install/rosidl_typesupport_microxrcedds_c:/root/ros_ws/src/Rescue_Car_ws/install/rosgraph_msgs:/root/ros_ws/src/Rescue_Car_ws/install/rclc_parameter:/root/ros_ws/src/Rescue_Car_ws/install/rclc:/root/ros_ws/src/Rescue_Car_ws/install/composition_interfaces:/root/ros_ws/src/Rescue_Car_ws/install/rcl_interfaces:/root/ros_ws/src/Rescue_Car_ws/install/microxrcedds_client:/root/ros_ws/src/Rescue_Car_ws/install/microcdr:/root/ros_ws/src/Rescue_Car_ws/install/micro_ros_utilities:/root/ros_ws/src/Rescue_Car_ws/install/micro_ros_setup:/root/ros_ws/src/Rescue_Car_ws/install/micro_ros_agent:/root/ros_ws/src/Rescue_Car_ws/install/micro_ros_msgs:/root/ros_ws/src/Rescue_Car_ws/install/lifecycle_msgs:/root/ros_ws/src/Rescue_Car_ws/install/complex_msgs:/root/ros_ws/src/Rescue_Car_ws/install/car:/root/ros_ws/src/Rescue_Car_ws/install/sensor_msgs_py:/opt/ros/humble LD_LIBRARY_PATH=/root/ros_ws/src/Rescue_Car_ws/install/action_msgs/lib:/root/ros_ws/src/Rescue_Car_ws/install/unique_identifier_msgs/lib:/root/ros_ws/src/Rescue_Car_ws/install/builtin_interfaces/lib:/root/ros_ws/src/Rescue_Car_ws/install/visualization_msgs/lib:/root/ros_ws/src/Rescue_Car_ws/install/test_msgs/lib:/root/ros_ws/src/Rescue_Car_ws/install/example_interfaces/lib:/root/ros_ws/src/Rescue_Car_ws/install/trajectory_msgs/lib:/root/ros_ws/src/Rescue_Car_ws/install/stereo_msgs/lib:/root/ros_ws/src/Rescue_Car_ws/install/std_srvs/lib:/root/ros_ws/src/Rescue_Car_ws/install/shape_msgs/lib:/root/ros_ws/src/Rescue_Car_ws/install/sensor_msgs/lib:/root/ros_ws/src/Rescue_Car_ws/install/nav_msgs/lib:/root/ros_ws/src/Rescue_Car_ws/install/diagnostic_msgs/lib:/root/ros_ws/src/Rescue_Car_ws/install/geometry_msgs/lib:/root/ros_ws/src/Rescue_Car_ws/install/actionlib_msgs/lib:/root/ros_ws/src/Rescue_Car_ws/install/std_msgs/lib:/root/ros_ws/src/Rescue_Car_ws/install/statistics_msgs/lib:/root/ros_ws/src/Rescue_Car_ws/install/rosidl_typesupport_microxrcedds_test_msg/lib:/root/ros_ws/src/Rescue_Car_ws/install/rmw_microxrcedds/lib:/root/ros_ws/src/Rescue_Car_ws/install/rosidl_typesupport_microxrcedds_cpp/lib:/root/ros_ws/src/Rescue_Car_ws/install/rosidl_typesupport_microxrcedds_c/lib:/root/ros_ws/src/Rescue_Car_ws/install/rosgraph_msgs/lib:/root/ros_ws/src/Rescue_Car_ws/install/rclc_parameter/lib:/root/ros_ws/src/Rescue_Car_ws/install/rclc/lib:/root/ros_ws/src/Rescue_Car_ws/install/composition_interfaces/lib:/root/ros_ws/src/Rescue_Car_ws/install/rcl_interfaces/lib:/root/ros_ws/src/Rescue_Car_ws/install/micro_ros_utilities/lib:/root/ros_ws/src/Rescue_Car_ws/install/micro_ros_agent/lib:/root/ros_ws/src/Rescue_Car_ws/install/micro_ros_msgs/lib:/root/ros_ws/src/Rescue_Car_ws/install/lifecycle_msgs/lib:/root/ros_ws/src/Rescue_Car_ws/install/complex_msgs/lib:/usr/lib/x86_64-linux-gnu/gazebo-11/plugins:/opt/ros/humble/opt/rviz_ogre_vendor/lib:/opt/ros/humble/lib/x86_64-linux-gnu:/opt/ros/humble/lib /usr/bin/cmake --install /root/ros_ws/src/Rescue_Car_ws/build/test_msgs
[2.737s] DEBUG:colcon.colcon_core.event_handler.log_command:Invoked command in '/root/ros_ws/src/Rescue_Car_ws/build/example_interfaces' returned '0': CMAKE_PREFIX_PATH=/root/ros_ws/src/Rescue_Car_ws/install/action_msgs:/root/ros_ws/src/Rescue_Car_ws/install/unique_identifier_msgs:/root/ros_ws/src/Rescue_Car_ws/install/builtin_interfaces:/root/ros_ws/src/Rescue_Car_ws/install/micro_ros_demos_rclc:/root/ros_ws/src/Rescue_Car_ws/install/common_interfaces:/root/ros_ws/src/Rescue_Car_ws/install/visualization_msgs:/root/ros_ws/src/Rescue_Car_ws/install/test_msgs:/root/ros_ws/src/Rescue_Car_ws/install/example_interfaces:/root/ros_ws/src/Rescue_Car_ws/install/trajectory_msgs:/root/ros_ws/src/Rescue_Car_ws/install/stereo_msgs:/root/ros_ws/src/Rescue_Car_ws/install/std_srvs:/root/ros_ws/src/Rescue_Car_ws/install/shape_msgs:/root/ros_ws/src/Rescue_Car_ws/install/sensor_msgs:/root/ros_ws/src/Rescue_Car_ws/install/nav_msgs:/root/ros_ws/src/Rescue_Car_ws/install/diagnostic_msgs:/root/ros_ws/src/Rescue_Car_ws/install/geometry_msgs:/root/ros_ws/src/Rescue_Car_ws/install/actionlib_msgs:/root/ros_ws/src/Rescue_Car_ws/install/std_msgs:/root/ros_ws/src/Rescue_Car_ws/install/statistics_msgs:/root/ros_ws/src/Rescue_Car_ws/install/rosidl_typesupport_microxrcedds_test_msg:/root/ros_ws/src/Rescue_Car_ws/install/rosidl_typesupport_microxrcedds_cpp_tests:/root/ros_ws/src/Rescue_Car_ws/install/rmw_microxrcedds:/root/ros_ws/src/Rescue_Car_ws/install/rosidl_typesupport_microxrcedds_cpp:/root/ros_ws/src/Rescue_Car_ws/install/rosidl_typesupport_microxrcedds_c_tests:/root/ros_ws/src/Rescue_Car_ws/install/rosidl_typesupport_microxrcedds_c:/root/ros_ws/src/Rescue_Car_ws/install/rosgraph_msgs:/root/ros_ws/src/Rescue_Car_ws/install/rclc_parameter:/root/ros_ws/src/Rescue_Car_ws/install/rclc:/root/ros_ws/src/Rescue_Car_ws/install/composition_interfaces:/root/ros_ws/src/Rescue_Car_ws/install/rcl_interfaces:/root/ros_ws/src/Rescue_Car_ws/install/microxrcedds_client:/root/ros_ws/src/Rescue_Car_ws/install/microcdr:/root/ros_ws/src/Rescue_Car_ws/install/micro_ros_utilities:/root/ros_ws/src/Rescue_Car_ws/install/micro_ros_setup:/root/ros_ws/src/Rescue_Car_ws/install/micro_ros_agent:/root/ros_ws/src/Rescue_Car_ws/install/micro_ros_msgs:/root/ros_ws/src/Rescue_Car_ws/install/lifecycle_msgs:/root/ros_ws/src/Rescue_Car_ws/install/complex_msgs:/root/ros_ws/src/Rescue_Car_ws/install/car:/root/ros_ws/src/Rescue_Car_ws/install/sensor_msgs_py:/opt/ros/humble LD_LIBRARY_PATH=/root/ros_ws/src/Rescue_Car_ws/install/action_msgs/lib:/root/ros_ws/src/Rescue_Car_ws/install/unique_identifier_msgs/lib:/root/ros_ws/src/Rescue_Car_ws/install/builtin_interfaces/lib:/root/ros_ws/src/Rescue_Car_ws/install/visualization_msgs/lib:/root/ros_ws/src/Rescue_Car_ws/install/test_msgs/lib:/root/ros_ws/src/Rescue_Car_ws/install/example_interfaces/lib:/root/ros_ws/src/Rescue_Car_ws/install/trajectory_msgs/lib:/root/ros_ws/src/Rescue_Car_ws/install/stereo_msgs/lib:/root/ros_ws/src/Rescue_Car_ws/install/std_srvs/lib:/root/ros_ws/src/Rescue_Car_ws/install/shape_msgs/lib:/root/ros_ws/src/Rescue_Car_ws/install/sensor_msgs/lib:/root/ros_ws/src/Rescue_Car_ws/install/nav_msgs/lib:/root/ros_ws/src/Rescue_Car_ws/install/diagnostic_msgs/lib:/root/ros_ws/src/Rescue_Car_ws/install/geometry_msgs/lib:/root/ros_ws/src/Rescue_Car_ws/install/actionlib_msgs/lib:/root/ros_ws/src/Rescue_Car_ws/install/std_msgs/lib:/root/ros_ws/src/Rescue_Car_ws/install/statistics_msgs/lib:/root/ros_ws/src/Rescue_Car_ws/install/rosidl_typesupport_microxrcedds_test_msg/lib:/root/ros_ws/src/Rescue_Car_ws/install/rmw_microxrcedds/lib:/root/ros_ws/src/Rescue_Car_ws/install/rosidl_typesupport_microxrcedds_cpp/lib:/root/ros_ws/src/Rescue_Car_ws/install/rosidl_typesupport_microxrcedds_c/lib:/root/ros_ws/src/Rescue_Car_ws/install/rosgraph_msgs/lib:/root/ros_ws/src/Rescue_Car_ws/install/rclc_parameter/lib:/root/ros_ws/src/Rescue_Car_ws/install/rclc/lib:/root/ros_ws/src/Rescue_Car_ws/install/composition_interfaces/lib:/root/ros_ws/src/Rescue_Car_ws/install/rcl_interfaces/lib:/root/ros_ws/src/Rescue_Car_ws/install/micro_ros_utilities/lib:/root/ros_ws/src/Rescue_Car_ws/install/micro_ros_agent/lib:/root/ros_ws/src/Rescue_Car_ws/install/micro_ros_msgs/lib:/root/ros_ws/src/Rescue_Car_ws/install/lifecycle_msgs/lib:/root/ros_ws/src/Rescue_Car_ws/install/complex_msgs/lib:/usr/lib/x86_64-linux-gnu/gazebo-11/plugins:/opt/ros/humble/opt/rviz_ogre_vendor/lib:/opt/ros/humble/lib/x86_64-linux-gnu:/opt/ros/humble/lib /usr/bin/cmake --build /root/ros_ws/src/Rescue_Car_ws/build/example_interfaces -- -j20 -l20
[2.742s] DEBUG:colcon.colcon_core.event_handler.log_command:Invoking command in '/root/ros_ws/src/Rescue_Car_ws/build/example_interfaces': CMAKE_PREFIX_PATH=/root/ros_ws/src/Rescue_Car_ws/install/action_msgs:/root/ros_ws/src/Rescue_Car_ws/install/unique_identifier_msgs:/root/ros_ws/src/Rescue_Car_ws/install/builtin_interfaces:/root/ros_ws/src/Rescue_Car_ws/install/micro_ros_demos_rclc:/root/ros_ws/src/Rescue_Car_ws/install/common_interfaces:/root/ros_ws/src/Rescue_Car_ws/install/visualization_msgs:/root/ros_ws/src/Rescue_Car_ws/install/test_msgs:/root/ros_ws/src/Rescue_Car_ws/install/example_interfaces:/root/ros_ws/src/Rescue_Car_ws/install/trajectory_msgs:/root/ros_ws/src/Rescue_Car_ws/install/stereo_msgs:/root/ros_ws/src/Rescue_Car_ws/install/std_srvs:/root/ros_ws/src/Rescue_Car_ws/install/shape_msgs:/root/ros_ws/src/Rescue_Car_ws/install/sensor_msgs:/root/ros_ws/src/Rescue_Car_ws/install/nav_msgs:/root/ros_ws/src/Rescue_Car_ws/install/diagnostic_msgs:/root/ros_ws/src/Rescue_Car_ws/install/geometry_msgs:/root/ros_ws/src/Rescue_Car_ws/install/actionlib_msgs:/root/ros_ws/src/Rescue_Car_ws/install/std_msgs:/root/ros_ws/src/Rescue_Car_ws/install/statistics_msgs:/root/ros_ws/src/Rescue_Car_ws/install/rosidl_typesupport_microxrcedds_test_msg:/root/ros_ws/src/Rescue_Car_ws/install/rosidl_typesupport_microxrcedds_cpp_tests:/root/ros_ws/src/Rescue_Car_ws/install/rmw_microxrcedds:/root/ros_ws/src/Rescue_Car_ws/install/rosidl_typesupport_microxrcedds_cpp:/root/ros_ws/src/Rescue_Car_ws/install/rosidl_typesupport_microxrcedds_c_tests:/root/ros_ws/src/Rescue_Car_ws/install/rosidl_typesupport_microxrcedds_c:/root/ros_ws/src/Rescue_Car_ws/install/rosgraph_msgs:/root/ros_ws/src/Rescue_Car_ws/install/rclc_parameter:/root/ros_ws/src/Rescue_Car_ws/install/rclc:/root/ros_ws/src/Rescue_Car_ws/install/composition_interfaces:/root/ros_ws/src/Rescue_Car_ws/install/rcl_interfaces:/root/ros_ws/src/Rescue_Car_ws/install/microxrcedds_client:/root/ros_ws/src/Rescue_Car_ws/install/microcdr:/root/ros_ws/src/Rescue_Car_ws/install/micro_ros_utilities:/root/ros_ws/src/Rescue_Car_ws/install/micro_ros_setup:/root/ros_ws/src/Rescue_Car_ws/install/micro_ros_agent:/root/ros_ws/src/Rescue_Car_ws/install/micro_ros_msgs:/root/ros_ws/src/Rescue_Car_ws/install/lifecycle_msgs:/root/ros_ws/src/Rescue_Car_ws/install/complex_msgs:/root/ros_ws/src/Rescue_Car_ws/install/car:/root/ros_ws/src/Rescue_Car_ws/install/sensor_msgs_py:/opt/ros/humble LD_LIBRARY_PATH=/root/ros_ws/src/Rescue_Car_ws/install/action_msgs/lib:/root/ros_ws/src/Rescue_Car_ws/install/unique_identifier_msgs/lib:/root/ros_ws/src/Rescue_Car_ws/install/builtin_interfaces/lib:/root/ros_ws/src/Rescue_Car_ws/install/visualization_msgs/lib:/root/ros_ws/src/Rescue_Car_ws/install/test_msgs/lib:/root/ros_ws/src/Rescue_Car_ws/install/example_interfaces/lib:/root/ros_ws/src/Rescue_Car_ws/install/trajectory_msgs/lib:/root/ros_ws/src/Rescue_Car_ws/install/stereo_msgs/lib:/root/ros_ws/src/Rescue_Car_ws/install/std_srvs/lib:/root/ros_ws/src/Rescue_Car_ws/install/shape_msgs/lib:/root/ros_ws/src/Rescue_Car_ws/install/sensor_msgs/lib:/root/ros_ws/src/Rescue_Car_ws/install/nav_msgs/lib:/root/ros_ws/src/Rescue_Car_ws/install/diagnostic_msgs/lib:/root/ros_ws/src/Rescue_Car_ws/install/geometry_msgs/lib:/root/ros_ws/src/Rescue_Car_ws/install/actionlib_msgs/lib:/root/ros_ws/src/Rescue_Car_ws/install/std_msgs/lib:/root/ros_ws/src/Rescue_Car_ws/install/statistics_msgs/lib:/root/ros_ws/src/Rescue_Car_ws/install/rosidl_typesupport_microxrcedds_test_msg/lib:/root/ros_ws/src/Rescue_Car_ws/install/rmw_microxrcedds/lib:/root/ros_ws/src/Rescue_Car_ws/install/rosidl_typesupport_microxrcedds_cpp/lib:/root/ros_ws/src/Rescue_Car_ws/install/rosidl_typesupport_microxrcedds_c/lib:/root/ros_ws/src/Rescue_Car_ws/install/rosgraph_msgs/lib:/root/ros_ws/src/Rescue_Car_ws/install/rclc_parameter/lib:/root/ros_ws/src/Rescue_Car_ws/install/rclc/lib:/root/ros_ws/src/Rescue_Car_ws/install/composition_interfaces/lib:/root/ros_ws/src/Rescue_Car_ws/install/rcl_interfaces/lib:/root/ros_ws/src/Rescue_Car_ws/install/micro_ros_utilities/lib:/root/ros_ws/src/Rescue_Car_ws/install/micro_ros_agent/lib:/root/ros_ws/src/Rescue_Car_ws/install/micro_ros_msgs/lib:/root/ros_ws/src/Rescue_Car_ws/install/lifecycle_msgs/lib:/root/ros_ws/src/Rescue_Car_ws/install/complex_msgs/lib:/usr/lib/x86_64-linux-gnu/gazebo-11/plugins:/opt/ros/humble/opt/rviz_ogre_vendor/lib:/opt/ros/humble/lib/x86_64-linux-gnu:/opt/ros/humble/lib /usr/bin/cmake --install /root/ros_ws/src/Rescue_Car_ws/build/example_interfaces
[2.813s] Level 1:colcon.colcon_core.environment:create_environment_scripts_only(test_msgs)
[2.813s] Level 1:colcon.colcon_core.environment:checking '/root/ros_ws/src/Rescue_Car_ws/install/test_msgs' for CMake module files
[2.819s] Level 1:colcon.colcon_core.environment:checking '/root/ros_ws/src/Rescue_Car_ws/install/test_msgs' for CMake config files
[2.836s] DEBUG:colcon.colcon_core.event_handler.log_command:Invoked command in '/root/ros_ws/src/Rescue_Car_ws/build/test_msgs' returned '0': CMAKE_PREFIX_PATH=/root/ros_ws/src/Rescue_Car_ws/install/action_msgs:/root/ros_ws/src/Rescue_Car_ws/install/unique_identifier_msgs:/root/ros_ws/src/Rescue_Car_ws/install/builtin_interfaces:/root/ros_ws/src/Rescue_Car_ws/install/micro_ros_demos_rclc:/root/ros_ws/src/Rescue_Car_ws/install/common_interfaces:/root/ros_ws/src/Rescue_Car_ws/install/visualization_msgs:/root/ros_ws/src/Rescue_Car_ws/install/test_msgs:/root/ros_ws/src/Rescue_Car_ws/install/example_interfaces:/root/ros_ws/src/Rescue_Car_ws/install/trajectory_msgs:/root/ros_ws/src/Rescue_Car_ws/install/stereo_msgs:/root/ros_ws/src/Rescue_Car_ws/install/std_srvs:/root/ros_ws/src/Rescue_Car_ws/install/shape_msgs:/root/ros_ws/src/Rescue_Car_ws/install/sensor_msgs:/root/ros_ws/src/Rescue_Car_ws/install/nav_msgs:/root/ros_ws/src/Rescue_Car_ws/install/diagnostic_msgs:/root/ros_ws/src/Rescue_Car_ws/install/geometry_msgs:/root/ros_ws/src/Rescue_Car_ws/install/actionlib_msgs:/root/ros_ws/src/Rescue_Car_ws/install/std_msgs:/root/ros_ws/src/Rescue_Car_ws/install/statistics_msgs:/root/ros_ws/src/Rescue_Car_ws/install/rosidl_typesupport_microxrcedds_test_msg:/root/ros_ws/src/Rescue_Car_ws/install/rosidl_typesupport_microxrcedds_cpp_tests:/root/ros_ws/src/Rescue_Car_ws/install/rmw_microxrcedds:/root/ros_ws/src/Rescue_Car_ws/install/rosidl_typesupport_microxrcedds_cpp:/root/ros_ws/src/Rescue_Car_ws/install/rosidl_typesupport_microxrcedds_c_tests:/root/ros_ws/src/Rescue_Car_ws/install/rosidl_typesupport_microxrcedds_c:/root/ros_ws/src/Rescue_Car_ws/install/rosgraph_msgs:/root/ros_ws/src/Rescue_Car_ws/install/rclc_parameter:/root/ros_ws/src/Rescue_Car_ws/install/rclc:/root/ros_ws/src/Rescue_Car_ws/install/composition_interfaces:/root/ros_ws/src/Rescue_Car_ws/install/rcl_interfaces:/root/ros_ws/src/Rescue_Car_ws/install/microxrcedds_client:/root/ros_ws/src/Rescue_Car_ws/install/microcdr:/root/ros_ws/src/Rescue_Car_ws/install/micro_ros_utilities:/root/ros_ws/src/Rescue_Car_ws/install/micro_ros_setup:/root/ros_ws/src/Rescue_Car_ws/install/micro_ros_agent:/root/ros_ws/src/Rescue_Car_ws/install/micro_ros_msgs:/root/ros_ws/src/Rescue_Car_ws/install/lifecycle_msgs:/root/ros_ws/src/Rescue_Car_ws/install/complex_msgs:/root/ros_ws/src/Rescue_Car_ws/install/car:/root/ros_ws/src/Rescue_Car_ws/install/sensor_msgs_py:/opt/ros/humble LD_LIBRARY_PATH=/root/ros_ws/src/Rescue_Car_ws/install/action_msgs/lib:/root/ros_ws/src/Rescue_Car_ws/install/unique_identifier_msgs/lib:/root/ros_ws/src/Rescue_Car_ws/install/builtin_interfaces/lib:/root/ros_ws/src/Rescue_Car_ws/install/visualization_msgs/lib:/root/ros_ws/src/Rescue_Car_ws/install/test_msgs/lib:/root/ros_ws/src/Rescue_Car_ws/install/example_interfaces/lib:/root/ros_ws/src/Rescue_Car_ws/install/trajectory_msgs/lib:/root/ros_ws/src/Rescue_Car_ws/install/stereo_msgs/lib:/root/ros_ws/src/Rescue_Car_ws/install/std_srvs/lib:/root/ros_ws/src/Rescue_Car_ws/install/shape_msgs/lib:/root/ros_ws/src/Rescue_Car_ws/install/sensor_msgs/lib:/root/ros_ws/src/Rescue_Car_ws/install/nav_msgs/lib:/root/ros_ws/src/Rescue_Car_ws/install/diagnostic_msgs/lib:/root/ros_ws/src/Rescue_Car_ws/install/geometry_msgs/lib:/root/ros_ws/src/Rescue_Car_ws/install/actionlib_msgs/lib:/root/ros_ws/src/Rescue_Car_ws/install/std_msgs/lib:/root/ros_ws/src/Rescue_Car_ws/install/statistics_msgs/lib:/root/ros_ws/src/Rescue_Car_ws/install/rosidl_typesupport_microxrcedds_test_msg/lib:/root/ros_ws/src/Rescue_Car_ws/install/rmw_microxrcedds/lib:/root/ros_ws/src/Rescue_Car_ws/install/rosidl_typesupport_microxrcedds_cpp/lib:/root/ros_ws/src/Rescue_Car_ws/install/rosidl_typesupport_microxrcedds_c/lib:/root/ros_ws/src/Rescue_Car_ws/install/rosgraph_msgs/lib:/root/ros_ws/src/Rescue_Car_ws/install/rclc_parameter/lib:/root/ros_ws/src/Rescue_Car_ws/install/rclc/lib:/root/ros_ws/src/Rescue_Car_ws/install/composition_interfaces/lib:/root/ros_ws/src/Rescue_Car_ws/install/rcl_interfaces/lib:/root/ros_ws/src/Rescue_Car_ws/install/micro_ros_utilities/lib:/root/ros_ws/src/Rescue_Car_ws/install/micro_ros_agent/lib:/root/ros_ws/src/Rescue_Car_ws/install/micro_ros_msgs/lib:/root/ros_ws/src/Rescue_Car_ws/install/lifecycle_msgs/lib:/root/ros_ws/src/Rescue_Car_ws/install/complex_msgs/lib:/usr/lib/x86_64-linux-gnu/gazebo-11/plugins:/opt/ros/humble/opt/rviz_ogre_vendor/lib:/opt/ros/humble/lib/x86_64-linux-gnu:/opt/ros/humble/lib /usr/bin/cmake --install /root/ros_ws/src/Rescue_Car_ws/build/test_msgs
[2.837s] Level 1:colcon.colcon_core.shell:create_environment_hook('test_msgs', 'cmake_prefix_path')
[2.837s] INFO:colcon.colcon_core.shell:Creating environment hook '/root/ros_ws/src/Rescue_Car_ws/install/test_msgs/share/test_msgs/hook/cmake_prefix_path.ps1'
[2.838s] INFO:colcon.colcon_core.shell:Creating environment descriptor '/root/ros_ws/src/Rescue_Car_ws/install/test_msgs/share/test_msgs/hook/cmake_prefix_path.dsv'
[2.838s] INFO:colcon.colcon_core.shell:Creating environment hook '/root/ros_ws/src/Rescue_Car_ws/install/test_msgs/share/test_msgs/hook/cmake_prefix_path.sh'
[2.839s] Level 1:colcon.colcon_core.environment:checking '/root/ros_ws/src/Rescue_Car_ws/install/test_msgs/lib'
[2.839s] Level 1:colcon.colcon_core.shell:create_environment_hook('test_msgs', 'ld_library_path_lib')
[2.839s] INFO:colcon.colcon_core.shell:Creating environment hook '/root/ros_ws/src/Rescue_Car_ws/install/test_msgs/share/test_msgs/hook/ld_library_path_lib.ps1'
[2.840s] INFO:colcon.colcon_core.shell:Creating environment descriptor '/root/ros_ws/src/Rescue_Car_ws/install/test_msgs/share/test_msgs/hook/ld_library_path_lib.dsv'
[2.840s] INFO:colcon.colcon_core.shell:Creating environment hook '/root/ros_ws/src/Rescue_Car_ws/install/test_msgs/share/test_msgs/hook/ld_library_path_lib.sh'
[2.840s] Level 1:colcon.colcon_core.environment:checking '/root/ros_ws/src/Rescue_Car_ws/install/test_msgs/bin'
[2.840s] Level 1:colcon.colcon_core.environment:checking '/root/ros_ws/src/Rescue_Car_ws/install/test_msgs/lib/pkgconfig/test_msgs.pc'
[2.841s] Level 1:colcon.colcon_core.environment:checking '/root/ros_ws/src/Rescue_Car_ws/install/test_msgs/lib/python3.10/site-packages'
[2.841s] Level 1:colcon.colcon_core.environment:checking '/root/ros_ws/src/Rescue_Car_ws/install/test_msgs/bin'
[2.841s] INFO:colcon.colcon_core.shell:Creating package script '/root/ros_ws/src/Rescue_Car_ws/install/test_msgs/share/test_msgs/package.ps1'
[2.841s] INFO:colcon.colcon_core.shell:Creating package descriptor '/root/ros_ws/src/Rescue_Car_ws/install/test_msgs/share/test_msgs/package.dsv'
[2.841s] INFO:colcon.colcon_core.shell:Creating package script '/root/ros_ws/src/Rescue_Car_ws/install/test_msgs/share/test_msgs/package.sh'
[2.842s] INFO:colcon.colcon_core.shell:Creating package script '/root/ros_ws/src/Rescue_Car_ws/install/test_msgs/share/test_msgs/package.bash'
[2.842s] INFO:colcon.colcon_core.shell:Creating package script '/root/ros_ws/src/Rescue_Car_ws/install/test_msgs/share/test_msgs/package.zsh'
[2.842s] Level 1:colcon.colcon_core.environment:create_file_with_runtime_dependencies(/root/ros_ws/src/Rescue_Car_ws/install/test_msgs/share/colcon-core/packages/test_msgs)
[2.843s] Level 1:colcon.colcon_core.environment:create_environment_scripts_only(test_msgs)
[2.843s] Level 1:colcon.colcon_core.environment:checking '/root/ros_ws/src/Rescue_Car_ws/install/test_msgs' for CMake module files
[2.843s] Level 1:colcon.colcon_core.environment:checking '/root/ros_ws/src/Rescue_Car_ws/install/test_msgs' for CMake config files
[2.843s] Level 1:colcon.colcon_core.shell:create_environment_hook('test_msgs', 'cmake_prefix_path')
[2.844s] INFO:colcon.colcon_core.shell:Creating environment hook '/root/ros_ws/src/Rescue_Car_ws/install/test_msgs/share/test_msgs/hook/cmake_prefix_path.ps1'
[2.844s] INFO:colcon.colcon_core.shell:Creating environment descriptor '/root/ros_ws/src/Rescue_Car_ws/install/test_msgs/share/test_msgs/hook/cmake_prefix_path.dsv'
[2.844s] INFO:colcon.colcon_core.shell:Creating environment hook '/root/ros_ws/src/Rescue_Car_ws/install/test_msgs/share/test_msgs/hook/cmake_prefix_path.sh'
[2.844s] Level 1:colcon.colcon_core.environment:checking '/root/ros_ws/src/Rescue_Car_ws/install/test_msgs/lib'
[2.845s] Level 1:colcon.colcon_core.shell:create_environment_hook('test_msgs', 'ld_library_path_lib')
[2.845s] INFO:colcon.colcon_core.shell:Creating environment hook '/root/ros_ws/src/Rescue_Car_ws/install/test_msgs/share/test_msgs/hook/ld_library_path_lib.ps1'
[2.845s] INFO:colcon.colcon_core.shell:Creating environment descriptor '/root/ros_ws/src/Rescue_Car_ws/install/test_msgs/share/test_msgs/hook/ld_library_path_lib.dsv'
[2.845s] INFO:colcon.colcon_core.shell:Creating environment hook '/root/ros_ws/src/Rescue_Car_ws/install/test_msgs/share/test_msgs/hook/ld_library_path_lib.sh'
[2.845s] Level 1:colcon.colcon_core.environment:checking '/root/ros_ws/src/Rescue_Car_ws/install/test_msgs/bin'
[2.845s] Level 1:colcon.colcon_core.environment:checking '/root/ros_ws/src/Rescue_Car_ws/install/test_msgs/lib/pkgconfig/test_msgs.pc'
[2.845s] Level 1:colcon.colcon_core.environment:checking '/root/ros_ws/src/Rescue_Car_ws/install/test_msgs/lib/python3.10/site-packages'
[2.846s] Level 1:colcon.colcon_core.environment:checking '/root/ros_ws/src/Rescue_Car_ws/install/test_msgs/bin'
[2.846s] INFO:colcon.colcon_core.shell:Creating package script '/root/ros_ws/src/Rescue_Car_ws/install/test_msgs/share/test_msgs/package.ps1'
[2.846s] INFO:colcon.colcon_core.shell:Creating package descriptor '/root/ros_ws/src/Rescue_Car_ws/install/test_msgs/share/test_msgs/package.dsv'
[2.846s] INFO:colcon.colcon_core.shell:Creating package script '/root/ros_ws/src/Rescue_Car_ws/install/test_msgs/share/test_msgs/package.sh'
[2.847s] INFO:colcon.colcon_core.shell:Creating package script '/root/ros_ws/src/Rescue_Car_ws/install/test_msgs/share/test_msgs/package.bash'
[2.847s] INFO:colcon.colcon_core.shell:Creating package script '/root/ros_ws/src/Rescue_Car_ws/install/test_msgs/share/test_msgs/package.zsh'
[2.847s] Level 1:colcon.colcon_core.environment:create_file_with_runtime_dependencies(/root/ros_ws/src/Rescue_Car_ws/install/test_msgs/share/colcon-core/packages/test_msgs)
[2.849s] Level 1:colcon.colcon_core.environment:create_environment_scripts_only(example_interfaces)
[2.849s] Level 1:colcon.colcon_core.environment:checking '/root/ros_ws/src/Rescue_Car_ws/install/example_interfaces' for CMake module files
[2.850s] Level 1:colcon.colcon_core.environment:checking '/root/ros_ws/src/Rescue_Car_ws/install/example_interfaces' for CMake config files
[2.850s] DEBUG:colcon.colcon_core.event_handler.log_command:Invoked command in '/root/ros_ws/src/Rescue_Car_ws/build/example_interfaces' returned '0': CMAKE_PREFIX_PATH=/root/ros_ws/src/Rescue_Car_ws/install/action_msgs:/root/ros_ws/src/Rescue_Car_ws/install/unique_identifier_msgs:/root/ros_ws/src/Rescue_Car_ws/install/builtin_interfaces:/root/ros_ws/src/Rescue_Car_ws/install/micro_ros_demos_rclc:/root/ros_ws/src/Rescue_Car_ws/install/common_interfaces:/root/ros_ws/src/Rescue_Car_ws/install/visualization_msgs:/root/ros_ws/src/Rescue_Car_ws/install/test_msgs:/root/ros_ws/src/Rescue_Car_ws/install/example_interfaces:/root/ros_ws/src/Rescue_Car_ws/install/trajectory_msgs:/root/ros_ws/src/Rescue_Car_ws/install/stereo_msgs:/root/ros_ws/src/Rescue_Car_ws/install/std_srvs:/root/ros_ws/src/Rescue_Car_ws/install/shape_msgs:/root/ros_ws/src/Rescue_Car_ws/install/sensor_msgs:/root/ros_ws/src/Rescue_Car_ws/install/nav_msgs:/root/ros_ws/src/Rescue_Car_ws/install/diagnostic_msgs:/root/ros_ws/src/Rescue_Car_ws/install/geometry_msgs:/root/ros_ws/src/Rescue_Car_ws/install/actionlib_msgs:/root/ros_ws/src/Rescue_Car_ws/install/std_msgs:/root/ros_ws/src/Rescue_Car_ws/install/statistics_msgs:/root/ros_ws/src/Rescue_Car_ws/install/rosidl_typesupport_microxrcedds_test_msg:/root/ros_ws/src/Rescue_Car_ws/install/rosidl_typesupport_microxrcedds_cpp_tests:/root/ros_ws/src/Rescue_Car_ws/install/rmw_microxrcedds:/root/ros_ws/src/Rescue_Car_ws/install/rosidl_typesupport_microxrcedds_cpp:/root/ros_ws/src/Rescue_Car_ws/install/rosidl_typesupport_microxrcedds_c_tests:/root/ros_ws/src/Rescue_Car_ws/install/rosidl_typesupport_microxrcedds_c:/root/ros_ws/src/Rescue_Car_ws/install/rosgraph_msgs:/root/ros_ws/src/Rescue_Car_ws/install/rclc_parameter:/root/ros_ws/src/Rescue_Car_ws/install/rclc:/root/ros_ws/src/Rescue_Car_ws/install/composition_interfaces:/root/ros_ws/src/Rescue_Car_ws/install/rcl_interfaces:/root/ros_ws/src/Rescue_Car_ws/install/microxrcedds_client:/root/ros_ws/src/Rescue_Car_ws/install/microcdr:/root/ros_ws/src/Rescue_Car_ws/install/micro_ros_utilities:/root/ros_ws/src/Rescue_Car_ws/install/micro_ros_setup:/root/ros_ws/src/Rescue_Car_ws/install/micro_ros_agent:/root/ros_ws/src/Rescue_Car_ws/install/micro_ros_msgs:/root/ros_ws/src/Rescue_Car_ws/install/lifecycle_msgs:/root/ros_ws/src/Rescue_Car_ws/install/complex_msgs:/root/ros_ws/src/Rescue_Car_ws/install/car:/root/ros_ws/src/Rescue_Car_ws/install/sensor_msgs_py:/opt/ros/humble LD_LIBRARY_PATH=/root/ros_ws/src/Rescue_Car_ws/install/action_msgs/lib:/root/ros_ws/src/Rescue_Car_ws/install/unique_identifier_msgs/lib:/root/ros_ws/src/Rescue_Car_ws/install/builtin_interfaces/lib:/root/ros_ws/src/Rescue_Car_ws/install/visualization_msgs/lib:/root/ros_ws/src/Rescue_Car_ws/install/test_msgs/lib:/root/ros_ws/src/Rescue_Car_ws/install/example_interfaces/lib:/root/ros_ws/src/Rescue_Car_ws/install/trajectory_msgs/lib:/root/ros_ws/src/Rescue_Car_ws/install/stereo_msgs/lib:/root/ros_ws/src/Rescue_Car_ws/install/std_srvs/lib:/root/ros_ws/src/Rescue_Car_ws/install/shape_msgs/lib:/root/ros_ws/src/Rescue_Car_ws/install/sensor_msgs/lib:/root/ros_ws/src/Rescue_Car_ws/install/nav_msgs/lib:/root/ros_ws/src/Rescue_Car_ws/install/diagnostic_msgs/lib:/root/ros_ws/src/Rescue_Car_ws/install/geometry_msgs/lib:/root/ros_ws/src/Rescue_Car_ws/install/actionlib_msgs/lib:/root/ros_ws/src/Rescue_Car_ws/install/std_msgs/lib:/root/ros_ws/src/Rescue_Car_ws/install/statistics_msgs/lib:/root/ros_ws/src/Rescue_Car_ws/install/rosidl_typesupport_microxrcedds_test_msg/lib:/root/ros_ws/src/Rescue_Car_ws/install/rmw_microxrcedds/lib:/root/ros_ws/src/Rescue_Car_ws/install/rosidl_typesupport_microxrcedds_cpp/lib:/root/ros_ws/src/Rescue_Car_ws/install/rosidl_typesupport_microxrcedds_c/lib:/root/ros_ws/src/Rescue_Car_ws/install/rosgraph_msgs/lib:/root/ros_ws/src/Rescue_Car_ws/install/rclc_parameter/lib:/root/ros_ws/src/Rescue_Car_ws/install/rclc/lib:/root/ros_ws/src/Rescue_Car_ws/install/composition_interfaces/lib:/root/ros_ws/src/Rescue_Car_ws/install/rcl_interfaces/lib:/root/ros_ws/src/Rescue_Car_ws/install/micro_ros_utilities/lib:/root/ros_ws/src/Rescue_Car_ws/install/micro_ros_agent/lib:/root/ros_ws/src/Rescue_Car_ws/install/micro_ros_msgs/lib:/root/ros_ws/src/Rescue_Car_ws/install/lifecycle_msgs/lib:/root/ros_ws/src/Rescue_Car_ws/install/complex_msgs/lib:/usr/lib/x86_64-linux-gnu/gazebo-11/plugins:/opt/ros/humble/opt/rviz_ogre_vendor/lib:/opt/ros/humble/lib/x86_64-linux-gnu:/opt/ros/humble/lib /usr/bin/cmake --install /root/ros_ws/src/Rescue_Car_ws/build/example_interfaces
[2.851s] Level 1:colcon.colcon_core.shell:create_environment_hook('example_interfaces', 'cmake_prefix_path')
[2.851s] INFO:colcon.colcon_core.shell:Creating environment hook '/root/ros_ws/src/Rescue_Car_ws/install/example_interfaces/share/example_interfaces/hook/cmake_prefix_path.ps1'
[2.852s] INFO:colcon.colcon_core.shell:Creating environment descriptor '/root/ros_ws/src/Rescue_Car_ws/install/example_interfaces/share/example_interfaces/hook/cmake_prefix_path.dsv'
[2.852s] INFO:colcon.colcon_core.shell:Creating environment hook '/root/ros_ws/src/Rescue_Car_ws/install/example_interfaces/share/example_interfaces/hook/cmake_prefix_path.sh'
[2.853s] Level 1:colcon.colcon_core.environment:checking '/root/ros_ws/src/Rescue_Car_ws/install/example_interfaces/lib'
[2.853s] Level 1:colcon.colcon_core.shell:create_environment_hook('example_interfaces', 'ld_library_path_lib')
[2.853s] INFO:colcon.colcon_core.shell:Creating environment hook '/root/ros_ws/src/Rescue_Car_ws/install/example_interfaces/share/example_interfaces/hook/ld_library_path_lib.ps1'
[2.853s] INFO:colcon.colcon_core.shell:Creating environment descriptor '/root/ros_ws/src/Rescue_Car_ws/install/example_interfaces/share/example_interfaces/hook/ld_library_path_lib.dsv'
[2.853s] INFO:colcon.colcon_core.shell:Creating environment hook '/root/ros_ws/src/Rescue_Car_ws/install/example_interfaces/share/example_interfaces/hook/ld_library_path_lib.sh'
[2.853s] Level 1:colcon.colcon_core.environment:checking '/root/ros_ws/src/Rescue_Car_ws/install/example_interfaces/bin'
[2.853s] Level 1:colcon.colcon_core.environment:checking '/root/ros_ws/src/Rescue_Car_ws/install/example_interfaces/lib/pkgconfig/example_interfaces.pc'
[2.854s] Level 1:colcon.colcon_core.environment:checking '/root/ros_ws/src/Rescue_Car_ws/install/example_interfaces/lib/python3.10/site-packages'
[2.854s] Level 1:colcon.colcon_core.environment:checking '/root/ros_ws/src/Rescue_Car_ws/install/example_interfaces/bin'
[2.854s] INFO:colcon.colcon_core.shell:Creating package script '/root/ros_ws/src/Rescue_Car_ws/install/example_interfaces/share/example_interfaces/package.ps1'
[2.854s] INFO:colcon.colcon_core.shell:Creating package descriptor '/root/ros_ws/src/Rescue_Car_ws/install/example_interfaces/share/example_interfaces/package.dsv'
[2.855s] INFO:colcon.colcon_core.shell:Creating package script '/root/ros_ws/src/Rescue_Car_ws/install/example_interfaces/share/example_interfaces/package.sh'
[2.855s] INFO:colcon.colcon_core.shell:Creating package script '/root/ros_ws/src/Rescue_Car_ws/install/example_interfaces/share/example_interfaces/package.bash'
[2.855s] INFO:colcon.colcon_core.shell:Creating package script '/root/ros_ws/src/Rescue_Car_ws/install/example_interfaces/share/example_interfaces/package.zsh'
[2.856s] Level 1:colcon.colcon_core.environment:create_file_with_runtime_dependencies(/root/ros_ws/src/Rescue_Car_ws/install/example_interfaces/share/colcon-core/packages/example_interfaces)
[2.857s] Level 1:colcon.colcon_core.environment:create_environment_scripts_only(example_interfaces)
[2.857s] Level 1:colcon.colcon_core.environment:checking '/root/ros_ws/src/Rescue_Car_ws/install/example_interfaces' for CMake module files
[2.857s] Level 1:colcon.colcon_core.environment:checking '/root/ros_ws/src/Rescue_Car_ws/install/example_interfaces' for CMake config files
[2.858s] Level 1:colcon.colcon_core.shell:create_environment_hook('example_interfaces', 'cmake_prefix_path')
[2.858s] INFO:colcon.colcon_core.shell:Creating environment hook '/root/ros_ws/src/Rescue_Car_ws/install/example_interfaces/share/example_interfaces/hook/cmake_prefix_path.ps1'
[2.859s] INFO:colcon.colcon_core.shell:Creating environment descriptor '/root/ros_ws/src/Rescue_Car_ws/install/example_interfaces/share/example_interfaces/hook/cmake_prefix_path.dsv'
[2.859s] INFO:colcon.colcon_core.shell:Creating environment hook '/root/ros_ws/src/Rescue_Car_ws/install/example_interfaces/share/example_interfaces/hook/cmake_prefix_path.sh'
[2.859s] Level 1:colcon.colcon_core.environment:checking '/root/ros_ws/src/Rescue_Car_ws/install/example_interfaces/lib'
[2.859s] Level 1:colcon.colcon_core.shell:create_environment_hook('example_interfaces', 'ld_library_path_lib')
[2.859s] INFO:colcon.colcon_core.shell:Creating environment hook '/root/ros_ws/src/Rescue_Car_ws/install/example_interfaces/share/example_interfaces/hook/ld_library_path_lib.ps1'
[2.860s] INFO:colcon.colcon_core.shell:Creating environment descriptor '/root/ros_ws/src/Rescue_Car_ws/install/example_interfaces/share/example_interfaces/hook/ld_library_path_lib.dsv'
[2.860s] INFO:colcon.colcon_core.shell:Creating environment hook '/root/ros_ws/src/Rescue_Car_ws/install/example_interfaces/share/example_interfaces/hook/ld_library_path_lib.sh'
[2.860s] Level 1:colcon.colcon_core.environment:checking '/root/ros_ws/src/Rescue_Car_ws/install/example_interfaces/bin'
[2.860s] Level 1:colcon.colcon_core.environment:checking '/root/ros_ws/src/Rescue_Car_ws/install/example_interfaces/lib/pkgconfig/example_interfaces.pc'
[2.861s] Level 1:colcon.colcon_core.environment:checking '/root/ros_ws/src/Rescue_Car_ws/install/example_interfaces/lib/python3.10/site-packages'
[2.861s] Level 1:colcon.colcon_core.environment:checking '/root/ros_ws/src/Rescue_Car_ws/install/example_interfaces/bin'
[2.861s] INFO:colcon.colcon_core.shell:Creating package script '/root/ros_ws/src/Rescue_Car_ws/install/example_interfaces/share/example_interfaces/package.ps1'
[2.861s] INFO:colcon.colcon_core.shell:Creating package descriptor '/root/ros_ws/src/Rescue_Car_ws/install/example_interfaces/share/example_interfaces/package.dsv'
[2.861s] INFO:colcon.colcon_core.shell:Creating package script '/root/ros_ws/src/Rescue_Car_ws/install/example_interfaces/share/example_interfaces/package.sh'
[2.862s] INFO:colcon.colcon_core.shell:Creating package script '/root/ros_ws/src/Rescue_Car_ws/install/example_interfaces/share/example_interfaces/package.bash'
[2.862s] INFO:colcon.colcon_core.shell:Creating package script '/root/ros_ws/src/Rescue_Car_ws/install/example_interfaces/share/example_interfaces/package.zsh'
[2.862s] Level 1:colcon.colcon_core.environment:create_file_with_runtime_dependencies(/root/ros_ws/src/Rescue_Car_ws/install/example_interfaces/share/colcon-core/packages/example_interfaces)
[2.863s] INFO:colcon.colcon_ros.task.ament_cmake.build:Building ROS package in '/root/ros_ws/src/Rescue_Car_ws/src/microros/src/uros/rclc/rclc' with build type 'ament_cmake'
[2.863s] INFO:colcon.colcon_cmake.task.cmake.build:Building CMake package in '/root/ros_ws/src/Rescue_Car_ws/src/microros/src/uros/rclc/rclc'
[2.863s] INFO:colcon.colcon_core.shell:Skip shell extension 'powershell' for command environment: Not usable outside of PowerShell
[2.863s] DEBUG:colcon.colcon_core.shell:Skip shell extension 'dsv' for command environment
[2.941s] DEBUG:colcon.colcon_core.event_handler.log_command:Invoking command in '/root/ros_ws/src/Rescue_Car_ws/build/sensor_msgs': CMAKE_PREFIX_PATH=/root/ros_ws/src/Rescue_Car_ws/install/geometry_msgs:/root/ros_ws/src/Rescue_Car_ws/install/std_msgs:/root/ros_ws/src/Rescue_Car_ws/install/builtin_interfaces:/root/ros_ws/src/Rescue_Car_ws/install/micro_ros_demos_rclc:/root/ros_ws/src/Rescue_Car_ws/install/common_interfaces:/root/ros_ws/src/Rescue_Car_ws/install/visualization_msgs:/root/ros_ws/src/Rescue_Car_ws/install/test_msgs:/root/ros_ws/src/Rescue_Car_ws/install/example_interfaces:/root/ros_ws/src/Rescue_Car_ws/install/action_msgs:/root/ros_ws/src/Rescue_Car_ws/install/unique_identifier_msgs:/root/ros_ws/src/Rescue_Car_ws/install/trajectory_msgs:/root/ros_ws/src/Rescue_Car_ws/install/stereo_msgs:/root/ros_ws/src/Rescue_Car_ws/install/std_srvs:/root/ros_ws/src/Rescue_Car_ws/install/shape_msgs:/root/ros_ws/src/Rescue_Car_ws/install/sensor_msgs:/root/ros_ws/src/Rescue_Car_ws/install/nav_msgs:/root/ros_ws/src/Rescue_Car_ws/install/diagnostic_msgs:/root/ros_ws/src/Rescue_Car_ws/install/actionlib_msgs:/root/ros_ws/src/Rescue_Car_ws/install/statistics_msgs:/root/ros_ws/src/Rescue_Car_ws/install/rosidl_typesupport_microxrcedds_test_msg:/root/ros_ws/src/Rescue_Car_ws/install/rosidl_typesupport_microxrcedds_cpp_tests:/root/ros_ws/src/Rescue_Car_ws/install/rmw_microxrcedds:/root/ros_ws/src/Rescue_Car_ws/install/rosidl_typesupport_microxrcedds_cpp:/root/ros_ws/src/Rescue_Car_ws/install/rosidl_typesupport_microxrcedds_c_tests:/root/ros_ws/src/Rescue_Car_ws/install/rosidl_typesupport_microxrcedds_c:/root/ros_ws/src/Rescue_Car_ws/install/rosgraph_msgs:/root/ros_ws/src/Rescue_Car_ws/install/rclc_parameter:/root/ros_ws/src/Rescue_Car_ws/install/rclc:/root/ros_ws/src/Rescue_Car_ws/install/composition_interfaces:/root/ros_ws/src/Rescue_Car_ws/install/rcl_interfaces:/root/ros_ws/src/Rescue_Car_ws/install/microxrcedds_client:/root/ros_ws/src/Rescue_Car_ws/install/microcdr:/root/ros_ws/src/Rescue_Car_ws/install/micro_ros_utilities:/root/ros_ws/src/Rescue_Car_ws/install/micro_ros_setup:/root/ros_ws/src/Rescue_Car_ws/install/micro_ros_agent:/root/ros_ws/src/Rescue_Car_ws/install/micro_ros_msgs:/root/ros_ws/src/Rescue_Car_ws/install/lifecycle_msgs:/root/ros_ws/src/Rescue_Car_ws/install/complex_msgs:/root/ros_ws/src/Rescue_Car_ws/install/car:/root/ros_ws/src/Rescue_Car_ws/install/sensor_msgs_py:/opt/ros/humble LD_LIBRARY_PATH=/root/ros_ws/src/Rescue_Car_ws/install/geometry_msgs/lib:/root/ros_ws/src/Rescue_Car_ws/install/std_msgs/lib:/root/ros_ws/src/Rescue_Car_ws/install/builtin_interfaces/lib:/root/ros_ws/src/Rescue_Car_ws/install/visualization_msgs/lib:/root/ros_ws/src/Rescue_Car_ws/install/test_msgs/lib:/root/ros_ws/src/Rescue_Car_ws/install/example_interfaces/lib:/root/ros_ws/src/Rescue_Car_ws/install/action_msgs/lib:/root/ros_ws/src/Rescue_Car_ws/install/unique_identifier_msgs/lib:/root/ros_ws/src/Rescue_Car_ws/install/trajectory_msgs/lib:/root/ros_ws/src/Rescue_Car_ws/install/stereo_msgs/lib:/root/ros_ws/src/Rescue_Car_ws/install/std_srvs/lib:/root/ros_ws/src/Rescue_Car_ws/install/shape_msgs/lib:/root/ros_ws/src/Rescue_Car_ws/install/sensor_msgs/lib:/root/ros_ws/src/Rescue_Car_ws/install/nav_msgs/lib:/root/ros_ws/src/Rescue_Car_ws/install/diagnostic_msgs/lib:/root/ros_ws/src/Rescue_Car_ws/install/actionlib_msgs/lib:/root/ros_ws/src/Rescue_Car_ws/install/statistics_msgs/lib:/root/ros_ws/src/Rescue_Car_ws/install/rosidl_typesupport_microxrcedds_test_msg/lib:/root/ros_ws/src/Rescue_Car_ws/install/rmw_microxrcedds/lib:/root/ros_ws/src/Rescue_Car_ws/install/rosidl_typesupport_microxrcedds_cpp/lib:/root/ros_ws/src/Rescue_Car_ws/install/rosidl_typesupport_microxrcedds_c/lib:/root/ros_ws/src/Rescue_Car_ws/install/rosgraph_msgs/lib:/root/ros_ws/src/Rescue_Car_ws/install/rclc_parameter/lib:/root/ros_ws/src/Rescue_Car_ws/install/rclc/lib:/root/ros_ws/src/Rescue_Car_ws/install/composition_interfaces/lib:/root/ros_ws/src/Rescue_Car_ws/install/rcl_interfaces/lib:/root/ros_ws/src/Rescue_Car_ws/install/micro_ros_utilities/lib:/root/ros_ws/src/Rescue_Car_ws/install/micro_ros_agent/lib:/root/ros_ws/src/Rescue_Car_ws/install/micro_ros_msgs/lib:/root/ros_ws/src/Rescue_Car_ws/install/lifecycle_msgs/lib:/root/ros_ws/src/Rescue_Car_ws/install/complex_msgs/lib:/usr/lib/x86_64-linux-gnu/gazebo-11/plugins:/opt/ros/humble/opt/rviz_ogre_vendor/lib:/opt/ros/humble/lib/x86_64-linux-gnu:/opt/ros/humble/lib /usr/bin/cmake --build /root/ros_ws/src/Rescue_Car_ws/build/sensor_msgs -- -j20 -l20
[2.946s] DEBUG:colcon.colcon_core.event_handler.log_command:Invoking command in '/root/ros_ws/src/Rescue_Car_ws/build/diagnostic_msgs': CMAKE_PREFIX_PATH=/root/ros_ws/src/Rescue_Car_ws/install/geometry_msgs:/root/ros_ws/src/Rescue_Car_ws/install/std_msgs:/root/ros_ws/src/Rescue_Car_ws/install/builtin_interfaces:/root/ros_ws/src/Rescue_Car_ws/install/micro_ros_demos_rclc:/root/ros_ws/src/Rescue_Car_ws/install/common_interfaces:/root/ros_ws/src/Rescue_Car_ws/install/visualization_msgs:/root/ros_ws/src/Rescue_Car_ws/install/test_msgs:/root/ros_ws/src/Rescue_Car_ws/install/example_interfaces:/root/ros_ws/src/Rescue_Car_ws/install/action_msgs:/root/ros_ws/src/Rescue_Car_ws/install/unique_identifier_msgs:/root/ros_ws/src/Rescue_Car_ws/install/trajectory_msgs:/root/ros_ws/src/Rescue_Car_ws/install/stereo_msgs:/root/ros_ws/src/Rescue_Car_ws/install/std_srvs:/root/ros_ws/src/Rescue_Car_ws/install/shape_msgs:/root/ros_ws/src/Rescue_Car_ws/install/sensor_msgs:/root/ros_ws/src/Rescue_Car_ws/install/nav_msgs:/root/ros_ws/src/Rescue_Car_ws/install/diagnostic_msgs:/root/ros_ws/src/Rescue_Car_ws/install/actionlib_msgs:/root/ros_ws/src/Rescue_Car_ws/install/statistics_msgs:/root/ros_ws/src/Rescue_Car_ws/install/rosidl_typesupport_microxrcedds_test_msg:/root/ros_ws/src/Rescue_Car_ws/install/rosidl_typesupport_microxrcedds_cpp_tests:/root/ros_ws/src/Rescue_Car_ws/install/rmw_microxrcedds:/root/ros_ws/src/Rescue_Car_ws/install/rosidl_typesupport_microxrcedds_cpp:/root/ros_ws/src/Rescue_Car_ws/install/rosidl_typesupport_microxrcedds_c_tests:/root/ros_ws/src/Rescue_Car_ws/install/rosidl_typesupport_microxrcedds_c:/root/ros_ws/src/Rescue_Car_ws/install/rosgraph_msgs:/root/ros_ws/src/Rescue_Car_ws/install/rclc_parameter:/root/ros_ws/src/Rescue_Car_ws/install/rclc:/root/ros_ws/src/Rescue_Car_ws/install/composition_interfaces:/root/ros_ws/src/Rescue_Car_ws/install/rcl_interfaces:/root/ros_ws/src/Rescue_Car_ws/install/microxrcedds_client:/root/ros_ws/src/Rescue_Car_ws/install/microcdr:/root/ros_ws/src/Rescue_Car_ws/install/micro_ros_utilities:/root/ros_ws/src/Rescue_Car_ws/install/micro_ros_setup:/root/ros_ws/src/Rescue_Car_ws/install/micro_ros_agent:/root/ros_ws/src/Rescue_Car_ws/install/micro_ros_msgs:/root/ros_ws/src/Rescue_Car_ws/install/lifecycle_msgs:/root/ros_ws/src/Rescue_Car_ws/install/complex_msgs:/root/ros_ws/src/Rescue_Car_ws/install/car:/root/ros_ws/src/Rescue_Car_ws/install/sensor_msgs_py:/opt/ros/humble LD_LIBRARY_PATH=/root/ros_ws/src/Rescue_Car_ws/install/geometry_msgs/lib:/root/ros_ws/src/Rescue_Car_ws/install/std_msgs/lib:/root/ros_ws/src/Rescue_Car_ws/install/builtin_interfaces/lib:/root/ros_ws/src/Rescue_Car_ws/install/visualization_msgs/lib:/root/ros_ws/src/Rescue_Car_ws/install/test_msgs/lib:/root/ros_ws/src/Rescue_Car_ws/install/example_interfaces/lib:/root/ros_ws/src/Rescue_Car_ws/install/action_msgs/lib:/root/ros_ws/src/Rescue_Car_ws/install/unique_identifier_msgs/lib:/root/ros_ws/src/Rescue_Car_ws/install/trajectory_msgs/lib:/root/ros_ws/src/Rescue_Car_ws/install/stereo_msgs/lib:/root/ros_ws/src/Rescue_Car_ws/install/std_srvs/lib:/root/ros_ws/src/Rescue_Car_ws/install/shape_msgs/lib:/root/ros_ws/src/Rescue_Car_ws/install/sensor_msgs/lib:/root/ros_ws/src/Rescue_Car_ws/install/nav_msgs/lib:/root/ros_ws/src/Rescue_Car_ws/install/diagnostic_msgs/lib:/root/ros_ws/src/Rescue_Car_ws/install/actionlib_msgs/lib:/root/ros_ws/src/Rescue_Car_ws/install/statistics_msgs/lib:/root/ros_ws/src/Rescue_Car_ws/install/rosidl_typesupport_microxrcedds_test_msg/lib:/root/ros_ws/src/Rescue_Car_ws/install/rmw_microxrcedds/lib:/root/ros_ws/src/Rescue_Car_ws/install/rosidl_typesupport_microxrcedds_cpp/lib:/root/ros_ws/src/Rescue_Car_ws/install/rosidl_typesupport_microxrcedds_c/lib:/root/ros_ws/src/Rescue_Car_ws/install/rosgraph_msgs/lib:/root/ros_ws/src/Rescue_Car_ws/install/rclc_parameter/lib:/root/ros_ws/src/Rescue_Car_ws/install/rclc/lib:/root/ros_ws/src/Rescue_Car_ws/install/composition_interfaces/lib:/root/ros_ws/src/Rescue_Car_ws/install/rcl_interfaces/lib:/root/ros_ws/src/Rescue_Car_ws/install/micro_ros_utilities/lib:/root/ros_ws/src/Rescue_Car_ws/install/micro_ros_agent/lib:/root/ros_ws/src/Rescue_Car_ws/install/micro_ros_msgs/lib:/root/ros_ws/src/Rescue_Car_ws/install/lifecycle_msgs/lib:/root/ros_ws/src/Rescue_Car_ws/install/complex_msgs/lib:/usr/lib/x86_64-linux-gnu/gazebo-11/plugins:/opt/ros/humble/opt/rviz_ogre_vendor/lib:/opt/ros/humble/lib/x86_64-linux-gnu:/opt/ros/humble/lib /usr/bin/cmake --build /root/ros_ws/src/Rescue_Car_ws/build/diagnostic_msgs -- -j20 -l20
[2.950s] DEBUG:colcon.colcon_core.event_handler.log_command:Invoking command in '/root/ros_ws/src/Rescue_Car_ws/build/nav_msgs': CMAKE_PREFIX_PATH=/root/ros_ws/src/Rescue_Car_ws/install/geometry_msgs:/root/ros_ws/src/Rescue_Car_ws/install/std_msgs:/root/ros_ws/src/Rescue_Car_ws/install/builtin_interfaces:/root/ros_ws/src/Rescue_Car_ws/install/micro_ros_demos_rclc:/root/ros_ws/src/Rescue_Car_ws/install/common_interfaces:/root/ros_ws/src/Rescue_Car_ws/install/visualization_msgs:/root/ros_ws/src/Rescue_Car_ws/install/test_msgs:/root/ros_ws/src/Rescue_Car_ws/install/example_interfaces:/root/ros_ws/src/Rescue_Car_ws/install/action_msgs:/root/ros_ws/src/Rescue_Car_ws/install/unique_identifier_msgs:/root/ros_ws/src/Rescue_Car_ws/install/trajectory_msgs:/root/ros_ws/src/Rescue_Car_ws/install/stereo_msgs:/root/ros_ws/src/Rescue_Car_ws/install/std_srvs:/root/ros_ws/src/Rescue_Car_ws/install/shape_msgs:/root/ros_ws/src/Rescue_Car_ws/install/sensor_msgs:/root/ros_ws/src/Rescue_Car_ws/install/nav_msgs:/root/ros_ws/src/Rescue_Car_ws/install/diagnostic_msgs:/root/ros_ws/src/Rescue_Car_ws/install/actionlib_msgs:/root/ros_ws/src/Rescue_Car_ws/install/statistics_msgs:/root/ros_ws/src/Rescue_Car_ws/install/rosidl_typesupport_microxrcedds_test_msg:/root/ros_ws/src/Rescue_Car_ws/install/rosidl_typesupport_microxrcedds_cpp_tests:/root/ros_ws/src/Rescue_Car_ws/install/rmw_microxrcedds:/root/ros_ws/src/Rescue_Car_ws/install/rosidl_typesupport_microxrcedds_cpp:/root/ros_ws/src/Rescue_Car_ws/install/rosidl_typesupport_microxrcedds_c_tests:/root/ros_ws/src/Rescue_Car_ws/install/rosidl_typesupport_microxrcedds_c:/root/ros_ws/src/Rescue_Car_ws/install/rosgraph_msgs:/root/ros_ws/src/Rescue_Car_ws/install/rclc_parameter:/root/ros_ws/src/Rescue_Car_ws/install/rclc:/root/ros_ws/src/Rescue_Car_ws/install/composition_interfaces:/root/ros_ws/src/Rescue_Car_ws/install/rcl_interfaces:/root/ros_ws/src/Rescue_Car_ws/install/microxrcedds_client:/root/ros_ws/src/Rescue_Car_ws/install/microcdr:/root/ros_ws/src/Rescue_Car_ws/install/micro_ros_utilities:/root/ros_ws/src/Rescue_Car_ws/install/micro_ros_setup:/root/ros_ws/src/Rescue_Car_ws/install/micro_ros_agent:/root/ros_ws/src/Rescue_Car_ws/install/micro_ros_msgs:/root/ros_ws/src/Rescue_Car_ws/install/lifecycle_msgs:/root/ros_ws/src/Rescue_Car_ws/install/complex_msgs:/root/ros_ws/src/Rescue_Car_ws/install/car:/root/ros_ws/src/Rescue_Car_ws/install/sensor_msgs_py:/opt/ros/humble LD_LIBRARY_PATH=/root/ros_ws/src/Rescue_Car_ws/install/geometry_msgs/lib:/root/ros_ws/src/Rescue_Car_ws/install/std_msgs/lib:/root/ros_ws/src/Rescue_Car_ws/install/builtin_interfaces/lib:/root/ros_ws/src/Rescue_Car_ws/install/visualization_msgs/lib:/root/ros_ws/src/Rescue_Car_ws/install/test_msgs/lib:/root/ros_ws/src/Rescue_Car_ws/install/example_interfaces/lib:/root/ros_ws/src/Rescue_Car_ws/install/action_msgs/lib:/root/ros_ws/src/Rescue_Car_ws/install/unique_identifier_msgs/lib:/root/ros_ws/src/Rescue_Car_ws/install/trajectory_msgs/lib:/root/ros_ws/src/Rescue_Car_ws/install/stereo_msgs/lib:/root/ros_ws/src/Rescue_Car_ws/install/std_srvs/lib:/root/ros_ws/src/Rescue_Car_ws/install/shape_msgs/lib:/root/ros_ws/src/Rescue_Car_ws/install/sensor_msgs/lib:/root/ros_ws/src/Rescue_Car_ws/install/nav_msgs/lib:/root/ros_ws/src/Rescue_Car_ws/install/diagnostic_msgs/lib:/root/ros_ws/src/Rescue_Car_ws/install/actionlib_msgs/lib:/root/ros_ws/src/Rescue_Car_ws/install/statistics_msgs/lib:/root/ros_ws/src/Rescue_Car_ws/install/rosidl_typesupport_microxrcedds_test_msg/lib:/root/ros_ws/src/Rescue_Car_ws/install/rmw_microxrcedds/lib:/root/ros_ws/src/Rescue_Car_ws/install/rosidl_typesupport_microxrcedds_cpp/lib:/root/ros_ws/src/Rescue_Car_ws/install/rosidl_typesupport_microxrcedds_c/lib:/root/ros_ws/src/Rescue_Car_ws/install/rosgraph_msgs/lib:/root/ros_ws/src/Rescue_Car_ws/install/rclc_parameter/lib:/root/ros_ws/src/Rescue_Car_ws/install/rclc/lib:/root/ros_ws/src/Rescue_Car_ws/install/composition_interfaces/lib:/root/ros_ws/src/Rescue_Car_ws/install/rcl_interfaces/lib:/root/ros_ws/src/Rescue_Car_ws/install/micro_ros_utilities/lib:/root/ros_ws/src/Rescue_Car_ws/install/micro_ros_agent/lib:/root/ros_ws/src/Rescue_Car_ws/install/micro_ros_msgs/lib:/root/ros_ws/src/Rescue_Car_ws/install/lifecycle_msgs/lib:/root/ros_ws/src/Rescue_Car_ws/install/complex_msgs/lib:/usr/lib/x86_64-linux-gnu/gazebo-11/plugins:/opt/ros/humble/opt/rviz_ogre_vendor/lib:/opt/ros/humble/lib/x86_64-linux-gnu:/opt/ros/humble/lib /usr/bin/cmake --build /root/ros_ws/src/Rescue_Car_ws/build/nav_msgs -- -j20 -l20
[2.955s] DEBUG:colcon.colcon_core.event_handler.log_command:Invoking command in '/root/ros_ws/src/Rescue_Car_ws/build/shape_msgs': CMAKE_PREFIX_PATH=/root/ros_ws/src/Rescue_Car_ws/install/geometry_msgs:/root/ros_ws/src/Rescue_Car_ws/install/std_msgs:/root/ros_ws/src/Rescue_Car_ws/install/builtin_interfaces:/root/ros_ws/src/Rescue_Car_ws/install/micro_ros_demos_rclc:/root/ros_ws/src/Rescue_Car_ws/install/common_interfaces:/root/ros_ws/src/Rescue_Car_ws/install/visualization_msgs:/root/ros_ws/src/Rescue_Car_ws/install/test_msgs:/root/ros_ws/src/Rescue_Car_ws/install/example_interfaces:/root/ros_ws/src/Rescue_Car_ws/install/action_msgs:/root/ros_ws/src/Rescue_Car_ws/install/unique_identifier_msgs:/root/ros_ws/src/Rescue_Car_ws/install/trajectory_msgs:/root/ros_ws/src/Rescue_Car_ws/install/stereo_msgs:/root/ros_ws/src/Rescue_Car_ws/install/std_srvs:/root/ros_ws/src/Rescue_Car_ws/install/shape_msgs:/root/ros_ws/src/Rescue_Car_ws/install/sensor_msgs:/root/ros_ws/src/Rescue_Car_ws/install/nav_msgs:/root/ros_ws/src/Rescue_Car_ws/install/diagnostic_msgs:/root/ros_ws/src/Rescue_Car_ws/install/actionlib_msgs:/root/ros_ws/src/Rescue_Car_ws/install/statistics_msgs:/root/ros_ws/src/Rescue_Car_ws/install/rosidl_typesupport_microxrcedds_test_msg:/root/ros_ws/src/Rescue_Car_ws/install/rosidl_typesupport_microxrcedds_cpp_tests:/root/ros_ws/src/Rescue_Car_ws/install/rmw_microxrcedds:/root/ros_ws/src/Rescue_Car_ws/install/rosidl_typesupport_microxrcedds_cpp:/root/ros_ws/src/Rescue_Car_ws/install/rosidl_typesupport_microxrcedds_c_tests:/root/ros_ws/src/Rescue_Car_ws/install/rosidl_typesupport_microxrcedds_c:/root/ros_ws/src/Rescue_Car_ws/install/rosgraph_msgs:/root/ros_ws/src/Rescue_Car_ws/install/rclc_parameter:/root/ros_ws/src/Rescue_Car_ws/install/rclc:/root/ros_ws/src/Rescue_Car_ws/install/composition_interfaces:/root/ros_ws/src/Rescue_Car_ws/install/rcl_interfaces:/root/ros_ws/src/Rescue_Car_ws/install/microxrcedds_client:/root/ros_ws/src/Rescue_Car_ws/install/microcdr:/root/ros_ws/src/Rescue_Car_ws/install/micro_ros_utilities:/root/ros_ws/src/Rescue_Car_ws/install/micro_ros_setup:/root/ros_ws/src/Rescue_Car_ws/install/micro_ros_agent:/root/ros_ws/src/Rescue_Car_ws/install/micro_ros_msgs:/root/ros_ws/src/Rescue_Car_ws/install/lifecycle_msgs:/root/ros_ws/src/Rescue_Car_ws/install/complex_msgs:/root/ros_ws/src/Rescue_Car_ws/install/car:/root/ros_ws/src/Rescue_Car_ws/install/sensor_msgs_py:/opt/ros/humble LD_LIBRARY_PATH=/root/ros_ws/src/Rescue_Car_ws/install/geometry_msgs/lib:/root/ros_ws/src/Rescue_Car_ws/install/std_msgs/lib:/root/ros_ws/src/Rescue_Car_ws/install/builtin_interfaces/lib:/root/ros_ws/src/Rescue_Car_ws/install/visualization_msgs/lib:/root/ros_ws/src/Rescue_Car_ws/install/test_msgs/lib:/root/ros_ws/src/Rescue_Car_ws/install/example_interfaces/lib:/root/ros_ws/src/Rescue_Car_ws/install/action_msgs/lib:/root/ros_ws/src/Rescue_Car_ws/install/unique_identifier_msgs/lib:/root/ros_ws/src/Rescue_Car_ws/install/trajectory_msgs/lib:/root/ros_ws/src/Rescue_Car_ws/install/stereo_msgs/lib:/root/ros_ws/src/Rescue_Car_ws/install/std_srvs/lib:/root/ros_ws/src/Rescue_Car_ws/install/shape_msgs/lib:/root/ros_ws/src/Rescue_Car_ws/install/sensor_msgs/lib:/root/ros_ws/src/Rescue_Car_ws/install/nav_msgs/lib:/root/ros_ws/src/Rescue_Car_ws/install/diagnostic_msgs/lib:/root/ros_ws/src/Rescue_Car_ws/install/actionlib_msgs/lib:/root/ros_ws/src/Rescue_Car_ws/install/statistics_msgs/lib:/root/ros_ws/src/Rescue_Car_ws/install/rosidl_typesupport_microxrcedds_test_msg/lib:/root/ros_ws/src/Rescue_Car_ws/install/rmw_microxrcedds/lib:/root/ros_ws/src/Rescue_Car_ws/install/rosidl_typesupport_microxrcedds_cpp/lib:/root/ros_ws/src/Rescue_Car_ws/install/rosidl_typesupport_microxrcedds_c/lib:/root/ros_ws/src/Rescue_Car_ws/install/rosgraph_msgs/lib:/root/ros_ws/src/Rescue_Car_ws/install/rclc_parameter/lib:/root/ros_ws/src/Rescue_Car_ws/install/rclc/lib:/root/ros_ws/src/Rescue_Car_ws/install/composition_interfaces/lib:/root/ros_ws/src/Rescue_Car_ws/install/rcl_interfaces/lib:/root/ros_ws/src/Rescue_Car_ws/install/micro_ros_utilities/lib:/root/ros_ws/src/Rescue_Car_ws/install/micro_ros_agent/lib:/root/ros_ws/src/Rescue_Car_ws/install/micro_ros_msgs/lib:/root/ros_ws/src/Rescue_Car_ws/install/lifecycle_msgs/lib:/root/ros_ws/src/Rescue_Car_ws/install/complex_msgs/lib:/usr/lib/x86_64-linux-gnu/gazebo-11/plugins:/opt/ros/humble/opt/rviz_ogre_vendor/lib:/opt/ros/humble/lib/x86_64-linux-gnu:/opt/ros/humble/lib /usr/bin/cmake --build /root/ros_ws/src/Rescue_Car_ws/build/shape_msgs -- -j20 -l20
[2.996s] DEBUG:colcon.colcon_core.event_handler.log_command:Invoking command in '/root/ros_ws/src/Rescue_Car_ws/build/trajectory_msgs': CMAKE_PREFIX_PATH=/root/ros_ws/src/Rescue_Car_ws/install/geometry_msgs:/root/ros_ws/src/Rescue_Car_ws/install/std_msgs:/root/ros_ws/src/Rescue_Car_ws/install/builtin_interfaces:/root/ros_ws/src/Rescue_Car_ws/install/micro_ros_demos_rclc:/root/ros_ws/src/Rescue_Car_ws/install/common_interfaces:/root/ros_ws/src/Rescue_Car_ws/install/visualization_msgs:/root/ros_ws/src/Rescue_Car_ws/install/test_msgs:/root/ros_ws/src/Rescue_Car_ws/install/example_interfaces:/root/ros_ws/src/Rescue_Car_ws/install/action_msgs:/root/ros_ws/src/Rescue_Car_ws/install/unique_identifier_msgs:/root/ros_ws/src/Rescue_Car_ws/install/trajectory_msgs:/root/ros_ws/src/Rescue_Car_ws/install/stereo_msgs:/root/ros_ws/src/Rescue_Car_ws/install/std_srvs:/root/ros_ws/src/Rescue_Car_ws/install/shape_msgs:/root/ros_ws/src/Rescue_Car_ws/install/sensor_msgs:/root/ros_ws/src/Rescue_Car_ws/install/nav_msgs:/root/ros_ws/src/Rescue_Car_ws/install/diagnostic_msgs:/root/ros_ws/src/Rescue_Car_ws/install/actionlib_msgs:/root/ros_ws/src/Rescue_Car_ws/install/statistics_msgs:/root/ros_ws/src/Rescue_Car_ws/install/rosidl_typesupport_microxrcedds_test_msg:/root/ros_ws/src/Rescue_Car_ws/install/rosidl_typesupport_microxrcedds_cpp_tests:/root/ros_ws/src/Rescue_Car_ws/install/rmw_microxrcedds:/root/ros_ws/src/Rescue_Car_ws/install/rosidl_typesupport_microxrcedds_cpp:/root/ros_ws/src/Rescue_Car_ws/install/rosidl_typesupport_microxrcedds_c_tests:/root/ros_ws/src/Rescue_Car_ws/install/rosidl_typesupport_microxrcedds_c:/root/ros_ws/src/Rescue_Car_ws/install/rosgraph_msgs:/root/ros_ws/src/Rescue_Car_ws/install/rclc_parameter:/root/ros_ws/src/Rescue_Car_ws/install/rclc:/root/ros_ws/src/Rescue_Car_ws/install/composition_interfaces:/root/ros_ws/src/Rescue_Car_ws/install/rcl_interfaces:/root/ros_ws/src/Rescue_Car_ws/install/microxrcedds_client:/root/ros_ws/src/Rescue_Car_ws/install/microcdr:/root/ros_ws/src/Rescue_Car_ws/install/micro_ros_utilities:/root/ros_ws/src/Rescue_Car_ws/install/micro_ros_setup:/root/ros_ws/src/Rescue_Car_ws/install/micro_ros_agent:/root/ros_ws/src/Rescue_Car_ws/install/micro_ros_msgs:/root/ros_ws/src/Rescue_Car_ws/install/lifecycle_msgs:/root/ros_ws/src/Rescue_Car_ws/install/complex_msgs:/root/ros_ws/src/Rescue_Car_ws/install/car:/root/ros_ws/src/Rescue_Car_ws/install/sensor_msgs_py:/opt/ros/humble LD_LIBRARY_PATH=/root/ros_ws/src/Rescue_Car_ws/install/geometry_msgs/lib:/root/ros_ws/src/Rescue_Car_ws/install/std_msgs/lib:/root/ros_ws/src/Rescue_Car_ws/install/builtin_interfaces/lib:/root/ros_ws/src/Rescue_Car_ws/install/visualization_msgs/lib:/root/ros_ws/src/Rescue_Car_ws/install/test_msgs/lib:/root/ros_ws/src/Rescue_Car_ws/install/example_interfaces/lib:/root/ros_ws/src/Rescue_Car_ws/install/action_msgs/lib:/root/ros_ws/src/Rescue_Car_ws/install/unique_identifier_msgs/lib:/root/ros_ws/src/Rescue_Car_ws/install/trajectory_msgs/lib:/root/ros_ws/src/Rescue_Car_ws/install/stereo_msgs/lib:/root/ros_ws/src/Rescue_Car_ws/install/std_srvs/lib:/root/ros_ws/src/Rescue_Car_ws/install/shape_msgs/lib:/root/ros_ws/src/Rescue_Car_ws/install/sensor_msgs/lib:/root/ros_ws/src/Rescue_Car_ws/install/nav_msgs/lib:/root/ros_ws/src/Rescue_Car_ws/install/diagnostic_msgs/lib:/root/ros_ws/src/Rescue_Car_ws/install/actionlib_msgs/lib:/root/ros_ws/src/Rescue_Car_ws/install/statistics_msgs/lib:/root/ros_ws/src/Rescue_Car_ws/install/rosidl_typesupport_microxrcedds_test_msg/lib:/root/ros_ws/src/Rescue_Car_ws/install/rmw_microxrcedds/lib:/root/ros_ws/src/Rescue_Car_ws/install/rosidl_typesupport_microxrcedds_cpp/lib:/root/ros_ws/src/Rescue_Car_ws/install/rosidl_typesupport_microxrcedds_c/lib:/root/ros_ws/src/Rescue_Car_ws/install/rosgraph_msgs/lib:/root/ros_ws/src/Rescue_Car_ws/install/rclc_parameter/lib:/root/ros_ws/src/Rescue_Car_ws/install/rclc/lib:/root/ros_ws/src/Rescue_Car_ws/install/composition_interfaces/lib:/root/ros_ws/src/Rescue_Car_ws/install/rcl_interfaces/lib:/root/ros_ws/src/Rescue_Car_ws/install/micro_ros_utilities/lib:/root/ros_ws/src/Rescue_Car_ws/install/micro_ros_agent/lib:/root/ros_ws/src/Rescue_Car_ws/install/micro_ros_msgs/lib:/root/ros_ws/src/Rescue_Car_ws/install/lifecycle_msgs/lib:/root/ros_ws/src/Rescue_Car_ws/install/complex_msgs/lib:/usr/lib/x86_64-linux-gnu/gazebo-11/plugins:/opt/ros/humble/opt/rviz_ogre_vendor/lib:/opt/ros/humble/lib/x86_64-linux-gnu:/opt/ros/humble/lib /usr/bin/cmake --build /root/ros_ws/src/Rescue_Car_ws/build/trajectory_msgs -- -j20 -l20
[3.124s] DEBUG:colcon.colcon_core.event_handler.log_command:Invoking command in '/root/ros_ws/src/Rescue_Car_ws/build/rosidl_typesupport_microxrcedds_test_msg': CMAKE_PREFIX_PATH=/root/ros_ws/src/Rescue_Car_ws/install/rmw_microxrcedds:/root/ros_ws/src/Rescue_Car_ws/install/rosidl_typesupport_microxrcedds_cpp:/root/ros_ws/src/Rescue_Car_ws/install/rosidl_typesupport_microxrcedds_c:/root/ros_ws/src/Rescue_Car_ws/install/microxrcedds_client:/root/ros_ws/src/Rescue_Car_ws/install/microcdr:/root/ros_ws/src/Rescue_Car_ws/install/micro_ros_msgs:/root/ros_ws/src/Rescue_Car_ws/install/builtin_interfaces:/root/ros_ws/src/Rescue_Car_ws/install/micro_ros_demos_rclc:/root/ros_ws/src/Rescue_Car_ws/install/common_interfaces:/root/ros_ws/src/Rescue_Car_ws/install/visualization_msgs:/root/ros_ws/src/Rescue_Car_ws/install/test_msgs:/root/ros_ws/src/Rescue_Car_ws/install/example_interfaces:/root/ros_ws/src/Rescue_Car_ws/install/action_msgs:/root/ros_ws/src/Rescue_Car_ws/install/unique_identifier_msgs:/root/ros_ws/src/Rescue_Car_ws/install/trajectory_msgs:/root/ros_ws/src/Rescue_Car_ws/install/stereo_msgs:/root/ros_ws/src/Rescue_Car_ws/install/std_srvs:/root/ros_ws/src/Rescue_Car_ws/install/shape_msgs:/root/ros_ws/src/Rescue_Car_ws/install/sensor_msgs:/root/ros_ws/src/Rescue_Car_ws/install/nav_msgs:/root/ros_ws/src/Rescue_Car_ws/install/diagnostic_msgs:/root/ros_ws/src/Rescue_Car_ws/install/geometry_msgs:/root/ros_ws/src/Rescue_Car_ws/install/actionlib_msgs:/root/ros_ws/src/Rescue_Car_ws/install/std_msgs:/root/ros_ws/src/Rescue_Car_ws/install/statistics_msgs:/root/ros_ws/src/Rescue_Car_ws/install/rosidl_typesupport_microxrcedds_test_msg:/root/ros_ws/src/Rescue_Car_ws/install/rosidl_typesupport_microxrcedds_cpp_tests:/root/ros_ws/src/Rescue_Car_ws/install/rosidl_typesupport_microxrcedds_c_tests:/root/ros_ws/src/Rescue_Car_ws/install/rosgraph_msgs:/root/ros_ws/src/Rescue_Car_ws/install/rclc_parameter:/root/ros_ws/src/Rescue_Car_ws/install/rclc:/root/ros_ws/src/Rescue_Car_ws/install/composition_interfaces:/root/ros_ws/src/Rescue_Car_ws/install/rcl_interfaces:/root/ros_ws/src/Rescue_Car_ws/install/micro_ros_utilities:/root/ros_ws/src/Rescue_Car_ws/install/micro_ros_setup:/root/ros_ws/src/Rescue_Car_ws/install/micro_ros_agent:/root/ros_ws/src/Rescue_Car_ws/install/lifecycle_msgs:/root/ros_ws/src/Rescue_Car_ws/install/complex_msgs:/root/ros_ws/src/Rescue_Car_ws/install/car:/root/ros_ws/src/Rescue_Car_ws/install/sensor_msgs_py:/opt/ros/humble LD_LIBRARY_PATH=/root/ros_ws/src/Rescue_Car_ws/install/rmw_microxrcedds/lib:/root/ros_ws/src/Rescue_Car_ws/install/micro_ros_msgs/lib:/root/ros_ws/src/Rescue_Car_ws/install/builtin_interfaces/lib:/root/ros_ws/src/Rescue_Car_ws/install/visualization_msgs/lib:/root/ros_ws/src/Rescue_Car_ws/install/test_msgs/lib:/root/ros_ws/src/Rescue_Car_ws/install/example_interfaces/lib:/root/ros_ws/src/Rescue_Car_ws/install/action_msgs/lib:/root/ros_ws/src/Rescue_Car_ws/install/unique_identifier_msgs/lib:/root/ros_ws/src/Rescue_Car_ws/install/trajectory_msgs/lib:/root/ros_ws/src/Rescue_Car_ws/install/stereo_msgs/lib:/root/ros_ws/src/Rescue_Car_ws/install/std_srvs/lib:/root/ros_ws/src/Rescue_Car_ws/install/shape_msgs/lib:/root/ros_ws/src/Rescue_Car_ws/install/sensor_msgs/lib:/root/ros_ws/src/Rescue_Car_ws/install/nav_msgs/lib:/root/ros_ws/src/Rescue_Car_ws/install/diagnostic_msgs/lib:/root/ros_ws/src/Rescue_Car_ws/install/geometry_msgs/lib:/root/ros_ws/src/Rescue_Car_ws/install/actionlib_msgs/lib:/root/ros_ws/src/Rescue_Car_ws/install/std_msgs/lib:/root/ros_ws/src/Rescue_Car_ws/install/statistics_msgs/lib:/root/ros_ws/src/Rescue_Car_ws/install/rosidl_typesupport_microxrcedds_test_msg/lib:/root/ros_ws/src/Rescue_Car_ws/install/rosidl_typesupport_microxrcedds_cpp/lib:/root/ros_ws/src/Rescue_Car_ws/install/rosidl_typesupport_microxrcedds_c/lib:/root/ros_ws/src/Rescue_Car_ws/install/rosgraph_msgs/lib:/root/ros_ws/src/Rescue_Car_ws/install/rclc_parameter/lib:/root/ros_ws/src/Rescue_Car_ws/install/rclc/lib:/root/ros_ws/src/Rescue_Car_ws/install/composition_interfaces/lib:/root/ros_ws/src/Rescue_Car_ws/install/rcl_interfaces/lib:/root/ros_ws/src/Rescue_Car_ws/install/micro_ros_utilities/lib:/root/ros_ws/src/Rescue_Car_ws/install/micro_ros_agent/lib:/root/ros_ws/src/Rescue_Car_ws/install/lifecycle_msgs/lib:/root/ros_ws/src/Rescue_Car_ws/install/complex_msgs/lib:/usr/lib/x86_64-linux-gnu/gazebo-11/plugins:/opt/ros/humble/opt/rviz_ogre_vendor/lib:/opt/ros/humble/lib/x86_64-linux-gnu:/opt/ros/humble/lib /usr/bin/cmake --build /root/ros_ws/src/Rescue_Car_ws/build/rosidl_typesupport_microxrcedds_test_msg -- -j20 -l20
[3.357s] DEBUG:colcon.colcon_core.event_handler.log_command:Invoked command in '/root/ros_ws/src/Rescue_Car_ws/build/nav_msgs' returned '0': CMAKE_PREFIX_PATH=/root/ros_ws/src/Rescue_Car_ws/install/geometry_msgs:/root/ros_ws/src/Rescue_Car_ws/install/std_msgs:/root/ros_ws/src/Rescue_Car_ws/install/builtin_interfaces:/root/ros_ws/src/Rescue_Car_ws/install/micro_ros_demos_rclc:/root/ros_ws/src/Rescue_Car_ws/install/common_interfaces:/root/ros_ws/src/Rescue_Car_ws/install/visualization_msgs:/root/ros_ws/src/Rescue_Car_ws/install/test_msgs:/root/ros_ws/src/Rescue_Car_ws/install/example_interfaces:/root/ros_ws/src/Rescue_Car_ws/install/action_msgs:/root/ros_ws/src/Rescue_Car_ws/install/unique_identifier_msgs:/root/ros_ws/src/Rescue_Car_ws/install/trajectory_msgs:/root/ros_ws/src/Rescue_Car_ws/install/stereo_msgs:/root/ros_ws/src/Rescue_Car_ws/install/std_srvs:/root/ros_ws/src/Rescue_Car_ws/install/shape_msgs:/root/ros_ws/src/Rescue_Car_ws/install/sensor_msgs:/root/ros_ws/src/Rescue_Car_ws/install/nav_msgs:/root/ros_ws/src/Rescue_Car_ws/install/diagnostic_msgs:/root/ros_ws/src/Rescue_Car_ws/install/actionlib_msgs:/root/ros_ws/src/Rescue_Car_ws/install/statistics_msgs:/root/ros_ws/src/Rescue_Car_ws/install/rosidl_typesupport_microxrcedds_test_msg:/root/ros_ws/src/Rescue_Car_ws/install/rosidl_typesupport_microxrcedds_cpp_tests:/root/ros_ws/src/Rescue_Car_ws/install/rmw_microxrcedds:/root/ros_ws/src/Rescue_Car_ws/install/rosidl_typesupport_microxrcedds_cpp:/root/ros_ws/src/Rescue_Car_ws/install/rosidl_typesupport_microxrcedds_c_tests:/root/ros_ws/src/Rescue_Car_ws/install/rosidl_typesupport_microxrcedds_c:/root/ros_ws/src/Rescue_Car_ws/install/rosgraph_msgs:/root/ros_ws/src/Rescue_Car_ws/install/rclc_parameter:/root/ros_ws/src/Rescue_Car_ws/install/rclc:/root/ros_ws/src/Rescue_Car_ws/install/composition_interfaces:/root/ros_ws/src/Rescue_Car_ws/install/rcl_interfaces:/root/ros_ws/src/Rescue_Car_ws/install/microxrcedds_client:/root/ros_ws/src/Rescue_Car_ws/install/microcdr:/root/ros_ws/src/Rescue_Car_ws/install/micro_ros_utilities:/root/ros_ws/src/Rescue_Car_ws/install/micro_ros_setup:/root/ros_ws/src/Rescue_Car_ws/install/micro_ros_agent:/root/ros_ws/src/Rescue_Car_ws/install/micro_ros_msgs:/root/ros_ws/src/Rescue_Car_ws/install/lifecycle_msgs:/root/ros_ws/src/Rescue_Car_ws/install/complex_msgs:/root/ros_ws/src/Rescue_Car_ws/install/car:/root/ros_ws/src/Rescue_Car_ws/install/sensor_msgs_py:/opt/ros/humble LD_LIBRARY_PATH=/root/ros_ws/src/Rescue_Car_ws/install/geometry_msgs/lib:/root/ros_ws/src/Rescue_Car_ws/install/std_msgs/lib:/root/ros_ws/src/Rescue_Car_ws/install/builtin_interfaces/lib:/root/ros_ws/src/Rescue_Car_ws/install/visualization_msgs/lib:/root/ros_ws/src/Rescue_Car_ws/install/test_msgs/lib:/root/ros_ws/src/Rescue_Car_ws/install/example_interfaces/lib:/root/ros_ws/src/Rescue_Car_ws/install/action_msgs/lib:/root/ros_ws/src/Rescue_Car_ws/install/unique_identifier_msgs/lib:/root/ros_ws/src/Rescue_Car_ws/install/trajectory_msgs/lib:/root/ros_ws/src/Rescue_Car_ws/install/stereo_msgs/lib:/root/ros_ws/src/Rescue_Car_ws/install/std_srvs/lib:/root/ros_ws/src/Rescue_Car_ws/install/shape_msgs/lib:/root/ros_ws/src/Rescue_Car_ws/install/sensor_msgs/lib:/root/ros_ws/src/Rescue_Car_ws/install/nav_msgs/lib:/root/ros_ws/src/Rescue_Car_ws/install/diagnostic_msgs/lib:/root/ros_ws/src/Rescue_Car_ws/install/actionlib_msgs/lib:/root/ros_ws/src/Rescue_Car_ws/install/statistics_msgs/lib:/root/ros_ws/src/Rescue_Car_ws/install/rosidl_typesupport_microxrcedds_test_msg/lib:/root/ros_ws/src/Rescue_Car_ws/install/rmw_microxrcedds/lib:/root/ros_ws/src/Rescue_Car_ws/install/rosidl_typesupport_microxrcedds_cpp/lib:/root/ros_ws/src/Rescue_Car_ws/install/rosidl_typesupport_microxrcedds_c/lib:/root/ros_ws/src/Rescue_Car_ws/install/rosgraph_msgs/lib:/root/ros_ws/src/Rescue_Car_ws/install/rclc_parameter/lib:/root/ros_ws/src/Rescue_Car_ws/install/rclc/lib:/root/ros_ws/src/Rescue_Car_ws/install/composition_interfaces/lib:/root/ros_ws/src/Rescue_Car_ws/install/rcl_interfaces/lib:/root/ros_ws/src/Rescue_Car_ws/install/micro_ros_utilities/lib:/root/ros_ws/src/Rescue_Car_ws/install/micro_ros_agent/lib:/root/ros_ws/src/Rescue_Car_ws/install/micro_ros_msgs/lib:/root/ros_ws/src/Rescue_Car_ws/install/lifecycle_msgs/lib:/root/ros_ws/src/Rescue_Car_ws/install/complex_msgs/lib:/usr/lib/x86_64-linux-gnu/gazebo-11/plugins:/opt/ros/humble/opt/rviz_ogre_vendor/lib:/opt/ros/humble/lib/x86_64-linux-gnu:/opt/ros/humble/lib /usr/bin/cmake --build /root/ros_ws/src/Rescue_Car_ws/build/nav_msgs -- -j20 -l20
[3.361s] DEBUG:colcon.colcon_core.event_handler.log_command:Invoking command in '/root/ros_ws/src/Rescue_Car_ws/build/nav_msgs': CMAKE_PREFIX_PATH=/root/ros_ws/src/Rescue_Car_ws/install/geometry_msgs:/root/ros_ws/src/Rescue_Car_ws/install/std_msgs:/root/ros_ws/src/Rescue_Car_ws/install/builtin_interfaces:/root/ros_ws/src/Rescue_Car_ws/install/micro_ros_demos_rclc:/root/ros_ws/src/Rescue_Car_ws/install/common_interfaces:/root/ros_ws/src/Rescue_Car_ws/install/visualization_msgs:/root/ros_ws/src/Rescue_Car_ws/install/test_msgs:/root/ros_ws/src/Rescue_Car_ws/install/example_interfaces:/root/ros_ws/src/Rescue_Car_ws/install/action_msgs:/root/ros_ws/src/Rescue_Car_ws/install/unique_identifier_msgs:/root/ros_ws/src/Rescue_Car_ws/install/trajectory_msgs:/root/ros_ws/src/Rescue_Car_ws/install/stereo_msgs:/root/ros_ws/src/Rescue_Car_ws/install/std_srvs:/root/ros_ws/src/Rescue_Car_ws/install/shape_msgs:/root/ros_ws/src/Rescue_Car_ws/install/sensor_msgs:/root/ros_ws/src/Rescue_Car_ws/install/nav_msgs:/root/ros_ws/src/Rescue_Car_ws/install/diagnostic_msgs:/root/ros_ws/src/Rescue_Car_ws/install/actionlib_msgs:/root/ros_ws/src/Rescue_Car_ws/install/statistics_msgs:/root/ros_ws/src/Rescue_Car_ws/install/rosidl_typesupport_microxrcedds_test_msg:/root/ros_ws/src/Rescue_Car_ws/install/rosidl_typesupport_microxrcedds_cpp_tests:/root/ros_ws/src/Rescue_Car_ws/install/rmw_microxrcedds:/root/ros_ws/src/Rescue_Car_ws/install/rosidl_typesupport_microxrcedds_cpp:/root/ros_ws/src/Rescue_Car_ws/install/rosidl_typesupport_microxrcedds_c_tests:/root/ros_ws/src/Rescue_Car_ws/install/rosidl_typesupport_microxrcedds_c:/root/ros_ws/src/Rescue_Car_ws/install/rosgraph_msgs:/root/ros_ws/src/Rescue_Car_ws/install/rclc_parameter:/root/ros_ws/src/Rescue_Car_ws/install/rclc:/root/ros_ws/src/Rescue_Car_ws/install/composition_interfaces:/root/ros_ws/src/Rescue_Car_ws/install/rcl_interfaces:/root/ros_ws/src/Rescue_Car_ws/install/microxrcedds_client:/root/ros_ws/src/Rescue_Car_ws/install/microcdr:/root/ros_ws/src/Rescue_Car_ws/install/micro_ros_utilities:/root/ros_ws/src/Rescue_Car_ws/install/micro_ros_setup:/root/ros_ws/src/Rescue_Car_ws/install/micro_ros_agent:/root/ros_ws/src/Rescue_Car_ws/install/micro_ros_msgs:/root/ros_ws/src/Rescue_Car_ws/install/lifecycle_msgs:/root/ros_ws/src/Rescue_Car_ws/install/complex_msgs:/root/ros_ws/src/Rescue_Car_ws/install/car:/root/ros_ws/src/Rescue_Car_ws/install/sensor_msgs_py:/opt/ros/humble LD_LIBRARY_PATH=/root/ros_ws/src/Rescue_Car_ws/install/geometry_msgs/lib:/root/ros_ws/src/Rescue_Car_ws/install/std_msgs/lib:/root/ros_ws/src/Rescue_Car_ws/install/builtin_interfaces/lib:/root/ros_ws/src/Rescue_Car_ws/install/visualization_msgs/lib:/root/ros_ws/src/Rescue_Car_ws/install/test_msgs/lib:/root/ros_ws/src/Rescue_Car_ws/install/example_interfaces/lib:/root/ros_ws/src/Rescue_Car_ws/install/action_msgs/lib:/root/ros_ws/src/Rescue_Car_ws/install/unique_identifier_msgs/lib:/root/ros_ws/src/Rescue_Car_ws/install/trajectory_msgs/lib:/root/ros_ws/src/Rescue_Car_ws/install/stereo_msgs/lib:/root/ros_ws/src/Rescue_Car_ws/install/std_srvs/lib:/root/ros_ws/src/Rescue_Car_ws/install/shape_msgs/lib:/root/ros_ws/src/Rescue_Car_ws/install/sensor_msgs/lib:/root/ros_ws/src/Rescue_Car_ws/install/nav_msgs/lib:/root/ros_ws/src/Rescue_Car_ws/install/diagnostic_msgs/lib:/root/ros_ws/src/Rescue_Car_ws/install/actionlib_msgs/lib:/root/ros_ws/src/Rescue_Car_ws/install/statistics_msgs/lib:/root/ros_ws/src/Rescue_Car_ws/install/rosidl_typesupport_microxrcedds_test_msg/lib:/root/ros_ws/src/Rescue_Car_ws/install/rmw_microxrcedds/lib:/root/ros_ws/src/Rescue_Car_ws/install/rosidl_typesupport_microxrcedds_cpp/lib:/root/ros_ws/src/Rescue_Car_ws/install/rosidl_typesupport_microxrcedds_c/lib:/root/ros_ws/src/Rescue_Car_ws/install/rosgraph_msgs/lib:/root/ros_ws/src/Rescue_Car_ws/install/rclc_parameter/lib:/root/ros_ws/src/Rescue_Car_ws/install/rclc/lib:/root/ros_ws/src/Rescue_Car_ws/install/composition_interfaces/lib:/root/ros_ws/src/Rescue_Car_ws/install/rcl_interfaces/lib:/root/ros_ws/src/Rescue_Car_ws/install/micro_ros_utilities/lib:/root/ros_ws/src/Rescue_Car_ws/install/micro_ros_agent/lib:/root/ros_ws/src/Rescue_Car_ws/install/micro_ros_msgs/lib:/root/ros_ws/src/Rescue_Car_ws/install/lifecycle_msgs/lib:/root/ros_ws/src/Rescue_Car_ws/install/complex_msgs/lib:/usr/lib/x86_64-linux-gnu/gazebo-11/plugins:/opt/ros/humble/opt/rviz_ogre_vendor/lib:/opt/ros/humble/lib/x86_64-linux-gnu:/opt/ros/humble/lib /usr/bin/cmake --install /root/ros_ws/src/Rescue_Car_ws/build/nav_msgs
[3.400s] DEBUG:colcon.colcon_core.event_handler.log_command:Invoked command in '/root/ros_ws/src/Rescue_Car_ws/build/diagnostic_msgs' returned '0': CMAKE_PREFIX_PATH=/root/ros_ws/src/Rescue_Car_ws/install/geometry_msgs:/root/ros_ws/src/Rescue_Car_ws/install/std_msgs:/root/ros_ws/src/Rescue_Car_ws/install/builtin_interfaces:/root/ros_ws/src/Rescue_Car_ws/install/micro_ros_demos_rclc:/root/ros_ws/src/Rescue_Car_ws/install/common_interfaces:/root/ros_ws/src/Rescue_Car_ws/install/visualization_msgs:/root/ros_ws/src/Rescue_Car_ws/install/test_msgs:/root/ros_ws/src/Rescue_Car_ws/install/example_interfaces:/root/ros_ws/src/Rescue_Car_ws/install/action_msgs:/root/ros_ws/src/Rescue_Car_ws/install/unique_identifier_msgs:/root/ros_ws/src/Rescue_Car_ws/install/trajectory_msgs:/root/ros_ws/src/Rescue_Car_ws/install/stereo_msgs:/root/ros_ws/src/Rescue_Car_ws/install/std_srvs:/root/ros_ws/src/Rescue_Car_ws/install/shape_msgs:/root/ros_ws/src/Rescue_Car_ws/install/sensor_msgs:/root/ros_ws/src/Rescue_Car_ws/install/nav_msgs:/root/ros_ws/src/Rescue_Car_ws/install/diagnostic_msgs:/root/ros_ws/src/Rescue_Car_ws/install/actionlib_msgs:/root/ros_ws/src/Rescue_Car_ws/install/statistics_msgs:/root/ros_ws/src/Rescue_Car_ws/install/rosidl_typesupport_microxrcedds_test_msg:/root/ros_ws/src/Rescue_Car_ws/install/rosidl_typesupport_microxrcedds_cpp_tests:/root/ros_ws/src/Rescue_Car_ws/install/rmw_microxrcedds:/root/ros_ws/src/Rescue_Car_ws/install/rosidl_typesupport_microxrcedds_cpp:/root/ros_ws/src/Rescue_Car_ws/install/rosidl_typesupport_microxrcedds_c_tests:/root/ros_ws/src/Rescue_Car_ws/install/rosidl_typesupport_microxrcedds_c:/root/ros_ws/src/Rescue_Car_ws/install/rosgraph_msgs:/root/ros_ws/src/Rescue_Car_ws/install/rclc_parameter:/root/ros_ws/src/Rescue_Car_ws/install/rclc:/root/ros_ws/src/Rescue_Car_ws/install/composition_interfaces:/root/ros_ws/src/Rescue_Car_ws/install/rcl_interfaces:/root/ros_ws/src/Rescue_Car_ws/install/microxrcedds_client:/root/ros_ws/src/Rescue_Car_ws/install/microcdr:/root/ros_ws/src/Rescue_Car_ws/install/micro_ros_utilities:/root/ros_ws/src/Rescue_Car_ws/install/micro_ros_setup:/root/ros_ws/src/Rescue_Car_ws/install/micro_ros_agent:/root/ros_ws/src/Rescue_Car_ws/install/micro_ros_msgs:/root/ros_ws/src/Rescue_Car_ws/install/lifecycle_msgs:/root/ros_ws/src/Rescue_Car_ws/install/complex_msgs:/root/ros_ws/src/Rescue_Car_ws/install/car:/root/ros_ws/src/Rescue_Car_ws/install/sensor_msgs_py:/opt/ros/humble LD_LIBRARY_PATH=/root/ros_ws/src/Rescue_Car_ws/install/geometry_msgs/lib:/root/ros_ws/src/Rescue_Car_ws/install/std_msgs/lib:/root/ros_ws/src/Rescue_Car_ws/install/builtin_interfaces/lib:/root/ros_ws/src/Rescue_Car_ws/install/visualization_msgs/lib:/root/ros_ws/src/Rescue_Car_ws/install/test_msgs/lib:/root/ros_ws/src/Rescue_Car_ws/install/example_interfaces/lib:/root/ros_ws/src/Rescue_Car_ws/install/action_msgs/lib:/root/ros_ws/src/Rescue_Car_ws/install/unique_identifier_msgs/lib:/root/ros_ws/src/Rescue_Car_ws/install/trajectory_msgs/lib:/root/ros_ws/src/Rescue_Car_ws/install/stereo_msgs/lib:/root/ros_ws/src/Rescue_Car_ws/install/std_srvs/lib:/root/ros_ws/src/Rescue_Car_ws/install/shape_msgs/lib:/root/ros_ws/src/Rescue_Car_ws/install/sensor_msgs/lib:/root/ros_ws/src/Rescue_Car_ws/install/nav_msgs/lib:/root/ros_ws/src/Rescue_Car_ws/install/diagnostic_msgs/lib:/root/ros_ws/src/Rescue_Car_ws/install/actionlib_msgs/lib:/root/ros_ws/src/Rescue_Car_ws/install/statistics_msgs/lib:/root/ros_ws/src/Rescue_Car_ws/install/rosidl_typesupport_microxrcedds_test_msg/lib:/root/ros_ws/src/Rescue_Car_ws/install/rmw_microxrcedds/lib:/root/ros_ws/src/Rescue_Car_ws/install/rosidl_typesupport_microxrcedds_cpp/lib:/root/ros_ws/src/Rescue_Car_ws/install/rosidl_typesupport_microxrcedds_c/lib:/root/ros_ws/src/Rescue_Car_ws/install/rosgraph_msgs/lib:/root/ros_ws/src/Rescue_Car_ws/install/rclc_parameter/lib:/root/ros_ws/src/Rescue_Car_ws/install/rclc/lib:/root/ros_ws/src/Rescue_Car_ws/install/composition_interfaces/lib:/root/ros_ws/src/Rescue_Car_ws/install/rcl_interfaces/lib:/root/ros_ws/src/Rescue_Car_ws/install/micro_ros_utilities/lib:/root/ros_ws/src/Rescue_Car_ws/install/micro_ros_agent/lib:/root/ros_ws/src/Rescue_Car_ws/install/micro_ros_msgs/lib:/root/ros_ws/src/Rescue_Car_ws/install/lifecycle_msgs/lib:/root/ros_ws/src/Rescue_Car_ws/install/complex_msgs/lib:/usr/lib/x86_64-linux-gnu/gazebo-11/plugins:/opt/ros/humble/opt/rviz_ogre_vendor/lib:/opt/ros/humble/lib/x86_64-linux-gnu:/opt/ros/humble/lib /usr/bin/cmake --build /root/ros_ws/src/Rescue_Car_ws/build/diagnostic_msgs -- -j20 -l20
[3.403s] DEBUG:colcon.colcon_core.event_handler.log_command:Invoking command in '/root/ros_ws/src/Rescue_Car_ws/build/diagnostic_msgs': CMAKE_PREFIX_PATH=/root/ros_ws/src/Rescue_Car_ws/install/geometry_msgs:/root/ros_ws/src/Rescue_Car_ws/install/std_msgs:/root/ros_ws/src/Rescue_Car_ws/install/builtin_interfaces:/root/ros_ws/src/Rescue_Car_ws/install/micro_ros_demos_rclc:/root/ros_ws/src/Rescue_Car_ws/install/common_interfaces:/root/ros_ws/src/Rescue_Car_ws/install/visualization_msgs:/root/ros_ws/src/Rescue_Car_ws/install/test_msgs:/root/ros_ws/src/Rescue_Car_ws/install/example_interfaces:/root/ros_ws/src/Rescue_Car_ws/install/action_msgs:/root/ros_ws/src/Rescue_Car_ws/install/unique_identifier_msgs:/root/ros_ws/src/Rescue_Car_ws/install/trajectory_msgs:/root/ros_ws/src/Rescue_Car_ws/install/stereo_msgs:/root/ros_ws/src/Rescue_Car_ws/install/std_srvs:/root/ros_ws/src/Rescue_Car_ws/install/shape_msgs:/root/ros_ws/src/Rescue_Car_ws/install/sensor_msgs:/root/ros_ws/src/Rescue_Car_ws/install/nav_msgs:/root/ros_ws/src/Rescue_Car_ws/install/diagnostic_msgs:/root/ros_ws/src/Rescue_Car_ws/install/actionlib_msgs:/root/ros_ws/src/Rescue_Car_ws/install/statistics_msgs:/root/ros_ws/src/Rescue_Car_ws/install/rosidl_typesupport_microxrcedds_test_msg:/root/ros_ws/src/Rescue_Car_ws/install/rosidl_typesupport_microxrcedds_cpp_tests:/root/ros_ws/src/Rescue_Car_ws/install/rmw_microxrcedds:/root/ros_ws/src/Rescue_Car_ws/install/rosidl_typesupport_microxrcedds_cpp:/root/ros_ws/src/Rescue_Car_ws/install/rosidl_typesupport_microxrcedds_c_tests:/root/ros_ws/src/Rescue_Car_ws/install/rosidl_typesupport_microxrcedds_c:/root/ros_ws/src/Rescue_Car_ws/install/rosgraph_msgs:/root/ros_ws/src/Rescue_Car_ws/install/rclc_parameter:/root/ros_ws/src/Rescue_Car_ws/install/rclc:/root/ros_ws/src/Rescue_Car_ws/install/composition_interfaces:/root/ros_ws/src/Rescue_Car_ws/install/rcl_interfaces:/root/ros_ws/src/Rescue_Car_ws/install/microxrcedds_client:/root/ros_ws/src/Rescue_Car_ws/install/microcdr:/root/ros_ws/src/Rescue_Car_ws/install/micro_ros_utilities:/root/ros_ws/src/Rescue_Car_ws/install/micro_ros_setup:/root/ros_ws/src/Rescue_Car_ws/install/micro_ros_agent:/root/ros_ws/src/Rescue_Car_ws/install/micro_ros_msgs:/root/ros_ws/src/Rescue_Car_ws/install/lifecycle_msgs:/root/ros_ws/src/Rescue_Car_ws/install/complex_msgs:/root/ros_ws/src/Rescue_Car_ws/install/car:/root/ros_ws/src/Rescue_Car_ws/install/sensor_msgs_py:/opt/ros/humble LD_LIBRARY_PATH=/root/ros_ws/src/Rescue_Car_ws/install/geometry_msgs/lib:/root/ros_ws/src/Rescue_Car_ws/install/std_msgs/lib:/root/ros_ws/src/Rescue_Car_ws/install/builtin_interfaces/lib:/root/ros_ws/src/Rescue_Car_ws/install/visualization_msgs/lib:/root/ros_ws/src/Rescue_Car_ws/install/test_msgs/lib:/root/ros_ws/src/Rescue_Car_ws/install/example_interfaces/lib:/root/ros_ws/src/Rescue_Car_ws/install/action_msgs/lib:/root/ros_ws/src/Rescue_Car_ws/install/unique_identifier_msgs/lib:/root/ros_ws/src/Rescue_Car_ws/install/trajectory_msgs/lib:/root/ros_ws/src/Rescue_Car_ws/install/stereo_msgs/lib:/root/ros_ws/src/Rescue_Car_ws/install/std_srvs/lib:/root/ros_ws/src/Rescue_Car_ws/install/shape_msgs/lib:/root/ros_ws/src/Rescue_Car_ws/install/sensor_msgs/lib:/root/ros_ws/src/Rescue_Car_ws/install/nav_msgs/lib:/root/ros_ws/src/Rescue_Car_ws/install/diagnostic_msgs/lib:/root/ros_ws/src/Rescue_Car_ws/install/actionlib_msgs/lib:/root/ros_ws/src/Rescue_Car_ws/install/statistics_msgs/lib:/root/ros_ws/src/Rescue_Car_ws/install/rosidl_typesupport_microxrcedds_test_msg/lib:/root/ros_ws/src/Rescue_Car_ws/install/rmw_microxrcedds/lib:/root/ros_ws/src/Rescue_Car_ws/install/rosidl_typesupport_microxrcedds_cpp/lib:/root/ros_ws/src/Rescue_Car_ws/install/rosidl_typesupport_microxrcedds_c/lib:/root/ros_ws/src/Rescue_Car_ws/install/rosgraph_msgs/lib:/root/ros_ws/src/Rescue_Car_ws/install/rclc_parameter/lib:/root/ros_ws/src/Rescue_Car_ws/install/rclc/lib:/root/ros_ws/src/Rescue_Car_ws/install/composition_interfaces/lib:/root/ros_ws/src/Rescue_Car_ws/install/rcl_interfaces/lib:/root/ros_ws/src/Rescue_Car_ws/install/micro_ros_utilities/lib:/root/ros_ws/src/Rescue_Car_ws/install/micro_ros_agent/lib:/root/ros_ws/src/Rescue_Car_ws/install/micro_ros_msgs/lib:/root/ros_ws/src/Rescue_Car_ws/install/lifecycle_msgs/lib:/root/ros_ws/src/Rescue_Car_ws/install/complex_msgs/lib:/usr/lib/x86_64-linux-gnu/gazebo-11/plugins:/opt/ros/humble/opt/rviz_ogre_vendor/lib:/opt/ros/humble/lib/x86_64-linux-gnu:/opt/ros/humble/lib /usr/bin/cmake --install /root/ros_ws/src/Rescue_Car_ws/build/diagnostic_msgs
[3.414s] DEBUG:colcon.colcon_core.event_handler.log_command:Invoked command in '/root/ros_ws/src/Rescue_Car_ws/build/sensor_msgs' returned '0': CMAKE_PREFIX_PATH=/root/ros_ws/src/Rescue_Car_ws/install/geometry_msgs:/root/ros_ws/src/Rescue_Car_ws/install/std_msgs:/root/ros_ws/src/Rescue_Car_ws/install/builtin_interfaces:/root/ros_ws/src/Rescue_Car_ws/install/micro_ros_demos_rclc:/root/ros_ws/src/Rescue_Car_ws/install/common_interfaces:/root/ros_ws/src/Rescue_Car_ws/install/visualization_msgs:/root/ros_ws/src/Rescue_Car_ws/install/test_msgs:/root/ros_ws/src/Rescue_Car_ws/install/example_interfaces:/root/ros_ws/src/Rescue_Car_ws/install/action_msgs:/root/ros_ws/src/Rescue_Car_ws/install/unique_identifier_msgs:/root/ros_ws/src/Rescue_Car_ws/install/trajectory_msgs:/root/ros_ws/src/Rescue_Car_ws/install/stereo_msgs:/root/ros_ws/src/Rescue_Car_ws/install/std_srvs:/root/ros_ws/src/Rescue_Car_ws/install/shape_msgs:/root/ros_ws/src/Rescue_Car_ws/install/sensor_msgs:/root/ros_ws/src/Rescue_Car_ws/install/nav_msgs:/root/ros_ws/src/Rescue_Car_ws/install/diagnostic_msgs:/root/ros_ws/src/Rescue_Car_ws/install/actionlib_msgs:/root/ros_ws/src/Rescue_Car_ws/install/statistics_msgs:/root/ros_ws/src/Rescue_Car_ws/install/rosidl_typesupport_microxrcedds_test_msg:/root/ros_ws/src/Rescue_Car_ws/install/rosidl_typesupport_microxrcedds_cpp_tests:/root/ros_ws/src/Rescue_Car_ws/install/rmw_microxrcedds:/root/ros_ws/src/Rescue_Car_ws/install/rosidl_typesupport_microxrcedds_cpp:/root/ros_ws/src/Rescue_Car_ws/install/rosidl_typesupport_microxrcedds_c_tests:/root/ros_ws/src/Rescue_Car_ws/install/rosidl_typesupport_microxrcedds_c:/root/ros_ws/src/Rescue_Car_ws/install/rosgraph_msgs:/root/ros_ws/src/Rescue_Car_ws/install/rclc_parameter:/root/ros_ws/src/Rescue_Car_ws/install/rclc:/root/ros_ws/src/Rescue_Car_ws/install/composition_interfaces:/root/ros_ws/src/Rescue_Car_ws/install/rcl_interfaces:/root/ros_ws/src/Rescue_Car_ws/install/microxrcedds_client:/root/ros_ws/src/Rescue_Car_ws/install/microcdr:/root/ros_ws/src/Rescue_Car_ws/install/micro_ros_utilities:/root/ros_ws/src/Rescue_Car_ws/install/micro_ros_setup:/root/ros_ws/src/Rescue_Car_ws/install/micro_ros_agent:/root/ros_ws/src/Rescue_Car_ws/install/micro_ros_msgs:/root/ros_ws/src/Rescue_Car_ws/install/lifecycle_msgs:/root/ros_ws/src/Rescue_Car_ws/install/complex_msgs:/root/ros_ws/src/Rescue_Car_ws/install/car:/root/ros_ws/src/Rescue_Car_ws/install/sensor_msgs_py:/opt/ros/humble LD_LIBRARY_PATH=/root/ros_ws/src/Rescue_Car_ws/install/geometry_msgs/lib:/root/ros_ws/src/Rescue_Car_ws/install/std_msgs/lib:/root/ros_ws/src/Rescue_Car_ws/install/builtin_interfaces/lib:/root/ros_ws/src/Rescue_Car_ws/install/visualization_msgs/lib:/root/ros_ws/src/Rescue_Car_ws/install/test_msgs/lib:/root/ros_ws/src/Rescue_Car_ws/install/example_interfaces/lib:/root/ros_ws/src/Rescue_Car_ws/install/action_msgs/lib:/root/ros_ws/src/Rescue_Car_ws/install/unique_identifier_msgs/lib:/root/ros_ws/src/Rescue_Car_ws/install/trajectory_msgs/lib:/root/ros_ws/src/Rescue_Car_ws/install/stereo_msgs/lib:/root/ros_ws/src/Rescue_Car_ws/install/std_srvs/lib:/root/ros_ws/src/Rescue_Car_ws/install/shape_msgs/lib:/root/ros_ws/src/Rescue_Car_ws/install/sensor_msgs/lib:/root/ros_ws/src/Rescue_Car_ws/install/nav_msgs/lib:/root/ros_ws/src/Rescue_Car_ws/install/diagnostic_msgs/lib:/root/ros_ws/src/Rescue_Car_ws/install/actionlib_msgs/lib:/root/ros_ws/src/Rescue_Car_ws/install/statistics_msgs/lib:/root/ros_ws/src/Rescue_Car_ws/install/rosidl_typesupport_microxrcedds_test_msg/lib:/root/ros_ws/src/Rescue_Car_ws/install/rmw_microxrcedds/lib:/root/ros_ws/src/Rescue_Car_ws/install/rosidl_typesupport_microxrcedds_cpp/lib:/root/ros_ws/src/Rescue_Car_ws/install/rosidl_typesupport_microxrcedds_c/lib:/root/ros_ws/src/Rescue_Car_ws/install/rosgraph_msgs/lib:/root/ros_ws/src/Rescue_Car_ws/install/rclc_parameter/lib:/root/ros_ws/src/Rescue_Car_ws/install/rclc/lib:/root/ros_ws/src/Rescue_Car_ws/install/composition_interfaces/lib:/root/ros_ws/src/Rescue_Car_ws/install/rcl_interfaces/lib:/root/ros_ws/src/Rescue_Car_ws/install/micro_ros_utilities/lib:/root/ros_ws/src/Rescue_Car_ws/install/micro_ros_agent/lib:/root/ros_ws/src/Rescue_Car_ws/install/micro_ros_msgs/lib:/root/ros_ws/src/Rescue_Car_ws/install/lifecycle_msgs/lib:/root/ros_ws/src/Rescue_Car_ws/install/complex_msgs/lib:/usr/lib/x86_64-linux-gnu/gazebo-11/plugins:/opt/ros/humble/opt/rviz_ogre_vendor/lib:/opt/ros/humble/lib/x86_64-linux-gnu:/opt/ros/humble/lib /usr/bin/cmake --build /root/ros_ws/src/Rescue_Car_ws/build/sensor_msgs -- -j20 -l20
[3.426s] DEBUG:colcon.colcon_core.event_handler.log_command:Invoking command in '/root/ros_ws/src/Rescue_Car_ws/build/sensor_msgs': CMAKE_PREFIX_PATH=/root/ros_ws/src/Rescue_Car_ws/install/geometry_msgs:/root/ros_ws/src/Rescue_Car_ws/install/std_msgs:/root/ros_ws/src/Rescue_Car_ws/install/builtin_interfaces:/root/ros_ws/src/Rescue_Car_ws/install/micro_ros_demos_rclc:/root/ros_ws/src/Rescue_Car_ws/install/common_interfaces:/root/ros_ws/src/Rescue_Car_ws/install/visualization_msgs:/root/ros_ws/src/Rescue_Car_ws/install/test_msgs:/root/ros_ws/src/Rescue_Car_ws/install/example_interfaces:/root/ros_ws/src/Rescue_Car_ws/install/action_msgs:/root/ros_ws/src/Rescue_Car_ws/install/unique_identifier_msgs:/root/ros_ws/src/Rescue_Car_ws/install/trajectory_msgs:/root/ros_ws/src/Rescue_Car_ws/install/stereo_msgs:/root/ros_ws/src/Rescue_Car_ws/install/std_srvs:/root/ros_ws/src/Rescue_Car_ws/install/shape_msgs:/root/ros_ws/src/Rescue_Car_ws/install/sensor_msgs:/root/ros_ws/src/Rescue_Car_ws/install/nav_msgs:/root/ros_ws/src/Rescue_Car_ws/install/diagnostic_msgs:/root/ros_ws/src/Rescue_Car_ws/install/actionlib_msgs:/root/ros_ws/src/Rescue_Car_ws/install/statistics_msgs:/root/ros_ws/src/Rescue_Car_ws/install/rosidl_typesupport_microxrcedds_test_msg:/root/ros_ws/src/Rescue_Car_ws/install/rosidl_typesupport_microxrcedds_cpp_tests:/root/ros_ws/src/Rescue_Car_ws/install/rmw_microxrcedds:/root/ros_ws/src/Rescue_Car_ws/install/rosidl_typesupport_microxrcedds_cpp:/root/ros_ws/src/Rescue_Car_ws/install/rosidl_typesupport_microxrcedds_c_tests:/root/ros_ws/src/Rescue_Car_ws/install/rosidl_typesupport_microxrcedds_c:/root/ros_ws/src/Rescue_Car_ws/install/rosgraph_msgs:/root/ros_ws/src/Rescue_Car_ws/install/rclc_parameter:/root/ros_ws/src/Rescue_Car_ws/install/rclc:/root/ros_ws/src/Rescue_Car_ws/install/composition_interfaces:/root/ros_ws/src/Rescue_Car_ws/install/rcl_interfaces:/root/ros_ws/src/Rescue_Car_ws/install/microxrcedds_client:/root/ros_ws/src/Rescue_Car_ws/install/microcdr:/root/ros_ws/src/Rescue_Car_ws/install/micro_ros_utilities:/root/ros_ws/src/Rescue_Car_ws/install/micro_ros_setup:/root/ros_ws/src/Rescue_Car_ws/install/micro_ros_agent:/root/ros_ws/src/Rescue_Car_ws/install/micro_ros_msgs:/root/ros_ws/src/Rescue_Car_ws/install/lifecycle_msgs:/root/ros_ws/src/Rescue_Car_ws/install/complex_msgs:/root/ros_ws/src/Rescue_Car_ws/install/car:/root/ros_ws/src/Rescue_Car_ws/install/sensor_msgs_py:/opt/ros/humble LD_LIBRARY_PATH=/root/ros_ws/src/Rescue_Car_ws/install/geometry_msgs/lib:/root/ros_ws/src/Rescue_Car_ws/install/std_msgs/lib:/root/ros_ws/src/Rescue_Car_ws/install/builtin_interfaces/lib:/root/ros_ws/src/Rescue_Car_ws/install/visualization_msgs/lib:/root/ros_ws/src/Rescue_Car_ws/install/test_msgs/lib:/root/ros_ws/src/Rescue_Car_ws/install/example_interfaces/lib:/root/ros_ws/src/Rescue_Car_ws/install/action_msgs/lib:/root/ros_ws/src/Rescue_Car_ws/install/unique_identifier_msgs/lib:/root/ros_ws/src/Rescue_Car_ws/install/trajectory_msgs/lib:/root/ros_ws/src/Rescue_Car_ws/install/stereo_msgs/lib:/root/ros_ws/src/Rescue_Car_ws/install/std_srvs/lib:/root/ros_ws/src/Rescue_Car_ws/install/shape_msgs/lib:/root/ros_ws/src/Rescue_Car_ws/install/sensor_msgs/lib:/root/ros_ws/src/Rescue_Car_ws/install/nav_msgs/lib:/root/ros_ws/src/Rescue_Car_ws/install/diagnostic_msgs/lib:/root/ros_ws/src/Rescue_Car_ws/install/actionlib_msgs/lib:/root/ros_ws/src/Rescue_Car_ws/install/statistics_msgs/lib:/root/ros_ws/src/Rescue_Car_ws/install/rosidl_typesupport_microxrcedds_test_msg/lib:/root/ros_ws/src/Rescue_Car_ws/install/rmw_microxrcedds/lib:/root/ros_ws/src/Rescue_Car_ws/install/rosidl_typesupport_microxrcedds_cpp/lib:/root/ros_ws/src/Rescue_Car_ws/install/rosidl_typesupport_microxrcedds_c/lib:/root/ros_ws/src/Rescue_Car_ws/install/rosgraph_msgs/lib:/root/ros_ws/src/Rescue_Car_ws/install/rclc_parameter/lib:/root/ros_ws/src/Rescue_Car_ws/install/rclc/lib:/root/ros_ws/src/Rescue_Car_ws/install/composition_interfaces/lib:/root/ros_ws/src/Rescue_Car_ws/install/rcl_interfaces/lib:/root/ros_ws/src/Rescue_Car_ws/install/micro_ros_utilities/lib:/root/ros_ws/src/Rescue_Car_ws/install/micro_ros_agent/lib:/root/ros_ws/src/Rescue_Car_ws/install/micro_ros_msgs/lib:/root/ros_ws/src/Rescue_Car_ws/install/lifecycle_msgs/lib:/root/ros_ws/src/Rescue_Car_ws/install/complex_msgs/lib:/usr/lib/x86_64-linux-gnu/gazebo-11/plugins:/opt/ros/humble/opt/rviz_ogre_vendor/lib:/opt/ros/humble/lib/x86_64-linux-gnu:/opt/ros/humble/lib /usr/bin/cmake --install /root/ros_ws/src/Rescue_Car_ws/build/sensor_msgs
[3.452s] Level 1:colcon.colcon_core.environment:create_environment_scripts_only(nav_msgs)
[3.453s] Level 1:colcon.colcon_core.environment:checking '/root/ros_ws/src/Rescue_Car_ws/install/nav_msgs' for CMake module files
[3.460s] Level 1:colcon.colcon_core.environment:checking '/root/ros_ws/src/Rescue_Car_ws/install/nav_msgs' for CMake config files
[3.483s] Level 1:colcon.colcon_core.shell:create_environment_hook('nav_msgs', 'cmake_prefix_path')
[3.483s] INFO:colcon.colcon_core.shell:Creating environment hook '/root/ros_ws/src/Rescue_Car_ws/install/nav_msgs/share/nav_msgs/hook/cmake_prefix_path.ps1'
[3.486s] INFO:colcon.colcon_core.shell:Creating environment descriptor '/root/ros_ws/src/Rescue_Car_ws/install/nav_msgs/share/nav_msgs/hook/cmake_prefix_path.dsv'
[3.490s] INFO:colcon.colcon_core.shell:Creating environment hook '/root/ros_ws/src/Rescue_Car_ws/install/nav_msgs/share/nav_msgs/hook/cmake_prefix_path.sh'
[3.495s] Level 1:colcon.colcon_core.environment:checking '/root/ros_ws/src/Rescue_Car_ws/install/nav_msgs/lib'
[3.496s] Level 1:colcon.colcon_core.shell:create_environment_hook('nav_msgs', 'ld_library_path_lib')
[3.498s] INFO:colcon.colcon_core.shell:Creating environment hook '/root/ros_ws/src/Rescue_Car_ws/install/nav_msgs/share/nav_msgs/hook/ld_library_path_lib.ps1'
[3.500s] INFO:colcon.colcon_core.shell:Creating environment descriptor '/root/ros_ws/src/Rescue_Car_ws/install/nav_msgs/share/nav_msgs/hook/ld_library_path_lib.dsv'
[3.502s] INFO:colcon.colcon_core.shell:Creating environment hook '/root/ros_ws/src/Rescue_Car_ws/install/nav_msgs/share/nav_msgs/hook/ld_library_path_lib.sh'
[3.504s] Level 1:colcon.colcon_core.environment:checking '/root/ros_ws/src/Rescue_Car_ws/install/nav_msgs/bin'
[3.505s] Level 1:colcon.colcon_core.environment:checking '/root/ros_ws/src/Rescue_Car_ws/install/nav_msgs/lib/pkgconfig/nav_msgs.pc'
[3.505s] Level 1:colcon.colcon_core.environment:checking '/root/ros_ws/src/Rescue_Car_ws/install/nav_msgs/lib/python3.10/site-packages'
[3.506s] Level 1:colcon.colcon_core.environment:checking '/root/ros_ws/src/Rescue_Car_ws/install/nav_msgs/bin'
[3.506s] INFO:colcon.colcon_core.shell:Creating package script '/root/ros_ws/src/Rescue_Car_ws/install/nav_msgs/share/nav_msgs/package.ps1'
[3.509s] INFO:colcon.colcon_core.shell:Creating package descriptor '/root/ros_ws/src/Rescue_Car_ws/install/nav_msgs/share/nav_msgs/package.dsv'
[3.512s] INFO:colcon.colcon_core.shell:Creating package script '/root/ros_ws/src/Rescue_Car_ws/install/nav_msgs/share/nav_msgs/package.sh'
[3.515s] INFO:colcon.colcon_core.shell:Creating package script '/root/ros_ws/src/Rescue_Car_ws/install/nav_msgs/share/nav_msgs/package.bash'
[3.516s] INFO:colcon.colcon_core.shell:Creating package script '/root/ros_ws/src/Rescue_Car_ws/install/nav_msgs/share/nav_msgs/package.zsh'
[3.519s] Level 1:colcon.colcon_core.environment:create_file_with_runtime_dependencies(/root/ros_ws/src/Rescue_Car_ws/install/nav_msgs/share/colcon-core/packages/nav_msgs)
[3.525s] Level 1:colcon.colcon_core.environment:create_environment_scripts_only(nav_msgs)
[3.526s] Level 1:colcon.colcon_core.environment:checking '/root/ros_ws/src/Rescue_Car_ws/install/nav_msgs' for CMake module files
[3.530s] Level 1:colcon.colcon_core.environment:checking '/root/ros_ws/src/Rescue_Car_ws/install/nav_msgs' for CMake config files
[3.550s] DEBUG:colcon.colcon_core.event_handler.log_command:Invoked command in '/root/ros_ws/src/Rescue_Car_ws/build/shape_msgs' returned '0': CMAKE_PREFIX_PATH=/root/ros_ws/src/Rescue_Car_ws/install/geometry_msgs:/root/ros_ws/src/Rescue_Car_ws/install/std_msgs:/root/ros_ws/src/Rescue_Car_ws/install/builtin_interfaces:/root/ros_ws/src/Rescue_Car_ws/install/micro_ros_demos_rclc:/root/ros_ws/src/Rescue_Car_ws/install/common_interfaces:/root/ros_ws/src/Rescue_Car_ws/install/visualization_msgs:/root/ros_ws/src/Rescue_Car_ws/install/test_msgs:/root/ros_ws/src/Rescue_Car_ws/install/example_interfaces:/root/ros_ws/src/Rescue_Car_ws/install/action_msgs:/root/ros_ws/src/Rescue_Car_ws/install/unique_identifier_msgs:/root/ros_ws/src/Rescue_Car_ws/install/trajectory_msgs:/root/ros_ws/src/Rescue_Car_ws/install/stereo_msgs:/root/ros_ws/src/Rescue_Car_ws/install/std_srvs:/root/ros_ws/src/Rescue_Car_ws/install/shape_msgs:/root/ros_ws/src/Rescue_Car_ws/install/sensor_msgs:/root/ros_ws/src/Rescue_Car_ws/install/nav_msgs:/root/ros_ws/src/Rescue_Car_ws/install/diagnostic_msgs:/root/ros_ws/src/Rescue_Car_ws/install/actionlib_msgs:/root/ros_ws/src/Rescue_Car_ws/install/statistics_msgs:/root/ros_ws/src/Rescue_Car_ws/install/rosidl_typesupport_microxrcedds_test_msg:/root/ros_ws/src/Rescue_Car_ws/install/rosidl_typesupport_microxrcedds_cpp_tests:/root/ros_ws/src/Rescue_Car_ws/install/rmw_microxrcedds:/root/ros_ws/src/Rescue_Car_ws/install/rosidl_typesupport_microxrcedds_cpp:/root/ros_ws/src/Rescue_Car_ws/install/rosidl_typesupport_microxrcedds_c_tests:/root/ros_ws/src/Rescue_Car_ws/install/rosidl_typesupport_microxrcedds_c:/root/ros_ws/src/Rescue_Car_ws/install/rosgraph_msgs:/root/ros_ws/src/Rescue_Car_ws/install/rclc_parameter:/root/ros_ws/src/Rescue_Car_ws/install/rclc:/root/ros_ws/src/Rescue_Car_ws/install/composition_interfaces:/root/ros_ws/src/Rescue_Car_ws/install/rcl_interfaces:/root/ros_ws/src/Rescue_Car_ws/install/microxrcedds_client:/root/ros_ws/src/Rescue_Car_ws/install/microcdr:/root/ros_ws/src/Rescue_Car_ws/install/micro_ros_utilities:/root/ros_ws/src/Rescue_Car_ws/install/micro_ros_setup:/root/ros_ws/src/Rescue_Car_ws/install/micro_ros_agent:/root/ros_ws/src/Rescue_Car_ws/install/micro_ros_msgs:/root/ros_ws/src/Rescue_Car_ws/install/lifecycle_msgs:/root/ros_ws/src/Rescue_Car_ws/install/complex_msgs:/root/ros_ws/src/Rescue_Car_ws/install/car:/root/ros_ws/src/Rescue_Car_ws/install/sensor_msgs_py:/opt/ros/humble LD_LIBRARY_PATH=/root/ros_ws/src/Rescue_Car_ws/install/geometry_msgs/lib:/root/ros_ws/src/Rescue_Car_ws/install/std_msgs/lib:/root/ros_ws/src/Rescue_Car_ws/install/builtin_interfaces/lib:/root/ros_ws/src/Rescue_Car_ws/install/visualization_msgs/lib:/root/ros_ws/src/Rescue_Car_ws/install/test_msgs/lib:/root/ros_ws/src/Rescue_Car_ws/install/example_interfaces/lib:/root/ros_ws/src/Rescue_Car_ws/install/action_msgs/lib:/root/ros_ws/src/Rescue_Car_ws/install/unique_identifier_msgs/lib:/root/ros_ws/src/Rescue_Car_ws/install/trajectory_msgs/lib:/root/ros_ws/src/Rescue_Car_ws/install/stereo_msgs/lib:/root/ros_ws/src/Rescue_Car_ws/install/std_srvs/lib:/root/ros_ws/src/Rescue_Car_ws/install/shape_msgs/lib:/root/ros_ws/src/Rescue_Car_ws/install/sensor_msgs/lib:/root/ros_ws/src/Rescue_Car_ws/install/nav_msgs/lib:/root/ros_ws/src/Rescue_Car_ws/install/diagnostic_msgs/lib:/root/ros_ws/src/Rescue_Car_ws/install/actionlib_msgs/lib:/root/ros_ws/src/Rescue_Car_ws/install/statistics_msgs/lib:/root/ros_ws/src/Rescue_Car_ws/install/rosidl_typesupport_microxrcedds_test_msg/lib:/root/ros_ws/src/Rescue_Car_ws/install/rmw_microxrcedds/lib:/root/ros_ws/src/Rescue_Car_ws/install/rosidl_typesupport_microxrcedds_cpp/lib:/root/ros_ws/src/Rescue_Car_ws/install/rosidl_typesupport_microxrcedds_c/lib:/root/ros_ws/src/Rescue_Car_ws/install/rosgraph_msgs/lib:/root/ros_ws/src/Rescue_Car_ws/install/rclc_parameter/lib:/root/ros_ws/src/Rescue_Car_ws/install/rclc/lib:/root/ros_ws/src/Rescue_Car_ws/install/composition_interfaces/lib:/root/ros_ws/src/Rescue_Car_ws/install/rcl_interfaces/lib:/root/ros_ws/src/Rescue_Car_ws/install/micro_ros_utilities/lib:/root/ros_ws/src/Rescue_Car_ws/install/micro_ros_agent/lib:/root/ros_ws/src/Rescue_Car_ws/install/micro_ros_msgs/lib:/root/ros_ws/src/Rescue_Car_ws/install/lifecycle_msgs/lib:/root/ros_ws/src/Rescue_Car_ws/install/complex_msgs/lib:/usr/lib/x86_64-linux-gnu/gazebo-11/plugins:/opt/ros/humble/opt/rviz_ogre_vendor/lib:/opt/ros/humble/lib/x86_64-linux-gnu:/opt/ros/humble/lib /usr/bin/cmake --build /root/ros_ws/src/Rescue_Car_ws/build/shape_msgs -- -j20 -l20
[3.556s] Level 1:colcon.colcon_core.shell:create_environment_hook('nav_msgs', 'cmake_prefix_path')
[3.556s] INFO:colcon.colcon_core.shell:Creating environment hook '/root/ros_ws/src/Rescue_Car_ws/install/nav_msgs/share/nav_msgs/hook/cmake_prefix_path.ps1'
[3.558s] DEBUG:colcon.colcon_core.event_handler.log_command:Invoking command in '/root/ros_ws/src/Rescue_Car_ws/build/shape_msgs': CMAKE_PREFIX_PATH=/root/ros_ws/src/Rescue_Car_ws/install/geometry_msgs:/root/ros_ws/src/Rescue_Car_ws/install/std_msgs:/root/ros_ws/src/Rescue_Car_ws/install/builtin_interfaces:/root/ros_ws/src/Rescue_Car_ws/install/micro_ros_demos_rclc:/root/ros_ws/src/Rescue_Car_ws/install/common_interfaces:/root/ros_ws/src/Rescue_Car_ws/install/visualization_msgs:/root/ros_ws/src/Rescue_Car_ws/install/test_msgs:/root/ros_ws/src/Rescue_Car_ws/install/example_interfaces:/root/ros_ws/src/Rescue_Car_ws/install/action_msgs:/root/ros_ws/src/Rescue_Car_ws/install/unique_identifier_msgs:/root/ros_ws/src/Rescue_Car_ws/install/trajectory_msgs:/root/ros_ws/src/Rescue_Car_ws/install/stereo_msgs:/root/ros_ws/src/Rescue_Car_ws/install/std_srvs:/root/ros_ws/src/Rescue_Car_ws/install/shape_msgs:/root/ros_ws/src/Rescue_Car_ws/install/sensor_msgs:/root/ros_ws/src/Rescue_Car_ws/install/nav_msgs:/root/ros_ws/src/Rescue_Car_ws/install/diagnostic_msgs:/root/ros_ws/src/Rescue_Car_ws/install/actionlib_msgs:/root/ros_ws/src/Rescue_Car_ws/install/statistics_msgs:/root/ros_ws/src/Rescue_Car_ws/install/rosidl_typesupport_microxrcedds_test_msg:/root/ros_ws/src/Rescue_Car_ws/install/rosidl_typesupport_microxrcedds_cpp_tests:/root/ros_ws/src/Rescue_Car_ws/install/rmw_microxrcedds:/root/ros_ws/src/Rescue_Car_ws/install/rosidl_typesupport_microxrcedds_cpp:/root/ros_ws/src/Rescue_Car_ws/install/rosidl_typesupport_microxrcedds_c_tests:/root/ros_ws/src/Rescue_Car_ws/install/rosidl_typesupport_microxrcedds_c:/root/ros_ws/src/Rescue_Car_ws/install/rosgraph_msgs:/root/ros_ws/src/Rescue_Car_ws/install/rclc_parameter:/root/ros_ws/src/Rescue_Car_ws/install/rclc:/root/ros_ws/src/Rescue_Car_ws/install/composition_interfaces:/root/ros_ws/src/Rescue_Car_ws/install/rcl_interfaces:/root/ros_ws/src/Rescue_Car_ws/install/microxrcedds_client:/root/ros_ws/src/Rescue_Car_ws/install/microcdr:/root/ros_ws/src/Rescue_Car_ws/install/micro_ros_utilities:/root/ros_ws/src/Rescue_Car_ws/install/micro_ros_setup:/root/ros_ws/src/Rescue_Car_ws/install/micro_ros_agent:/root/ros_ws/src/Rescue_Car_ws/install/micro_ros_msgs:/root/ros_ws/src/Rescue_Car_ws/install/lifecycle_msgs:/root/ros_ws/src/Rescue_Car_ws/install/complex_msgs:/root/ros_ws/src/Rescue_Car_ws/install/car:/root/ros_ws/src/Rescue_Car_ws/install/sensor_msgs_py:/opt/ros/humble LD_LIBRARY_PATH=/root/ros_ws/src/Rescue_Car_ws/install/geometry_msgs/lib:/root/ros_ws/src/Rescue_Car_ws/install/std_msgs/lib:/root/ros_ws/src/Rescue_Car_ws/install/builtin_interfaces/lib:/root/ros_ws/src/Rescue_Car_ws/install/visualization_msgs/lib:/root/ros_ws/src/Rescue_Car_ws/install/test_msgs/lib:/root/ros_ws/src/Rescue_Car_ws/install/example_interfaces/lib:/root/ros_ws/src/Rescue_Car_ws/install/action_msgs/lib:/root/ros_ws/src/Rescue_Car_ws/install/unique_identifier_msgs/lib:/root/ros_ws/src/Rescue_Car_ws/install/trajectory_msgs/lib:/root/ros_ws/src/Rescue_Car_ws/install/stereo_msgs/lib:/root/ros_ws/src/Rescue_Car_ws/install/std_srvs/lib:/root/ros_ws/src/Rescue_Car_ws/install/shape_msgs/lib:/root/ros_ws/src/Rescue_Car_ws/install/sensor_msgs/lib:/root/ros_ws/src/Rescue_Car_ws/install/nav_msgs/lib:/root/ros_ws/src/Rescue_Car_ws/install/diagnostic_msgs/lib:/root/ros_ws/src/Rescue_Car_ws/install/actionlib_msgs/lib:/root/ros_ws/src/Rescue_Car_ws/install/statistics_msgs/lib:/root/ros_ws/src/Rescue_Car_ws/install/rosidl_typesupport_microxrcedds_test_msg/lib:/root/ros_ws/src/Rescue_Car_ws/install/rmw_microxrcedds/lib:/root/ros_ws/src/Rescue_Car_ws/install/rosidl_typesupport_microxrcedds_cpp/lib:/root/ros_ws/src/Rescue_Car_ws/install/rosidl_typesupport_microxrcedds_c/lib:/root/ros_ws/src/Rescue_Car_ws/install/rosgraph_msgs/lib:/root/ros_ws/src/Rescue_Car_ws/install/rclc_parameter/lib:/root/ros_ws/src/Rescue_Car_ws/install/rclc/lib:/root/ros_ws/src/Rescue_Car_ws/install/composition_interfaces/lib:/root/ros_ws/src/Rescue_Car_ws/install/rcl_interfaces/lib:/root/ros_ws/src/Rescue_Car_ws/install/micro_ros_utilities/lib:/root/ros_ws/src/Rescue_Car_ws/install/micro_ros_agent/lib:/root/ros_ws/src/Rescue_Car_ws/install/micro_ros_msgs/lib:/root/ros_ws/src/Rescue_Car_ws/install/lifecycle_msgs/lib:/root/ros_ws/src/Rescue_Car_ws/install/complex_msgs/lib:/usr/lib/x86_64-linux-gnu/gazebo-11/plugins:/opt/ros/humble/opt/rviz_ogre_vendor/lib:/opt/ros/humble/lib/x86_64-linux-gnu:/opt/ros/humble/lib /usr/bin/cmake --install /root/ros_ws/src/Rescue_Car_ws/build/shape_msgs
[3.558s] DEBUG:colcon.colcon_core.event_handler.log_command:Invoked command in '/root/ros_ws/src/Rescue_Car_ws/build/nav_msgs' returned '0': CMAKE_PREFIX_PATH=/root/ros_ws/src/Rescue_Car_ws/install/geometry_msgs:/root/ros_ws/src/Rescue_Car_ws/install/std_msgs:/root/ros_ws/src/Rescue_Car_ws/install/builtin_interfaces:/root/ros_ws/src/Rescue_Car_ws/install/micro_ros_demos_rclc:/root/ros_ws/src/Rescue_Car_ws/install/common_interfaces:/root/ros_ws/src/Rescue_Car_ws/install/visualization_msgs:/root/ros_ws/src/Rescue_Car_ws/install/test_msgs:/root/ros_ws/src/Rescue_Car_ws/install/example_interfaces:/root/ros_ws/src/Rescue_Car_ws/install/action_msgs:/root/ros_ws/src/Rescue_Car_ws/install/unique_identifier_msgs:/root/ros_ws/src/Rescue_Car_ws/install/trajectory_msgs:/root/ros_ws/src/Rescue_Car_ws/install/stereo_msgs:/root/ros_ws/src/Rescue_Car_ws/install/std_srvs:/root/ros_ws/src/Rescue_Car_ws/install/shape_msgs:/root/ros_ws/src/Rescue_Car_ws/install/sensor_msgs:/root/ros_ws/src/Rescue_Car_ws/install/nav_msgs:/root/ros_ws/src/Rescue_Car_ws/install/diagnostic_msgs:/root/ros_ws/src/Rescue_Car_ws/install/actionlib_msgs:/root/ros_ws/src/Rescue_Car_ws/install/statistics_msgs:/root/ros_ws/src/Rescue_Car_ws/install/rosidl_typesupport_microxrcedds_test_msg:/root/ros_ws/src/Rescue_Car_ws/install/rosidl_typesupport_microxrcedds_cpp_tests:/root/ros_ws/src/Rescue_Car_ws/install/rmw_microxrcedds:/root/ros_ws/src/Rescue_Car_ws/install/rosidl_typesupport_microxrcedds_cpp:/root/ros_ws/src/Rescue_Car_ws/install/rosidl_typesupport_microxrcedds_c_tests:/root/ros_ws/src/Rescue_Car_ws/install/rosidl_typesupport_microxrcedds_c:/root/ros_ws/src/Rescue_Car_ws/install/rosgraph_msgs:/root/ros_ws/src/Rescue_Car_ws/install/rclc_parameter:/root/ros_ws/src/Rescue_Car_ws/install/rclc:/root/ros_ws/src/Rescue_Car_ws/install/composition_interfaces:/root/ros_ws/src/Rescue_Car_ws/install/rcl_interfaces:/root/ros_ws/src/Rescue_Car_ws/install/microxrcedds_client:/root/ros_ws/src/Rescue_Car_ws/install/microcdr:/root/ros_ws/src/Rescue_Car_ws/install/micro_ros_utilities:/root/ros_ws/src/Rescue_Car_ws/install/micro_ros_setup:/root/ros_ws/src/Rescue_Car_ws/install/micro_ros_agent:/root/ros_ws/src/Rescue_Car_ws/install/micro_ros_msgs:/root/ros_ws/src/Rescue_Car_ws/install/lifecycle_msgs:/root/ros_ws/src/Rescue_Car_ws/install/complex_msgs:/root/ros_ws/src/Rescue_Car_ws/install/car:/root/ros_ws/src/Rescue_Car_ws/install/sensor_msgs_py:/opt/ros/humble LD_LIBRARY_PATH=/root/ros_ws/src/Rescue_Car_ws/install/geometry_msgs/lib:/root/ros_ws/src/Rescue_Car_ws/install/std_msgs/lib:/root/ros_ws/src/Rescue_Car_ws/install/builtin_interfaces/lib:/root/ros_ws/src/Rescue_Car_ws/install/visualization_msgs/lib:/root/ros_ws/src/Rescue_Car_ws/install/test_msgs/lib:/root/ros_ws/src/Rescue_Car_ws/install/example_interfaces/lib:/root/ros_ws/src/Rescue_Car_ws/install/action_msgs/lib:/root/ros_ws/src/Rescue_Car_ws/install/unique_identifier_msgs/lib:/root/ros_ws/src/Rescue_Car_ws/install/trajectory_msgs/lib:/root/ros_ws/src/Rescue_Car_ws/install/stereo_msgs/lib:/root/ros_ws/src/Rescue_Car_ws/install/std_srvs/lib:/root/ros_ws/src/Rescue_Car_ws/install/shape_msgs/lib:/root/ros_ws/src/Rescue_Car_ws/install/sensor_msgs/lib:/root/ros_ws/src/Rescue_Car_ws/install/nav_msgs/lib:/root/ros_ws/src/Rescue_Car_ws/install/diagnostic_msgs/lib:/root/ros_ws/src/Rescue_Car_ws/install/actionlib_msgs/lib:/root/ros_ws/src/Rescue_Car_ws/install/statistics_msgs/lib:/root/ros_ws/src/Rescue_Car_ws/install/rosidl_typesupport_microxrcedds_test_msg/lib:/root/ros_ws/src/Rescue_Car_ws/install/rmw_microxrcedds/lib:/root/ros_ws/src/Rescue_Car_ws/install/rosidl_typesupport_microxrcedds_cpp/lib:/root/ros_ws/src/Rescue_Car_ws/install/rosidl_typesupport_microxrcedds_c/lib:/root/ros_ws/src/Rescue_Car_ws/install/rosgraph_msgs/lib:/root/ros_ws/src/Rescue_Car_ws/install/rclc_parameter/lib:/root/ros_ws/src/Rescue_Car_ws/install/rclc/lib:/root/ros_ws/src/Rescue_Car_ws/install/composition_interfaces/lib:/root/ros_ws/src/Rescue_Car_ws/install/rcl_interfaces/lib:/root/ros_ws/src/Rescue_Car_ws/install/micro_ros_utilities/lib:/root/ros_ws/src/Rescue_Car_ws/install/micro_ros_agent/lib:/root/ros_ws/src/Rescue_Car_ws/install/micro_ros_msgs/lib:/root/ros_ws/src/Rescue_Car_ws/install/lifecycle_msgs/lib:/root/ros_ws/src/Rescue_Car_ws/install/complex_msgs/lib:/usr/lib/x86_64-linux-gnu/gazebo-11/plugins:/opt/ros/humble/opt/rviz_ogre_vendor/lib:/opt/ros/humble/lib/x86_64-linux-gnu:/opt/ros/humble/lib /usr/bin/cmake --install /root/ros_ws/src/Rescue_Car_ws/build/nav_msgs
[3.559s] INFO:colcon.colcon_core.shell:Creating environment descriptor '/root/ros_ws/src/Rescue_Car_ws/install/nav_msgs/share/nav_msgs/hook/cmake_prefix_path.dsv'
[3.561s] INFO:colcon.colcon_core.shell:Creating environment hook '/root/ros_ws/src/Rescue_Car_ws/install/nav_msgs/share/nav_msgs/hook/cmake_prefix_path.sh'
[3.564s] Level 1:colcon.colcon_core.environment:checking '/root/ros_ws/src/Rescue_Car_ws/install/nav_msgs/lib'
[3.566s] Level 1:colcon.colcon_core.shell:create_environment_hook('nav_msgs', 'ld_library_path_lib')
[3.566s] INFO:colcon.colcon_core.shell:Creating environment hook '/root/ros_ws/src/Rescue_Car_ws/install/nav_msgs/share/nav_msgs/hook/ld_library_path_lib.ps1'
[3.568s] INFO:colcon.colcon_core.shell:Creating environment descriptor '/root/ros_ws/src/Rescue_Car_ws/install/nav_msgs/share/nav_msgs/hook/ld_library_path_lib.dsv'
[3.572s] INFO:colcon.colcon_core.shell:Creating environment hook '/root/ros_ws/src/Rescue_Car_ws/install/nav_msgs/share/nav_msgs/hook/ld_library_path_lib.sh'
[3.576s] Level 1:colcon.colcon_core.environment:checking '/root/ros_ws/src/Rescue_Car_ws/install/nav_msgs/bin'
[3.576s] Level 1:colcon.colcon_core.environment:checking '/root/ros_ws/src/Rescue_Car_ws/install/nav_msgs/lib/pkgconfig/nav_msgs.pc'
[3.576s] Level 1:colcon.colcon_core.environment:checking '/root/ros_ws/src/Rescue_Car_ws/install/nav_msgs/lib/python3.10/site-packages'
[3.576s] Level 1:colcon.colcon_core.environment:checking '/root/ros_ws/src/Rescue_Car_ws/install/nav_msgs/bin'
[3.576s] INFO:colcon.colcon_core.shell:Creating package script '/root/ros_ws/src/Rescue_Car_ws/install/nav_msgs/share/nav_msgs/package.ps1'
[3.578s] INFO:colcon.colcon_core.shell:Creating package descriptor '/root/ros_ws/src/Rescue_Car_ws/install/nav_msgs/share/nav_msgs/package.dsv'
[3.582s] INFO:colcon.colcon_core.shell:Creating package script '/root/ros_ws/src/Rescue_Car_ws/install/nav_msgs/share/nav_msgs/package.sh'
[3.584s] INFO:colcon.colcon_core.shell:Creating package script '/root/ros_ws/src/Rescue_Car_ws/install/nav_msgs/share/nav_msgs/package.bash'
[3.586s] INFO:colcon.colcon_core.shell:Creating package script '/root/ros_ws/src/Rescue_Car_ws/install/nav_msgs/share/nav_msgs/package.zsh'
[3.587s] Level 1:colcon.colcon_core.environment:create_file_with_runtime_dependencies(/root/ros_ws/src/Rescue_Car_ws/install/nav_msgs/share/colcon-core/packages/nav_msgs)
[3.593s] Level 1:colcon.colcon_core.environment:create_environment_scripts_only(diagnostic_msgs)
[3.594s] Level 1:colcon.colcon_core.environment:checking '/root/ros_ws/src/Rescue_Car_ws/install/diagnostic_msgs' for CMake module files
[3.599s] Level 1:colcon.colcon_core.environment:checking '/root/ros_ws/src/Rescue_Car_ws/install/diagnostic_msgs' for CMake config files
[3.609s] DEBUG:colcon.colcon_core.event_handler.log_command:Invoked command in '/root/ros_ws/src/Rescue_Car_ws/build/diagnostic_msgs' returned '0': CMAKE_PREFIX_PATH=/root/ros_ws/src/Rescue_Car_ws/install/geometry_msgs:/root/ros_ws/src/Rescue_Car_ws/install/std_msgs:/root/ros_ws/src/Rescue_Car_ws/install/builtin_interfaces:/root/ros_ws/src/Rescue_Car_ws/install/micro_ros_demos_rclc:/root/ros_ws/src/Rescue_Car_ws/install/common_interfaces:/root/ros_ws/src/Rescue_Car_ws/install/visualization_msgs:/root/ros_ws/src/Rescue_Car_ws/install/test_msgs:/root/ros_ws/src/Rescue_Car_ws/install/example_interfaces:/root/ros_ws/src/Rescue_Car_ws/install/action_msgs:/root/ros_ws/src/Rescue_Car_ws/install/unique_identifier_msgs:/root/ros_ws/src/Rescue_Car_ws/install/trajectory_msgs:/root/ros_ws/src/Rescue_Car_ws/install/stereo_msgs:/root/ros_ws/src/Rescue_Car_ws/install/std_srvs:/root/ros_ws/src/Rescue_Car_ws/install/shape_msgs:/root/ros_ws/src/Rescue_Car_ws/install/sensor_msgs:/root/ros_ws/src/Rescue_Car_ws/install/nav_msgs:/root/ros_ws/src/Rescue_Car_ws/install/diagnostic_msgs:/root/ros_ws/src/Rescue_Car_ws/install/actionlib_msgs:/root/ros_ws/src/Rescue_Car_ws/install/statistics_msgs:/root/ros_ws/src/Rescue_Car_ws/install/rosidl_typesupport_microxrcedds_test_msg:/root/ros_ws/src/Rescue_Car_ws/install/rosidl_typesupport_microxrcedds_cpp_tests:/root/ros_ws/src/Rescue_Car_ws/install/rmw_microxrcedds:/root/ros_ws/src/Rescue_Car_ws/install/rosidl_typesupport_microxrcedds_cpp:/root/ros_ws/src/Rescue_Car_ws/install/rosidl_typesupport_microxrcedds_c_tests:/root/ros_ws/src/Rescue_Car_ws/install/rosidl_typesupport_microxrcedds_c:/root/ros_ws/src/Rescue_Car_ws/install/rosgraph_msgs:/root/ros_ws/src/Rescue_Car_ws/install/rclc_parameter:/root/ros_ws/src/Rescue_Car_ws/install/rclc:/root/ros_ws/src/Rescue_Car_ws/install/composition_interfaces:/root/ros_ws/src/Rescue_Car_ws/install/rcl_interfaces:/root/ros_ws/src/Rescue_Car_ws/install/microxrcedds_client:/root/ros_ws/src/Rescue_Car_ws/install/microcdr:/root/ros_ws/src/Rescue_Car_ws/install/micro_ros_utilities:/root/ros_ws/src/Rescue_Car_ws/install/micro_ros_setup:/root/ros_ws/src/Rescue_Car_ws/install/micro_ros_agent:/root/ros_ws/src/Rescue_Car_ws/install/micro_ros_msgs:/root/ros_ws/src/Rescue_Car_ws/install/lifecycle_msgs:/root/ros_ws/src/Rescue_Car_ws/install/complex_msgs:/root/ros_ws/src/Rescue_Car_ws/install/car:/root/ros_ws/src/Rescue_Car_ws/install/sensor_msgs_py:/opt/ros/humble LD_LIBRARY_PATH=/root/ros_ws/src/Rescue_Car_ws/install/geometry_msgs/lib:/root/ros_ws/src/Rescue_Car_ws/install/std_msgs/lib:/root/ros_ws/src/Rescue_Car_ws/install/builtin_interfaces/lib:/root/ros_ws/src/Rescue_Car_ws/install/visualization_msgs/lib:/root/ros_ws/src/Rescue_Car_ws/install/test_msgs/lib:/root/ros_ws/src/Rescue_Car_ws/install/example_interfaces/lib:/root/ros_ws/src/Rescue_Car_ws/install/action_msgs/lib:/root/ros_ws/src/Rescue_Car_ws/install/unique_identifier_msgs/lib:/root/ros_ws/src/Rescue_Car_ws/install/trajectory_msgs/lib:/root/ros_ws/src/Rescue_Car_ws/install/stereo_msgs/lib:/root/ros_ws/src/Rescue_Car_ws/install/std_srvs/lib:/root/ros_ws/src/Rescue_Car_ws/install/shape_msgs/lib:/root/ros_ws/src/Rescue_Car_ws/install/sensor_msgs/lib:/root/ros_ws/src/Rescue_Car_ws/install/nav_msgs/lib:/root/ros_ws/src/Rescue_Car_ws/install/diagnostic_msgs/lib:/root/ros_ws/src/Rescue_Car_ws/install/actionlib_msgs/lib:/root/ros_ws/src/Rescue_Car_ws/install/statistics_msgs/lib:/root/ros_ws/src/Rescue_Car_ws/install/rosidl_typesupport_microxrcedds_test_msg/lib:/root/ros_ws/src/Rescue_Car_ws/install/rmw_microxrcedds/lib:/root/ros_ws/src/Rescue_Car_ws/install/rosidl_typesupport_microxrcedds_cpp/lib:/root/ros_ws/src/Rescue_Car_ws/install/rosidl_typesupport_microxrcedds_c/lib:/root/ros_ws/src/Rescue_Car_ws/install/rosgraph_msgs/lib:/root/ros_ws/src/Rescue_Car_ws/install/rclc_parameter/lib:/root/ros_ws/src/Rescue_Car_ws/install/rclc/lib:/root/ros_ws/src/Rescue_Car_ws/install/composition_interfaces/lib:/root/ros_ws/src/Rescue_Car_ws/install/rcl_interfaces/lib:/root/ros_ws/src/Rescue_Car_ws/install/micro_ros_utilities/lib:/root/ros_ws/src/Rescue_Car_ws/install/micro_ros_agent/lib:/root/ros_ws/src/Rescue_Car_ws/install/micro_ros_msgs/lib:/root/ros_ws/src/Rescue_Car_ws/install/lifecycle_msgs/lib:/root/ros_ws/src/Rescue_Car_ws/install/complex_msgs/lib:/usr/lib/x86_64-linux-gnu/gazebo-11/plugins:/opt/ros/humble/opt/rviz_ogre_vendor/lib:/opt/ros/humble/lib/x86_64-linux-gnu:/opt/ros/humble/lib /usr/bin/cmake --install /root/ros_ws/src/Rescue_Car_ws/build/diagnostic_msgs
[3.609s] Level 1:colcon.colcon_core.shell:create_environment_hook('diagnostic_msgs', 'cmake_prefix_path')
[3.609s] INFO:colcon.colcon_core.shell:Creating environment hook '/root/ros_ws/src/Rescue_Car_ws/install/diagnostic_msgs/share/diagnostic_msgs/hook/cmake_prefix_path.ps1'
[3.610s] INFO:colcon.colcon_core.shell:Creating environment descriptor '/root/ros_ws/src/Rescue_Car_ws/install/diagnostic_msgs/share/diagnostic_msgs/hook/cmake_prefix_path.dsv'
[3.610s] INFO:colcon.colcon_core.shell:Creating environment hook '/root/ros_ws/src/Rescue_Car_ws/install/diagnostic_msgs/share/diagnostic_msgs/hook/cmake_prefix_path.sh'
[3.611s] Level 1:colcon.colcon_core.environment:checking '/root/ros_ws/src/Rescue_Car_ws/install/diagnostic_msgs/lib'
[3.611s] Level 1:colcon.colcon_core.shell:create_environment_hook('diagnostic_msgs', 'ld_library_path_lib')
[3.611s] INFO:colcon.colcon_core.shell:Creating environment hook '/root/ros_ws/src/Rescue_Car_ws/install/diagnostic_msgs/share/diagnostic_msgs/hook/ld_library_path_lib.ps1'
[3.612s] INFO:colcon.colcon_core.shell:Creating environment descriptor '/root/ros_ws/src/Rescue_Car_ws/install/diagnostic_msgs/share/diagnostic_msgs/hook/ld_library_path_lib.dsv'
[3.612s] INFO:colcon.colcon_core.shell:Creating environment hook '/root/ros_ws/src/Rescue_Car_ws/install/diagnostic_msgs/share/diagnostic_msgs/hook/ld_library_path_lib.sh'
[3.612s] Level 1:colcon.colcon_core.environment:checking '/root/ros_ws/src/Rescue_Car_ws/install/diagnostic_msgs/bin'
[3.613s] Level 1:colcon.colcon_core.environment:checking '/root/ros_ws/src/Rescue_Car_ws/install/diagnostic_msgs/lib/pkgconfig/diagnostic_msgs.pc'
[3.613s] Level 1:colcon.colcon_core.environment:checking '/root/ros_ws/src/Rescue_Car_ws/install/diagnostic_msgs/lib/python3.10/site-packages'
[3.613s] Level 1:colcon.colcon_core.environment:checking '/root/ros_ws/src/Rescue_Car_ws/install/diagnostic_msgs/bin'
[3.613s] INFO:colcon.colcon_core.shell:Creating package script '/root/ros_ws/src/Rescue_Car_ws/install/diagnostic_msgs/share/diagnostic_msgs/package.ps1'
[3.613s] INFO:colcon.colcon_core.shell:Creating package descriptor '/root/ros_ws/src/Rescue_Car_ws/install/diagnostic_msgs/share/diagnostic_msgs/package.dsv'
[3.614s] INFO:colcon.colcon_core.shell:Creating package script '/root/ros_ws/src/Rescue_Car_ws/install/diagnostic_msgs/share/diagnostic_msgs/package.sh'
[3.614s] INFO:colcon.colcon_core.shell:Creating package script '/root/ros_ws/src/Rescue_Car_ws/install/diagnostic_msgs/share/diagnostic_msgs/package.bash'
[3.614s] INFO:colcon.colcon_core.shell:Creating package script '/root/ros_ws/src/Rescue_Car_ws/install/diagnostic_msgs/share/diagnostic_msgs/package.zsh'
[3.614s] Level 1:colcon.colcon_core.environment:create_file_with_runtime_dependencies(/root/ros_ws/src/Rescue_Car_ws/install/diagnostic_msgs/share/colcon-core/packages/diagnostic_msgs)
[3.615s] Level 1:colcon.colcon_core.environment:create_environment_scripts_only(diagnostic_msgs)
[3.615s] Level 1:colcon.colcon_core.environment:checking '/root/ros_ws/src/Rescue_Car_ws/install/diagnostic_msgs' for CMake module files
[3.615s] Level 1:colcon.colcon_core.environment:checking '/root/ros_ws/src/Rescue_Car_ws/install/diagnostic_msgs' for CMake config files
[3.616s] Level 1:colcon.colcon_core.shell:create_environment_hook('diagnostic_msgs', 'cmake_prefix_path')
[3.616s] INFO:colcon.colcon_core.shell:Creating environment hook '/root/ros_ws/src/Rescue_Car_ws/install/diagnostic_msgs/share/diagnostic_msgs/hook/cmake_prefix_path.ps1'
[3.616s] INFO:colcon.colcon_core.shell:Creating environment descriptor '/root/ros_ws/src/Rescue_Car_ws/install/diagnostic_msgs/share/diagnostic_msgs/hook/cmake_prefix_path.dsv'
[3.616s] INFO:colcon.colcon_core.shell:Creating environment hook '/root/ros_ws/src/Rescue_Car_ws/install/diagnostic_msgs/share/diagnostic_msgs/hook/cmake_prefix_path.sh'
[3.617s] Level 1:colcon.colcon_core.environment:checking '/root/ros_ws/src/Rescue_Car_ws/install/diagnostic_msgs/lib'
[3.617s] Level 1:colcon.colcon_core.shell:create_environment_hook('diagnostic_msgs', 'ld_library_path_lib')
[3.617s] INFO:colcon.colcon_core.shell:Creating environment hook '/root/ros_ws/src/Rescue_Car_ws/install/diagnostic_msgs/share/diagnostic_msgs/hook/ld_library_path_lib.ps1'
[3.617s] INFO:colcon.colcon_core.shell:Creating environment descriptor '/root/ros_ws/src/Rescue_Car_ws/install/diagnostic_msgs/share/diagnostic_msgs/hook/ld_library_path_lib.dsv'
[3.617s] INFO:colcon.colcon_core.shell:Creating environment hook '/root/ros_ws/src/Rescue_Car_ws/install/diagnostic_msgs/share/diagnostic_msgs/hook/ld_library_path_lib.sh'
[3.618s] Level 1:colcon.colcon_core.environment:checking '/root/ros_ws/src/Rescue_Car_ws/install/diagnostic_msgs/bin'
[3.618s] Level 1:colcon.colcon_core.environment:checking '/root/ros_ws/src/Rescue_Car_ws/install/diagnostic_msgs/lib/pkgconfig/diagnostic_msgs.pc'
[3.618s] Level 1:colcon.colcon_core.environment:checking '/root/ros_ws/src/Rescue_Car_ws/install/diagnostic_msgs/lib/python3.10/site-packages'
[3.618s] Level 1:colcon.colcon_core.environment:checking '/root/ros_ws/src/Rescue_Car_ws/install/diagnostic_msgs/bin'
[3.618s] INFO:colcon.colcon_core.shell:Creating package script '/root/ros_ws/src/Rescue_Car_ws/install/diagnostic_msgs/share/diagnostic_msgs/package.ps1'
[3.619s] INFO:colcon.colcon_core.shell:Creating package descriptor '/root/ros_ws/src/Rescue_Car_ws/install/diagnostic_msgs/share/diagnostic_msgs/package.dsv'
[3.619s] INFO:colcon.colcon_core.shell:Creating package script '/root/ros_ws/src/Rescue_Car_ws/install/diagnostic_msgs/share/diagnostic_msgs/package.sh'
[3.619s] INFO:colcon.colcon_core.shell:Creating package script '/root/ros_ws/src/Rescue_Car_ws/install/diagnostic_msgs/share/diagnostic_msgs/package.bash'
[3.619s] INFO:colcon.colcon_core.shell:Creating package script '/root/ros_ws/src/Rescue_Car_ws/install/diagnostic_msgs/share/diagnostic_msgs/package.zsh'
[3.620s] Level 1:colcon.colcon_core.environment:create_file_with_runtime_dependencies(/root/ros_ws/src/Rescue_Car_ws/install/diagnostic_msgs/share/colcon-core/packages/diagnostic_msgs)
[3.622s] DEBUG:colcon.colcon_core.event_handler.log_command:Invoked command in '/root/ros_ws/src/Rescue_Car_ws/build/trajectory_msgs' returned '0': CMAKE_PREFIX_PATH=/root/ros_ws/src/Rescue_Car_ws/install/geometry_msgs:/root/ros_ws/src/Rescue_Car_ws/install/std_msgs:/root/ros_ws/src/Rescue_Car_ws/install/builtin_interfaces:/root/ros_ws/src/Rescue_Car_ws/install/micro_ros_demos_rclc:/root/ros_ws/src/Rescue_Car_ws/install/common_interfaces:/root/ros_ws/src/Rescue_Car_ws/install/visualization_msgs:/root/ros_ws/src/Rescue_Car_ws/install/test_msgs:/root/ros_ws/src/Rescue_Car_ws/install/example_interfaces:/root/ros_ws/src/Rescue_Car_ws/install/action_msgs:/root/ros_ws/src/Rescue_Car_ws/install/unique_identifier_msgs:/root/ros_ws/src/Rescue_Car_ws/install/trajectory_msgs:/root/ros_ws/src/Rescue_Car_ws/install/stereo_msgs:/root/ros_ws/src/Rescue_Car_ws/install/std_srvs:/root/ros_ws/src/Rescue_Car_ws/install/shape_msgs:/root/ros_ws/src/Rescue_Car_ws/install/sensor_msgs:/root/ros_ws/src/Rescue_Car_ws/install/nav_msgs:/root/ros_ws/src/Rescue_Car_ws/install/diagnostic_msgs:/root/ros_ws/src/Rescue_Car_ws/install/actionlib_msgs:/root/ros_ws/src/Rescue_Car_ws/install/statistics_msgs:/root/ros_ws/src/Rescue_Car_ws/install/rosidl_typesupport_microxrcedds_test_msg:/root/ros_ws/src/Rescue_Car_ws/install/rosidl_typesupport_microxrcedds_cpp_tests:/root/ros_ws/src/Rescue_Car_ws/install/rmw_microxrcedds:/root/ros_ws/src/Rescue_Car_ws/install/rosidl_typesupport_microxrcedds_cpp:/root/ros_ws/src/Rescue_Car_ws/install/rosidl_typesupport_microxrcedds_c_tests:/root/ros_ws/src/Rescue_Car_ws/install/rosidl_typesupport_microxrcedds_c:/root/ros_ws/src/Rescue_Car_ws/install/rosgraph_msgs:/root/ros_ws/src/Rescue_Car_ws/install/rclc_parameter:/root/ros_ws/src/Rescue_Car_ws/install/rclc:/root/ros_ws/src/Rescue_Car_ws/install/composition_interfaces:/root/ros_ws/src/Rescue_Car_ws/install/rcl_interfaces:/root/ros_ws/src/Rescue_Car_ws/install/microxrcedds_client:/root/ros_ws/src/Rescue_Car_ws/install/microcdr:/root/ros_ws/src/Rescue_Car_ws/install/micro_ros_utilities:/root/ros_ws/src/Rescue_Car_ws/install/micro_ros_setup:/root/ros_ws/src/Rescue_Car_ws/install/micro_ros_agent:/root/ros_ws/src/Rescue_Car_ws/install/micro_ros_msgs:/root/ros_ws/src/Rescue_Car_ws/install/lifecycle_msgs:/root/ros_ws/src/Rescue_Car_ws/install/complex_msgs:/root/ros_ws/src/Rescue_Car_ws/install/car:/root/ros_ws/src/Rescue_Car_ws/install/sensor_msgs_py:/opt/ros/humble LD_LIBRARY_PATH=/root/ros_ws/src/Rescue_Car_ws/install/geometry_msgs/lib:/root/ros_ws/src/Rescue_Car_ws/install/std_msgs/lib:/root/ros_ws/src/Rescue_Car_ws/install/builtin_interfaces/lib:/root/ros_ws/src/Rescue_Car_ws/install/visualization_msgs/lib:/root/ros_ws/src/Rescue_Car_ws/install/test_msgs/lib:/root/ros_ws/src/Rescue_Car_ws/install/example_interfaces/lib:/root/ros_ws/src/Rescue_Car_ws/install/action_msgs/lib:/root/ros_ws/src/Rescue_Car_ws/install/unique_identifier_msgs/lib:/root/ros_ws/src/Rescue_Car_ws/install/trajectory_msgs/lib:/root/ros_ws/src/Rescue_Car_ws/install/stereo_msgs/lib:/root/ros_ws/src/Rescue_Car_ws/install/std_srvs/lib:/root/ros_ws/src/Rescue_Car_ws/install/shape_msgs/lib:/root/ros_ws/src/Rescue_Car_ws/install/sensor_msgs/lib:/root/ros_ws/src/Rescue_Car_ws/install/nav_msgs/lib:/root/ros_ws/src/Rescue_Car_ws/install/diagnostic_msgs/lib:/root/ros_ws/src/Rescue_Car_ws/install/actionlib_msgs/lib:/root/ros_ws/src/Rescue_Car_ws/install/statistics_msgs/lib:/root/ros_ws/src/Rescue_Car_ws/install/rosidl_typesupport_microxrcedds_test_msg/lib:/root/ros_ws/src/Rescue_Car_ws/install/rmw_microxrcedds/lib:/root/ros_ws/src/Rescue_Car_ws/install/rosidl_typesupport_microxrcedds_cpp/lib:/root/ros_ws/src/Rescue_Car_ws/install/rosidl_typesupport_microxrcedds_c/lib:/root/ros_ws/src/Rescue_Car_ws/install/rosgraph_msgs/lib:/root/ros_ws/src/Rescue_Car_ws/install/rclc_parameter/lib:/root/ros_ws/src/Rescue_Car_ws/install/rclc/lib:/root/ros_ws/src/Rescue_Car_ws/install/composition_interfaces/lib:/root/ros_ws/src/Rescue_Car_ws/install/rcl_interfaces/lib:/root/ros_ws/src/Rescue_Car_ws/install/micro_ros_utilities/lib:/root/ros_ws/src/Rescue_Car_ws/install/micro_ros_agent/lib:/root/ros_ws/src/Rescue_Car_ws/install/micro_ros_msgs/lib:/root/ros_ws/src/Rescue_Car_ws/install/lifecycle_msgs/lib:/root/ros_ws/src/Rescue_Car_ws/install/complex_msgs/lib:/usr/lib/x86_64-linux-gnu/gazebo-11/plugins:/opt/ros/humble/opt/rviz_ogre_vendor/lib:/opt/ros/humble/lib/x86_64-linux-gnu:/opt/ros/humble/lib /usr/bin/cmake --build /root/ros_ws/src/Rescue_Car_ws/build/trajectory_msgs -- -j20 -l20
[3.622s] Level 1:colcon.colcon_core.environment:create_environment_scripts_only(sensor_msgs)
[3.623s] Level 1:colcon.colcon_core.environment:checking '/root/ros_ws/src/Rescue_Car_ws/install/sensor_msgs' for CMake module files
[3.623s] DEBUG:colcon.colcon_core.event_handler.log_command:Invoking command in '/root/ros_ws/src/Rescue_Car_ws/build/trajectory_msgs': CMAKE_PREFIX_PATH=/root/ros_ws/src/Rescue_Car_ws/install/geometry_msgs:/root/ros_ws/src/Rescue_Car_ws/install/std_msgs:/root/ros_ws/src/Rescue_Car_ws/install/builtin_interfaces:/root/ros_ws/src/Rescue_Car_ws/install/micro_ros_demos_rclc:/root/ros_ws/src/Rescue_Car_ws/install/common_interfaces:/root/ros_ws/src/Rescue_Car_ws/install/visualization_msgs:/root/ros_ws/src/Rescue_Car_ws/install/test_msgs:/root/ros_ws/src/Rescue_Car_ws/install/example_interfaces:/root/ros_ws/src/Rescue_Car_ws/install/action_msgs:/root/ros_ws/src/Rescue_Car_ws/install/unique_identifier_msgs:/root/ros_ws/src/Rescue_Car_ws/install/trajectory_msgs:/root/ros_ws/src/Rescue_Car_ws/install/stereo_msgs:/root/ros_ws/src/Rescue_Car_ws/install/std_srvs:/root/ros_ws/src/Rescue_Car_ws/install/shape_msgs:/root/ros_ws/src/Rescue_Car_ws/install/sensor_msgs:/root/ros_ws/src/Rescue_Car_ws/install/nav_msgs:/root/ros_ws/src/Rescue_Car_ws/install/diagnostic_msgs:/root/ros_ws/src/Rescue_Car_ws/install/actionlib_msgs:/root/ros_ws/src/Rescue_Car_ws/install/statistics_msgs:/root/ros_ws/src/Rescue_Car_ws/install/rosidl_typesupport_microxrcedds_test_msg:/root/ros_ws/src/Rescue_Car_ws/install/rosidl_typesupport_microxrcedds_cpp_tests:/root/ros_ws/src/Rescue_Car_ws/install/rmw_microxrcedds:/root/ros_ws/src/Rescue_Car_ws/install/rosidl_typesupport_microxrcedds_cpp:/root/ros_ws/src/Rescue_Car_ws/install/rosidl_typesupport_microxrcedds_c_tests:/root/ros_ws/src/Rescue_Car_ws/install/rosidl_typesupport_microxrcedds_c:/root/ros_ws/src/Rescue_Car_ws/install/rosgraph_msgs:/root/ros_ws/src/Rescue_Car_ws/install/rclc_parameter:/root/ros_ws/src/Rescue_Car_ws/install/rclc:/root/ros_ws/src/Rescue_Car_ws/install/composition_interfaces:/root/ros_ws/src/Rescue_Car_ws/install/rcl_interfaces:/root/ros_ws/src/Rescue_Car_ws/install/microxrcedds_client:/root/ros_ws/src/Rescue_Car_ws/install/microcdr:/root/ros_ws/src/Rescue_Car_ws/install/micro_ros_utilities:/root/ros_ws/src/Rescue_Car_ws/install/micro_ros_setup:/root/ros_ws/src/Rescue_Car_ws/install/micro_ros_agent:/root/ros_ws/src/Rescue_Car_ws/install/micro_ros_msgs:/root/ros_ws/src/Rescue_Car_ws/install/lifecycle_msgs:/root/ros_ws/src/Rescue_Car_ws/install/complex_msgs:/root/ros_ws/src/Rescue_Car_ws/install/car:/root/ros_ws/src/Rescue_Car_ws/install/sensor_msgs_py:/opt/ros/humble LD_LIBRARY_PATH=/root/ros_ws/src/Rescue_Car_ws/install/geometry_msgs/lib:/root/ros_ws/src/Rescue_Car_ws/install/std_msgs/lib:/root/ros_ws/src/Rescue_Car_ws/install/builtin_interfaces/lib:/root/ros_ws/src/Rescue_Car_ws/install/visualization_msgs/lib:/root/ros_ws/src/Rescue_Car_ws/install/test_msgs/lib:/root/ros_ws/src/Rescue_Car_ws/install/example_interfaces/lib:/root/ros_ws/src/Rescue_Car_ws/install/action_msgs/lib:/root/ros_ws/src/Rescue_Car_ws/install/unique_identifier_msgs/lib:/root/ros_ws/src/Rescue_Car_ws/install/trajectory_msgs/lib:/root/ros_ws/src/Rescue_Car_ws/install/stereo_msgs/lib:/root/ros_ws/src/Rescue_Car_ws/install/std_srvs/lib:/root/ros_ws/src/Rescue_Car_ws/install/shape_msgs/lib:/root/ros_ws/src/Rescue_Car_ws/install/sensor_msgs/lib:/root/ros_ws/src/Rescue_Car_ws/install/nav_msgs/lib:/root/ros_ws/src/Rescue_Car_ws/install/diagnostic_msgs/lib:/root/ros_ws/src/Rescue_Car_ws/install/actionlib_msgs/lib:/root/ros_ws/src/Rescue_Car_ws/install/statistics_msgs/lib:/root/ros_ws/src/Rescue_Car_ws/install/rosidl_typesupport_microxrcedds_test_msg/lib:/root/ros_ws/src/Rescue_Car_ws/install/rmw_microxrcedds/lib:/root/ros_ws/src/Rescue_Car_ws/install/rosidl_typesupport_microxrcedds_cpp/lib:/root/ros_ws/src/Rescue_Car_ws/install/rosidl_typesupport_microxrcedds_c/lib:/root/ros_ws/src/Rescue_Car_ws/install/rosgraph_msgs/lib:/root/ros_ws/src/Rescue_Car_ws/install/rclc_parameter/lib:/root/ros_ws/src/Rescue_Car_ws/install/rclc/lib:/root/ros_ws/src/Rescue_Car_ws/install/composition_interfaces/lib:/root/ros_ws/src/Rescue_Car_ws/install/rcl_interfaces/lib:/root/ros_ws/src/Rescue_Car_ws/install/micro_ros_utilities/lib:/root/ros_ws/src/Rescue_Car_ws/install/micro_ros_agent/lib:/root/ros_ws/src/Rescue_Car_ws/install/micro_ros_msgs/lib:/root/ros_ws/src/Rescue_Car_ws/install/lifecycle_msgs/lib:/root/ros_ws/src/Rescue_Car_ws/install/complex_msgs/lib:/usr/lib/x86_64-linux-gnu/gazebo-11/plugins:/opt/ros/humble/opt/rviz_ogre_vendor/lib:/opt/ros/humble/lib/x86_64-linux-gnu:/opt/ros/humble/lib /usr/bin/cmake --install /root/ros_ws/src/Rescue_Car_ws/build/trajectory_msgs
[3.624s] DEBUG:colcon.colcon_core.event_handler.log_command:Invoked command in '/root/ros_ws/src/Rescue_Car_ws/build/sensor_msgs' returned '0': CMAKE_PREFIX_PATH=/root/ros_ws/src/Rescue_Car_ws/install/geometry_msgs:/root/ros_ws/src/Rescue_Car_ws/install/std_msgs:/root/ros_ws/src/Rescue_Car_ws/install/builtin_interfaces:/root/ros_ws/src/Rescue_Car_ws/install/micro_ros_demos_rclc:/root/ros_ws/src/Rescue_Car_ws/install/common_interfaces:/root/ros_ws/src/Rescue_Car_ws/install/visualization_msgs:/root/ros_ws/src/Rescue_Car_ws/install/test_msgs:/root/ros_ws/src/Rescue_Car_ws/install/example_interfaces:/root/ros_ws/src/Rescue_Car_ws/install/action_msgs:/root/ros_ws/src/Rescue_Car_ws/install/unique_identifier_msgs:/root/ros_ws/src/Rescue_Car_ws/install/trajectory_msgs:/root/ros_ws/src/Rescue_Car_ws/install/stereo_msgs:/root/ros_ws/src/Rescue_Car_ws/install/std_srvs:/root/ros_ws/src/Rescue_Car_ws/install/shape_msgs:/root/ros_ws/src/Rescue_Car_ws/install/sensor_msgs:/root/ros_ws/src/Rescue_Car_ws/install/nav_msgs:/root/ros_ws/src/Rescue_Car_ws/install/diagnostic_msgs:/root/ros_ws/src/Rescue_Car_ws/install/actionlib_msgs:/root/ros_ws/src/Rescue_Car_ws/install/statistics_msgs:/root/ros_ws/src/Rescue_Car_ws/install/rosidl_typesupport_microxrcedds_test_msg:/root/ros_ws/src/Rescue_Car_ws/install/rosidl_typesupport_microxrcedds_cpp_tests:/root/ros_ws/src/Rescue_Car_ws/install/rmw_microxrcedds:/root/ros_ws/src/Rescue_Car_ws/install/rosidl_typesupport_microxrcedds_cpp:/root/ros_ws/src/Rescue_Car_ws/install/rosidl_typesupport_microxrcedds_c_tests:/root/ros_ws/src/Rescue_Car_ws/install/rosidl_typesupport_microxrcedds_c:/root/ros_ws/src/Rescue_Car_ws/install/rosgraph_msgs:/root/ros_ws/src/Rescue_Car_ws/install/rclc_parameter:/root/ros_ws/src/Rescue_Car_ws/install/rclc:/root/ros_ws/src/Rescue_Car_ws/install/composition_interfaces:/root/ros_ws/src/Rescue_Car_ws/install/rcl_interfaces:/root/ros_ws/src/Rescue_Car_ws/install/microxrcedds_client:/root/ros_ws/src/Rescue_Car_ws/install/microcdr:/root/ros_ws/src/Rescue_Car_ws/install/micro_ros_utilities:/root/ros_ws/src/Rescue_Car_ws/install/micro_ros_setup:/root/ros_ws/src/Rescue_Car_ws/install/micro_ros_agent:/root/ros_ws/src/Rescue_Car_ws/install/micro_ros_msgs:/root/ros_ws/src/Rescue_Car_ws/install/lifecycle_msgs:/root/ros_ws/src/Rescue_Car_ws/install/complex_msgs:/root/ros_ws/src/Rescue_Car_ws/install/car:/root/ros_ws/src/Rescue_Car_ws/install/sensor_msgs_py:/opt/ros/humble LD_LIBRARY_PATH=/root/ros_ws/src/Rescue_Car_ws/install/geometry_msgs/lib:/root/ros_ws/src/Rescue_Car_ws/install/std_msgs/lib:/root/ros_ws/src/Rescue_Car_ws/install/builtin_interfaces/lib:/root/ros_ws/src/Rescue_Car_ws/install/visualization_msgs/lib:/root/ros_ws/src/Rescue_Car_ws/install/test_msgs/lib:/root/ros_ws/src/Rescue_Car_ws/install/example_interfaces/lib:/root/ros_ws/src/Rescue_Car_ws/install/action_msgs/lib:/root/ros_ws/src/Rescue_Car_ws/install/unique_identifier_msgs/lib:/root/ros_ws/src/Rescue_Car_ws/install/trajectory_msgs/lib:/root/ros_ws/src/Rescue_Car_ws/install/stereo_msgs/lib:/root/ros_ws/src/Rescue_Car_ws/install/std_srvs/lib:/root/ros_ws/src/Rescue_Car_ws/install/shape_msgs/lib:/root/ros_ws/src/Rescue_Car_ws/install/sensor_msgs/lib:/root/ros_ws/src/Rescue_Car_ws/install/nav_msgs/lib:/root/ros_ws/src/Rescue_Car_ws/install/diagnostic_msgs/lib:/root/ros_ws/src/Rescue_Car_ws/install/actionlib_msgs/lib:/root/ros_ws/src/Rescue_Car_ws/install/statistics_msgs/lib:/root/ros_ws/src/Rescue_Car_ws/install/rosidl_typesupport_microxrcedds_test_msg/lib:/root/ros_ws/src/Rescue_Car_ws/install/rmw_microxrcedds/lib:/root/ros_ws/src/Rescue_Car_ws/install/rosidl_typesupport_microxrcedds_cpp/lib:/root/ros_ws/src/Rescue_Car_ws/install/rosidl_typesupport_microxrcedds_c/lib:/root/ros_ws/src/Rescue_Car_ws/install/rosgraph_msgs/lib:/root/ros_ws/src/Rescue_Car_ws/install/rclc_parameter/lib:/root/ros_ws/src/Rescue_Car_ws/install/rclc/lib:/root/ros_ws/src/Rescue_Car_ws/install/composition_interfaces/lib:/root/ros_ws/src/Rescue_Car_ws/install/rcl_interfaces/lib:/root/ros_ws/src/Rescue_Car_ws/install/micro_ros_utilities/lib:/root/ros_ws/src/Rescue_Car_ws/install/micro_ros_agent/lib:/root/ros_ws/src/Rescue_Car_ws/install/micro_ros_msgs/lib:/root/ros_ws/src/Rescue_Car_ws/install/lifecycle_msgs/lib:/root/ros_ws/src/Rescue_Car_ws/install/complex_msgs/lib:/usr/lib/x86_64-linux-gnu/gazebo-11/plugins:/opt/ros/humble/opt/rviz_ogre_vendor/lib:/opt/ros/humble/lib/x86_64-linux-gnu:/opt/ros/humble/lib /usr/bin/cmake --install /root/ros_ws/src/Rescue_Car_ws/build/sensor_msgs
[3.624s] Level 1:colcon.colcon_core.environment:checking '/root/ros_ws/src/Rescue_Car_ws/install/sensor_msgs' for CMake config files
[3.625s] Level 1:colcon.colcon_core.shell:create_environment_hook('sensor_msgs', 'cmake_prefix_path')
[3.625s] INFO:colcon.colcon_core.shell:Creating environment hook '/root/ros_ws/src/Rescue_Car_ws/install/sensor_msgs/share/sensor_msgs/hook/cmake_prefix_path.ps1'
[3.625s] INFO:colcon.colcon_core.shell:Creating environment descriptor '/root/ros_ws/src/Rescue_Car_ws/install/sensor_msgs/share/sensor_msgs/hook/cmake_prefix_path.dsv'
[3.626s] INFO:colcon.colcon_core.shell:Creating environment hook '/root/ros_ws/src/Rescue_Car_ws/install/sensor_msgs/share/sensor_msgs/hook/cmake_prefix_path.sh'
[3.626s] Level 1:colcon.colcon_core.environment:checking '/root/ros_ws/src/Rescue_Car_ws/install/sensor_msgs/lib'
[3.626s] Level 1:colcon.colcon_core.shell:create_environment_hook('sensor_msgs', 'ld_library_path_lib')
[3.626s] INFO:colcon.colcon_core.shell:Creating environment hook '/root/ros_ws/src/Rescue_Car_ws/install/sensor_msgs/share/sensor_msgs/hook/ld_library_path_lib.ps1'
[3.626s] INFO:colcon.colcon_core.shell:Creating environment descriptor '/root/ros_ws/src/Rescue_Car_ws/install/sensor_msgs/share/sensor_msgs/hook/ld_library_path_lib.dsv'
[3.627s] INFO:colcon.colcon_core.shell:Creating environment hook '/root/ros_ws/src/Rescue_Car_ws/install/sensor_msgs/share/sensor_msgs/hook/ld_library_path_lib.sh'
[3.627s] Level 1:colcon.colcon_core.environment:checking '/root/ros_ws/src/Rescue_Car_ws/install/sensor_msgs/bin'
[3.627s] Level 1:colcon.colcon_core.environment:checking '/root/ros_ws/src/Rescue_Car_ws/install/sensor_msgs/lib/pkgconfig/sensor_msgs.pc'
[3.627s] Level 1:colcon.colcon_core.environment:checking '/root/ros_ws/src/Rescue_Car_ws/install/sensor_msgs/lib/python3.10/site-packages'
[3.627s] Level 1:colcon.colcon_core.environment:checking '/root/ros_ws/src/Rescue_Car_ws/install/sensor_msgs/bin'
[3.627s] INFO:colcon.colcon_core.shell:Creating package script '/root/ros_ws/src/Rescue_Car_ws/install/sensor_msgs/share/sensor_msgs/package.ps1'
[3.628s] INFO:colcon.colcon_core.shell:Creating package descriptor '/root/ros_ws/src/Rescue_Car_ws/install/sensor_msgs/share/sensor_msgs/package.dsv'
[3.628s] INFO:colcon.colcon_core.shell:Creating package script '/root/ros_ws/src/Rescue_Car_ws/install/sensor_msgs/share/sensor_msgs/package.sh'
[3.628s] INFO:colcon.colcon_core.shell:Creating package script '/root/ros_ws/src/Rescue_Car_ws/install/sensor_msgs/share/sensor_msgs/package.bash'
[3.629s] INFO:colcon.colcon_core.shell:Creating package script '/root/ros_ws/src/Rescue_Car_ws/install/sensor_msgs/share/sensor_msgs/package.zsh'
[3.629s] Level 1:colcon.colcon_core.environment:create_file_with_runtime_dependencies(/root/ros_ws/src/Rescue_Car_ws/install/sensor_msgs/share/colcon-core/packages/sensor_msgs)
[3.629s] Level 1:colcon.colcon_core.environment:create_environment_scripts_only(sensor_msgs)
[3.630s] Level 1:colcon.colcon_core.environment:checking '/root/ros_ws/src/Rescue_Car_ws/install/sensor_msgs' for CMake module files
[3.630s] Level 1:colcon.colcon_core.environment:checking '/root/ros_ws/src/Rescue_Car_ws/install/sensor_msgs' for CMake config files
[3.630s] Level 1:colcon.colcon_core.shell:create_environment_hook('sensor_msgs', 'cmake_prefix_path')
[3.631s] INFO:colcon.colcon_core.shell:Creating environment hook '/root/ros_ws/src/Rescue_Car_ws/install/sensor_msgs/share/sensor_msgs/hook/cmake_prefix_path.ps1'
[3.631s] INFO:colcon.colcon_core.shell:Creating environment descriptor '/root/ros_ws/src/Rescue_Car_ws/install/sensor_msgs/share/sensor_msgs/hook/cmake_prefix_path.dsv'
[3.631s] INFO:colcon.colcon_core.shell:Creating environment hook '/root/ros_ws/src/Rescue_Car_ws/install/sensor_msgs/share/sensor_msgs/hook/cmake_prefix_path.sh'
[3.632s] Level 1:colcon.colcon_core.environment:checking '/root/ros_ws/src/Rescue_Car_ws/install/sensor_msgs/lib'
[3.632s] Level 1:colcon.colcon_core.shell:create_environment_hook('sensor_msgs', 'ld_library_path_lib')
[3.632s] INFO:colcon.colcon_core.shell:Creating environment hook '/root/ros_ws/src/Rescue_Car_ws/install/sensor_msgs/share/sensor_msgs/hook/ld_library_path_lib.ps1'
[3.632s] INFO:colcon.colcon_core.shell:Creating environment descriptor '/root/ros_ws/src/Rescue_Car_ws/install/sensor_msgs/share/sensor_msgs/hook/ld_library_path_lib.dsv'
[3.632s] INFO:colcon.colcon_core.shell:Creating environment hook '/root/ros_ws/src/Rescue_Car_ws/install/sensor_msgs/share/sensor_msgs/hook/ld_library_path_lib.sh'
[3.633s] Level 1:colcon.colcon_core.environment:checking '/root/ros_ws/src/Rescue_Car_ws/install/sensor_msgs/bin'
[3.633s] Level 1:colcon.colcon_core.environment:checking '/root/ros_ws/src/Rescue_Car_ws/install/sensor_msgs/lib/pkgconfig/sensor_msgs.pc'
[3.633s] Level 1:colcon.colcon_core.environment:checking '/root/ros_ws/src/Rescue_Car_ws/install/sensor_msgs/lib/python3.10/site-packages'
[3.633s] Level 1:colcon.colcon_core.environment:checking '/root/ros_ws/src/Rescue_Car_ws/install/sensor_msgs/bin'
[3.633s] INFO:colcon.colcon_core.shell:Creating package script '/root/ros_ws/src/Rescue_Car_ws/install/sensor_msgs/share/sensor_msgs/package.ps1'
[3.633s] INFO:colcon.colcon_core.shell:Creating package descriptor '/root/ros_ws/src/Rescue_Car_ws/install/sensor_msgs/share/sensor_msgs/package.dsv'
[3.634s] INFO:colcon.colcon_core.shell:Creating package script '/root/ros_ws/src/Rescue_Car_ws/install/sensor_msgs/share/sensor_msgs/package.sh'
[3.634s] INFO:colcon.colcon_core.shell:Creating package script '/root/ros_ws/src/Rescue_Car_ws/install/sensor_msgs/share/sensor_msgs/package.bash'
[3.634s] INFO:colcon.colcon_core.shell:Creating package script '/root/ros_ws/src/Rescue_Car_ws/install/sensor_msgs/share/sensor_msgs/package.zsh'
[3.635s] Level 1:colcon.colcon_core.environment:create_file_with_runtime_dependencies(/root/ros_ws/src/Rescue_Car_ws/install/sensor_msgs/share/colcon-core/packages/sensor_msgs)
[3.635s] Level 1:colcon.colcon_core.environment:create_environment_scripts_only(shape_msgs)
[3.635s] Level 1:colcon.colcon_core.environment:checking '/root/ros_ws/src/Rescue_Car_ws/install/shape_msgs' for CMake module files
[3.636s] DEBUG:colcon.colcon_core.event_handler.log_command:Invoked command in '/root/ros_ws/src/Rescue_Car_ws/build/shape_msgs' returned '0': CMAKE_PREFIX_PATH=/root/ros_ws/src/Rescue_Car_ws/install/geometry_msgs:/root/ros_ws/src/Rescue_Car_ws/install/std_msgs:/root/ros_ws/src/Rescue_Car_ws/install/builtin_interfaces:/root/ros_ws/src/Rescue_Car_ws/install/micro_ros_demos_rclc:/root/ros_ws/src/Rescue_Car_ws/install/common_interfaces:/root/ros_ws/src/Rescue_Car_ws/install/visualization_msgs:/root/ros_ws/src/Rescue_Car_ws/install/test_msgs:/root/ros_ws/src/Rescue_Car_ws/install/example_interfaces:/root/ros_ws/src/Rescue_Car_ws/install/action_msgs:/root/ros_ws/src/Rescue_Car_ws/install/unique_identifier_msgs:/root/ros_ws/src/Rescue_Car_ws/install/trajectory_msgs:/root/ros_ws/src/Rescue_Car_ws/install/stereo_msgs:/root/ros_ws/src/Rescue_Car_ws/install/std_srvs:/root/ros_ws/src/Rescue_Car_ws/install/shape_msgs:/root/ros_ws/src/Rescue_Car_ws/install/sensor_msgs:/root/ros_ws/src/Rescue_Car_ws/install/nav_msgs:/root/ros_ws/src/Rescue_Car_ws/install/diagnostic_msgs:/root/ros_ws/src/Rescue_Car_ws/install/actionlib_msgs:/root/ros_ws/src/Rescue_Car_ws/install/statistics_msgs:/root/ros_ws/src/Rescue_Car_ws/install/rosidl_typesupport_microxrcedds_test_msg:/root/ros_ws/src/Rescue_Car_ws/install/rosidl_typesupport_microxrcedds_cpp_tests:/root/ros_ws/src/Rescue_Car_ws/install/rmw_microxrcedds:/root/ros_ws/src/Rescue_Car_ws/install/rosidl_typesupport_microxrcedds_cpp:/root/ros_ws/src/Rescue_Car_ws/install/rosidl_typesupport_microxrcedds_c_tests:/root/ros_ws/src/Rescue_Car_ws/install/rosidl_typesupport_microxrcedds_c:/root/ros_ws/src/Rescue_Car_ws/install/rosgraph_msgs:/root/ros_ws/src/Rescue_Car_ws/install/rclc_parameter:/root/ros_ws/src/Rescue_Car_ws/install/rclc:/root/ros_ws/src/Rescue_Car_ws/install/composition_interfaces:/root/ros_ws/src/Rescue_Car_ws/install/rcl_interfaces:/root/ros_ws/src/Rescue_Car_ws/install/microxrcedds_client:/root/ros_ws/src/Rescue_Car_ws/install/microcdr:/root/ros_ws/src/Rescue_Car_ws/install/micro_ros_utilities:/root/ros_ws/src/Rescue_Car_ws/install/micro_ros_setup:/root/ros_ws/src/Rescue_Car_ws/install/micro_ros_agent:/root/ros_ws/src/Rescue_Car_ws/install/micro_ros_msgs:/root/ros_ws/src/Rescue_Car_ws/install/lifecycle_msgs:/root/ros_ws/src/Rescue_Car_ws/install/complex_msgs:/root/ros_ws/src/Rescue_Car_ws/install/car:/root/ros_ws/src/Rescue_Car_ws/install/sensor_msgs_py:/opt/ros/humble LD_LIBRARY_PATH=/root/ros_ws/src/Rescue_Car_ws/install/geometry_msgs/lib:/root/ros_ws/src/Rescue_Car_ws/install/std_msgs/lib:/root/ros_ws/src/Rescue_Car_ws/install/builtin_interfaces/lib:/root/ros_ws/src/Rescue_Car_ws/install/visualization_msgs/lib:/root/ros_ws/src/Rescue_Car_ws/install/test_msgs/lib:/root/ros_ws/src/Rescue_Car_ws/install/example_interfaces/lib:/root/ros_ws/src/Rescue_Car_ws/install/action_msgs/lib:/root/ros_ws/src/Rescue_Car_ws/install/unique_identifier_msgs/lib:/root/ros_ws/src/Rescue_Car_ws/install/trajectory_msgs/lib:/root/ros_ws/src/Rescue_Car_ws/install/stereo_msgs/lib:/root/ros_ws/src/Rescue_Car_ws/install/std_srvs/lib:/root/ros_ws/src/Rescue_Car_ws/install/shape_msgs/lib:/root/ros_ws/src/Rescue_Car_ws/install/sensor_msgs/lib:/root/ros_ws/src/Rescue_Car_ws/install/nav_msgs/lib:/root/ros_ws/src/Rescue_Car_ws/install/diagnostic_msgs/lib:/root/ros_ws/src/Rescue_Car_ws/install/actionlib_msgs/lib:/root/ros_ws/src/Rescue_Car_ws/install/statistics_msgs/lib:/root/ros_ws/src/Rescue_Car_ws/install/rosidl_typesupport_microxrcedds_test_msg/lib:/root/ros_ws/src/Rescue_Car_ws/install/rmw_microxrcedds/lib:/root/ros_ws/src/Rescue_Car_ws/install/rosidl_typesupport_microxrcedds_cpp/lib:/root/ros_ws/src/Rescue_Car_ws/install/rosidl_typesupport_microxrcedds_c/lib:/root/ros_ws/src/Rescue_Car_ws/install/rosgraph_msgs/lib:/root/ros_ws/src/Rescue_Car_ws/install/rclc_parameter/lib:/root/ros_ws/src/Rescue_Car_ws/install/rclc/lib:/root/ros_ws/src/Rescue_Car_ws/install/composition_interfaces/lib:/root/ros_ws/src/Rescue_Car_ws/install/rcl_interfaces/lib:/root/ros_ws/src/Rescue_Car_ws/install/micro_ros_utilities/lib:/root/ros_ws/src/Rescue_Car_ws/install/micro_ros_agent/lib:/root/ros_ws/src/Rescue_Car_ws/install/micro_ros_msgs/lib:/root/ros_ws/src/Rescue_Car_ws/install/lifecycle_msgs/lib:/root/ros_ws/src/Rescue_Car_ws/install/complex_msgs/lib:/usr/lib/x86_64-linux-gnu/gazebo-11/plugins:/opt/ros/humble/opt/rviz_ogre_vendor/lib:/opt/ros/humble/lib/x86_64-linux-gnu:/opt/ros/humble/lib /usr/bin/cmake --install /root/ros_ws/src/Rescue_Car_ws/build/shape_msgs
[3.637s] Level 1:colcon.colcon_core.environment:checking '/root/ros_ws/src/Rescue_Car_ws/install/shape_msgs' for CMake config files
[3.637s] Level 1:colcon.colcon_core.shell:create_environment_hook('shape_msgs', 'cmake_prefix_path')
[3.637s] INFO:colcon.colcon_core.shell:Creating environment hook '/root/ros_ws/src/Rescue_Car_ws/install/shape_msgs/share/shape_msgs/hook/cmake_prefix_path.ps1'
[3.637s] INFO:colcon.colcon_core.shell:Creating environment descriptor '/root/ros_ws/src/Rescue_Car_ws/install/shape_msgs/share/shape_msgs/hook/cmake_prefix_path.dsv'
[3.638s] INFO:colcon.colcon_core.shell:Creating environment hook '/root/ros_ws/src/Rescue_Car_ws/install/shape_msgs/share/shape_msgs/hook/cmake_prefix_path.sh'
[3.638s] Level 1:colcon.colcon_core.environment:checking '/root/ros_ws/src/Rescue_Car_ws/install/shape_msgs/lib'
[3.638s] Level 1:colcon.colcon_core.shell:create_environment_hook('shape_msgs', 'ld_library_path_lib')
[3.638s] INFO:colcon.colcon_core.shell:Creating environment hook '/root/ros_ws/src/Rescue_Car_ws/install/shape_msgs/share/shape_msgs/hook/ld_library_path_lib.ps1'
[3.639s] INFO:colcon.colcon_core.shell:Creating environment descriptor '/root/ros_ws/src/Rescue_Car_ws/install/shape_msgs/share/shape_msgs/hook/ld_library_path_lib.dsv'
[3.639s] INFO:colcon.colcon_core.shell:Creating environment hook '/root/ros_ws/src/Rescue_Car_ws/install/shape_msgs/share/shape_msgs/hook/ld_library_path_lib.sh'
[3.639s] Level 1:colcon.colcon_core.environment:checking '/root/ros_ws/src/Rescue_Car_ws/install/shape_msgs/bin'
[3.639s] Level 1:colcon.colcon_core.environment:checking '/root/ros_ws/src/Rescue_Car_ws/install/shape_msgs/lib/pkgconfig/shape_msgs.pc'
[3.639s] Level 1:colcon.colcon_core.environment:checking '/root/ros_ws/src/Rescue_Car_ws/install/shape_msgs/lib/python3.10/site-packages'
[3.639s] Level 1:colcon.colcon_core.environment:checking '/root/ros_ws/src/Rescue_Car_ws/install/shape_msgs/bin'
[3.640s] INFO:colcon.colcon_core.shell:Creating package script '/root/ros_ws/src/Rescue_Car_ws/install/shape_msgs/share/shape_msgs/package.ps1'
[3.640s] INFO:colcon.colcon_core.shell:Creating package descriptor '/root/ros_ws/src/Rescue_Car_ws/install/shape_msgs/share/shape_msgs/package.dsv'
[3.640s] INFO:colcon.colcon_core.shell:Creating package script '/root/ros_ws/src/Rescue_Car_ws/install/shape_msgs/share/shape_msgs/package.sh'
[3.641s] INFO:colcon.colcon_core.shell:Creating package script '/root/ros_ws/src/Rescue_Car_ws/install/shape_msgs/share/shape_msgs/package.bash'
[3.641s] INFO:colcon.colcon_core.shell:Creating package script '/root/ros_ws/src/Rescue_Car_ws/install/shape_msgs/share/shape_msgs/package.zsh'
[3.642s] Level 1:colcon.colcon_core.environment:create_file_with_runtime_dependencies(/root/ros_ws/src/Rescue_Car_ws/install/shape_msgs/share/colcon-core/packages/shape_msgs)
[3.642s] Level 1:colcon.colcon_core.environment:create_environment_scripts_only(shape_msgs)
[3.642s] Level 1:colcon.colcon_core.environment:checking '/root/ros_ws/src/Rescue_Car_ws/install/shape_msgs' for CMake module files
[3.643s] Level 1:colcon.colcon_core.environment:checking '/root/ros_ws/src/Rescue_Car_ws/install/shape_msgs' for CMake config files
[3.643s] Level 1:colcon.colcon_core.shell:create_environment_hook('shape_msgs', 'cmake_prefix_path')
[3.643s] INFO:colcon.colcon_core.shell:Creating environment hook '/root/ros_ws/src/Rescue_Car_ws/install/shape_msgs/share/shape_msgs/hook/cmake_prefix_path.ps1'
[3.644s] INFO:colcon.colcon_core.shell:Creating environment descriptor '/root/ros_ws/src/Rescue_Car_ws/install/shape_msgs/share/shape_msgs/hook/cmake_prefix_path.dsv'
[3.644s] INFO:colcon.colcon_core.shell:Creating environment hook '/root/ros_ws/src/Rescue_Car_ws/install/shape_msgs/share/shape_msgs/hook/cmake_prefix_path.sh'
[3.645s] Level 1:colcon.colcon_core.environment:checking '/root/ros_ws/src/Rescue_Car_ws/install/shape_msgs/lib'
[3.645s] Level 1:colcon.colcon_core.shell:create_environment_hook('shape_msgs', 'ld_library_path_lib')
[3.645s] INFO:colcon.colcon_core.shell:Creating environment hook '/root/ros_ws/src/Rescue_Car_ws/install/shape_msgs/share/shape_msgs/hook/ld_library_path_lib.ps1'
[3.646s] INFO:colcon.colcon_core.shell:Creating environment descriptor '/root/ros_ws/src/Rescue_Car_ws/install/shape_msgs/share/shape_msgs/hook/ld_library_path_lib.dsv'
[3.646s] INFO:colcon.colcon_core.shell:Creating environment hook '/root/ros_ws/src/Rescue_Car_ws/install/shape_msgs/share/shape_msgs/hook/ld_library_path_lib.sh'
[3.646s] Level 1:colcon.colcon_core.environment:checking '/root/ros_ws/src/Rescue_Car_ws/install/shape_msgs/bin'
[3.646s] Level 1:colcon.colcon_core.environment:checking '/root/ros_ws/src/Rescue_Car_ws/install/shape_msgs/lib/pkgconfig/shape_msgs.pc'
[3.646s] Level 1:colcon.colcon_core.environment:checking '/root/ros_ws/src/Rescue_Car_ws/install/shape_msgs/lib/python3.10/site-packages'
[3.647s] Level 1:colcon.colcon_core.environment:checking '/root/ros_ws/src/Rescue_Car_ws/install/shape_msgs/bin'
[3.647s] INFO:colcon.colcon_core.shell:Creating package script '/root/ros_ws/src/Rescue_Car_ws/install/shape_msgs/share/shape_msgs/package.ps1'
[3.647s] INFO:colcon.colcon_core.shell:Creating package descriptor '/root/ros_ws/src/Rescue_Car_ws/install/shape_msgs/share/shape_msgs/package.dsv'
[3.648s] INFO:colcon.colcon_core.shell:Creating package script '/root/ros_ws/src/Rescue_Car_ws/install/shape_msgs/share/shape_msgs/package.sh'
[3.648s] INFO:colcon.colcon_core.shell:Creating package script '/root/ros_ws/src/Rescue_Car_ws/install/shape_msgs/share/shape_msgs/package.bash'
[3.648s] INFO:colcon.colcon_core.shell:Creating package script '/root/ros_ws/src/Rescue_Car_ws/install/shape_msgs/share/shape_msgs/package.zsh'
[3.649s] Level 1:colcon.colcon_core.environment:create_file_with_runtime_dependencies(/root/ros_ws/src/Rescue_Car_ws/install/shape_msgs/share/colcon-core/packages/shape_msgs)
[3.654s] INFO:colcon.colcon_ros.task.ament_cmake.build:Building ROS package in '/root/ros_ws/src/Rescue_Car_ws/src/microros/src/ros2/common_interfaces/visualization_msgs' with build type 'ament_cmake'
[3.654s] INFO:colcon.colcon_cmake.task.cmake.build:Building CMake package in '/root/ros_ws/src/Rescue_Car_ws/src/microros/src/ros2/common_interfaces/visualization_msgs'
[3.655s] INFO:colcon.colcon_core.shell:Skip shell extension 'powershell' for command environment: Not usable outside of PowerShell
[3.655s] DEBUG:colcon.colcon_core.shell:Skip shell extension 'dsv' for command environment
[3.656s] DEBUG:colcon.colcon_core.event_handler.log_command:Invoking command in '/root/ros_ws/src/Rescue_Car_ws/build/rclc': CMAKE_PREFIX_PATH=/root/ros_ws/src/Rescue_Car_ws/install/test_msgs:/root/ros_ws/src/Rescue_Car_ws/install/example_interfaces:/root/ros_ws/src/Rescue_Car_ws/install/std_msgs:/root/ros_ws/src/Rescue_Car_ws/install/action_msgs:/root/ros_ws/src/Rescue_Car_ws/install/unique_identifier_msgs:/root/ros_ws/src/Rescue_Car_ws/install/builtin_interfaces:/root/ros_ws/src/Rescue_Car_ws/install/micro_ros_demos_rclc:/root/ros_ws/src/Rescue_Car_ws/install/common_interfaces:/root/ros_ws/src/Rescue_Car_ws/install/visualization_msgs:/root/ros_ws/src/Rescue_Car_ws/install/trajectory_msgs:/root/ros_ws/src/Rescue_Car_ws/install/stereo_msgs:/root/ros_ws/src/Rescue_Car_ws/install/std_srvs:/root/ros_ws/src/Rescue_Car_ws/install/shape_msgs:/root/ros_ws/src/Rescue_Car_ws/install/sensor_msgs:/root/ros_ws/src/Rescue_Car_ws/install/nav_msgs:/root/ros_ws/src/Rescue_Car_ws/install/diagnostic_msgs:/root/ros_ws/src/Rescue_Car_ws/install/geometry_msgs:/root/ros_ws/src/Rescue_Car_ws/install/actionlib_msgs:/root/ros_ws/src/Rescue_Car_ws/install/statistics_msgs:/root/ros_ws/src/Rescue_Car_ws/install/rosidl_typesupport_microxrcedds_test_msg:/root/ros_ws/src/Rescue_Car_ws/install/rosidl_typesupport_microxrcedds_cpp_tests:/root/ros_ws/src/Rescue_Car_ws/install/rmw_microxrcedds:/root/ros_ws/src/Rescue_Car_ws/install/rosidl_typesupport_microxrcedds_cpp:/root/ros_ws/src/Rescue_Car_ws/install/rosidl_typesupport_microxrcedds_c_tests:/root/ros_ws/src/Rescue_Car_ws/install/rosidl_typesupport_microxrcedds_c:/root/ros_ws/src/Rescue_Car_ws/install/rosgraph_msgs:/root/ros_ws/src/Rescue_Car_ws/install/rclc_parameter:/root/ros_ws/src/Rescue_Car_ws/install/rclc:/root/ros_ws/src/Rescue_Car_ws/install/composition_interfaces:/root/ros_ws/src/Rescue_Car_ws/install/rcl_interfaces:/root/ros_ws/src/Rescue_Car_ws/install/microxrcedds_client:/root/ros_ws/src/Rescue_Car_ws/install/microcdr:/root/ros_ws/src/Rescue_Car_ws/install/micro_ros_utilities:/root/ros_ws/src/Rescue_Car_ws/install/micro_ros_setup:/root/ros_ws/src/Rescue_Car_ws/install/micro_ros_agent:/root/ros_ws/src/Rescue_Car_ws/install/micro_ros_msgs:/root/ros_ws/src/Rescue_Car_ws/install/lifecycle_msgs:/root/ros_ws/src/Rescue_Car_ws/install/complex_msgs:/root/ros_ws/src/Rescue_Car_ws/install/car:/root/ros_ws/src/Rescue_Car_ws/install/sensor_msgs_py:/opt/ros/humble LD_LIBRARY_PATH=/root/ros_ws/src/Rescue_Car_ws/install/test_msgs/lib:/root/ros_ws/src/Rescue_Car_ws/install/example_interfaces/lib:/root/ros_ws/src/Rescue_Car_ws/install/std_msgs/lib:/root/ros_ws/src/Rescue_Car_ws/install/action_msgs/lib:/root/ros_ws/src/Rescue_Car_ws/install/unique_identifier_msgs/lib:/root/ros_ws/src/Rescue_Car_ws/install/builtin_interfaces/lib:/root/ros_ws/src/Rescue_Car_ws/install/visualization_msgs/lib:/root/ros_ws/src/Rescue_Car_ws/install/trajectory_msgs/lib:/root/ros_ws/src/Rescue_Car_ws/install/stereo_msgs/lib:/root/ros_ws/src/Rescue_Car_ws/install/std_srvs/lib:/root/ros_ws/src/Rescue_Car_ws/install/shape_msgs/lib:/root/ros_ws/src/Rescue_Car_ws/install/sensor_msgs/lib:/root/ros_ws/src/Rescue_Car_ws/install/nav_msgs/lib:/root/ros_ws/src/Rescue_Car_ws/install/diagnostic_msgs/lib:/root/ros_ws/src/Rescue_Car_ws/install/geometry_msgs/lib:/root/ros_ws/src/Rescue_Car_ws/install/actionlib_msgs/lib:/root/ros_ws/src/Rescue_Car_ws/install/statistics_msgs/lib:/root/ros_ws/src/Rescue_Car_ws/install/rosidl_typesupport_microxrcedds_test_msg/lib:/root/ros_ws/src/Rescue_Car_ws/install/rmw_microxrcedds/lib:/root/ros_ws/src/Rescue_Car_ws/install/rosidl_typesupport_microxrcedds_cpp/lib:/root/ros_ws/src/Rescue_Car_ws/install/rosidl_typesupport_microxrcedds_c/lib:/root/ros_ws/src/Rescue_Car_ws/install/rosgraph_msgs/lib:/root/ros_ws/src/Rescue_Car_ws/install/rclc_parameter/lib:/root/ros_ws/src/Rescue_Car_ws/install/rclc/lib:/root/ros_ws/src/Rescue_Car_ws/install/composition_interfaces/lib:/root/ros_ws/src/Rescue_Car_ws/install/rcl_interfaces/lib:/root/ros_ws/src/Rescue_Car_ws/install/micro_ros_utilities/lib:/root/ros_ws/src/Rescue_Car_ws/install/micro_ros_agent/lib:/root/ros_ws/src/Rescue_Car_ws/install/micro_ros_msgs/lib:/root/ros_ws/src/Rescue_Car_ws/install/lifecycle_msgs/lib:/root/ros_ws/src/Rescue_Car_ws/install/complex_msgs/lib:/usr/lib/x86_64-linux-gnu/gazebo-11/plugins:/opt/ros/humble/opt/rviz_ogre_vendor/lib:/opt/ros/humble/lib/x86_64-linux-gnu:/opt/ros/humble/lib /usr/bin/cmake --build /root/ros_ws/src/Rescue_Car_ws/build/rclc -- -j20 -l20
[3.661s] INFO:colcon.colcon_ros.task.ament_cmake.build:Building ROS package in '/root/ros_ws/src/Rescue_Car_ws/src/microros/src/ros2/common_interfaces/stereo_msgs' with build type 'ament_cmake'
[3.661s] INFO:colcon.colcon_cmake.task.cmake.build:Building CMake package in '/root/ros_ws/src/Rescue_Car_ws/src/microros/src/ros2/common_interfaces/stereo_msgs'
[3.662s] INFO:colcon.colcon_core.shell:Skip shell extension 'powershell' for command environment: Not usable outside of PowerShell
[3.662s] DEBUG:colcon.colcon_core.shell:Skip shell extension 'dsv' for command environment
[3.667s] INFO:colcon.colcon_ros.task.ament_python.build:Building ROS package in '/root/ros_ws/src/Rescue_Car_ws/src/microros/src/ros2/common_interfaces/sensor_msgs_py' with build type 'ament_python'
[3.668s] Level 1:colcon.colcon_core.shell:create_environment_hook('sensor_msgs_py', 'ament_prefix_path')
[3.668s] INFO:colcon.colcon_core.shell:Creating environment hook '/root/ros_ws/src/Rescue_Car_ws/install/sensor_msgs_py/share/sensor_msgs_py/hook/ament_prefix_path.ps1'
[3.669s] INFO:colcon.colcon_core.shell:Creating environment descriptor '/root/ros_ws/src/Rescue_Car_ws/install/sensor_msgs_py/share/sensor_msgs_py/hook/ament_prefix_path.dsv'
[3.670s] INFO:colcon.colcon_core.shell:Creating environment hook '/root/ros_ws/src/Rescue_Car_ws/install/sensor_msgs_py/share/sensor_msgs_py/hook/ament_prefix_path.sh'
[3.671s] INFO:colcon.colcon_core.shell:Skip shell extension 'powershell' for command environment: Not usable outside of PowerShell
[3.671s] DEBUG:colcon.colcon_core.shell:Skip shell extension 'dsv' for command environment
[3.679s] DEBUG:colcon.colcon_core.event_handler.log_command:Invoked command in '/root/ros_ws/src/Rescue_Car_ws/build/rosidl_typesupport_microxrcedds_test_msg' returned '0': CMAKE_PREFIX_PATH=/root/ros_ws/src/Rescue_Car_ws/install/rmw_microxrcedds:/root/ros_ws/src/Rescue_Car_ws/install/rosidl_typesupport_microxrcedds_cpp:/root/ros_ws/src/Rescue_Car_ws/install/rosidl_typesupport_microxrcedds_c:/root/ros_ws/src/Rescue_Car_ws/install/microxrcedds_client:/root/ros_ws/src/Rescue_Car_ws/install/microcdr:/root/ros_ws/src/Rescue_Car_ws/install/micro_ros_msgs:/root/ros_ws/src/Rescue_Car_ws/install/builtin_interfaces:/root/ros_ws/src/Rescue_Car_ws/install/micro_ros_demos_rclc:/root/ros_ws/src/Rescue_Car_ws/install/common_interfaces:/root/ros_ws/src/Rescue_Car_ws/install/visualization_msgs:/root/ros_ws/src/Rescue_Car_ws/install/test_msgs:/root/ros_ws/src/Rescue_Car_ws/install/example_interfaces:/root/ros_ws/src/Rescue_Car_ws/install/action_msgs:/root/ros_ws/src/Rescue_Car_ws/install/unique_identifier_msgs:/root/ros_ws/src/Rescue_Car_ws/install/trajectory_msgs:/root/ros_ws/src/Rescue_Car_ws/install/stereo_msgs:/root/ros_ws/src/Rescue_Car_ws/install/std_srvs:/root/ros_ws/src/Rescue_Car_ws/install/shape_msgs:/root/ros_ws/src/Rescue_Car_ws/install/sensor_msgs:/root/ros_ws/src/Rescue_Car_ws/install/nav_msgs:/root/ros_ws/src/Rescue_Car_ws/install/diagnostic_msgs:/root/ros_ws/src/Rescue_Car_ws/install/geometry_msgs:/root/ros_ws/src/Rescue_Car_ws/install/actionlib_msgs:/root/ros_ws/src/Rescue_Car_ws/install/std_msgs:/root/ros_ws/src/Rescue_Car_ws/install/statistics_msgs:/root/ros_ws/src/Rescue_Car_ws/install/rosidl_typesupport_microxrcedds_test_msg:/root/ros_ws/src/Rescue_Car_ws/install/rosidl_typesupport_microxrcedds_cpp_tests:/root/ros_ws/src/Rescue_Car_ws/install/rosidl_typesupport_microxrcedds_c_tests:/root/ros_ws/src/Rescue_Car_ws/install/rosgraph_msgs:/root/ros_ws/src/Rescue_Car_ws/install/rclc_parameter:/root/ros_ws/src/Rescue_Car_ws/install/rclc:/root/ros_ws/src/Rescue_Car_ws/install/composition_interfaces:/root/ros_ws/src/Rescue_Car_ws/install/rcl_interfaces:/root/ros_ws/src/Rescue_Car_ws/install/micro_ros_utilities:/root/ros_ws/src/Rescue_Car_ws/install/micro_ros_setup:/root/ros_ws/src/Rescue_Car_ws/install/micro_ros_agent:/root/ros_ws/src/Rescue_Car_ws/install/lifecycle_msgs:/root/ros_ws/src/Rescue_Car_ws/install/complex_msgs:/root/ros_ws/src/Rescue_Car_ws/install/car:/root/ros_ws/src/Rescue_Car_ws/install/sensor_msgs_py:/opt/ros/humble LD_LIBRARY_PATH=/root/ros_ws/src/Rescue_Car_ws/install/rmw_microxrcedds/lib:/root/ros_ws/src/Rescue_Car_ws/install/micro_ros_msgs/lib:/root/ros_ws/src/Rescue_Car_ws/install/builtin_interfaces/lib:/root/ros_ws/src/Rescue_Car_ws/install/visualization_msgs/lib:/root/ros_ws/src/Rescue_Car_ws/install/test_msgs/lib:/root/ros_ws/src/Rescue_Car_ws/install/example_interfaces/lib:/root/ros_ws/src/Rescue_Car_ws/install/action_msgs/lib:/root/ros_ws/src/Rescue_Car_ws/install/unique_identifier_msgs/lib:/root/ros_ws/src/Rescue_Car_ws/install/trajectory_msgs/lib:/root/ros_ws/src/Rescue_Car_ws/install/stereo_msgs/lib:/root/ros_ws/src/Rescue_Car_ws/install/std_srvs/lib:/root/ros_ws/src/Rescue_Car_ws/install/shape_msgs/lib:/root/ros_ws/src/Rescue_Car_ws/install/sensor_msgs/lib:/root/ros_ws/src/Rescue_Car_ws/install/nav_msgs/lib:/root/ros_ws/src/Rescue_Car_ws/install/diagnostic_msgs/lib:/root/ros_ws/src/Rescue_Car_ws/install/geometry_msgs/lib:/root/ros_ws/src/Rescue_Car_ws/install/actionlib_msgs/lib:/root/ros_ws/src/Rescue_Car_ws/install/std_msgs/lib:/root/ros_ws/src/Rescue_Car_ws/install/statistics_msgs/lib:/root/ros_ws/src/Rescue_Car_ws/install/rosidl_typesupport_microxrcedds_test_msg/lib:/root/ros_ws/src/Rescue_Car_ws/install/rosidl_typesupport_microxrcedds_cpp/lib:/root/ros_ws/src/Rescue_Car_ws/install/rosidl_typesupport_microxrcedds_c/lib:/root/ros_ws/src/Rescue_Car_ws/install/rosgraph_msgs/lib:/root/ros_ws/src/Rescue_Car_ws/install/rclc_parameter/lib:/root/ros_ws/src/Rescue_Car_ws/install/rclc/lib:/root/ros_ws/src/Rescue_Car_ws/install/composition_interfaces/lib:/root/ros_ws/src/Rescue_Car_ws/install/rcl_interfaces/lib:/root/ros_ws/src/Rescue_Car_ws/install/micro_ros_utilities/lib:/root/ros_ws/src/Rescue_Car_ws/install/micro_ros_agent/lib:/root/ros_ws/src/Rescue_Car_ws/install/lifecycle_msgs/lib:/root/ros_ws/src/Rescue_Car_ws/install/complex_msgs/lib:/usr/lib/x86_64-linux-gnu/gazebo-11/plugins:/opt/ros/humble/opt/rviz_ogre_vendor/lib:/opt/ros/humble/lib/x86_64-linux-gnu:/opt/ros/humble/lib /usr/bin/cmake --build /root/ros_ws/src/Rescue_Car_ws/build/rosidl_typesupport_microxrcedds_test_msg -- -j20 -l20
[3.701s] DEBUG:colcon.colcon_core.event_handler.log_command:Invoking command in '/root/ros_ws/src/Rescue_Car_ws/build/rosidl_typesupport_microxrcedds_test_msg': CMAKE_PREFIX_PATH=/root/ros_ws/src/Rescue_Car_ws/install/rmw_microxrcedds:/root/ros_ws/src/Rescue_Car_ws/install/rosidl_typesupport_microxrcedds_cpp:/root/ros_ws/src/Rescue_Car_ws/install/rosidl_typesupport_microxrcedds_c:/root/ros_ws/src/Rescue_Car_ws/install/microxrcedds_client:/root/ros_ws/src/Rescue_Car_ws/install/microcdr:/root/ros_ws/src/Rescue_Car_ws/install/micro_ros_msgs:/root/ros_ws/src/Rescue_Car_ws/install/builtin_interfaces:/root/ros_ws/src/Rescue_Car_ws/install/micro_ros_demos_rclc:/root/ros_ws/src/Rescue_Car_ws/install/common_interfaces:/root/ros_ws/src/Rescue_Car_ws/install/visualization_msgs:/root/ros_ws/src/Rescue_Car_ws/install/test_msgs:/root/ros_ws/src/Rescue_Car_ws/install/example_interfaces:/root/ros_ws/src/Rescue_Car_ws/install/action_msgs:/root/ros_ws/src/Rescue_Car_ws/install/unique_identifier_msgs:/root/ros_ws/src/Rescue_Car_ws/install/trajectory_msgs:/root/ros_ws/src/Rescue_Car_ws/install/stereo_msgs:/root/ros_ws/src/Rescue_Car_ws/install/std_srvs:/root/ros_ws/src/Rescue_Car_ws/install/shape_msgs:/root/ros_ws/src/Rescue_Car_ws/install/sensor_msgs:/root/ros_ws/src/Rescue_Car_ws/install/nav_msgs:/root/ros_ws/src/Rescue_Car_ws/install/diagnostic_msgs:/root/ros_ws/src/Rescue_Car_ws/install/geometry_msgs:/root/ros_ws/src/Rescue_Car_ws/install/actionlib_msgs:/root/ros_ws/src/Rescue_Car_ws/install/std_msgs:/root/ros_ws/src/Rescue_Car_ws/install/statistics_msgs:/root/ros_ws/src/Rescue_Car_ws/install/rosidl_typesupport_microxrcedds_test_msg:/root/ros_ws/src/Rescue_Car_ws/install/rosidl_typesupport_microxrcedds_cpp_tests:/root/ros_ws/src/Rescue_Car_ws/install/rosidl_typesupport_microxrcedds_c_tests:/root/ros_ws/src/Rescue_Car_ws/install/rosgraph_msgs:/root/ros_ws/src/Rescue_Car_ws/install/rclc_parameter:/root/ros_ws/src/Rescue_Car_ws/install/rclc:/root/ros_ws/src/Rescue_Car_ws/install/composition_interfaces:/root/ros_ws/src/Rescue_Car_ws/install/rcl_interfaces:/root/ros_ws/src/Rescue_Car_ws/install/micro_ros_utilities:/root/ros_ws/src/Rescue_Car_ws/install/micro_ros_setup:/root/ros_ws/src/Rescue_Car_ws/install/micro_ros_agent:/root/ros_ws/src/Rescue_Car_ws/install/lifecycle_msgs:/root/ros_ws/src/Rescue_Car_ws/install/complex_msgs:/root/ros_ws/src/Rescue_Car_ws/install/car:/root/ros_ws/src/Rescue_Car_ws/install/sensor_msgs_py:/opt/ros/humble LD_LIBRARY_PATH=/root/ros_ws/src/Rescue_Car_ws/install/rmw_microxrcedds/lib:/root/ros_ws/src/Rescue_Car_ws/install/micro_ros_msgs/lib:/root/ros_ws/src/Rescue_Car_ws/install/builtin_interfaces/lib:/root/ros_ws/src/Rescue_Car_ws/install/visualization_msgs/lib:/root/ros_ws/src/Rescue_Car_ws/install/test_msgs/lib:/root/ros_ws/src/Rescue_Car_ws/install/example_interfaces/lib:/root/ros_ws/src/Rescue_Car_ws/install/action_msgs/lib:/root/ros_ws/src/Rescue_Car_ws/install/unique_identifier_msgs/lib:/root/ros_ws/src/Rescue_Car_ws/install/trajectory_msgs/lib:/root/ros_ws/src/Rescue_Car_ws/install/stereo_msgs/lib:/root/ros_ws/src/Rescue_Car_ws/install/std_srvs/lib:/root/ros_ws/src/Rescue_Car_ws/install/shape_msgs/lib:/root/ros_ws/src/Rescue_Car_ws/install/sensor_msgs/lib:/root/ros_ws/src/Rescue_Car_ws/install/nav_msgs/lib:/root/ros_ws/src/Rescue_Car_ws/install/diagnostic_msgs/lib:/root/ros_ws/src/Rescue_Car_ws/install/geometry_msgs/lib:/root/ros_ws/src/Rescue_Car_ws/install/actionlib_msgs/lib:/root/ros_ws/src/Rescue_Car_ws/install/std_msgs/lib:/root/ros_ws/src/Rescue_Car_ws/install/statistics_msgs/lib:/root/ros_ws/src/Rescue_Car_ws/install/rosidl_typesupport_microxrcedds_test_msg/lib:/root/ros_ws/src/Rescue_Car_ws/install/rosidl_typesupport_microxrcedds_cpp/lib:/root/ros_ws/src/Rescue_Car_ws/install/rosidl_typesupport_microxrcedds_c/lib:/root/ros_ws/src/Rescue_Car_ws/install/rosgraph_msgs/lib:/root/ros_ws/src/Rescue_Car_ws/install/rclc_parameter/lib:/root/ros_ws/src/Rescue_Car_ws/install/rclc/lib:/root/ros_ws/src/Rescue_Car_ws/install/composition_interfaces/lib:/root/ros_ws/src/Rescue_Car_ws/install/rcl_interfaces/lib:/root/ros_ws/src/Rescue_Car_ws/install/micro_ros_utilities/lib:/root/ros_ws/src/Rescue_Car_ws/install/micro_ros_agent/lib:/root/ros_ws/src/Rescue_Car_ws/install/lifecycle_msgs/lib:/root/ros_ws/src/Rescue_Car_ws/install/complex_msgs/lib:/usr/lib/x86_64-linux-gnu/gazebo-11/plugins:/opt/ros/humble/opt/rviz_ogre_vendor/lib:/opt/ros/humble/lib/x86_64-linux-gnu:/opt/ros/humble/lib /usr/bin/cmake --install /root/ros_ws/src/Rescue_Car_ws/build/rosidl_typesupport_microxrcedds_test_msg
[3.740s] Level 1:colcon.colcon_core.environment:create_environment_scripts_only(trajectory_msgs)
[3.741s] Level 1:colcon.colcon_core.environment:checking '/root/ros_ws/src/Rescue_Car_ws/install/trajectory_msgs' for CMake module files
[3.742s] DEBUG:colcon.colcon_core.event_handler.log_command:Invoked command in '/root/ros_ws/src/Rescue_Car_ws/build/trajectory_msgs' returned '0': CMAKE_PREFIX_PATH=/root/ros_ws/src/Rescue_Car_ws/install/geometry_msgs:/root/ros_ws/src/Rescue_Car_ws/install/std_msgs:/root/ros_ws/src/Rescue_Car_ws/install/builtin_interfaces:/root/ros_ws/src/Rescue_Car_ws/install/micro_ros_demos_rclc:/root/ros_ws/src/Rescue_Car_ws/install/common_interfaces:/root/ros_ws/src/Rescue_Car_ws/install/visualization_msgs:/root/ros_ws/src/Rescue_Car_ws/install/test_msgs:/root/ros_ws/src/Rescue_Car_ws/install/example_interfaces:/root/ros_ws/src/Rescue_Car_ws/install/action_msgs:/root/ros_ws/src/Rescue_Car_ws/install/unique_identifier_msgs:/root/ros_ws/src/Rescue_Car_ws/install/trajectory_msgs:/root/ros_ws/src/Rescue_Car_ws/install/stereo_msgs:/root/ros_ws/src/Rescue_Car_ws/install/std_srvs:/root/ros_ws/src/Rescue_Car_ws/install/shape_msgs:/root/ros_ws/src/Rescue_Car_ws/install/sensor_msgs:/root/ros_ws/src/Rescue_Car_ws/install/nav_msgs:/root/ros_ws/src/Rescue_Car_ws/install/diagnostic_msgs:/root/ros_ws/src/Rescue_Car_ws/install/actionlib_msgs:/root/ros_ws/src/Rescue_Car_ws/install/statistics_msgs:/root/ros_ws/src/Rescue_Car_ws/install/rosidl_typesupport_microxrcedds_test_msg:/root/ros_ws/src/Rescue_Car_ws/install/rosidl_typesupport_microxrcedds_cpp_tests:/root/ros_ws/src/Rescue_Car_ws/install/rmw_microxrcedds:/root/ros_ws/src/Rescue_Car_ws/install/rosidl_typesupport_microxrcedds_cpp:/root/ros_ws/src/Rescue_Car_ws/install/rosidl_typesupport_microxrcedds_c_tests:/root/ros_ws/src/Rescue_Car_ws/install/rosidl_typesupport_microxrcedds_c:/root/ros_ws/src/Rescue_Car_ws/install/rosgraph_msgs:/root/ros_ws/src/Rescue_Car_ws/install/rclc_parameter:/root/ros_ws/src/Rescue_Car_ws/install/rclc:/root/ros_ws/src/Rescue_Car_ws/install/composition_interfaces:/root/ros_ws/src/Rescue_Car_ws/install/rcl_interfaces:/root/ros_ws/src/Rescue_Car_ws/install/microxrcedds_client:/root/ros_ws/src/Rescue_Car_ws/install/microcdr:/root/ros_ws/src/Rescue_Car_ws/install/micro_ros_utilities:/root/ros_ws/src/Rescue_Car_ws/install/micro_ros_setup:/root/ros_ws/src/Rescue_Car_ws/install/micro_ros_agent:/root/ros_ws/src/Rescue_Car_ws/install/micro_ros_msgs:/root/ros_ws/src/Rescue_Car_ws/install/lifecycle_msgs:/root/ros_ws/src/Rescue_Car_ws/install/complex_msgs:/root/ros_ws/src/Rescue_Car_ws/install/car:/root/ros_ws/src/Rescue_Car_ws/install/sensor_msgs_py:/opt/ros/humble LD_LIBRARY_PATH=/root/ros_ws/src/Rescue_Car_ws/install/geometry_msgs/lib:/root/ros_ws/src/Rescue_Car_ws/install/std_msgs/lib:/root/ros_ws/src/Rescue_Car_ws/install/builtin_interfaces/lib:/root/ros_ws/src/Rescue_Car_ws/install/visualization_msgs/lib:/root/ros_ws/src/Rescue_Car_ws/install/test_msgs/lib:/root/ros_ws/src/Rescue_Car_ws/install/example_interfaces/lib:/root/ros_ws/src/Rescue_Car_ws/install/action_msgs/lib:/root/ros_ws/src/Rescue_Car_ws/install/unique_identifier_msgs/lib:/root/ros_ws/src/Rescue_Car_ws/install/trajectory_msgs/lib:/root/ros_ws/src/Rescue_Car_ws/install/stereo_msgs/lib:/root/ros_ws/src/Rescue_Car_ws/install/std_srvs/lib:/root/ros_ws/src/Rescue_Car_ws/install/shape_msgs/lib:/root/ros_ws/src/Rescue_Car_ws/install/sensor_msgs/lib:/root/ros_ws/src/Rescue_Car_ws/install/nav_msgs/lib:/root/ros_ws/src/Rescue_Car_ws/install/diagnostic_msgs/lib:/root/ros_ws/src/Rescue_Car_ws/install/actionlib_msgs/lib:/root/ros_ws/src/Rescue_Car_ws/install/statistics_msgs/lib:/root/ros_ws/src/Rescue_Car_ws/install/rosidl_typesupport_microxrcedds_test_msg/lib:/root/ros_ws/src/Rescue_Car_ws/install/rmw_microxrcedds/lib:/root/ros_ws/src/Rescue_Car_ws/install/rosidl_typesupport_microxrcedds_cpp/lib:/root/ros_ws/src/Rescue_Car_ws/install/rosidl_typesupport_microxrcedds_c/lib:/root/ros_ws/src/Rescue_Car_ws/install/rosgraph_msgs/lib:/root/ros_ws/src/Rescue_Car_ws/install/rclc_parameter/lib:/root/ros_ws/src/Rescue_Car_ws/install/rclc/lib:/root/ros_ws/src/Rescue_Car_ws/install/composition_interfaces/lib:/root/ros_ws/src/Rescue_Car_ws/install/rcl_interfaces/lib:/root/ros_ws/src/Rescue_Car_ws/install/micro_ros_utilities/lib:/root/ros_ws/src/Rescue_Car_ws/install/micro_ros_agent/lib:/root/ros_ws/src/Rescue_Car_ws/install/micro_ros_msgs/lib:/root/ros_ws/src/Rescue_Car_ws/install/lifecycle_msgs/lib:/root/ros_ws/src/Rescue_Car_ws/install/complex_msgs/lib:/usr/lib/x86_64-linux-gnu/gazebo-11/plugins:/opt/ros/humble/opt/rviz_ogre_vendor/lib:/opt/ros/humble/lib/x86_64-linux-gnu:/opt/ros/humble/lib /usr/bin/cmake --install /root/ros_ws/src/Rescue_Car_ws/build/trajectory_msgs
[3.743s] Level 1:colcon.colcon_core.environment:checking '/root/ros_ws/src/Rescue_Car_ws/install/trajectory_msgs' for CMake config files
[3.743s] Level 1:colcon.colcon_core.shell:create_environment_hook('trajectory_msgs', 'cmake_prefix_path')
[3.744s] INFO:colcon.colcon_core.shell:Creating environment hook '/root/ros_ws/src/Rescue_Car_ws/install/trajectory_msgs/share/trajectory_msgs/hook/cmake_prefix_path.ps1'
[3.744s] INFO:colcon.colcon_core.shell:Creating environment descriptor '/root/ros_ws/src/Rescue_Car_ws/install/trajectory_msgs/share/trajectory_msgs/hook/cmake_prefix_path.dsv'
[3.745s] INFO:colcon.colcon_core.shell:Creating environment hook '/root/ros_ws/src/Rescue_Car_ws/install/trajectory_msgs/share/trajectory_msgs/hook/cmake_prefix_path.sh'
[3.746s] Level 1:colcon.colcon_core.environment:checking '/root/ros_ws/src/Rescue_Car_ws/install/trajectory_msgs/lib'
[3.746s] Level 1:colcon.colcon_core.shell:create_environment_hook('trajectory_msgs', 'ld_library_path_lib')
[3.747s] INFO:colcon.colcon_core.shell:Creating environment hook '/root/ros_ws/src/Rescue_Car_ws/install/trajectory_msgs/share/trajectory_msgs/hook/ld_library_path_lib.ps1'
[3.747s] INFO:colcon.colcon_core.shell:Creating environment descriptor '/root/ros_ws/src/Rescue_Car_ws/install/trajectory_msgs/share/trajectory_msgs/hook/ld_library_path_lib.dsv'
[3.748s] INFO:colcon.colcon_core.shell:Creating environment hook '/root/ros_ws/src/Rescue_Car_ws/install/trajectory_msgs/share/trajectory_msgs/hook/ld_library_path_lib.sh'
[3.750s] Level 1:colcon.colcon_core.environment:checking '/root/ros_ws/src/Rescue_Car_ws/install/trajectory_msgs/bin'
[3.750s] Level 1:colcon.colcon_core.environment:checking '/root/ros_ws/src/Rescue_Car_ws/install/trajectory_msgs/lib/pkgconfig/trajectory_msgs.pc'
[3.750s] Level 1:colcon.colcon_core.environment:checking '/root/ros_ws/src/Rescue_Car_ws/install/trajectory_msgs/lib/python3.10/site-packages'
[3.751s] Level 1:colcon.colcon_core.environment:checking '/root/ros_ws/src/Rescue_Car_ws/install/trajectory_msgs/bin'
[3.751s] INFO:colcon.colcon_core.shell:Creating package script '/root/ros_ws/src/Rescue_Car_ws/install/trajectory_msgs/share/trajectory_msgs/package.ps1'
[3.754s] INFO:colcon.colcon_core.shell:Creating package descriptor '/root/ros_ws/src/Rescue_Car_ws/install/trajectory_msgs/share/trajectory_msgs/package.dsv'
[3.758s] INFO:colcon.colcon_core.shell:Creating package script '/root/ros_ws/src/Rescue_Car_ws/install/trajectory_msgs/share/trajectory_msgs/package.sh'
[3.759s] INFO:colcon.colcon_core.shell:Creating package script '/root/ros_ws/src/Rescue_Car_ws/install/trajectory_msgs/share/trajectory_msgs/package.bash'
[3.760s] INFO:colcon.colcon_core.shell:Creating package script '/root/ros_ws/src/Rescue_Car_ws/install/trajectory_msgs/share/trajectory_msgs/package.zsh'
[3.763s] Level 1:colcon.colcon_core.environment:create_file_with_runtime_dependencies(/root/ros_ws/src/Rescue_Car_ws/install/trajectory_msgs/share/colcon-core/packages/trajectory_msgs)
[3.765s] Level 1:colcon.colcon_core.environment:create_environment_scripts_only(trajectory_msgs)
[3.765s] Level 1:colcon.colcon_core.environment:checking '/root/ros_ws/src/Rescue_Car_ws/install/trajectory_msgs' for CMake module files
[3.766s] Level 1:colcon.colcon_core.environment:checking '/root/ros_ws/src/Rescue_Car_ws/install/trajectory_msgs' for CMake config files
[3.766s] Level 1:colcon.colcon_core.shell:create_environment_hook('trajectory_msgs', 'cmake_prefix_path')
[3.766s] INFO:colcon.colcon_core.shell:Creating environment hook '/root/ros_ws/src/Rescue_Car_ws/install/trajectory_msgs/share/trajectory_msgs/hook/cmake_prefix_path.ps1'
[3.767s] INFO:colcon.colcon_core.shell:Creating environment descriptor '/root/ros_ws/src/Rescue_Car_ws/install/trajectory_msgs/share/trajectory_msgs/hook/cmake_prefix_path.dsv'
[3.767s] INFO:colcon.colcon_core.shell:Creating environment hook '/root/ros_ws/src/Rescue_Car_ws/install/trajectory_msgs/share/trajectory_msgs/hook/cmake_prefix_path.sh'
[3.767s] Level 1:colcon.colcon_core.environment:checking '/root/ros_ws/src/Rescue_Car_ws/install/trajectory_msgs/lib'
[3.767s] Level 1:colcon.colcon_core.shell:create_environment_hook('trajectory_msgs', 'ld_library_path_lib')
[3.768s] INFO:colcon.colcon_core.shell:Creating environment hook '/root/ros_ws/src/Rescue_Car_ws/install/trajectory_msgs/share/trajectory_msgs/hook/ld_library_path_lib.ps1'
[3.768s] INFO:colcon.colcon_core.shell:Creating environment descriptor '/root/ros_ws/src/Rescue_Car_ws/install/trajectory_msgs/share/trajectory_msgs/hook/ld_library_path_lib.dsv'
[3.768s] INFO:colcon.colcon_core.shell:Creating environment hook '/root/ros_ws/src/Rescue_Car_ws/install/trajectory_msgs/share/trajectory_msgs/hook/ld_library_path_lib.sh'
[3.768s] Level 1:colcon.colcon_core.environment:checking '/root/ros_ws/src/Rescue_Car_ws/install/trajectory_msgs/bin'
[3.768s] Level 1:colcon.colcon_core.environment:checking '/root/ros_ws/src/Rescue_Car_ws/install/trajectory_msgs/lib/pkgconfig/trajectory_msgs.pc'
[3.769s] Level 1:colcon.colcon_core.environment:checking '/root/ros_ws/src/Rescue_Car_ws/install/trajectory_msgs/lib/python3.10/site-packages'
[3.769s] Level 1:colcon.colcon_core.environment:checking '/root/ros_ws/src/Rescue_Car_ws/install/trajectory_msgs/bin'
[3.769s] INFO:colcon.colcon_core.shell:Creating package script '/root/ros_ws/src/Rescue_Car_ws/install/trajectory_msgs/share/trajectory_msgs/package.ps1'
[3.769s] INFO:colcon.colcon_core.shell:Creating package descriptor '/root/ros_ws/src/Rescue_Car_ws/install/trajectory_msgs/share/trajectory_msgs/package.dsv'
[3.769s] INFO:colcon.colcon_core.shell:Creating package script '/root/ros_ws/src/Rescue_Car_ws/install/trajectory_msgs/share/trajectory_msgs/package.sh'
[3.770s] INFO:colcon.colcon_core.shell:Creating package script '/root/ros_ws/src/Rescue_Car_ws/install/trajectory_msgs/share/trajectory_msgs/package.bash'
[3.770s] INFO:colcon.colcon_core.shell:Creating package script '/root/ros_ws/src/Rescue_Car_ws/install/trajectory_msgs/share/trajectory_msgs/package.zsh'
[3.770s] Level 1:colcon.colcon_core.environment:create_file_with_runtime_dependencies(/root/ros_ws/src/Rescue_Car_ws/install/trajectory_msgs/share/colcon-core/packages/trajectory_msgs)
[3.772s] Level 1:colcon.colcon_core.environment:create_environment_scripts_only(rosidl_typesupport_microxrcedds_test_msg)
[3.772s] Level 1:colcon.colcon_core.environment:checking '/root/ros_ws/src/Rescue_Car_ws/install/rosidl_typesupport_microxrcedds_test_msg' for CMake module files
[3.773s] DEBUG:colcon.colcon_core.event_handler.log_command:Invoked command in '/root/ros_ws/src/Rescue_Car_ws/build/rosidl_typesupport_microxrcedds_test_msg' returned '0': CMAKE_PREFIX_PATH=/root/ros_ws/src/Rescue_Car_ws/install/rmw_microxrcedds:/root/ros_ws/src/Rescue_Car_ws/install/rosidl_typesupport_microxrcedds_cpp:/root/ros_ws/src/Rescue_Car_ws/install/rosidl_typesupport_microxrcedds_c:/root/ros_ws/src/Rescue_Car_ws/install/microxrcedds_client:/root/ros_ws/src/Rescue_Car_ws/install/microcdr:/root/ros_ws/src/Rescue_Car_ws/install/micro_ros_msgs:/root/ros_ws/src/Rescue_Car_ws/install/builtin_interfaces:/root/ros_ws/src/Rescue_Car_ws/install/micro_ros_demos_rclc:/root/ros_ws/src/Rescue_Car_ws/install/common_interfaces:/root/ros_ws/src/Rescue_Car_ws/install/visualization_msgs:/root/ros_ws/src/Rescue_Car_ws/install/test_msgs:/root/ros_ws/src/Rescue_Car_ws/install/example_interfaces:/root/ros_ws/src/Rescue_Car_ws/install/action_msgs:/root/ros_ws/src/Rescue_Car_ws/install/unique_identifier_msgs:/root/ros_ws/src/Rescue_Car_ws/install/trajectory_msgs:/root/ros_ws/src/Rescue_Car_ws/install/stereo_msgs:/root/ros_ws/src/Rescue_Car_ws/install/std_srvs:/root/ros_ws/src/Rescue_Car_ws/install/shape_msgs:/root/ros_ws/src/Rescue_Car_ws/install/sensor_msgs:/root/ros_ws/src/Rescue_Car_ws/install/nav_msgs:/root/ros_ws/src/Rescue_Car_ws/install/diagnostic_msgs:/root/ros_ws/src/Rescue_Car_ws/install/geometry_msgs:/root/ros_ws/src/Rescue_Car_ws/install/actionlib_msgs:/root/ros_ws/src/Rescue_Car_ws/install/std_msgs:/root/ros_ws/src/Rescue_Car_ws/install/statistics_msgs:/root/ros_ws/src/Rescue_Car_ws/install/rosidl_typesupport_microxrcedds_test_msg:/root/ros_ws/src/Rescue_Car_ws/install/rosidl_typesupport_microxrcedds_cpp_tests:/root/ros_ws/src/Rescue_Car_ws/install/rosidl_typesupport_microxrcedds_c_tests:/root/ros_ws/src/Rescue_Car_ws/install/rosgraph_msgs:/root/ros_ws/src/Rescue_Car_ws/install/rclc_parameter:/root/ros_ws/src/Rescue_Car_ws/install/rclc:/root/ros_ws/src/Rescue_Car_ws/install/composition_interfaces:/root/ros_ws/src/Rescue_Car_ws/install/rcl_interfaces:/root/ros_ws/src/Rescue_Car_ws/install/micro_ros_utilities:/root/ros_ws/src/Rescue_Car_ws/install/micro_ros_setup:/root/ros_ws/src/Rescue_Car_ws/install/micro_ros_agent:/root/ros_ws/src/Rescue_Car_ws/install/lifecycle_msgs:/root/ros_ws/src/Rescue_Car_ws/install/complex_msgs:/root/ros_ws/src/Rescue_Car_ws/install/car:/root/ros_ws/src/Rescue_Car_ws/install/sensor_msgs_py:/opt/ros/humble LD_LIBRARY_PATH=/root/ros_ws/src/Rescue_Car_ws/install/rmw_microxrcedds/lib:/root/ros_ws/src/Rescue_Car_ws/install/micro_ros_msgs/lib:/root/ros_ws/src/Rescue_Car_ws/install/builtin_interfaces/lib:/root/ros_ws/src/Rescue_Car_ws/install/visualization_msgs/lib:/root/ros_ws/src/Rescue_Car_ws/install/test_msgs/lib:/root/ros_ws/src/Rescue_Car_ws/install/example_interfaces/lib:/root/ros_ws/src/Rescue_Car_ws/install/action_msgs/lib:/root/ros_ws/src/Rescue_Car_ws/install/unique_identifier_msgs/lib:/root/ros_ws/src/Rescue_Car_ws/install/trajectory_msgs/lib:/root/ros_ws/src/Rescue_Car_ws/install/stereo_msgs/lib:/root/ros_ws/src/Rescue_Car_ws/install/std_srvs/lib:/root/ros_ws/src/Rescue_Car_ws/install/shape_msgs/lib:/root/ros_ws/src/Rescue_Car_ws/install/sensor_msgs/lib:/root/ros_ws/src/Rescue_Car_ws/install/nav_msgs/lib:/root/ros_ws/src/Rescue_Car_ws/install/diagnostic_msgs/lib:/root/ros_ws/src/Rescue_Car_ws/install/geometry_msgs/lib:/root/ros_ws/src/Rescue_Car_ws/install/actionlib_msgs/lib:/root/ros_ws/src/Rescue_Car_ws/install/std_msgs/lib:/root/ros_ws/src/Rescue_Car_ws/install/statistics_msgs/lib:/root/ros_ws/src/Rescue_Car_ws/install/rosidl_typesupport_microxrcedds_test_msg/lib:/root/ros_ws/src/Rescue_Car_ws/install/rosidl_typesupport_microxrcedds_cpp/lib:/root/ros_ws/src/Rescue_Car_ws/install/rosidl_typesupport_microxrcedds_c/lib:/root/ros_ws/src/Rescue_Car_ws/install/rosgraph_msgs/lib:/root/ros_ws/src/Rescue_Car_ws/install/rclc_parameter/lib:/root/ros_ws/src/Rescue_Car_ws/install/rclc/lib:/root/ros_ws/src/Rescue_Car_ws/install/composition_interfaces/lib:/root/ros_ws/src/Rescue_Car_ws/install/rcl_interfaces/lib:/root/ros_ws/src/Rescue_Car_ws/install/micro_ros_utilities/lib:/root/ros_ws/src/Rescue_Car_ws/install/micro_ros_agent/lib:/root/ros_ws/src/Rescue_Car_ws/install/lifecycle_msgs/lib:/root/ros_ws/src/Rescue_Car_ws/install/complex_msgs/lib:/usr/lib/x86_64-linux-gnu/gazebo-11/plugins:/opt/ros/humble/opt/rviz_ogre_vendor/lib:/opt/ros/humble/lib/x86_64-linux-gnu:/opt/ros/humble/lib /usr/bin/cmake --install /root/ros_ws/src/Rescue_Car_ws/build/rosidl_typesupport_microxrcedds_test_msg
[3.773s] Level 1:colcon.colcon_core.environment:checking '/root/ros_ws/src/Rescue_Car_ws/install/rosidl_typesupport_microxrcedds_test_msg' for CMake config files
[3.774s] Level 1:colcon.colcon_core.shell:create_environment_hook('rosidl_typesupport_microxrcedds_test_msg', 'cmake_prefix_path')
[3.774s] INFO:colcon.colcon_core.shell:Creating environment hook '/root/ros_ws/src/Rescue_Car_ws/install/rosidl_typesupport_microxrcedds_test_msg/share/rosidl_typesupport_microxrcedds_test_msg/hook/cmake_prefix_path.ps1'
[3.775s] INFO:colcon.colcon_core.shell:Creating environment descriptor '/root/ros_ws/src/Rescue_Car_ws/install/rosidl_typesupport_microxrcedds_test_msg/share/rosidl_typesupport_microxrcedds_test_msg/hook/cmake_prefix_path.dsv'
[3.775s] INFO:colcon.colcon_core.shell:Creating environment hook '/root/ros_ws/src/Rescue_Car_ws/install/rosidl_typesupport_microxrcedds_test_msg/share/rosidl_typesupport_microxrcedds_test_msg/hook/cmake_prefix_path.sh'
[3.775s] Level 1:colcon.colcon_core.environment:checking '/root/ros_ws/src/Rescue_Car_ws/install/rosidl_typesupport_microxrcedds_test_msg/lib'
[3.775s] Level 1:colcon.colcon_core.shell:create_environment_hook('rosidl_typesupport_microxrcedds_test_msg', 'ld_library_path_lib')
[3.776s] INFO:colcon.colcon_core.shell:Creating environment hook '/root/ros_ws/src/Rescue_Car_ws/install/rosidl_typesupport_microxrcedds_test_msg/share/rosidl_typesupport_microxrcedds_test_msg/hook/ld_library_path_lib.ps1'
[3.776s] INFO:colcon.colcon_core.shell:Creating environment descriptor '/root/ros_ws/src/Rescue_Car_ws/install/rosidl_typesupport_microxrcedds_test_msg/share/rosidl_typesupport_microxrcedds_test_msg/hook/ld_library_path_lib.dsv'
[3.776s] INFO:colcon.colcon_core.shell:Creating environment hook '/root/ros_ws/src/Rescue_Car_ws/install/rosidl_typesupport_microxrcedds_test_msg/share/rosidl_typesupport_microxrcedds_test_msg/hook/ld_library_path_lib.sh'
[3.777s] Level 1:colcon.colcon_core.environment:checking '/root/ros_ws/src/Rescue_Car_ws/install/rosidl_typesupport_microxrcedds_test_msg/bin'
[3.777s] Level 1:colcon.colcon_core.environment:checking '/root/ros_ws/src/Rescue_Car_ws/install/rosidl_typesupport_microxrcedds_test_msg/lib/pkgconfig/rosidl_typesupport_microxrcedds_test_msg.pc'
[3.777s] Level 1:colcon.colcon_core.environment:checking '/root/ros_ws/src/Rescue_Car_ws/install/rosidl_typesupport_microxrcedds_test_msg/lib/python3.10/site-packages'
[3.777s] Level 1:colcon.colcon_core.environment:checking '/root/ros_ws/src/Rescue_Car_ws/install/rosidl_typesupport_microxrcedds_test_msg/bin'
[3.777s] INFO:colcon.colcon_core.shell:Creating package script '/root/ros_ws/src/Rescue_Car_ws/install/rosidl_typesupport_microxrcedds_test_msg/share/rosidl_typesupport_microxrcedds_test_msg/package.ps1'
[3.778s] INFO:colcon.colcon_core.shell:Creating package descriptor '/root/ros_ws/src/Rescue_Car_ws/install/rosidl_typesupport_microxrcedds_test_msg/share/rosidl_typesupport_microxrcedds_test_msg/package.dsv'
[3.778s] INFO:colcon.colcon_core.shell:Creating package script '/root/ros_ws/src/Rescue_Car_ws/install/rosidl_typesupport_microxrcedds_test_msg/share/rosidl_typesupport_microxrcedds_test_msg/package.sh'
[3.778s] INFO:colcon.colcon_core.shell:Creating package script '/root/ros_ws/src/Rescue_Car_ws/install/rosidl_typesupport_microxrcedds_test_msg/share/rosidl_typesupport_microxrcedds_test_msg/package.bash'
[3.778s] INFO:colcon.colcon_core.shell:Creating package script '/root/ros_ws/src/Rescue_Car_ws/install/rosidl_typesupport_microxrcedds_test_msg/share/rosidl_typesupport_microxrcedds_test_msg/package.zsh'
[3.778s] Level 1:colcon.colcon_core.environment:create_file_with_runtime_dependencies(/root/ros_ws/src/Rescue_Car_ws/install/rosidl_typesupport_microxrcedds_test_msg/share/colcon-core/packages/rosidl_typesupport_microxrcedds_test_msg)
[3.779s] Level 1:colcon.colcon_core.environment:create_environment_scripts_only(rosidl_typesupport_microxrcedds_test_msg)
[3.779s] Level 1:colcon.colcon_core.environment:checking '/root/ros_ws/src/Rescue_Car_ws/install/rosidl_typesupport_microxrcedds_test_msg' for CMake module files
[3.779s] Level 1:colcon.colcon_core.environment:checking '/root/ros_ws/src/Rescue_Car_ws/install/rosidl_typesupport_microxrcedds_test_msg' for CMake config files
[3.780s] Level 1:colcon.colcon_core.shell:create_environment_hook('rosidl_typesupport_microxrcedds_test_msg', 'cmake_prefix_path')
[3.780s] INFO:colcon.colcon_core.shell:Creating environment hook '/root/ros_ws/src/Rescue_Car_ws/install/rosidl_typesupport_microxrcedds_test_msg/share/rosidl_typesupport_microxrcedds_test_msg/hook/cmake_prefix_path.ps1'
[3.780s] INFO:colcon.colcon_core.shell:Creating environment descriptor '/root/ros_ws/src/Rescue_Car_ws/install/rosidl_typesupport_microxrcedds_test_msg/share/rosidl_typesupport_microxrcedds_test_msg/hook/cmake_prefix_path.dsv'
[3.781s] INFO:colcon.colcon_core.shell:Creating environment hook '/root/ros_ws/src/Rescue_Car_ws/install/rosidl_typesupport_microxrcedds_test_msg/share/rosidl_typesupport_microxrcedds_test_msg/hook/cmake_prefix_path.sh'
[3.781s] Level 1:colcon.colcon_core.environment:checking '/root/ros_ws/src/Rescue_Car_ws/install/rosidl_typesupport_microxrcedds_test_msg/lib'
[3.781s] Level 1:colcon.colcon_core.shell:create_environment_hook('rosidl_typesupport_microxrcedds_test_msg', 'ld_library_path_lib')
[3.781s] INFO:colcon.colcon_core.shell:Creating environment hook '/root/ros_ws/src/Rescue_Car_ws/install/rosidl_typesupport_microxrcedds_test_msg/share/rosidl_typesupport_microxrcedds_test_msg/hook/ld_library_path_lib.ps1'
[3.782s] INFO:colcon.colcon_core.shell:Creating environment descriptor '/root/ros_ws/src/Rescue_Car_ws/install/rosidl_typesupport_microxrcedds_test_msg/share/rosidl_typesupport_microxrcedds_test_msg/hook/ld_library_path_lib.dsv'
[3.782s] INFO:colcon.colcon_core.shell:Creating environment hook '/root/ros_ws/src/Rescue_Car_ws/install/rosidl_typesupport_microxrcedds_test_msg/share/rosidl_typesupport_microxrcedds_test_msg/hook/ld_library_path_lib.sh'
[3.782s] Level 1:colcon.colcon_core.environment:checking '/root/ros_ws/src/Rescue_Car_ws/install/rosidl_typesupport_microxrcedds_test_msg/bin'
[3.782s] Level 1:colcon.colcon_core.environment:checking '/root/ros_ws/src/Rescue_Car_ws/install/rosidl_typesupport_microxrcedds_test_msg/lib/pkgconfig/rosidl_typesupport_microxrcedds_test_msg.pc'
[3.782s] Level 1:colcon.colcon_core.environment:checking '/root/ros_ws/src/Rescue_Car_ws/install/rosidl_typesupport_microxrcedds_test_msg/lib/python3.10/site-packages'
[3.783s] Level 1:colcon.colcon_core.environment:checking '/root/ros_ws/src/Rescue_Car_ws/install/rosidl_typesupport_microxrcedds_test_msg/bin'
[3.783s] INFO:colcon.colcon_core.shell:Creating package script '/root/ros_ws/src/Rescue_Car_ws/install/rosidl_typesupport_microxrcedds_test_msg/share/rosidl_typesupport_microxrcedds_test_msg/package.ps1'
[3.783s] INFO:colcon.colcon_core.shell:Creating package descriptor '/root/ros_ws/src/Rescue_Car_ws/install/rosidl_typesupport_microxrcedds_test_msg/share/rosidl_typesupport_microxrcedds_test_msg/package.dsv'
[3.783s] INFO:colcon.colcon_core.shell:Creating package script '/root/ros_ws/src/Rescue_Car_ws/install/rosidl_typesupport_microxrcedds_test_msg/share/rosidl_typesupport_microxrcedds_test_msg/package.sh'
[3.784s] INFO:colcon.colcon_core.shell:Creating package script '/root/ros_ws/src/Rescue_Car_ws/install/rosidl_typesupport_microxrcedds_test_msg/share/rosidl_typesupport_microxrcedds_test_msg/package.bash'
[3.784s] INFO:colcon.colcon_core.shell:Creating package script '/root/ros_ws/src/Rescue_Car_ws/install/rosidl_typesupport_microxrcedds_test_msg/share/rosidl_typesupport_microxrcedds_test_msg/package.zsh'
[3.785s] Level 1:colcon.colcon_core.environment:create_file_with_runtime_dependencies(/root/ros_ws/src/Rescue_Car_ws/install/rosidl_typesupport_microxrcedds_test_msg/share/colcon-core/packages/rosidl_typesupport_microxrcedds_test_msg)
[3.785s] INFO:colcon.colcon_ros.task.ament_cmake.build:Building ROS package in '/root/ros_ws/src/Rescue_Car_ws/src/microros/src/uros/rosidl_typesupport_microxrcedds/test/c' with build type 'ament_cmake'
[3.785s] INFO:colcon.colcon_cmake.task.cmake.build:Building CMake package in '/root/ros_ws/src/Rescue_Car_ws/src/microros/src/uros/rosidl_typesupport_microxrcedds/test/c'
[3.786s] INFO:colcon.colcon_core.shell:Skip shell extension 'powershell' for command environment: Not usable outside of PowerShell
[3.786s] DEBUG:colcon.colcon_core.shell:Skip shell extension 'dsv' for command environment
[3.793s] INFO:colcon.colcon_ros.task.ament_cmake.build:Building ROS package in '/root/ros_ws/src/Rescue_Car_ws/src/microros/src/uros/rosidl_typesupport_microxrcedds/test/cpp' with build type 'ament_cmake'
[3.793s] INFO:colcon.colcon_cmake.task.cmake.build:Building CMake package in '/root/ros_ws/src/Rescue_Car_ws/src/microros/src/uros/rosidl_typesupport_microxrcedds/test/cpp'
[3.793s] INFO:colcon.colcon_core.shell:Skip shell extension 'powershell' for command environment: Not usable outside of PowerShell
[3.794s] DEBUG:colcon.colcon_core.shell:Skip shell extension 'dsv' for command environment
[3.799s] DEBUG:colcon.colcon_core.event_handler.log_command:Invoked command in '/root/ros_ws/src/Rescue_Car_ws/build/rclc' returned '0': CMAKE_PREFIX_PATH=/root/ros_ws/src/Rescue_Car_ws/install/test_msgs:/root/ros_ws/src/Rescue_Car_ws/install/example_interfaces:/root/ros_ws/src/Rescue_Car_ws/install/std_msgs:/root/ros_ws/src/Rescue_Car_ws/install/action_msgs:/root/ros_ws/src/Rescue_Car_ws/install/unique_identifier_msgs:/root/ros_ws/src/Rescue_Car_ws/install/builtin_interfaces:/root/ros_ws/src/Rescue_Car_ws/install/micro_ros_demos_rclc:/root/ros_ws/src/Rescue_Car_ws/install/common_interfaces:/root/ros_ws/src/Rescue_Car_ws/install/visualization_msgs:/root/ros_ws/src/Rescue_Car_ws/install/trajectory_msgs:/root/ros_ws/src/Rescue_Car_ws/install/stereo_msgs:/root/ros_ws/src/Rescue_Car_ws/install/std_srvs:/root/ros_ws/src/Rescue_Car_ws/install/shape_msgs:/root/ros_ws/src/Rescue_Car_ws/install/sensor_msgs:/root/ros_ws/src/Rescue_Car_ws/install/nav_msgs:/root/ros_ws/src/Rescue_Car_ws/install/diagnostic_msgs:/root/ros_ws/src/Rescue_Car_ws/install/geometry_msgs:/root/ros_ws/src/Rescue_Car_ws/install/actionlib_msgs:/root/ros_ws/src/Rescue_Car_ws/install/statistics_msgs:/root/ros_ws/src/Rescue_Car_ws/install/rosidl_typesupport_microxrcedds_test_msg:/root/ros_ws/src/Rescue_Car_ws/install/rosidl_typesupport_microxrcedds_cpp_tests:/root/ros_ws/src/Rescue_Car_ws/install/rmw_microxrcedds:/root/ros_ws/src/Rescue_Car_ws/install/rosidl_typesupport_microxrcedds_cpp:/root/ros_ws/src/Rescue_Car_ws/install/rosidl_typesupport_microxrcedds_c_tests:/root/ros_ws/src/Rescue_Car_ws/install/rosidl_typesupport_microxrcedds_c:/root/ros_ws/src/Rescue_Car_ws/install/rosgraph_msgs:/root/ros_ws/src/Rescue_Car_ws/install/rclc_parameter:/root/ros_ws/src/Rescue_Car_ws/install/rclc:/root/ros_ws/src/Rescue_Car_ws/install/composition_interfaces:/root/ros_ws/src/Rescue_Car_ws/install/rcl_interfaces:/root/ros_ws/src/Rescue_Car_ws/install/microxrcedds_client:/root/ros_ws/src/Rescue_Car_ws/install/microcdr:/root/ros_ws/src/Rescue_Car_ws/install/micro_ros_utilities:/root/ros_ws/src/Rescue_Car_ws/install/micro_ros_setup:/root/ros_ws/src/Rescue_Car_ws/install/micro_ros_agent:/root/ros_ws/src/Rescue_Car_ws/install/micro_ros_msgs:/root/ros_ws/src/Rescue_Car_ws/install/lifecycle_msgs:/root/ros_ws/src/Rescue_Car_ws/install/complex_msgs:/root/ros_ws/src/Rescue_Car_ws/install/car:/root/ros_ws/src/Rescue_Car_ws/install/sensor_msgs_py:/opt/ros/humble LD_LIBRARY_PATH=/root/ros_ws/src/Rescue_Car_ws/install/test_msgs/lib:/root/ros_ws/src/Rescue_Car_ws/install/example_interfaces/lib:/root/ros_ws/src/Rescue_Car_ws/install/std_msgs/lib:/root/ros_ws/src/Rescue_Car_ws/install/action_msgs/lib:/root/ros_ws/src/Rescue_Car_ws/install/unique_identifier_msgs/lib:/root/ros_ws/src/Rescue_Car_ws/install/builtin_interfaces/lib:/root/ros_ws/src/Rescue_Car_ws/install/visualization_msgs/lib:/root/ros_ws/src/Rescue_Car_ws/install/trajectory_msgs/lib:/root/ros_ws/src/Rescue_Car_ws/install/stereo_msgs/lib:/root/ros_ws/src/Rescue_Car_ws/install/std_srvs/lib:/root/ros_ws/src/Rescue_Car_ws/install/shape_msgs/lib:/root/ros_ws/src/Rescue_Car_ws/install/sensor_msgs/lib:/root/ros_ws/src/Rescue_Car_ws/install/nav_msgs/lib:/root/ros_ws/src/Rescue_Car_ws/install/diagnostic_msgs/lib:/root/ros_ws/src/Rescue_Car_ws/install/geometry_msgs/lib:/root/ros_ws/src/Rescue_Car_ws/install/actionlib_msgs/lib:/root/ros_ws/src/Rescue_Car_ws/install/statistics_msgs/lib:/root/ros_ws/src/Rescue_Car_ws/install/rosidl_typesupport_microxrcedds_test_msg/lib:/root/ros_ws/src/Rescue_Car_ws/install/rmw_microxrcedds/lib:/root/ros_ws/src/Rescue_Car_ws/install/rosidl_typesupport_microxrcedds_cpp/lib:/root/ros_ws/src/Rescue_Car_ws/install/rosidl_typesupport_microxrcedds_c/lib:/root/ros_ws/src/Rescue_Car_ws/install/rosgraph_msgs/lib:/root/ros_ws/src/Rescue_Car_ws/install/rclc_parameter/lib:/root/ros_ws/src/Rescue_Car_ws/install/rclc/lib:/root/ros_ws/src/Rescue_Car_ws/install/composition_interfaces/lib:/root/ros_ws/src/Rescue_Car_ws/install/rcl_interfaces/lib:/root/ros_ws/src/Rescue_Car_ws/install/micro_ros_utilities/lib:/root/ros_ws/src/Rescue_Car_ws/install/micro_ros_agent/lib:/root/ros_ws/src/Rescue_Car_ws/install/micro_ros_msgs/lib:/root/ros_ws/src/Rescue_Car_ws/install/lifecycle_msgs/lib:/root/ros_ws/src/Rescue_Car_ws/install/complex_msgs/lib:/usr/lib/x86_64-linux-gnu/gazebo-11/plugins:/opt/ros/humble/opt/rviz_ogre_vendor/lib:/opt/ros/humble/lib/x86_64-linux-gnu:/opt/ros/humble/lib /usr/bin/cmake --build /root/ros_ws/src/Rescue_Car_ws/build/rclc -- -j20 -l20
[3.802s] DEBUG:colcon.colcon_core.event_handler.log_command:Invoking command in '/root/ros_ws/src/Rescue_Car_ws/build/rclc': CMAKE_PREFIX_PATH=/root/ros_ws/src/Rescue_Car_ws/install/test_msgs:/root/ros_ws/src/Rescue_Car_ws/install/example_interfaces:/root/ros_ws/src/Rescue_Car_ws/install/std_msgs:/root/ros_ws/src/Rescue_Car_ws/install/action_msgs:/root/ros_ws/src/Rescue_Car_ws/install/unique_identifier_msgs:/root/ros_ws/src/Rescue_Car_ws/install/builtin_interfaces:/root/ros_ws/src/Rescue_Car_ws/install/micro_ros_demos_rclc:/root/ros_ws/src/Rescue_Car_ws/install/common_interfaces:/root/ros_ws/src/Rescue_Car_ws/install/visualization_msgs:/root/ros_ws/src/Rescue_Car_ws/install/trajectory_msgs:/root/ros_ws/src/Rescue_Car_ws/install/stereo_msgs:/root/ros_ws/src/Rescue_Car_ws/install/std_srvs:/root/ros_ws/src/Rescue_Car_ws/install/shape_msgs:/root/ros_ws/src/Rescue_Car_ws/install/sensor_msgs:/root/ros_ws/src/Rescue_Car_ws/install/nav_msgs:/root/ros_ws/src/Rescue_Car_ws/install/diagnostic_msgs:/root/ros_ws/src/Rescue_Car_ws/install/geometry_msgs:/root/ros_ws/src/Rescue_Car_ws/install/actionlib_msgs:/root/ros_ws/src/Rescue_Car_ws/install/statistics_msgs:/root/ros_ws/src/Rescue_Car_ws/install/rosidl_typesupport_microxrcedds_test_msg:/root/ros_ws/src/Rescue_Car_ws/install/rosidl_typesupport_microxrcedds_cpp_tests:/root/ros_ws/src/Rescue_Car_ws/install/rmw_microxrcedds:/root/ros_ws/src/Rescue_Car_ws/install/rosidl_typesupport_microxrcedds_cpp:/root/ros_ws/src/Rescue_Car_ws/install/rosidl_typesupport_microxrcedds_c_tests:/root/ros_ws/src/Rescue_Car_ws/install/rosidl_typesupport_microxrcedds_c:/root/ros_ws/src/Rescue_Car_ws/install/rosgraph_msgs:/root/ros_ws/src/Rescue_Car_ws/install/rclc_parameter:/root/ros_ws/src/Rescue_Car_ws/install/rclc:/root/ros_ws/src/Rescue_Car_ws/install/composition_interfaces:/root/ros_ws/src/Rescue_Car_ws/install/rcl_interfaces:/root/ros_ws/src/Rescue_Car_ws/install/microxrcedds_client:/root/ros_ws/src/Rescue_Car_ws/install/microcdr:/root/ros_ws/src/Rescue_Car_ws/install/micro_ros_utilities:/root/ros_ws/src/Rescue_Car_ws/install/micro_ros_setup:/root/ros_ws/src/Rescue_Car_ws/install/micro_ros_agent:/root/ros_ws/src/Rescue_Car_ws/install/micro_ros_msgs:/root/ros_ws/src/Rescue_Car_ws/install/lifecycle_msgs:/root/ros_ws/src/Rescue_Car_ws/install/complex_msgs:/root/ros_ws/src/Rescue_Car_ws/install/car:/root/ros_ws/src/Rescue_Car_ws/install/sensor_msgs_py:/opt/ros/humble LD_LIBRARY_PATH=/root/ros_ws/src/Rescue_Car_ws/install/test_msgs/lib:/root/ros_ws/src/Rescue_Car_ws/install/example_interfaces/lib:/root/ros_ws/src/Rescue_Car_ws/install/std_msgs/lib:/root/ros_ws/src/Rescue_Car_ws/install/action_msgs/lib:/root/ros_ws/src/Rescue_Car_ws/install/unique_identifier_msgs/lib:/root/ros_ws/src/Rescue_Car_ws/install/builtin_interfaces/lib:/root/ros_ws/src/Rescue_Car_ws/install/visualization_msgs/lib:/root/ros_ws/src/Rescue_Car_ws/install/trajectory_msgs/lib:/root/ros_ws/src/Rescue_Car_ws/install/stereo_msgs/lib:/root/ros_ws/src/Rescue_Car_ws/install/std_srvs/lib:/root/ros_ws/src/Rescue_Car_ws/install/shape_msgs/lib:/root/ros_ws/src/Rescue_Car_ws/install/sensor_msgs/lib:/root/ros_ws/src/Rescue_Car_ws/install/nav_msgs/lib:/root/ros_ws/src/Rescue_Car_ws/install/diagnostic_msgs/lib:/root/ros_ws/src/Rescue_Car_ws/install/geometry_msgs/lib:/root/ros_ws/src/Rescue_Car_ws/install/actionlib_msgs/lib:/root/ros_ws/src/Rescue_Car_ws/install/statistics_msgs/lib:/root/ros_ws/src/Rescue_Car_ws/install/rosidl_typesupport_microxrcedds_test_msg/lib:/root/ros_ws/src/Rescue_Car_ws/install/rmw_microxrcedds/lib:/root/ros_ws/src/Rescue_Car_ws/install/rosidl_typesupport_microxrcedds_cpp/lib:/root/ros_ws/src/Rescue_Car_ws/install/rosidl_typesupport_microxrcedds_c/lib:/root/ros_ws/src/Rescue_Car_ws/install/rosgraph_msgs/lib:/root/ros_ws/src/Rescue_Car_ws/install/rclc_parameter/lib:/root/ros_ws/src/Rescue_Car_ws/install/rclc/lib:/root/ros_ws/src/Rescue_Car_ws/install/composition_interfaces/lib:/root/ros_ws/src/Rescue_Car_ws/install/rcl_interfaces/lib:/root/ros_ws/src/Rescue_Car_ws/install/micro_ros_utilities/lib:/root/ros_ws/src/Rescue_Car_ws/install/micro_ros_agent/lib:/root/ros_ws/src/Rescue_Car_ws/install/micro_ros_msgs/lib:/root/ros_ws/src/Rescue_Car_ws/install/lifecycle_msgs/lib:/root/ros_ws/src/Rescue_Car_ws/install/complex_msgs/lib:/usr/lib/x86_64-linux-gnu/gazebo-11/plugins:/opt/ros/humble/opt/rviz_ogre_vendor/lib:/opt/ros/humble/lib/x86_64-linux-gnu:/opt/ros/humble/lib /usr/bin/cmake --install /root/ros_ws/src/Rescue_Car_ws/build/rclc
[3.813s] Level 1:colcon.colcon_core.environment:create_environment_scripts_only(rclc)
[3.813s] Level 1:colcon.colcon_core.environment:checking '/root/ros_ws/src/Rescue_Car_ws/install/rclc' for CMake module files
[3.814s] DEBUG:colcon.colcon_core.event_handler.log_command:Invoked command in '/root/ros_ws/src/Rescue_Car_ws/build/rclc' returned '0': CMAKE_PREFIX_PATH=/root/ros_ws/src/Rescue_Car_ws/install/test_msgs:/root/ros_ws/src/Rescue_Car_ws/install/example_interfaces:/root/ros_ws/src/Rescue_Car_ws/install/std_msgs:/root/ros_ws/src/Rescue_Car_ws/install/action_msgs:/root/ros_ws/src/Rescue_Car_ws/install/unique_identifier_msgs:/root/ros_ws/src/Rescue_Car_ws/install/builtin_interfaces:/root/ros_ws/src/Rescue_Car_ws/install/micro_ros_demos_rclc:/root/ros_ws/src/Rescue_Car_ws/install/common_interfaces:/root/ros_ws/src/Rescue_Car_ws/install/visualization_msgs:/root/ros_ws/src/Rescue_Car_ws/install/trajectory_msgs:/root/ros_ws/src/Rescue_Car_ws/install/stereo_msgs:/root/ros_ws/src/Rescue_Car_ws/install/std_srvs:/root/ros_ws/src/Rescue_Car_ws/install/shape_msgs:/root/ros_ws/src/Rescue_Car_ws/install/sensor_msgs:/root/ros_ws/src/Rescue_Car_ws/install/nav_msgs:/root/ros_ws/src/Rescue_Car_ws/install/diagnostic_msgs:/root/ros_ws/src/Rescue_Car_ws/install/geometry_msgs:/root/ros_ws/src/Rescue_Car_ws/install/actionlib_msgs:/root/ros_ws/src/Rescue_Car_ws/install/statistics_msgs:/root/ros_ws/src/Rescue_Car_ws/install/rosidl_typesupport_microxrcedds_test_msg:/root/ros_ws/src/Rescue_Car_ws/install/rosidl_typesupport_microxrcedds_cpp_tests:/root/ros_ws/src/Rescue_Car_ws/install/rmw_microxrcedds:/root/ros_ws/src/Rescue_Car_ws/install/rosidl_typesupport_microxrcedds_cpp:/root/ros_ws/src/Rescue_Car_ws/install/rosidl_typesupport_microxrcedds_c_tests:/root/ros_ws/src/Rescue_Car_ws/install/rosidl_typesupport_microxrcedds_c:/root/ros_ws/src/Rescue_Car_ws/install/rosgraph_msgs:/root/ros_ws/src/Rescue_Car_ws/install/rclc_parameter:/root/ros_ws/src/Rescue_Car_ws/install/rclc:/root/ros_ws/src/Rescue_Car_ws/install/composition_interfaces:/root/ros_ws/src/Rescue_Car_ws/install/rcl_interfaces:/root/ros_ws/src/Rescue_Car_ws/install/microxrcedds_client:/root/ros_ws/src/Rescue_Car_ws/install/microcdr:/root/ros_ws/src/Rescue_Car_ws/install/micro_ros_utilities:/root/ros_ws/src/Rescue_Car_ws/install/micro_ros_setup:/root/ros_ws/src/Rescue_Car_ws/install/micro_ros_agent:/root/ros_ws/src/Rescue_Car_ws/install/micro_ros_msgs:/root/ros_ws/src/Rescue_Car_ws/install/lifecycle_msgs:/root/ros_ws/src/Rescue_Car_ws/install/complex_msgs:/root/ros_ws/src/Rescue_Car_ws/install/car:/root/ros_ws/src/Rescue_Car_ws/install/sensor_msgs_py:/opt/ros/humble LD_LIBRARY_PATH=/root/ros_ws/src/Rescue_Car_ws/install/test_msgs/lib:/root/ros_ws/src/Rescue_Car_ws/install/example_interfaces/lib:/root/ros_ws/src/Rescue_Car_ws/install/std_msgs/lib:/root/ros_ws/src/Rescue_Car_ws/install/action_msgs/lib:/root/ros_ws/src/Rescue_Car_ws/install/unique_identifier_msgs/lib:/root/ros_ws/src/Rescue_Car_ws/install/builtin_interfaces/lib:/root/ros_ws/src/Rescue_Car_ws/install/visualization_msgs/lib:/root/ros_ws/src/Rescue_Car_ws/install/trajectory_msgs/lib:/root/ros_ws/src/Rescue_Car_ws/install/stereo_msgs/lib:/root/ros_ws/src/Rescue_Car_ws/install/std_srvs/lib:/root/ros_ws/src/Rescue_Car_ws/install/shape_msgs/lib:/root/ros_ws/src/Rescue_Car_ws/install/sensor_msgs/lib:/root/ros_ws/src/Rescue_Car_ws/install/nav_msgs/lib:/root/ros_ws/src/Rescue_Car_ws/install/diagnostic_msgs/lib:/root/ros_ws/src/Rescue_Car_ws/install/geometry_msgs/lib:/root/ros_ws/src/Rescue_Car_ws/install/actionlib_msgs/lib:/root/ros_ws/src/Rescue_Car_ws/install/statistics_msgs/lib:/root/ros_ws/src/Rescue_Car_ws/install/rosidl_typesupport_microxrcedds_test_msg/lib:/root/ros_ws/src/Rescue_Car_ws/install/rmw_microxrcedds/lib:/root/ros_ws/src/Rescue_Car_ws/install/rosidl_typesupport_microxrcedds_cpp/lib:/root/ros_ws/src/Rescue_Car_ws/install/rosidl_typesupport_microxrcedds_c/lib:/root/ros_ws/src/Rescue_Car_ws/install/rosgraph_msgs/lib:/root/ros_ws/src/Rescue_Car_ws/install/rclc_parameter/lib:/root/ros_ws/src/Rescue_Car_ws/install/rclc/lib:/root/ros_ws/src/Rescue_Car_ws/install/composition_interfaces/lib:/root/ros_ws/src/Rescue_Car_ws/install/rcl_interfaces/lib:/root/ros_ws/src/Rescue_Car_ws/install/micro_ros_utilities/lib:/root/ros_ws/src/Rescue_Car_ws/install/micro_ros_agent/lib:/root/ros_ws/src/Rescue_Car_ws/install/micro_ros_msgs/lib:/root/ros_ws/src/Rescue_Car_ws/install/lifecycle_msgs/lib:/root/ros_ws/src/Rescue_Car_ws/install/complex_msgs/lib:/usr/lib/x86_64-linux-gnu/gazebo-11/plugins:/opt/ros/humble/opt/rviz_ogre_vendor/lib:/opt/ros/humble/lib/x86_64-linux-gnu:/opt/ros/humble/lib /usr/bin/cmake --install /root/ros_ws/src/Rescue_Car_ws/build/rclc
[3.814s] Level 1:colcon.colcon_core.environment:checking '/root/ros_ws/src/Rescue_Car_ws/install/rclc' for CMake config files
[3.814s] Level 1:colcon.colcon_core.shell:create_environment_hook('rclc', 'cmake_prefix_path')
[3.815s] INFO:colcon.colcon_core.shell:Creating environment hook '/root/ros_ws/src/Rescue_Car_ws/install/rclc/share/rclc/hook/cmake_prefix_path.ps1'
[3.815s] INFO:colcon.colcon_core.shell:Creating environment descriptor '/root/ros_ws/src/Rescue_Car_ws/install/rclc/share/rclc/hook/cmake_prefix_path.dsv'
[3.815s] INFO:colcon.colcon_core.shell:Creating environment hook '/root/ros_ws/src/Rescue_Car_ws/install/rclc/share/rclc/hook/cmake_prefix_path.sh'
[3.816s] Level 1:colcon.colcon_core.environment:checking '/root/ros_ws/src/Rescue_Car_ws/install/rclc/lib'
[3.816s] Level 1:colcon.colcon_core.shell:create_environment_hook('rclc', 'ld_library_path_lib')
[3.816s] INFO:colcon.colcon_core.shell:Creating environment hook '/root/ros_ws/src/Rescue_Car_ws/install/rclc/share/rclc/hook/ld_library_path_lib.ps1'
[3.816s] INFO:colcon.colcon_core.shell:Creating environment descriptor '/root/ros_ws/src/Rescue_Car_ws/install/rclc/share/rclc/hook/ld_library_path_lib.dsv'
[3.817s] INFO:colcon.colcon_core.shell:Creating environment hook '/root/ros_ws/src/Rescue_Car_ws/install/rclc/share/rclc/hook/ld_library_path_lib.sh'
[3.817s] Level 1:colcon.colcon_core.environment:checking '/root/ros_ws/src/Rescue_Car_ws/install/rclc/bin'
[3.817s] Level 1:colcon.colcon_core.environment:checking '/root/ros_ws/src/Rescue_Car_ws/install/rclc/lib/pkgconfig/rclc.pc'
[3.817s] Level 1:colcon.colcon_core.environment:checking '/root/ros_ws/src/Rescue_Car_ws/install/rclc/lib/python3.10/site-packages'
[3.817s] Level 1:colcon.colcon_core.environment:checking '/root/ros_ws/src/Rescue_Car_ws/install/rclc/bin'
[3.818s] INFO:colcon.colcon_core.shell:Creating package script '/root/ros_ws/src/Rescue_Car_ws/install/rclc/share/rclc/package.ps1'
[3.818s] INFO:colcon.colcon_core.shell:Creating package descriptor '/root/ros_ws/src/Rescue_Car_ws/install/rclc/share/rclc/package.dsv'
[3.818s] INFO:colcon.colcon_core.shell:Creating package script '/root/ros_ws/src/Rescue_Car_ws/install/rclc/share/rclc/package.sh'
[3.818s] INFO:colcon.colcon_core.shell:Creating package script '/root/ros_ws/src/Rescue_Car_ws/install/rclc/share/rclc/package.bash'
[3.819s] INFO:colcon.colcon_core.shell:Creating package script '/root/ros_ws/src/Rescue_Car_ws/install/rclc/share/rclc/package.zsh'
[3.819s] Level 1:colcon.colcon_core.environment:create_file_with_runtime_dependencies(/root/ros_ws/src/Rescue_Car_ws/install/rclc/share/colcon-core/packages/rclc)
[3.819s] Level 1:colcon.colcon_core.environment:create_environment_scripts_only(rclc)
[3.819s] Level 1:colcon.colcon_core.environment:checking '/root/ros_ws/src/Rescue_Car_ws/install/rclc' for CMake module files
[3.820s] Level 1:colcon.colcon_core.environment:checking '/root/ros_ws/src/Rescue_Car_ws/install/rclc' for CMake config files
[3.820s] Level 1:colcon.colcon_core.shell:create_environment_hook('rclc', 'cmake_prefix_path')
[3.820s] INFO:colcon.colcon_core.shell:Creating environment hook '/root/ros_ws/src/Rescue_Car_ws/install/rclc/share/rclc/hook/cmake_prefix_path.ps1'
[3.821s] INFO:colcon.colcon_core.shell:Creating environment descriptor '/root/ros_ws/src/Rescue_Car_ws/install/rclc/share/rclc/hook/cmake_prefix_path.dsv'
[3.821s] INFO:colcon.colcon_core.shell:Creating environment hook '/root/ros_ws/src/Rescue_Car_ws/install/rclc/share/rclc/hook/cmake_prefix_path.sh'
[3.822s] Level 1:colcon.colcon_core.environment:checking '/root/ros_ws/src/Rescue_Car_ws/install/rclc/lib'
[3.822s] Level 1:colcon.colcon_core.shell:create_environment_hook('rclc', 'ld_library_path_lib')
[3.822s] INFO:colcon.colcon_core.shell:Creating environment hook '/root/ros_ws/src/Rescue_Car_ws/install/rclc/share/rclc/hook/ld_library_path_lib.ps1'
[3.822s] INFO:colcon.colcon_core.shell:Creating environment descriptor '/root/ros_ws/src/Rescue_Car_ws/install/rclc/share/rclc/hook/ld_library_path_lib.dsv'
[3.822s] INFO:colcon.colcon_core.shell:Creating environment hook '/root/ros_ws/src/Rescue_Car_ws/install/rclc/share/rclc/hook/ld_library_path_lib.sh'
[3.823s] Level 1:colcon.colcon_core.environment:checking '/root/ros_ws/src/Rescue_Car_ws/install/rclc/bin'
[3.823s] Level 1:colcon.colcon_core.environment:checking '/root/ros_ws/src/Rescue_Car_ws/install/rclc/lib/pkgconfig/rclc.pc'
[3.823s] Level 1:colcon.colcon_core.environment:checking '/root/ros_ws/src/Rescue_Car_ws/install/rclc/lib/python3.10/site-packages'
[3.823s] Level 1:colcon.colcon_core.environment:checking '/root/ros_ws/src/Rescue_Car_ws/install/rclc/bin'
[3.823s] INFO:colcon.colcon_core.shell:Creating package script '/root/ros_ws/src/Rescue_Car_ws/install/rclc/share/rclc/package.ps1'
[3.824s] INFO:colcon.colcon_core.shell:Creating package descriptor '/root/ros_ws/src/Rescue_Car_ws/install/rclc/share/rclc/package.dsv'
[3.824s] INFO:colcon.colcon_core.shell:Creating package script '/root/ros_ws/src/Rescue_Car_ws/install/rclc/share/rclc/package.sh'
[3.824s] INFO:colcon.colcon_core.shell:Creating package script '/root/ros_ws/src/Rescue_Car_ws/install/rclc/share/rclc/package.bash'
[3.825s] INFO:colcon.colcon_core.shell:Creating package script '/root/ros_ws/src/Rescue_Car_ws/install/rclc/share/rclc/package.zsh'
[3.825s] Level 1:colcon.colcon_core.environment:create_file_with_runtime_dependencies(/root/ros_ws/src/Rescue_Car_ws/install/rclc/share/colcon-core/packages/rclc)
[3.825s] INFO:colcon.colcon_ros.task.ament_cmake.build:Building ROS package in '/root/ros_ws/src/Rescue_Car_ws/src/microros/src/uros/rclc/rclc_parameter' with build type 'ament_cmake'
[3.826s] INFO:colcon.colcon_cmake.task.cmake.build:Building CMake package in '/root/ros_ws/src/Rescue_Car_ws/src/microros/src/uros/rclc/rclc_parameter'
[3.826s] INFO:colcon.colcon_core.shell:Skip shell extension 'powershell' for command environment: Not usable outside of PowerShell
[3.826s] DEBUG:colcon.colcon_core.shell:Skip shell extension 'dsv' for command environment
[3.957s] DEBUG:colcon.colcon_core.event_handler.log_command:Invoking command in '/root/ros_ws/src/Rescue_Car_ws/build/visualization_msgs': CMAKE_PREFIX_PATH=/root/ros_ws/src/Rescue_Car_ws/install/sensor_msgs:/root/ros_ws/src/Rescue_Car_ws/install/geometry_msgs:/root/ros_ws/src/Rescue_Car_ws/install/std_msgs:/root/ros_ws/src/Rescue_Car_ws/install/builtin_interfaces:/root/ros_ws/src/Rescue_Car_ws/install/micro_ros_demos_rclc:/root/ros_ws/src/Rescue_Car_ws/install/common_interfaces:/root/ros_ws/src/Rescue_Car_ws/install/visualization_msgs:/root/ros_ws/src/Rescue_Car_ws/install/test_msgs:/root/ros_ws/src/Rescue_Car_ws/install/example_interfaces:/root/ros_ws/src/Rescue_Car_ws/install/action_msgs:/root/ros_ws/src/Rescue_Car_ws/install/unique_identifier_msgs:/root/ros_ws/src/Rescue_Car_ws/install/trajectory_msgs:/root/ros_ws/src/Rescue_Car_ws/install/stereo_msgs:/root/ros_ws/src/Rescue_Car_ws/install/std_srvs:/root/ros_ws/src/Rescue_Car_ws/install/shape_msgs:/root/ros_ws/src/Rescue_Car_ws/install/nav_msgs:/root/ros_ws/src/Rescue_Car_ws/install/diagnostic_msgs:/root/ros_ws/src/Rescue_Car_ws/install/actionlib_msgs:/root/ros_ws/src/Rescue_Car_ws/install/statistics_msgs:/root/ros_ws/src/Rescue_Car_ws/install/rosidl_typesupport_microxrcedds_test_msg:/root/ros_ws/src/Rescue_Car_ws/install/rosidl_typesupport_microxrcedds_cpp_tests:/root/ros_ws/src/Rescue_Car_ws/install/rmw_microxrcedds:/root/ros_ws/src/Rescue_Car_ws/install/rosidl_typesupport_microxrcedds_cpp:/root/ros_ws/src/Rescue_Car_ws/install/rosidl_typesupport_microxrcedds_c_tests:/root/ros_ws/src/Rescue_Car_ws/install/rosidl_typesupport_microxrcedds_c:/root/ros_ws/src/Rescue_Car_ws/install/rosgraph_msgs:/root/ros_ws/src/Rescue_Car_ws/install/rclc_parameter:/root/ros_ws/src/Rescue_Car_ws/install/rclc:/root/ros_ws/src/Rescue_Car_ws/install/composition_interfaces:/root/ros_ws/src/Rescue_Car_ws/install/rcl_interfaces:/root/ros_ws/src/Rescue_Car_ws/install/microxrcedds_client:/root/ros_ws/src/Rescue_Car_ws/install/microcdr:/root/ros_ws/src/Rescue_Car_ws/install/micro_ros_utilities:/root/ros_ws/src/Rescue_Car_ws/install/micro_ros_setup:/root/ros_ws/src/Rescue_Car_ws/install/micro_ros_agent:/root/ros_ws/src/Rescue_Car_ws/install/micro_ros_msgs:/root/ros_ws/src/Rescue_Car_ws/install/lifecycle_msgs:/root/ros_ws/src/Rescue_Car_ws/install/complex_msgs:/root/ros_ws/src/Rescue_Car_ws/install/car:/root/ros_ws/src/Rescue_Car_ws/install/sensor_msgs_py:/opt/ros/humble LD_LIBRARY_PATH=/root/ros_ws/src/Rescue_Car_ws/install/sensor_msgs/lib:/root/ros_ws/src/Rescue_Car_ws/install/geometry_msgs/lib:/root/ros_ws/src/Rescue_Car_ws/install/std_msgs/lib:/root/ros_ws/src/Rescue_Car_ws/install/builtin_interfaces/lib:/root/ros_ws/src/Rescue_Car_ws/install/visualization_msgs/lib:/root/ros_ws/src/Rescue_Car_ws/install/test_msgs/lib:/root/ros_ws/src/Rescue_Car_ws/install/example_interfaces/lib:/root/ros_ws/src/Rescue_Car_ws/install/action_msgs/lib:/root/ros_ws/src/Rescue_Car_ws/install/unique_identifier_msgs/lib:/root/ros_ws/src/Rescue_Car_ws/install/trajectory_msgs/lib:/root/ros_ws/src/Rescue_Car_ws/install/stereo_msgs/lib:/root/ros_ws/src/Rescue_Car_ws/install/std_srvs/lib:/root/ros_ws/src/Rescue_Car_ws/install/shape_msgs/lib:/root/ros_ws/src/Rescue_Car_ws/install/nav_msgs/lib:/root/ros_ws/src/Rescue_Car_ws/install/diagnostic_msgs/lib:/root/ros_ws/src/Rescue_Car_ws/install/actionlib_msgs/lib:/root/ros_ws/src/Rescue_Car_ws/install/statistics_msgs/lib:/root/ros_ws/src/Rescue_Car_ws/install/rosidl_typesupport_microxrcedds_test_msg/lib:/root/ros_ws/src/Rescue_Car_ws/install/rmw_microxrcedds/lib:/root/ros_ws/src/Rescue_Car_ws/install/rosidl_typesupport_microxrcedds_cpp/lib:/root/ros_ws/src/Rescue_Car_ws/install/rosidl_typesupport_microxrcedds_c/lib:/root/ros_ws/src/Rescue_Car_ws/install/rosgraph_msgs/lib:/root/ros_ws/src/Rescue_Car_ws/install/rclc_parameter/lib:/root/ros_ws/src/Rescue_Car_ws/install/rclc/lib:/root/ros_ws/src/Rescue_Car_ws/install/composition_interfaces/lib:/root/ros_ws/src/Rescue_Car_ws/install/rcl_interfaces/lib:/root/ros_ws/src/Rescue_Car_ws/install/micro_ros_utilities/lib:/root/ros_ws/src/Rescue_Car_ws/install/micro_ros_agent/lib:/root/ros_ws/src/Rescue_Car_ws/install/micro_ros_msgs/lib:/root/ros_ws/src/Rescue_Car_ws/install/lifecycle_msgs/lib:/root/ros_ws/src/Rescue_Car_ws/install/complex_msgs/lib:/usr/lib/x86_64-linux-gnu/gazebo-11/plugins:/opt/ros/humble/opt/rviz_ogre_vendor/lib:/opt/ros/humble/lib/x86_64-linux-gnu:/opt/ros/humble/lib /usr/bin/cmake --build /root/ros_ws/src/Rescue_Car_ws/build/visualization_msgs -- -j20 -l20
[3.981s] DEBUG:colcon.colcon_core.event_handler.log_command:Invoking command in '/root/ros_ws/src/Rescue_Car_ws/build/stereo_msgs': CMAKE_PREFIX_PATH=/root/ros_ws/src/Rescue_Car_ws/install/sensor_msgs:/root/ros_ws/src/Rescue_Car_ws/install/geometry_msgs:/root/ros_ws/src/Rescue_Car_ws/install/std_msgs:/root/ros_ws/src/Rescue_Car_ws/install/builtin_interfaces:/root/ros_ws/src/Rescue_Car_ws/install/micro_ros_demos_rclc:/root/ros_ws/src/Rescue_Car_ws/install/common_interfaces:/root/ros_ws/src/Rescue_Car_ws/install/visualization_msgs:/root/ros_ws/src/Rescue_Car_ws/install/test_msgs:/root/ros_ws/src/Rescue_Car_ws/install/example_interfaces:/root/ros_ws/src/Rescue_Car_ws/install/action_msgs:/root/ros_ws/src/Rescue_Car_ws/install/unique_identifier_msgs:/root/ros_ws/src/Rescue_Car_ws/install/trajectory_msgs:/root/ros_ws/src/Rescue_Car_ws/install/stereo_msgs:/root/ros_ws/src/Rescue_Car_ws/install/std_srvs:/root/ros_ws/src/Rescue_Car_ws/install/shape_msgs:/root/ros_ws/src/Rescue_Car_ws/install/nav_msgs:/root/ros_ws/src/Rescue_Car_ws/install/diagnostic_msgs:/root/ros_ws/src/Rescue_Car_ws/install/actionlib_msgs:/root/ros_ws/src/Rescue_Car_ws/install/statistics_msgs:/root/ros_ws/src/Rescue_Car_ws/install/rosidl_typesupport_microxrcedds_test_msg:/root/ros_ws/src/Rescue_Car_ws/install/rosidl_typesupport_microxrcedds_cpp_tests:/root/ros_ws/src/Rescue_Car_ws/install/rmw_microxrcedds:/root/ros_ws/src/Rescue_Car_ws/install/rosidl_typesupport_microxrcedds_cpp:/root/ros_ws/src/Rescue_Car_ws/install/rosidl_typesupport_microxrcedds_c_tests:/root/ros_ws/src/Rescue_Car_ws/install/rosidl_typesupport_microxrcedds_c:/root/ros_ws/src/Rescue_Car_ws/install/rosgraph_msgs:/root/ros_ws/src/Rescue_Car_ws/install/rclc_parameter:/root/ros_ws/src/Rescue_Car_ws/install/rclc:/root/ros_ws/src/Rescue_Car_ws/install/composition_interfaces:/root/ros_ws/src/Rescue_Car_ws/install/rcl_interfaces:/root/ros_ws/src/Rescue_Car_ws/install/microxrcedds_client:/root/ros_ws/src/Rescue_Car_ws/install/microcdr:/root/ros_ws/src/Rescue_Car_ws/install/micro_ros_utilities:/root/ros_ws/src/Rescue_Car_ws/install/micro_ros_setup:/root/ros_ws/src/Rescue_Car_ws/install/micro_ros_agent:/root/ros_ws/src/Rescue_Car_ws/install/micro_ros_msgs:/root/ros_ws/src/Rescue_Car_ws/install/lifecycle_msgs:/root/ros_ws/src/Rescue_Car_ws/install/complex_msgs:/root/ros_ws/src/Rescue_Car_ws/install/car:/root/ros_ws/src/Rescue_Car_ws/install/sensor_msgs_py:/opt/ros/humble LD_LIBRARY_PATH=/root/ros_ws/src/Rescue_Car_ws/install/sensor_msgs/lib:/root/ros_ws/src/Rescue_Car_ws/install/geometry_msgs/lib:/root/ros_ws/src/Rescue_Car_ws/install/std_msgs/lib:/root/ros_ws/src/Rescue_Car_ws/install/builtin_interfaces/lib:/root/ros_ws/src/Rescue_Car_ws/install/visualization_msgs/lib:/root/ros_ws/src/Rescue_Car_ws/install/test_msgs/lib:/root/ros_ws/src/Rescue_Car_ws/install/example_interfaces/lib:/root/ros_ws/src/Rescue_Car_ws/install/action_msgs/lib:/root/ros_ws/src/Rescue_Car_ws/install/unique_identifier_msgs/lib:/root/ros_ws/src/Rescue_Car_ws/install/trajectory_msgs/lib:/root/ros_ws/src/Rescue_Car_ws/install/stereo_msgs/lib:/root/ros_ws/src/Rescue_Car_ws/install/std_srvs/lib:/root/ros_ws/src/Rescue_Car_ws/install/shape_msgs/lib:/root/ros_ws/src/Rescue_Car_ws/install/nav_msgs/lib:/root/ros_ws/src/Rescue_Car_ws/install/diagnostic_msgs/lib:/root/ros_ws/src/Rescue_Car_ws/install/actionlib_msgs/lib:/root/ros_ws/src/Rescue_Car_ws/install/statistics_msgs/lib:/root/ros_ws/src/Rescue_Car_ws/install/rosidl_typesupport_microxrcedds_test_msg/lib:/root/ros_ws/src/Rescue_Car_ws/install/rmw_microxrcedds/lib:/root/ros_ws/src/Rescue_Car_ws/install/rosidl_typesupport_microxrcedds_cpp/lib:/root/ros_ws/src/Rescue_Car_ws/install/rosidl_typesupport_microxrcedds_c/lib:/root/ros_ws/src/Rescue_Car_ws/install/rosgraph_msgs/lib:/root/ros_ws/src/Rescue_Car_ws/install/rclc_parameter/lib:/root/ros_ws/src/Rescue_Car_ws/install/rclc/lib:/root/ros_ws/src/Rescue_Car_ws/install/composition_interfaces/lib:/root/ros_ws/src/Rescue_Car_ws/install/rcl_interfaces/lib:/root/ros_ws/src/Rescue_Car_ws/install/micro_ros_utilities/lib:/root/ros_ws/src/Rescue_Car_ws/install/micro_ros_agent/lib:/root/ros_ws/src/Rescue_Car_ws/install/micro_ros_msgs/lib:/root/ros_ws/src/Rescue_Car_ws/install/lifecycle_msgs/lib:/root/ros_ws/src/Rescue_Car_ws/install/complex_msgs/lib:/usr/lib/x86_64-linux-gnu/gazebo-11/plugins:/opt/ros/humble/opt/rviz_ogre_vendor/lib:/opt/ros/humble/lib/x86_64-linux-gnu:/opt/ros/humble/lib /usr/bin/cmake --build /root/ros_ws/src/Rescue_Car_ws/build/stereo_msgs -- -j20 -l20
[4.272s] INFO:colcon.colcon_core.task.python.build:Building Python package in '/root/ros_ws/src/Rescue_Car_ws/src/microros/src/ros2/common_interfaces/sensor_msgs_py'
[4.273s] INFO:colcon.colcon_core.shell:Skip shell extension 'powershell' for command environment: Not usable outside of PowerShell
[4.273s] DEBUG:colcon.colcon_core.shell:Skip shell extension 'dsv' for command environment
[4.292s] DEBUG:colcon.colcon_core.event_handler.log_command:Invoked command in '/root/ros_ws/src/Rescue_Car_ws/build/stereo_msgs' returned '0': CMAKE_PREFIX_PATH=/root/ros_ws/src/Rescue_Car_ws/install/sensor_msgs:/root/ros_ws/src/Rescue_Car_ws/install/geometry_msgs:/root/ros_ws/src/Rescue_Car_ws/install/std_msgs:/root/ros_ws/src/Rescue_Car_ws/install/builtin_interfaces:/root/ros_ws/src/Rescue_Car_ws/install/micro_ros_demos_rclc:/root/ros_ws/src/Rescue_Car_ws/install/common_interfaces:/root/ros_ws/src/Rescue_Car_ws/install/visualization_msgs:/root/ros_ws/src/Rescue_Car_ws/install/test_msgs:/root/ros_ws/src/Rescue_Car_ws/install/example_interfaces:/root/ros_ws/src/Rescue_Car_ws/install/action_msgs:/root/ros_ws/src/Rescue_Car_ws/install/unique_identifier_msgs:/root/ros_ws/src/Rescue_Car_ws/install/trajectory_msgs:/root/ros_ws/src/Rescue_Car_ws/install/stereo_msgs:/root/ros_ws/src/Rescue_Car_ws/install/std_srvs:/root/ros_ws/src/Rescue_Car_ws/install/shape_msgs:/root/ros_ws/src/Rescue_Car_ws/install/nav_msgs:/root/ros_ws/src/Rescue_Car_ws/install/diagnostic_msgs:/root/ros_ws/src/Rescue_Car_ws/install/actionlib_msgs:/root/ros_ws/src/Rescue_Car_ws/install/statistics_msgs:/root/ros_ws/src/Rescue_Car_ws/install/rosidl_typesupport_microxrcedds_test_msg:/root/ros_ws/src/Rescue_Car_ws/install/rosidl_typesupport_microxrcedds_cpp_tests:/root/ros_ws/src/Rescue_Car_ws/install/rmw_microxrcedds:/root/ros_ws/src/Rescue_Car_ws/install/rosidl_typesupport_microxrcedds_cpp:/root/ros_ws/src/Rescue_Car_ws/install/rosidl_typesupport_microxrcedds_c_tests:/root/ros_ws/src/Rescue_Car_ws/install/rosidl_typesupport_microxrcedds_c:/root/ros_ws/src/Rescue_Car_ws/install/rosgraph_msgs:/root/ros_ws/src/Rescue_Car_ws/install/rclc_parameter:/root/ros_ws/src/Rescue_Car_ws/install/rclc:/root/ros_ws/src/Rescue_Car_ws/install/composition_interfaces:/root/ros_ws/src/Rescue_Car_ws/install/rcl_interfaces:/root/ros_ws/src/Rescue_Car_ws/install/microxrcedds_client:/root/ros_ws/src/Rescue_Car_ws/install/microcdr:/root/ros_ws/src/Rescue_Car_ws/install/micro_ros_utilities:/root/ros_ws/src/Rescue_Car_ws/install/micro_ros_setup:/root/ros_ws/src/Rescue_Car_ws/install/micro_ros_agent:/root/ros_ws/src/Rescue_Car_ws/install/micro_ros_msgs:/root/ros_ws/src/Rescue_Car_ws/install/lifecycle_msgs:/root/ros_ws/src/Rescue_Car_ws/install/complex_msgs:/root/ros_ws/src/Rescue_Car_ws/install/car:/root/ros_ws/src/Rescue_Car_ws/install/sensor_msgs_py:/opt/ros/humble LD_LIBRARY_PATH=/root/ros_ws/src/Rescue_Car_ws/install/sensor_msgs/lib:/root/ros_ws/src/Rescue_Car_ws/install/geometry_msgs/lib:/root/ros_ws/src/Rescue_Car_ws/install/std_msgs/lib:/root/ros_ws/src/Rescue_Car_ws/install/builtin_interfaces/lib:/root/ros_ws/src/Rescue_Car_ws/install/visualization_msgs/lib:/root/ros_ws/src/Rescue_Car_ws/install/test_msgs/lib:/root/ros_ws/src/Rescue_Car_ws/install/example_interfaces/lib:/root/ros_ws/src/Rescue_Car_ws/install/action_msgs/lib:/root/ros_ws/src/Rescue_Car_ws/install/unique_identifier_msgs/lib:/root/ros_ws/src/Rescue_Car_ws/install/trajectory_msgs/lib:/root/ros_ws/src/Rescue_Car_ws/install/stereo_msgs/lib:/root/ros_ws/src/Rescue_Car_ws/install/std_srvs/lib:/root/ros_ws/src/Rescue_Car_ws/install/shape_msgs/lib:/root/ros_ws/src/Rescue_Car_ws/install/nav_msgs/lib:/root/ros_ws/src/Rescue_Car_ws/install/diagnostic_msgs/lib:/root/ros_ws/src/Rescue_Car_ws/install/actionlib_msgs/lib:/root/ros_ws/src/Rescue_Car_ws/install/statistics_msgs/lib:/root/ros_ws/src/Rescue_Car_ws/install/rosidl_typesupport_microxrcedds_test_msg/lib:/root/ros_ws/src/Rescue_Car_ws/install/rmw_microxrcedds/lib:/root/ros_ws/src/Rescue_Car_ws/install/rosidl_typesupport_microxrcedds_cpp/lib:/root/ros_ws/src/Rescue_Car_ws/install/rosidl_typesupport_microxrcedds_c/lib:/root/ros_ws/src/Rescue_Car_ws/install/rosgraph_msgs/lib:/root/ros_ws/src/Rescue_Car_ws/install/rclc_parameter/lib:/root/ros_ws/src/Rescue_Car_ws/install/rclc/lib:/root/ros_ws/src/Rescue_Car_ws/install/composition_interfaces/lib:/root/ros_ws/src/Rescue_Car_ws/install/rcl_interfaces/lib:/root/ros_ws/src/Rescue_Car_ws/install/micro_ros_utilities/lib:/root/ros_ws/src/Rescue_Car_ws/install/micro_ros_agent/lib:/root/ros_ws/src/Rescue_Car_ws/install/micro_ros_msgs/lib:/root/ros_ws/src/Rescue_Car_ws/install/lifecycle_msgs/lib:/root/ros_ws/src/Rescue_Car_ws/install/complex_msgs/lib:/usr/lib/x86_64-linux-gnu/gazebo-11/plugins:/opt/ros/humble/opt/rviz_ogre_vendor/lib:/opt/ros/humble/lib/x86_64-linux-gnu:/opt/ros/humble/lib /usr/bin/cmake --build /root/ros_ws/src/Rescue_Car_ws/build/stereo_msgs -- -j20 -l20
[4.294s] DEBUG:colcon.colcon_core.event_handler.log_command:Invoking command in '/root/ros_ws/src/Rescue_Car_ws/build/stereo_msgs': CMAKE_PREFIX_PATH=/root/ros_ws/src/Rescue_Car_ws/install/sensor_msgs:/root/ros_ws/src/Rescue_Car_ws/install/geometry_msgs:/root/ros_ws/src/Rescue_Car_ws/install/std_msgs:/root/ros_ws/src/Rescue_Car_ws/install/builtin_interfaces:/root/ros_ws/src/Rescue_Car_ws/install/micro_ros_demos_rclc:/root/ros_ws/src/Rescue_Car_ws/install/common_interfaces:/root/ros_ws/src/Rescue_Car_ws/install/visualization_msgs:/root/ros_ws/src/Rescue_Car_ws/install/test_msgs:/root/ros_ws/src/Rescue_Car_ws/install/example_interfaces:/root/ros_ws/src/Rescue_Car_ws/install/action_msgs:/root/ros_ws/src/Rescue_Car_ws/install/unique_identifier_msgs:/root/ros_ws/src/Rescue_Car_ws/install/trajectory_msgs:/root/ros_ws/src/Rescue_Car_ws/install/stereo_msgs:/root/ros_ws/src/Rescue_Car_ws/install/std_srvs:/root/ros_ws/src/Rescue_Car_ws/install/shape_msgs:/root/ros_ws/src/Rescue_Car_ws/install/nav_msgs:/root/ros_ws/src/Rescue_Car_ws/install/diagnostic_msgs:/root/ros_ws/src/Rescue_Car_ws/install/actionlib_msgs:/root/ros_ws/src/Rescue_Car_ws/install/statistics_msgs:/root/ros_ws/src/Rescue_Car_ws/install/rosidl_typesupport_microxrcedds_test_msg:/root/ros_ws/src/Rescue_Car_ws/install/rosidl_typesupport_microxrcedds_cpp_tests:/root/ros_ws/src/Rescue_Car_ws/install/rmw_microxrcedds:/root/ros_ws/src/Rescue_Car_ws/install/rosidl_typesupport_microxrcedds_cpp:/root/ros_ws/src/Rescue_Car_ws/install/rosidl_typesupport_microxrcedds_c_tests:/root/ros_ws/src/Rescue_Car_ws/install/rosidl_typesupport_microxrcedds_c:/root/ros_ws/src/Rescue_Car_ws/install/rosgraph_msgs:/root/ros_ws/src/Rescue_Car_ws/install/rclc_parameter:/root/ros_ws/src/Rescue_Car_ws/install/rclc:/root/ros_ws/src/Rescue_Car_ws/install/composition_interfaces:/root/ros_ws/src/Rescue_Car_ws/install/rcl_interfaces:/root/ros_ws/src/Rescue_Car_ws/install/microxrcedds_client:/root/ros_ws/src/Rescue_Car_ws/install/microcdr:/root/ros_ws/src/Rescue_Car_ws/install/micro_ros_utilities:/root/ros_ws/src/Rescue_Car_ws/install/micro_ros_setup:/root/ros_ws/src/Rescue_Car_ws/install/micro_ros_agent:/root/ros_ws/src/Rescue_Car_ws/install/micro_ros_msgs:/root/ros_ws/src/Rescue_Car_ws/install/lifecycle_msgs:/root/ros_ws/src/Rescue_Car_ws/install/complex_msgs:/root/ros_ws/src/Rescue_Car_ws/install/car:/root/ros_ws/src/Rescue_Car_ws/install/sensor_msgs_py:/opt/ros/humble LD_LIBRARY_PATH=/root/ros_ws/src/Rescue_Car_ws/install/sensor_msgs/lib:/root/ros_ws/src/Rescue_Car_ws/install/geometry_msgs/lib:/root/ros_ws/src/Rescue_Car_ws/install/std_msgs/lib:/root/ros_ws/src/Rescue_Car_ws/install/builtin_interfaces/lib:/root/ros_ws/src/Rescue_Car_ws/install/visualization_msgs/lib:/root/ros_ws/src/Rescue_Car_ws/install/test_msgs/lib:/root/ros_ws/src/Rescue_Car_ws/install/example_interfaces/lib:/root/ros_ws/src/Rescue_Car_ws/install/action_msgs/lib:/root/ros_ws/src/Rescue_Car_ws/install/unique_identifier_msgs/lib:/root/ros_ws/src/Rescue_Car_ws/install/trajectory_msgs/lib:/root/ros_ws/src/Rescue_Car_ws/install/stereo_msgs/lib:/root/ros_ws/src/Rescue_Car_ws/install/std_srvs/lib:/root/ros_ws/src/Rescue_Car_ws/install/shape_msgs/lib:/root/ros_ws/src/Rescue_Car_ws/install/nav_msgs/lib:/root/ros_ws/src/Rescue_Car_ws/install/diagnostic_msgs/lib:/root/ros_ws/src/Rescue_Car_ws/install/actionlib_msgs/lib:/root/ros_ws/src/Rescue_Car_ws/install/statistics_msgs/lib:/root/ros_ws/src/Rescue_Car_ws/install/rosidl_typesupport_microxrcedds_test_msg/lib:/root/ros_ws/src/Rescue_Car_ws/install/rmw_microxrcedds/lib:/root/ros_ws/src/Rescue_Car_ws/install/rosidl_typesupport_microxrcedds_cpp/lib:/root/ros_ws/src/Rescue_Car_ws/install/rosidl_typesupport_microxrcedds_c/lib:/root/ros_ws/src/Rescue_Car_ws/install/rosgraph_msgs/lib:/root/ros_ws/src/Rescue_Car_ws/install/rclc_parameter/lib:/root/ros_ws/src/Rescue_Car_ws/install/rclc/lib:/root/ros_ws/src/Rescue_Car_ws/install/composition_interfaces/lib:/root/ros_ws/src/Rescue_Car_ws/install/rcl_interfaces/lib:/root/ros_ws/src/Rescue_Car_ws/install/micro_ros_utilities/lib:/root/ros_ws/src/Rescue_Car_ws/install/micro_ros_agent/lib:/root/ros_ws/src/Rescue_Car_ws/install/micro_ros_msgs/lib:/root/ros_ws/src/Rescue_Car_ws/install/lifecycle_msgs/lib:/root/ros_ws/src/Rescue_Car_ws/install/complex_msgs/lib:/usr/lib/x86_64-linux-gnu/gazebo-11/plugins:/opt/ros/humble/opt/rviz_ogre_vendor/lib:/opt/ros/humble/lib/x86_64-linux-gnu:/opt/ros/humble/lib /usr/bin/cmake --install /root/ros_ws/src/Rescue_Car_ws/build/stereo_msgs
[4.296s] DEBUG:colcon.colcon_core.event_handler.log_command:Invoked command in '/root/ros_ws/src/Rescue_Car_ws/build/visualization_msgs' returned '0': CMAKE_PREFIX_PATH=/root/ros_ws/src/Rescue_Car_ws/install/sensor_msgs:/root/ros_ws/src/Rescue_Car_ws/install/geometry_msgs:/root/ros_ws/src/Rescue_Car_ws/install/std_msgs:/root/ros_ws/src/Rescue_Car_ws/install/builtin_interfaces:/root/ros_ws/src/Rescue_Car_ws/install/micro_ros_demos_rclc:/root/ros_ws/src/Rescue_Car_ws/install/common_interfaces:/root/ros_ws/src/Rescue_Car_ws/install/visualization_msgs:/root/ros_ws/src/Rescue_Car_ws/install/test_msgs:/root/ros_ws/src/Rescue_Car_ws/install/example_interfaces:/root/ros_ws/src/Rescue_Car_ws/install/action_msgs:/root/ros_ws/src/Rescue_Car_ws/install/unique_identifier_msgs:/root/ros_ws/src/Rescue_Car_ws/install/trajectory_msgs:/root/ros_ws/src/Rescue_Car_ws/install/stereo_msgs:/root/ros_ws/src/Rescue_Car_ws/install/std_srvs:/root/ros_ws/src/Rescue_Car_ws/install/shape_msgs:/root/ros_ws/src/Rescue_Car_ws/install/nav_msgs:/root/ros_ws/src/Rescue_Car_ws/install/diagnostic_msgs:/root/ros_ws/src/Rescue_Car_ws/install/actionlib_msgs:/root/ros_ws/src/Rescue_Car_ws/install/statistics_msgs:/root/ros_ws/src/Rescue_Car_ws/install/rosidl_typesupport_microxrcedds_test_msg:/root/ros_ws/src/Rescue_Car_ws/install/rosidl_typesupport_microxrcedds_cpp_tests:/root/ros_ws/src/Rescue_Car_ws/install/rmw_microxrcedds:/root/ros_ws/src/Rescue_Car_ws/install/rosidl_typesupport_microxrcedds_cpp:/root/ros_ws/src/Rescue_Car_ws/install/rosidl_typesupport_microxrcedds_c_tests:/root/ros_ws/src/Rescue_Car_ws/install/rosidl_typesupport_microxrcedds_c:/root/ros_ws/src/Rescue_Car_ws/install/rosgraph_msgs:/root/ros_ws/src/Rescue_Car_ws/install/rclc_parameter:/root/ros_ws/src/Rescue_Car_ws/install/rclc:/root/ros_ws/src/Rescue_Car_ws/install/composition_interfaces:/root/ros_ws/src/Rescue_Car_ws/install/rcl_interfaces:/root/ros_ws/src/Rescue_Car_ws/install/microxrcedds_client:/root/ros_ws/src/Rescue_Car_ws/install/microcdr:/root/ros_ws/src/Rescue_Car_ws/install/micro_ros_utilities:/root/ros_ws/src/Rescue_Car_ws/install/micro_ros_setup:/root/ros_ws/src/Rescue_Car_ws/install/micro_ros_agent:/root/ros_ws/src/Rescue_Car_ws/install/micro_ros_msgs:/root/ros_ws/src/Rescue_Car_ws/install/lifecycle_msgs:/root/ros_ws/src/Rescue_Car_ws/install/complex_msgs:/root/ros_ws/src/Rescue_Car_ws/install/car:/root/ros_ws/src/Rescue_Car_ws/install/sensor_msgs_py:/opt/ros/humble LD_LIBRARY_PATH=/root/ros_ws/src/Rescue_Car_ws/install/sensor_msgs/lib:/root/ros_ws/src/Rescue_Car_ws/install/geometry_msgs/lib:/root/ros_ws/src/Rescue_Car_ws/install/std_msgs/lib:/root/ros_ws/src/Rescue_Car_ws/install/builtin_interfaces/lib:/root/ros_ws/src/Rescue_Car_ws/install/visualization_msgs/lib:/root/ros_ws/src/Rescue_Car_ws/install/test_msgs/lib:/root/ros_ws/src/Rescue_Car_ws/install/example_interfaces/lib:/root/ros_ws/src/Rescue_Car_ws/install/action_msgs/lib:/root/ros_ws/src/Rescue_Car_ws/install/unique_identifier_msgs/lib:/root/ros_ws/src/Rescue_Car_ws/install/trajectory_msgs/lib:/root/ros_ws/src/Rescue_Car_ws/install/stereo_msgs/lib:/root/ros_ws/src/Rescue_Car_ws/install/std_srvs/lib:/root/ros_ws/src/Rescue_Car_ws/install/shape_msgs/lib:/root/ros_ws/src/Rescue_Car_ws/install/nav_msgs/lib:/root/ros_ws/src/Rescue_Car_ws/install/diagnostic_msgs/lib:/root/ros_ws/src/Rescue_Car_ws/install/actionlib_msgs/lib:/root/ros_ws/src/Rescue_Car_ws/install/statistics_msgs/lib:/root/ros_ws/src/Rescue_Car_ws/install/rosidl_typesupport_microxrcedds_test_msg/lib:/root/ros_ws/src/Rescue_Car_ws/install/rmw_microxrcedds/lib:/root/ros_ws/src/Rescue_Car_ws/install/rosidl_typesupport_microxrcedds_cpp/lib:/root/ros_ws/src/Rescue_Car_ws/install/rosidl_typesupport_microxrcedds_c/lib:/root/ros_ws/src/Rescue_Car_ws/install/rosgraph_msgs/lib:/root/ros_ws/src/Rescue_Car_ws/install/rclc_parameter/lib:/root/ros_ws/src/Rescue_Car_ws/install/rclc/lib:/root/ros_ws/src/Rescue_Car_ws/install/composition_interfaces/lib:/root/ros_ws/src/Rescue_Car_ws/install/rcl_interfaces/lib:/root/ros_ws/src/Rescue_Car_ws/install/micro_ros_utilities/lib:/root/ros_ws/src/Rescue_Car_ws/install/micro_ros_agent/lib:/root/ros_ws/src/Rescue_Car_ws/install/micro_ros_msgs/lib:/root/ros_ws/src/Rescue_Car_ws/install/lifecycle_msgs/lib:/root/ros_ws/src/Rescue_Car_ws/install/complex_msgs/lib:/usr/lib/x86_64-linux-gnu/gazebo-11/plugins:/opt/ros/humble/opt/rviz_ogre_vendor/lib:/opt/ros/humble/lib/x86_64-linux-gnu:/opt/ros/humble/lib /usr/bin/cmake --build /root/ros_ws/src/Rescue_Car_ws/build/visualization_msgs -- -j20 -l20
[4.298s] DEBUG:colcon.colcon_core.event_handler.log_command:Invoking command in '/root/ros_ws/src/Rescue_Car_ws/build/visualization_msgs': CMAKE_PREFIX_PATH=/root/ros_ws/src/Rescue_Car_ws/install/sensor_msgs:/root/ros_ws/src/Rescue_Car_ws/install/geometry_msgs:/root/ros_ws/src/Rescue_Car_ws/install/std_msgs:/root/ros_ws/src/Rescue_Car_ws/install/builtin_interfaces:/root/ros_ws/src/Rescue_Car_ws/install/micro_ros_demos_rclc:/root/ros_ws/src/Rescue_Car_ws/install/common_interfaces:/root/ros_ws/src/Rescue_Car_ws/install/visualization_msgs:/root/ros_ws/src/Rescue_Car_ws/install/test_msgs:/root/ros_ws/src/Rescue_Car_ws/install/example_interfaces:/root/ros_ws/src/Rescue_Car_ws/install/action_msgs:/root/ros_ws/src/Rescue_Car_ws/install/unique_identifier_msgs:/root/ros_ws/src/Rescue_Car_ws/install/trajectory_msgs:/root/ros_ws/src/Rescue_Car_ws/install/stereo_msgs:/root/ros_ws/src/Rescue_Car_ws/install/std_srvs:/root/ros_ws/src/Rescue_Car_ws/install/shape_msgs:/root/ros_ws/src/Rescue_Car_ws/install/nav_msgs:/root/ros_ws/src/Rescue_Car_ws/install/diagnostic_msgs:/root/ros_ws/src/Rescue_Car_ws/install/actionlib_msgs:/root/ros_ws/src/Rescue_Car_ws/install/statistics_msgs:/root/ros_ws/src/Rescue_Car_ws/install/rosidl_typesupport_microxrcedds_test_msg:/root/ros_ws/src/Rescue_Car_ws/install/rosidl_typesupport_microxrcedds_cpp_tests:/root/ros_ws/src/Rescue_Car_ws/install/rmw_microxrcedds:/root/ros_ws/src/Rescue_Car_ws/install/rosidl_typesupport_microxrcedds_cpp:/root/ros_ws/src/Rescue_Car_ws/install/rosidl_typesupport_microxrcedds_c_tests:/root/ros_ws/src/Rescue_Car_ws/install/rosidl_typesupport_microxrcedds_c:/root/ros_ws/src/Rescue_Car_ws/install/rosgraph_msgs:/root/ros_ws/src/Rescue_Car_ws/install/rclc_parameter:/root/ros_ws/src/Rescue_Car_ws/install/rclc:/root/ros_ws/src/Rescue_Car_ws/install/composition_interfaces:/root/ros_ws/src/Rescue_Car_ws/install/rcl_interfaces:/root/ros_ws/src/Rescue_Car_ws/install/microxrcedds_client:/root/ros_ws/src/Rescue_Car_ws/install/microcdr:/root/ros_ws/src/Rescue_Car_ws/install/micro_ros_utilities:/root/ros_ws/src/Rescue_Car_ws/install/micro_ros_setup:/root/ros_ws/src/Rescue_Car_ws/install/micro_ros_agent:/root/ros_ws/src/Rescue_Car_ws/install/micro_ros_msgs:/root/ros_ws/src/Rescue_Car_ws/install/lifecycle_msgs:/root/ros_ws/src/Rescue_Car_ws/install/complex_msgs:/root/ros_ws/src/Rescue_Car_ws/install/car:/root/ros_ws/src/Rescue_Car_ws/install/sensor_msgs_py:/opt/ros/humble LD_LIBRARY_PATH=/root/ros_ws/src/Rescue_Car_ws/install/sensor_msgs/lib:/root/ros_ws/src/Rescue_Car_ws/install/geometry_msgs/lib:/root/ros_ws/src/Rescue_Car_ws/install/std_msgs/lib:/root/ros_ws/src/Rescue_Car_ws/install/builtin_interfaces/lib:/root/ros_ws/src/Rescue_Car_ws/install/visualization_msgs/lib:/root/ros_ws/src/Rescue_Car_ws/install/test_msgs/lib:/root/ros_ws/src/Rescue_Car_ws/install/example_interfaces/lib:/root/ros_ws/src/Rescue_Car_ws/install/action_msgs/lib:/root/ros_ws/src/Rescue_Car_ws/install/unique_identifier_msgs/lib:/root/ros_ws/src/Rescue_Car_ws/install/trajectory_msgs/lib:/root/ros_ws/src/Rescue_Car_ws/install/stereo_msgs/lib:/root/ros_ws/src/Rescue_Car_ws/install/std_srvs/lib:/root/ros_ws/src/Rescue_Car_ws/install/shape_msgs/lib:/root/ros_ws/src/Rescue_Car_ws/install/nav_msgs/lib:/root/ros_ws/src/Rescue_Car_ws/install/diagnostic_msgs/lib:/root/ros_ws/src/Rescue_Car_ws/install/actionlib_msgs/lib:/root/ros_ws/src/Rescue_Car_ws/install/statistics_msgs/lib:/root/ros_ws/src/Rescue_Car_ws/install/rosidl_typesupport_microxrcedds_test_msg/lib:/root/ros_ws/src/Rescue_Car_ws/install/rmw_microxrcedds/lib:/root/ros_ws/src/Rescue_Car_ws/install/rosidl_typesupport_microxrcedds_cpp/lib:/root/ros_ws/src/Rescue_Car_ws/install/rosidl_typesupport_microxrcedds_c/lib:/root/ros_ws/src/Rescue_Car_ws/install/rosgraph_msgs/lib:/root/ros_ws/src/Rescue_Car_ws/install/rclc_parameter/lib:/root/ros_ws/src/Rescue_Car_ws/install/rclc/lib:/root/ros_ws/src/Rescue_Car_ws/install/composition_interfaces/lib:/root/ros_ws/src/Rescue_Car_ws/install/rcl_interfaces/lib:/root/ros_ws/src/Rescue_Car_ws/install/micro_ros_utilities/lib:/root/ros_ws/src/Rescue_Car_ws/install/micro_ros_agent/lib:/root/ros_ws/src/Rescue_Car_ws/install/micro_ros_msgs/lib:/root/ros_ws/src/Rescue_Car_ws/install/lifecycle_msgs/lib:/root/ros_ws/src/Rescue_Car_ws/install/complex_msgs/lib:/usr/lib/x86_64-linux-gnu/gazebo-11/plugins:/opt/ros/humble/opt/rviz_ogre_vendor/lib:/opt/ros/humble/lib/x86_64-linux-gnu:/opt/ros/humble/lib /usr/bin/cmake --install /root/ros_ws/src/Rescue_Car_ws/build/visualization_msgs
[4.364s] DEBUG:colcon.colcon_core.event_handler.log_command:Invoking command in '/root/ros_ws/src/Rescue_Car_ws/build/rosidl_typesupport_microxrcedds_cpp_tests': CMAKE_PREFIX_PATH=/root/ros_ws/src/Rescue_Car_ws/install/rosidl_typesupport_microxrcedds_test_msg:/root/ros_ws/src/Rescue_Car_ws/install/rmw_microxrcedds:/root/ros_ws/src/Rescue_Car_ws/install/rosidl_typesupport_microxrcedds_cpp:/root/ros_ws/src/Rescue_Car_ws/install/rosidl_typesupport_microxrcedds_c:/root/ros_ws/src/Rescue_Car_ws/install/microxrcedds_client:/root/ros_ws/src/Rescue_Car_ws/install/microcdr:/root/ros_ws/src/Rescue_Car_ws/install/micro_ros_msgs:/root/ros_ws/src/Rescue_Car_ws/install/builtin_interfaces:/root/ros_ws/src/Rescue_Car_ws/install/micro_ros_demos_rclc:/root/ros_ws/src/Rescue_Car_ws/install/common_interfaces:/root/ros_ws/src/Rescue_Car_ws/install/visualization_msgs:/root/ros_ws/src/Rescue_Car_ws/install/test_msgs:/root/ros_ws/src/Rescue_Car_ws/install/example_interfaces:/root/ros_ws/src/Rescue_Car_ws/install/action_msgs:/root/ros_ws/src/Rescue_Car_ws/install/unique_identifier_msgs:/root/ros_ws/src/Rescue_Car_ws/install/trajectory_msgs:/root/ros_ws/src/Rescue_Car_ws/install/stereo_msgs:/root/ros_ws/src/Rescue_Car_ws/install/std_srvs:/root/ros_ws/src/Rescue_Car_ws/install/shape_msgs:/root/ros_ws/src/Rescue_Car_ws/install/sensor_msgs:/root/ros_ws/src/Rescue_Car_ws/install/nav_msgs:/root/ros_ws/src/Rescue_Car_ws/install/diagnostic_msgs:/root/ros_ws/src/Rescue_Car_ws/install/geometry_msgs:/root/ros_ws/src/Rescue_Car_ws/install/actionlib_msgs:/root/ros_ws/src/Rescue_Car_ws/install/std_msgs:/root/ros_ws/src/Rescue_Car_ws/install/statistics_msgs:/root/ros_ws/src/Rescue_Car_ws/install/rosidl_typesupport_microxrcedds_cpp_tests:/root/ros_ws/src/Rescue_Car_ws/install/rosidl_typesupport_microxrcedds_c_tests:/root/ros_ws/src/Rescue_Car_ws/install/rosgraph_msgs:/root/ros_ws/src/Rescue_Car_ws/install/rclc_parameter:/root/ros_ws/src/Rescue_Car_ws/install/rclc:/root/ros_ws/src/Rescue_Car_ws/install/composition_interfaces:/root/ros_ws/src/Rescue_Car_ws/install/rcl_interfaces:/root/ros_ws/src/Rescue_Car_ws/install/micro_ros_utilities:/root/ros_ws/src/Rescue_Car_ws/install/micro_ros_setup:/root/ros_ws/src/Rescue_Car_ws/install/micro_ros_agent:/root/ros_ws/src/Rescue_Car_ws/install/lifecycle_msgs:/root/ros_ws/src/Rescue_Car_ws/install/complex_msgs:/root/ros_ws/src/Rescue_Car_ws/install/car:/root/ros_ws/src/Rescue_Car_ws/install/sensor_msgs_py:/opt/ros/humble LD_LIBRARY_PATH=/root/ros_ws/src/Rescue_Car_ws/install/rosidl_typesupport_microxrcedds_test_msg/lib:/root/ros_ws/src/Rescue_Car_ws/install/rmw_microxrcedds/lib:/root/ros_ws/src/Rescue_Car_ws/install/micro_ros_msgs/lib:/root/ros_ws/src/Rescue_Car_ws/install/builtin_interfaces/lib:/root/ros_ws/src/Rescue_Car_ws/install/visualization_msgs/lib:/root/ros_ws/src/Rescue_Car_ws/install/test_msgs/lib:/root/ros_ws/src/Rescue_Car_ws/install/example_interfaces/lib:/root/ros_ws/src/Rescue_Car_ws/install/action_msgs/lib:/root/ros_ws/src/Rescue_Car_ws/install/unique_identifier_msgs/lib:/root/ros_ws/src/Rescue_Car_ws/install/trajectory_msgs/lib:/root/ros_ws/src/Rescue_Car_ws/install/stereo_msgs/lib:/root/ros_ws/src/Rescue_Car_ws/install/std_srvs/lib:/root/ros_ws/src/Rescue_Car_ws/install/shape_msgs/lib:/root/ros_ws/src/Rescue_Car_ws/install/sensor_msgs/lib:/root/ros_ws/src/Rescue_Car_ws/install/nav_msgs/lib:/root/ros_ws/src/Rescue_Car_ws/install/diagnostic_msgs/lib:/root/ros_ws/src/Rescue_Car_ws/install/geometry_msgs/lib:/root/ros_ws/src/Rescue_Car_ws/install/actionlib_msgs/lib:/root/ros_ws/src/Rescue_Car_ws/install/std_msgs/lib:/root/ros_ws/src/Rescue_Car_ws/install/statistics_msgs/lib:/root/ros_ws/src/Rescue_Car_ws/install/rosidl_typesupport_microxrcedds_cpp/lib:/root/ros_ws/src/Rescue_Car_ws/install/rosidl_typesupport_microxrcedds_c/lib:/root/ros_ws/src/Rescue_Car_ws/install/rosgraph_msgs/lib:/root/ros_ws/src/Rescue_Car_ws/install/rclc_parameter/lib:/root/ros_ws/src/Rescue_Car_ws/install/rclc/lib:/root/ros_ws/src/Rescue_Car_ws/install/composition_interfaces/lib:/root/ros_ws/src/Rescue_Car_ws/install/rcl_interfaces/lib:/root/ros_ws/src/Rescue_Car_ws/install/micro_ros_utilities/lib:/root/ros_ws/src/Rescue_Car_ws/install/micro_ros_agent/lib:/root/ros_ws/src/Rescue_Car_ws/install/lifecycle_msgs/lib:/root/ros_ws/src/Rescue_Car_ws/install/complex_msgs/lib:/usr/lib/x86_64-linux-gnu/gazebo-11/plugins:/opt/ros/humble/opt/rviz_ogre_vendor/lib:/opt/ros/humble/lib/x86_64-linux-gnu:/opt/ros/humble/lib /usr/bin/cmake --build /root/ros_ws/src/Rescue_Car_ws/build/rosidl_typesupport_microxrcedds_cpp_tests -- -j20 -l20
[4.376s] Level 1:colcon.colcon_core.environment:create_environment_scripts_only(stereo_msgs)
[4.377s] Level 1:colcon.colcon_core.environment:checking '/root/ros_ws/src/Rescue_Car_ws/install/stereo_msgs' for CMake module files
[4.378s] DEBUG:colcon.colcon_core.event_handler.log_command:Invoking command in '/root/ros_ws/src/Rescue_Car_ws/build/rosidl_typesupport_microxrcedds_c_tests': CMAKE_PREFIX_PATH=/root/ros_ws/src/Rescue_Car_ws/install/rosidl_typesupport_microxrcedds_test_msg:/root/ros_ws/src/Rescue_Car_ws/install/rmw_microxrcedds:/root/ros_ws/src/Rescue_Car_ws/install/rosidl_typesupport_microxrcedds_cpp:/root/ros_ws/src/Rescue_Car_ws/install/rosidl_typesupport_microxrcedds_c:/root/ros_ws/src/Rescue_Car_ws/install/microxrcedds_client:/root/ros_ws/src/Rescue_Car_ws/install/microcdr:/root/ros_ws/src/Rescue_Car_ws/install/micro_ros_msgs:/root/ros_ws/src/Rescue_Car_ws/install/builtin_interfaces:/root/ros_ws/src/Rescue_Car_ws/install/micro_ros_demos_rclc:/root/ros_ws/src/Rescue_Car_ws/install/common_interfaces:/root/ros_ws/src/Rescue_Car_ws/install/visualization_msgs:/root/ros_ws/src/Rescue_Car_ws/install/test_msgs:/root/ros_ws/src/Rescue_Car_ws/install/example_interfaces:/root/ros_ws/src/Rescue_Car_ws/install/action_msgs:/root/ros_ws/src/Rescue_Car_ws/install/unique_identifier_msgs:/root/ros_ws/src/Rescue_Car_ws/install/trajectory_msgs:/root/ros_ws/src/Rescue_Car_ws/install/stereo_msgs:/root/ros_ws/src/Rescue_Car_ws/install/std_srvs:/root/ros_ws/src/Rescue_Car_ws/install/shape_msgs:/root/ros_ws/src/Rescue_Car_ws/install/sensor_msgs:/root/ros_ws/src/Rescue_Car_ws/install/nav_msgs:/root/ros_ws/src/Rescue_Car_ws/install/diagnostic_msgs:/root/ros_ws/src/Rescue_Car_ws/install/geometry_msgs:/root/ros_ws/src/Rescue_Car_ws/install/actionlib_msgs:/root/ros_ws/src/Rescue_Car_ws/install/std_msgs:/root/ros_ws/src/Rescue_Car_ws/install/statistics_msgs:/root/ros_ws/src/Rescue_Car_ws/install/rosidl_typesupport_microxrcedds_cpp_tests:/root/ros_ws/src/Rescue_Car_ws/install/rosidl_typesupport_microxrcedds_c_tests:/root/ros_ws/src/Rescue_Car_ws/install/rosgraph_msgs:/root/ros_ws/src/Rescue_Car_ws/install/rclc_parameter:/root/ros_ws/src/Rescue_Car_ws/install/rclc:/root/ros_ws/src/Rescue_Car_ws/install/composition_interfaces:/root/ros_ws/src/Rescue_Car_ws/install/rcl_interfaces:/root/ros_ws/src/Rescue_Car_ws/install/micro_ros_utilities:/root/ros_ws/src/Rescue_Car_ws/install/micro_ros_setup:/root/ros_ws/src/Rescue_Car_ws/install/micro_ros_agent:/root/ros_ws/src/Rescue_Car_ws/install/lifecycle_msgs:/root/ros_ws/src/Rescue_Car_ws/install/complex_msgs:/root/ros_ws/src/Rescue_Car_ws/install/car:/root/ros_ws/src/Rescue_Car_ws/install/sensor_msgs_py:/opt/ros/humble LD_LIBRARY_PATH=/root/ros_ws/src/Rescue_Car_ws/install/rosidl_typesupport_microxrcedds_test_msg/lib:/root/ros_ws/src/Rescue_Car_ws/install/rmw_microxrcedds/lib:/root/ros_ws/src/Rescue_Car_ws/install/micro_ros_msgs/lib:/root/ros_ws/src/Rescue_Car_ws/install/builtin_interfaces/lib:/root/ros_ws/src/Rescue_Car_ws/install/visualization_msgs/lib:/root/ros_ws/src/Rescue_Car_ws/install/test_msgs/lib:/root/ros_ws/src/Rescue_Car_ws/install/example_interfaces/lib:/root/ros_ws/src/Rescue_Car_ws/install/action_msgs/lib:/root/ros_ws/src/Rescue_Car_ws/install/unique_identifier_msgs/lib:/root/ros_ws/src/Rescue_Car_ws/install/trajectory_msgs/lib:/root/ros_ws/src/Rescue_Car_ws/install/stereo_msgs/lib:/root/ros_ws/src/Rescue_Car_ws/install/std_srvs/lib:/root/ros_ws/src/Rescue_Car_ws/install/shape_msgs/lib:/root/ros_ws/src/Rescue_Car_ws/install/sensor_msgs/lib:/root/ros_ws/src/Rescue_Car_ws/install/nav_msgs/lib:/root/ros_ws/src/Rescue_Car_ws/install/diagnostic_msgs/lib:/root/ros_ws/src/Rescue_Car_ws/install/geometry_msgs/lib:/root/ros_ws/src/Rescue_Car_ws/install/actionlib_msgs/lib:/root/ros_ws/src/Rescue_Car_ws/install/std_msgs/lib:/root/ros_ws/src/Rescue_Car_ws/install/statistics_msgs/lib:/root/ros_ws/src/Rescue_Car_ws/install/rosidl_typesupport_microxrcedds_cpp/lib:/root/ros_ws/src/Rescue_Car_ws/install/rosidl_typesupport_microxrcedds_c/lib:/root/ros_ws/src/Rescue_Car_ws/install/rosgraph_msgs/lib:/root/ros_ws/src/Rescue_Car_ws/install/rclc_parameter/lib:/root/ros_ws/src/Rescue_Car_ws/install/rclc/lib:/root/ros_ws/src/Rescue_Car_ws/install/composition_interfaces/lib:/root/ros_ws/src/Rescue_Car_ws/install/rcl_interfaces/lib:/root/ros_ws/src/Rescue_Car_ws/install/micro_ros_utilities/lib:/root/ros_ws/src/Rescue_Car_ws/install/micro_ros_agent/lib:/root/ros_ws/src/Rescue_Car_ws/install/lifecycle_msgs/lib:/root/ros_ws/src/Rescue_Car_ws/install/complex_msgs/lib:/usr/lib/x86_64-linux-gnu/gazebo-11/plugins:/opt/ros/humble/opt/rviz_ogre_vendor/lib:/opt/ros/humble/lib/x86_64-linux-gnu:/opt/ros/humble/lib /usr/bin/cmake --build /root/ros_ws/src/Rescue_Car_ws/build/rosidl_typesupport_microxrcedds_c_tests -- -j20 -l20
[4.380s] Level 1:colcon.colcon_core.environment:checking '/root/ros_ws/src/Rescue_Car_ws/install/stereo_msgs' for CMake config files
[4.380s] DEBUG:colcon.colcon_core.event_handler.log_command:Invoked command in '/root/ros_ws/src/Rescue_Car_ws/build/stereo_msgs' returned '0': CMAKE_PREFIX_PATH=/root/ros_ws/src/Rescue_Car_ws/install/sensor_msgs:/root/ros_ws/src/Rescue_Car_ws/install/geometry_msgs:/root/ros_ws/src/Rescue_Car_ws/install/std_msgs:/root/ros_ws/src/Rescue_Car_ws/install/builtin_interfaces:/root/ros_ws/src/Rescue_Car_ws/install/micro_ros_demos_rclc:/root/ros_ws/src/Rescue_Car_ws/install/common_interfaces:/root/ros_ws/src/Rescue_Car_ws/install/visualization_msgs:/root/ros_ws/src/Rescue_Car_ws/install/test_msgs:/root/ros_ws/src/Rescue_Car_ws/install/example_interfaces:/root/ros_ws/src/Rescue_Car_ws/install/action_msgs:/root/ros_ws/src/Rescue_Car_ws/install/unique_identifier_msgs:/root/ros_ws/src/Rescue_Car_ws/install/trajectory_msgs:/root/ros_ws/src/Rescue_Car_ws/install/stereo_msgs:/root/ros_ws/src/Rescue_Car_ws/install/std_srvs:/root/ros_ws/src/Rescue_Car_ws/install/shape_msgs:/root/ros_ws/src/Rescue_Car_ws/install/nav_msgs:/root/ros_ws/src/Rescue_Car_ws/install/diagnostic_msgs:/root/ros_ws/src/Rescue_Car_ws/install/actionlib_msgs:/root/ros_ws/src/Rescue_Car_ws/install/statistics_msgs:/root/ros_ws/src/Rescue_Car_ws/install/rosidl_typesupport_microxrcedds_test_msg:/root/ros_ws/src/Rescue_Car_ws/install/rosidl_typesupport_microxrcedds_cpp_tests:/root/ros_ws/src/Rescue_Car_ws/install/rmw_microxrcedds:/root/ros_ws/src/Rescue_Car_ws/install/rosidl_typesupport_microxrcedds_cpp:/root/ros_ws/src/Rescue_Car_ws/install/rosidl_typesupport_microxrcedds_c_tests:/root/ros_ws/src/Rescue_Car_ws/install/rosidl_typesupport_microxrcedds_c:/root/ros_ws/src/Rescue_Car_ws/install/rosgraph_msgs:/root/ros_ws/src/Rescue_Car_ws/install/rclc_parameter:/root/ros_ws/src/Rescue_Car_ws/install/rclc:/root/ros_ws/src/Rescue_Car_ws/install/composition_interfaces:/root/ros_ws/src/Rescue_Car_ws/install/rcl_interfaces:/root/ros_ws/src/Rescue_Car_ws/install/microxrcedds_client:/root/ros_ws/src/Rescue_Car_ws/install/microcdr:/root/ros_ws/src/Rescue_Car_ws/install/micro_ros_utilities:/root/ros_ws/src/Rescue_Car_ws/install/micro_ros_setup:/root/ros_ws/src/Rescue_Car_ws/install/micro_ros_agent:/root/ros_ws/src/Rescue_Car_ws/install/micro_ros_msgs:/root/ros_ws/src/Rescue_Car_ws/install/lifecycle_msgs:/root/ros_ws/src/Rescue_Car_ws/install/complex_msgs:/root/ros_ws/src/Rescue_Car_ws/install/car:/root/ros_ws/src/Rescue_Car_ws/install/sensor_msgs_py:/opt/ros/humble LD_LIBRARY_PATH=/root/ros_ws/src/Rescue_Car_ws/install/sensor_msgs/lib:/root/ros_ws/src/Rescue_Car_ws/install/geometry_msgs/lib:/root/ros_ws/src/Rescue_Car_ws/install/std_msgs/lib:/root/ros_ws/src/Rescue_Car_ws/install/builtin_interfaces/lib:/root/ros_ws/src/Rescue_Car_ws/install/visualization_msgs/lib:/root/ros_ws/src/Rescue_Car_ws/install/test_msgs/lib:/root/ros_ws/src/Rescue_Car_ws/install/example_interfaces/lib:/root/ros_ws/src/Rescue_Car_ws/install/action_msgs/lib:/root/ros_ws/src/Rescue_Car_ws/install/unique_identifier_msgs/lib:/root/ros_ws/src/Rescue_Car_ws/install/trajectory_msgs/lib:/root/ros_ws/src/Rescue_Car_ws/install/stereo_msgs/lib:/root/ros_ws/src/Rescue_Car_ws/install/std_srvs/lib:/root/ros_ws/src/Rescue_Car_ws/install/shape_msgs/lib:/root/ros_ws/src/Rescue_Car_ws/install/nav_msgs/lib:/root/ros_ws/src/Rescue_Car_ws/install/diagnostic_msgs/lib:/root/ros_ws/src/Rescue_Car_ws/install/actionlib_msgs/lib:/root/ros_ws/src/Rescue_Car_ws/install/statistics_msgs/lib:/root/ros_ws/src/Rescue_Car_ws/install/rosidl_typesupport_microxrcedds_test_msg/lib:/root/ros_ws/src/Rescue_Car_ws/install/rmw_microxrcedds/lib:/root/ros_ws/src/Rescue_Car_ws/install/rosidl_typesupport_microxrcedds_cpp/lib:/root/ros_ws/src/Rescue_Car_ws/install/rosidl_typesupport_microxrcedds_c/lib:/root/ros_ws/src/Rescue_Car_ws/install/rosgraph_msgs/lib:/root/ros_ws/src/Rescue_Car_ws/install/rclc_parameter/lib:/root/ros_ws/src/Rescue_Car_ws/install/rclc/lib:/root/ros_ws/src/Rescue_Car_ws/install/composition_interfaces/lib:/root/ros_ws/src/Rescue_Car_ws/install/rcl_interfaces/lib:/root/ros_ws/src/Rescue_Car_ws/install/micro_ros_utilities/lib:/root/ros_ws/src/Rescue_Car_ws/install/micro_ros_agent/lib:/root/ros_ws/src/Rescue_Car_ws/install/micro_ros_msgs/lib:/root/ros_ws/src/Rescue_Car_ws/install/lifecycle_msgs/lib:/root/ros_ws/src/Rescue_Car_ws/install/complex_msgs/lib:/usr/lib/x86_64-linux-gnu/gazebo-11/plugins:/opt/ros/humble/opt/rviz_ogre_vendor/lib:/opt/ros/humble/lib/x86_64-linux-gnu:/opt/ros/humble/lib /usr/bin/cmake --install /root/ros_ws/src/Rescue_Car_ws/build/stereo_msgs
[4.392s] Level 1:colcon.colcon_core.shell:create_environment_hook('stereo_msgs', 'cmake_prefix_path')
[4.392s] INFO:colcon.colcon_core.shell:Creating environment hook '/root/ros_ws/src/Rescue_Car_ws/install/stereo_msgs/share/stereo_msgs/hook/cmake_prefix_path.ps1'
[4.395s] INFO:colcon.colcon_core.shell:Creating environment descriptor '/root/ros_ws/src/Rescue_Car_ws/install/stereo_msgs/share/stereo_msgs/hook/cmake_prefix_path.dsv'
[4.396s] INFO:colcon.colcon_core.shell:Creating environment hook '/root/ros_ws/src/Rescue_Car_ws/install/stereo_msgs/share/stereo_msgs/hook/cmake_prefix_path.sh'
[4.397s] Level 1:colcon.colcon_core.environment:checking '/root/ros_ws/src/Rescue_Car_ws/install/stereo_msgs/lib'
[4.397s] Level 1:colcon.colcon_core.shell:create_environment_hook('stereo_msgs', 'ld_library_path_lib')
[4.398s] INFO:colcon.colcon_core.shell:Creating environment hook '/root/ros_ws/src/Rescue_Car_ws/install/stereo_msgs/share/stereo_msgs/hook/ld_library_path_lib.ps1'
[4.398s] INFO:colcon.colcon_core.shell:Creating environment descriptor '/root/ros_ws/src/Rescue_Car_ws/install/stereo_msgs/share/stereo_msgs/hook/ld_library_path_lib.dsv'
[4.399s] INFO:colcon.colcon_core.shell:Creating environment hook '/root/ros_ws/src/Rescue_Car_ws/install/stereo_msgs/share/stereo_msgs/hook/ld_library_path_lib.sh'
[4.399s] Level 1:colcon.colcon_core.environment:checking '/root/ros_ws/src/Rescue_Car_ws/install/stereo_msgs/bin'
[4.399s] Level 1:colcon.colcon_core.environment:checking '/root/ros_ws/src/Rescue_Car_ws/install/stereo_msgs/lib/pkgconfig/stereo_msgs.pc'
[4.399s] Level 1:colcon.colcon_core.environment:checking '/root/ros_ws/src/Rescue_Car_ws/install/stereo_msgs/lib/python3.10/site-packages'
[4.399s] Level 1:colcon.colcon_core.environment:checking '/root/ros_ws/src/Rescue_Car_ws/install/stereo_msgs/bin'
[4.400s] INFO:colcon.colcon_core.shell:Creating package script '/root/ros_ws/src/Rescue_Car_ws/install/stereo_msgs/share/stereo_msgs/package.ps1'
[4.400s] INFO:colcon.colcon_core.shell:Creating package descriptor '/root/ros_ws/src/Rescue_Car_ws/install/stereo_msgs/share/stereo_msgs/package.dsv'
[4.401s] INFO:colcon.colcon_core.shell:Creating package script '/root/ros_ws/src/Rescue_Car_ws/install/stereo_msgs/share/stereo_msgs/package.sh'
[4.401s] INFO:colcon.colcon_core.shell:Creating package script '/root/ros_ws/src/Rescue_Car_ws/install/stereo_msgs/share/stereo_msgs/package.bash'
[4.401s] INFO:colcon.colcon_core.shell:Creating package script '/root/ros_ws/src/Rescue_Car_ws/install/stereo_msgs/share/stereo_msgs/package.zsh'
[4.401s] Level 1:colcon.colcon_core.environment:create_file_with_runtime_dependencies(/root/ros_ws/src/Rescue_Car_ws/install/stereo_msgs/share/colcon-core/packages/stereo_msgs)
[4.402s] Level 1:colcon.colcon_core.environment:create_environment_scripts_only(stereo_msgs)
[4.402s] Level 1:colcon.colcon_core.environment:checking '/root/ros_ws/src/Rescue_Car_ws/install/stereo_msgs' for CMake module files
[4.403s] Level 1:colcon.colcon_core.environment:checking '/root/ros_ws/src/Rescue_Car_ws/install/stereo_msgs' for CMake config files
[4.403s] Level 1:colcon.colcon_core.shell:create_environment_hook('stereo_msgs', 'cmake_prefix_path')
[4.403s] INFO:colcon.colcon_core.shell:Creating environment hook '/root/ros_ws/src/Rescue_Car_ws/install/stereo_msgs/share/stereo_msgs/hook/cmake_prefix_path.ps1'
[4.403s] INFO:colcon.colcon_core.shell:Creating environment descriptor '/root/ros_ws/src/Rescue_Car_ws/install/stereo_msgs/share/stereo_msgs/hook/cmake_prefix_path.dsv'
[4.404s] INFO:colcon.colcon_core.shell:Creating environment hook '/root/ros_ws/src/Rescue_Car_ws/install/stereo_msgs/share/stereo_msgs/hook/cmake_prefix_path.sh'
[4.404s] Level 1:colcon.colcon_core.environment:checking '/root/ros_ws/src/Rescue_Car_ws/install/stereo_msgs/lib'
[4.404s] Level 1:colcon.colcon_core.shell:create_environment_hook('stereo_msgs', 'ld_library_path_lib')
[4.404s] INFO:colcon.colcon_core.shell:Creating environment hook '/root/ros_ws/src/Rescue_Car_ws/install/stereo_msgs/share/stereo_msgs/hook/ld_library_path_lib.ps1'
[4.405s] INFO:colcon.colcon_core.shell:Creating environment descriptor '/root/ros_ws/src/Rescue_Car_ws/install/stereo_msgs/share/stereo_msgs/hook/ld_library_path_lib.dsv'
[4.405s] INFO:colcon.colcon_core.shell:Creating environment hook '/root/ros_ws/src/Rescue_Car_ws/install/stereo_msgs/share/stereo_msgs/hook/ld_library_path_lib.sh'
[4.406s] Level 1:colcon.colcon_core.environment:checking '/root/ros_ws/src/Rescue_Car_ws/install/stereo_msgs/bin'
[4.406s] Level 1:colcon.colcon_core.environment:checking '/root/ros_ws/src/Rescue_Car_ws/install/stereo_msgs/lib/pkgconfig/stereo_msgs.pc'
[4.406s] Level 1:colcon.colcon_core.environment:checking '/root/ros_ws/src/Rescue_Car_ws/install/stereo_msgs/lib/python3.10/site-packages'
[4.406s] Level 1:colcon.colcon_core.environment:checking '/root/ros_ws/src/Rescue_Car_ws/install/stereo_msgs/bin'
[4.406s] INFO:colcon.colcon_core.shell:Creating package script '/root/ros_ws/src/Rescue_Car_ws/install/stereo_msgs/share/stereo_msgs/package.ps1'
[4.407s] INFO:colcon.colcon_core.shell:Creating package descriptor '/root/ros_ws/src/Rescue_Car_ws/install/stereo_msgs/share/stereo_msgs/package.dsv'
[4.407s] INFO:colcon.colcon_core.shell:Creating package script '/root/ros_ws/src/Rescue_Car_ws/install/stereo_msgs/share/stereo_msgs/package.sh'
[4.408s] INFO:colcon.colcon_core.shell:Creating package script '/root/ros_ws/src/Rescue_Car_ws/install/stereo_msgs/share/stereo_msgs/package.bash'
[4.408s] INFO:colcon.colcon_core.shell:Creating package script '/root/ros_ws/src/Rescue_Car_ws/install/stereo_msgs/share/stereo_msgs/package.zsh'
[4.408s] Level 1:colcon.colcon_core.environment:create_file_with_runtime_dependencies(/root/ros_ws/src/Rescue_Car_ws/install/stereo_msgs/share/colcon-core/packages/stereo_msgs)
[4.410s] Level 1:colcon.colcon_core.environment:create_environment_scripts_only(visualization_msgs)
[4.411s] Level 1:colcon.colcon_core.environment:checking '/root/ros_ws/src/Rescue_Car_ws/install/visualization_msgs' for CMake module files
[4.411s] DEBUG:colcon.colcon_core.event_handler.log_command:Invoked command in '/root/ros_ws/src/Rescue_Car_ws/build/visualization_msgs' returned '0': CMAKE_PREFIX_PATH=/root/ros_ws/src/Rescue_Car_ws/install/sensor_msgs:/root/ros_ws/src/Rescue_Car_ws/install/geometry_msgs:/root/ros_ws/src/Rescue_Car_ws/install/std_msgs:/root/ros_ws/src/Rescue_Car_ws/install/builtin_interfaces:/root/ros_ws/src/Rescue_Car_ws/install/micro_ros_demos_rclc:/root/ros_ws/src/Rescue_Car_ws/install/common_interfaces:/root/ros_ws/src/Rescue_Car_ws/install/visualization_msgs:/root/ros_ws/src/Rescue_Car_ws/install/test_msgs:/root/ros_ws/src/Rescue_Car_ws/install/example_interfaces:/root/ros_ws/src/Rescue_Car_ws/install/action_msgs:/root/ros_ws/src/Rescue_Car_ws/install/unique_identifier_msgs:/root/ros_ws/src/Rescue_Car_ws/install/trajectory_msgs:/root/ros_ws/src/Rescue_Car_ws/install/stereo_msgs:/root/ros_ws/src/Rescue_Car_ws/install/std_srvs:/root/ros_ws/src/Rescue_Car_ws/install/shape_msgs:/root/ros_ws/src/Rescue_Car_ws/install/nav_msgs:/root/ros_ws/src/Rescue_Car_ws/install/diagnostic_msgs:/root/ros_ws/src/Rescue_Car_ws/install/actionlib_msgs:/root/ros_ws/src/Rescue_Car_ws/install/statistics_msgs:/root/ros_ws/src/Rescue_Car_ws/install/rosidl_typesupport_microxrcedds_test_msg:/root/ros_ws/src/Rescue_Car_ws/install/rosidl_typesupport_microxrcedds_cpp_tests:/root/ros_ws/src/Rescue_Car_ws/install/rmw_microxrcedds:/root/ros_ws/src/Rescue_Car_ws/install/rosidl_typesupport_microxrcedds_cpp:/root/ros_ws/src/Rescue_Car_ws/install/rosidl_typesupport_microxrcedds_c_tests:/root/ros_ws/src/Rescue_Car_ws/install/rosidl_typesupport_microxrcedds_c:/root/ros_ws/src/Rescue_Car_ws/install/rosgraph_msgs:/root/ros_ws/src/Rescue_Car_ws/install/rclc_parameter:/root/ros_ws/src/Rescue_Car_ws/install/rclc:/root/ros_ws/src/Rescue_Car_ws/install/composition_interfaces:/root/ros_ws/src/Rescue_Car_ws/install/rcl_interfaces:/root/ros_ws/src/Rescue_Car_ws/install/microxrcedds_client:/root/ros_ws/src/Rescue_Car_ws/install/microcdr:/root/ros_ws/src/Rescue_Car_ws/install/micro_ros_utilities:/root/ros_ws/src/Rescue_Car_ws/install/micro_ros_setup:/root/ros_ws/src/Rescue_Car_ws/install/micro_ros_agent:/root/ros_ws/src/Rescue_Car_ws/install/micro_ros_msgs:/root/ros_ws/src/Rescue_Car_ws/install/lifecycle_msgs:/root/ros_ws/src/Rescue_Car_ws/install/complex_msgs:/root/ros_ws/src/Rescue_Car_ws/install/car:/root/ros_ws/src/Rescue_Car_ws/install/sensor_msgs_py:/opt/ros/humble LD_LIBRARY_PATH=/root/ros_ws/src/Rescue_Car_ws/install/sensor_msgs/lib:/root/ros_ws/src/Rescue_Car_ws/install/geometry_msgs/lib:/root/ros_ws/src/Rescue_Car_ws/install/std_msgs/lib:/root/ros_ws/src/Rescue_Car_ws/install/builtin_interfaces/lib:/root/ros_ws/src/Rescue_Car_ws/install/visualization_msgs/lib:/root/ros_ws/src/Rescue_Car_ws/install/test_msgs/lib:/root/ros_ws/src/Rescue_Car_ws/install/example_interfaces/lib:/root/ros_ws/src/Rescue_Car_ws/install/action_msgs/lib:/root/ros_ws/src/Rescue_Car_ws/install/unique_identifier_msgs/lib:/root/ros_ws/src/Rescue_Car_ws/install/trajectory_msgs/lib:/root/ros_ws/src/Rescue_Car_ws/install/stereo_msgs/lib:/root/ros_ws/src/Rescue_Car_ws/install/std_srvs/lib:/root/ros_ws/src/Rescue_Car_ws/install/shape_msgs/lib:/root/ros_ws/src/Rescue_Car_ws/install/nav_msgs/lib:/root/ros_ws/src/Rescue_Car_ws/install/diagnostic_msgs/lib:/root/ros_ws/src/Rescue_Car_ws/install/actionlib_msgs/lib:/root/ros_ws/src/Rescue_Car_ws/install/statistics_msgs/lib:/root/ros_ws/src/Rescue_Car_ws/install/rosidl_typesupport_microxrcedds_test_msg/lib:/root/ros_ws/src/Rescue_Car_ws/install/rmw_microxrcedds/lib:/root/ros_ws/src/Rescue_Car_ws/install/rosidl_typesupport_microxrcedds_cpp/lib:/root/ros_ws/src/Rescue_Car_ws/install/rosidl_typesupport_microxrcedds_c/lib:/root/ros_ws/src/Rescue_Car_ws/install/rosgraph_msgs/lib:/root/ros_ws/src/Rescue_Car_ws/install/rclc_parameter/lib:/root/ros_ws/src/Rescue_Car_ws/install/rclc/lib:/root/ros_ws/src/Rescue_Car_ws/install/composition_interfaces/lib:/root/ros_ws/src/Rescue_Car_ws/install/rcl_interfaces/lib:/root/ros_ws/src/Rescue_Car_ws/install/micro_ros_utilities/lib:/root/ros_ws/src/Rescue_Car_ws/install/micro_ros_agent/lib:/root/ros_ws/src/Rescue_Car_ws/install/micro_ros_msgs/lib:/root/ros_ws/src/Rescue_Car_ws/install/lifecycle_msgs/lib:/root/ros_ws/src/Rescue_Car_ws/install/complex_msgs/lib:/usr/lib/x86_64-linux-gnu/gazebo-11/plugins:/opt/ros/humble/opt/rviz_ogre_vendor/lib:/opt/ros/humble/lib/x86_64-linux-gnu:/opt/ros/humble/lib /usr/bin/cmake --install /root/ros_ws/src/Rescue_Car_ws/build/visualization_msgs
[4.412s] Level 1:colcon.colcon_core.environment:checking '/root/ros_ws/src/Rescue_Car_ws/install/visualization_msgs' for CMake config files
[4.412s] Level 1:colcon.colcon_core.shell:create_environment_hook('visualization_msgs', 'cmake_prefix_path')
[4.413s] INFO:colcon.colcon_core.shell:Creating environment hook '/root/ros_ws/src/Rescue_Car_ws/install/visualization_msgs/share/visualization_msgs/hook/cmake_prefix_path.ps1'
[4.413s] INFO:colcon.colcon_core.shell:Creating environment descriptor '/root/ros_ws/src/Rescue_Car_ws/install/visualization_msgs/share/visualization_msgs/hook/cmake_prefix_path.dsv'
[4.413s] INFO:colcon.colcon_core.shell:Creating environment hook '/root/ros_ws/src/Rescue_Car_ws/install/visualization_msgs/share/visualization_msgs/hook/cmake_prefix_path.sh'
[4.414s] Level 1:colcon.colcon_core.environment:checking '/root/ros_ws/src/Rescue_Car_ws/install/visualization_msgs/lib'
[4.414s] Level 1:colcon.colcon_core.shell:create_environment_hook('visualization_msgs', 'ld_library_path_lib')
[4.414s] INFO:colcon.colcon_core.shell:Creating environment hook '/root/ros_ws/src/Rescue_Car_ws/install/visualization_msgs/share/visualization_msgs/hook/ld_library_path_lib.ps1'
[4.414s] INFO:colcon.colcon_core.shell:Creating environment descriptor '/root/ros_ws/src/Rescue_Car_ws/install/visualization_msgs/share/visualization_msgs/hook/ld_library_path_lib.dsv'
[4.414s] INFO:colcon.colcon_core.shell:Creating environment hook '/root/ros_ws/src/Rescue_Car_ws/install/visualization_msgs/share/visualization_msgs/hook/ld_library_path_lib.sh'
[4.415s] Level 1:colcon.colcon_core.environment:checking '/root/ros_ws/src/Rescue_Car_ws/install/visualization_msgs/bin'
[4.415s] Level 1:colcon.colcon_core.environment:checking '/root/ros_ws/src/Rescue_Car_ws/install/visualization_msgs/lib/pkgconfig/visualization_msgs.pc'
[4.415s] Level 1:colcon.colcon_core.environment:checking '/root/ros_ws/src/Rescue_Car_ws/install/visualization_msgs/lib/python3.10/site-packages'
[4.415s] Level 1:colcon.colcon_core.environment:checking '/root/ros_ws/src/Rescue_Car_ws/install/visualization_msgs/bin'
[4.415s] INFO:colcon.colcon_core.shell:Creating package script '/root/ros_ws/src/Rescue_Car_ws/install/visualization_msgs/share/visualization_msgs/package.ps1'
[4.416s] INFO:colcon.colcon_core.shell:Creating package descriptor '/root/ros_ws/src/Rescue_Car_ws/install/visualization_msgs/share/visualization_msgs/package.dsv'
[4.416s] INFO:colcon.colcon_core.shell:Creating package script '/root/ros_ws/src/Rescue_Car_ws/install/visualization_msgs/share/visualization_msgs/package.sh'
[4.416s] INFO:colcon.colcon_core.shell:Creating package script '/root/ros_ws/src/Rescue_Car_ws/install/visualization_msgs/share/visualization_msgs/package.bash'
[4.417s] INFO:colcon.colcon_core.shell:Creating package script '/root/ros_ws/src/Rescue_Car_ws/install/visualization_msgs/share/visualization_msgs/package.zsh'
[4.417s] Level 1:colcon.colcon_core.environment:create_file_with_runtime_dependencies(/root/ros_ws/src/Rescue_Car_ws/install/visualization_msgs/share/colcon-core/packages/visualization_msgs)
[4.417s] Level 1:colcon.colcon_core.environment:create_environment_scripts_only(visualization_msgs)
[4.418s] Level 1:colcon.colcon_core.environment:checking '/root/ros_ws/src/Rescue_Car_ws/install/visualization_msgs' for CMake module files
[4.418s] Level 1:colcon.colcon_core.environment:checking '/root/ros_ws/src/Rescue_Car_ws/install/visualization_msgs' for CMake config files
[4.419s] Level 1:colcon.colcon_core.shell:create_environment_hook('visualization_msgs', 'cmake_prefix_path')
[4.419s] INFO:colcon.colcon_core.shell:Creating environment hook '/root/ros_ws/src/Rescue_Car_ws/install/visualization_msgs/share/visualization_msgs/hook/cmake_prefix_path.ps1'
[4.420s] INFO:colcon.colcon_core.shell:Creating environment descriptor '/root/ros_ws/src/Rescue_Car_ws/install/visualization_msgs/share/visualization_msgs/hook/cmake_prefix_path.dsv'
[4.421s] INFO:colcon.colcon_core.shell:Creating environment hook '/root/ros_ws/src/Rescue_Car_ws/install/visualization_msgs/share/visualization_msgs/hook/cmake_prefix_path.sh'
[4.422s] Level 1:colcon.colcon_core.environment:checking '/root/ros_ws/src/Rescue_Car_ws/install/visualization_msgs/lib'
[4.422s] Level 1:colcon.colcon_core.shell:create_environment_hook('visualization_msgs', 'ld_library_path_lib')
[4.422s] INFO:colcon.colcon_core.shell:Creating environment hook '/root/ros_ws/src/Rescue_Car_ws/install/visualization_msgs/share/visualization_msgs/hook/ld_library_path_lib.ps1'
[4.423s] INFO:colcon.colcon_core.shell:Creating environment descriptor '/root/ros_ws/src/Rescue_Car_ws/install/visualization_msgs/share/visualization_msgs/hook/ld_library_path_lib.dsv'
[4.423s] INFO:colcon.colcon_core.shell:Creating environment hook '/root/ros_ws/src/Rescue_Car_ws/install/visualization_msgs/share/visualization_msgs/hook/ld_library_path_lib.sh'
[4.423s] Level 1:colcon.colcon_core.environment:checking '/root/ros_ws/src/Rescue_Car_ws/install/visualization_msgs/bin'
[4.423s] Level 1:colcon.colcon_core.environment:checking '/root/ros_ws/src/Rescue_Car_ws/install/visualization_msgs/lib/pkgconfig/visualization_msgs.pc'
[4.423s] Level 1:colcon.colcon_core.environment:checking '/root/ros_ws/src/Rescue_Car_ws/install/visualization_msgs/lib/python3.10/site-packages'
[4.424s] Level 1:colcon.colcon_core.environment:checking '/root/ros_ws/src/Rescue_Car_ws/install/visualization_msgs/bin'
[4.424s] INFO:colcon.colcon_core.shell:Creating package script '/root/ros_ws/src/Rescue_Car_ws/install/visualization_msgs/share/visualization_msgs/package.ps1'
[4.425s] INFO:colcon.colcon_core.shell:Creating package descriptor '/root/ros_ws/src/Rescue_Car_ws/install/visualization_msgs/share/visualization_msgs/package.dsv'
[4.425s] INFO:colcon.colcon_core.shell:Creating package script '/root/ros_ws/src/Rescue_Car_ws/install/visualization_msgs/share/visualization_msgs/package.sh'
[4.426s] INFO:colcon.colcon_core.shell:Creating package script '/root/ros_ws/src/Rescue_Car_ws/install/visualization_msgs/share/visualization_msgs/package.bash'
[4.426s] INFO:colcon.colcon_core.shell:Creating package script '/root/ros_ws/src/Rescue_Car_ws/install/visualization_msgs/share/visualization_msgs/package.zsh'
[4.427s] Level 1:colcon.colcon_core.environment:create_file_with_runtime_dependencies(/root/ros_ws/src/Rescue_Car_ws/install/visualization_msgs/share/colcon-core/packages/visualization_msgs)
[4.428s] INFO:colcon.colcon_ros.task.ament_cmake.build:Building ROS package in '/root/ros_ws/src/Rescue_Car_ws/src/microros/src/ros2/common_interfaces/common_interfaces' with build type 'ament_cmake'
[4.428s] INFO:colcon.colcon_cmake.task.cmake.build:Building CMake package in '/root/ros_ws/src/Rescue_Car_ws/src/microros/src/ros2/common_interfaces/common_interfaces'
[4.428s] INFO:colcon.colcon_core.shell:Skip shell extension 'powershell' for command environment: Not usable outside of PowerShell
[4.429s] DEBUG:colcon.colcon_core.shell:Skip shell extension 'dsv' for command environment
[4.465s] DEBUG:colcon.colcon_core.event_handler.log_command:Invoked command in '/root/ros_ws/src/Rescue_Car_ws/build/rosidl_typesupport_microxrcedds_cpp_tests' returned '0': CMAKE_PREFIX_PATH=/root/ros_ws/src/Rescue_Car_ws/install/rosidl_typesupport_microxrcedds_test_msg:/root/ros_ws/src/Rescue_Car_ws/install/rmw_microxrcedds:/root/ros_ws/src/Rescue_Car_ws/install/rosidl_typesupport_microxrcedds_cpp:/root/ros_ws/src/Rescue_Car_ws/install/rosidl_typesupport_microxrcedds_c:/root/ros_ws/src/Rescue_Car_ws/install/microxrcedds_client:/root/ros_ws/src/Rescue_Car_ws/install/microcdr:/root/ros_ws/src/Rescue_Car_ws/install/micro_ros_msgs:/root/ros_ws/src/Rescue_Car_ws/install/builtin_interfaces:/root/ros_ws/src/Rescue_Car_ws/install/micro_ros_demos_rclc:/root/ros_ws/src/Rescue_Car_ws/install/common_interfaces:/root/ros_ws/src/Rescue_Car_ws/install/visualization_msgs:/root/ros_ws/src/Rescue_Car_ws/install/test_msgs:/root/ros_ws/src/Rescue_Car_ws/install/example_interfaces:/root/ros_ws/src/Rescue_Car_ws/install/action_msgs:/root/ros_ws/src/Rescue_Car_ws/install/unique_identifier_msgs:/root/ros_ws/src/Rescue_Car_ws/install/trajectory_msgs:/root/ros_ws/src/Rescue_Car_ws/install/stereo_msgs:/root/ros_ws/src/Rescue_Car_ws/install/std_srvs:/root/ros_ws/src/Rescue_Car_ws/install/shape_msgs:/root/ros_ws/src/Rescue_Car_ws/install/sensor_msgs:/root/ros_ws/src/Rescue_Car_ws/install/nav_msgs:/root/ros_ws/src/Rescue_Car_ws/install/diagnostic_msgs:/root/ros_ws/src/Rescue_Car_ws/install/geometry_msgs:/root/ros_ws/src/Rescue_Car_ws/install/actionlib_msgs:/root/ros_ws/src/Rescue_Car_ws/install/std_msgs:/root/ros_ws/src/Rescue_Car_ws/install/statistics_msgs:/root/ros_ws/src/Rescue_Car_ws/install/rosidl_typesupport_microxrcedds_cpp_tests:/root/ros_ws/src/Rescue_Car_ws/install/rosidl_typesupport_microxrcedds_c_tests:/root/ros_ws/src/Rescue_Car_ws/install/rosgraph_msgs:/root/ros_ws/src/Rescue_Car_ws/install/rclc_parameter:/root/ros_ws/src/Rescue_Car_ws/install/rclc:/root/ros_ws/src/Rescue_Car_ws/install/composition_interfaces:/root/ros_ws/src/Rescue_Car_ws/install/rcl_interfaces:/root/ros_ws/src/Rescue_Car_ws/install/micro_ros_utilities:/root/ros_ws/src/Rescue_Car_ws/install/micro_ros_setup:/root/ros_ws/src/Rescue_Car_ws/install/micro_ros_agent:/root/ros_ws/src/Rescue_Car_ws/install/lifecycle_msgs:/root/ros_ws/src/Rescue_Car_ws/install/complex_msgs:/root/ros_ws/src/Rescue_Car_ws/install/car:/root/ros_ws/src/Rescue_Car_ws/install/sensor_msgs_py:/opt/ros/humble LD_LIBRARY_PATH=/root/ros_ws/src/Rescue_Car_ws/install/rosidl_typesupport_microxrcedds_test_msg/lib:/root/ros_ws/src/Rescue_Car_ws/install/rmw_microxrcedds/lib:/root/ros_ws/src/Rescue_Car_ws/install/micro_ros_msgs/lib:/root/ros_ws/src/Rescue_Car_ws/install/builtin_interfaces/lib:/root/ros_ws/src/Rescue_Car_ws/install/visualization_msgs/lib:/root/ros_ws/src/Rescue_Car_ws/install/test_msgs/lib:/root/ros_ws/src/Rescue_Car_ws/install/example_interfaces/lib:/root/ros_ws/src/Rescue_Car_ws/install/action_msgs/lib:/root/ros_ws/src/Rescue_Car_ws/install/unique_identifier_msgs/lib:/root/ros_ws/src/Rescue_Car_ws/install/trajectory_msgs/lib:/root/ros_ws/src/Rescue_Car_ws/install/stereo_msgs/lib:/root/ros_ws/src/Rescue_Car_ws/install/std_srvs/lib:/root/ros_ws/src/Rescue_Car_ws/install/shape_msgs/lib:/root/ros_ws/src/Rescue_Car_ws/install/sensor_msgs/lib:/root/ros_ws/src/Rescue_Car_ws/install/nav_msgs/lib:/root/ros_ws/src/Rescue_Car_ws/install/diagnostic_msgs/lib:/root/ros_ws/src/Rescue_Car_ws/install/geometry_msgs/lib:/root/ros_ws/src/Rescue_Car_ws/install/actionlib_msgs/lib:/root/ros_ws/src/Rescue_Car_ws/install/std_msgs/lib:/root/ros_ws/src/Rescue_Car_ws/install/statistics_msgs/lib:/root/ros_ws/src/Rescue_Car_ws/install/rosidl_typesupport_microxrcedds_cpp/lib:/root/ros_ws/src/Rescue_Car_ws/install/rosidl_typesupport_microxrcedds_c/lib:/root/ros_ws/src/Rescue_Car_ws/install/rosgraph_msgs/lib:/root/ros_ws/src/Rescue_Car_ws/install/rclc_parameter/lib:/root/ros_ws/src/Rescue_Car_ws/install/rclc/lib:/root/ros_ws/src/Rescue_Car_ws/install/composition_interfaces/lib:/root/ros_ws/src/Rescue_Car_ws/install/rcl_interfaces/lib:/root/ros_ws/src/Rescue_Car_ws/install/micro_ros_utilities/lib:/root/ros_ws/src/Rescue_Car_ws/install/micro_ros_agent/lib:/root/ros_ws/src/Rescue_Car_ws/install/lifecycle_msgs/lib:/root/ros_ws/src/Rescue_Car_ws/install/complex_msgs/lib:/usr/lib/x86_64-linux-gnu/gazebo-11/plugins:/opt/ros/humble/opt/rviz_ogre_vendor/lib:/opt/ros/humble/lib/x86_64-linux-gnu:/opt/ros/humble/lib /usr/bin/cmake --build /root/ros_ws/src/Rescue_Car_ws/build/rosidl_typesupport_microxrcedds_cpp_tests -- -j20 -l20
[4.467s] DEBUG:colcon.colcon_core.event_handler.log_command:Invoking command in '/root/ros_ws/src/Rescue_Car_ws/build/rosidl_typesupport_microxrcedds_cpp_tests': CMAKE_PREFIX_PATH=/root/ros_ws/src/Rescue_Car_ws/install/rosidl_typesupport_microxrcedds_test_msg:/root/ros_ws/src/Rescue_Car_ws/install/rmw_microxrcedds:/root/ros_ws/src/Rescue_Car_ws/install/rosidl_typesupport_microxrcedds_cpp:/root/ros_ws/src/Rescue_Car_ws/install/rosidl_typesupport_microxrcedds_c:/root/ros_ws/src/Rescue_Car_ws/install/microxrcedds_client:/root/ros_ws/src/Rescue_Car_ws/install/microcdr:/root/ros_ws/src/Rescue_Car_ws/install/micro_ros_msgs:/root/ros_ws/src/Rescue_Car_ws/install/builtin_interfaces:/root/ros_ws/src/Rescue_Car_ws/install/micro_ros_demos_rclc:/root/ros_ws/src/Rescue_Car_ws/install/common_interfaces:/root/ros_ws/src/Rescue_Car_ws/install/visualization_msgs:/root/ros_ws/src/Rescue_Car_ws/install/test_msgs:/root/ros_ws/src/Rescue_Car_ws/install/example_interfaces:/root/ros_ws/src/Rescue_Car_ws/install/action_msgs:/root/ros_ws/src/Rescue_Car_ws/install/unique_identifier_msgs:/root/ros_ws/src/Rescue_Car_ws/install/trajectory_msgs:/root/ros_ws/src/Rescue_Car_ws/install/stereo_msgs:/root/ros_ws/src/Rescue_Car_ws/install/std_srvs:/root/ros_ws/src/Rescue_Car_ws/install/shape_msgs:/root/ros_ws/src/Rescue_Car_ws/install/sensor_msgs:/root/ros_ws/src/Rescue_Car_ws/install/nav_msgs:/root/ros_ws/src/Rescue_Car_ws/install/diagnostic_msgs:/root/ros_ws/src/Rescue_Car_ws/install/geometry_msgs:/root/ros_ws/src/Rescue_Car_ws/install/actionlib_msgs:/root/ros_ws/src/Rescue_Car_ws/install/std_msgs:/root/ros_ws/src/Rescue_Car_ws/install/statistics_msgs:/root/ros_ws/src/Rescue_Car_ws/install/rosidl_typesupport_microxrcedds_cpp_tests:/root/ros_ws/src/Rescue_Car_ws/install/rosidl_typesupport_microxrcedds_c_tests:/root/ros_ws/src/Rescue_Car_ws/install/rosgraph_msgs:/root/ros_ws/src/Rescue_Car_ws/install/rclc_parameter:/root/ros_ws/src/Rescue_Car_ws/install/rclc:/root/ros_ws/src/Rescue_Car_ws/install/composition_interfaces:/root/ros_ws/src/Rescue_Car_ws/install/rcl_interfaces:/root/ros_ws/src/Rescue_Car_ws/install/micro_ros_utilities:/root/ros_ws/src/Rescue_Car_ws/install/micro_ros_setup:/root/ros_ws/src/Rescue_Car_ws/install/micro_ros_agent:/root/ros_ws/src/Rescue_Car_ws/install/lifecycle_msgs:/root/ros_ws/src/Rescue_Car_ws/install/complex_msgs:/root/ros_ws/src/Rescue_Car_ws/install/car:/root/ros_ws/src/Rescue_Car_ws/install/sensor_msgs_py:/opt/ros/humble LD_LIBRARY_PATH=/root/ros_ws/src/Rescue_Car_ws/install/rosidl_typesupport_microxrcedds_test_msg/lib:/root/ros_ws/src/Rescue_Car_ws/install/rmw_microxrcedds/lib:/root/ros_ws/src/Rescue_Car_ws/install/micro_ros_msgs/lib:/root/ros_ws/src/Rescue_Car_ws/install/builtin_interfaces/lib:/root/ros_ws/src/Rescue_Car_ws/install/visualization_msgs/lib:/root/ros_ws/src/Rescue_Car_ws/install/test_msgs/lib:/root/ros_ws/src/Rescue_Car_ws/install/example_interfaces/lib:/root/ros_ws/src/Rescue_Car_ws/install/action_msgs/lib:/root/ros_ws/src/Rescue_Car_ws/install/unique_identifier_msgs/lib:/root/ros_ws/src/Rescue_Car_ws/install/trajectory_msgs/lib:/root/ros_ws/src/Rescue_Car_ws/install/stereo_msgs/lib:/root/ros_ws/src/Rescue_Car_ws/install/std_srvs/lib:/root/ros_ws/src/Rescue_Car_ws/install/shape_msgs/lib:/root/ros_ws/src/Rescue_Car_ws/install/sensor_msgs/lib:/root/ros_ws/src/Rescue_Car_ws/install/nav_msgs/lib:/root/ros_ws/src/Rescue_Car_ws/install/diagnostic_msgs/lib:/root/ros_ws/src/Rescue_Car_ws/install/geometry_msgs/lib:/root/ros_ws/src/Rescue_Car_ws/install/actionlib_msgs/lib:/root/ros_ws/src/Rescue_Car_ws/install/std_msgs/lib:/root/ros_ws/src/Rescue_Car_ws/install/statistics_msgs/lib:/root/ros_ws/src/Rescue_Car_ws/install/rosidl_typesupport_microxrcedds_cpp/lib:/root/ros_ws/src/Rescue_Car_ws/install/rosidl_typesupport_microxrcedds_c/lib:/root/ros_ws/src/Rescue_Car_ws/install/rosgraph_msgs/lib:/root/ros_ws/src/Rescue_Car_ws/install/rclc_parameter/lib:/root/ros_ws/src/Rescue_Car_ws/install/rclc/lib:/root/ros_ws/src/Rescue_Car_ws/install/composition_interfaces/lib:/root/ros_ws/src/Rescue_Car_ws/install/rcl_interfaces/lib:/root/ros_ws/src/Rescue_Car_ws/install/micro_ros_utilities/lib:/root/ros_ws/src/Rescue_Car_ws/install/micro_ros_agent/lib:/root/ros_ws/src/Rescue_Car_ws/install/lifecycle_msgs/lib:/root/ros_ws/src/Rescue_Car_ws/install/complex_msgs/lib:/usr/lib/x86_64-linux-gnu/gazebo-11/plugins:/opt/ros/humble/opt/rviz_ogre_vendor/lib:/opt/ros/humble/lib/x86_64-linux-gnu:/opt/ros/humble/lib /usr/bin/cmake --install /root/ros_ws/src/Rescue_Car_ws/build/rosidl_typesupport_microxrcedds_cpp_tests
[4.473s] DEBUG:colcon.colcon_core.event_handler.log_command:Invoked command in '/root/ros_ws/src/Rescue_Car_ws/build/rosidl_typesupport_microxrcedds_c_tests' returned '0': CMAKE_PREFIX_PATH=/root/ros_ws/src/Rescue_Car_ws/install/rosidl_typesupport_microxrcedds_test_msg:/root/ros_ws/src/Rescue_Car_ws/install/rmw_microxrcedds:/root/ros_ws/src/Rescue_Car_ws/install/rosidl_typesupport_microxrcedds_cpp:/root/ros_ws/src/Rescue_Car_ws/install/rosidl_typesupport_microxrcedds_c:/root/ros_ws/src/Rescue_Car_ws/install/microxrcedds_client:/root/ros_ws/src/Rescue_Car_ws/install/microcdr:/root/ros_ws/src/Rescue_Car_ws/install/micro_ros_msgs:/root/ros_ws/src/Rescue_Car_ws/install/builtin_interfaces:/root/ros_ws/src/Rescue_Car_ws/install/micro_ros_demos_rclc:/root/ros_ws/src/Rescue_Car_ws/install/common_interfaces:/root/ros_ws/src/Rescue_Car_ws/install/visualization_msgs:/root/ros_ws/src/Rescue_Car_ws/install/test_msgs:/root/ros_ws/src/Rescue_Car_ws/install/example_interfaces:/root/ros_ws/src/Rescue_Car_ws/install/action_msgs:/root/ros_ws/src/Rescue_Car_ws/install/unique_identifier_msgs:/root/ros_ws/src/Rescue_Car_ws/install/trajectory_msgs:/root/ros_ws/src/Rescue_Car_ws/install/stereo_msgs:/root/ros_ws/src/Rescue_Car_ws/install/std_srvs:/root/ros_ws/src/Rescue_Car_ws/install/shape_msgs:/root/ros_ws/src/Rescue_Car_ws/install/sensor_msgs:/root/ros_ws/src/Rescue_Car_ws/install/nav_msgs:/root/ros_ws/src/Rescue_Car_ws/install/diagnostic_msgs:/root/ros_ws/src/Rescue_Car_ws/install/geometry_msgs:/root/ros_ws/src/Rescue_Car_ws/install/actionlib_msgs:/root/ros_ws/src/Rescue_Car_ws/install/std_msgs:/root/ros_ws/src/Rescue_Car_ws/install/statistics_msgs:/root/ros_ws/src/Rescue_Car_ws/install/rosidl_typesupport_microxrcedds_cpp_tests:/root/ros_ws/src/Rescue_Car_ws/install/rosidl_typesupport_microxrcedds_c_tests:/root/ros_ws/src/Rescue_Car_ws/install/rosgraph_msgs:/root/ros_ws/src/Rescue_Car_ws/install/rclc_parameter:/root/ros_ws/src/Rescue_Car_ws/install/rclc:/root/ros_ws/src/Rescue_Car_ws/install/composition_interfaces:/root/ros_ws/src/Rescue_Car_ws/install/rcl_interfaces:/root/ros_ws/src/Rescue_Car_ws/install/micro_ros_utilities:/root/ros_ws/src/Rescue_Car_ws/install/micro_ros_setup:/root/ros_ws/src/Rescue_Car_ws/install/micro_ros_agent:/root/ros_ws/src/Rescue_Car_ws/install/lifecycle_msgs:/root/ros_ws/src/Rescue_Car_ws/install/complex_msgs:/root/ros_ws/src/Rescue_Car_ws/install/car:/root/ros_ws/src/Rescue_Car_ws/install/sensor_msgs_py:/opt/ros/humble LD_LIBRARY_PATH=/root/ros_ws/src/Rescue_Car_ws/install/rosidl_typesupport_microxrcedds_test_msg/lib:/root/ros_ws/src/Rescue_Car_ws/install/rmw_microxrcedds/lib:/root/ros_ws/src/Rescue_Car_ws/install/micro_ros_msgs/lib:/root/ros_ws/src/Rescue_Car_ws/install/builtin_interfaces/lib:/root/ros_ws/src/Rescue_Car_ws/install/visualization_msgs/lib:/root/ros_ws/src/Rescue_Car_ws/install/test_msgs/lib:/root/ros_ws/src/Rescue_Car_ws/install/example_interfaces/lib:/root/ros_ws/src/Rescue_Car_ws/install/action_msgs/lib:/root/ros_ws/src/Rescue_Car_ws/install/unique_identifier_msgs/lib:/root/ros_ws/src/Rescue_Car_ws/install/trajectory_msgs/lib:/root/ros_ws/src/Rescue_Car_ws/install/stereo_msgs/lib:/root/ros_ws/src/Rescue_Car_ws/install/std_srvs/lib:/root/ros_ws/src/Rescue_Car_ws/install/shape_msgs/lib:/root/ros_ws/src/Rescue_Car_ws/install/sensor_msgs/lib:/root/ros_ws/src/Rescue_Car_ws/install/nav_msgs/lib:/root/ros_ws/src/Rescue_Car_ws/install/diagnostic_msgs/lib:/root/ros_ws/src/Rescue_Car_ws/install/geometry_msgs/lib:/root/ros_ws/src/Rescue_Car_ws/install/actionlib_msgs/lib:/root/ros_ws/src/Rescue_Car_ws/install/std_msgs/lib:/root/ros_ws/src/Rescue_Car_ws/install/statistics_msgs/lib:/root/ros_ws/src/Rescue_Car_ws/install/rosidl_typesupport_microxrcedds_cpp/lib:/root/ros_ws/src/Rescue_Car_ws/install/rosidl_typesupport_microxrcedds_c/lib:/root/ros_ws/src/Rescue_Car_ws/install/rosgraph_msgs/lib:/root/ros_ws/src/Rescue_Car_ws/install/rclc_parameter/lib:/root/ros_ws/src/Rescue_Car_ws/install/rclc/lib:/root/ros_ws/src/Rescue_Car_ws/install/composition_interfaces/lib:/root/ros_ws/src/Rescue_Car_ws/install/rcl_interfaces/lib:/root/ros_ws/src/Rescue_Car_ws/install/micro_ros_utilities/lib:/root/ros_ws/src/Rescue_Car_ws/install/micro_ros_agent/lib:/root/ros_ws/src/Rescue_Car_ws/install/lifecycle_msgs/lib:/root/ros_ws/src/Rescue_Car_ws/install/complex_msgs/lib:/usr/lib/x86_64-linux-gnu/gazebo-11/plugins:/opt/ros/humble/opt/rviz_ogre_vendor/lib:/opt/ros/humble/lib/x86_64-linux-gnu:/opt/ros/humble/lib /usr/bin/cmake --build /root/ros_ws/src/Rescue_Car_ws/build/rosidl_typesupport_microxrcedds_c_tests -- -j20 -l20
[4.475s] DEBUG:colcon.colcon_core.event_handler.log_command:Invoking command in '/root/ros_ws/src/Rescue_Car_ws/build/rosidl_typesupport_microxrcedds_c_tests': CMAKE_PREFIX_PATH=/root/ros_ws/src/Rescue_Car_ws/install/rosidl_typesupport_microxrcedds_test_msg:/root/ros_ws/src/Rescue_Car_ws/install/rmw_microxrcedds:/root/ros_ws/src/Rescue_Car_ws/install/rosidl_typesupport_microxrcedds_cpp:/root/ros_ws/src/Rescue_Car_ws/install/rosidl_typesupport_microxrcedds_c:/root/ros_ws/src/Rescue_Car_ws/install/microxrcedds_client:/root/ros_ws/src/Rescue_Car_ws/install/microcdr:/root/ros_ws/src/Rescue_Car_ws/install/micro_ros_msgs:/root/ros_ws/src/Rescue_Car_ws/install/builtin_interfaces:/root/ros_ws/src/Rescue_Car_ws/install/micro_ros_demos_rclc:/root/ros_ws/src/Rescue_Car_ws/install/common_interfaces:/root/ros_ws/src/Rescue_Car_ws/install/visualization_msgs:/root/ros_ws/src/Rescue_Car_ws/install/test_msgs:/root/ros_ws/src/Rescue_Car_ws/install/example_interfaces:/root/ros_ws/src/Rescue_Car_ws/install/action_msgs:/root/ros_ws/src/Rescue_Car_ws/install/unique_identifier_msgs:/root/ros_ws/src/Rescue_Car_ws/install/trajectory_msgs:/root/ros_ws/src/Rescue_Car_ws/install/stereo_msgs:/root/ros_ws/src/Rescue_Car_ws/install/std_srvs:/root/ros_ws/src/Rescue_Car_ws/install/shape_msgs:/root/ros_ws/src/Rescue_Car_ws/install/sensor_msgs:/root/ros_ws/src/Rescue_Car_ws/install/nav_msgs:/root/ros_ws/src/Rescue_Car_ws/install/diagnostic_msgs:/root/ros_ws/src/Rescue_Car_ws/install/geometry_msgs:/root/ros_ws/src/Rescue_Car_ws/install/actionlib_msgs:/root/ros_ws/src/Rescue_Car_ws/install/std_msgs:/root/ros_ws/src/Rescue_Car_ws/install/statistics_msgs:/root/ros_ws/src/Rescue_Car_ws/install/rosidl_typesupport_microxrcedds_cpp_tests:/root/ros_ws/src/Rescue_Car_ws/install/rosidl_typesupport_microxrcedds_c_tests:/root/ros_ws/src/Rescue_Car_ws/install/rosgraph_msgs:/root/ros_ws/src/Rescue_Car_ws/install/rclc_parameter:/root/ros_ws/src/Rescue_Car_ws/install/rclc:/root/ros_ws/src/Rescue_Car_ws/install/composition_interfaces:/root/ros_ws/src/Rescue_Car_ws/install/rcl_interfaces:/root/ros_ws/src/Rescue_Car_ws/install/micro_ros_utilities:/root/ros_ws/src/Rescue_Car_ws/install/micro_ros_setup:/root/ros_ws/src/Rescue_Car_ws/install/micro_ros_agent:/root/ros_ws/src/Rescue_Car_ws/install/lifecycle_msgs:/root/ros_ws/src/Rescue_Car_ws/install/complex_msgs:/root/ros_ws/src/Rescue_Car_ws/install/car:/root/ros_ws/src/Rescue_Car_ws/install/sensor_msgs_py:/opt/ros/humble LD_LIBRARY_PATH=/root/ros_ws/src/Rescue_Car_ws/install/rosidl_typesupport_microxrcedds_test_msg/lib:/root/ros_ws/src/Rescue_Car_ws/install/rmw_microxrcedds/lib:/root/ros_ws/src/Rescue_Car_ws/install/micro_ros_msgs/lib:/root/ros_ws/src/Rescue_Car_ws/install/builtin_interfaces/lib:/root/ros_ws/src/Rescue_Car_ws/install/visualization_msgs/lib:/root/ros_ws/src/Rescue_Car_ws/install/test_msgs/lib:/root/ros_ws/src/Rescue_Car_ws/install/example_interfaces/lib:/root/ros_ws/src/Rescue_Car_ws/install/action_msgs/lib:/root/ros_ws/src/Rescue_Car_ws/install/unique_identifier_msgs/lib:/root/ros_ws/src/Rescue_Car_ws/install/trajectory_msgs/lib:/root/ros_ws/src/Rescue_Car_ws/install/stereo_msgs/lib:/root/ros_ws/src/Rescue_Car_ws/install/std_srvs/lib:/root/ros_ws/src/Rescue_Car_ws/install/shape_msgs/lib:/root/ros_ws/src/Rescue_Car_ws/install/sensor_msgs/lib:/root/ros_ws/src/Rescue_Car_ws/install/nav_msgs/lib:/root/ros_ws/src/Rescue_Car_ws/install/diagnostic_msgs/lib:/root/ros_ws/src/Rescue_Car_ws/install/geometry_msgs/lib:/root/ros_ws/src/Rescue_Car_ws/install/actionlib_msgs/lib:/root/ros_ws/src/Rescue_Car_ws/install/std_msgs/lib:/root/ros_ws/src/Rescue_Car_ws/install/statistics_msgs/lib:/root/ros_ws/src/Rescue_Car_ws/install/rosidl_typesupport_microxrcedds_cpp/lib:/root/ros_ws/src/Rescue_Car_ws/install/rosidl_typesupport_microxrcedds_c/lib:/root/ros_ws/src/Rescue_Car_ws/install/rosgraph_msgs/lib:/root/ros_ws/src/Rescue_Car_ws/install/rclc_parameter/lib:/root/ros_ws/src/Rescue_Car_ws/install/rclc/lib:/root/ros_ws/src/Rescue_Car_ws/install/composition_interfaces/lib:/root/ros_ws/src/Rescue_Car_ws/install/rcl_interfaces/lib:/root/ros_ws/src/Rescue_Car_ws/install/micro_ros_utilities/lib:/root/ros_ws/src/Rescue_Car_ws/install/micro_ros_agent/lib:/root/ros_ws/src/Rescue_Car_ws/install/lifecycle_msgs/lib:/root/ros_ws/src/Rescue_Car_ws/install/complex_msgs/lib:/usr/lib/x86_64-linux-gnu/gazebo-11/plugins:/opt/ros/humble/opt/rviz_ogre_vendor/lib:/opt/ros/humble/lib/x86_64-linux-gnu:/opt/ros/humble/lib /usr/bin/cmake --install /root/ros_ws/src/Rescue_Car_ws/build/rosidl_typesupport_microxrcedds_c_tests
[4.479s] Level 1:colcon.colcon_core.environment:create_environment_scripts_only(rosidl_typesupport_microxrcedds_cpp_tests)
[4.480s] Level 1:colcon.colcon_core.environment:checking '/root/ros_ws/src/Rescue_Car_ws/install/rosidl_typesupport_microxrcedds_cpp_tests' for CMake module files
[4.481s] Level 1:colcon.colcon_core.environment:checking '/root/ros_ws/src/Rescue_Car_ws/install/rosidl_typesupport_microxrcedds_cpp_tests' for CMake config files
[4.481s] DEBUG:colcon.colcon_core.event_handler.log_command:Invoked command in '/root/ros_ws/src/Rescue_Car_ws/build/rosidl_typesupport_microxrcedds_cpp_tests' returned '0': CMAKE_PREFIX_PATH=/root/ros_ws/src/Rescue_Car_ws/install/rosidl_typesupport_microxrcedds_test_msg:/root/ros_ws/src/Rescue_Car_ws/install/rmw_microxrcedds:/root/ros_ws/src/Rescue_Car_ws/install/rosidl_typesupport_microxrcedds_cpp:/root/ros_ws/src/Rescue_Car_ws/install/rosidl_typesupport_microxrcedds_c:/root/ros_ws/src/Rescue_Car_ws/install/microxrcedds_client:/root/ros_ws/src/Rescue_Car_ws/install/microcdr:/root/ros_ws/src/Rescue_Car_ws/install/micro_ros_msgs:/root/ros_ws/src/Rescue_Car_ws/install/builtin_interfaces:/root/ros_ws/src/Rescue_Car_ws/install/micro_ros_demos_rclc:/root/ros_ws/src/Rescue_Car_ws/install/common_interfaces:/root/ros_ws/src/Rescue_Car_ws/install/visualization_msgs:/root/ros_ws/src/Rescue_Car_ws/install/test_msgs:/root/ros_ws/src/Rescue_Car_ws/install/example_interfaces:/root/ros_ws/src/Rescue_Car_ws/install/action_msgs:/root/ros_ws/src/Rescue_Car_ws/install/unique_identifier_msgs:/root/ros_ws/src/Rescue_Car_ws/install/trajectory_msgs:/root/ros_ws/src/Rescue_Car_ws/install/stereo_msgs:/root/ros_ws/src/Rescue_Car_ws/install/std_srvs:/root/ros_ws/src/Rescue_Car_ws/install/shape_msgs:/root/ros_ws/src/Rescue_Car_ws/install/sensor_msgs:/root/ros_ws/src/Rescue_Car_ws/install/nav_msgs:/root/ros_ws/src/Rescue_Car_ws/install/diagnostic_msgs:/root/ros_ws/src/Rescue_Car_ws/install/geometry_msgs:/root/ros_ws/src/Rescue_Car_ws/install/actionlib_msgs:/root/ros_ws/src/Rescue_Car_ws/install/std_msgs:/root/ros_ws/src/Rescue_Car_ws/install/statistics_msgs:/root/ros_ws/src/Rescue_Car_ws/install/rosidl_typesupport_microxrcedds_cpp_tests:/root/ros_ws/src/Rescue_Car_ws/install/rosidl_typesupport_microxrcedds_c_tests:/root/ros_ws/src/Rescue_Car_ws/install/rosgraph_msgs:/root/ros_ws/src/Rescue_Car_ws/install/rclc_parameter:/root/ros_ws/src/Rescue_Car_ws/install/rclc:/root/ros_ws/src/Rescue_Car_ws/install/composition_interfaces:/root/ros_ws/src/Rescue_Car_ws/install/rcl_interfaces:/root/ros_ws/src/Rescue_Car_ws/install/micro_ros_utilities:/root/ros_ws/src/Rescue_Car_ws/install/micro_ros_setup:/root/ros_ws/src/Rescue_Car_ws/install/micro_ros_agent:/root/ros_ws/src/Rescue_Car_ws/install/lifecycle_msgs:/root/ros_ws/src/Rescue_Car_ws/install/complex_msgs:/root/ros_ws/src/Rescue_Car_ws/install/car:/root/ros_ws/src/Rescue_Car_ws/install/sensor_msgs_py:/opt/ros/humble LD_LIBRARY_PATH=/root/ros_ws/src/Rescue_Car_ws/install/rosidl_typesupport_microxrcedds_test_msg/lib:/root/ros_ws/src/Rescue_Car_ws/install/rmw_microxrcedds/lib:/root/ros_ws/src/Rescue_Car_ws/install/micro_ros_msgs/lib:/root/ros_ws/src/Rescue_Car_ws/install/builtin_interfaces/lib:/root/ros_ws/src/Rescue_Car_ws/install/visualization_msgs/lib:/root/ros_ws/src/Rescue_Car_ws/install/test_msgs/lib:/root/ros_ws/src/Rescue_Car_ws/install/example_interfaces/lib:/root/ros_ws/src/Rescue_Car_ws/install/action_msgs/lib:/root/ros_ws/src/Rescue_Car_ws/install/unique_identifier_msgs/lib:/root/ros_ws/src/Rescue_Car_ws/install/trajectory_msgs/lib:/root/ros_ws/src/Rescue_Car_ws/install/stereo_msgs/lib:/root/ros_ws/src/Rescue_Car_ws/install/std_srvs/lib:/root/ros_ws/src/Rescue_Car_ws/install/shape_msgs/lib:/root/ros_ws/src/Rescue_Car_ws/install/sensor_msgs/lib:/root/ros_ws/src/Rescue_Car_ws/install/nav_msgs/lib:/root/ros_ws/src/Rescue_Car_ws/install/diagnostic_msgs/lib:/root/ros_ws/src/Rescue_Car_ws/install/geometry_msgs/lib:/root/ros_ws/src/Rescue_Car_ws/install/actionlib_msgs/lib:/root/ros_ws/src/Rescue_Car_ws/install/std_msgs/lib:/root/ros_ws/src/Rescue_Car_ws/install/statistics_msgs/lib:/root/ros_ws/src/Rescue_Car_ws/install/rosidl_typesupport_microxrcedds_cpp/lib:/root/ros_ws/src/Rescue_Car_ws/install/rosidl_typesupport_microxrcedds_c/lib:/root/ros_ws/src/Rescue_Car_ws/install/rosgraph_msgs/lib:/root/ros_ws/src/Rescue_Car_ws/install/rclc_parameter/lib:/root/ros_ws/src/Rescue_Car_ws/install/rclc/lib:/root/ros_ws/src/Rescue_Car_ws/install/composition_interfaces/lib:/root/ros_ws/src/Rescue_Car_ws/install/rcl_interfaces/lib:/root/ros_ws/src/Rescue_Car_ws/install/micro_ros_utilities/lib:/root/ros_ws/src/Rescue_Car_ws/install/micro_ros_agent/lib:/root/ros_ws/src/Rescue_Car_ws/install/lifecycle_msgs/lib:/root/ros_ws/src/Rescue_Car_ws/install/complex_msgs/lib:/usr/lib/x86_64-linux-gnu/gazebo-11/plugins:/opt/ros/humble/opt/rviz_ogre_vendor/lib:/opt/ros/humble/lib/x86_64-linux-gnu:/opt/ros/humble/lib /usr/bin/cmake --install /root/ros_ws/src/Rescue_Car_ws/build/rosidl_typesupport_microxrcedds_cpp_tests
[4.481s] Level 1:colcon.colcon_core.shell:create_environment_hook('rosidl_typesupport_microxrcedds_cpp_tests', 'cmake_prefix_path')
[4.482s] INFO:colcon.colcon_core.shell:Creating environment hook '/root/ros_ws/src/Rescue_Car_ws/install/rosidl_typesupport_microxrcedds_cpp_tests/share/rosidl_typesupport_microxrcedds_cpp_tests/hook/cmake_prefix_path.ps1'
[4.485s] INFO:colcon.colcon_core.shell:Creating environment descriptor '/root/ros_ws/src/Rescue_Car_ws/install/rosidl_typesupport_microxrcedds_cpp_tests/share/rosidl_typesupport_microxrcedds_cpp_tests/hook/cmake_prefix_path.dsv'
[4.486s] INFO:colcon.colcon_core.shell:Creating environment hook '/root/ros_ws/src/Rescue_Car_ws/install/rosidl_typesupport_microxrcedds_cpp_tests/share/rosidl_typesupport_microxrcedds_cpp_tests/hook/cmake_prefix_path.sh'
[4.486s] Level 1:colcon.colcon_core.environment:checking '/root/ros_ws/src/Rescue_Car_ws/install/rosidl_typesupport_microxrcedds_cpp_tests/bin'
[4.487s] Level 1:colcon.colcon_core.environment:checking '/root/ros_ws/src/Rescue_Car_ws/install/rosidl_typesupport_microxrcedds_cpp_tests/lib/pkgconfig/rosidl_typesupport_microxrcedds_cpp_tests.pc'
[4.487s] Level 1:colcon.colcon_core.environment:checking '/root/ros_ws/src/Rescue_Car_ws/install/rosidl_typesupport_microxrcedds_cpp_tests/lib/python3.10/site-packages'
[4.487s] Level 1:colcon.colcon_core.environment:checking '/root/ros_ws/src/Rescue_Car_ws/install/rosidl_typesupport_microxrcedds_cpp_tests/bin'
[4.487s] INFO:colcon.colcon_core.shell:Creating package script '/root/ros_ws/src/Rescue_Car_ws/install/rosidl_typesupport_microxrcedds_cpp_tests/share/rosidl_typesupport_microxrcedds_cpp_tests/package.ps1'
[4.487s] INFO:colcon.colcon_core.shell:Creating package descriptor '/root/ros_ws/src/Rescue_Car_ws/install/rosidl_typesupport_microxrcedds_cpp_tests/share/rosidl_typesupport_microxrcedds_cpp_tests/package.dsv'
[4.488s] INFO:colcon.colcon_core.shell:Creating package script '/root/ros_ws/src/Rescue_Car_ws/install/rosidl_typesupport_microxrcedds_cpp_tests/share/rosidl_typesupport_microxrcedds_cpp_tests/package.sh'
[4.488s] INFO:colcon.colcon_core.shell:Creating package script '/root/ros_ws/src/Rescue_Car_ws/install/rosidl_typesupport_microxrcedds_cpp_tests/share/rosidl_typesupport_microxrcedds_cpp_tests/package.bash'
[4.488s] INFO:colcon.colcon_core.shell:Creating package script '/root/ros_ws/src/Rescue_Car_ws/install/rosidl_typesupport_microxrcedds_cpp_tests/share/rosidl_typesupport_microxrcedds_cpp_tests/package.zsh'
[4.489s] Level 1:colcon.colcon_core.environment:create_file_with_runtime_dependencies(/root/ros_ws/src/Rescue_Car_ws/install/rosidl_typesupport_microxrcedds_cpp_tests/share/colcon-core/packages/rosidl_typesupport_microxrcedds_cpp_tests)
[4.489s] Level 1:colcon.colcon_core.environment:create_environment_scripts_only(rosidl_typesupport_microxrcedds_cpp_tests)
[4.489s] Level 1:colcon.colcon_core.environment:checking '/root/ros_ws/src/Rescue_Car_ws/install/rosidl_typesupport_microxrcedds_cpp_tests' for CMake module files
[4.489s] Level 1:colcon.colcon_core.environment:checking '/root/ros_ws/src/Rescue_Car_ws/install/rosidl_typesupport_microxrcedds_cpp_tests' for CMake config files
[4.489s] Level 1:colcon.colcon_core.shell:create_environment_hook('rosidl_typesupport_microxrcedds_cpp_tests', 'cmake_prefix_path')
[4.490s] INFO:colcon.colcon_core.shell:Creating environment hook '/root/ros_ws/src/Rescue_Car_ws/install/rosidl_typesupport_microxrcedds_cpp_tests/share/rosidl_typesupport_microxrcedds_cpp_tests/hook/cmake_prefix_path.ps1'
[4.490s] INFO:colcon.colcon_core.shell:Creating environment descriptor '/root/ros_ws/src/Rescue_Car_ws/install/rosidl_typesupport_microxrcedds_cpp_tests/share/rosidl_typesupport_microxrcedds_cpp_tests/hook/cmake_prefix_path.dsv'
[4.490s] INFO:colcon.colcon_core.shell:Creating environment hook '/root/ros_ws/src/Rescue_Car_ws/install/rosidl_typesupport_microxrcedds_cpp_tests/share/rosidl_typesupport_microxrcedds_cpp_tests/hook/cmake_prefix_path.sh'
[4.491s] Level 1:colcon.colcon_core.environment:checking '/root/ros_ws/src/Rescue_Car_ws/install/rosidl_typesupport_microxrcedds_cpp_tests/bin'
[4.491s] Level 1:colcon.colcon_core.environment:checking '/root/ros_ws/src/Rescue_Car_ws/install/rosidl_typesupport_microxrcedds_cpp_tests/lib/pkgconfig/rosidl_typesupport_microxrcedds_cpp_tests.pc'
[4.491s] Level 1:colcon.colcon_core.environment:checking '/root/ros_ws/src/Rescue_Car_ws/install/rosidl_typesupport_microxrcedds_cpp_tests/lib/python3.10/site-packages'
[4.491s] Level 1:colcon.colcon_core.environment:checking '/root/ros_ws/src/Rescue_Car_ws/install/rosidl_typesupport_microxrcedds_cpp_tests/bin'
[4.491s] INFO:colcon.colcon_core.shell:Creating package script '/root/ros_ws/src/Rescue_Car_ws/install/rosidl_typesupport_microxrcedds_cpp_tests/share/rosidl_typesupport_microxrcedds_cpp_tests/package.ps1'
[4.492s] INFO:colcon.colcon_core.shell:Creating package descriptor '/root/ros_ws/src/Rescue_Car_ws/install/rosidl_typesupport_microxrcedds_cpp_tests/share/rosidl_typesupport_microxrcedds_cpp_tests/package.dsv'
[4.492s] INFO:colcon.colcon_core.shell:Creating package script '/root/ros_ws/src/Rescue_Car_ws/install/rosidl_typesupport_microxrcedds_cpp_tests/share/rosidl_typesupport_microxrcedds_cpp_tests/package.sh'
[4.492s] INFO:colcon.colcon_core.shell:Creating package script '/root/ros_ws/src/Rescue_Car_ws/install/rosidl_typesupport_microxrcedds_cpp_tests/share/rosidl_typesupport_microxrcedds_cpp_tests/package.bash'
[4.492s] INFO:colcon.colcon_core.shell:Creating package script '/root/ros_ws/src/Rescue_Car_ws/install/rosidl_typesupport_microxrcedds_cpp_tests/share/rosidl_typesupport_microxrcedds_cpp_tests/package.zsh'
[4.493s] Level 1:colcon.colcon_core.environment:create_file_with_runtime_dependencies(/root/ros_ws/src/Rescue_Car_ws/install/rosidl_typesupport_microxrcedds_cpp_tests/share/colcon-core/packages/rosidl_typesupport_microxrcedds_cpp_tests)
[4.494s] Level 1:colcon.colcon_core.environment:create_environment_scripts_only(rosidl_typesupport_microxrcedds_c_tests)
[4.494s] Level 1:colcon.colcon_core.environment:checking '/root/ros_ws/src/Rescue_Car_ws/install/rosidl_typesupport_microxrcedds_c_tests' for CMake module files
[4.495s] DEBUG:colcon.colcon_core.event_handler.log_command:Invoked command in '/root/ros_ws/src/Rescue_Car_ws/build/rosidl_typesupport_microxrcedds_c_tests' returned '0': CMAKE_PREFIX_PATH=/root/ros_ws/src/Rescue_Car_ws/install/rosidl_typesupport_microxrcedds_test_msg:/root/ros_ws/src/Rescue_Car_ws/install/rmw_microxrcedds:/root/ros_ws/src/Rescue_Car_ws/install/rosidl_typesupport_microxrcedds_cpp:/root/ros_ws/src/Rescue_Car_ws/install/rosidl_typesupport_microxrcedds_c:/root/ros_ws/src/Rescue_Car_ws/install/microxrcedds_client:/root/ros_ws/src/Rescue_Car_ws/install/microcdr:/root/ros_ws/src/Rescue_Car_ws/install/micro_ros_msgs:/root/ros_ws/src/Rescue_Car_ws/install/builtin_interfaces:/root/ros_ws/src/Rescue_Car_ws/install/micro_ros_demos_rclc:/root/ros_ws/src/Rescue_Car_ws/install/common_interfaces:/root/ros_ws/src/Rescue_Car_ws/install/visualization_msgs:/root/ros_ws/src/Rescue_Car_ws/install/test_msgs:/root/ros_ws/src/Rescue_Car_ws/install/example_interfaces:/root/ros_ws/src/Rescue_Car_ws/install/action_msgs:/root/ros_ws/src/Rescue_Car_ws/install/unique_identifier_msgs:/root/ros_ws/src/Rescue_Car_ws/install/trajectory_msgs:/root/ros_ws/src/Rescue_Car_ws/install/stereo_msgs:/root/ros_ws/src/Rescue_Car_ws/install/std_srvs:/root/ros_ws/src/Rescue_Car_ws/install/shape_msgs:/root/ros_ws/src/Rescue_Car_ws/install/sensor_msgs:/root/ros_ws/src/Rescue_Car_ws/install/nav_msgs:/root/ros_ws/src/Rescue_Car_ws/install/diagnostic_msgs:/root/ros_ws/src/Rescue_Car_ws/install/geometry_msgs:/root/ros_ws/src/Rescue_Car_ws/install/actionlib_msgs:/root/ros_ws/src/Rescue_Car_ws/install/std_msgs:/root/ros_ws/src/Rescue_Car_ws/install/statistics_msgs:/root/ros_ws/src/Rescue_Car_ws/install/rosidl_typesupport_microxrcedds_cpp_tests:/root/ros_ws/src/Rescue_Car_ws/install/rosidl_typesupport_microxrcedds_c_tests:/root/ros_ws/src/Rescue_Car_ws/install/rosgraph_msgs:/root/ros_ws/src/Rescue_Car_ws/install/rclc_parameter:/root/ros_ws/src/Rescue_Car_ws/install/rclc:/root/ros_ws/src/Rescue_Car_ws/install/composition_interfaces:/root/ros_ws/src/Rescue_Car_ws/install/rcl_interfaces:/root/ros_ws/src/Rescue_Car_ws/install/micro_ros_utilities:/root/ros_ws/src/Rescue_Car_ws/install/micro_ros_setup:/root/ros_ws/src/Rescue_Car_ws/install/micro_ros_agent:/root/ros_ws/src/Rescue_Car_ws/install/lifecycle_msgs:/root/ros_ws/src/Rescue_Car_ws/install/complex_msgs:/root/ros_ws/src/Rescue_Car_ws/install/car:/root/ros_ws/src/Rescue_Car_ws/install/sensor_msgs_py:/opt/ros/humble LD_LIBRARY_PATH=/root/ros_ws/src/Rescue_Car_ws/install/rosidl_typesupport_microxrcedds_test_msg/lib:/root/ros_ws/src/Rescue_Car_ws/install/rmw_microxrcedds/lib:/root/ros_ws/src/Rescue_Car_ws/install/micro_ros_msgs/lib:/root/ros_ws/src/Rescue_Car_ws/install/builtin_interfaces/lib:/root/ros_ws/src/Rescue_Car_ws/install/visualization_msgs/lib:/root/ros_ws/src/Rescue_Car_ws/install/test_msgs/lib:/root/ros_ws/src/Rescue_Car_ws/install/example_interfaces/lib:/root/ros_ws/src/Rescue_Car_ws/install/action_msgs/lib:/root/ros_ws/src/Rescue_Car_ws/install/unique_identifier_msgs/lib:/root/ros_ws/src/Rescue_Car_ws/install/trajectory_msgs/lib:/root/ros_ws/src/Rescue_Car_ws/install/stereo_msgs/lib:/root/ros_ws/src/Rescue_Car_ws/install/std_srvs/lib:/root/ros_ws/src/Rescue_Car_ws/install/shape_msgs/lib:/root/ros_ws/src/Rescue_Car_ws/install/sensor_msgs/lib:/root/ros_ws/src/Rescue_Car_ws/install/nav_msgs/lib:/root/ros_ws/src/Rescue_Car_ws/install/diagnostic_msgs/lib:/root/ros_ws/src/Rescue_Car_ws/install/geometry_msgs/lib:/root/ros_ws/src/Rescue_Car_ws/install/actionlib_msgs/lib:/root/ros_ws/src/Rescue_Car_ws/install/std_msgs/lib:/root/ros_ws/src/Rescue_Car_ws/install/statistics_msgs/lib:/root/ros_ws/src/Rescue_Car_ws/install/rosidl_typesupport_microxrcedds_cpp/lib:/root/ros_ws/src/Rescue_Car_ws/install/rosidl_typesupport_microxrcedds_c/lib:/root/ros_ws/src/Rescue_Car_ws/install/rosgraph_msgs/lib:/root/ros_ws/src/Rescue_Car_ws/install/rclc_parameter/lib:/root/ros_ws/src/Rescue_Car_ws/install/rclc/lib:/root/ros_ws/src/Rescue_Car_ws/install/composition_interfaces/lib:/root/ros_ws/src/Rescue_Car_ws/install/rcl_interfaces/lib:/root/ros_ws/src/Rescue_Car_ws/install/micro_ros_utilities/lib:/root/ros_ws/src/Rescue_Car_ws/install/micro_ros_agent/lib:/root/ros_ws/src/Rescue_Car_ws/install/lifecycle_msgs/lib:/root/ros_ws/src/Rescue_Car_ws/install/complex_msgs/lib:/usr/lib/x86_64-linux-gnu/gazebo-11/plugins:/opt/ros/humble/opt/rviz_ogre_vendor/lib:/opt/ros/humble/lib/x86_64-linux-gnu:/opt/ros/humble/lib /usr/bin/cmake --install /root/ros_ws/src/Rescue_Car_ws/build/rosidl_typesupport_microxrcedds_c_tests
[4.496s] Level 1:colcon.colcon_core.environment:checking '/root/ros_ws/src/Rescue_Car_ws/install/rosidl_typesupport_microxrcedds_c_tests' for CMake config files
[4.496s] Level 1:colcon.colcon_core.shell:create_environment_hook('rosidl_typesupport_microxrcedds_c_tests', 'cmake_prefix_path')
[4.496s] INFO:colcon.colcon_core.shell:Creating environment hook '/root/ros_ws/src/Rescue_Car_ws/install/rosidl_typesupport_microxrcedds_c_tests/share/rosidl_typesupport_microxrcedds_c_tests/hook/cmake_prefix_path.ps1'
[4.496s] INFO:colcon.colcon_core.shell:Creating environment descriptor '/root/ros_ws/src/Rescue_Car_ws/install/rosidl_typesupport_microxrcedds_c_tests/share/rosidl_typesupport_microxrcedds_c_tests/hook/cmake_prefix_path.dsv'
[4.497s] INFO:colcon.colcon_core.shell:Creating environment hook '/root/ros_ws/src/Rescue_Car_ws/install/rosidl_typesupport_microxrcedds_c_tests/share/rosidl_typesupport_microxrcedds_c_tests/hook/cmake_prefix_path.sh'
[4.497s] Level 1:colcon.colcon_core.environment:checking '/root/ros_ws/src/Rescue_Car_ws/install/rosidl_typesupport_microxrcedds_c_tests/bin'
[4.497s] Level 1:colcon.colcon_core.environment:checking '/root/ros_ws/src/Rescue_Car_ws/install/rosidl_typesupport_microxrcedds_c_tests/lib/pkgconfig/rosidl_typesupport_microxrcedds_c_tests.pc'
[4.497s] Level 1:colcon.colcon_core.environment:checking '/root/ros_ws/src/Rescue_Car_ws/install/rosidl_typesupport_microxrcedds_c_tests/lib/python3.10/site-packages'
[4.498s] Level 1:colcon.colcon_core.environment:checking '/root/ros_ws/src/Rescue_Car_ws/install/rosidl_typesupport_microxrcedds_c_tests/bin'
[4.498s] INFO:colcon.colcon_core.shell:Creating package script '/root/ros_ws/src/Rescue_Car_ws/install/rosidl_typesupport_microxrcedds_c_tests/share/rosidl_typesupport_microxrcedds_c_tests/package.ps1'
[4.498s] INFO:colcon.colcon_core.shell:Creating package descriptor '/root/ros_ws/src/Rescue_Car_ws/install/rosidl_typesupport_microxrcedds_c_tests/share/rosidl_typesupport_microxrcedds_c_tests/package.dsv'
[4.498s] INFO:colcon.colcon_core.shell:Creating package script '/root/ros_ws/src/Rescue_Car_ws/install/rosidl_typesupport_microxrcedds_c_tests/share/rosidl_typesupport_microxrcedds_c_tests/package.sh'
[4.499s] INFO:colcon.colcon_core.shell:Creating package script '/root/ros_ws/src/Rescue_Car_ws/install/rosidl_typesupport_microxrcedds_c_tests/share/rosidl_typesupport_microxrcedds_c_tests/package.bash'
[4.499s] INFO:colcon.colcon_core.shell:Creating package script '/root/ros_ws/src/Rescue_Car_ws/install/rosidl_typesupport_microxrcedds_c_tests/share/rosidl_typesupport_microxrcedds_c_tests/package.zsh'
[4.499s] Level 1:colcon.colcon_core.environment:create_file_with_runtime_dependencies(/root/ros_ws/src/Rescue_Car_ws/install/rosidl_typesupport_microxrcedds_c_tests/share/colcon-core/packages/rosidl_typesupport_microxrcedds_c_tests)
[4.500s] Level 1:colcon.colcon_core.environment:create_environment_scripts_only(rosidl_typesupport_microxrcedds_c_tests)
[4.500s] Level 1:colcon.colcon_core.environment:checking '/root/ros_ws/src/Rescue_Car_ws/install/rosidl_typesupport_microxrcedds_c_tests' for CMake module files
[4.500s] Level 1:colcon.colcon_core.environment:checking '/root/ros_ws/src/Rescue_Car_ws/install/rosidl_typesupport_microxrcedds_c_tests' for CMake config files
[4.500s] Level 1:colcon.colcon_core.shell:create_environment_hook('rosidl_typesupport_microxrcedds_c_tests', 'cmake_prefix_path')
[4.500s] INFO:colcon.colcon_core.shell:Creating environment hook '/root/ros_ws/src/Rescue_Car_ws/install/rosidl_typesupport_microxrcedds_c_tests/share/rosidl_typesupport_microxrcedds_c_tests/hook/cmake_prefix_path.ps1'
[4.501s] INFO:colcon.colcon_core.shell:Creating environment descriptor '/root/ros_ws/src/Rescue_Car_ws/install/rosidl_typesupport_microxrcedds_c_tests/share/rosidl_typesupport_microxrcedds_c_tests/hook/cmake_prefix_path.dsv'
[4.501s] INFO:colcon.colcon_core.shell:Creating environment hook '/root/ros_ws/src/Rescue_Car_ws/install/rosidl_typesupport_microxrcedds_c_tests/share/rosidl_typesupport_microxrcedds_c_tests/hook/cmake_prefix_path.sh'
[4.501s] Level 1:colcon.colcon_core.environment:checking '/root/ros_ws/src/Rescue_Car_ws/install/rosidl_typesupport_microxrcedds_c_tests/bin'
[4.502s] Level 1:colcon.colcon_core.environment:checking '/root/ros_ws/src/Rescue_Car_ws/install/rosidl_typesupport_microxrcedds_c_tests/lib/pkgconfig/rosidl_typesupport_microxrcedds_c_tests.pc'
[4.502s] Level 1:colcon.colcon_core.environment:checking '/root/ros_ws/src/Rescue_Car_ws/install/rosidl_typesupport_microxrcedds_c_tests/lib/python3.10/site-packages'
[4.502s] Level 1:colcon.colcon_core.environment:checking '/root/ros_ws/src/Rescue_Car_ws/install/rosidl_typesupport_microxrcedds_c_tests/bin'
[4.502s] INFO:colcon.colcon_core.shell:Creating package script '/root/ros_ws/src/Rescue_Car_ws/install/rosidl_typesupport_microxrcedds_c_tests/share/rosidl_typesupport_microxrcedds_c_tests/package.ps1'
[4.503s] INFO:colcon.colcon_core.shell:Creating package descriptor '/root/ros_ws/src/Rescue_Car_ws/install/rosidl_typesupport_microxrcedds_c_tests/share/rosidl_typesupport_microxrcedds_c_tests/package.dsv'
[4.503s] INFO:colcon.colcon_core.shell:Creating package script '/root/ros_ws/src/Rescue_Car_ws/install/rosidl_typesupport_microxrcedds_c_tests/share/rosidl_typesupport_microxrcedds_c_tests/package.sh'
[4.504s] INFO:colcon.colcon_core.shell:Creating package script '/root/ros_ws/src/Rescue_Car_ws/install/rosidl_typesupport_microxrcedds_c_tests/share/rosidl_typesupport_microxrcedds_c_tests/package.bash'
[4.504s] INFO:colcon.colcon_core.shell:Creating package script '/root/ros_ws/src/Rescue_Car_ws/install/rosidl_typesupport_microxrcedds_c_tests/share/rosidl_typesupport_microxrcedds_c_tests/package.zsh'
[4.504s] Level 1:colcon.colcon_core.environment:create_file_with_runtime_dependencies(/root/ros_ws/src/Rescue_Car_ws/install/rosidl_typesupport_microxrcedds_c_tests/share/colcon-core/packages/rosidl_typesupport_microxrcedds_c_tests)
[4.538s] DEBUG:colcon.colcon_core.event_handler.log_command:Invoking command in '/root/ros_ws/src/Rescue_Car_ws/build/rclc_parameter': CMAKE_PREFIX_PATH=/root/ros_ws/src/Rescue_Car_ws/install/rclc:/root/ros_ws/src/Rescue_Car_ws/install/test_msgs:/root/ros_ws/src/Rescue_Car_ws/install/example_interfaces:/root/ros_ws/src/Rescue_Car_ws/install/std_msgs:/root/ros_ws/src/Rescue_Car_ws/install/rcl_interfaces:/root/ros_ws/src/Rescue_Car_ws/install/action_msgs:/root/ros_ws/src/Rescue_Car_ws/install/unique_identifier_msgs:/root/ros_ws/src/Rescue_Car_ws/install/builtin_interfaces:/root/ros_ws/src/Rescue_Car_ws/install/micro_ros_demos_rclc:/root/ros_ws/src/Rescue_Car_ws/install/common_interfaces:/root/ros_ws/src/Rescue_Car_ws/install/visualization_msgs:/root/ros_ws/src/Rescue_Car_ws/install/trajectory_msgs:/root/ros_ws/src/Rescue_Car_ws/install/stereo_msgs:/root/ros_ws/src/Rescue_Car_ws/install/std_srvs:/root/ros_ws/src/Rescue_Car_ws/install/shape_msgs:/root/ros_ws/src/Rescue_Car_ws/install/sensor_msgs:/root/ros_ws/src/Rescue_Car_ws/install/nav_msgs:/root/ros_ws/src/Rescue_Car_ws/install/diagnostic_msgs:/root/ros_ws/src/Rescue_Car_ws/install/geometry_msgs:/root/ros_ws/src/Rescue_Car_ws/install/actionlib_msgs:/root/ros_ws/src/Rescue_Car_ws/install/statistics_msgs:/root/ros_ws/src/Rescue_Car_ws/install/rosidl_typesupport_microxrcedds_test_msg:/root/ros_ws/src/Rescue_Car_ws/install/rosidl_typesupport_microxrcedds_cpp_tests:/root/ros_ws/src/Rescue_Car_ws/install/rmw_microxrcedds:/root/ros_ws/src/Rescue_Car_ws/install/rosidl_typesupport_microxrcedds_cpp:/root/ros_ws/src/Rescue_Car_ws/install/rosidl_typesupport_microxrcedds_c_tests:/root/ros_ws/src/Rescue_Car_ws/install/rosidl_typesupport_microxrcedds_c:/root/ros_ws/src/Rescue_Car_ws/install/rosgraph_msgs:/root/ros_ws/src/Rescue_Car_ws/install/rclc_parameter:/root/ros_ws/src/Rescue_Car_ws/install/composition_interfaces:/root/ros_ws/src/Rescue_Car_ws/install/microxrcedds_client:/root/ros_ws/src/Rescue_Car_ws/install/microcdr:/root/ros_ws/src/Rescue_Car_ws/install/micro_ros_utilities:/root/ros_ws/src/Rescue_Car_ws/install/micro_ros_setup:/root/ros_ws/src/Rescue_Car_ws/install/micro_ros_agent:/root/ros_ws/src/Rescue_Car_ws/install/micro_ros_msgs:/root/ros_ws/src/Rescue_Car_ws/install/lifecycle_msgs:/root/ros_ws/src/Rescue_Car_ws/install/complex_msgs:/root/ros_ws/src/Rescue_Car_ws/install/car:/root/ros_ws/src/Rescue_Car_ws/install/sensor_msgs_py:/opt/ros/humble LD_LIBRARY_PATH=/root/ros_ws/src/Rescue_Car_ws/install/rclc/lib:/root/ros_ws/src/Rescue_Car_ws/install/test_msgs/lib:/root/ros_ws/src/Rescue_Car_ws/install/example_interfaces/lib:/root/ros_ws/src/Rescue_Car_ws/install/std_msgs/lib:/root/ros_ws/src/Rescue_Car_ws/install/rcl_interfaces/lib:/root/ros_ws/src/Rescue_Car_ws/install/action_msgs/lib:/root/ros_ws/src/Rescue_Car_ws/install/unique_identifier_msgs/lib:/root/ros_ws/src/Rescue_Car_ws/install/builtin_interfaces/lib:/root/ros_ws/src/Rescue_Car_ws/install/visualization_msgs/lib:/root/ros_ws/src/Rescue_Car_ws/install/trajectory_msgs/lib:/root/ros_ws/src/Rescue_Car_ws/install/stereo_msgs/lib:/root/ros_ws/src/Rescue_Car_ws/install/std_srvs/lib:/root/ros_ws/src/Rescue_Car_ws/install/shape_msgs/lib:/root/ros_ws/src/Rescue_Car_ws/install/sensor_msgs/lib:/root/ros_ws/src/Rescue_Car_ws/install/nav_msgs/lib:/root/ros_ws/src/Rescue_Car_ws/install/diagnostic_msgs/lib:/root/ros_ws/src/Rescue_Car_ws/install/geometry_msgs/lib:/root/ros_ws/src/Rescue_Car_ws/install/actionlib_msgs/lib:/root/ros_ws/src/Rescue_Car_ws/install/statistics_msgs/lib:/root/ros_ws/src/Rescue_Car_ws/install/rosidl_typesupport_microxrcedds_test_msg/lib:/root/ros_ws/src/Rescue_Car_ws/install/rmw_microxrcedds/lib:/root/ros_ws/src/Rescue_Car_ws/install/rosidl_typesupport_microxrcedds_cpp/lib:/root/ros_ws/src/Rescue_Car_ws/install/rosidl_typesupport_microxrcedds_c/lib:/root/ros_ws/src/Rescue_Car_ws/install/rosgraph_msgs/lib:/root/ros_ws/src/Rescue_Car_ws/install/rclc_parameter/lib:/root/ros_ws/src/Rescue_Car_ws/install/composition_interfaces/lib:/root/ros_ws/src/Rescue_Car_ws/install/micro_ros_utilities/lib:/root/ros_ws/src/Rescue_Car_ws/install/micro_ros_agent/lib:/root/ros_ws/src/Rescue_Car_ws/install/micro_ros_msgs/lib:/root/ros_ws/src/Rescue_Car_ws/install/lifecycle_msgs/lib:/root/ros_ws/src/Rescue_Car_ws/install/complex_msgs/lib:/usr/lib/x86_64-linux-gnu/gazebo-11/plugins:/opt/ros/humble/opt/rviz_ogre_vendor/lib:/opt/ros/humble/lib/x86_64-linux-gnu:/opt/ros/humble/lib /usr/bin/cmake --build /root/ros_ws/src/Rescue_Car_ws/build/rclc_parameter -- -j20 -l20
[4.628s] DEBUG:colcon.colcon_core.event_handler.log_command:Invoked command in '/root/ros_ws/src/Rescue_Car_ws/build/rclc_parameter' returned '0': CMAKE_PREFIX_PATH=/root/ros_ws/src/Rescue_Car_ws/install/rclc:/root/ros_ws/src/Rescue_Car_ws/install/test_msgs:/root/ros_ws/src/Rescue_Car_ws/install/example_interfaces:/root/ros_ws/src/Rescue_Car_ws/install/std_msgs:/root/ros_ws/src/Rescue_Car_ws/install/rcl_interfaces:/root/ros_ws/src/Rescue_Car_ws/install/action_msgs:/root/ros_ws/src/Rescue_Car_ws/install/unique_identifier_msgs:/root/ros_ws/src/Rescue_Car_ws/install/builtin_interfaces:/root/ros_ws/src/Rescue_Car_ws/install/micro_ros_demos_rclc:/root/ros_ws/src/Rescue_Car_ws/install/common_interfaces:/root/ros_ws/src/Rescue_Car_ws/install/visualization_msgs:/root/ros_ws/src/Rescue_Car_ws/install/trajectory_msgs:/root/ros_ws/src/Rescue_Car_ws/install/stereo_msgs:/root/ros_ws/src/Rescue_Car_ws/install/std_srvs:/root/ros_ws/src/Rescue_Car_ws/install/shape_msgs:/root/ros_ws/src/Rescue_Car_ws/install/sensor_msgs:/root/ros_ws/src/Rescue_Car_ws/install/nav_msgs:/root/ros_ws/src/Rescue_Car_ws/install/diagnostic_msgs:/root/ros_ws/src/Rescue_Car_ws/install/geometry_msgs:/root/ros_ws/src/Rescue_Car_ws/install/actionlib_msgs:/root/ros_ws/src/Rescue_Car_ws/install/statistics_msgs:/root/ros_ws/src/Rescue_Car_ws/install/rosidl_typesupport_microxrcedds_test_msg:/root/ros_ws/src/Rescue_Car_ws/install/rosidl_typesupport_microxrcedds_cpp_tests:/root/ros_ws/src/Rescue_Car_ws/install/rmw_microxrcedds:/root/ros_ws/src/Rescue_Car_ws/install/rosidl_typesupport_microxrcedds_cpp:/root/ros_ws/src/Rescue_Car_ws/install/rosidl_typesupport_microxrcedds_c_tests:/root/ros_ws/src/Rescue_Car_ws/install/rosidl_typesupport_microxrcedds_c:/root/ros_ws/src/Rescue_Car_ws/install/rosgraph_msgs:/root/ros_ws/src/Rescue_Car_ws/install/rclc_parameter:/root/ros_ws/src/Rescue_Car_ws/install/composition_interfaces:/root/ros_ws/src/Rescue_Car_ws/install/microxrcedds_client:/root/ros_ws/src/Rescue_Car_ws/install/microcdr:/root/ros_ws/src/Rescue_Car_ws/install/micro_ros_utilities:/root/ros_ws/src/Rescue_Car_ws/install/micro_ros_setup:/root/ros_ws/src/Rescue_Car_ws/install/micro_ros_agent:/root/ros_ws/src/Rescue_Car_ws/install/micro_ros_msgs:/root/ros_ws/src/Rescue_Car_ws/install/lifecycle_msgs:/root/ros_ws/src/Rescue_Car_ws/install/complex_msgs:/root/ros_ws/src/Rescue_Car_ws/install/car:/root/ros_ws/src/Rescue_Car_ws/install/sensor_msgs_py:/opt/ros/humble LD_LIBRARY_PATH=/root/ros_ws/src/Rescue_Car_ws/install/rclc/lib:/root/ros_ws/src/Rescue_Car_ws/install/test_msgs/lib:/root/ros_ws/src/Rescue_Car_ws/install/example_interfaces/lib:/root/ros_ws/src/Rescue_Car_ws/install/std_msgs/lib:/root/ros_ws/src/Rescue_Car_ws/install/rcl_interfaces/lib:/root/ros_ws/src/Rescue_Car_ws/install/action_msgs/lib:/root/ros_ws/src/Rescue_Car_ws/install/unique_identifier_msgs/lib:/root/ros_ws/src/Rescue_Car_ws/install/builtin_interfaces/lib:/root/ros_ws/src/Rescue_Car_ws/install/visualization_msgs/lib:/root/ros_ws/src/Rescue_Car_ws/install/trajectory_msgs/lib:/root/ros_ws/src/Rescue_Car_ws/install/stereo_msgs/lib:/root/ros_ws/src/Rescue_Car_ws/install/std_srvs/lib:/root/ros_ws/src/Rescue_Car_ws/install/shape_msgs/lib:/root/ros_ws/src/Rescue_Car_ws/install/sensor_msgs/lib:/root/ros_ws/src/Rescue_Car_ws/install/nav_msgs/lib:/root/ros_ws/src/Rescue_Car_ws/install/diagnostic_msgs/lib:/root/ros_ws/src/Rescue_Car_ws/install/geometry_msgs/lib:/root/ros_ws/src/Rescue_Car_ws/install/actionlib_msgs/lib:/root/ros_ws/src/Rescue_Car_ws/install/statistics_msgs/lib:/root/ros_ws/src/Rescue_Car_ws/install/rosidl_typesupport_microxrcedds_test_msg/lib:/root/ros_ws/src/Rescue_Car_ws/install/rmw_microxrcedds/lib:/root/ros_ws/src/Rescue_Car_ws/install/rosidl_typesupport_microxrcedds_cpp/lib:/root/ros_ws/src/Rescue_Car_ws/install/rosidl_typesupport_microxrcedds_c/lib:/root/ros_ws/src/Rescue_Car_ws/install/rosgraph_msgs/lib:/root/ros_ws/src/Rescue_Car_ws/install/rclc_parameter/lib:/root/ros_ws/src/Rescue_Car_ws/install/composition_interfaces/lib:/root/ros_ws/src/Rescue_Car_ws/install/micro_ros_utilities/lib:/root/ros_ws/src/Rescue_Car_ws/install/micro_ros_agent/lib:/root/ros_ws/src/Rescue_Car_ws/install/micro_ros_msgs/lib:/root/ros_ws/src/Rescue_Car_ws/install/lifecycle_msgs/lib:/root/ros_ws/src/Rescue_Car_ws/install/complex_msgs/lib:/usr/lib/x86_64-linux-gnu/gazebo-11/plugins:/opt/ros/humble/opt/rviz_ogre_vendor/lib:/opt/ros/humble/lib/x86_64-linux-gnu:/opt/ros/humble/lib /usr/bin/cmake --build /root/ros_ws/src/Rescue_Car_ws/build/rclc_parameter -- -j20 -l20
[4.631s] DEBUG:colcon.colcon_core.event_handler.log_command:Invoking command in '/root/ros_ws/src/Rescue_Car_ws/build/rclc_parameter': CMAKE_PREFIX_PATH=/root/ros_ws/src/Rescue_Car_ws/install/rclc:/root/ros_ws/src/Rescue_Car_ws/install/test_msgs:/root/ros_ws/src/Rescue_Car_ws/install/example_interfaces:/root/ros_ws/src/Rescue_Car_ws/install/std_msgs:/root/ros_ws/src/Rescue_Car_ws/install/rcl_interfaces:/root/ros_ws/src/Rescue_Car_ws/install/action_msgs:/root/ros_ws/src/Rescue_Car_ws/install/unique_identifier_msgs:/root/ros_ws/src/Rescue_Car_ws/install/builtin_interfaces:/root/ros_ws/src/Rescue_Car_ws/install/micro_ros_demos_rclc:/root/ros_ws/src/Rescue_Car_ws/install/common_interfaces:/root/ros_ws/src/Rescue_Car_ws/install/visualization_msgs:/root/ros_ws/src/Rescue_Car_ws/install/trajectory_msgs:/root/ros_ws/src/Rescue_Car_ws/install/stereo_msgs:/root/ros_ws/src/Rescue_Car_ws/install/std_srvs:/root/ros_ws/src/Rescue_Car_ws/install/shape_msgs:/root/ros_ws/src/Rescue_Car_ws/install/sensor_msgs:/root/ros_ws/src/Rescue_Car_ws/install/nav_msgs:/root/ros_ws/src/Rescue_Car_ws/install/diagnostic_msgs:/root/ros_ws/src/Rescue_Car_ws/install/geometry_msgs:/root/ros_ws/src/Rescue_Car_ws/install/actionlib_msgs:/root/ros_ws/src/Rescue_Car_ws/install/statistics_msgs:/root/ros_ws/src/Rescue_Car_ws/install/rosidl_typesupport_microxrcedds_test_msg:/root/ros_ws/src/Rescue_Car_ws/install/rosidl_typesupport_microxrcedds_cpp_tests:/root/ros_ws/src/Rescue_Car_ws/install/rmw_microxrcedds:/root/ros_ws/src/Rescue_Car_ws/install/rosidl_typesupport_microxrcedds_cpp:/root/ros_ws/src/Rescue_Car_ws/install/rosidl_typesupport_microxrcedds_c_tests:/root/ros_ws/src/Rescue_Car_ws/install/rosidl_typesupport_microxrcedds_c:/root/ros_ws/src/Rescue_Car_ws/install/rosgraph_msgs:/root/ros_ws/src/Rescue_Car_ws/install/rclc_parameter:/root/ros_ws/src/Rescue_Car_ws/install/composition_interfaces:/root/ros_ws/src/Rescue_Car_ws/install/microxrcedds_client:/root/ros_ws/src/Rescue_Car_ws/install/microcdr:/root/ros_ws/src/Rescue_Car_ws/install/micro_ros_utilities:/root/ros_ws/src/Rescue_Car_ws/install/micro_ros_setup:/root/ros_ws/src/Rescue_Car_ws/install/micro_ros_agent:/root/ros_ws/src/Rescue_Car_ws/install/micro_ros_msgs:/root/ros_ws/src/Rescue_Car_ws/install/lifecycle_msgs:/root/ros_ws/src/Rescue_Car_ws/install/complex_msgs:/root/ros_ws/src/Rescue_Car_ws/install/car:/root/ros_ws/src/Rescue_Car_ws/install/sensor_msgs_py:/opt/ros/humble LD_LIBRARY_PATH=/root/ros_ws/src/Rescue_Car_ws/install/rclc/lib:/root/ros_ws/src/Rescue_Car_ws/install/test_msgs/lib:/root/ros_ws/src/Rescue_Car_ws/install/example_interfaces/lib:/root/ros_ws/src/Rescue_Car_ws/install/std_msgs/lib:/root/ros_ws/src/Rescue_Car_ws/install/rcl_interfaces/lib:/root/ros_ws/src/Rescue_Car_ws/install/action_msgs/lib:/root/ros_ws/src/Rescue_Car_ws/install/unique_identifier_msgs/lib:/root/ros_ws/src/Rescue_Car_ws/install/builtin_interfaces/lib:/root/ros_ws/src/Rescue_Car_ws/install/visualization_msgs/lib:/root/ros_ws/src/Rescue_Car_ws/install/trajectory_msgs/lib:/root/ros_ws/src/Rescue_Car_ws/install/stereo_msgs/lib:/root/ros_ws/src/Rescue_Car_ws/install/std_srvs/lib:/root/ros_ws/src/Rescue_Car_ws/install/shape_msgs/lib:/root/ros_ws/src/Rescue_Car_ws/install/sensor_msgs/lib:/root/ros_ws/src/Rescue_Car_ws/install/nav_msgs/lib:/root/ros_ws/src/Rescue_Car_ws/install/diagnostic_msgs/lib:/root/ros_ws/src/Rescue_Car_ws/install/geometry_msgs/lib:/root/ros_ws/src/Rescue_Car_ws/install/actionlib_msgs/lib:/root/ros_ws/src/Rescue_Car_ws/install/statistics_msgs/lib:/root/ros_ws/src/Rescue_Car_ws/install/rosidl_typesupport_microxrcedds_test_msg/lib:/root/ros_ws/src/Rescue_Car_ws/install/rmw_microxrcedds/lib:/root/ros_ws/src/Rescue_Car_ws/install/rosidl_typesupport_microxrcedds_cpp/lib:/root/ros_ws/src/Rescue_Car_ws/install/rosidl_typesupport_microxrcedds_c/lib:/root/ros_ws/src/Rescue_Car_ws/install/rosgraph_msgs/lib:/root/ros_ws/src/Rescue_Car_ws/install/rclc_parameter/lib:/root/ros_ws/src/Rescue_Car_ws/install/composition_interfaces/lib:/root/ros_ws/src/Rescue_Car_ws/install/micro_ros_utilities/lib:/root/ros_ws/src/Rescue_Car_ws/install/micro_ros_agent/lib:/root/ros_ws/src/Rescue_Car_ws/install/micro_ros_msgs/lib:/root/ros_ws/src/Rescue_Car_ws/install/lifecycle_msgs/lib:/root/ros_ws/src/Rescue_Car_ws/install/complex_msgs/lib:/usr/lib/x86_64-linux-gnu/gazebo-11/plugins:/opt/ros/humble/opt/rviz_ogre_vendor/lib:/opt/ros/humble/lib/x86_64-linux-gnu:/opt/ros/humble/lib /usr/bin/cmake --install /root/ros_ws/src/Rescue_Car_ws/build/rclc_parameter
[4.640s] Level 1:colcon.colcon_core.environment:create_environment_scripts_only(rclc_parameter)
[4.641s] Level 1:colcon.colcon_core.environment:checking '/root/ros_ws/src/Rescue_Car_ws/install/rclc_parameter' for CMake module files
[4.641s] DEBUG:colcon.colcon_core.event_handler.log_command:Invoked command in '/root/ros_ws/src/Rescue_Car_ws/build/rclc_parameter' returned '0': CMAKE_PREFIX_PATH=/root/ros_ws/src/Rescue_Car_ws/install/rclc:/root/ros_ws/src/Rescue_Car_ws/install/test_msgs:/root/ros_ws/src/Rescue_Car_ws/install/example_interfaces:/root/ros_ws/src/Rescue_Car_ws/install/std_msgs:/root/ros_ws/src/Rescue_Car_ws/install/rcl_interfaces:/root/ros_ws/src/Rescue_Car_ws/install/action_msgs:/root/ros_ws/src/Rescue_Car_ws/install/unique_identifier_msgs:/root/ros_ws/src/Rescue_Car_ws/install/builtin_interfaces:/root/ros_ws/src/Rescue_Car_ws/install/micro_ros_demos_rclc:/root/ros_ws/src/Rescue_Car_ws/install/common_interfaces:/root/ros_ws/src/Rescue_Car_ws/install/visualization_msgs:/root/ros_ws/src/Rescue_Car_ws/install/trajectory_msgs:/root/ros_ws/src/Rescue_Car_ws/install/stereo_msgs:/root/ros_ws/src/Rescue_Car_ws/install/std_srvs:/root/ros_ws/src/Rescue_Car_ws/install/shape_msgs:/root/ros_ws/src/Rescue_Car_ws/install/sensor_msgs:/root/ros_ws/src/Rescue_Car_ws/install/nav_msgs:/root/ros_ws/src/Rescue_Car_ws/install/diagnostic_msgs:/root/ros_ws/src/Rescue_Car_ws/install/geometry_msgs:/root/ros_ws/src/Rescue_Car_ws/install/actionlib_msgs:/root/ros_ws/src/Rescue_Car_ws/install/statistics_msgs:/root/ros_ws/src/Rescue_Car_ws/install/rosidl_typesupport_microxrcedds_test_msg:/root/ros_ws/src/Rescue_Car_ws/install/rosidl_typesupport_microxrcedds_cpp_tests:/root/ros_ws/src/Rescue_Car_ws/install/rmw_microxrcedds:/root/ros_ws/src/Rescue_Car_ws/install/rosidl_typesupport_microxrcedds_cpp:/root/ros_ws/src/Rescue_Car_ws/install/rosidl_typesupport_microxrcedds_c_tests:/root/ros_ws/src/Rescue_Car_ws/install/rosidl_typesupport_microxrcedds_c:/root/ros_ws/src/Rescue_Car_ws/install/rosgraph_msgs:/root/ros_ws/src/Rescue_Car_ws/install/rclc_parameter:/root/ros_ws/src/Rescue_Car_ws/install/composition_interfaces:/root/ros_ws/src/Rescue_Car_ws/install/microxrcedds_client:/root/ros_ws/src/Rescue_Car_ws/install/microcdr:/root/ros_ws/src/Rescue_Car_ws/install/micro_ros_utilities:/root/ros_ws/src/Rescue_Car_ws/install/micro_ros_setup:/root/ros_ws/src/Rescue_Car_ws/install/micro_ros_agent:/root/ros_ws/src/Rescue_Car_ws/install/micro_ros_msgs:/root/ros_ws/src/Rescue_Car_ws/install/lifecycle_msgs:/root/ros_ws/src/Rescue_Car_ws/install/complex_msgs:/root/ros_ws/src/Rescue_Car_ws/install/car:/root/ros_ws/src/Rescue_Car_ws/install/sensor_msgs_py:/opt/ros/humble LD_LIBRARY_PATH=/root/ros_ws/src/Rescue_Car_ws/install/rclc/lib:/root/ros_ws/src/Rescue_Car_ws/install/test_msgs/lib:/root/ros_ws/src/Rescue_Car_ws/install/example_interfaces/lib:/root/ros_ws/src/Rescue_Car_ws/install/std_msgs/lib:/root/ros_ws/src/Rescue_Car_ws/install/rcl_interfaces/lib:/root/ros_ws/src/Rescue_Car_ws/install/action_msgs/lib:/root/ros_ws/src/Rescue_Car_ws/install/unique_identifier_msgs/lib:/root/ros_ws/src/Rescue_Car_ws/install/builtin_interfaces/lib:/root/ros_ws/src/Rescue_Car_ws/install/visualization_msgs/lib:/root/ros_ws/src/Rescue_Car_ws/install/trajectory_msgs/lib:/root/ros_ws/src/Rescue_Car_ws/install/stereo_msgs/lib:/root/ros_ws/src/Rescue_Car_ws/install/std_srvs/lib:/root/ros_ws/src/Rescue_Car_ws/install/shape_msgs/lib:/root/ros_ws/src/Rescue_Car_ws/install/sensor_msgs/lib:/root/ros_ws/src/Rescue_Car_ws/install/nav_msgs/lib:/root/ros_ws/src/Rescue_Car_ws/install/diagnostic_msgs/lib:/root/ros_ws/src/Rescue_Car_ws/install/geometry_msgs/lib:/root/ros_ws/src/Rescue_Car_ws/install/actionlib_msgs/lib:/root/ros_ws/src/Rescue_Car_ws/install/statistics_msgs/lib:/root/ros_ws/src/Rescue_Car_ws/install/rosidl_typesupport_microxrcedds_test_msg/lib:/root/ros_ws/src/Rescue_Car_ws/install/rmw_microxrcedds/lib:/root/ros_ws/src/Rescue_Car_ws/install/rosidl_typesupport_microxrcedds_cpp/lib:/root/ros_ws/src/Rescue_Car_ws/install/rosidl_typesupport_microxrcedds_c/lib:/root/ros_ws/src/Rescue_Car_ws/install/rosgraph_msgs/lib:/root/ros_ws/src/Rescue_Car_ws/install/rclc_parameter/lib:/root/ros_ws/src/Rescue_Car_ws/install/composition_interfaces/lib:/root/ros_ws/src/Rescue_Car_ws/install/micro_ros_utilities/lib:/root/ros_ws/src/Rescue_Car_ws/install/micro_ros_agent/lib:/root/ros_ws/src/Rescue_Car_ws/install/micro_ros_msgs/lib:/root/ros_ws/src/Rescue_Car_ws/install/lifecycle_msgs/lib:/root/ros_ws/src/Rescue_Car_ws/install/complex_msgs/lib:/usr/lib/x86_64-linux-gnu/gazebo-11/plugins:/opt/ros/humble/opt/rviz_ogre_vendor/lib:/opt/ros/humble/lib/x86_64-linux-gnu:/opt/ros/humble/lib /usr/bin/cmake --install /root/ros_ws/src/Rescue_Car_ws/build/rclc_parameter
[4.642s] Level 1:colcon.colcon_core.environment:checking '/root/ros_ws/src/Rescue_Car_ws/install/rclc_parameter' for CMake config files
[4.642s] Level 1:colcon.colcon_core.shell:create_environment_hook('rclc_parameter', 'cmake_prefix_path')
[4.642s] INFO:colcon.colcon_core.shell:Creating environment hook '/root/ros_ws/src/Rescue_Car_ws/install/rclc_parameter/share/rclc_parameter/hook/cmake_prefix_path.ps1'
[4.643s] INFO:colcon.colcon_core.shell:Creating environment descriptor '/root/ros_ws/src/Rescue_Car_ws/install/rclc_parameter/share/rclc_parameter/hook/cmake_prefix_path.dsv'
[4.643s] INFO:colcon.colcon_core.shell:Creating environment hook '/root/ros_ws/src/Rescue_Car_ws/install/rclc_parameter/share/rclc_parameter/hook/cmake_prefix_path.sh'
[4.643s] Level 1:colcon.colcon_core.environment:checking '/root/ros_ws/src/Rescue_Car_ws/install/rclc_parameter/lib'
[4.643s] Level 1:colcon.colcon_core.environment:checking '/root/ros_ws/src/Rescue_Car_ws/install/rclc_parameter/bin'
[4.643s] Level 1:colcon.colcon_core.environment:checking '/root/ros_ws/src/Rescue_Car_ws/install/rclc_parameter/lib/pkgconfig/rclc_parameter.pc'
[4.644s] Level 1:colcon.colcon_core.environment:checking '/root/ros_ws/src/Rescue_Car_ws/install/rclc_parameter/lib/python3.10/site-packages'
[4.644s] Level 1:colcon.colcon_core.environment:checking '/root/ros_ws/src/Rescue_Car_ws/install/rclc_parameter/bin'
[4.644s] INFO:colcon.colcon_core.shell:Creating package script '/root/ros_ws/src/Rescue_Car_ws/install/rclc_parameter/share/rclc_parameter/package.ps1'
[4.644s] INFO:colcon.colcon_core.shell:Creating package descriptor '/root/ros_ws/src/Rescue_Car_ws/install/rclc_parameter/share/rclc_parameter/package.dsv'
[4.645s] INFO:colcon.colcon_core.shell:Creating package script '/root/ros_ws/src/Rescue_Car_ws/install/rclc_parameter/share/rclc_parameter/package.sh'
[4.645s] INFO:colcon.colcon_core.shell:Creating package script '/root/ros_ws/src/Rescue_Car_ws/install/rclc_parameter/share/rclc_parameter/package.bash'
[4.645s] INFO:colcon.colcon_core.shell:Creating package script '/root/ros_ws/src/Rescue_Car_ws/install/rclc_parameter/share/rclc_parameter/package.zsh'
[4.645s] Level 1:colcon.colcon_core.environment:create_file_with_runtime_dependencies(/root/ros_ws/src/Rescue_Car_ws/install/rclc_parameter/share/colcon-core/packages/rclc_parameter)
[4.646s] Level 1:colcon.colcon_core.environment:create_environment_scripts_only(rclc_parameter)
[4.646s] Level 1:colcon.colcon_core.environment:checking '/root/ros_ws/src/Rescue_Car_ws/install/rclc_parameter' for CMake module files
[4.646s] Level 1:colcon.colcon_core.environment:checking '/root/ros_ws/src/Rescue_Car_ws/install/rclc_parameter' for CMake config files
[4.646s] Level 1:colcon.colcon_core.shell:create_environment_hook('rclc_parameter', 'cmake_prefix_path')
[4.646s] INFO:colcon.colcon_core.shell:Creating environment hook '/root/ros_ws/src/Rescue_Car_ws/install/rclc_parameter/share/rclc_parameter/hook/cmake_prefix_path.ps1'
[4.647s] INFO:colcon.colcon_core.shell:Creating environment descriptor '/root/ros_ws/src/Rescue_Car_ws/install/rclc_parameter/share/rclc_parameter/hook/cmake_prefix_path.dsv'
[4.647s] INFO:colcon.colcon_core.shell:Creating environment hook '/root/ros_ws/src/Rescue_Car_ws/install/rclc_parameter/share/rclc_parameter/hook/cmake_prefix_path.sh'
[4.647s] Level 1:colcon.colcon_core.environment:checking '/root/ros_ws/src/Rescue_Car_ws/install/rclc_parameter/lib'
[4.647s] Level 1:colcon.colcon_core.environment:checking '/root/ros_ws/src/Rescue_Car_ws/install/rclc_parameter/bin'
[4.648s] Level 1:colcon.colcon_core.environment:checking '/root/ros_ws/src/Rescue_Car_ws/install/rclc_parameter/lib/pkgconfig/rclc_parameter.pc'
[4.648s] Level 1:colcon.colcon_core.environment:checking '/root/ros_ws/src/Rescue_Car_ws/install/rclc_parameter/lib/python3.10/site-packages'
[4.648s] Level 1:colcon.colcon_core.environment:checking '/root/ros_ws/src/Rescue_Car_ws/install/rclc_parameter/bin'
[4.648s] INFO:colcon.colcon_core.shell:Creating package script '/root/ros_ws/src/Rescue_Car_ws/install/rclc_parameter/share/rclc_parameter/package.ps1'
[4.649s] INFO:colcon.colcon_core.shell:Creating package descriptor '/root/ros_ws/src/Rescue_Car_ws/install/rclc_parameter/share/rclc_parameter/package.dsv'
[4.649s] INFO:colcon.colcon_core.shell:Creating package script '/root/ros_ws/src/Rescue_Car_ws/install/rclc_parameter/share/rclc_parameter/package.sh'
[4.649s] INFO:colcon.colcon_core.shell:Creating package script '/root/ros_ws/src/Rescue_Car_ws/install/rclc_parameter/share/rclc_parameter/package.bash'
[4.650s] INFO:colcon.colcon_core.shell:Creating package script '/root/ros_ws/src/Rescue_Car_ws/install/rclc_parameter/share/rclc_parameter/package.zsh'
[4.650s] Level 1:colcon.colcon_core.environment:create_file_with_runtime_dependencies(/root/ros_ws/src/Rescue_Car_ws/install/rclc_parameter/share/colcon-core/packages/rclc_parameter)
[4.650s] INFO:colcon.colcon_ros.task.ament_cmake.build:Building ROS package in '/root/ros_ws/src/Rescue_Car_ws/src/microros/src/uros/micro-ROS-demos/rclc' with build type 'ament_cmake'
[4.650s] INFO:colcon.colcon_cmake.task.cmake.build:Building CMake package in '/root/ros_ws/src/Rescue_Car_ws/src/microros/src/uros/micro-ROS-demos/rclc'
[4.651s] INFO:colcon.colcon_core.shell:Skip shell extension 'powershell' for command environment: Not usable outside of PowerShell
[4.651s] DEBUG:colcon.colcon_core.shell:Skip shell extension 'dsv' for command environment
[4.906s] DEBUG:colcon.colcon_core.event_handler.log_command:Invoking command in '/root/ros_ws/src/Rescue_Car_ws/src/microros/src/ros2/common_interfaces/sensor_msgs_py': CMAKE_PREFIX_PATH=/root/ros_ws/src/Rescue_Car_ws/install/sensor_msgs:/root/ros_ws/src/Rescue_Car_ws/install/geometry_msgs:/root/ros_ws/src/Rescue_Car_ws/install/std_msgs:/root/ros_ws/src/Rescue_Car_ws/install/builtin_interfaces:/root/ros_ws/src/Rescue_Car_ws/install/micro_ros_demos_rclc:/root/ros_ws/src/Rescue_Car_ws/install/common_interfaces:/root/ros_ws/src/Rescue_Car_ws/install/visualization_msgs:/root/ros_ws/src/Rescue_Car_ws/install/test_msgs:/root/ros_ws/src/Rescue_Car_ws/install/example_interfaces:/root/ros_ws/src/Rescue_Car_ws/install/action_msgs:/root/ros_ws/src/Rescue_Car_ws/install/unique_identifier_msgs:/root/ros_ws/src/Rescue_Car_ws/install/trajectory_msgs:/root/ros_ws/src/Rescue_Car_ws/install/stereo_msgs:/root/ros_ws/src/Rescue_Car_ws/install/std_srvs:/root/ros_ws/src/Rescue_Car_ws/install/shape_msgs:/root/ros_ws/src/Rescue_Car_ws/install/nav_msgs:/root/ros_ws/src/Rescue_Car_ws/install/diagnostic_msgs:/root/ros_ws/src/Rescue_Car_ws/install/actionlib_msgs:/root/ros_ws/src/Rescue_Car_ws/install/statistics_msgs:/root/ros_ws/src/Rescue_Car_ws/install/rosidl_typesupport_microxrcedds_test_msg:/root/ros_ws/src/Rescue_Car_ws/install/rosidl_typesupport_microxrcedds_cpp_tests:/root/ros_ws/src/Rescue_Car_ws/install/rmw_microxrcedds:/root/ros_ws/src/Rescue_Car_ws/install/rosidl_typesupport_microxrcedds_cpp:/root/ros_ws/src/Rescue_Car_ws/install/rosidl_typesupport_microxrcedds_c_tests:/root/ros_ws/src/Rescue_Car_ws/install/rosidl_typesupport_microxrcedds_c:/root/ros_ws/src/Rescue_Car_ws/install/rosgraph_msgs:/root/ros_ws/src/Rescue_Car_ws/install/rclc_parameter:/root/ros_ws/src/Rescue_Car_ws/install/rclc:/root/ros_ws/src/Rescue_Car_ws/install/composition_interfaces:/root/ros_ws/src/Rescue_Car_ws/install/rcl_interfaces:/root/ros_ws/src/Rescue_Car_ws/install/microxrcedds_client:/root/ros_ws/src/Rescue_Car_ws/install/microcdr:/root/ros_ws/src/Rescue_Car_ws/install/micro_ros_utilities:/root/ros_ws/src/Rescue_Car_ws/install/micro_ros_setup:/root/ros_ws/src/Rescue_Car_ws/install/micro_ros_agent:/root/ros_ws/src/Rescue_Car_ws/install/micro_ros_msgs:/root/ros_ws/src/Rescue_Car_ws/install/lifecycle_msgs:/root/ros_ws/src/Rescue_Car_ws/install/complex_msgs:/root/ros_ws/src/Rescue_Car_ws/install/car LD_LIBRARY_PATH=/root/ros_ws/src/Rescue_Car_ws/install/sensor_msgs/lib:/root/ros_ws/src/Rescue_Car_ws/install/geometry_msgs/lib:/root/ros_ws/src/Rescue_Car_ws/install/std_msgs/lib:/root/ros_ws/src/Rescue_Car_ws/install/builtin_interfaces/lib:/root/ros_ws/src/Rescue_Car_ws/install/visualization_msgs/lib:/root/ros_ws/src/Rescue_Car_ws/install/test_msgs/lib:/root/ros_ws/src/Rescue_Car_ws/install/example_interfaces/lib:/root/ros_ws/src/Rescue_Car_ws/install/action_msgs/lib:/root/ros_ws/src/Rescue_Car_ws/install/unique_identifier_msgs/lib:/root/ros_ws/src/Rescue_Car_ws/install/trajectory_msgs/lib:/root/ros_ws/src/Rescue_Car_ws/install/stereo_msgs/lib:/root/ros_ws/src/Rescue_Car_ws/install/std_srvs/lib:/root/ros_ws/src/Rescue_Car_ws/install/shape_msgs/lib:/root/ros_ws/src/Rescue_Car_ws/install/nav_msgs/lib:/root/ros_ws/src/Rescue_Car_ws/install/diagnostic_msgs/lib:/root/ros_ws/src/Rescue_Car_ws/install/actionlib_msgs/lib:/root/ros_ws/src/Rescue_Car_ws/install/statistics_msgs/lib:/root/ros_ws/src/Rescue_Car_ws/install/rosidl_typesupport_microxrcedds_test_msg/lib:/root/ros_ws/src/Rescue_Car_ws/install/rmw_microxrcedds/lib:/root/ros_ws/src/Rescue_Car_ws/install/rosidl_typesupport_microxrcedds_cpp/lib:/root/ros_ws/src/Rescue_Car_ws/install/rosidl_typesupport_microxrcedds_c/lib:/root/ros_ws/src/Rescue_Car_ws/install/rosgraph_msgs/lib:/root/ros_ws/src/Rescue_Car_ws/install/rclc_parameter/lib:/root/ros_ws/src/Rescue_Car_ws/install/rclc/lib:/root/ros_ws/src/Rescue_Car_ws/install/composition_interfaces/lib:/root/ros_ws/src/Rescue_Car_ws/install/rcl_interfaces/lib:/root/ros_ws/src/Rescue_Car_ws/install/micro_ros_utilities/lib:/root/ros_ws/src/Rescue_Car_ws/install/micro_ros_agent/lib:/root/ros_ws/src/Rescue_Car_ws/install/micro_ros_msgs/lib:/root/ros_ws/src/Rescue_Car_ws/install/lifecycle_msgs/lib:/root/ros_ws/src/Rescue_Car_ws/install/complex_msgs/lib:/usr/lib/x86_64-linux-gnu/gazebo-11/plugins:/opt/ros/humble/opt/rviz_ogre_vendor/lib:/opt/ros/humble/lib/x86_64-linux-gnu:/opt/ros/humble/lib PYTHONPATH=/root/ros_ws/src/Rescue_Car_ws/build/sensor_msgs_py/prefix_override:/usr/lib/python3/dist-packages/colcon_core/task/python/colcon_distutils_commands:/root/ros_ws/src/Rescue_Car_ws/install/sensor_msgs_py/lib/python3.10/site-packages:${PYTHONPATH} /usr/bin/python3 -W ignore:setup.py install is deprecated -W ignore:easy_install command is deprecated setup.py egg_info --egg-base ../../../../../../build/sensor_msgs_py build --build-base /root/ros_ws/src/Rescue_Car_ws/build/sensor_msgs_py/build install --record /root/ros_ws/src/Rescue_Car_ws/build/sensor_msgs_py/install.log --single-version-externally-managed install_data
[5.131s] Level 1:colcon.colcon_core.environment:checking '/root/ros_ws/src/Rescue_Car_ws/install/sensor_msgs_py' for CMake module files
[5.131s] DEBUG:colcon.colcon_core.event_handler.log_command:Invoked command in '/root/ros_ws/src/Rescue_Car_ws/src/microros/src/ros2/common_interfaces/sensor_msgs_py' returned '0': CMAKE_PREFIX_PATH=/root/ros_ws/src/Rescue_Car_ws/install/sensor_msgs:/root/ros_ws/src/Rescue_Car_ws/install/geometry_msgs:/root/ros_ws/src/Rescue_Car_ws/install/std_msgs:/root/ros_ws/src/Rescue_Car_ws/install/builtin_interfaces:/root/ros_ws/src/Rescue_Car_ws/install/micro_ros_demos_rclc:/root/ros_ws/src/Rescue_Car_ws/install/common_interfaces:/root/ros_ws/src/Rescue_Car_ws/install/visualization_msgs:/root/ros_ws/src/Rescue_Car_ws/install/test_msgs:/root/ros_ws/src/Rescue_Car_ws/install/example_interfaces:/root/ros_ws/src/Rescue_Car_ws/install/action_msgs:/root/ros_ws/src/Rescue_Car_ws/install/unique_identifier_msgs:/root/ros_ws/src/Rescue_Car_ws/install/trajectory_msgs:/root/ros_ws/src/Rescue_Car_ws/install/stereo_msgs:/root/ros_ws/src/Rescue_Car_ws/install/std_srvs:/root/ros_ws/src/Rescue_Car_ws/install/shape_msgs:/root/ros_ws/src/Rescue_Car_ws/install/nav_msgs:/root/ros_ws/src/Rescue_Car_ws/install/diagnostic_msgs:/root/ros_ws/src/Rescue_Car_ws/install/actionlib_msgs:/root/ros_ws/src/Rescue_Car_ws/install/statistics_msgs:/root/ros_ws/src/Rescue_Car_ws/install/rosidl_typesupport_microxrcedds_test_msg:/root/ros_ws/src/Rescue_Car_ws/install/rosidl_typesupport_microxrcedds_cpp_tests:/root/ros_ws/src/Rescue_Car_ws/install/rmw_microxrcedds:/root/ros_ws/src/Rescue_Car_ws/install/rosidl_typesupport_microxrcedds_cpp:/root/ros_ws/src/Rescue_Car_ws/install/rosidl_typesupport_microxrcedds_c_tests:/root/ros_ws/src/Rescue_Car_ws/install/rosidl_typesupport_microxrcedds_c:/root/ros_ws/src/Rescue_Car_ws/install/rosgraph_msgs:/root/ros_ws/src/Rescue_Car_ws/install/rclc_parameter:/root/ros_ws/src/Rescue_Car_ws/install/rclc:/root/ros_ws/src/Rescue_Car_ws/install/composition_interfaces:/root/ros_ws/src/Rescue_Car_ws/install/rcl_interfaces:/root/ros_ws/src/Rescue_Car_ws/install/microxrcedds_client:/root/ros_ws/src/Rescue_Car_ws/install/microcdr:/root/ros_ws/src/Rescue_Car_ws/install/micro_ros_utilities:/root/ros_ws/src/Rescue_Car_ws/install/micro_ros_setup:/root/ros_ws/src/Rescue_Car_ws/install/micro_ros_agent:/root/ros_ws/src/Rescue_Car_ws/install/micro_ros_msgs:/root/ros_ws/src/Rescue_Car_ws/install/lifecycle_msgs:/root/ros_ws/src/Rescue_Car_ws/install/complex_msgs:/root/ros_ws/src/Rescue_Car_ws/install/car LD_LIBRARY_PATH=/root/ros_ws/src/Rescue_Car_ws/install/sensor_msgs/lib:/root/ros_ws/src/Rescue_Car_ws/install/geometry_msgs/lib:/root/ros_ws/src/Rescue_Car_ws/install/std_msgs/lib:/root/ros_ws/src/Rescue_Car_ws/install/builtin_interfaces/lib:/root/ros_ws/src/Rescue_Car_ws/install/visualization_msgs/lib:/root/ros_ws/src/Rescue_Car_ws/install/test_msgs/lib:/root/ros_ws/src/Rescue_Car_ws/install/example_interfaces/lib:/root/ros_ws/src/Rescue_Car_ws/install/action_msgs/lib:/root/ros_ws/src/Rescue_Car_ws/install/unique_identifier_msgs/lib:/root/ros_ws/src/Rescue_Car_ws/install/trajectory_msgs/lib:/root/ros_ws/src/Rescue_Car_ws/install/stereo_msgs/lib:/root/ros_ws/src/Rescue_Car_ws/install/std_srvs/lib:/root/ros_ws/src/Rescue_Car_ws/install/shape_msgs/lib:/root/ros_ws/src/Rescue_Car_ws/install/nav_msgs/lib:/root/ros_ws/src/Rescue_Car_ws/install/diagnostic_msgs/lib:/root/ros_ws/src/Rescue_Car_ws/install/actionlib_msgs/lib:/root/ros_ws/src/Rescue_Car_ws/install/statistics_msgs/lib:/root/ros_ws/src/Rescue_Car_ws/install/rosidl_typesupport_microxrcedds_test_msg/lib:/root/ros_ws/src/Rescue_Car_ws/install/rmw_microxrcedds/lib:/root/ros_ws/src/Rescue_Car_ws/install/rosidl_typesupport_microxrcedds_cpp/lib:/root/ros_ws/src/Rescue_Car_ws/install/rosidl_typesupport_microxrcedds_c/lib:/root/ros_ws/src/Rescue_Car_ws/install/rosgraph_msgs/lib:/root/ros_ws/src/Rescue_Car_ws/install/rclc_parameter/lib:/root/ros_ws/src/Rescue_Car_ws/install/rclc/lib:/root/ros_ws/src/Rescue_Car_ws/install/composition_interfaces/lib:/root/ros_ws/src/Rescue_Car_ws/install/rcl_interfaces/lib:/root/ros_ws/src/Rescue_Car_ws/install/micro_ros_utilities/lib:/root/ros_ws/src/Rescue_Car_ws/install/micro_ros_agent/lib:/root/ros_ws/src/Rescue_Car_ws/install/micro_ros_msgs/lib:/root/ros_ws/src/Rescue_Car_ws/install/lifecycle_msgs/lib:/root/ros_ws/src/Rescue_Car_ws/install/complex_msgs/lib:/usr/lib/x86_64-linux-gnu/gazebo-11/plugins:/opt/ros/humble/opt/rviz_ogre_vendor/lib:/opt/ros/humble/lib/x86_64-linux-gnu:/opt/ros/humble/lib PYTHONPATH=/root/ros_ws/src/Rescue_Car_ws/build/sensor_msgs_py/prefix_override:/usr/lib/python3/dist-packages/colcon_core/task/python/colcon_distutils_commands:/root/ros_ws/src/Rescue_Car_ws/install/sensor_msgs_py/lib/python3.10/site-packages:${PYTHONPATH} /usr/bin/python3 -W ignore:setup.py install is deprecated -W ignore:easy_install command is deprecated setup.py egg_info --egg-base ../../../../../../build/sensor_msgs_py build --build-base /root/ros_ws/src/Rescue_Car_ws/build/sensor_msgs_py/build install --record /root/ros_ws/src/Rescue_Car_ws/build/sensor_msgs_py/install.log --single-version-externally-managed install_data
[5.132s] Level 1:colcon.colcon_core.environment:checking '/root/ros_ws/src/Rescue_Car_ws/install/sensor_msgs_py' for CMake config files
[5.132s] Level 1:colcon.colcon_core.environment:checking '/root/ros_ws/src/Rescue_Car_ws/install/sensor_msgs_py/lib'
[5.132s] Level 1:colcon.colcon_core.environment:checking '/root/ros_ws/src/Rescue_Car_ws/install/sensor_msgs_py/bin'
[5.132s] Level 1:colcon.colcon_core.environment:checking '/root/ros_ws/src/Rescue_Car_ws/install/sensor_msgs_py/lib/pkgconfig/sensor_msgs_py.pc'
[5.132s] Level 1:colcon.colcon_core.environment:checking '/root/ros_ws/src/Rescue_Car_ws/install/sensor_msgs_py/lib/python3.10/site-packages'
[5.132s] Level 1:colcon.colcon_core.shell:create_environment_hook('sensor_msgs_py', 'pythonpath')
[5.133s] INFO:colcon.colcon_core.shell:Creating environment hook '/root/ros_ws/src/Rescue_Car_ws/install/sensor_msgs_py/share/sensor_msgs_py/hook/pythonpath.ps1'
[5.133s] INFO:colcon.colcon_core.shell:Creating environment descriptor '/root/ros_ws/src/Rescue_Car_ws/install/sensor_msgs_py/share/sensor_msgs_py/hook/pythonpath.dsv'
[5.133s] INFO:colcon.colcon_core.shell:Creating environment hook '/root/ros_ws/src/Rescue_Car_ws/install/sensor_msgs_py/share/sensor_msgs_py/hook/pythonpath.sh'
[5.134s] Level 1:colcon.colcon_core.environment:checking '/root/ros_ws/src/Rescue_Car_ws/install/sensor_msgs_py/bin'
[5.134s] Level 1:colcon.colcon_core.environment:create_environment_scripts_only(sensor_msgs_py)
[5.134s] INFO:colcon.colcon_core.shell:Creating package script '/root/ros_ws/src/Rescue_Car_ws/install/sensor_msgs_py/share/sensor_msgs_py/package.ps1'
[5.134s] INFO:colcon.colcon_core.shell:Creating package descriptor '/root/ros_ws/src/Rescue_Car_ws/install/sensor_msgs_py/share/sensor_msgs_py/package.dsv'
[5.134s] INFO:colcon.colcon_core.shell:Creating package script '/root/ros_ws/src/Rescue_Car_ws/install/sensor_msgs_py/share/sensor_msgs_py/package.sh'
[5.135s] INFO:colcon.colcon_core.shell:Creating package script '/root/ros_ws/src/Rescue_Car_ws/install/sensor_msgs_py/share/sensor_msgs_py/package.bash'
[5.135s] INFO:colcon.colcon_core.shell:Creating package script '/root/ros_ws/src/Rescue_Car_ws/install/sensor_msgs_py/share/sensor_msgs_py/package.zsh'
[5.135s] Level 1:colcon.colcon_core.environment:create_file_with_runtime_dependencies(/root/ros_ws/src/Rescue_Car_ws/install/sensor_msgs_py/share/colcon-core/packages/sensor_msgs_py)
[5.384s] DEBUG:colcon.colcon_core.event_handler.log_command:Invoking command in '/root/ros_ws/src/Rescue_Car_ws/build/common_interfaces': CMAKE_PREFIX_PATH=/root/ros_ws/src/Rescue_Car_ws/install/visualization_msgs:/root/ros_ws/src/Rescue_Car_ws/install/stereo_msgs:/root/ros_ws/src/Rescue_Car_ws/install/trajectory_msgs:/root/ros_ws/src/Rescue_Car_ws/install/shape_msgs:/root/ros_ws/src/Rescue_Car_ws/install/sensor_msgs:/root/ros_ws/src/Rescue_Car_ws/install/nav_msgs:/root/ros_ws/src/Rescue_Car_ws/install/diagnostic_msgs:/root/ros_ws/src/Rescue_Car_ws/install/geometry_msgs:/root/ros_ws/src/Rescue_Car_ws/install/actionlib_msgs:/root/ros_ws/src/Rescue_Car_ws/install/std_msgs:/root/ros_ws/src/Rescue_Car_ws/install/std_srvs:/root/ros_ws/src/Rescue_Car_ws/install/builtin_interfaces:/root/ros_ws/src/Rescue_Car_ws/install/micro_ros_demos_rclc:/root/ros_ws/src/Rescue_Car_ws/install/common_interfaces:/root/ros_ws/src/Rescue_Car_ws/install/test_msgs:/root/ros_ws/src/Rescue_Car_ws/install/example_interfaces:/root/ros_ws/src/Rescue_Car_ws/install/action_msgs:/root/ros_ws/src/Rescue_Car_ws/install/unique_identifier_msgs:/root/ros_ws/src/Rescue_Car_ws/install/statistics_msgs:/root/ros_ws/src/Rescue_Car_ws/install/rosidl_typesupport_microxrcedds_test_msg:/root/ros_ws/src/Rescue_Car_ws/install/rosidl_typesupport_microxrcedds_cpp_tests:/root/ros_ws/src/Rescue_Car_ws/install/rmw_microxrcedds:/root/ros_ws/src/Rescue_Car_ws/install/rosidl_typesupport_microxrcedds_cpp:/root/ros_ws/src/Rescue_Car_ws/install/rosidl_typesupport_microxrcedds_c_tests:/root/ros_ws/src/Rescue_Car_ws/install/rosidl_typesupport_microxrcedds_c:/root/ros_ws/src/Rescue_Car_ws/install/rosgraph_msgs:/root/ros_ws/src/Rescue_Car_ws/install/rclc_parameter:/root/ros_ws/src/Rescue_Car_ws/install/rclc:/root/ros_ws/src/Rescue_Car_ws/install/composition_interfaces:/root/ros_ws/src/Rescue_Car_ws/install/rcl_interfaces:/root/ros_ws/src/Rescue_Car_ws/install/microxrcedds_client:/root/ros_ws/src/Rescue_Car_ws/install/microcdr:/root/ros_ws/src/Rescue_Car_ws/install/micro_ros_utilities:/root/ros_ws/src/Rescue_Car_ws/install/micro_ros_setup:/root/ros_ws/src/Rescue_Car_ws/install/micro_ros_agent:/root/ros_ws/src/Rescue_Car_ws/install/micro_ros_msgs:/root/ros_ws/src/Rescue_Car_ws/install/lifecycle_msgs:/root/ros_ws/src/Rescue_Car_ws/install/complex_msgs:/root/ros_ws/src/Rescue_Car_ws/install/car:/root/ros_ws/src/Rescue_Car_ws/install/sensor_msgs_py:/opt/ros/humble LD_LIBRARY_PATH=/root/ros_ws/src/Rescue_Car_ws/install/visualization_msgs/lib:/root/ros_ws/src/Rescue_Car_ws/install/stereo_msgs/lib:/root/ros_ws/src/Rescue_Car_ws/install/trajectory_msgs/lib:/root/ros_ws/src/Rescue_Car_ws/install/shape_msgs/lib:/root/ros_ws/src/Rescue_Car_ws/install/sensor_msgs/lib:/root/ros_ws/src/Rescue_Car_ws/install/nav_msgs/lib:/root/ros_ws/src/Rescue_Car_ws/install/diagnostic_msgs/lib:/root/ros_ws/src/Rescue_Car_ws/install/geometry_msgs/lib:/root/ros_ws/src/Rescue_Car_ws/install/actionlib_msgs/lib:/root/ros_ws/src/Rescue_Car_ws/install/std_msgs/lib:/root/ros_ws/src/Rescue_Car_ws/install/std_srvs/lib:/root/ros_ws/src/Rescue_Car_ws/install/builtin_interfaces/lib:/root/ros_ws/src/Rescue_Car_ws/install/test_msgs/lib:/root/ros_ws/src/Rescue_Car_ws/install/example_interfaces/lib:/root/ros_ws/src/Rescue_Car_ws/install/action_msgs/lib:/root/ros_ws/src/Rescue_Car_ws/install/unique_identifier_msgs/lib:/root/ros_ws/src/Rescue_Car_ws/install/statistics_msgs/lib:/root/ros_ws/src/Rescue_Car_ws/install/rosidl_typesupport_microxrcedds_test_msg/lib:/root/ros_ws/src/Rescue_Car_ws/install/rmw_microxrcedds/lib:/root/ros_ws/src/Rescue_Car_ws/install/rosidl_typesupport_microxrcedds_cpp/lib:/root/ros_ws/src/Rescue_Car_ws/install/rosidl_typesupport_microxrcedds_c/lib:/root/ros_ws/src/Rescue_Car_ws/install/rosgraph_msgs/lib:/root/ros_ws/src/Rescue_Car_ws/install/rclc_parameter/lib:/root/ros_ws/src/Rescue_Car_ws/install/rclc/lib:/root/ros_ws/src/Rescue_Car_ws/install/composition_interfaces/lib:/root/ros_ws/src/Rescue_Car_ws/install/rcl_interfaces/lib:/root/ros_ws/src/Rescue_Car_ws/install/micro_ros_utilities/lib:/root/ros_ws/src/Rescue_Car_ws/install/micro_ros_agent/lib:/root/ros_ws/src/Rescue_Car_ws/install/micro_ros_msgs/lib:/root/ros_ws/src/Rescue_Car_ws/install/lifecycle_msgs/lib:/root/ros_ws/src/Rescue_Car_ws/install/complex_msgs/lib:/usr/lib/x86_64-linux-gnu/gazebo-11/plugins:/opt/ros/humble/opt/rviz_ogre_vendor/lib:/opt/ros/humble/lib/x86_64-linux-gnu:/opt/ros/humble/lib /usr/bin/cmake --build /root/ros_ws/src/Rescue_Car_ws/build/common_interfaces -- -j20 -l20
[5.422s] DEBUG:colcon.colcon_core.event_handler.log_command:Invoked command in '/root/ros_ws/src/Rescue_Car_ws/build/common_interfaces' returned '0': CMAKE_PREFIX_PATH=/root/ros_ws/src/Rescue_Car_ws/install/visualization_msgs:/root/ros_ws/src/Rescue_Car_ws/install/stereo_msgs:/root/ros_ws/src/Rescue_Car_ws/install/trajectory_msgs:/root/ros_ws/src/Rescue_Car_ws/install/shape_msgs:/root/ros_ws/src/Rescue_Car_ws/install/sensor_msgs:/root/ros_ws/src/Rescue_Car_ws/install/nav_msgs:/root/ros_ws/src/Rescue_Car_ws/install/diagnostic_msgs:/root/ros_ws/src/Rescue_Car_ws/install/geometry_msgs:/root/ros_ws/src/Rescue_Car_ws/install/actionlib_msgs:/root/ros_ws/src/Rescue_Car_ws/install/std_msgs:/root/ros_ws/src/Rescue_Car_ws/install/std_srvs:/root/ros_ws/src/Rescue_Car_ws/install/builtin_interfaces:/root/ros_ws/src/Rescue_Car_ws/install/micro_ros_demos_rclc:/root/ros_ws/src/Rescue_Car_ws/install/common_interfaces:/root/ros_ws/src/Rescue_Car_ws/install/test_msgs:/root/ros_ws/src/Rescue_Car_ws/install/example_interfaces:/root/ros_ws/src/Rescue_Car_ws/install/action_msgs:/root/ros_ws/src/Rescue_Car_ws/install/unique_identifier_msgs:/root/ros_ws/src/Rescue_Car_ws/install/statistics_msgs:/root/ros_ws/src/Rescue_Car_ws/install/rosidl_typesupport_microxrcedds_test_msg:/root/ros_ws/src/Rescue_Car_ws/install/rosidl_typesupport_microxrcedds_cpp_tests:/root/ros_ws/src/Rescue_Car_ws/install/rmw_microxrcedds:/root/ros_ws/src/Rescue_Car_ws/install/rosidl_typesupport_microxrcedds_cpp:/root/ros_ws/src/Rescue_Car_ws/install/rosidl_typesupport_microxrcedds_c_tests:/root/ros_ws/src/Rescue_Car_ws/install/rosidl_typesupport_microxrcedds_c:/root/ros_ws/src/Rescue_Car_ws/install/rosgraph_msgs:/root/ros_ws/src/Rescue_Car_ws/install/rclc_parameter:/root/ros_ws/src/Rescue_Car_ws/install/rclc:/root/ros_ws/src/Rescue_Car_ws/install/composition_interfaces:/root/ros_ws/src/Rescue_Car_ws/install/rcl_interfaces:/root/ros_ws/src/Rescue_Car_ws/install/microxrcedds_client:/root/ros_ws/src/Rescue_Car_ws/install/microcdr:/root/ros_ws/src/Rescue_Car_ws/install/micro_ros_utilities:/root/ros_ws/src/Rescue_Car_ws/install/micro_ros_setup:/root/ros_ws/src/Rescue_Car_ws/install/micro_ros_agent:/root/ros_ws/src/Rescue_Car_ws/install/micro_ros_msgs:/root/ros_ws/src/Rescue_Car_ws/install/lifecycle_msgs:/root/ros_ws/src/Rescue_Car_ws/install/complex_msgs:/root/ros_ws/src/Rescue_Car_ws/install/car:/root/ros_ws/src/Rescue_Car_ws/install/sensor_msgs_py:/opt/ros/humble LD_LIBRARY_PATH=/root/ros_ws/src/Rescue_Car_ws/install/visualization_msgs/lib:/root/ros_ws/src/Rescue_Car_ws/install/stereo_msgs/lib:/root/ros_ws/src/Rescue_Car_ws/install/trajectory_msgs/lib:/root/ros_ws/src/Rescue_Car_ws/install/shape_msgs/lib:/root/ros_ws/src/Rescue_Car_ws/install/sensor_msgs/lib:/root/ros_ws/src/Rescue_Car_ws/install/nav_msgs/lib:/root/ros_ws/src/Rescue_Car_ws/install/diagnostic_msgs/lib:/root/ros_ws/src/Rescue_Car_ws/install/geometry_msgs/lib:/root/ros_ws/src/Rescue_Car_ws/install/actionlib_msgs/lib:/root/ros_ws/src/Rescue_Car_ws/install/std_msgs/lib:/root/ros_ws/src/Rescue_Car_ws/install/std_srvs/lib:/root/ros_ws/src/Rescue_Car_ws/install/builtin_interfaces/lib:/root/ros_ws/src/Rescue_Car_ws/install/test_msgs/lib:/root/ros_ws/src/Rescue_Car_ws/install/example_interfaces/lib:/root/ros_ws/src/Rescue_Car_ws/install/action_msgs/lib:/root/ros_ws/src/Rescue_Car_ws/install/unique_identifier_msgs/lib:/root/ros_ws/src/Rescue_Car_ws/install/statistics_msgs/lib:/root/ros_ws/src/Rescue_Car_ws/install/rosidl_typesupport_microxrcedds_test_msg/lib:/root/ros_ws/src/Rescue_Car_ws/install/rmw_microxrcedds/lib:/root/ros_ws/src/Rescue_Car_ws/install/rosidl_typesupport_microxrcedds_cpp/lib:/root/ros_ws/src/Rescue_Car_ws/install/rosidl_typesupport_microxrcedds_c/lib:/root/ros_ws/src/Rescue_Car_ws/install/rosgraph_msgs/lib:/root/ros_ws/src/Rescue_Car_ws/install/rclc_parameter/lib:/root/ros_ws/src/Rescue_Car_ws/install/rclc/lib:/root/ros_ws/src/Rescue_Car_ws/install/composition_interfaces/lib:/root/ros_ws/src/Rescue_Car_ws/install/rcl_interfaces/lib:/root/ros_ws/src/Rescue_Car_ws/install/micro_ros_utilities/lib:/root/ros_ws/src/Rescue_Car_ws/install/micro_ros_agent/lib:/root/ros_ws/src/Rescue_Car_ws/install/micro_ros_msgs/lib:/root/ros_ws/src/Rescue_Car_ws/install/lifecycle_msgs/lib:/root/ros_ws/src/Rescue_Car_ws/install/complex_msgs/lib:/usr/lib/x86_64-linux-gnu/gazebo-11/plugins:/opt/ros/humble/opt/rviz_ogre_vendor/lib:/opt/ros/humble/lib/x86_64-linux-gnu:/opt/ros/humble/lib /usr/bin/cmake --build /root/ros_ws/src/Rescue_Car_ws/build/common_interfaces -- -j20 -l20
[5.423s] DEBUG:colcon.colcon_core.event_handler.log_command:Invoking command in '/root/ros_ws/src/Rescue_Car_ws/build/common_interfaces': CMAKE_PREFIX_PATH=/root/ros_ws/src/Rescue_Car_ws/install/visualization_msgs:/root/ros_ws/src/Rescue_Car_ws/install/stereo_msgs:/root/ros_ws/src/Rescue_Car_ws/install/trajectory_msgs:/root/ros_ws/src/Rescue_Car_ws/install/shape_msgs:/root/ros_ws/src/Rescue_Car_ws/install/sensor_msgs:/root/ros_ws/src/Rescue_Car_ws/install/nav_msgs:/root/ros_ws/src/Rescue_Car_ws/install/diagnostic_msgs:/root/ros_ws/src/Rescue_Car_ws/install/geometry_msgs:/root/ros_ws/src/Rescue_Car_ws/install/actionlib_msgs:/root/ros_ws/src/Rescue_Car_ws/install/std_msgs:/root/ros_ws/src/Rescue_Car_ws/install/std_srvs:/root/ros_ws/src/Rescue_Car_ws/install/builtin_interfaces:/root/ros_ws/src/Rescue_Car_ws/install/micro_ros_demos_rclc:/root/ros_ws/src/Rescue_Car_ws/install/common_interfaces:/root/ros_ws/src/Rescue_Car_ws/install/test_msgs:/root/ros_ws/src/Rescue_Car_ws/install/example_interfaces:/root/ros_ws/src/Rescue_Car_ws/install/action_msgs:/root/ros_ws/src/Rescue_Car_ws/install/unique_identifier_msgs:/root/ros_ws/src/Rescue_Car_ws/install/statistics_msgs:/root/ros_ws/src/Rescue_Car_ws/install/rosidl_typesupport_microxrcedds_test_msg:/root/ros_ws/src/Rescue_Car_ws/install/rosidl_typesupport_microxrcedds_cpp_tests:/root/ros_ws/src/Rescue_Car_ws/install/rmw_microxrcedds:/root/ros_ws/src/Rescue_Car_ws/install/rosidl_typesupport_microxrcedds_cpp:/root/ros_ws/src/Rescue_Car_ws/install/rosidl_typesupport_microxrcedds_c_tests:/root/ros_ws/src/Rescue_Car_ws/install/rosidl_typesupport_microxrcedds_c:/root/ros_ws/src/Rescue_Car_ws/install/rosgraph_msgs:/root/ros_ws/src/Rescue_Car_ws/install/rclc_parameter:/root/ros_ws/src/Rescue_Car_ws/install/rclc:/root/ros_ws/src/Rescue_Car_ws/install/composition_interfaces:/root/ros_ws/src/Rescue_Car_ws/install/rcl_interfaces:/root/ros_ws/src/Rescue_Car_ws/install/microxrcedds_client:/root/ros_ws/src/Rescue_Car_ws/install/microcdr:/root/ros_ws/src/Rescue_Car_ws/install/micro_ros_utilities:/root/ros_ws/src/Rescue_Car_ws/install/micro_ros_setup:/root/ros_ws/src/Rescue_Car_ws/install/micro_ros_agent:/root/ros_ws/src/Rescue_Car_ws/install/micro_ros_msgs:/root/ros_ws/src/Rescue_Car_ws/install/lifecycle_msgs:/root/ros_ws/src/Rescue_Car_ws/install/complex_msgs:/root/ros_ws/src/Rescue_Car_ws/install/car:/root/ros_ws/src/Rescue_Car_ws/install/sensor_msgs_py:/opt/ros/humble LD_LIBRARY_PATH=/root/ros_ws/src/Rescue_Car_ws/install/visualization_msgs/lib:/root/ros_ws/src/Rescue_Car_ws/install/stereo_msgs/lib:/root/ros_ws/src/Rescue_Car_ws/install/trajectory_msgs/lib:/root/ros_ws/src/Rescue_Car_ws/install/shape_msgs/lib:/root/ros_ws/src/Rescue_Car_ws/install/sensor_msgs/lib:/root/ros_ws/src/Rescue_Car_ws/install/nav_msgs/lib:/root/ros_ws/src/Rescue_Car_ws/install/diagnostic_msgs/lib:/root/ros_ws/src/Rescue_Car_ws/install/geometry_msgs/lib:/root/ros_ws/src/Rescue_Car_ws/install/actionlib_msgs/lib:/root/ros_ws/src/Rescue_Car_ws/install/std_msgs/lib:/root/ros_ws/src/Rescue_Car_ws/install/std_srvs/lib:/root/ros_ws/src/Rescue_Car_ws/install/builtin_interfaces/lib:/root/ros_ws/src/Rescue_Car_ws/install/test_msgs/lib:/root/ros_ws/src/Rescue_Car_ws/install/example_interfaces/lib:/root/ros_ws/src/Rescue_Car_ws/install/action_msgs/lib:/root/ros_ws/src/Rescue_Car_ws/install/unique_identifier_msgs/lib:/root/ros_ws/src/Rescue_Car_ws/install/statistics_msgs/lib:/root/ros_ws/src/Rescue_Car_ws/install/rosidl_typesupport_microxrcedds_test_msg/lib:/root/ros_ws/src/Rescue_Car_ws/install/rmw_microxrcedds/lib:/root/ros_ws/src/Rescue_Car_ws/install/rosidl_typesupport_microxrcedds_cpp/lib:/root/ros_ws/src/Rescue_Car_ws/install/rosidl_typesupport_microxrcedds_c/lib:/root/ros_ws/src/Rescue_Car_ws/install/rosgraph_msgs/lib:/root/ros_ws/src/Rescue_Car_ws/install/rclc_parameter/lib:/root/ros_ws/src/Rescue_Car_ws/install/rclc/lib:/root/ros_ws/src/Rescue_Car_ws/install/composition_interfaces/lib:/root/ros_ws/src/Rescue_Car_ws/install/rcl_interfaces/lib:/root/ros_ws/src/Rescue_Car_ws/install/micro_ros_utilities/lib:/root/ros_ws/src/Rescue_Car_ws/install/micro_ros_agent/lib:/root/ros_ws/src/Rescue_Car_ws/install/micro_ros_msgs/lib:/root/ros_ws/src/Rescue_Car_ws/install/lifecycle_msgs/lib:/root/ros_ws/src/Rescue_Car_ws/install/complex_msgs/lib:/usr/lib/x86_64-linux-gnu/gazebo-11/plugins:/opt/ros/humble/opt/rviz_ogre_vendor/lib:/opt/ros/humble/lib/x86_64-linux-gnu:/opt/ros/humble/lib /usr/bin/cmake --install /root/ros_ws/src/Rescue_Car_ws/build/common_interfaces
[5.433s] Level 1:colcon.colcon_core.environment:create_environment_scripts_only(common_interfaces)
[5.433s] Level 1:colcon.colcon_core.environment:checking '/root/ros_ws/src/Rescue_Car_ws/install/common_interfaces' for CMake module files
[5.434s] DEBUG:colcon.colcon_core.event_handler.log_command:Invoked command in '/root/ros_ws/src/Rescue_Car_ws/build/common_interfaces' returned '0': CMAKE_PREFIX_PATH=/root/ros_ws/src/Rescue_Car_ws/install/visualization_msgs:/root/ros_ws/src/Rescue_Car_ws/install/stereo_msgs:/root/ros_ws/src/Rescue_Car_ws/install/trajectory_msgs:/root/ros_ws/src/Rescue_Car_ws/install/shape_msgs:/root/ros_ws/src/Rescue_Car_ws/install/sensor_msgs:/root/ros_ws/src/Rescue_Car_ws/install/nav_msgs:/root/ros_ws/src/Rescue_Car_ws/install/diagnostic_msgs:/root/ros_ws/src/Rescue_Car_ws/install/geometry_msgs:/root/ros_ws/src/Rescue_Car_ws/install/actionlib_msgs:/root/ros_ws/src/Rescue_Car_ws/install/std_msgs:/root/ros_ws/src/Rescue_Car_ws/install/std_srvs:/root/ros_ws/src/Rescue_Car_ws/install/builtin_interfaces:/root/ros_ws/src/Rescue_Car_ws/install/micro_ros_demos_rclc:/root/ros_ws/src/Rescue_Car_ws/install/common_interfaces:/root/ros_ws/src/Rescue_Car_ws/install/test_msgs:/root/ros_ws/src/Rescue_Car_ws/install/example_interfaces:/root/ros_ws/src/Rescue_Car_ws/install/action_msgs:/root/ros_ws/src/Rescue_Car_ws/install/unique_identifier_msgs:/root/ros_ws/src/Rescue_Car_ws/install/statistics_msgs:/root/ros_ws/src/Rescue_Car_ws/install/rosidl_typesupport_microxrcedds_test_msg:/root/ros_ws/src/Rescue_Car_ws/install/rosidl_typesupport_microxrcedds_cpp_tests:/root/ros_ws/src/Rescue_Car_ws/install/rmw_microxrcedds:/root/ros_ws/src/Rescue_Car_ws/install/rosidl_typesupport_microxrcedds_cpp:/root/ros_ws/src/Rescue_Car_ws/install/rosidl_typesupport_microxrcedds_c_tests:/root/ros_ws/src/Rescue_Car_ws/install/rosidl_typesupport_microxrcedds_c:/root/ros_ws/src/Rescue_Car_ws/install/rosgraph_msgs:/root/ros_ws/src/Rescue_Car_ws/install/rclc_parameter:/root/ros_ws/src/Rescue_Car_ws/install/rclc:/root/ros_ws/src/Rescue_Car_ws/install/composition_interfaces:/root/ros_ws/src/Rescue_Car_ws/install/rcl_interfaces:/root/ros_ws/src/Rescue_Car_ws/install/microxrcedds_client:/root/ros_ws/src/Rescue_Car_ws/install/microcdr:/root/ros_ws/src/Rescue_Car_ws/install/micro_ros_utilities:/root/ros_ws/src/Rescue_Car_ws/install/micro_ros_setup:/root/ros_ws/src/Rescue_Car_ws/install/micro_ros_agent:/root/ros_ws/src/Rescue_Car_ws/install/micro_ros_msgs:/root/ros_ws/src/Rescue_Car_ws/install/lifecycle_msgs:/root/ros_ws/src/Rescue_Car_ws/install/complex_msgs:/root/ros_ws/src/Rescue_Car_ws/install/car:/root/ros_ws/src/Rescue_Car_ws/install/sensor_msgs_py:/opt/ros/humble LD_LIBRARY_PATH=/root/ros_ws/src/Rescue_Car_ws/install/visualization_msgs/lib:/root/ros_ws/src/Rescue_Car_ws/install/stereo_msgs/lib:/root/ros_ws/src/Rescue_Car_ws/install/trajectory_msgs/lib:/root/ros_ws/src/Rescue_Car_ws/install/shape_msgs/lib:/root/ros_ws/src/Rescue_Car_ws/install/sensor_msgs/lib:/root/ros_ws/src/Rescue_Car_ws/install/nav_msgs/lib:/root/ros_ws/src/Rescue_Car_ws/install/diagnostic_msgs/lib:/root/ros_ws/src/Rescue_Car_ws/install/geometry_msgs/lib:/root/ros_ws/src/Rescue_Car_ws/install/actionlib_msgs/lib:/root/ros_ws/src/Rescue_Car_ws/install/std_msgs/lib:/root/ros_ws/src/Rescue_Car_ws/install/std_srvs/lib:/root/ros_ws/src/Rescue_Car_ws/install/builtin_interfaces/lib:/root/ros_ws/src/Rescue_Car_ws/install/test_msgs/lib:/root/ros_ws/src/Rescue_Car_ws/install/example_interfaces/lib:/root/ros_ws/src/Rescue_Car_ws/install/action_msgs/lib:/root/ros_ws/src/Rescue_Car_ws/install/unique_identifier_msgs/lib:/root/ros_ws/src/Rescue_Car_ws/install/statistics_msgs/lib:/root/ros_ws/src/Rescue_Car_ws/install/rosidl_typesupport_microxrcedds_test_msg/lib:/root/ros_ws/src/Rescue_Car_ws/install/rmw_microxrcedds/lib:/root/ros_ws/src/Rescue_Car_ws/install/rosidl_typesupport_microxrcedds_cpp/lib:/root/ros_ws/src/Rescue_Car_ws/install/rosidl_typesupport_microxrcedds_c/lib:/root/ros_ws/src/Rescue_Car_ws/install/rosgraph_msgs/lib:/root/ros_ws/src/Rescue_Car_ws/install/rclc_parameter/lib:/root/ros_ws/src/Rescue_Car_ws/install/rclc/lib:/root/ros_ws/src/Rescue_Car_ws/install/composition_interfaces/lib:/root/ros_ws/src/Rescue_Car_ws/install/rcl_interfaces/lib:/root/ros_ws/src/Rescue_Car_ws/install/micro_ros_utilities/lib:/root/ros_ws/src/Rescue_Car_ws/install/micro_ros_agent/lib:/root/ros_ws/src/Rescue_Car_ws/install/micro_ros_msgs/lib:/root/ros_ws/src/Rescue_Car_ws/install/lifecycle_msgs/lib:/root/ros_ws/src/Rescue_Car_ws/install/complex_msgs/lib:/usr/lib/x86_64-linux-gnu/gazebo-11/plugins:/opt/ros/humble/opt/rviz_ogre_vendor/lib:/opt/ros/humble/lib/x86_64-linux-gnu:/opt/ros/humble/lib /usr/bin/cmake --install /root/ros_ws/src/Rescue_Car_ws/build/common_interfaces
[5.435s] Level 1:colcon.colcon_core.environment:checking '/root/ros_ws/src/Rescue_Car_ws/install/common_interfaces' for CMake config files
[5.435s] Level 1:colcon.colcon_core.shell:create_environment_hook('common_interfaces', 'cmake_prefix_path')
[5.435s] INFO:colcon.colcon_core.shell:Creating environment hook '/root/ros_ws/src/Rescue_Car_ws/install/common_interfaces/share/common_interfaces/hook/cmake_prefix_path.ps1'
[5.436s] INFO:colcon.colcon_core.shell:Creating environment descriptor '/root/ros_ws/src/Rescue_Car_ws/install/common_interfaces/share/common_interfaces/hook/cmake_prefix_path.dsv'
[5.437s] INFO:colcon.colcon_core.shell:Creating environment hook '/root/ros_ws/src/Rescue_Car_ws/install/common_interfaces/share/common_interfaces/hook/cmake_prefix_path.sh'
[5.437s] Level 1:colcon.colcon_core.environment:checking '/root/ros_ws/src/Rescue_Car_ws/install/common_interfaces/bin'
[5.437s] Level 1:colcon.colcon_core.environment:checking '/root/ros_ws/src/Rescue_Car_ws/install/common_interfaces/lib/pkgconfig/common_interfaces.pc'
[5.437s] Level 1:colcon.colcon_core.environment:checking '/root/ros_ws/src/Rescue_Car_ws/install/common_interfaces/lib/python3.10/site-packages'
[5.437s] Level 1:colcon.colcon_core.environment:checking '/root/ros_ws/src/Rescue_Car_ws/install/common_interfaces/bin'
[5.438s] INFO:colcon.colcon_core.shell:Creating package script '/root/ros_ws/src/Rescue_Car_ws/install/common_interfaces/share/common_interfaces/package.ps1'
[5.438s] INFO:colcon.colcon_core.shell:Creating package descriptor '/root/ros_ws/src/Rescue_Car_ws/install/common_interfaces/share/common_interfaces/package.dsv'
[5.438s] INFO:colcon.colcon_core.shell:Creating package script '/root/ros_ws/src/Rescue_Car_ws/install/common_interfaces/share/common_interfaces/package.sh'
[5.439s] INFO:colcon.colcon_core.shell:Creating package script '/root/ros_ws/src/Rescue_Car_ws/install/common_interfaces/share/common_interfaces/package.bash'
[5.439s] INFO:colcon.colcon_core.shell:Creating package script '/root/ros_ws/src/Rescue_Car_ws/install/common_interfaces/share/common_interfaces/package.zsh'
[5.439s] Level 1:colcon.colcon_core.environment:create_file_with_runtime_dependencies(/root/ros_ws/src/Rescue_Car_ws/install/common_interfaces/share/colcon-core/packages/common_interfaces)
[5.440s] Level 1:colcon.colcon_core.environment:create_environment_scripts_only(common_interfaces)
[5.440s] Level 1:colcon.colcon_core.environment:checking '/root/ros_ws/src/Rescue_Car_ws/install/common_interfaces' for CMake module files
[5.440s] Level 1:colcon.colcon_core.environment:checking '/root/ros_ws/src/Rescue_Car_ws/install/common_interfaces' for CMake config files
[5.440s] Level 1:colcon.colcon_core.shell:create_environment_hook('common_interfaces', 'cmake_prefix_path')
[5.440s] INFO:colcon.colcon_core.shell:Creating environment hook '/root/ros_ws/src/Rescue_Car_ws/install/common_interfaces/share/common_interfaces/hook/cmake_prefix_path.ps1'
[5.441s] INFO:colcon.colcon_core.shell:Creating environment descriptor '/root/ros_ws/src/Rescue_Car_ws/install/common_interfaces/share/common_interfaces/hook/cmake_prefix_path.dsv'
[5.441s] INFO:colcon.colcon_core.shell:Creating environment hook '/root/ros_ws/src/Rescue_Car_ws/install/common_interfaces/share/common_interfaces/hook/cmake_prefix_path.sh'
[5.441s] Level 1:colcon.colcon_core.environment:checking '/root/ros_ws/src/Rescue_Car_ws/install/common_interfaces/bin'
[5.442s] Level 1:colcon.colcon_core.environment:checking '/root/ros_ws/src/Rescue_Car_ws/install/common_interfaces/lib/pkgconfig/common_interfaces.pc'
[5.442s] Level 1:colcon.colcon_core.environment:checking '/root/ros_ws/src/Rescue_Car_ws/install/common_interfaces/lib/python3.10/site-packages'
[5.442s] Level 1:colcon.colcon_core.environment:checking '/root/ros_ws/src/Rescue_Car_ws/install/common_interfaces/bin'
[5.442s] INFO:colcon.colcon_core.shell:Creating package script '/root/ros_ws/src/Rescue_Car_ws/install/common_interfaces/share/common_interfaces/package.ps1'
[5.443s] INFO:colcon.colcon_core.shell:Creating package descriptor '/root/ros_ws/src/Rescue_Car_ws/install/common_interfaces/share/common_interfaces/package.dsv'
[5.443s] INFO:colcon.colcon_core.shell:Creating package script '/root/ros_ws/src/Rescue_Car_ws/install/common_interfaces/share/common_interfaces/package.sh'
[5.443s] INFO:colcon.colcon_core.shell:Creating package script '/root/ros_ws/src/Rescue_Car_ws/install/common_interfaces/share/common_interfaces/package.bash'
[5.443s] INFO:colcon.colcon_core.shell:Creating package script '/root/ros_ws/src/Rescue_Car_ws/install/common_interfaces/share/common_interfaces/package.zsh'
[5.444s] Level 1:colcon.colcon_core.environment:create_file_with_runtime_dependencies(/root/ros_ws/src/Rescue_Car_ws/install/common_interfaces/share/colcon-core/packages/common_interfaces)
[6.036s] DEBUG:colcon.colcon_core.event_handler.log_command:Invoking command in '/root/ros_ws/src/Rescue_Car_ws/build/micro_ros_demos_rclc': CMAKE_PREFIX_PATH=/root/ros_ws/src/Rescue_Car_ws/install/visualization_msgs:/root/ros_ws/src/Rescue_Car_ws/install/rclc_parameter:/root/ros_ws/src/Rescue_Car_ws/install/sensor_msgs:/root/ros_ws/src/Rescue_Car_ws/install/rmw_microxrcedds:/root/ros_ws/src/Rescue_Car_ws/install/rclc:/root/ros_ws/src/Rescue_Car_ws/install/test_msgs:/root/ros_ws/src/Rescue_Car_ws/install/rosidl_typesupport_microxrcedds_cpp:/root/ros_ws/src/Rescue_Car_ws/install/geometry_msgs:/root/ros_ws/src/Rescue_Car_ws/install/example_interfaces:/root/ros_ws/src/Rescue_Car_ws/install/std_msgs:/root/ros_ws/src/Rescue_Car_ws/install/rosidl_typesupport_microxrcedds_c:/root/ros_ws/src/Rescue_Car_ws/install/rcl_interfaces:/root/ros_ws/src/Rescue_Car_ws/install/microxrcedds_client:/root/ros_ws/src/Rescue_Car_ws/install/complex_msgs:/root/ros_ws/src/Rescue_Car_ws/install/action_msgs:/root/ros_ws/src/Rescue_Car_ws/install/unique_identifier_msgs:/root/ros_ws/src/Rescue_Car_ws/install/microcdr:/root/ros_ws/src/Rescue_Car_ws/install/micro_ros_utilities:/root/ros_ws/src/Rescue_Car_ws/install/micro_ros_msgs:/root/ros_ws/src/Rescue_Car_ws/install/builtin_interfaces:/root/ros_ws/src/Rescue_Car_ws/install/micro_ros_demos_rclc:/root/ros_ws/src/Rescue_Car_ws/install/common_interfaces:/root/ros_ws/src/Rescue_Car_ws/install/trajectory_msgs:/root/ros_ws/src/Rescue_Car_ws/install/stereo_msgs:/root/ros_ws/src/Rescue_Car_ws/install/std_srvs:/root/ros_ws/src/Rescue_Car_ws/install/shape_msgs:/root/ros_ws/src/Rescue_Car_ws/install/nav_msgs:/root/ros_ws/src/Rescue_Car_ws/install/diagnostic_msgs:/root/ros_ws/src/Rescue_Car_ws/install/actionlib_msgs:/root/ros_ws/src/Rescue_Car_ws/install/statistics_msgs:/root/ros_ws/src/Rescue_Car_ws/install/rosidl_typesupport_microxrcedds_test_msg:/root/ros_ws/src/Rescue_Car_ws/install/rosidl_typesupport_microxrcedds_cpp_tests:/root/ros_ws/src/Rescue_Car_ws/install/rosidl_typesupport_microxrcedds_c_tests:/root/ros_ws/src/Rescue_Car_ws/install/rosgraph_msgs:/root/ros_ws/src/Rescue_Car_ws/install/composition_interfaces:/root/ros_ws/src/Rescue_Car_ws/install/micro_ros_setup:/root/ros_ws/src/Rescue_Car_ws/install/micro_ros_agent:/root/ros_ws/src/Rescue_Car_ws/install/lifecycle_msgs:/root/ros_ws/src/Rescue_Car_ws/install/car:/root/ros_ws/src/Rescue_Car_ws/install/sensor_msgs_py:/opt/ros/humble LD_LIBRARY_PATH=/root/ros_ws/src/Rescue_Car_ws/install/visualization_msgs/lib:/root/ros_ws/src/Rescue_Car_ws/install/sensor_msgs/lib:/root/ros_ws/src/Rescue_Car_ws/install/rmw_microxrcedds/lib:/root/ros_ws/src/Rescue_Car_ws/install/rclc/lib:/root/ros_ws/src/Rescue_Car_ws/install/test_msgs/lib:/root/ros_ws/src/Rescue_Car_ws/install/geometry_msgs/lib:/root/ros_ws/src/Rescue_Car_ws/install/example_interfaces/lib:/root/ros_ws/src/Rescue_Car_ws/install/std_msgs/lib:/root/ros_ws/src/Rescue_Car_ws/install/rcl_interfaces/lib:/root/ros_ws/src/Rescue_Car_ws/install/complex_msgs/lib:/root/ros_ws/src/Rescue_Car_ws/install/action_msgs/lib:/root/ros_ws/src/Rescue_Car_ws/install/unique_identifier_msgs/lib:/root/ros_ws/src/Rescue_Car_ws/install/micro_ros_msgs/lib:/root/ros_ws/src/Rescue_Car_ws/install/builtin_interfaces/lib:/root/ros_ws/src/Rescue_Car_ws/install/trajectory_msgs/lib:/root/ros_ws/src/Rescue_Car_ws/install/stereo_msgs/lib:/root/ros_ws/src/Rescue_Car_ws/install/std_srvs/lib:/root/ros_ws/src/Rescue_Car_ws/install/shape_msgs/lib:/root/ros_ws/src/Rescue_Car_ws/install/nav_msgs/lib:/root/ros_ws/src/Rescue_Car_ws/install/diagnostic_msgs/lib:/root/ros_ws/src/Rescue_Car_ws/install/actionlib_msgs/lib:/root/ros_ws/src/Rescue_Car_ws/install/statistics_msgs/lib:/root/ros_ws/src/Rescue_Car_ws/install/rosidl_typesupport_microxrcedds_test_msg/lib:/root/ros_ws/src/Rescue_Car_ws/install/rosidl_typesupport_microxrcedds_cpp/lib:/root/ros_ws/src/Rescue_Car_ws/install/rosidl_typesupport_microxrcedds_c/lib:/root/ros_ws/src/Rescue_Car_ws/install/rosgraph_msgs/lib:/root/ros_ws/src/Rescue_Car_ws/install/rclc_parameter/lib:/root/ros_ws/src/Rescue_Car_ws/install/composition_interfaces/lib:/root/ros_ws/src/Rescue_Car_ws/install/micro_ros_utilities/lib:/root/ros_ws/src/Rescue_Car_ws/install/micro_ros_agent/lib:/root/ros_ws/src/Rescue_Car_ws/install/lifecycle_msgs/lib:/usr/lib/x86_64-linux-gnu/gazebo-11/plugins:/opt/ros/humble/opt/rviz_ogre_vendor/lib:/opt/ros/humble/lib/x86_64-linux-gnu:/opt/ros/humble/lib /usr/bin/cmake --build /root/ros_ws/src/Rescue_Car_ws/build/micro_ros_demos_rclc -- -j20 -l20
[6.674s] DEBUG:colcon.colcon_core.event_handler.log_command:Invoked command in '/root/ros_ws/src/Rescue_Car_ws/build/micro_ros_demos_rclc' returned '0': CMAKE_PREFIX_PATH=/root/ros_ws/src/Rescue_Car_ws/install/visualization_msgs:/root/ros_ws/src/Rescue_Car_ws/install/rclc_parameter:/root/ros_ws/src/Rescue_Car_ws/install/sensor_msgs:/root/ros_ws/src/Rescue_Car_ws/install/rmw_microxrcedds:/root/ros_ws/src/Rescue_Car_ws/install/rclc:/root/ros_ws/src/Rescue_Car_ws/install/test_msgs:/root/ros_ws/src/Rescue_Car_ws/install/rosidl_typesupport_microxrcedds_cpp:/root/ros_ws/src/Rescue_Car_ws/install/geometry_msgs:/root/ros_ws/src/Rescue_Car_ws/install/example_interfaces:/root/ros_ws/src/Rescue_Car_ws/install/std_msgs:/root/ros_ws/src/Rescue_Car_ws/install/rosidl_typesupport_microxrcedds_c:/root/ros_ws/src/Rescue_Car_ws/install/rcl_interfaces:/root/ros_ws/src/Rescue_Car_ws/install/microxrcedds_client:/root/ros_ws/src/Rescue_Car_ws/install/complex_msgs:/root/ros_ws/src/Rescue_Car_ws/install/action_msgs:/root/ros_ws/src/Rescue_Car_ws/install/unique_identifier_msgs:/root/ros_ws/src/Rescue_Car_ws/install/microcdr:/root/ros_ws/src/Rescue_Car_ws/install/micro_ros_utilities:/root/ros_ws/src/Rescue_Car_ws/install/micro_ros_msgs:/root/ros_ws/src/Rescue_Car_ws/install/builtin_interfaces:/root/ros_ws/src/Rescue_Car_ws/install/micro_ros_demos_rclc:/root/ros_ws/src/Rescue_Car_ws/install/common_interfaces:/root/ros_ws/src/Rescue_Car_ws/install/trajectory_msgs:/root/ros_ws/src/Rescue_Car_ws/install/stereo_msgs:/root/ros_ws/src/Rescue_Car_ws/install/std_srvs:/root/ros_ws/src/Rescue_Car_ws/install/shape_msgs:/root/ros_ws/src/Rescue_Car_ws/install/nav_msgs:/root/ros_ws/src/Rescue_Car_ws/install/diagnostic_msgs:/root/ros_ws/src/Rescue_Car_ws/install/actionlib_msgs:/root/ros_ws/src/Rescue_Car_ws/install/statistics_msgs:/root/ros_ws/src/Rescue_Car_ws/install/rosidl_typesupport_microxrcedds_test_msg:/root/ros_ws/src/Rescue_Car_ws/install/rosidl_typesupport_microxrcedds_cpp_tests:/root/ros_ws/src/Rescue_Car_ws/install/rosidl_typesupport_microxrcedds_c_tests:/root/ros_ws/src/Rescue_Car_ws/install/rosgraph_msgs:/root/ros_ws/src/Rescue_Car_ws/install/composition_interfaces:/root/ros_ws/src/Rescue_Car_ws/install/micro_ros_setup:/root/ros_ws/src/Rescue_Car_ws/install/micro_ros_agent:/root/ros_ws/src/Rescue_Car_ws/install/lifecycle_msgs:/root/ros_ws/src/Rescue_Car_ws/install/car:/root/ros_ws/src/Rescue_Car_ws/install/sensor_msgs_py:/opt/ros/humble LD_LIBRARY_PATH=/root/ros_ws/src/Rescue_Car_ws/install/visualization_msgs/lib:/root/ros_ws/src/Rescue_Car_ws/install/sensor_msgs/lib:/root/ros_ws/src/Rescue_Car_ws/install/rmw_microxrcedds/lib:/root/ros_ws/src/Rescue_Car_ws/install/rclc/lib:/root/ros_ws/src/Rescue_Car_ws/install/test_msgs/lib:/root/ros_ws/src/Rescue_Car_ws/install/geometry_msgs/lib:/root/ros_ws/src/Rescue_Car_ws/install/example_interfaces/lib:/root/ros_ws/src/Rescue_Car_ws/install/std_msgs/lib:/root/ros_ws/src/Rescue_Car_ws/install/rcl_interfaces/lib:/root/ros_ws/src/Rescue_Car_ws/install/complex_msgs/lib:/root/ros_ws/src/Rescue_Car_ws/install/action_msgs/lib:/root/ros_ws/src/Rescue_Car_ws/install/unique_identifier_msgs/lib:/root/ros_ws/src/Rescue_Car_ws/install/micro_ros_msgs/lib:/root/ros_ws/src/Rescue_Car_ws/install/builtin_interfaces/lib:/root/ros_ws/src/Rescue_Car_ws/install/trajectory_msgs/lib:/root/ros_ws/src/Rescue_Car_ws/install/stereo_msgs/lib:/root/ros_ws/src/Rescue_Car_ws/install/std_srvs/lib:/root/ros_ws/src/Rescue_Car_ws/install/shape_msgs/lib:/root/ros_ws/src/Rescue_Car_ws/install/nav_msgs/lib:/root/ros_ws/src/Rescue_Car_ws/install/diagnostic_msgs/lib:/root/ros_ws/src/Rescue_Car_ws/install/actionlib_msgs/lib:/root/ros_ws/src/Rescue_Car_ws/install/statistics_msgs/lib:/root/ros_ws/src/Rescue_Car_ws/install/rosidl_typesupport_microxrcedds_test_msg/lib:/root/ros_ws/src/Rescue_Car_ws/install/rosidl_typesupport_microxrcedds_cpp/lib:/root/ros_ws/src/Rescue_Car_ws/install/rosidl_typesupport_microxrcedds_c/lib:/root/ros_ws/src/Rescue_Car_ws/install/rosgraph_msgs/lib:/root/ros_ws/src/Rescue_Car_ws/install/rclc_parameter/lib:/root/ros_ws/src/Rescue_Car_ws/install/composition_interfaces/lib:/root/ros_ws/src/Rescue_Car_ws/install/micro_ros_utilities/lib:/root/ros_ws/src/Rescue_Car_ws/install/micro_ros_agent/lib:/root/ros_ws/src/Rescue_Car_ws/install/lifecycle_msgs/lib:/usr/lib/x86_64-linux-gnu/gazebo-11/plugins:/opt/ros/humble/opt/rviz_ogre_vendor/lib:/opt/ros/humble/lib/x86_64-linux-gnu:/opt/ros/humble/lib /usr/bin/cmake --build /root/ros_ws/src/Rescue_Car_ws/build/micro_ros_demos_rclc -- -j20 -l20
[6.676s] DEBUG:colcon.colcon_core.event_handler.log_command:Invoking command in '/root/ros_ws/src/Rescue_Car_ws/build/micro_ros_demos_rclc': CMAKE_PREFIX_PATH=/root/ros_ws/src/Rescue_Car_ws/install/visualization_msgs:/root/ros_ws/src/Rescue_Car_ws/install/rclc_parameter:/root/ros_ws/src/Rescue_Car_ws/install/sensor_msgs:/root/ros_ws/src/Rescue_Car_ws/install/rmw_microxrcedds:/root/ros_ws/src/Rescue_Car_ws/install/rclc:/root/ros_ws/src/Rescue_Car_ws/install/test_msgs:/root/ros_ws/src/Rescue_Car_ws/install/rosidl_typesupport_microxrcedds_cpp:/root/ros_ws/src/Rescue_Car_ws/install/geometry_msgs:/root/ros_ws/src/Rescue_Car_ws/install/example_interfaces:/root/ros_ws/src/Rescue_Car_ws/install/std_msgs:/root/ros_ws/src/Rescue_Car_ws/install/rosidl_typesupport_microxrcedds_c:/root/ros_ws/src/Rescue_Car_ws/install/rcl_interfaces:/root/ros_ws/src/Rescue_Car_ws/install/microxrcedds_client:/root/ros_ws/src/Rescue_Car_ws/install/complex_msgs:/root/ros_ws/src/Rescue_Car_ws/install/action_msgs:/root/ros_ws/src/Rescue_Car_ws/install/unique_identifier_msgs:/root/ros_ws/src/Rescue_Car_ws/install/microcdr:/root/ros_ws/src/Rescue_Car_ws/install/micro_ros_utilities:/root/ros_ws/src/Rescue_Car_ws/install/micro_ros_msgs:/root/ros_ws/src/Rescue_Car_ws/install/builtin_interfaces:/root/ros_ws/src/Rescue_Car_ws/install/micro_ros_demos_rclc:/root/ros_ws/src/Rescue_Car_ws/install/common_interfaces:/root/ros_ws/src/Rescue_Car_ws/install/trajectory_msgs:/root/ros_ws/src/Rescue_Car_ws/install/stereo_msgs:/root/ros_ws/src/Rescue_Car_ws/install/std_srvs:/root/ros_ws/src/Rescue_Car_ws/install/shape_msgs:/root/ros_ws/src/Rescue_Car_ws/install/nav_msgs:/root/ros_ws/src/Rescue_Car_ws/install/diagnostic_msgs:/root/ros_ws/src/Rescue_Car_ws/install/actionlib_msgs:/root/ros_ws/src/Rescue_Car_ws/install/statistics_msgs:/root/ros_ws/src/Rescue_Car_ws/install/rosidl_typesupport_microxrcedds_test_msg:/root/ros_ws/src/Rescue_Car_ws/install/rosidl_typesupport_microxrcedds_cpp_tests:/root/ros_ws/src/Rescue_Car_ws/install/rosidl_typesupport_microxrcedds_c_tests:/root/ros_ws/src/Rescue_Car_ws/install/rosgraph_msgs:/root/ros_ws/src/Rescue_Car_ws/install/composition_interfaces:/root/ros_ws/src/Rescue_Car_ws/install/micro_ros_setup:/root/ros_ws/src/Rescue_Car_ws/install/micro_ros_agent:/root/ros_ws/src/Rescue_Car_ws/install/lifecycle_msgs:/root/ros_ws/src/Rescue_Car_ws/install/car:/root/ros_ws/src/Rescue_Car_ws/install/sensor_msgs_py:/opt/ros/humble LD_LIBRARY_PATH=/root/ros_ws/src/Rescue_Car_ws/install/visualization_msgs/lib:/root/ros_ws/src/Rescue_Car_ws/install/sensor_msgs/lib:/root/ros_ws/src/Rescue_Car_ws/install/rmw_microxrcedds/lib:/root/ros_ws/src/Rescue_Car_ws/install/rclc/lib:/root/ros_ws/src/Rescue_Car_ws/install/test_msgs/lib:/root/ros_ws/src/Rescue_Car_ws/install/geometry_msgs/lib:/root/ros_ws/src/Rescue_Car_ws/install/example_interfaces/lib:/root/ros_ws/src/Rescue_Car_ws/install/std_msgs/lib:/root/ros_ws/src/Rescue_Car_ws/install/rcl_interfaces/lib:/root/ros_ws/src/Rescue_Car_ws/install/complex_msgs/lib:/root/ros_ws/src/Rescue_Car_ws/install/action_msgs/lib:/root/ros_ws/src/Rescue_Car_ws/install/unique_identifier_msgs/lib:/root/ros_ws/src/Rescue_Car_ws/install/micro_ros_msgs/lib:/root/ros_ws/src/Rescue_Car_ws/install/builtin_interfaces/lib:/root/ros_ws/src/Rescue_Car_ws/install/trajectory_msgs/lib:/root/ros_ws/src/Rescue_Car_ws/install/stereo_msgs/lib:/root/ros_ws/src/Rescue_Car_ws/install/std_srvs/lib:/root/ros_ws/src/Rescue_Car_ws/install/shape_msgs/lib:/root/ros_ws/src/Rescue_Car_ws/install/nav_msgs/lib:/root/ros_ws/src/Rescue_Car_ws/install/diagnostic_msgs/lib:/root/ros_ws/src/Rescue_Car_ws/install/actionlib_msgs/lib:/root/ros_ws/src/Rescue_Car_ws/install/statistics_msgs/lib:/root/ros_ws/src/Rescue_Car_ws/install/rosidl_typesupport_microxrcedds_test_msg/lib:/root/ros_ws/src/Rescue_Car_ws/install/rosidl_typesupport_microxrcedds_cpp/lib:/root/ros_ws/src/Rescue_Car_ws/install/rosidl_typesupport_microxrcedds_c/lib:/root/ros_ws/src/Rescue_Car_ws/install/rosgraph_msgs/lib:/root/ros_ws/src/Rescue_Car_ws/install/rclc_parameter/lib:/root/ros_ws/src/Rescue_Car_ws/install/composition_interfaces/lib:/root/ros_ws/src/Rescue_Car_ws/install/micro_ros_utilities/lib:/root/ros_ws/src/Rescue_Car_ws/install/micro_ros_agent/lib:/root/ros_ws/src/Rescue_Car_ws/install/lifecycle_msgs/lib:/usr/lib/x86_64-linux-gnu/gazebo-11/plugins:/opt/ros/humble/opt/rviz_ogre_vendor/lib:/opt/ros/humble/lib/x86_64-linux-gnu:/opt/ros/humble/lib /usr/bin/cmake --install /root/ros_ws/src/Rescue_Car_ws/build/micro_ros_demos_rclc
[6.691s] Level 1:colcon.colcon_core.environment:create_environment_scripts_only(micro_ros_demos_rclc)
[6.691s] Level 1:colcon.colcon_core.environment:checking '/root/ros_ws/src/Rescue_Car_ws/install/micro_ros_demos_rclc' for CMake module files
[6.691s] DEBUG:colcon.colcon_core.event_handler.log_command:Invoked command in '/root/ros_ws/src/Rescue_Car_ws/build/micro_ros_demos_rclc' returned '0': CMAKE_PREFIX_PATH=/root/ros_ws/src/Rescue_Car_ws/install/visualization_msgs:/root/ros_ws/src/Rescue_Car_ws/install/rclc_parameter:/root/ros_ws/src/Rescue_Car_ws/install/sensor_msgs:/root/ros_ws/src/Rescue_Car_ws/install/rmw_microxrcedds:/root/ros_ws/src/Rescue_Car_ws/install/rclc:/root/ros_ws/src/Rescue_Car_ws/install/test_msgs:/root/ros_ws/src/Rescue_Car_ws/install/rosidl_typesupport_microxrcedds_cpp:/root/ros_ws/src/Rescue_Car_ws/install/geometry_msgs:/root/ros_ws/src/Rescue_Car_ws/install/example_interfaces:/root/ros_ws/src/Rescue_Car_ws/install/std_msgs:/root/ros_ws/src/Rescue_Car_ws/install/rosidl_typesupport_microxrcedds_c:/root/ros_ws/src/Rescue_Car_ws/install/rcl_interfaces:/root/ros_ws/src/Rescue_Car_ws/install/microxrcedds_client:/root/ros_ws/src/Rescue_Car_ws/install/complex_msgs:/root/ros_ws/src/Rescue_Car_ws/install/action_msgs:/root/ros_ws/src/Rescue_Car_ws/install/unique_identifier_msgs:/root/ros_ws/src/Rescue_Car_ws/install/microcdr:/root/ros_ws/src/Rescue_Car_ws/install/micro_ros_utilities:/root/ros_ws/src/Rescue_Car_ws/install/micro_ros_msgs:/root/ros_ws/src/Rescue_Car_ws/install/builtin_interfaces:/root/ros_ws/src/Rescue_Car_ws/install/micro_ros_demos_rclc:/root/ros_ws/src/Rescue_Car_ws/install/common_interfaces:/root/ros_ws/src/Rescue_Car_ws/install/trajectory_msgs:/root/ros_ws/src/Rescue_Car_ws/install/stereo_msgs:/root/ros_ws/src/Rescue_Car_ws/install/std_srvs:/root/ros_ws/src/Rescue_Car_ws/install/shape_msgs:/root/ros_ws/src/Rescue_Car_ws/install/nav_msgs:/root/ros_ws/src/Rescue_Car_ws/install/diagnostic_msgs:/root/ros_ws/src/Rescue_Car_ws/install/actionlib_msgs:/root/ros_ws/src/Rescue_Car_ws/install/statistics_msgs:/root/ros_ws/src/Rescue_Car_ws/install/rosidl_typesupport_microxrcedds_test_msg:/root/ros_ws/src/Rescue_Car_ws/install/rosidl_typesupport_microxrcedds_cpp_tests:/root/ros_ws/src/Rescue_Car_ws/install/rosidl_typesupport_microxrcedds_c_tests:/root/ros_ws/src/Rescue_Car_ws/install/rosgraph_msgs:/root/ros_ws/src/Rescue_Car_ws/install/composition_interfaces:/root/ros_ws/src/Rescue_Car_ws/install/micro_ros_setup:/root/ros_ws/src/Rescue_Car_ws/install/micro_ros_agent:/root/ros_ws/src/Rescue_Car_ws/install/lifecycle_msgs:/root/ros_ws/src/Rescue_Car_ws/install/car:/root/ros_ws/src/Rescue_Car_ws/install/sensor_msgs_py:/opt/ros/humble LD_LIBRARY_PATH=/root/ros_ws/src/Rescue_Car_ws/install/visualization_msgs/lib:/root/ros_ws/src/Rescue_Car_ws/install/sensor_msgs/lib:/root/ros_ws/src/Rescue_Car_ws/install/rmw_microxrcedds/lib:/root/ros_ws/src/Rescue_Car_ws/install/rclc/lib:/root/ros_ws/src/Rescue_Car_ws/install/test_msgs/lib:/root/ros_ws/src/Rescue_Car_ws/install/geometry_msgs/lib:/root/ros_ws/src/Rescue_Car_ws/install/example_interfaces/lib:/root/ros_ws/src/Rescue_Car_ws/install/std_msgs/lib:/root/ros_ws/src/Rescue_Car_ws/install/rcl_interfaces/lib:/root/ros_ws/src/Rescue_Car_ws/install/complex_msgs/lib:/root/ros_ws/src/Rescue_Car_ws/install/action_msgs/lib:/root/ros_ws/src/Rescue_Car_ws/install/unique_identifier_msgs/lib:/root/ros_ws/src/Rescue_Car_ws/install/micro_ros_msgs/lib:/root/ros_ws/src/Rescue_Car_ws/install/builtin_interfaces/lib:/root/ros_ws/src/Rescue_Car_ws/install/trajectory_msgs/lib:/root/ros_ws/src/Rescue_Car_ws/install/stereo_msgs/lib:/root/ros_ws/src/Rescue_Car_ws/install/std_srvs/lib:/root/ros_ws/src/Rescue_Car_ws/install/shape_msgs/lib:/root/ros_ws/src/Rescue_Car_ws/install/nav_msgs/lib:/root/ros_ws/src/Rescue_Car_ws/install/diagnostic_msgs/lib:/root/ros_ws/src/Rescue_Car_ws/install/actionlib_msgs/lib:/root/ros_ws/src/Rescue_Car_ws/install/statistics_msgs/lib:/root/ros_ws/src/Rescue_Car_ws/install/rosidl_typesupport_microxrcedds_test_msg/lib:/root/ros_ws/src/Rescue_Car_ws/install/rosidl_typesupport_microxrcedds_cpp/lib:/root/ros_ws/src/Rescue_Car_ws/install/rosidl_typesupport_microxrcedds_c/lib:/root/ros_ws/src/Rescue_Car_ws/install/rosgraph_msgs/lib:/root/ros_ws/src/Rescue_Car_ws/install/rclc_parameter/lib:/root/ros_ws/src/Rescue_Car_ws/install/composition_interfaces/lib:/root/ros_ws/src/Rescue_Car_ws/install/micro_ros_utilities/lib:/root/ros_ws/src/Rescue_Car_ws/install/micro_ros_agent/lib:/root/ros_ws/src/Rescue_Car_ws/install/lifecycle_msgs/lib:/usr/lib/x86_64-linux-gnu/gazebo-11/plugins:/opt/ros/humble/opt/rviz_ogre_vendor/lib:/opt/ros/humble/lib/x86_64-linux-gnu:/opt/ros/humble/lib /usr/bin/cmake --install /root/ros_ws/src/Rescue_Car_ws/build/micro_ros_demos_rclc
[6.692s] Level 1:colcon.colcon_core.environment:checking '/root/ros_ws/src/Rescue_Car_ws/install/micro_ros_demos_rclc' for CMake config files
[6.692s] Level 1:colcon.colcon_core.shell:create_environment_hook('micro_ros_demos_rclc', 'cmake_prefix_path')
[6.692s] INFO:colcon.colcon_core.shell:Creating environment hook '/root/ros_ws/src/Rescue_Car_ws/install/micro_ros_demos_rclc/share/micro_ros_demos_rclc/hook/cmake_prefix_path.ps1'
[6.693s] INFO:colcon.colcon_core.shell:Creating environment descriptor '/root/ros_ws/src/Rescue_Car_ws/install/micro_ros_demos_rclc/share/micro_ros_demos_rclc/hook/cmake_prefix_path.dsv'
[6.693s] INFO:colcon.colcon_core.shell:Creating environment hook '/root/ros_ws/src/Rescue_Car_ws/install/micro_ros_demos_rclc/share/micro_ros_demos_rclc/hook/cmake_prefix_path.sh'
[6.693s] Level 1:colcon.colcon_core.environment:checking '/root/ros_ws/src/Rescue_Car_ws/install/micro_ros_demos_rclc/lib'
[6.693s] Level 1:colcon.colcon_core.environment:checking '/root/ros_ws/src/Rescue_Car_ws/install/micro_ros_demos_rclc/bin'
[6.693s] Level 1:colcon.colcon_core.environment:checking '/root/ros_ws/src/Rescue_Car_ws/install/micro_ros_demos_rclc/lib/pkgconfig/micro_ros_demos_rclc.pc'
[6.694s] Level 1:colcon.colcon_core.environment:checking '/root/ros_ws/src/Rescue_Car_ws/install/micro_ros_demos_rclc/lib/python3.10/site-packages'
[6.694s] Level 1:colcon.colcon_core.environment:checking '/root/ros_ws/src/Rescue_Car_ws/install/micro_ros_demos_rclc/bin'
[6.694s] INFO:colcon.colcon_core.shell:Creating package script '/root/ros_ws/src/Rescue_Car_ws/install/micro_ros_demos_rclc/share/micro_ros_demos_rclc/package.ps1'
[6.694s] INFO:colcon.colcon_core.shell:Creating package descriptor '/root/ros_ws/src/Rescue_Car_ws/install/micro_ros_demos_rclc/share/micro_ros_demos_rclc/package.dsv'
[6.694s] INFO:colcon.colcon_core.shell:Creating package script '/root/ros_ws/src/Rescue_Car_ws/install/micro_ros_demos_rclc/share/micro_ros_demos_rclc/package.sh'
[6.695s] INFO:colcon.colcon_core.shell:Creating package script '/root/ros_ws/src/Rescue_Car_ws/install/micro_ros_demos_rclc/share/micro_ros_demos_rclc/package.bash'
[6.695s] INFO:colcon.colcon_core.shell:Creating package script '/root/ros_ws/src/Rescue_Car_ws/install/micro_ros_demos_rclc/share/micro_ros_demos_rclc/package.zsh'
[6.695s] Level 1:colcon.colcon_core.environment:create_file_with_runtime_dependencies(/root/ros_ws/src/Rescue_Car_ws/install/micro_ros_demos_rclc/share/colcon-core/packages/micro_ros_demos_rclc)
[6.695s] Level 1:colcon.colcon_core.environment:create_environment_scripts_only(micro_ros_demos_rclc)
[6.695s] Level 1:colcon.colcon_core.environment:checking '/root/ros_ws/src/Rescue_Car_ws/install/micro_ros_demos_rclc' for CMake module files
[6.696s] Level 1:colcon.colcon_core.environment:checking '/root/ros_ws/src/Rescue_Car_ws/install/micro_ros_demos_rclc' for CMake config files
[6.696s] Level 1:colcon.colcon_core.shell:create_environment_hook('micro_ros_demos_rclc', 'cmake_prefix_path')
[6.696s] INFO:colcon.colcon_core.shell:Creating environment hook '/root/ros_ws/src/Rescue_Car_ws/install/micro_ros_demos_rclc/share/micro_ros_demos_rclc/hook/cmake_prefix_path.ps1'
[6.697s] INFO:colcon.colcon_core.shell:Creating environment descriptor '/root/ros_ws/src/Rescue_Car_ws/install/micro_ros_demos_rclc/share/micro_ros_demos_rclc/hook/cmake_prefix_path.dsv'
[6.697s] INFO:colcon.colcon_core.shell:Creating environment hook '/root/ros_ws/src/Rescue_Car_ws/install/micro_ros_demos_rclc/share/micro_ros_demos_rclc/hook/cmake_prefix_path.sh'
[6.697s] Level 1:colcon.colcon_core.environment:checking '/root/ros_ws/src/Rescue_Car_ws/install/micro_ros_demos_rclc/lib'
[6.697s] Level 1:colcon.colcon_core.environment:checking '/root/ros_ws/src/Rescue_Car_ws/install/micro_ros_demos_rclc/bin'
[6.697s] Level 1:colcon.colcon_core.environment:checking '/root/ros_ws/src/Rescue_Car_ws/install/micro_ros_demos_rclc/lib/pkgconfig/micro_ros_demos_rclc.pc'
[6.697s] Level 1:colcon.colcon_core.environment:checking '/root/ros_ws/src/Rescue_Car_ws/install/micro_ros_demos_rclc/lib/python3.10/site-packages'
[6.698s] Level 1:colcon.colcon_core.environment:checking '/root/ros_ws/src/Rescue_Car_ws/install/micro_ros_demos_rclc/bin'
[6.698s] INFO:colcon.colcon_core.shell:Creating package script '/root/ros_ws/src/Rescue_Car_ws/install/micro_ros_demos_rclc/share/micro_ros_demos_rclc/package.ps1'
[6.698s] INFO:colcon.colcon_core.shell:Creating package descriptor '/root/ros_ws/src/Rescue_Car_ws/install/micro_ros_demos_rclc/share/micro_ros_demos_rclc/package.dsv'
[6.698s] INFO:colcon.colcon_core.shell:Creating package script '/root/ros_ws/src/Rescue_Car_ws/install/micro_ros_demos_rclc/share/micro_ros_demos_rclc/package.sh'
[6.699s] INFO:colcon.colcon_core.shell:Creating package script '/root/ros_ws/src/Rescue_Car_ws/install/micro_ros_demos_rclc/share/micro_ros_demos_rclc/package.bash'
[6.699s] INFO:colcon.colcon_core.shell:Creating package script '/root/ros_ws/src/Rescue_Car_ws/install/micro_ros_demos_rclc/share/micro_ros_demos_rclc/package.zsh'
[6.699s] Level 1:colcon.colcon_core.environment:create_file_with_runtime_dependencies(/root/ros_ws/src/Rescue_Car_ws/install/micro_ros_demos_rclc/share/colcon-core/packages/micro_ros_demos_rclc)
[7.729s] DEBUG:colcon.colcon_core.event_handler.log_command:Invoked command in '/root/ros_ws/src/Rescue_Car_ws/build/car' returned '2': CMAKE_PREFIX_PATH=${CMAKE_PREFIX_PATH}:/root/ros_ws/src/Rescue_Car_ws/install/sensor_msgs_py:/opt/ros/humble /usr/bin/cmake --build /root/ros_ws/src/Rescue_Car_ws/build/car -- -j20 -l20
[7.730s] Level 1:colcon.colcon_core.environment:create_environment_scripts_only(car)
[7.730s] Level 1:colcon.colcon_core.environment:checking '/root/ros_ws/src/Rescue_Car_ws/install/car' for CMake module files
[7.730s] Level 1:colcon.colcon_core.environment:checking '/root/ros_ws/src/Rescue_Car_ws/install/car' for CMake config files
[7.730s] Level 1:colcon.colcon_core.shell:create_environment_hook('car', 'cmake_prefix_path')
[7.731s] INFO:colcon.colcon_core.shell:Creating environment hook '/root/ros_ws/src/Rescue_Car_ws/install/car/share/car/hook/cmake_prefix_path.ps1'
[7.731s] INFO:colcon.colcon_core.shell:Creating environment descriptor '/root/ros_ws/src/Rescue_Car_ws/install/car/share/car/hook/cmake_prefix_path.dsv'
[7.731s] INFO:colcon.colcon_core.shell:Creating environment hook '/root/ros_ws/src/Rescue_Car_ws/install/car/share/car/hook/cmake_prefix_path.sh'
[7.732s] Level 1:colcon.colcon_core.environment:checking '/root/ros_ws/src/Rescue_Car_ws/install/car/bin'
[7.732s] Level 1:colcon.colcon_core.environment:checking '/root/ros_ws/src/Rescue_Car_ws/install/car/lib/pkgconfig/car.pc'
[7.732s] Level 1:colcon.colcon_core.environment:checking '/root/ros_ws/src/Rescue_Car_ws/install/car/lib/python3.10/site-packages'
[7.732s] Level 1:colcon.colcon_core.environment:checking '/root/ros_ws/src/Rescue_Car_ws/install/car/bin'
[7.732s] INFO:colcon.colcon_core.shell:Creating package script '/root/ros_ws/src/Rescue_Car_ws/install/car/share/car/package.ps1'
[7.733s] INFO:colcon.colcon_core.shell:Creating package descriptor '/root/ros_ws/src/Rescue_Car_ws/install/car/share/car/package.dsv'
[7.733s] INFO:colcon.colcon_core.shell:Creating package script '/root/ros_ws/src/Rescue_Car_ws/install/car/share/car/package.sh'
[7.733s] INFO:colcon.colcon_core.shell:Creating package script '/root/ros_ws/src/Rescue_Car_ws/install/car/share/car/package.bash'
[7.733s] INFO:colcon.colcon_core.shell:Creating package script '/root/ros_ws/src/Rescue_Car_ws/install/car/share/car/package.zsh'
[7.734s] Level 1:colcon.colcon_core.environment:create_file_with_runtime_dependencies(/root/ros_ws/src/Rescue_Car_ws/install/car/share/colcon-core/packages/car)
[7.744s] DEBUG:colcon.colcon_parallel_executor.executor.parallel:closing loop
[7.745s] DEBUG:colcon.colcon_parallel_executor.executor.parallel:loop closed
[7.745s] DEBUG:colcon.colcon_parallel_executor.executor.parallel:run_until_complete finished with '2'
[7.745s] DEBUG:colcon.colcon_core.event_reactor:joining thread
[7.790s] INFO:colcon.colcon_core.plugin_system:Skipping extension 'colcon_notification.desktop_notification.notify_send': Could not find 'notify-send'
[7.790s] INFO:colcon.colcon_core.plugin_system:Skipping extension 'colcon_notification.desktop_notification.terminal_notifier': Not used on non-Darwin systems
[7.790s] INFO:colcon.colcon_core.plugin_system:Skipping extension 'colcon_notification.desktop_notification.win32': Not used on non-Windows systems
[7.790s] INFO:colcon.colcon_notification.desktop_notification:Sending desktop notification using 'notify2'
[7.791s] DEBUG:colcon.colcon_notification.desktop_notification.notify2:Failed to initialize notify2: org.freedesktop.DBus.Error.FileNotFound: Failed to connect to socket /run/user/0/bus: No such file or directory
[7.791s] DEBUG:colcon.colcon_core.event_reactor:joined thread
[7.791s] INFO:colcon.colcon_core.shell:Creating prefix script '/root/ros_ws/src/Rescue_Car_ws/install/local_setup.ps1'
[7.792s] INFO:colcon.colcon_core.shell:Creating prefix util module '/root/ros_ws/src/Rescue_Car_ws/install/_local_setup_util_ps1.py'
[7.794s] INFO:colcon.colcon_core.shell:Creating prefix chain script '/root/ros_ws/src/Rescue_Car_ws/install/setup.ps1'
[7.797s] INFO:colcon.colcon_core.shell:Creating prefix script '/root/ros_ws/src/Rescue_Car_ws/install/local_setup.sh'
[7.798s] INFO:colcon.colcon_core.shell:Creating prefix util module '/root/ros_ws/src/Rescue_Car_ws/install/_local_setup_util_sh.py'
[7.798s] INFO:colcon.colcon_core.shell:Creating prefix chain script '/root/ros_ws/src/Rescue_Car_ws/install/setup.sh'
[7.801s] INFO:colcon.colcon_core.shell:Creating prefix script '/root/ros_ws/src/Rescue_Car_ws/install/local_setup.bash'
[7.801s] INFO:colcon.colcon_core.shell:Creating prefix chain script '/root/ros_ws/src/Rescue_Car_ws/install/setup.bash'
[7.803s] INFO:colcon.colcon_core.shell:Creating prefix script '/root/ros_ws/src/Rescue_Car_ws/install/local_setup.zsh'
[7.803s] INFO:colcon.colcon_core.shell:Creating prefix chain script '/root/ros_ws/src/Rescue_Car_ws/install/setup.zsh'
