[0.496s] Invoking command in '/root/ros_ws/src/Rescue_Car_ws/build/visualization_msgs': AMENT_PREFIX_PATH=/root/ros_ws/src/Rescue_Car_ws/install/sensor_msgs:/root/ros_ws/src/Rescue_Car_ws/install/geometry_msgs:/root/ros_ws/src/Rescue_Car_ws/install/std_msgs:/root/ros_ws/src/Rescue_Car_ws/install/builtin_interfaces:${AMENT_PREFIX_PATH} CMAKE_PREFIX_PATH=/root/ros_ws/src/Rescue_Car_ws/install/sensor_msgs:/root/ros_ws/src/Rescue_Car_ws/install/geometry_msgs:/root/ros_ws/src/Rescue_Car_ws/install/std_msgs:/root/ros_ws/src/Rescue_Car_ws/install/builtin_interfaces:/opt/ros/humble LD_LIBRARY_PATH=/root/ros_ws/src/Rescue_Car_ws/install/sensor_msgs/lib:/root/ros_ws/src/Rescue_Car_ws/install/geometry_msgs/lib:/root/ros_ws/src/Rescue_Car_ws/install/std_msgs/lib:/root/ros_ws/src/Rescue_Car_ws/install/builtin_interfaces/lib:${LD_LIBRARY_PATH} PYTHONPATH=/root/ros_ws/src/Rescue_Car_ws/install/sensor_msgs/local/lib/python3.10/dist-packages:/root/ros_ws/src/Rescue_Car_ws/install/geometry_msgs/local/lib/python3.10/dist-packages:/root/ros_ws/src/Rescue_Car_ws/install/std_msgs/local/lib/python3.10/dist-packages:/root/ros_ws/src/Rescue_Car_ws/install/builtin_interfaces/local/lib/python3.10/dist-packages:${PYTHONPATH} /usr/bin/cmake /root/ros_ws/src/Rescue_Car_ws/src/microros/src/ros2/common_interfaces/visualization_msgs -DCMAKE_INSTALL_PREFIX=/root/ros_ws/src/Rescue_Car_ws/install/visualization_msgs
[0.619s] -- The C compiler identification is GNU 11.4.0
[0.996s] -- The CXX compiler identification is GNU 11.4.0
[1.431s] -- Detecting C compiler ABI info
[1.652s] -- Detecting C compiler ABI info - done
[1.660s] -- Check for working C compiler: /usr/bin/cc - skipped
[1.660s] -- Detecting C compile features
[1.661s] -- Detecting C compile features - done
[1.663s] -- Detecting CXX compiler ABI info
[1.843s] -- Detecting CXX compiler ABI info - done
[1.852s] -- Check for working CXX compiler: /usr/bin/c++ - skipped
[1.852s] -- Detecting CXX compile features
[1.853s] -- Detecting CXX compile features - done
[1.856s] -- Found ament_cmake: 1.3.12 (/opt/ros/humble/share/ament_cmake/cmake)
[2.014s] -- Found Python3: /usr/bin/python3 (found version "3.10.12") found components: Interpreter 
[2.110s] -- Found builtin_interfaces: 1.2.2 (/root/ros_ws/src/Rescue_Car_ws/install/builtin_interfaces/share/builtin_interfaces/cmake)
[2.293s] -- Found rosidl_generator_c: 3.1.7 (/opt/ros/humble/share/rosidl_generator_c/cmake)
[2.299s] -- Found rosidl_adapter: 3.1.7 (/opt/ros/humble/share/rosidl_adapter/cmake)
[2.305s] -- Found rosidl_generator_cpp: 3.1.7 (/opt/ros/humble/share/rosidl_generator_cpp/cmake)
[2.316s] -- Using all available rosidl_typesupport_c: rosidl_typesupport_fastrtps_c;rosidl_typesupport_introspection_c
[2.330s] -- Using all available rosidl_typesupport_cpp: rosidl_typesupport_fastrtps_cpp;rosidl_typesupport_introspection_cpp
[2.342s] -- Found geometry_msgs: 4.9.0 (/root/ros_ws/src/Rescue_Car_ws/install/geometry_msgs/share/geometry_msgs/cmake)
[2.365s] -- Found rosidl_default_generators: 1.2.0 (/opt/ros/humble/share/rosidl_default_generators/cmake)
[2.370s] -- Found sensor_msgs: 4.9.0 (/root/ros_ws/src/Rescue_Car_ws/install/sensor_msgs/share/sensor_msgs/cmake)
[2.732s] -- Found ament_cmake_cppcheck: 0.12.14 (/opt/ros/humble/share/ament_cmake_cppcheck/cmake)
[2.734s] -- Found ament_cmake_cpplint: 0.12.14 (/opt/ros/humble/share/ament_cmake_cpplint/cmake)
[2.736s] -- Found ament_cmake_uncrustify: 0.12.14 (/opt/ros/humble/share/ament_cmake_uncrustify/cmake)
[2.738s] -- Found ament_cmake_ros: 0.10.0 (/opt/ros/humble/share/ament_cmake_ros/cmake)
[3.183s] -- Using all available rosidl_typesupport_c: rosidl_typesupport_fastrtps_c;rosidl_typesupport_introspection_c
[3.381s] -- Using all available rosidl_typesupport_cpp: rosidl_typesupport_fastrtps_cpp;rosidl_typesupport_introspection_cpp
[3.521s] -- Found PythonInterp: /usr/bin/python3 (found suitable version "3.10.12", minimum required is "3.6") 
[3.522s] -- Found python_cmake_module: 0.10.0 (/opt/ros/humble/share/python_cmake_module/cmake)
[3.973s] -- Found PythonLibs: /usr/lib/x86_64-linux-gnu/libpython3.10.so (found suitable version "3.10.12", minimum required is "3.5") 
[3.974s] -- Using PYTHON_EXECUTABLE: /usr/bin/python3
[3.974s] -- Using PYTHON_INCLUDE_DIRS: /usr/include/python3.10
[3.974s] -- Using PYTHON_LIBRARIES: /usr/lib/x86_64-linux-gnu/libpython3.10.so
[3.990s] -- Found PythonExtra: .so  
[4.103s] -- Found ament_cmake_flake8: 0.12.14 (/opt/ros/humble/share/ament_cmake_flake8/cmake)
[4.105s] -- Found ament_cmake_pep257: 0.12.14 (/opt/ros/humble/share/ament_cmake_pep257/cmake)
[4.117s] -- Configuring done
[4.179s] -- Generating done
[4.193s] -- Build files have been written to: /root/ros_ws/src/Rescue_Car_ws/build/visualization_msgs
[4.209s] Invoked command in '/root/ros_ws/src/Rescue_Car_ws/build/visualization_msgs' returned '0': AMENT_PREFIX_PATH=/root/ros_ws/src/Rescue_Car_ws/install/sensor_msgs:/root/ros_ws/src/Rescue_Car_ws/install/geometry_msgs:/root/ros_ws/src/Rescue_Car_ws/install/std_msgs:/root/ros_ws/src/Rescue_Car_ws/install/builtin_interfaces:${AMENT_PREFIX_PATH} CMAKE_PREFIX_PATH=/root/ros_ws/src/Rescue_Car_ws/install/sensor_msgs:/root/ros_ws/src/Rescue_Car_ws/install/geometry_msgs:/root/ros_ws/src/Rescue_Car_ws/install/std_msgs:/root/ros_ws/src/Rescue_Car_ws/install/builtin_interfaces:/opt/ros/humble LD_LIBRARY_PATH=/root/ros_ws/src/Rescue_Car_ws/install/sensor_msgs/lib:/root/ros_ws/src/Rescue_Car_ws/install/geometry_msgs/lib:/root/ros_ws/src/Rescue_Car_ws/install/std_msgs/lib:/root/ros_ws/src/Rescue_Car_ws/install/builtin_interfaces/lib:${LD_LIBRARY_PATH} PYTHONPATH=/root/ros_ws/src/Rescue_Car_ws/install/sensor_msgs/local/lib/python3.10/dist-packages:/root/ros_ws/src/Rescue_Car_ws/install/geometry_msgs/local/lib/python3.10/dist-packages:/root/ros_ws/src/Rescue_Car_ws/install/std_msgs/local/lib/python3.10/dist-packages:/root/ros_ws/src/Rescue_Car_ws/install/builtin_interfaces/local/lib/python3.10/dist-packages:${PYTHONPATH} /usr/bin/cmake /root/ros_ws/src/Rescue_Car_ws/src/microros/src/ros2/common_interfaces/visualization_msgs -DCMAKE_INSTALL_PREFIX=/root/ros_ws/src/Rescue_Car_ws/install/visualization_msgs
[4.212s] Invoking command in '/root/ros_ws/src/Rescue_Car_ws/build/visualization_msgs': AMENT_PREFIX_PATH=/root/ros_ws/src/Rescue_Car_ws/install/sensor_msgs:/root/ros_ws/src/Rescue_Car_ws/install/geometry_msgs:/root/ros_ws/src/Rescue_Car_ws/install/std_msgs:/root/ros_ws/src/Rescue_Car_ws/install/builtin_interfaces:${AMENT_PREFIX_PATH} CMAKE_PREFIX_PATH=/root/ros_ws/src/Rescue_Car_ws/install/sensor_msgs:/root/ros_ws/src/Rescue_Car_ws/install/geometry_msgs:/root/ros_ws/src/Rescue_Car_ws/install/std_msgs:/root/ros_ws/src/Rescue_Car_ws/install/builtin_interfaces:/opt/ros/humble LD_LIBRARY_PATH=/root/ros_ws/src/Rescue_Car_ws/install/sensor_msgs/lib:/root/ros_ws/src/Rescue_Car_ws/install/geometry_msgs/lib:/root/ros_ws/src/Rescue_Car_ws/install/std_msgs/lib:/root/ros_ws/src/Rescue_Car_ws/install/builtin_interfaces/lib:${LD_LIBRARY_PATH} PYTHONPATH=/root/ros_ws/src/Rescue_Car_ws/install/sensor_msgs/local/lib/python3.10/dist-packages:/root/ros_ws/src/Rescue_Car_ws/install/geometry_msgs/local/lib/python3.10/dist-packages:/root/ros_ws/src/Rescue_Car_ws/install/std_msgs/local/lib/python3.10/dist-packages:/root/ros_ws/src/Rescue_Car_ws/install/builtin_interfaces/local/lib/python3.10/dist-packages:${PYTHONPATH} /usr/bin/cmake --build /root/ros_ws/src/Rescue_Car_ws/build/visualization_msgs -- -j20 -l20
[4.264s] [  1%] [34m[1mGenerating C code for ROS interfaces[0m
[4.274s] [  1%] [34m[1mGenerating C++ code for ROS interfaces[0m
[4.284s] [  1%] Built target ament_cmake_python_copy_visualization_msgs
[4.541s] running egg_info
[4.542s] creating visualization_msgs.egg-info
[4.542s] writing visualization_msgs.egg-info/PKG-INFO
[4.543s] writing dependency_links to visualization_msgs.egg-info/dependency_links.txt
[4.545s] writing top-level names to visualization_msgs.egg-info/top_level.txt
[4.545s] writing manifest file 'visualization_msgs.egg-info/SOURCES.txt'
[4.546s] reading manifest file 'visualization_msgs.egg-info/SOURCES.txt'
[4.547s] writing manifest file 'visualization_msgs.egg-info/SOURCES.txt'
[4.589s] [  1%] Built target ament_cmake_python_build_visualization_msgs_egg
[6.213s] [  1%] Built target visualization_msgs__cpp
[6.222s] [  2%] [34m[1mGenerating C++ type support dispatch for ROS interfaces[0m
[6.222s] [  2%] [34m[1mGenerating C++ introspection for ROS interfaces[0m
[6.223s] [  3%] [34m[1mGenerating C++ type support for eProsima Fast-RTPS[0m
[6.294s] [  4%] [32mBuilding C object CMakeFiles/visualization_msgs__rosidl_generator_c.dir/rosidl_generator_c/visualization_msgs/msg/detail/image_marker__functions.c.o[0m
[6.294s] [  5%] [32mBuilding C object CMakeFiles/visualization_msgs__rosidl_generator_c.dir/rosidl_generator_c/visualization_msgs/msg/detail/interactive_marker_control__functions.c.o[0m
[6.294s] [  6%] [32mBuilding C object CMakeFiles/visualization_msgs__rosidl_generator_c.dir/rosidl_generator_c/visualization_msgs/msg/detail/interactive_marker_init__functions.c.o[0m
[6.296s] [  8%] [32mBuilding C object CMakeFiles/visualization_msgs__rosidl_generator_c.dir/rosidl_generator_c/visualization_msgs/msg/detail/marker__functions.c.o[0m
[6.296s] [  8%] [32mBuilding C object CMakeFiles/visualization_msgs__rosidl_generator_c.dir/rosidl_generator_c/visualization_msgs/msg/detail/marker_array__functions.c.o[0m
[6.296s] [  8%] [32mBuilding C object CMakeFiles/visualization_msgs__rosidl_generator_c.dir/rosidl_generator_c/visualization_msgs/msg/detail/interactive_marker_update__functions.c.o[0m
[6.297s] [ 10%] [32mBuilding C object CMakeFiles/visualization_msgs__rosidl_generator_c.dir/rosidl_generator_c/visualization_msgs/msg/detail/interactive_marker_feedback__functions.c.o[0m
[6.297s] [ 10%] [32mBuilding C object CMakeFiles/visualization_msgs__rosidl_generator_c.dir/rosidl_generator_c/visualization_msgs/msg/detail/interactive_marker_pose__functions.c.o[0m
[6.298s] [ 10%] [32mBuilding C object CMakeFiles/visualization_msgs__rosidl_generator_c.dir/rosidl_generator_c/visualization_msgs/msg/detail/interactive_marker__functions.c.o[0m
[6.298s] [ 11%] [32mBuilding C object CMakeFiles/visualization_msgs__rosidl_generator_c.dir/rosidl_generator_c/visualization_msgs/msg/detail/mesh_file__functions.c.o[0m
[6.299s] [ 12%] [32mBuilding C object CMakeFiles/visualization_msgs__rosidl_generator_c.dir/rosidl_generator_c/visualization_msgs/srv/detail/get_interactive_markers__functions.c.o[0m
[6.302s] [ 12%] [32mBuilding C object CMakeFiles/visualization_msgs__rosidl_generator_c.dir/rosidl_generator_c/visualization_msgs/msg/detail/uv_coordinate__functions.c.o[0m
[6.302s] [ 13%] [32mBuilding C object CMakeFiles/visualization_msgs__rosidl_generator_c.dir/rosidl_generator_c/visualization_msgs/msg/detail/menu_entry__functions.c.o[0m
[6.388s] [ 14%] [32m[1mLinking C shared library libvisualization_msgs__rosidl_generator_c.so[0m
[6.538s] [ 14%] Built target visualization_msgs__rosidl_generator_c
[6.549s] [ 15%] [34m[1mGenerating C type support for eProsima Fast-RTPS[0m
[6.550s] [ 17%] [34m[1mGenerating C type support dispatch for ROS interfaces[0m
[6.551s] [ 17%] [34m[1mGenerating C introspection for ROS interfaces[0m
[7.795s] [ 19%] [32mBuilding CXX object CMakeFiles/visualization_msgs__rosidl_typesupport_cpp.dir/rosidl_typesupport_cpp/visualization_msgs/msg/interactive_marker_init__type_support.cpp.o[0m
[7.795s] [ 19%] [32mBuilding CXX object CMakeFiles/visualization_msgs__rosidl_typesupport_cpp.dir/rosidl_typesupport_cpp/visualization_msgs/msg/image_marker__type_support.cpp.o[0m
[7.795s] [ 20%] [32mBuilding CXX object CMakeFiles/visualization_msgs__rosidl_typesupport_cpp.dir/rosidl_typesupport_cpp/visualization_msgs/msg/interactive_marker_control__type_support.cpp.o[0m
[7.795s] [ 20%] [32mBuilding CXX object CMakeFiles/visualization_msgs__rosidl_typesupport_cpp.dir/rosidl_typesupport_cpp/visualization_msgs/msg/interactive_marker__type_support.cpp.o[0m
[7.797s] [ 21%] [32mBuilding CXX object CMakeFiles/visualization_msgs__rosidl_typesupport_cpp.dir/rosidl_typesupport_cpp/visualization_msgs/msg/interactive_marker_feedback__type_support.cpp.o[0m
[7.797s] [ 21%] [32mBuilding CXX object CMakeFiles/visualization_msgs__rosidl_typesupport_cpp.dir/rosidl_typesupport_cpp/visualization_msgs/msg/marker__type_support.cpp.o[0m
[7.797s] [ 22%] [32mBuilding CXX object CMakeFiles/visualization_msgs__rosidl_typesupport_cpp.dir/rosidl_typesupport_cpp/visualization_msgs/msg/interactive_marker_pose__type_support.cpp.o[0m
[7.798s] [ 23%] [32mBuilding CXX object CMakeFiles/visualization_msgs__rosidl_typesupport_cpp.dir/rosidl_typesupport_cpp/visualization_msgs/msg/marker_array__type_support.cpp.o[0m
[7.800s] [ 25%] [32mBuilding CXX object CMakeFiles/visualization_msgs__rosidl_typesupport_cpp.dir/rosidl_typesupport_cpp/visualization_msgs/msg/interactive_marker_update__type_support.cpp.o[0m
[7.801s] [ 25%] [32mBuilding CXX object CMakeFiles/visualization_msgs__rosidl_typesupport_cpp.dir/rosidl_typesupport_cpp/visualization_msgs/msg/menu_entry__type_support.cpp.o[0m
[7.801s] [ 25%] [32mBuilding CXX object CMakeFiles/visualization_msgs__rosidl_typesupport_cpp.dir/rosidl_typesupport_cpp/visualization_msgs/srv/get_interactive_markers__type_support.cpp.o[0m
[7.803s] [ 26%] [32mBuilding CXX object CMakeFiles/visualization_msgs__rosidl_typesupport_cpp.dir/rosidl_typesupport_cpp/visualization_msgs/msg/mesh_file__type_support.cpp.o[0m
[7.804s] [ 27%] [32mBuilding CXX object CMakeFiles/visualization_msgs__rosidl_typesupport_cpp.dir/rosidl_typesupport_cpp/visualization_msgs/msg/uv_coordinate__type_support.cpp.o[0m
[8.120s] [ 28%] [32mBuilding CXX object CMakeFiles/visualization_msgs__rosidl_typesupport_introspection_cpp.dir/rosidl_typesupport_introspection_cpp/visualization_msgs/msg/detail/image_marker__type_support.cpp.o[0m
[8.132s] [ 29%] [32mBuilding CXX object CMakeFiles/visualization_msgs__rosidl_typesupport_introspection_cpp.dir/rosidl_typesupport_introspection_cpp/visualization_msgs/msg/detail/interactive_marker_feedback__type_support.cpp.o[0m
[8.133s] [ 31%] [32mBuilding CXX object CMakeFiles/visualization_msgs__rosidl_typesupport_introspection_cpp.dir/rosidl_typesupport_introspection_cpp/visualization_msgs/msg/detail/interactive_marker_control__type_support.cpp.o[0m
[8.134s] [ 31%] [32mBuilding CXX object CMakeFiles/visualization_msgs__rosidl_typesupport_introspection_cpp.dir/rosidl_typesupport_introspection_cpp/visualization_msgs/msg/detail/interactive_marker__type_support.cpp.o[0m
[8.145s] [ 31%] [32mBuilding CXX object CMakeFiles/visualization_msgs__rosidl_typesupport_introspection_cpp.dir/rosidl_typesupport_introspection_cpp/visualization_msgs/msg/detail/interactive_marker_init__type_support.cpp.o[0m
[8.185s] [ 32%] [32mBuilding CXX object CMakeFiles/visualization_msgs__rosidl_typesupport_introspection_cpp.dir/rosidl_typesupport_introspection_cpp/visualization_msgs/msg/detail/interactive_marker_pose__type_support.cpp.o[0m
[8.189s] [ 33%] [32mBuilding CXX object CMakeFiles/visualization_msgs__rosidl_typesupport_introspection_cpp.dir/rosidl_typesupport_introspection_cpp/visualization_msgs/msg/detail/interactive_marker_update__type_support.cpp.o[0m
[8.193s] [ 34%] [32mBuilding CXX object CMakeFiles/visualization_msgs__rosidl_typesupport_introspection_cpp.dir/rosidl_typesupport_introspection_cpp/visualization_msgs/msg/detail/marker__type_support.cpp.o[0m
[8.205s] [ 35%] [32mBuilding CXX object CMakeFiles/visualization_msgs__rosidl_typesupport_introspection_cpp.dir/rosidl_typesupport_introspection_cpp/visualization_msgs/msg/detail/marker_array__type_support.cpp.o[0m
[8.226s] [ 35%] [32mBuilding CXX object CMakeFiles/visualization_msgs__rosidl_typesupport_introspection_cpp.dir/rosidl_typesupport_introspection_cpp/visualization_msgs/msg/detail/menu_entry__type_support.cpp.o[0m
[8.228s] [ 36%] [32mBuilding CXX object CMakeFiles/visualization_msgs__rosidl_typesupport_introspection_cpp.dir/rosidl_typesupport_introspection_cpp/visualization_msgs/msg/detail/mesh_file__type_support.cpp.o[0m
[8.309s] [ 37%] [32mBuilding CXX object CMakeFiles/visualization_msgs__rosidl_typesupport_introspection_cpp.dir/rosidl_typesupport_introspection_cpp/visualization_msgs/msg/detail/uv_coordinate__type_support.cpp.o[0m
[8.346s] [ 38%] [32mBuilding CXX object CMakeFiles/visualization_msgs__rosidl_typesupport_introspection_cpp.dir/rosidl_typesupport_introspection_cpp/visualization_msgs/srv/detail/get_interactive_markers__type_support.cpp.o[0m
[8.369s] [ 39%] [32m[1mLinking CXX shared library libvisualization_msgs__rosidl_typesupport_cpp.so[0m
[8.397s] [ 39%] [32mBuilding CXX object CMakeFiles/visualization_msgs__rosidl_typesupport_c.dir/rosidl_typesupport_c/visualization_msgs/msg/image_marker__type_support.cpp.o[0m
[8.413s] [ 40%] [32mBuilding CXX object CMakeFiles/visualization_msgs__rosidl_typesupport_c.dir/rosidl_typesupport_c/visualization_msgs/msg/interactive_marker__type_support.cpp.o[0m
[8.422s] [ 41%] [32mBuilding CXX object CMakeFiles/visualization_msgs__rosidl_typesupport_c.dir/rosidl_typesupport_c/visualization_msgs/msg/interactive_marker_control__type_support.cpp.o[0m
[8.430s] [ 42%] [32mBuilding CXX object CMakeFiles/visualization_msgs__rosidl_typesupport_fastrtps_cpp.dir/rosidl_typesupport_fastrtps_cpp/visualization_msgs/msg/detail/dds_fastrtps/image_marker__type_support.cpp.o[0m
[8.475s] [ 43%] [32mBuilding CXX object CMakeFiles/visualization_msgs__rosidl_typesupport_fastrtps_cpp.dir/rosidl_typesupport_fastrtps_cpp/visualization_msgs/msg/detail/dds_fastrtps/interactive_marker__type_support.cpp.o[0m
[8.486s] [ 44%] [32mBuilding CXX object CMakeFiles/visualization_msgs__rosidl_typesupport_fastrtps_cpp.dir/rosidl_typesupport_fastrtps_cpp/visualization_msgs/msg/detail/dds_fastrtps/interactive_marker_control__type_support.cpp.o[0m
[8.489s] [ 45%] [32mBuilding CXX object CMakeFiles/visualization_msgs__rosidl_typesupport_c.dir/rosidl_typesupport_c/visualization_msgs/msg/interactive_marker_feedback__type_support.cpp.o[0m
[8.589s] [ 46%] [32mBuilding CXX object CMakeFiles/visualization_msgs__rosidl_typesupport_c.dir/rosidl_typesupport_c/visualization_msgs/msg/interactive_marker_init__type_support.cpp.o[0m
[8.683s] [ 46%] [32mBuilding CXX object CMakeFiles/visualization_msgs__rosidl_typesupport_c.dir/rosidl_typesupport_c/visualization_msgs/msg/interactive_marker_pose__type_support.cpp.o[0m
[8.748s] [ 46%] [32mBuilding CXX object CMakeFiles/visualization_msgs__rosidl_typesupport_fastrtps_cpp.dir/rosidl_typesupport_fastrtps_cpp/visualization_msgs/msg/detail/dds_fastrtps/interactive_marker_feedback__type_support.cpp.o[0m
[8.753s] [ 47%] [32mBuilding CXX object CMakeFiles/visualization_msgs__rosidl_typesupport_fastrtps_cpp.dir/rosidl_typesupport_fastrtps_cpp/visualization_msgs/msg/detail/dds_fastrtps/interactive_marker_init__type_support.cpp.o[0m
[8.762s] [ 48%] [32mBuilding CXX object CMakeFiles/visualization_msgs__rosidl_typesupport_c.dir/rosidl_typesupport_c/visualization_msgs/msg/interactive_marker_update__type_support.cpp.o[0m
[8.776s] [ 49%] [32mBuilding CXX object CMakeFiles/visualization_msgs__rosidl_typesupport_c.dir/rosidl_typesupport_c/visualization_msgs/msg/marker__type_support.cpp.o[0m
[8.836s] [ 50%] [32mBuilding CXX object CMakeFiles/visualization_msgs__rosidl_typesupport_fastrtps_cpp.dir/rosidl_typesupport_fastrtps_cpp/visualization_msgs/msg/detail/dds_fastrtps/interactive_marker_pose__type_support.cpp.o[0m
[8.873s] [ 51%] [32mBuilding CXX object CMakeFiles/visualization_msgs__rosidl_typesupport_c.dir/rosidl_typesupport_c/visualization_msgs/msg/menu_entry__type_support.cpp.o[0m
[8.874s] [ 52%] [32mBuilding CXX object CMakeFiles/visualization_msgs__rosidl_typesupport_c.dir/rosidl_typesupport_c/visualization_msgs/msg/marker_array__type_support.cpp.o[0m
[8.944s] [ 53%] [32mBuilding CXX object CMakeFiles/visualization_msgs__rosidl_typesupport_fastrtps_cpp.dir/rosidl_typesupport_fastrtps_cpp/visualization_msgs/msg/detail/dds_fastrtps/interactive_marker_update__type_support.cpp.o[0m
[8.960s] [ 53%] [32mBuilding CXX object CMakeFiles/visualization_msgs__rosidl_typesupport_c.dir/rosidl_typesupport_c/visualization_msgs/msg/mesh_file__type_support.cpp.o[0m
[8.960s] [ 54%] [32mBuilding C object CMakeFiles/visualization_msgs__rosidl_typesupport_introspection_c.dir/rosidl_typesupport_introspection_c/visualization_msgs/msg/detail/image_marker__type_support.c.o[0m
[8.982s] [ 55%] [32mBuilding C object CMakeFiles/visualization_msgs__rosidl_typesupport_introspection_c.dir/rosidl_typesupport_introspection_c/visualization_msgs/msg/detail/interactive_marker__type_support.c.o[0m
[8.986s] [ 56%] [32mBuilding CXX object CMakeFiles/visualization_msgs__rosidl_typesupport_c.dir/rosidl_typesupport_c/visualization_msgs/msg/uv_coordinate__type_support.cpp.o[0m
[9.000s] [ 56%] [32mBuilding C object CMakeFiles/visualization_msgs__rosidl_typesupport_introspection_c.dir/rosidl_typesupport_introspection_c/visualization_msgs/msg/detail/interactive_marker_control__type_support.c.o[0m
[9.061s] [ 57%] [32mBuilding C object CMakeFiles/visualization_msgs__rosidl_typesupport_introspection_c.dir/rosidl_typesupport_introspection_c/visualization_msgs/msg/detail/interactive_marker_feedback__type_support.c.o[0m
[9.074s] [ 57%] [32mBuilding CXX object CMakeFiles/visualization_msgs__rosidl_typesupport_fastrtps_cpp.dir/rosidl_typesupport_fastrtps_cpp/visualization_msgs/msg/detail/dds_fastrtps/marker_array__type_support.cpp.o[0m
[9.076s] [ 58%] [32mBuilding CXX object CMakeFiles/visualization_msgs__rosidl_typesupport_c.dir/rosidl_typesupport_c/visualization_msgs/srv/get_interactive_markers__type_support.cpp.o[0m
[9.084s] [ 59%] [32mBuilding CXX object CMakeFiles/visualization_msgs__rosidl_typesupport_fastrtps_cpp.dir/rosidl_typesupport_fastrtps_cpp/visualization_msgs/msg/detail/dds_fastrtps/marker__type_support.cpp.o[0m
[9.091s] [ 60%] [32mBuilding CXX object CMakeFiles/visualization_msgs__rosidl_typesupport_fastrtps_c.dir/rosidl_typesupport_fastrtps_c/visualization_msgs/msg/detail/image_marker__type_support_c.cpp.o[0m
[9.095s] [ 61%] [32mBuilding C object CMakeFiles/visualization_msgs__rosidl_typesupport_introspection_c.dir/rosidl_typesupport_introspection_c/visualization_msgs/msg/detail/interactive_marker_init__type_support.c.o[0m
[9.117s] [ 62%] [32mBuilding CXX object CMakeFiles/visualization_msgs__rosidl_typesupport_fastrtps_cpp.dir/rosidl_typesupport_fastrtps_cpp/visualization_msgs/msg/detail/dds_fastrtps/menu_entry__type_support.cpp.o[0m
[9.145s] [ 63%] [32mBuilding C object CMakeFiles/visualization_msgs__rosidl_typesupport_introspection_c.dir/rosidl_typesupport_introspection_c/visualization_msgs/msg/detail/interactive_marker_pose__type_support.c.o[0m
[9.168s] [ 64%] [32m[1mLinking CXX shared library libvisualization_msgs__rosidl_typesupport_c.so[0m
[9.208s] [ 66%] [32mBuilding C object CMakeFiles/visualization_msgs__rosidl_typesupport_introspection_c.dir/rosidl_typesupport_introspection_c/visualization_msgs/msg/detail/interactive_marker_update__type_support.c.o[0m
[9.208s] [ 66%] [32mBuilding CXX object CMakeFiles/visualization_msgs__rosidl_typesupport_fastrtps_cpp.dir/rosidl_typesupport_fastrtps_cpp/visualization_msgs/msg/detail/dds_fastrtps/mesh_file__type_support.cpp.o[0m
[9.229s] [ 66%] [32mBuilding CXX object CMakeFiles/visualization_msgs__rosidl_typesupport_fastrtps_c.dir/rosidl_typesupport_fastrtps_c/visualization_msgs/msg/detail/interactive_marker__type_support_c.cpp.o[0m
[9.241s] [ 67%] [32mBuilding CXX object CMakeFiles/visualization_msgs__rosidl_typesupport_fastrtps_cpp.dir/rosidl_typesupport_fastrtps_cpp/visualization_msgs/msg/detail/dds_fastrtps/uv_coordinate__type_support.cpp.o[0m
[9.247s] [ 68%] [32mBuilding CXX object CMakeFiles/visualization_msgs__rosidl_typesupport_fastrtps_cpp.dir/rosidl_typesupport_fastrtps_cpp/visualization_msgs/srv/detail/dds_fastrtps/get_interactive_markers__type_support.cpp.o[0m
[9.295s] [ 69%] [32mBuilding CXX object CMakeFiles/visualization_msgs__rosidl_typesupport_fastrtps_c.dir/rosidl_typesupport_fastrtps_c/visualization_msgs/msg/detail/interactive_marker_control__type_support_c.cpp.o[0m
[9.300s] [ 69%] [32mBuilding C object CMakeFiles/visualization_msgs__rosidl_typesupport_introspection_c.dir/rosidl_typesupport_introspection_c/visualization_msgs/msg/detail/marker__type_support.c.o[0m
[9.408s] [ 70%] [32mBuilding C object CMakeFiles/visualization_msgs__rosidl_typesupport_introspection_c.dir/rosidl_typesupport_introspection_c/visualization_msgs/msg/detail/marker_array__type_support.c.o[0m
[9.435s] [ 71%] [32mBuilding CXX object CMakeFiles/visualization_msgs__rosidl_typesupport_fastrtps_c.dir/rosidl_typesupport_fastrtps_c/visualization_msgs/msg/detail/interactive_marker_feedback__type_support_c.cpp.o[0m
[9.439s] [ 72%] [32mBuilding C object CMakeFiles/visualization_msgs__rosidl_typesupport_introspection_c.dir/rosidl_typesupport_introspection_c/visualization_msgs/msg/detail/menu_entry__type_support.c.o[0m
[9.453s] [ 73%] [32mBuilding C object CMakeFiles/visualization_msgs__rosidl_typesupport_introspection_c.dir/rosidl_typesupport_introspection_c/visualization_msgs/msg/detail/mesh_file__type_support.c.o[0m
[9.471s] [ 74%] [32mBuilding C object CMakeFiles/visualization_msgs__rosidl_typesupport_introspection_c.dir/rosidl_typesupport_introspection_c/visualization_msgs/msg/detail/uv_coordinate__type_support.c.o[0m
[9.486s] [ 75%] [32mBuilding CXX object CMakeFiles/visualization_msgs__rosidl_typesupport_fastrtps_c.dir/rosidl_typesupport_fastrtps_c/visualization_msgs/msg/detail/interactive_marker_init__type_support_c.cpp.o[0m
[9.529s] [ 76%] [32mBuilding CXX object CMakeFiles/visualization_msgs__rosidl_typesupport_fastrtps_c.dir/rosidl_typesupport_fastrtps_c/visualization_msgs/msg/detail/interactive_marker_pose__type_support_c.cpp.o[0m
[9.530s] [ 76%] [32mBuilding C object CMakeFiles/visualization_msgs__rosidl_typesupport_introspection_c.dir/rosidl_typesupport_introspection_c/visualization_msgs/srv/detail/get_interactive_markers__type_support.c.o[0m
[9.537s] [ 76%] [32mBuilding CXX object CMakeFiles/visualization_msgs__rosidl_typesupport_fastrtps_c.dir/rosidl_typesupport_fastrtps_c/visualization_msgs/msg/detail/interactive_marker_update__type_support_c.cpp.o[0m
[9.552s] [ 77%] [32m[1mLinking CXX shared library libvisualization_msgs__rosidl_typesupport_introspection_cpp.so[0m
[9.562s] [ 78%] [32mBuilding CXX object CMakeFiles/visualization_msgs__rosidl_typesupport_fastrtps_c.dir/rosidl_typesupport_fastrtps_c/visualization_msgs/msg/detail/marker__type_support_c.cpp.o[0m
[9.590s] [ 79%] [32mBuilding CXX object CMakeFiles/visualization_msgs__rosidl_typesupport_fastrtps_c.dir/rosidl_typesupport_fastrtps_c/visualization_msgs/msg/detail/marker_array__type_support_c.cpp.o[0m
[9.617s] [ 80%] [32m[1mLinking C shared library libvisualization_msgs__rosidl_typesupport_introspection_c.so[0m
[9.680s] [ 80%] Built target visualization_msgs__rosidl_typesupport_cpp
[9.702s] [ 81%] [32mBuilding CXX object CMakeFiles/visualization_msgs__rosidl_typesupport_fastrtps_c.dir/rosidl_typesupport_fastrtps_c/visualization_msgs/msg/detail/menu_entry__type_support_c.cpp.o[0m
[9.763s] [ 82%] [32mBuilding CXX object CMakeFiles/visualization_msgs__rosidl_typesupport_fastrtps_c.dir/rosidl_typesupport_fastrtps_c/visualization_msgs/msg/detail/mesh_file__type_support_c.cpp.o[0m
[9.782s] [ 82%] [32mBuilding CXX object CMakeFiles/visualization_msgs__rosidl_typesupport_fastrtps_c.dir/rosidl_typesupport_fastrtps_c/visualization_msgs/msg/detail/uv_coordinate__type_support_c.cpp.o[0m
[9.813s] [ 83%] [32mBuilding CXX object CMakeFiles/visualization_msgs__rosidl_typesupport_fastrtps_c.dir/rosidl_typesupport_fastrtps_c/visualization_msgs/srv/detail/get_interactive_markers__type_support_c.cpp.o[0m
[9.961s] [ 83%] Built target visualization_msgs__rosidl_typesupport_c
[10.004s] [ 83%] Built target visualization_msgs__rosidl_typesupport_introspection_c
[10.062s] [ 83%] [32m[1mLinking CXX shared library libvisualization_msgs__rosidl_typesupport_fastrtps_cpp.so[0m
[10.117s] [ 83%] Built target visualization_msgs__rosidl_typesupport_introspection_cpp
[10.216s] [ 84%] [32m[1mLinking CXX shared library libvisualization_msgs__rosidl_typesupport_fastrtps_c.so[0m
[10.268s] [ 84%] Built target visualization_msgs__rosidl_typesupport_fastrtps_cpp
[10.377s] [ 84%] Built target visualization_msgs__rosidl_typesupport_fastrtps_c
[10.396s] [ 84%] Built target visualization_msgs
[10.414s] [ 85%] [34m[1mGenerating Python code for ROS interfaces[0m
[12.989s] [ 85%] Built target visualization_msgs__py
[13.009s] [ 85%] [32mBuilding C object CMakeFiles/visualization_msgs__rosidl_generator_py.dir/rosidl_generator_py/visualization_msgs/msg/_interactive_marker_s.c.o[0m
[13.009s] [ 86%] [32mBuilding C object CMakeFiles/visualization_msgs__rosidl_generator_py.dir/rosidl_generator_py/visualization_msgs/msg/_image_marker_s.c.o[0m
[13.010s] [ 87%] [32mBuilding C object CMakeFiles/visualization_msgs__rosidl_generator_py.dir/rosidl_generator_py/visualization_msgs/msg/_interactive_marker_init_s.c.o[0m
[13.010s] [ 87%] [32mBuilding C object CMakeFiles/visualization_msgs__rosidl_generator_py.dir/rosidl_generator_py/visualization_msgs/msg/_interactive_marker_update_s.c.o[0m
[13.010s] [ 88%] [32mBuilding C object CMakeFiles/visualization_msgs__rosidl_generator_py.dir/rosidl_generator_py/visualization_msgs/msg/_marker_s.c.o[0m
[13.010s] [ 89%] [32mBuilding C object CMakeFiles/visualization_msgs__rosidl_generator_py.dir/rosidl_generator_py/visualization_msgs/msg/_interactive_marker_pose_s.c.o[0m
[13.010s] [ 90%] [32mBuilding C object CMakeFiles/visualization_msgs__rosidl_generator_py.dir/rosidl_generator_py/visualization_msgs/msg/_interactive_marker_feedback_s.c.o[0m
[13.010s] [ 91%] [32mBuilding C object CMakeFiles/visualization_msgs__rosidl_generator_py.dir/rosidl_generator_py/visualization_msgs/msg/_mesh_file_s.c.o[0m
[13.012s] [ 92%] [32mBuilding C object CMakeFiles/visualization_msgs__rosidl_generator_py.dir/rosidl_generator_py/visualization_msgs/msg/_menu_entry_s.c.o[0m
[13.012s] [ 93%] [32mBuilding C object CMakeFiles/visualization_msgs__rosidl_generator_py.dir/rosidl_generator_py/visualization_msgs/srv/_get_interactive_markers_s.c.o[0m
[13.012s] [ 93%] [32mBuilding C object CMakeFiles/visualization_msgs__rosidl_generator_py.dir/rosidl_generator_py/visualization_msgs/msg/_uv_coordinate_s.c.o[0m
[13.012s] [ 94%] [32mBuilding C object CMakeFiles/visualization_msgs__rosidl_generator_py.dir/rosidl_generator_py/visualization_msgs/msg/_interactive_marker_control_s.c.o[0m
[13.021s] [ 95%] [32mBuilding C object CMakeFiles/visualization_msgs__rosidl_generator_py.dir/rosidl_generator_py/visualization_msgs/msg/_marker_array_s.c.o[0m
[13.146s] [ 96%] [32m[1mLinking C shared library rosidl_generator_py/visualization_msgs/libvisualization_msgs__rosidl_generator_py.so[0m
[13.259s] [ 96%] Built target visualization_msgs__rosidl_generator_py
[13.277s] [ 97%] [32mBuilding C object CMakeFiles/visualization_msgs__rosidl_typesupport_fastrtps_c__pyext.dir/rosidl_generator_py/visualization_msgs/_visualization_msgs_s.ep.rosidl_typesupport_fastrtps_c.c.o[0m
[13.277s] [ 98%] [32mBuilding C object CMakeFiles/visualization_msgs__rosidl_typesupport_introspection_c__pyext.dir/rosidl_generator_py/visualization_msgs/_visualization_msgs_s.ep.rosidl_typesupport_introspection_c.c.o[0m
[13.278s] [ 99%] [32mBuilding C object CMakeFiles/visualization_msgs__rosidl_typesupport_c__pyext.dir/rosidl_generator_py/visualization_msgs/_visualization_msgs_s.ep.rosidl_typesupport_c.c.o[0m
[13.389s] [100%] [32m[1mLinking C shared library rosidl_generator_py/visualization_msgs/visualization_msgs_s__rosidl_typesupport_introspection_c.cpython-310-x86_64-linux-gnu.so[0m
[13.397s] [100%] [32m[1mLinking C shared library rosidl_generator_py/visualization_msgs/visualization_msgs_s__rosidl_typesupport_fastrtps_c.cpython-310-x86_64-linux-gnu.so[0m
[13.401s] [100%] [32m[1mLinking C shared library rosidl_generator_py/visualization_msgs/visualization_msgs_s__rosidl_typesupport_c.cpython-310-x86_64-linux-gnu.so[0m
[13.510s] [100%] Built target visualization_msgs__rosidl_typesupport_introspection_c__pyext
[13.514s] [100%] Built target visualization_msgs__rosidl_typesupport_fastrtps_c__pyext
[13.538s] [100%] Built target visualization_msgs__rosidl_typesupport_c__pyext
[13.550s] Invoked command in '/root/ros_ws/src/Rescue_Car_ws/build/visualization_msgs' returned '0': AMENT_PREFIX_PATH=/root/ros_ws/src/Rescue_Car_ws/install/sensor_msgs:/root/ros_ws/src/Rescue_Car_ws/install/geometry_msgs:/root/ros_ws/src/Rescue_Car_ws/install/std_msgs:/root/ros_ws/src/Rescue_Car_ws/install/builtin_interfaces:${AMENT_PREFIX_PATH} CMAKE_PREFIX_PATH=/root/ros_ws/src/Rescue_Car_ws/install/sensor_msgs:/root/ros_ws/src/Rescue_Car_ws/install/geometry_msgs:/root/ros_ws/src/Rescue_Car_ws/install/std_msgs:/root/ros_ws/src/Rescue_Car_ws/install/builtin_interfaces:/opt/ros/humble LD_LIBRARY_PATH=/root/ros_ws/src/Rescue_Car_ws/install/sensor_msgs/lib:/root/ros_ws/src/Rescue_Car_ws/install/geometry_msgs/lib:/root/ros_ws/src/Rescue_Car_ws/install/std_msgs/lib:/root/ros_ws/src/Rescue_Car_ws/install/builtin_interfaces/lib:${LD_LIBRARY_PATH} PYTHONPATH=/root/ros_ws/src/Rescue_Car_ws/install/sensor_msgs/local/lib/python3.10/dist-packages:/root/ros_ws/src/Rescue_Car_ws/install/geometry_msgs/local/lib/python3.10/dist-packages:/root/ros_ws/src/Rescue_Car_ws/install/std_msgs/local/lib/python3.10/dist-packages:/root/ros_ws/src/Rescue_Car_ws/install/builtin_interfaces/local/lib/python3.10/dist-packages:${PYTHONPATH} /usr/bin/cmake --build /root/ros_ws/src/Rescue_Car_ws/build/visualization_msgs -- -j20 -l20
[13.553s] Invoking command in '/root/ros_ws/src/Rescue_Car_ws/build/visualization_msgs': AMENT_PREFIX_PATH=/root/ros_ws/src/Rescue_Car_ws/install/sensor_msgs:/root/ros_ws/src/Rescue_Car_ws/install/geometry_msgs:/root/ros_ws/src/Rescue_Car_ws/install/std_msgs:/root/ros_ws/src/Rescue_Car_ws/install/builtin_interfaces:${AMENT_PREFIX_PATH} CMAKE_PREFIX_PATH=/root/ros_ws/src/Rescue_Car_ws/install/sensor_msgs:/root/ros_ws/src/Rescue_Car_ws/install/geometry_msgs:/root/ros_ws/src/Rescue_Car_ws/install/std_msgs:/root/ros_ws/src/Rescue_Car_ws/install/builtin_interfaces:/opt/ros/humble LD_LIBRARY_PATH=/root/ros_ws/src/Rescue_Car_ws/install/sensor_msgs/lib:/root/ros_ws/src/Rescue_Car_ws/install/geometry_msgs/lib:/root/ros_ws/src/Rescue_Car_ws/install/std_msgs/lib:/root/ros_ws/src/Rescue_Car_ws/install/builtin_interfaces/lib:${LD_LIBRARY_PATH} PYTHONPATH=/root/ros_ws/src/Rescue_Car_ws/install/sensor_msgs/local/lib/python3.10/dist-packages:/root/ros_ws/src/Rescue_Car_ws/install/geometry_msgs/local/lib/python3.10/dist-packages:/root/ros_ws/src/Rescue_Car_ws/install/std_msgs/local/lib/python3.10/dist-packages:/root/ros_ws/src/Rescue_Car_ws/install/builtin_interfaces/local/lib/python3.10/dist-packages:${PYTHONPATH} /usr/bin/cmake --install /root/ros_ws/src/Rescue_Car_ws/build/visualization_msgs
[13.559s] -- Install configuration: ""
[13.560s] -- Installing: /root/ros_ws/src/Rescue_Car_ws/install/visualization_msgs/share/ament_index/resource_index/rosidl_interfaces/visualization_msgs
[13.560s] -- Installing: /root/ros_ws/src/Rescue_Car_ws/install/visualization_msgs/include/visualization_msgs/visualization_msgs
[13.560s] -- Installing: /root/ros_ws/src/Rescue_Car_ws/install/visualization_msgs/include/visualization_msgs/visualization_msgs/srv
[13.561s] -- Installing: /root/ros_ws/src/Rescue_Car_ws/install/visualization_msgs/include/visualization_msgs/visualization_msgs/srv/get_interactive_markers.h
[13.561s] -- Installing: /root/ros_ws/src/Rescue_Car_ws/install/visualization_msgs/include/visualization_msgs/visualization_msgs/srv/detail
[13.561s] -- Installing: /root/ros_ws/src/Rescue_Car_ws/install/visualization_msgs/include/visualization_msgs/visualization_msgs/srv/detail/get_interactive_markers__functions.h
[13.561s] -- Installing: /root/ros_ws/src/Rescue_Car_ws/install/visualization_msgs/include/visualization_msgs/visualization_msgs/srv/detail/get_interactive_markers__struct.h
[13.561s] -- Installing: /root/ros_ws/src/Rescue_Car_ws/install/visualization_msgs/include/visualization_msgs/visualization_msgs/srv/detail/get_interactive_markers__type_support.h
[13.561s] -- Installing: /root/ros_ws/src/Rescue_Car_ws/install/visualization_msgs/include/visualization_msgs/visualization_msgs/srv/detail/get_interactive_markers__functions.c
[13.562s] -- Installing: /root/ros_ws/src/Rescue_Car_ws/install/visualization_msgs/include/visualization_msgs/visualization_msgs/msg
[13.562s] -- Installing: /root/ros_ws/src/Rescue_Car_ws/install/visualization_msgs/include/visualization_msgs/visualization_msgs/msg/interactive_marker_feedback.h
[13.562s] -- Installing: /root/ros_ws/src/Rescue_Car_ws/install/visualization_msgs/include/visualization_msgs/visualization_msgs/msg/interactive_marker_pose.h
[13.562s] -- Installing: /root/ros_ws/src/Rescue_Car_ws/install/visualization_msgs/include/visualization_msgs/visualization_msgs/msg/uv_coordinate.h
[13.562s] -- Installing: /root/ros_ws/src/Rescue_Car_ws/install/visualization_msgs/include/visualization_msgs/visualization_msgs/msg/mesh_file.h
[13.562s] -- Installing: /root/ros_ws/src/Rescue_Car_ws/install/visualization_msgs/include/visualization_msgs/visualization_msgs/msg/interactive_marker.h
[13.563s] -- Installing: /root/ros_ws/src/Rescue_Car_ws/install/visualization_msgs/include/visualization_msgs/visualization_msgs/msg/image_marker.h
[13.563s] -- Installing: /root/ros_ws/src/Rescue_Car_ws/install/visualization_msgs/include/visualization_msgs/visualization_msgs/msg/interactive_marker_init.h
[13.563s] -- Installing: /root/ros_ws/src/Rescue_Car_ws/install/visualization_msgs/include/visualization_msgs/visualization_msgs/msg/detail
[13.563s] -- Installing: /root/ros_ws/src/Rescue_Car_ws/install/visualization_msgs/include/visualization_msgs/visualization_msgs/msg/detail/interactive_marker_pose__struct.h
[13.563s] -- Installing: /root/ros_ws/src/Rescue_Car_ws/install/visualization_msgs/include/visualization_msgs/visualization_msgs/msg/detail/uv_coordinate__struct.h
[13.563s] -- Installing: /root/ros_ws/src/Rescue_Car_ws/install/visualization_msgs/include/visualization_msgs/visualization_msgs/msg/detail/interactive_marker_init__struct.h
[13.564s] -- Installing: /root/ros_ws/src/Rescue_Car_ws/install/visualization_msgs/include/visualization_msgs/visualization_msgs/msg/detail/interactive_marker__type_support.h
[13.564s] -- Installing: /root/ros_ws/src/Rescue_Car_ws/install/visualization_msgs/include/visualization_msgs/visualization_msgs/msg/detail/marker_array__struct.h
[13.564s] -- Installing: /root/ros_ws/src/Rescue_Car_ws/install/visualization_msgs/include/visualization_msgs/visualization_msgs/msg/detail/interactive_marker_feedback__functions.c
[13.564s] -- Installing: /root/ros_ws/src/Rescue_Car_ws/install/visualization_msgs/include/visualization_msgs/visualization_msgs/msg/detail/interactive_marker__functions.h
[13.564s] -- Installing: /root/ros_ws/src/Rescue_Car_ws/install/visualization_msgs/include/visualization_msgs/visualization_msgs/msg/detail/interactive_marker_control__type_support.h
[13.564s] -- Installing: /root/ros_ws/src/Rescue_Car_ws/install/visualization_msgs/include/visualization_msgs/visualization_msgs/msg/detail/interactive_marker_update__struct.h
[13.564s] -- Installing: /root/ros_ws/src/Rescue_Car_ws/install/visualization_msgs/include/visualization_msgs/visualization_msgs/msg/detail/mesh_file__functions.h
[13.565s] -- Installing: /root/ros_ws/src/Rescue_Car_ws/install/visualization_msgs/include/visualization_msgs/visualization_msgs/msg/detail/image_marker__struct.h
[13.565s] -- Installing: /root/ros_ws/src/Rescue_Car_ws/install/visualization_msgs/include/visualization_msgs/visualization_msgs/msg/detail/marker__functions.h
[13.565s] -- Installing: /root/ros_ws/src/Rescue_Car_ws/install/visualization_msgs/include/visualization_msgs/visualization_msgs/msg/detail/interactive_marker_feedback__type_support.h
[13.565s] -- Installing: /root/ros_ws/src/Rescue_Car_ws/install/visualization_msgs/include/visualization_msgs/visualization_msgs/msg/detail/menu_entry__struct.h
[13.565s] -- Installing: /root/ros_ws/src/Rescue_Car_ws/install/visualization_msgs/include/visualization_msgs/visualization_msgs/msg/detail/interactive_marker_control__functions.c
[13.565s] -- Installing: /root/ros_ws/src/Rescue_Car_ws/install/visualization_msgs/include/visualization_msgs/visualization_msgs/msg/detail/mesh_file__functions.c
[13.565s] -- Installing: /root/ros_ws/src/Rescue_Car_ws/install/visualization_msgs/include/visualization_msgs/visualization_msgs/msg/detail/interactive_marker_control__struct.h
[13.566s] -- Installing: /root/ros_ws/src/Rescue_Car_ws/install/visualization_msgs/include/visualization_msgs/visualization_msgs/msg/detail/interactive_marker_feedback__struct.h
[13.566s] -- Installing: /root/ros_ws/src/Rescue_Car_ws/install/visualization_msgs/include/visualization_msgs/visualization_msgs/msg/detail/interactive_marker_control__functions.h
[13.566s] -- Installing: /root/ros_ws/src/Rescue_Car_ws/install/visualization_msgs/include/visualization_msgs/visualization_msgs/msg/detail/mesh_file__struct.h
[13.566s] -- Installing: /root/ros_ws/src/Rescue_Car_ws/install/visualization_msgs/include/visualization_msgs/visualization_msgs/msg/detail/interactive_marker_update__functions.c
[13.566s] -- Installing: /root/ros_ws/src/Rescue_Car_ws/install/visualization_msgs/include/visualization_msgs/visualization_msgs/msg/detail/interactive_marker_update__functions.h
[13.566s] -- Installing: /root/ros_ws/src/Rescue_Car_ws/install/visualization_msgs/include/visualization_msgs/visualization_msgs/msg/detail/interactive_marker__functions.c
[13.566s] -- Installing: /root/ros_ws/src/Rescue_Car_ws/install/visualization_msgs/include/visualization_msgs/visualization_msgs/msg/detail/menu_entry__type_support.h
[13.566s] -- Installing: /root/ros_ws/src/Rescue_Car_ws/install/visualization_msgs/include/visualization_msgs/visualization_msgs/msg/detail/marker__functions.c
[13.566s] -- Installing: /root/ros_ws/src/Rescue_Car_ws/install/visualization_msgs/include/visualization_msgs/visualization_msgs/msg/detail/marker_array__type_support.h
[13.566s] -- Installing: /root/ros_ws/src/Rescue_Car_ws/install/visualization_msgs/include/visualization_msgs/visualization_msgs/msg/detail/image_marker__functions.c
[13.566s] -- Installing: /root/ros_ws/src/Rescue_Car_ws/install/visualization_msgs/include/visualization_msgs/visualization_msgs/msg/detail/uv_coordinate__type_support.h
[13.566s] -- Installing: /root/ros_ws/src/Rescue_Car_ws/install/visualization_msgs/include/visualization_msgs/visualization_msgs/msg/detail/interactive_marker_update__type_support.h
[13.566s] -- Installing: /root/ros_ws/src/Rescue_Car_ws/install/visualization_msgs/include/visualization_msgs/visualization_msgs/msg/detail/uv_coordinate__functions.c
[13.566s] -- Installing: /root/ros_ws/src/Rescue_Car_ws/install/visualization_msgs/include/visualization_msgs/visualization_msgs/msg/detail/interactive_marker_pose__functions.c
[13.566s] -- Installing: /root/ros_ws/src/Rescue_Car_ws/install/visualization_msgs/include/visualization_msgs/visualization_msgs/msg/detail/marker__type_support.h
[13.566s] -- Installing: /root/ros_ws/src/Rescue_Car_ws/install/visualization_msgs/include/visualization_msgs/visualization_msgs/msg/detail/image_marker__functions.h
[13.567s] -- Installing: /root/ros_ws/src/Rescue_Car_ws/install/visualization_msgs/include/visualization_msgs/visualization_msgs/msg/detail/interactive_marker_init__functions.h
[13.567s] -- Installing: /root/ros_ws/src/Rescue_Car_ws/install/visualization_msgs/include/visualization_msgs/visualization_msgs/msg/detail/menu_entry__functions.c
[13.567s] -- Installing: /root/ros_ws/src/Rescue_Car_ws/install/visualization_msgs/include/visualization_msgs/visualization_msgs/msg/detail/marker_array__functions.c
[13.567s] -- Installing: /root/ros_ws/src/Rescue_Car_ws/install/visualization_msgs/include/visualization_msgs/visualization_msgs/msg/detail/menu_entry__functions.h
[13.567s] -- Installing: /root/ros_ws/src/Rescue_Car_ws/install/visualization_msgs/include/visualization_msgs/visualization_msgs/msg/detail/interactive_marker_feedback__functions.h
[13.568s] -- Installing: /root/ros_ws/src/Rescue_Car_ws/install/visualization_msgs/include/visualization_msgs/visualization_msgs/msg/detail/marker__struct.h
[13.568s] -- Installing: /root/ros_ws/src/Rescue_Car_ws/install/visualization_msgs/include/visualization_msgs/visualization_msgs/msg/detail/interactive_marker_init__functions.c
[13.568s] -- Installing: /root/ros_ws/src/Rescue_Car_ws/install/visualization_msgs/include/visualization_msgs/visualization_msgs/msg/detail/interactive_marker_pose__functions.h
[13.568s] -- Installing: /root/ros_ws/src/Rescue_Car_ws/install/visualization_msgs/include/visualization_msgs/visualization_msgs/msg/detail/marker_array__functions.h
[13.568s] -- Installing: /root/ros_ws/src/Rescue_Car_ws/install/visualization_msgs/include/visualization_msgs/visualization_msgs/msg/detail/image_marker__type_support.h
[13.568s] -- Installing: /root/ros_ws/src/Rescue_Car_ws/install/visualization_msgs/include/visualization_msgs/visualization_msgs/msg/detail/uv_coordinate__functions.h
[13.569s] -- Installing: /root/ros_ws/src/Rescue_Car_ws/install/visualization_msgs/include/visualization_msgs/visualization_msgs/msg/detail/interactive_marker_init__type_support.h
[13.569s] -- Installing: /root/ros_ws/src/Rescue_Car_ws/install/visualization_msgs/include/visualization_msgs/visualization_msgs/msg/detail/mesh_file__type_support.h
[13.569s] -- Installing: /root/ros_ws/src/Rescue_Car_ws/install/visualization_msgs/include/visualization_msgs/visualization_msgs/msg/detail/interactive_marker_pose__type_support.h
[13.569s] -- Installing: /root/ros_ws/src/Rescue_Car_ws/install/visualization_msgs/include/visualization_msgs/visualization_msgs/msg/detail/interactive_marker__struct.h
[13.570s] -- Installing: /root/ros_ws/src/Rescue_Car_ws/install/visualization_msgs/include/visualization_msgs/visualization_msgs/msg/marker.h
[13.570s] -- Installing: /root/ros_ws/src/Rescue_Car_ws/install/visualization_msgs/include/visualization_msgs/visualization_msgs/msg/marker_array.h
[13.570s] -- Installing: /root/ros_ws/src/Rescue_Car_ws/install/visualization_msgs/include/visualization_msgs/visualization_msgs/msg/rosidl_generator_c__visibility_control.h
[13.570s] -- Installing: /root/ros_ws/src/Rescue_Car_ws/install/visualization_msgs/include/visualization_msgs/visualization_msgs/msg/interactive_marker_control.h
[13.570s] -- Installing: /root/ros_ws/src/Rescue_Car_ws/install/visualization_msgs/include/visualization_msgs/visualization_msgs/msg/menu_entry.h
[13.570s] -- Installing: /root/ros_ws/src/Rescue_Car_ws/install/visualization_msgs/include/visualization_msgs/visualization_msgs/msg/interactive_marker_update.h
[13.570s] -- Installing: /root/ros_ws/src/Rescue_Car_ws/install/visualization_msgs/share/visualization_msgs/environment/library_path.sh
[13.570s] -- Installing: /root/ros_ws/src/Rescue_Car_ws/install/visualization_msgs/share/visualization_msgs/environment/library_path.dsv
[13.571s] -- Installing: /root/ros_ws/src/Rescue_Car_ws/install/visualization_msgs/lib/libvisualization_msgs__rosidl_generator_c.so
[13.571s] -- Set runtime path of "/root/ros_ws/src/Rescue_Car_ws/install/visualization_msgs/lib/libvisualization_msgs__rosidl_generator_c.so" to ""
[13.571s] -- Up-to-date: /root/ros_ws/src/Rescue_Car_ws/install/visualization_msgs/include/visualization_msgs/visualization_msgs
[13.571s] -- Up-to-date: /root/ros_ws/src/Rescue_Car_ws/install/visualization_msgs/include/visualization_msgs/visualization_msgs/srv
[13.571s] -- Up-to-date: /root/ros_ws/src/Rescue_Car_ws/install/visualization_msgs/include/visualization_msgs/visualization_msgs/srv/detail
[13.571s] -- Installing: /root/ros_ws/src/Rescue_Car_ws/install/visualization_msgs/include/visualization_msgs/visualization_msgs/srv/detail/get_interactive_markers__rosidl_typesupport_fastrtps_c.h
[13.572s] -- Up-to-date: /root/ros_ws/src/Rescue_Car_ws/install/visualization_msgs/include/visualization_msgs/visualization_msgs/msg
[13.572s] -- Up-to-date: /root/ros_ws/src/Rescue_Car_ws/install/visualization_msgs/include/visualization_msgs/visualization_msgs/msg/detail
[13.572s] -- Installing: /root/ros_ws/src/Rescue_Car_ws/install/visualization_msgs/include/visualization_msgs/visualization_msgs/msg/detail/image_marker__rosidl_typesupport_fastrtps_c.h
[13.572s] -- Installing: /root/ros_ws/src/Rescue_Car_ws/install/visualization_msgs/include/visualization_msgs/visualization_msgs/msg/detail/interactive_marker_update__rosidl_typesupport_fastrtps_c.h
[13.572s] -- Installing: /root/ros_ws/src/Rescue_Car_ws/install/visualization_msgs/include/visualization_msgs/visualization_msgs/msg/detail/marker_array__rosidl_typesupport_fastrtps_c.h
[13.572s] -- Installing: /root/ros_ws/src/Rescue_Car_ws/install/visualization_msgs/include/visualization_msgs/visualization_msgs/msg/detail/interactive_marker__rosidl_typesupport_fastrtps_c.h
[13.573s] -- Installing: /root/ros_ws/src/Rescue_Car_ws/install/visualization_msgs/include/visualization_msgs/visualization_msgs/msg/detail/menu_entry__rosidl_typesupport_fastrtps_c.h
[13.573s] -- Installing: /root/ros_ws/src/Rescue_Car_ws/install/visualization_msgs/include/visualization_msgs/visualization_msgs/msg/detail/mesh_file__rosidl_typesupport_fastrtps_c.h
[13.573s] -- Installing: /root/ros_ws/src/Rescue_Car_ws/install/visualization_msgs/include/visualization_msgs/visualization_msgs/msg/detail/uv_coordinate__rosidl_typesupport_fastrtps_c.h
[13.573s] -- Installing: /root/ros_ws/src/Rescue_Car_ws/install/visualization_msgs/include/visualization_msgs/visualization_msgs/msg/detail/interactive_marker_pose__rosidl_typesupport_fastrtps_c.h
[13.573s] -- Installing: /root/ros_ws/src/Rescue_Car_ws/install/visualization_msgs/include/visualization_msgs/visualization_msgs/msg/detail/interactive_marker_feedback__rosidl_typesupport_fastrtps_c.h
[13.574s] -- Installing: /root/ros_ws/src/Rescue_Car_ws/install/visualization_msgs/include/visualization_msgs/visualization_msgs/msg/detail/interactive_marker_init__rosidl_typesupport_fastrtps_c.h
[13.574s] -- Installing: /root/ros_ws/src/Rescue_Car_ws/install/visualization_msgs/include/visualization_msgs/visualization_msgs/msg/detail/marker__rosidl_typesupport_fastrtps_c.h
[13.574s] -- Installing: /root/ros_ws/src/Rescue_Car_ws/install/visualization_msgs/include/visualization_msgs/visualization_msgs/msg/detail/interactive_marker_control__rosidl_typesupport_fastrtps_c.h
[13.574s] -- Installing: /root/ros_ws/src/Rescue_Car_ws/install/visualization_msgs/include/visualization_msgs/visualization_msgs/msg/rosidl_typesupport_fastrtps_c__visibility_control.h
[13.574s] -- Installing: /root/ros_ws/src/Rescue_Car_ws/install/visualization_msgs/lib/libvisualization_msgs__rosidl_typesupport_fastrtps_c.so
[13.574s] -- Set runtime path of "/root/ros_ws/src/Rescue_Car_ws/install/visualization_msgs/lib/libvisualization_msgs__rosidl_typesupport_fastrtps_c.so" to ""
[13.575s] -- Up-to-date: /root/ros_ws/src/Rescue_Car_ws/install/visualization_msgs/include/visualization_msgs/visualization_msgs
[13.575s] -- Up-to-date: /root/ros_ws/src/Rescue_Car_ws/install/visualization_msgs/include/visualization_msgs/visualization_msgs/srv
[13.575s] -- Installing: /root/ros_ws/src/Rescue_Car_ws/install/visualization_msgs/include/visualization_msgs/visualization_msgs/srv/get_interactive_markers.hpp
[13.575s] -- Up-to-date: /root/ros_ws/src/Rescue_Car_ws/install/visualization_msgs/include/visualization_msgs/visualization_msgs/srv/detail
[13.575s] -- Installing: /root/ros_ws/src/Rescue_Car_ws/install/visualization_msgs/include/visualization_msgs/visualization_msgs/srv/detail/get_interactive_markers__traits.hpp
[13.575s] -- Installing: /root/ros_ws/src/Rescue_Car_ws/install/visualization_msgs/include/visualization_msgs/visualization_msgs/srv/detail/get_interactive_markers__type_support.hpp
[13.575s] -- Installing: /root/ros_ws/src/Rescue_Car_ws/install/visualization_msgs/include/visualization_msgs/visualization_msgs/srv/detail/get_interactive_markers__struct.hpp
[13.575s] -- Installing: /root/ros_ws/src/Rescue_Car_ws/install/visualization_msgs/include/visualization_msgs/visualization_msgs/srv/detail/get_interactive_markers__builder.hpp
[13.575s] -- Up-to-date: /root/ros_ws/src/Rescue_Car_ws/install/visualization_msgs/include/visualization_msgs/visualization_msgs/msg
[13.576s] -- Installing: /root/ros_ws/src/Rescue_Car_ws/install/visualization_msgs/include/visualization_msgs/visualization_msgs/msg/marker.hpp
[13.576s] -- Installing: /root/ros_ws/src/Rescue_Car_ws/install/visualization_msgs/include/visualization_msgs/visualization_msgs/msg/rosidl_generator_cpp__visibility_control.hpp
[13.576s] -- Installing: /root/ros_ws/src/Rescue_Car_ws/install/visualization_msgs/include/visualization_msgs/visualization_msgs/msg/marker_array.hpp
[13.576s] -- Installing: /root/ros_ws/src/Rescue_Car_ws/install/visualization_msgs/include/visualization_msgs/visualization_msgs/msg/menu_entry.hpp
[13.576s] -- Installing: /root/ros_ws/src/Rescue_Car_ws/install/visualization_msgs/include/visualization_msgs/visualization_msgs/msg/interactive_marker_pose.hpp
[13.577s] -- Up-to-date: /root/ros_ws/src/Rescue_Car_ws/install/visualization_msgs/include/visualization_msgs/visualization_msgs/msg/detail
[13.577s] -- Installing: /root/ros_ws/src/Rescue_Car_ws/install/visualization_msgs/include/visualization_msgs/visualization_msgs/msg/detail/marker__traits.hpp
[13.577s] -- Installing: /root/ros_ws/src/Rescue_Car_ws/install/visualization_msgs/include/visualization_msgs/visualization_msgs/msg/detail/marker_array__builder.hpp
[13.577s] -- Installing: /root/ros_ws/src/Rescue_Car_ws/install/visualization_msgs/include/visualization_msgs/visualization_msgs/msg/detail/marker__type_support.hpp
[13.578s] -- Installing: /root/ros_ws/src/Rescue_Car_ws/install/visualization_msgs/include/visualization_msgs/visualization_msgs/msg/detail/interactive_marker_control__traits.hpp
[13.578s] -- Installing: /root/ros_ws/src/Rescue_Car_ws/install/visualization_msgs/include/visualization_msgs/visualization_msgs/msg/detail/interactive_marker_update__builder.hpp
[13.578s] -- Installing: /root/ros_ws/src/Rescue_Car_ws/install/visualization_msgs/include/visualization_msgs/visualization_msgs/msg/detail/uv_coordinate__struct.hpp
[13.578s] -- Installing: /root/ros_ws/src/Rescue_Car_ws/install/visualization_msgs/include/visualization_msgs/visualization_msgs/msg/detail/interactive_marker__builder.hpp
[13.578s] -- Installing: /root/ros_ws/src/Rescue_Car_ws/install/visualization_msgs/include/visualization_msgs/visualization_msgs/msg/detail/mesh_file__type_support.hpp
[13.579s] -- Installing: /root/ros_ws/src/Rescue_Car_ws/install/visualization_msgs/include/visualization_msgs/visualization_msgs/msg/detail/menu_entry__type_support.hpp
[13.579s] -- Installing: /root/ros_ws/src/Rescue_Car_ws/install/visualization_msgs/include/visualization_msgs/visualization_msgs/msg/detail/interactive_marker_control__builder.hpp
[13.579s] -- Installing: /root/ros_ws/src/Rescue_Car_ws/install/visualization_msgs/include/visualization_msgs/visualization_msgs/msg/detail/interactive_marker_pose__traits.hpp
[13.579s] -- Installing: /root/ros_ws/src/Rescue_Car_ws/install/visualization_msgs/include/visualization_msgs/visualization_msgs/msg/detail/interactive_marker_control__struct.hpp
[13.579s] -- Installing: /root/ros_ws/src/Rescue_Car_ws/install/visualization_msgs/include/visualization_msgs/visualization_msgs/msg/detail/interactive_marker__type_support.hpp
[13.580s] -- Installing: /root/ros_ws/src/Rescue_Car_ws/install/visualization_msgs/include/visualization_msgs/visualization_msgs/msg/detail/interactive_marker_pose__type_support.hpp
[13.580s] -- Installing: /root/ros_ws/src/Rescue_Car_ws/install/visualization_msgs/include/visualization_msgs/visualization_msgs/msg/detail/interactive_marker__traits.hpp
[13.580s] -- Installing: /root/ros_ws/src/Rescue_Car_ws/install/visualization_msgs/include/visualization_msgs/visualization_msgs/msg/detail/mesh_file__builder.hpp
[13.580s] -- Installing: /root/ros_ws/src/Rescue_Car_ws/install/visualization_msgs/include/visualization_msgs/visualization_msgs/msg/detail/menu_entry__builder.hpp
[13.580s] -- Installing: /root/ros_ws/src/Rescue_Car_ws/install/visualization_msgs/include/visualization_msgs/visualization_msgs/msg/detail/interactive_marker_init__type_support.hpp
[13.581s] -- Installing: /root/ros_ws/src/Rescue_Car_ws/install/visualization_msgs/include/visualization_msgs/visualization_msgs/msg/detail/interactive_marker_update__traits.hpp
[13.581s] -- Installing: /root/ros_ws/src/Rescue_Car_ws/install/visualization_msgs/include/visualization_msgs/visualization_msgs/msg/detail/marker__builder.hpp
[13.581s] -- Installing: /root/ros_ws/src/Rescue_Car_ws/install/visualization_msgs/include/visualization_msgs/visualization_msgs/msg/detail/interactive_marker_pose__struct.hpp
[13.581s] -- Installing: /root/ros_ws/src/Rescue_Car_ws/install/visualization_msgs/include/visualization_msgs/visualization_msgs/msg/detail/marker_array__struct.hpp
[13.582s] -- Installing: /root/ros_ws/src/Rescue_Car_ws/install/visualization_msgs/include/visualization_msgs/visualization_msgs/msg/detail/interactive_marker_control__type_support.hpp
[13.582s] -- Installing: /root/ros_ws/src/Rescue_Car_ws/install/visualization_msgs/include/visualization_msgs/visualization_msgs/msg/detail/interactive_marker_feedback__builder.hpp
[13.582s] -- Installing: /root/ros_ws/src/Rescue_Car_ws/install/visualization_msgs/include/visualization_msgs/visualization_msgs/msg/detail/interactive_marker_init__traits.hpp
[13.582s] -- Installing: /root/ros_ws/src/Rescue_Car_ws/install/visualization_msgs/include/visualization_msgs/visualization_msgs/msg/detail/image_marker__type_support.hpp
[13.582s] -- Installing: /root/ros_ws/src/Rescue_Car_ws/install/visualization_msgs/include/visualization_msgs/visualization_msgs/msg/detail/interactive_marker_feedback__struct.hpp
[13.583s] -- Installing: /root/ros_ws/src/Rescue_Car_ws/install/visualization_msgs/include/visualization_msgs/visualization_msgs/msg/detail/interactive_marker_feedback__type_support.hpp
[13.583s] -- Installing: /root/ros_ws/src/Rescue_Car_ws/install/visualization_msgs/include/visualization_msgs/visualization_msgs/msg/detail/menu_entry__traits.hpp
[13.583s] -- Installing: /root/ros_ws/src/Rescue_Car_ws/install/visualization_msgs/include/visualization_msgs/visualization_msgs/msg/detail/image_marker__struct.hpp
[13.583s] -- Installing: /root/ros_ws/src/Rescue_Car_ws/install/visualization_msgs/include/visualization_msgs/visualization_msgs/msg/detail/interactive_marker_pose__builder.hpp
[13.583s] -- Installing: /root/ros_ws/src/Rescue_Car_ws/install/visualization_msgs/include/visualization_msgs/visualization_msgs/msg/detail/marker_array__type_support.hpp
[13.583s] -- Installing: /root/ros_ws/src/Rescue_Car_ws/install/visualization_msgs/include/visualization_msgs/visualization_msgs/msg/detail/image_marker__builder.hpp
[13.583s] -- Installing: /root/ros_ws/src/Rescue_Car_ws/install/visualization_msgs/include/visualization_msgs/visualization_msgs/msg/detail/uv_coordinate__builder.hpp
[13.583s] -- Installing: /root/ros_ws/src/Rescue_Car_ws/install/visualization_msgs/include/visualization_msgs/visualization_msgs/msg/detail/marker_array__traits.hpp
[13.583s] -- Installing: /root/ros_ws/src/Rescue_Car_ws/install/visualization_msgs/include/visualization_msgs/visualization_msgs/msg/detail/menu_entry__struct.hpp
[13.583s] -- Installing: /root/ros_ws/src/Rescue_Car_ws/install/visualization_msgs/include/visualization_msgs/visualization_msgs/msg/detail/interactive_marker_feedback__traits.hpp
[13.583s] -- Installing: /root/ros_ws/src/Rescue_Car_ws/install/visualization_msgs/include/visualization_msgs/visualization_msgs/msg/detail/uv_coordinate__type_support.hpp
[13.583s] -- Installing: /root/ros_ws/src/Rescue_Car_ws/install/visualization_msgs/include/visualization_msgs/visualization_msgs/msg/detail/interactive_marker_update__type_support.hpp
[13.583s] -- Installing: /root/ros_ws/src/Rescue_Car_ws/install/visualization_msgs/include/visualization_msgs/visualization_msgs/msg/detail/uv_coordinate__traits.hpp
[13.583s] -- Installing: /root/ros_ws/src/Rescue_Car_ws/install/visualization_msgs/include/visualization_msgs/visualization_msgs/msg/detail/interactive_marker_update__struct.hpp
[13.584s] -- Installing: /root/ros_ws/src/Rescue_Car_ws/install/visualization_msgs/include/visualization_msgs/visualization_msgs/msg/detail/interactive_marker__struct.hpp
[13.584s] -- Installing: /root/ros_ws/src/Rescue_Car_ws/install/visualization_msgs/include/visualization_msgs/visualization_msgs/msg/detail/interactive_marker_init__builder.hpp
[13.584s] -- Installing: /root/ros_ws/src/Rescue_Car_ws/install/visualization_msgs/include/visualization_msgs/visualization_msgs/msg/detail/interactive_marker_init__struct.hpp
[13.584s] -- Installing: /root/ros_ws/src/Rescue_Car_ws/install/visualization_msgs/include/visualization_msgs/visualization_msgs/msg/detail/marker__struct.hpp
[13.584s] -- Installing: /root/ros_ws/src/Rescue_Car_ws/install/visualization_msgs/include/visualization_msgs/visualization_msgs/msg/detail/image_marker__traits.hpp
[13.584s] -- Installing: /root/ros_ws/src/Rescue_Car_ws/install/visualization_msgs/include/visualization_msgs/visualization_msgs/msg/detail/mesh_file__struct.hpp
[13.584s] -- Installing: /root/ros_ws/src/Rescue_Car_ws/install/visualization_msgs/include/visualization_msgs/visualization_msgs/msg/detail/mesh_file__traits.hpp
[13.584s] -- Installing: /root/ros_ws/src/Rescue_Car_ws/install/visualization_msgs/include/visualization_msgs/visualization_msgs/msg/interactive_marker_control.hpp
[13.584s] -- Installing: /root/ros_ws/src/Rescue_Car_ws/install/visualization_msgs/include/visualization_msgs/visualization_msgs/msg/mesh_file.hpp
[13.585s] -- Installing: /root/ros_ws/src/Rescue_Car_ws/install/visualization_msgs/include/visualization_msgs/visualization_msgs/msg/interactive_marker_feedback.hpp
[13.585s] -- Installing: /root/ros_ws/src/Rescue_Car_ws/install/visualization_msgs/include/visualization_msgs/visualization_msgs/msg/interactive_marker_update.hpp
[13.585s] -- Installing: /root/ros_ws/src/Rescue_Car_ws/install/visualization_msgs/include/visualization_msgs/visualization_msgs/msg/interactive_marker_init.hpp
[13.585s] -- Installing: /root/ros_ws/src/Rescue_Car_ws/install/visualization_msgs/include/visualization_msgs/visualization_msgs/msg/uv_coordinate.hpp
[13.585s] -- Installing: /root/ros_ws/src/Rescue_Car_ws/install/visualization_msgs/include/visualization_msgs/visualization_msgs/msg/interactive_marker.hpp
[13.585s] -- Installing: /root/ros_ws/src/Rescue_Car_ws/install/visualization_msgs/include/visualization_msgs/visualization_msgs/msg/image_marker.hpp
[13.585s] -- Up-to-date: /root/ros_ws/src/Rescue_Car_ws/install/visualization_msgs/include/visualization_msgs/visualization_msgs
[13.585s] -- Up-to-date: /root/ros_ws/src/Rescue_Car_ws/install/visualization_msgs/include/visualization_msgs/visualization_msgs/srv
[13.585s] -- Up-to-date: /root/ros_ws/src/Rescue_Car_ws/install/visualization_msgs/include/visualization_msgs/visualization_msgs/srv/detail
[13.586s] -- Installing: /root/ros_ws/src/Rescue_Car_ws/install/visualization_msgs/include/visualization_msgs/visualization_msgs/srv/detail/dds_fastrtps
[13.586s] -- Installing: /root/ros_ws/src/Rescue_Car_ws/install/visualization_msgs/include/visualization_msgs/visualization_msgs/srv/detail/get_interactive_markers__rosidl_typesupport_fastrtps_cpp.hpp
[13.586s] -- Up-to-date: /root/ros_ws/src/Rescue_Car_ws/install/visualization_msgs/include/visualization_msgs/visualization_msgs/msg
[13.586s] -- Installing: /root/ros_ws/src/Rescue_Car_ws/install/visualization_msgs/include/visualization_msgs/visualization_msgs/msg/rosidl_typesupport_fastrtps_cpp__visibility_control.h
[13.586s] -- Up-to-date: /root/ros_ws/src/Rescue_Car_ws/install/visualization_msgs/include/visualization_msgs/visualization_msgs/msg/detail
[13.586s] -- Installing: /root/ros_ws/src/Rescue_Car_ws/install/visualization_msgs/include/visualization_msgs/visualization_msgs/msg/detail/marker__rosidl_typesupport_fastrtps_cpp.hpp
[13.586s] -- Installing: /root/ros_ws/src/Rescue_Car_ws/install/visualization_msgs/include/visualization_msgs/visualization_msgs/msg/detail/marker_array__rosidl_typesupport_fastrtps_cpp.hpp
[13.587s] -- Installing: /root/ros_ws/src/Rescue_Car_ws/install/visualization_msgs/include/visualization_msgs/visualization_msgs/msg/detail/interactive_marker_control__rosidl_typesupport_fastrtps_cpp.hpp
[13.587s] -- Installing: /root/ros_ws/src/Rescue_Car_ws/install/visualization_msgs/include/visualization_msgs/visualization_msgs/msg/detail/dds_fastrtps
[13.587s] -- Installing: /root/ros_ws/src/Rescue_Car_ws/install/visualization_msgs/include/visualization_msgs/visualization_msgs/msg/detail/uv_coordinate__rosidl_typesupport_fastrtps_cpp.hpp
[13.587s] -- Installing: /root/ros_ws/src/Rescue_Car_ws/install/visualization_msgs/include/visualization_msgs/visualization_msgs/msg/detail/interactive_marker_init__rosidl_typesupport_fastrtps_cpp.hpp
[13.587s] -- Installing: /root/ros_ws/src/Rescue_Car_ws/install/visualization_msgs/include/visualization_msgs/visualization_msgs/msg/detail/interactive_marker_feedback__rosidl_typesupport_fastrtps_cpp.hpp
[13.587s] -- Installing: /root/ros_ws/src/Rescue_Car_ws/install/visualization_msgs/include/visualization_msgs/visualization_msgs/msg/detail/menu_entry__rosidl_typesupport_fastrtps_cpp.hpp
[13.587s] -- Installing: /root/ros_ws/src/Rescue_Car_ws/install/visualization_msgs/include/visualization_msgs/visualization_msgs/msg/detail/image_marker__rosidl_typesupport_fastrtps_cpp.hpp
[13.587s] -- Installing: /root/ros_ws/src/Rescue_Car_ws/install/visualization_msgs/include/visualization_msgs/visualization_msgs/msg/detail/interactive_marker_update__rosidl_typesupport_fastrtps_cpp.hpp
[13.587s] -- Installing: /root/ros_ws/src/Rescue_Car_ws/install/visualization_msgs/include/visualization_msgs/visualization_msgs/msg/detail/mesh_file__rosidl_typesupport_fastrtps_cpp.hpp
[13.587s] -- Installing: /root/ros_ws/src/Rescue_Car_ws/install/visualization_msgs/include/visualization_msgs/visualization_msgs/msg/detail/interactive_marker_pose__rosidl_typesupport_fastrtps_cpp.hpp
[13.587s] -- Installing: /root/ros_ws/src/Rescue_Car_ws/install/visualization_msgs/include/visualization_msgs/visualization_msgs/msg/detail/interactive_marker__rosidl_typesupport_fastrtps_cpp.hpp
[13.587s] -- Installing: /root/ros_ws/src/Rescue_Car_ws/install/visualization_msgs/lib/libvisualization_msgs__rosidl_typesupport_fastrtps_cpp.so
[13.587s] -- Set runtime path of "/root/ros_ws/src/Rescue_Car_ws/install/visualization_msgs/lib/libvisualization_msgs__rosidl_typesupport_fastrtps_cpp.so" to ""
[13.587s] -- Up-to-date: /root/ros_ws/src/Rescue_Car_ws/install/visualization_msgs/include/visualization_msgs/visualization_msgs
[13.588s] -- Up-to-date: /root/ros_ws/src/Rescue_Car_ws/install/visualization_msgs/include/visualization_msgs/visualization_msgs/srv
[13.588s] -- Up-to-date: /root/ros_ws/src/Rescue_Car_ws/install/visualization_msgs/include/visualization_msgs/visualization_msgs/srv/detail
[13.588s] -- Installing: /root/ros_ws/src/Rescue_Car_ws/install/visualization_msgs/include/visualization_msgs/visualization_msgs/srv/detail/get_interactive_markers__type_support.c
[13.588s] -- Installing: /root/ros_ws/src/Rescue_Car_ws/install/visualization_msgs/include/visualization_msgs/visualization_msgs/srv/detail/get_interactive_markers__rosidl_typesupport_introspection_c.h
[13.588s] -- Up-to-date: /root/ros_ws/src/Rescue_Car_ws/install/visualization_msgs/include/visualization_msgs/visualization_msgs/msg
[13.588s] -- Installing: /root/ros_ws/src/Rescue_Car_ws/install/visualization_msgs/include/visualization_msgs/visualization_msgs/msg/rosidl_typesupport_introspection_c__visibility_control.h
[13.588s] -- Up-to-date: /root/ros_ws/src/Rescue_Car_ws/install/visualization_msgs/include/visualization_msgs/visualization_msgs/msg/detail
[13.588s] -- Installing: /root/ros_ws/src/Rescue_Car_ws/install/visualization_msgs/include/visualization_msgs/visualization_msgs/msg/detail/interactive_marker_init__type_support.c
[13.588s] -- Installing: /root/ros_ws/src/Rescue_Car_ws/install/visualization_msgs/include/visualization_msgs/visualization_msgs/msg/detail/interactive_marker_init__rosidl_typesupport_introspection_c.h
[13.588s] -- Installing: /root/ros_ws/src/Rescue_Car_ws/install/visualization_msgs/include/visualization_msgs/visualization_msgs/msg/detail/menu_entry__type_support.c
[13.588s] -- Installing: /root/ros_ws/src/Rescue_Car_ws/install/visualization_msgs/include/visualization_msgs/visualization_msgs/msg/detail/marker__type_support.c
[13.588s] -- Installing: /root/ros_ws/src/Rescue_Car_ws/install/visualization_msgs/include/visualization_msgs/visualization_msgs/msg/detail/interactive_marker_update__type_support.c
[13.589s] -- Installing: /root/ros_ws/src/Rescue_Car_ws/install/visualization_msgs/include/visualization_msgs/visualization_msgs/msg/detail/interactive_marker_feedback__type_support.c
[13.589s] -- Installing: /root/ros_ws/src/Rescue_Car_ws/install/visualization_msgs/include/visualization_msgs/visualization_msgs/msg/detail/image_marker__rosidl_typesupport_introspection_c.h
[13.589s] -- Installing: /root/ros_ws/src/Rescue_Car_ws/install/visualization_msgs/include/visualization_msgs/visualization_msgs/msg/detail/mesh_file__type_support.c
[13.589s] -- Installing: /root/ros_ws/src/Rescue_Car_ws/install/visualization_msgs/include/visualization_msgs/visualization_msgs/msg/detail/interactive_marker__rosidl_typesupport_introspection_c.h
[13.589s] -- Installing: /root/ros_ws/src/Rescue_Car_ws/install/visualization_msgs/include/visualization_msgs/visualization_msgs/msg/detail/marker_array__type_support.c
[13.589s] -- Installing: /root/ros_ws/src/Rescue_Car_ws/install/visualization_msgs/include/visualization_msgs/visualization_msgs/msg/detail/interactive_marker_control__rosidl_typesupport_introspection_c.h
[13.589s] -- Installing: /root/ros_ws/src/Rescue_Car_ws/install/visualization_msgs/include/visualization_msgs/visualization_msgs/msg/detail/interactive_marker_control__type_support.c
[13.589s] -- Installing: /root/ros_ws/src/Rescue_Car_ws/install/visualization_msgs/include/visualization_msgs/visualization_msgs/msg/detail/mesh_file__rosidl_typesupport_introspection_c.h
[13.589s] -- Installing: /root/ros_ws/src/Rescue_Car_ws/install/visualization_msgs/include/visualization_msgs/visualization_msgs/msg/detail/uv_coordinate__rosidl_typesupport_introspection_c.h
[13.589s] -- Installing: /root/ros_ws/src/Rescue_Car_ws/install/visualization_msgs/include/visualization_msgs/visualization_msgs/msg/detail/image_marker__type_support.c
[13.589s] -- Installing: /root/ros_ws/src/Rescue_Car_ws/install/visualization_msgs/include/visualization_msgs/visualization_msgs/msg/detail/uv_coordinate__type_support.c
[13.589s] -- Installing: /root/ros_ws/src/Rescue_Car_ws/install/visualization_msgs/include/visualization_msgs/visualization_msgs/msg/detail/interactive_marker_update__rosidl_typesupport_introspection_c.h
[13.589s] -- Installing: /root/ros_ws/src/Rescue_Car_ws/install/visualization_msgs/include/visualization_msgs/visualization_msgs/msg/detail/menu_entry__rosidl_typesupport_introspection_c.h
[13.590s] -- Installing: /root/ros_ws/src/Rescue_Car_ws/install/visualization_msgs/include/visualization_msgs/visualization_msgs/msg/detail/interactive_marker_pose__rosidl_typesupport_introspection_c.h
[13.590s] -- Installing: /root/ros_ws/src/Rescue_Car_ws/install/visualization_msgs/include/visualization_msgs/visualization_msgs/msg/detail/interactive_marker_pose__type_support.c
[13.590s] -- Installing: /root/ros_ws/src/Rescue_Car_ws/install/visualization_msgs/include/visualization_msgs/visualization_msgs/msg/detail/interactive_marker__type_support.c
[13.590s] -- Installing: /root/ros_ws/src/Rescue_Car_ws/install/visualization_msgs/include/visualization_msgs/visualization_msgs/msg/detail/marker_array__rosidl_typesupport_introspection_c.h
[13.590s] -- Installing: /root/ros_ws/src/Rescue_Car_ws/install/visualization_msgs/include/visualization_msgs/visualization_msgs/msg/detail/marker__rosidl_typesupport_introspection_c.h
[13.590s] -- Installing: /root/ros_ws/src/Rescue_Car_ws/install/visualization_msgs/include/visualization_msgs/visualization_msgs/msg/detail/interactive_marker_feedback__rosidl_typesupport_introspection_c.h
[13.590s] -- Installing: /root/ros_ws/src/Rescue_Car_ws/install/visualization_msgs/lib/libvisualization_msgs__rosidl_typesupport_introspection_c.so
[13.590s] -- Set runtime path of "/root/ros_ws/src/Rescue_Car_ws/install/visualization_msgs/lib/libvisualization_msgs__rosidl_typesupport_introspection_c.so" to ""
[13.590s] -- Installing: /root/ros_ws/src/Rescue_Car_ws/install/visualization_msgs/lib/libvisualization_msgs__rosidl_typesupport_c.so
[13.590s] -- Set runtime path of "/root/ros_ws/src/Rescue_Car_ws/install/visualization_msgs/lib/libvisualization_msgs__rosidl_typesupport_c.so" to ""
[13.590s] -- Up-to-date: /root/ros_ws/src/Rescue_Car_ws/install/visualization_msgs/include/visualization_msgs/visualization_msgs
[13.590s] -- Up-to-date: /root/ros_ws/src/Rescue_Car_ws/install/visualization_msgs/include/visualization_msgs/visualization_msgs/srv
[13.590s] -- Up-to-date: /root/ros_ws/src/Rescue_Car_ws/install/visualization_msgs/include/visualization_msgs/visualization_msgs/srv/detail
[13.591s] -- Installing: /root/ros_ws/src/Rescue_Car_ws/install/visualization_msgs/include/visualization_msgs/visualization_msgs/srv/detail/get_interactive_markers__type_support.cpp
[13.591s] -- Installing: /root/ros_ws/src/Rescue_Car_ws/install/visualization_msgs/include/visualization_msgs/visualization_msgs/srv/detail/get_interactive_markers__rosidl_typesupport_introspection_cpp.hpp
[13.591s] -- Up-to-date: /root/ros_ws/src/Rescue_Car_ws/install/visualization_msgs/include/visualization_msgs/visualization_msgs/msg
[13.591s] -- Up-to-date: /root/ros_ws/src/Rescue_Car_ws/install/visualization_msgs/include/visualization_msgs/visualization_msgs/msg/detail
[13.591s] -- Installing: /root/ros_ws/src/Rescue_Car_ws/install/visualization_msgs/include/visualization_msgs/visualization_msgs/msg/detail/interactive_marker_control__rosidl_typesupport_introspection_cpp.hpp
[13.591s] -- Installing: /root/ros_ws/src/Rescue_Car_ws/install/visualization_msgs/include/visualization_msgs/visualization_msgs/msg/detail/interactive_marker_update__rosidl_typesupport_introspection_cpp.hpp
[13.591s] -- Installing: /root/ros_ws/src/Rescue_Car_ws/install/visualization_msgs/include/visualization_msgs/visualization_msgs/msg/detail/marker_array__type_support.cpp
[13.591s] -- Installing: /root/ros_ws/src/Rescue_Car_ws/install/visualization_msgs/include/visualization_msgs/visualization_msgs/msg/detail/interactive_marker__rosidl_typesupport_introspection_cpp.hpp
[13.591s] -- Installing: /root/ros_ws/src/Rescue_Car_ws/install/visualization_msgs/include/visualization_msgs/visualization_msgs/msg/detail/image_marker__type_support.cpp
[13.591s] -- Installing: /root/ros_ws/src/Rescue_Car_ws/install/visualization_msgs/include/visualization_msgs/visualization_msgs/msg/detail/menu_entry__rosidl_typesupport_introspection_cpp.hpp
[13.591s] -- Installing: /root/ros_ws/src/Rescue_Car_ws/install/visualization_msgs/include/visualization_msgs/visualization_msgs/msg/detail/marker__type_support.cpp
[13.591s] -- Installing: /root/ros_ws/src/Rescue_Car_ws/install/visualization_msgs/include/visualization_msgs/visualization_msgs/msg/detail/interactive_marker_pose__rosidl_typesupport_introspection_cpp.hpp
[13.591s] -- Installing: /root/ros_ws/src/Rescue_Car_ws/install/visualization_msgs/include/visualization_msgs/visualization_msgs/msg/detail/interactive_marker_pose__type_support.cpp
[13.591s] -- Installing: /root/ros_ws/src/Rescue_Car_ws/install/visualization_msgs/include/visualization_msgs/visualization_msgs/msg/detail/marker_array__rosidl_typesupport_introspection_cpp.hpp
[13.591s] -- Installing: /root/ros_ws/src/Rescue_Car_ws/install/visualization_msgs/include/visualization_msgs/visualization_msgs/msg/detail/interactive_marker_feedback__rosidl_typesupport_introspection_cpp.hpp
[13.591s] -- Installing: /root/ros_ws/src/Rescue_Car_ws/install/visualization_msgs/include/visualization_msgs/visualization_msgs/msg/detail/interactive_marker_feedback__type_support.cpp
[13.591s] -- Installing: /root/ros_ws/src/Rescue_Car_ws/install/visualization_msgs/include/visualization_msgs/visualization_msgs/msg/detail/interactive_marker_init__type_support.cpp
[13.591s] -- Installing: /root/ros_ws/src/Rescue_Car_ws/install/visualization_msgs/include/visualization_msgs/visualization_msgs/msg/detail/interactive_marker_init__rosidl_typesupport_introspection_cpp.hpp
[13.591s] -- Installing: /root/ros_ws/src/Rescue_Car_ws/install/visualization_msgs/include/visualization_msgs/visualization_msgs/msg/detail/mesh_file__type_support.cpp
[13.591s] -- Installing: /root/ros_ws/src/Rescue_Car_ws/install/visualization_msgs/include/visualization_msgs/visualization_msgs/msg/detail/image_marker__rosidl_typesupport_introspection_cpp.hpp
[13.591s] -- Installing: /root/ros_ws/src/Rescue_Car_ws/install/visualization_msgs/include/visualization_msgs/visualization_msgs/msg/detail/uv_coordinate__type_support.cpp
[13.591s] -- Installing: /root/ros_ws/src/Rescue_Car_ws/install/visualization_msgs/include/visualization_msgs/visualization_msgs/msg/detail/mesh_file__rosidl_typesupport_introspection_cpp.hpp
[13.591s] -- Installing: /root/ros_ws/src/Rescue_Car_ws/install/visualization_msgs/include/visualization_msgs/visualization_msgs/msg/detail/interactive_marker_update__type_support.cpp
[13.591s] -- Installing: /root/ros_ws/src/Rescue_Car_ws/install/visualization_msgs/include/visualization_msgs/visualization_msgs/msg/detail/uv_coordinate__rosidl_typesupport_introspection_cpp.hpp
[13.591s] -- Installing: /root/ros_ws/src/Rescue_Car_ws/install/visualization_msgs/include/visualization_msgs/visualization_msgs/msg/detail/menu_entry__type_support.cpp
[13.591s] -- Installing: /root/ros_ws/src/Rescue_Car_ws/install/visualization_msgs/include/visualization_msgs/visualization_msgs/msg/detail/marker__rosidl_typesupport_introspection_cpp.hpp
[13.591s] -- Installing: /root/ros_ws/src/Rescue_Car_ws/install/visualization_msgs/include/visualization_msgs/visualization_msgs/msg/detail/interactive_marker_control__type_support.cpp
[13.591s] -- Installing: /root/ros_ws/src/Rescue_Car_ws/install/visualization_msgs/include/visualization_msgs/visualization_msgs/msg/detail/interactive_marker__type_support.cpp
[13.591s] -- Installing: /root/ros_ws/src/Rescue_Car_ws/install/visualization_msgs/lib/libvisualization_msgs__rosidl_typesupport_introspection_cpp.so
[13.591s] -- Set runtime path of "/root/ros_ws/src/Rescue_Car_ws/install/visualization_msgs/lib/libvisualization_msgs__rosidl_typesupport_introspection_cpp.so" to ""
[13.591s] -- Installing: /root/ros_ws/src/Rescue_Car_ws/install/visualization_msgs/lib/libvisualization_msgs__rosidl_typesupport_cpp.so
[13.591s] -- Set runtime path of "/root/ros_ws/src/Rescue_Car_ws/install/visualization_msgs/lib/libvisualization_msgs__rosidl_typesupport_cpp.so" to ""
[13.591s] -- Installing: /root/ros_ws/src/Rescue_Car_ws/install/visualization_msgs/share/visualization_msgs/environment/pythonpath.sh
[13.591s] -- Installing: /root/ros_ws/src/Rescue_Car_ws/install/visualization_msgs/share/visualization_msgs/environment/pythonpath.dsv
[13.591s] -- Installing: /root/ros_ws/src/Rescue_Car_ws/install/visualization_msgs/local/lib/python3.10/dist-packages/visualization_msgs-4.9.0-py3.10.egg-info
[13.591s] -- Installing: /root/ros_ws/src/Rescue_Car_ws/install/visualization_msgs/local/lib/python3.10/dist-packages/visualization_msgs-4.9.0-py3.10.egg-info/dependency_links.txt
[13.591s] -- Installing: /root/ros_ws/src/Rescue_Car_ws/install/visualization_msgs/local/lib/python3.10/dist-packages/visualization_msgs-4.9.0-py3.10.egg-info/SOURCES.txt
[13.591s] -- Installing: /root/ros_ws/src/Rescue_Car_ws/install/visualization_msgs/local/lib/python3.10/dist-packages/visualization_msgs-4.9.0-py3.10.egg-info/PKG-INFO
[13.591s] -- Installing: /root/ros_ws/src/Rescue_Car_ws/install/visualization_msgs/local/lib/python3.10/dist-packages/visualization_msgs-4.9.0-py3.10.egg-info/top_level.txt
[13.592s] -- Installing: /root/ros_ws/src/Rescue_Car_ws/install/visualization_msgs/local/lib/python3.10/dist-packages/visualization_msgs
[13.592s] -- Installing: /root/ros_ws/src/Rescue_Car_ws/install/visualization_msgs/local/lib/python3.10/dist-packages/visualization_msgs/_visualization_msgs_s.ep.rosidl_typesupport_c.c
[13.592s] -- Installing: /root/ros_ws/src/Rescue_Car_ws/install/visualization_msgs/local/lib/python3.10/dist-packages/visualization_msgs/_visualization_msgs_s.ep.rosidl_typesupport_fastrtps_c.c
[13.592s] -- Installing: /root/ros_ws/src/Rescue_Car_ws/install/visualization_msgs/local/lib/python3.10/dist-packages/visualization_msgs/visualization_msgs_s__rosidl_typesupport_introspection_c.cpython-310-x86_64-linux-gnu.so
[13.592s] -- Installing: /root/ros_ws/src/Rescue_Car_ws/install/visualization_msgs/local/lib/python3.10/dist-packages/visualization_msgs/visualization_msgs_s__rosidl_typesupport_fastrtps_c.cpython-310-x86_64-linux-gnu.so
[13.592s] -- Installing: /root/ros_ws/src/Rescue_Car_ws/install/visualization_msgs/local/lib/python3.10/dist-packages/visualization_msgs/srv
[13.592s] -- Installing: /root/ros_ws/src/Rescue_Car_ws/install/visualization_msgs/local/lib/python3.10/dist-packages/visualization_msgs/srv/_get_interactive_markers.py
[13.592s] -- Installing: /root/ros_ws/src/Rescue_Car_ws/install/visualization_msgs/local/lib/python3.10/dist-packages/visualization_msgs/srv/_get_interactive_markers_s.c
[13.592s] -- Installing: /root/ros_ws/src/Rescue_Car_ws/install/visualization_msgs/local/lib/python3.10/dist-packages/visualization_msgs/srv/__init__.py
[13.592s] -- Installing: /root/ros_ws/src/Rescue_Car_ws/install/visualization_msgs/local/lib/python3.10/dist-packages/visualization_msgs/visualization_msgs_s__rosidl_typesupport_c.cpython-310-x86_64-linux-gnu.so
[13.592s] -- Installing: /root/ros_ws/src/Rescue_Car_ws/install/visualization_msgs/local/lib/python3.10/dist-packages/visualization_msgs/__init__.py
[13.592s] -- Installing: /root/ros_ws/src/Rescue_Car_ws/install/visualization_msgs/local/lib/python3.10/dist-packages/visualization_msgs/msg
[13.592s] -- Installing: /root/ros_ws/src/Rescue_Car_ws/install/visualization_msgs/local/lib/python3.10/dist-packages/visualization_msgs/msg/_interactive_marker_pose_s.c
[13.592s] -- Installing: /root/ros_ws/src/Rescue_Car_ws/install/visualization_msgs/local/lib/python3.10/dist-packages/visualization_msgs/msg/_mesh_file_s.c
[13.592s] -- Installing: /root/ros_ws/src/Rescue_Car_ws/install/visualization_msgs/local/lib/python3.10/dist-packages/visualization_msgs/msg/_interactive_marker.py
[13.592s] -- Installing: /root/ros_ws/src/Rescue_Car_ws/install/visualization_msgs/local/lib/python3.10/dist-packages/visualization_msgs/msg/_interactive_marker_init_s.c
[13.592s] -- Installing: /root/ros_ws/src/Rescue_Car_ws/install/visualization_msgs/local/lib/python3.10/dist-packages/visualization_msgs/msg/_image_marker_s.c
[13.592s] -- Installing: /root/ros_ws/src/Rescue_Car_ws/install/visualization_msgs/local/lib/python3.10/dist-packages/visualization_msgs/msg/_interactive_marker_update_s.c
[13.592s] -- Installing: /root/ros_ws/src/Rescue_Car_ws/install/visualization_msgs/local/lib/python3.10/dist-packages/visualization_msgs/msg/_marker.py
[13.592s] -- Installing: /root/ros_ws/src/Rescue_Car_ws/install/visualization_msgs/local/lib/python3.10/dist-packages/visualization_msgs/msg/_interactive_marker_feedback.py
[13.592s] -- Installing: /root/ros_ws/src/Rescue_Car_ws/install/visualization_msgs/local/lib/python3.10/dist-packages/visualization_msgs/msg/_uv_coordinate_s.c
[13.592s] -- Installing: /root/ros_ws/src/Rescue_Car_ws/install/visualization_msgs/local/lib/python3.10/dist-packages/visualization_msgs/msg/_interactive_marker_init.py
[13.592s] -- Installing: /root/ros_ws/src/Rescue_Car_ws/install/visualization_msgs/local/lib/python3.10/dist-packages/visualization_msgs/msg/_interactive_marker_pose.py
[13.592s] -- Installing: /root/ros_ws/src/Rescue_Car_ws/install/visualization_msgs/local/lib/python3.10/dist-packages/visualization_msgs/msg/_menu_entry.py
[13.592s] -- Installing: /root/ros_ws/src/Rescue_Car_ws/install/visualization_msgs/local/lib/python3.10/dist-packages/visualization_msgs/msg/_interactive_marker_s.c
[13.592s] -- Installing: /root/ros_ws/src/Rescue_Car_ws/install/visualization_msgs/local/lib/python3.10/dist-packages/visualization_msgs/msg/_menu_entry_s.c
[13.592s] -- Installing: /root/ros_ws/src/Rescue_Car_ws/install/visualization_msgs/local/lib/python3.10/dist-packages/visualization_msgs/msg/_marker_array.py
[13.592s] -- Installing: /root/ros_ws/src/Rescue_Car_ws/install/visualization_msgs/local/lib/python3.10/dist-packages/visualization_msgs/msg/_interactive_marker_update.py
[13.592s] -- Installing: /root/ros_ws/src/Rescue_Car_ws/install/visualization_msgs/local/lib/python3.10/dist-packages/visualization_msgs/msg/_mesh_file.py
[13.592s] -- Installing: /root/ros_ws/src/Rescue_Car_ws/install/visualization_msgs/local/lib/python3.10/dist-packages/visualization_msgs/msg/_interactive_marker_control_s.c
[13.592s] -- Installing: /root/ros_ws/src/Rescue_Car_ws/install/visualization_msgs/local/lib/python3.10/dist-packages/visualization_msgs/msg/__init__.py
[13.593s] -- Installing: /root/ros_ws/src/Rescue_Car_ws/install/visualization_msgs/local/lib/python3.10/dist-packages/visualization_msgs/msg/_interactive_marker_feedback_s.c
[13.593s] -- Installing: /root/ros_ws/src/Rescue_Car_ws/install/visualization_msgs/local/lib/python3.10/dist-packages/visualization_msgs/msg/_image_marker.py
[13.593s] -- Installing: /root/ros_ws/src/Rescue_Car_ws/install/visualization_msgs/local/lib/python3.10/dist-packages/visualization_msgs/msg/_uv_coordinate.py
[13.593s] -- Installing: /root/ros_ws/src/Rescue_Car_ws/install/visualization_msgs/local/lib/python3.10/dist-packages/visualization_msgs/msg/_marker_array_s.c
[13.593s] -- Installing: /root/ros_ws/src/Rescue_Car_ws/install/visualization_msgs/local/lib/python3.10/dist-packages/visualization_msgs/msg/_marker_s.c
[13.593s] -- Installing: /root/ros_ws/src/Rescue_Car_ws/install/visualization_msgs/local/lib/python3.10/dist-packages/visualization_msgs/msg/_interactive_marker_control.py
[13.593s] -- Installing: /root/ros_ws/src/Rescue_Car_ws/install/visualization_msgs/local/lib/python3.10/dist-packages/visualization_msgs/_visualization_msgs_s.ep.rosidl_typesupport_introspection_c.c
[13.593s] -- Installing: /root/ros_ws/src/Rescue_Car_ws/install/visualization_msgs/local/lib/python3.10/dist-packages/visualization_msgs/libvisualization_msgs__rosidl_generator_py.so
[13.633s] Listing '/root/ros_ws/src/Rescue_Car_ws/install/visualization_msgs/local/lib/python3.10/dist-packages/visualization_msgs'...
[13.633s] Compiling '/root/ros_ws/src/Rescue_Car_ws/install/visualization_msgs/local/lib/python3.10/dist-packages/visualization_msgs/__init__.py'...
[13.633s] Listing '/root/ros_ws/src/Rescue_Car_ws/install/visualization_msgs/local/lib/python3.10/dist-packages/visualization_msgs/msg'...
[13.633s] Compiling '/root/ros_ws/src/Rescue_Car_ws/install/visualization_msgs/local/lib/python3.10/dist-packages/visualization_msgs/msg/__init__.py'...
[13.633s] Compiling '/root/ros_ws/src/Rescue_Car_ws/install/visualization_msgs/local/lib/python3.10/dist-packages/visualization_msgs/msg/_image_marker.py'...
[13.633s] Compiling '/root/ros_ws/src/Rescue_Car_ws/install/visualization_msgs/local/lib/python3.10/dist-packages/visualization_msgs/msg/_interactive_marker.py'...
[13.633s] Compiling '/root/ros_ws/src/Rescue_Car_ws/install/visualization_msgs/local/lib/python3.10/dist-packages/visualization_msgs/msg/_interactive_marker_control.py'...
[13.633s] Compiling '/root/ros_ws/src/Rescue_Car_ws/install/visualization_msgs/local/lib/python3.10/dist-packages/visualization_msgs/msg/_interactive_marker_feedback.py'...
[13.633s] Compiling '/root/ros_ws/src/Rescue_Car_ws/install/visualization_msgs/local/lib/python3.10/dist-packages/visualization_msgs/msg/_interactive_marker_init.py'...
[13.633s] Compiling '/root/ros_ws/src/Rescue_Car_ws/install/visualization_msgs/local/lib/python3.10/dist-packages/visualization_msgs/msg/_interactive_marker_pose.py'...
[13.633s] Compiling '/root/ros_ws/src/Rescue_Car_ws/install/visualization_msgs/local/lib/python3.10/dist-packages/visualization_msgs/msg/_interactive_marker_update.py'...
[13.633s] Compiling '/root/ros_ws/src/Rescue_Car_ws/install/visualization_msgs/local/lib/python3.10/dist-packages/visualization_msgs/msg/_marker.py'...
[13.633s] Compiling '/root/ros_ws/src/Rescue_Car_ws/install/visualization_msgs/local/lib/python3.10/dist-packages/visualization_msgs/msg/_marker_array.py'...
[13.633s] Compiling '/root/ros_ws/src/Rescue_Car_ws/install/visualization_msgs/local/lib/python3.10/dist-packages/visualization_msgs/msg/_menu_entry.py'...
[13.633s] Compiling '/root/ros_ws/src/Rescue_Car_ws/install/visualization_msgs/local/lib/python3.10/dist-packages/visualization_msgs/msg/_mesh_file.py'...
[13.633s] Compiling '/root/ros_ws/src/Rescue_Car_ws/install/visualization_msgs/local/lib/python3.10/dist-packages/visualization_msgs/msg/_uv_coordinate.py'...
[13.633s] Listing '/root/ros_ws/src/Rescue_Car_ws/install/visualization_msgs/local/lib/python3.10/dist-packages/visualization_msgs/srv'...
[13.633s] Compiling '/root/ros_ws/src/Rescue_Car_ws/install/visualization_msgs/local/lib/python3.10/dist-packages/visualization_msgs/srv/__init__.py'...
[13.633s] Compiling '/root/ros_ws/src/Rescue_Car_ws/install/visualization_msgs/local/lib/python3.10/dist-packages/visualization_msgs/srv/_get_interactive_markers.py'...
[13.637s] -- Installing: /root/ros_ws/src/Rescue_Car_ws/install/visualization_msgs/local/lib/python3.10/dist-packages/visualization_msgs/visualization_msgs_s__rosidl_typesupport_fastrtps_c.cpython-310-x86_64-linux-gnu.so
[13.637s] -- Set runtime path of "/root/ros_ws/src/Rescue_Car_ws/install/visualization_msgs/local/lib/python3.10/dist-packages/visualization_msgs/visualization_msgs_s__rosidl_typesupport_fastrtps_c.cpython-310-x86_64-linux-gnu.so" to ""
[13.637s] -- Installing: /root/ros_ws/src/Rescue_Car_ws/install/visualization_msgs/local/lib/python3.10/dist-packages/visualization_msgs/visualization_msgs_s__rosidl_typesupport_introspection_c.cpython-310-x86_64-linux-gnu.so
[13.637s] -- Set runtime path of "/root/ros_ws/src/Rescue_Car_ws/install/visualization_msgs/local/lib/python3.10/dist-packages/visualization_msgs/visualization_msgs_s__rosidl_typesupport_introspection_c.cpython-310-x86_64-linux-gnu.so" to ""
[13.637s] -- Installing: /root/ros_ws/src/Rescue_Car_ws/install/visualization_msgs/local/lib/python3.10/dist-packages/visualization_msgs/visualization_msgs_s__rosidl_typesupport_c.cpython-310-x86_64-linux-gnu.so
[13.638s] -- Set runtime path of "/root/ros_ws/src/Rescue_Car_ws/install/visualization_msgs/local/lib/python3.10/dist-packages/visualization_msgs/visualization_msgs_s__rosidl_typesupport_c.cpython-310-x86_64-linux-gnu.so" to ""
[13.638s] -- Installing: /root/ros_ws/src/Rescue_Car_ws/install/visualization_msgs/lib/libvisualization_msgs__rosidl_generator_py.so
[13.638s] -- Set runtime path of "/root/ros_ws/src/Rescue_Car_ws/install/visualization_msgs/lib/libvisualization_msgs__rosidl_generator_py.so" to ""
[13.638s] -- Installing: /root/ros_ws/src/Rescue_Car_ws/install/visualization_msgs/share/visualization_msgs/msg/ImageMarker.idl
[13.638s] -- Installing: /root/ros_ws/src/Rescue_Car_ws/install/visualization_msgs/share/visualization_msgs/msg/InteractiveMarker.idl
[13.639s] -- Installing: /root/ros_ws/src/Rescue_Car_ws/install/visualization_msgs/share/visualization_msgs/msg/InteractiveMarkerControl.idl
[13.639s] -- Installing: /root/ros_ws/src/Rescue_Car_ws/install/visualization_msgs/share/visualization_msgs/msg/InteractiveMarkerFeedback.idl
[13.639s] -- Installing: /root/ros_ws/src/Rescue_Car_ws/install/visualization_msgs/share/visualization_msgs/msg/InteractiveMarkerInit.idl
[13.639s] -- Installing: /root/ros_ws/src/Rescue_Car_ws/install/visualization_msgs/share/visualization_msgs/msg/InteractiveMarkerPose.idl
[13.639s] -- Installing: /root/ros_ws/src/Rescue_Car_ws/install/visualization_msgs/share/visualization_msgs/msg/InteractiveMarkerUpdate.idl
[13.639s] -- Installing: /root/ros_ws/src/Rescue_Car_ws/install/visualization_msgs/share/visualization_msgs/msg/Marker.idl
[13.639s] -- Installing: /root/ros_ws/src/Rescue_Car_ws/install/visualization_msgs/share/visualization_msgs/msg/MarkerArray.idl
[13.639s] -- Installing: /root/ros_ws/src/Rescue_Car_ws/install/visualization_msgs/share/visualization_msgs/msg/MenuEntry.idl
[13.639s] -- Installing: /root/ros_ws/src/Rescue_Car_ws/install/visualization_msgs/share/visualization_msgs/msg/MeshFile.idl
[13.640s] -- Installing: /root/ros_ws/src/Rescue_Car_ws/install/visualization_msgs/share/visualization_msgs/msg/UVCoordinate.idl
[13.640s] -- Installing: /root/ros_ws/src/Rescue_Car_ws/install/visualization_msgs/share/visualization_msgs/srv/GetInteractiveMarkers.idl
[13.640s] -- Installing: /root/ros_ws/src/Rescue_Car_ws/install/visualization_msgs/share/visualization_msgs/msg/ImageMarker.msg
[13.640s] -- Installing: /root/ros_ws/src/Rescue_Car_ws/install/visualization_msgs/share/visualization_msgs/msg/InteractiveMarker.msg
[13.640s] -- Installing: /root/ros_ws/src/Rescue_Car_ws/install/visualization_msgs/share/visualization_msgs/msg/InteractiveMarkerControl.msg
[13.640s] -- Installing: /root/ros_ws/src/Rescue_Car_ws/install/visualization_msgs/share/visualization_msgs/msg/InteractiveMarkerFeedback.msg
[13.640s] -- Installing: /root/ros_ws/src/Rescue_Car_ws/install/visualization_msgs/share/visualization_msgs/msg/InteractiveMarkerInit.msg
[13.640s] -- Installing: /root/ros_ws/src/Rescue_Car_ws/install/visualization_msgs/share/visualization_msgs/msg/InteractiveMarkerPose.msg
[13.641s] -- Installing: /root/ros_ws/src/Rescue_Car_ws/install/visualization_msgs/share/visualization_msgs/msg/InteractiveMarkerUpdate.msg
[13.641s] -- Installing: /root/ros_ws/src/Rescue_Car_ws/install/visualization_msgs/share/visualization_msgs/msg/Marker.msg
[13.641s] -- Installing: /root/ros_ws/src/Rescue_Car_ws/install/visualization_msgs/share/visualization_msgs/msg/MarkerArray.msg
[13.641s] -- Installing: /root/ros_ws/src/Rescue_Car_ws/install/visualization_msgs/share/visualization_msgs/msg/MenuEntry.msg
[13.641s] -- Installing: /root/ros_ws/src/Rescue_Car_ws/install/visualization_msgs/share/visualization_msgs/msg/MeshFile.msg
[13.641s] -- Installing: /root/ros_ws/src/Rescue_Car_ws/install/visualization_msgs/share/visualization_msgs/msg/UVCoordinate.msg
[13.641s] -- Installing: /root/ros_ws/src/Rescue_Car_ws/install/visualization_msgs/share/visualization_msgs/srv/GetInteractiveMarkers.srv
[13.641s] -- Installing: /root/ros_ws/src/Rescue_Car_ws/install/visualization_msgs/share/visualization_msgs/srv/GetInteractiveMarkers_Request.msg
[13.641s] -- Installing: /root/ros_ws/src/Rescue_Car_ws/install/visualization_msgs/share/visualization_msgs/srv/GetInteractiveMarkers_Response.msg
[13.642s] -- Installing: /root/ros_ws/src/Rescue_Car_ws/install/visualization_msgs/share/ament_index/resource_index/package_run_dependencies/visualization_msgs
[13.642s] -- Installing: /root/ros_ws/src/Rescue_Car_ws/install/visualization_msgs/share/ament_index/resource_index/parent_prefix_path/visualization_msgs
[13.642s] -- Installing: /root/ros_ws/src/Rescue_Car_ws/install/visualization_msgs/share/visualization_msgs/environment/ament_prefix_path.sh
[13.642s] -- Installing: /root/ros_ws/src/Rescue_Car_ws/install/visualization_msgs/share/visualization_msgs/environment/ament_prefix_path.dsv
[13.642s] -- Installing: /root/ros_ws/src/Rescue_Car_ws/install/visualization_msgs/share/visualization_msgs/environment/path.sh
[13.642s] -- Installing: /root/ros_ws/src/Rescue_Car_ws/install/visualization_msgs/share/visualization_msgs/environment/path.dsv
[13.642s] -- Installing: /root/ros_ws/src/Rescue_Car_ws/install/visualization_msgs/share/visualization_msgs/local_setup.bash
[13.642s] -- Installing: /root/ros_ws/src/Rescue_Car_ws/install/visualization_msgs/share/visualization_msgs/local_setup.sh
[13.643s] -- Installing: /root/ros_ws/src/Rescue_Car_ws/install/visualization_msgs/share/visualization_msgs/local_setup.zsh
[13.643s] -- Installing: /root/ros_ws/src/Rescue_Car_ws/install/visualization_msgs/share/visualization_msgs/local_setup.dsv
[13.643s] -- Installing: /root/ros_ws/src/Rescue_Car_ws/install/visualization_msgs/share/visualization_msgs/package.dsv
[13.643s] -- Installing: /root/ros_ws/src/Rescue_Car_ws/install/visualization_msgs/share/ament_index/resource_index/packages/visualization_msgs
[13.643s] -- Installing: /root/ros_ws/src/Rescue_Car_ws/install/visualization_msgs/share/visualization_msgs/cmake/export_visualization_msgs__rosidl_generator_cExport.cmake
[13.643s] -- Installing: /root/ros_ws/src/Rescue_Car_ws/install/visualization_msgs/share/visualization_msgs/cmake/export_visualization_msgs__rosidl_generator_cExport-noconfig.cmake
[13.643s] -- Installing: /root/ros_ws/src/Rescue_Car_ws/install/visualization_msgs/share/visualization_msgs/cmake/export_visualization_msgs__rosidl_typesupport_fastrtps_cExport.cmake
[13.643s] -- Installing: /root/ros_ws/src/Rescue_Car_ws/install/visualization_msgs/share/visualization_msgs/cmake/export_visualization_msgs__rosidl_typesupport_fastrtps_cExport-noconfig.cmake
[13.643s] -- Installing: /root/ros_ws/src/Rescue_Car_ws/install/visualization_msgs/share/visualization_msgs/cmake/export_visualization_msgs__rosidl_generator_cppExport.cmake
[13.643s] -- Installing: /root/ros_ws/src/Rescue_Car_ws/install/visualization_msgs/share/visualization_msgs/cmake/export_visualization_msgs__rosidl_typesupport_fastrtps_cppExport.cmake
[13.643s] -- Installing: /root/ros_ws/src/Rescue_Car_ws/install/visualization_msgs/share/visualization_msgs/cmake/export_visualization_msgs__rosidl_typesupport_fastrtps_cppExport-noconfig.cmake
[13.644s] -- Installing: /root/ros_ws/src/Rescue_Car_ws/install/visualization_msgs/share/visualization_msgs/cmake/visualization_msgs__rosidl_typesupport_introspection_cExport.cmake
[13.644s] -- Installing: /root/ros_ws/src/Rescue_Car_ws/install/visualization_msgs/share/visualization_msgs/cmake/visualization_msgs__rosidl_typesupport_introspection_cExport-noconfig.cmake
[13.644s] -- Installing: /root/ros_ws/src/Rescue_Car_ws/install/visualization_msgs/share/visualization_msgs/cmake/visualization_msgs__rosidl_typesupport_cExport.cmake
[13.644s] -- Installing: /root/ros_ws/src/Rescue_Car_ws/install/visualization_msgs/share/visualization_msgs/cmake/visualization_msgs__rosidl_typesupport_cExport-noconfig.cmake
[13.644s] -- Installing: /root/ros_ws/src/Rescue_Car_ws/install/visualization_msgs/share/visualization_msgs/cmake/visualization_msgs__rosidl_typesupport_introspection_cppExport.cmake
[13.644s] -- Installing: /root/ros_ws/src/Rescue_Car_ws/install/visualization_msgs/share/visualization_msgs/cmake/visualization_msgs__rosidl_typesupport_introspection_cppExport-noconfig.cmake
[13.644s] -- Installing: /root/ros_ws/src/Rescue_Car_ws/install/visualization_msgs/share/visualization_msgs/cmake/visualization_msgs__rosidl_typesupport_cppExport.cmake
[13.645s] -- Installing: /root/ros_ws/src/Rescue_Car_ws/install/visualization_msgs/share/visualization_msgs/cmake/visualization_msgs__rosidl_typesupport_cppExport-noconfig.cmake
[13.645s] -- Installing: /root/ros_ws/src/Rescue_Car_ws/install/visualization_msgs/share/visualization_msgs/cmake/export_visualization_msgs__rosidl_generator_pyExport.cmake
[13.645s] -- Installing: /root/ros_ws/src/Rescue_Car_ws/install/visualization_msgs/share/visualization_msgs/cmake/export_visualization_msgs__rosidl_generator_pyExport-noconfig.cmake
[13.645s] -- Installing: /root/ros_ws/src/Rescue_Car_ws/install/visualization_msgs/share/visualization_msgs/cmake/rosidl_cmake-extras.cmake
[13.645s] -- Installing: /root/ros_ws/src/Rescue_Car_ws/install/visualization_msgs/share/visualization_msgs/cmake/ament_cmake_export_dependencies-extras.cmake
[13.645s] -- Installing: /root/ros_ws/src/Rescue_Car_ws/install/visualization_msgs/share/visualization_msgs/cmake/ament_cmake_export_include_directories-extras.cmake
[13.645s] -- Installing: /root/ros_ws/src/Rescue_Car_ws/install/visualization_msgs/share/visualization_msgs/cmake/ament_cmake_export_libraries-extras.cmake
[13.645s] -- Installing: /root/ros_ws/src/Rescue_Car_ws/install/visualization_msgs/share/visualization_msgs/cmake/ament_cmake_export_targets-extras.cmake
[13.645s] -- Installing: /root/ros_ws/src/Rescue_Car_ws/install/visualization_msgs/share/visualization_msgs/cmake/rosidl_cmake_export_typesupport_targets-extras.cmake
[13.646s] -- Installing: /root/ros_ws/src/Rescue_Car_ws/install/visualization_msgs/share/visualization_msgs/cmake/rosidl_cmake_export_typesupport_libraries-extras.cmake
[13.646s] -- Installing: /root/ros_ws/src/Rescue_Car_ws/install/visualization_msgs/share/visualization_msgs/cmake/visualization_msgsConfig.cmake
[13.646s] -- Installing: /root/ros_ws/src/Rescue_Car_ws/install/visualization_msgs/share/visualization_msgs/cmake/visualization_msgsConfig-version.cmake
[13.646s] -- Installing: /root/ros_ws/src/Rescue_Car_ws/install/visualization_msgs/share/visualization_msgs/package.xml
[13.650s] Invoked command in '/root/ros_ws/src/Rescue_Car_ws/build/visualization_msgs' returned '0': AMENT_PREFIX_PATH=/root/ros_ws/src/Rescue_Car_ws/install/sensor_msgs:/root/ros_ws/src/Rescue_Car_ws/install/geometry_msgs:/root/ros_ws/src/Rescue_Car_ws/install/std_msgs:/root/ros_ws/src/Rescue_Car_ws/install/builtin_interfaces:${AMENT_PREFIX_PATH} CMAKE_PREFIX_PATH=/root/ros_ws/src/Rescue_Car_ws/install/sensor_msgs:/root/ros_ws/src/Rescue_Car_ws/install/geometry_msgs:/root/ros_ws/src/Rescue_Car_ws/install/std_msgs:/root/ros_ws/src/Rescue_Car_ws/install/builtin_interfaces:/opt/ros/humble LD_LIBRARY_PATH=/root/ros_ws/src/Rescue_Car_ws/install/sensor_msgs/lib:/root/ros_ws/src/Rescue_Car_ws/install/geometry_msgs/lib:/root/ros_ws/src/Rescue_Car_ws/install/std_msgs/lib:/root/ros_ws/src/Rescue_Car_ws/install/builtin_interfaces/lib:${LD_LIBRARY_PATH} PYTHONPATH=/root/ros_ws/src/Rescue_Car_ws/install/sensor_msgs/local/lib/python3.10/dist-packages:/root/ros_ws/src/Rescue_Car_ws/install/geometry_msgs/local/lib/python3.10/dist-packages:/root/ros_ws/src/Rescue_Car_ws/install/std_msgs/local/lib/python3.10/dist-packages:/root/ros_ws/src/Rescue_Car_ws/install/builtin_interfaces/local/lib/python3.10/dist-packages:${PYTHONPATH} /usr/bin/cmake --install /root/ros_ws/src/Rescue_Car_ws/build/visualization_msgs
